date,price_eur_mwh,temp_mean_c,temp_max_c,temp_min_c,precip_mm,wind_speed_ms,wind_gust_ms,sunshine_hours,pressure_max_hpa,pressure_min_hpa,humidity_mean_pct,regime
2015-01-01,46.7,4.2,11.7,-3.3,0.0,1.1,6.1,7.4,1001.5,996.5,69.0,normal
2015-01-02,54.32,5.0,13.3,-3.3,0.0,1.4,6.9,7.2,1003.3,1000.5,60.0,normal
2015-01-03,53.77,6.2,13.8,-1.4,0.0,1.9,6.4,7.3,1001.8,997.1,62.0,normal
2015-01-04,45.76,5.4,12.7,-1.8,0.0,0.8,8.1,7.4,998.5,995.9,78.0,normal
2015-01-05,59.78,6.0,13.9,-1.9,0.0,0.6,4.2,6.3,997.8,991.8,80.0,normal
2015-01-06,53.42,4.3,9.4,-0.8,0.0,1.1,5.8,5.2,994.7,989.9,88.0,normal
2015-01-07,64.4,4.7,9.8,-0.4,0.0,1.1,5.6,2.8,999.1,994.7,87.0,normal
2015-01-08,65.72,3.6,7.2,0.1,0.0,1.9,8.3,3.5,1006.4,999.0,93.0,normal
2015-01-09,63.6,4.2,8.8,-0.4,0.0,1.7,5.8,6.7,1007.3,1002.9,87.0,normal
2015-01-10,56.75,7.2,15.0,-0.6,0.0,1.1,8.6,7.7,1002.9,992.9,79.0,normal
2015-01-11,46.52,4.2,8.3,0.2,0.0,1.4,5.0,4.5,1000.4,991.6,90.0,normal
2015-01-12,58.2,6.2,12.6,-0.2,0.0,1.1,4.4,4.3,1000.7,994.8,88.0,normal
2015-01-13,56.88,7.9,15.8,0.0,0.0,0.8,6.7,7.4,994.8,987.7,70.0,normal
2015-01-14,61.5,8.2,15.1,1.2,0.0,1.4,8.1,7.7,992.5,988.7,73.0,normal
2015-01-15,47.66,7.8,16.8,-1.3,0.0,1.1,6.1,6.7,989.7,977.7,78.0,normal
2015-01-16,52.64,5.7,9.9,1.5,2.4,1.4,9.2,0.8,980.8,974.1,86.0,normal
2015-01-17,46.61,3.2,7.6,-1.3,0.0,1.1,8.1,4.8,987.4,980.8,85.0,normal
2015-01-18,42.8,2.6,7.9,-2.8,3.2,0.8,5.8,2.8,986.5,975.4,83.0,normal
2015-01-19,52.17,4.6,6.2,3.0,8.2,1.7,6.1,0.0,976.2,973.2,95.0,normal
2015-01-20,60.57,4.4,6.7,2.2,0.2,1.9,6.4,0.6,975.9,973.2,85.0,normal
2015-01-21,52.12,2.3,5.9,-1.3,0.0,1.4,5.8,2.4,974.5,970.8,83.0,normal
2015-01-22,50.64,3.1,9.4,-3.2,0.0,1.1,8.1,7.7,979.9,972.7,79.0,normal
2015-01-23,53.65,3.7,10.5,-3.1,0.0,1.9,11.7,8.0,985.1,979.5,62.0,normal
2015-01-24,46.94,3.4,8.9,-2.1,0.0,3.1,11.9,7.8,987.7,983.2,61.0,normal
2015-01-25,40.69,9.6,15.1,4.2,0.0,3.3,18.9,8.1,989.0,983.0,15.0,normal
2015-01-26,57.59,4.2,10.5,-2.0,0.0,1.7,6.7,6.8,992.5,988.8,58.0,normal
2015-01-27,55.58,4.4,9.0,-0.1,0.0,1.9,8.1,1.1,991.7,984.4,83.0,normal
2015-01-28,57.45,5.2,11.7,-1.4,0.0,1.4,6.7,7.6,988.2,982.1,72.0,normal
2015-01-29,44.35,6.9,13.4,0.4,0.0,2.8,17.2,7.6,982.3,959.5,63.0,normal
2015-01-30,33.56,9.7,12.8,6.6,0.0,3.9,18.1,0.3,960.0,954.4,58.0,normal
2015-01-31,17.18,7.2,11.7,2.8,0.8,4.4,14.7,5.0,964.8,951.8,67.0,collapse
2015-02-01,16.53,5.7,9.8,1.6,0.0,4.2,12.5,6.2,975.2,964.1,59.0,collapse
2015-02-02,48.26,1.4,6.2,-3.3,0.4,1.4,5.0,0.6,976.4,967.4,83.0,normal
2015-02-03,43.39,4.4,7.9,0.9,5.6,1.7,7.8,,967.4,962.1,84.0,normal
2015-02-04,39.52,2.2,4.1,0.2,8.4,1.7,9.2,0.2,965.0,962.5,85.0,normal
2015-02-05,42.65,3.7,9.4,-2.0,0.0,2.8,11.1,7.2,970.9,964.0,37.0,normal
2015-02-06,46.12,0.0,5.2,-5.2,0.0,2.5,8.9,8.3,979.0,970.7,57.0,normal
2015-02-07,53.09,3.7,10.1,-2.7,0.0,1.9,5.8,8.3,987.9,979.0,60.0,normal
2015-02-08,40.22,2.8,7.9,-2.2,0.0,2.2,10.0,8.9,987.9,981.9,71.0,normal
2015-02-09,51.6,4.2,11.9,-3.6,0.0,1.4,7.2,9.0,993.2,986.9,62.0,normal
2015-02-10,60.21,6.8,16.9,-3.4,0.0,0.8,4.4,9.1,992.3,987.2,56.0,normal
2015-02-11,63.7,5.0,13.6,-3.5,0.0,1.1,5.8,5.1,990.6,986.1,55.0,normal
2015-02-12,65.34,,,,,0.8,,,,,61.0,normal
2015-02-13,51.47,8.6,14.9,2.2,0.0,1.4,9.7,8.8,987.1,982.5,61.0,normal
2015-02-14,39.02,7.2,13.4,1.1,0.0,1.9,14.2,2.3,982.5,975.8,68.0,normal
2015-02-15,28.9,8.4,13.7,3.0,0.0,1.4,7.5,3.8,978.3,973.4,74.0,normal
2015-02-16,51.23,7.2,15.2,-0.7,0.0,1.1,8.6,7.1,984.1,978.3,56.0,normal
2015-02-17,39.83,7.6,11.8,3.4,0.0,0.8,5.3,0.5,995.8,984.0,67.0,normal
2015-02-18,45.82,8.3,14.9,1.7,0.0,1.1,6.7,8.3,999.0,994.8,61.0,normal
2015-02-19,56.27,6.8,14.9,-1.4,0.0,1.7,8.3,9.2,998.9,993.1,65.0,normal
2015-02-20,52.01,7.6,14.2,0.9,0.0,1.9,8.3,6.6,993.2,979.0,67.0,normal
2015-02-21,35.4,7.0,11.0,2.9,0.0,1.4,7.2,1.2,979.0,967.1,77.0,normal
2015-02-22,16.35,7.4,14.1,0.6,0.0,2.2,11.9,9.6,977.5,970.1,36.0,collapse
2015-02-23,29.65,9.2,18.2,0.2,1.4,3.9,13.6,7.3,977.5,971.9,56.0,normal
2015-02-24,26.18,8.2,12.5,4.0,0.0,4.2,15.3,8.8,984.4,974.3,49.0,normal
2015-02-25,34.02,10.5,17.7,3.3,0.0,2.8,12.8,8.4,984.2,979.9,35.0,normal
2015-02-26,40.5,8.8,16.4,1.3,0.0,1.9,9.7,2.6,985.0,981.3,68.0,normal
2015-02-27,39.64,9.2,15.9,2.4,0.0,2.5,11.4,8.5,985.7,977.9,58.0,normal
2015-02-28,34.99,6.2,14.4,-2.1,0.0,1.9,9.4,8.7,987.6,983.8,52.0,normal
2015-03-01,25.8,13.0,19.5,6.4,0.0,1.4,8.3,8.5,987.5,983.9,56.0,normal
2015-03-02,42.73,15.2,21.4,9.1,0.0,3.6,12.2,7.0,989.4,984.0,61.0,normal
2015-03-03,54.6,12.7,18.2,7.2,0.0,2.2,10.3,8.2,991.3,988.2,70.0,normal
2015-03-04,35.16,8.0,12.7,3.3,2.2,2.2,10.3,2.9,994.4,988.3,61.0,normal
2015-03-05,26.5,10.8,18.5,3.1,0.0,3.1,18.1,10.4,993.9,989.3,14.0,normal
2015-03-06,47.91,8.2,17.9,-1.6,0.0,1.7,8.1,10.4,998.3,993.9,50.0,normal
2015-03-07,45.49,10.4,20.7,0.0,0.0,1.1,9.7,9.2,996.5,990.3,59.0,normal
2015-03-08,37.6,9.8,18.3,1.4,0.0,1.9,8.3,9.5,991.5,987.9,56.0,normal
2015-03-09,46.28,11.8,19.6,3.9,0.0,1.9,7.5,9.0,991.0,987.6,50.0,normal
2015-03-10,53.5,13.0,20.6,5.3,0.0,2.5,8.3,10.3,992.2,988.4,53.0,normal
2015-03-11,48.5,14.0,23.9,4.0,0.0,1.1,6.1,8.4,990.7,986.4,52.0,normal
2015-03-12,46.6,12.2,20.2,4.2,0.0,3.1,10.0,9.9,988.1,983.6,63.0,normal
2015-03-13,41.82,11.6,17.8,5.3,0.0,1.7,10.0,5.7,987.7,984.0,64.0,normal
2015-03-17,46.59,8.9,16.9,0.9,0.0,2.2,8.6,7.5,988.2,984.5,65.0,normal
2015-03-18,46.7,11.0,16.6,5.3,0.0,2.8,10.0,2.6,987.2,984.2,65.0,normal
2015-03-19,38.56,12.9,19.5,6.3,0.0,1.9,8.6,,986.2,982.7,57.0,normal
2015-03-20,39.11,13.4,18.8,8.0,2.6,2.5,10.8,3.3,983.6,978.3,51.0,normal
2015-03-21,43.31,11.9,14.6,9.2,10.8,2.2,10.3,,978.3,974.9,88.0,normal
2015-03-22,40.53,11.9,16.5,7.3,5.6,1.9,9.7,4.5,980.0,974.5,82.0,normal
2015-03-23,53.39,12.0,16.2,7.7,1.2,1.9,6.4,1.0,979.8,974.1,69.0,normal
2015-03-24,45.91,11.5,14.0,9.0,2.0,,,0.4,974.1,969.5,79.0,normal
2015-03-25,42.55,10.2,15.9,4.4,0.0,,,5.1,974.0,966.7,65.0,normal
2015-03-26,45.08,7.8,15.8,-0.1,0.0,,,11.0,981.1,974.0,49.0,normal
2015-03-27,45.82,14.2,21.4,6.9,0.0,,,10.4,987.1,981.1,54.0,normal
2015-03-28,44.07,17.0,22.8,11.3,0.0,,,8.9,989.4,985.8,50.0,normal
2015-03-29,30.97,14.1,18.9,9.3,0.0,,,2.8,988.5,985.0,59.0,normal
2015-03-30,41.71,16.4,24.1,8.6,0.0,,,5.7,989.2,984.0,53.0,normal
2015-03-31,43.5,17.2,25.7,8.8,0.0,,,11.2,989.7,985.4,53.0,normal
2015-04-01,29.87,13.4,20.9,5.8,0.0,,,10.1,992.5,988.9,60.0,normal
2015-04-02,37.72,13.6,22.2,5.0,0.0,,,11.0,992.1,986.4,57.0,normal
2015-04-03,35.82,12.2,20.8,3.7,0.0,,,10.0,988.3,980.9,66.0,normal
2015-04-04,25.37,13.6,19.3,8.0,0.0,,,9.0,981.4,976.9,62.0,normal
2015-04-05,23.62,12.1,18.9,5.3,0.0,,,8.6,982.7,976.1,65.0,normal
2015-04-06,37.58,12.2,18.3,6.0,0.0,,,8.7,990.2,982.7,50.0,normal
2015-04-07,44.51,10.2,17.5,2.9,0.0,,,9.3,997.5,990.0,54.0,normal
2015-04-08,41.47,9.6,19.4,-0.1,0.0,,,11.6,997.3,992.1,47.0,normal
2015-04-09,51.32,10.1,20.2,0.0,0.0,,,11.1,994.7,991.0,49.0,normal
2015-04-10,56.1,11.4,19.5,3.3,0.0,,,11.1,993.4,988.3,45.0,normal
2015-04-11,49.83,13.6,21.8,5.3,0.0,,,7.9,993.9,989.1,58.0,normal
2015-04-12,33.26,15.2,23.1,7.3,0.0,,,11.2,995.3,992.5,48.0,normal
2015-04-13,47.15,15.2,25.4,5.0,0.0,,,11.6,996.4,992.7,46.0,normal
2015-04-14,43.01,16.0,26.4,5.6,0.0,,,11.2,994.5,988.8,40.0,normal
2015-04-15,48.95,13.8,23.7,3.9,0.0,,,7.0,989.9,982.9,35.0,normal
2015-04-16,50.91,15.4,21.4,9.5,6.8,,,4.2,983.7,979.0,74.0,normal
2015-04-17,56.3,15.5,23.5,7.5,0.0,,,9.4,984.6,981.4,65.0,normal
2015-04-18,48.12,16.0,23.8,8.2,1.8,,,9.7,984.6,977.0,55.0,normal
2015-04-19,40.74,15.4,20.5,10.2,0.0,,,7.8,985.3,976.7,67.0,normal
2015-04-20,55.29,15.0,21.3,8.6,0.0,,,9.8,989.4,985.0,65.0,normal
2015-04-21,48.42,16.3,24.4,8.2,0.0,,,9.9,991.2,988.3,57.0,normal
2015-04-22,49.49,15.2,21.7,8.8,0.0,,,4.5,990.8,984.4,53.0,normal
2015-04-23,61.63,15.9,25.0,6.8,0.0,,,9.7,986.0,981.1,50.0,normal
2015-04-24,56.22,16.7,26.2,7.2,0.4,,,9.2,984.2,978.7,57.0,normal
2015-04-25,44.27,18.6,23.7,13.6,0.0,,,4.5,981.1,976.8,68.0,normal
2015-04-26,31.6,16.2,20.6,11.8,10.0,,,2.9,977.9,969.8,82.0,normal
2015-04-27,43.02,16.0,21.3,10.6,1.4,,,3.3,977.3,968.6,65.0,normal
2015-04-28,55.52,14.3,22.4,6.2,0.0,,,11.0,985.5,977.3,51.0,normal
2015-04-29,59.27,14.0,20.9,7.0,0.0,,,4.5,987.2,982.3,58.0,normal
2015-04-30,53.77,15.4,22.5,8.2,0.0,,,8.2,987.2,982.5,59.0,normal
2015-05-01,38.81,17.1,24.9,9.3,0.0,,,5.7,983.1,977.2,55.0,normal
2015-05-02,40.39,20.9,28.7,13.1,0.0,,,7.8,981.8,977.0,53.0,normal
2015-05-03,38.41,22.8,31.7,13.8,0.0,,,9.5,978.1,975.0,44.0,normal
2015-05-04,44.89,22.8,28.6,17.0,0.0,,,4.2,977.6,972.8,52.0,normal
2015-05-05,44.33,20.6,27.4,13.8,0.0,,,5.3,980.4,972.6,50.0,normal
2015-05-06,59.78,18.6,27.4,9.9,0.0,,,12.4,986.8,980.2,50.0,normal
2015-05-07,49.46,17.0,25.1,8.9,0.0,,,11.7,987.4,982.3,54.0,normal
2015-05-08,38.35,19.0,28.5,9.4,0.0,,,12.4,988.1,980.7,43.0,normal
2015-05-09,52.8,20.6,29.9,11.2,0.0,,,12.7,991.2,987.3,45.0,normal
2015-05-10,42.1,21.3,30.6,12.0,0.0,,,11.9,992.0,987.1,45.0,normal
2015-05-11,52.39,20.6,30.5,10.6,0.0,,,12.1,990.0,986.9,38.0,normal
2015-05-12,52.64,19.2,29.6,8.7,0.0,,,12.7,990.6,987.8,35.0,normal
2015-05-13,48.98,22.4,33.1,11.7,0.0,,,11.4,990.5,983.5,42.0,normal
2015-05-14,44.68,25.4,34.5,16.2,0.0,,,5.2,983.5,974.1,31.0,normal
2015-05-15,43.28,18.3,25.7,10.9,0.0,,,12.5,984.6,977.5,26.0,normal
2015-05-16,34.01,19.2,29.3,9.2,0.0,,,12.7,989.5,984.2,29.0,normal
2015-05-17,29.36,19.0,29.0,9.1,0.0,,,12.9,989.6,984.2,38.0,normal
2015-05-18,51.82,19.8,29.3,10.4,0.0,,,12.9,985.8,975.9,41.0,normal
2015-05-19,42.19,14.6,17.9,11.4,7.6,,,0.0,980.7,976.4,81.0,normal
2015-05-20,45.93,15.4,21.5,9.4,1.0,,,6.5,986.8,980.5,60.0,normal
2015-05-21,43.68,16.5,23.8,9.2,0.0,,,10.6,989.5,985.2,35.0,normal
2015-05-22,44.21,15.4,24.8,5.9,0.0,,,11.6,989.6,982.7,34.0,normal
2015-05-23,34.38,16.4,25.4,7.4,0.0,,,8.9,985.0,979.4,40.0,normal
2015-05-24,31.64,17.4,24.2,10.6,0.0,,,6.7,984.2,982.1,39.0,normal
2015-05-25,48.23,18.0,28.1,7.8,0.0,,,6.4,984.1,978.9,45.0,normal
2015-05-26,47.58,19.1,27.5,10.7,0.0,,,13.4,984.4,979.5,48.0,normal
2015-05-27,48.55,18.7,26.5,10.9,0.0,,,13.4,986.4,983.1,48.0,normal
2015-05-28,52.67,19.3,28.5,10.1,0.0,,,13.6,986.6,981.7,48.0,normal
2015-05-29,54.62,19.0,28.2,9.9,0.0,,,12.0,983.6,978.8,39.0,normal
2015-05-30,50.84,18.2,25.5,11.0,0.0,,,13.4,985.3,982.0,41.0,normal
2015-05-31,47.76,20.0,27.5,12.4,0.4,,,10.8,985.1,982.5,52.0,normal
2015-06-01,55.78,21.6,29.1,14.1,0.0,,,12.3,986.2,982.8,43.0,normal
2015-06-02,56.21,21.0,29.8,12.3,0.0,,,12.3,988.1,985.0,42.0,normal
2015-06-03,55.38,23.6,31.4,15.8,0.0,,,6.3,989.0,987.1,37.0,normal
2015-06-04,56.41,23.5,32.5,14.5,0.0,,,13.7,988.9,985.6,30.0,normal
2015-06-05,55.77,22.4,32.7,12.2,0.0,,,13.7,987.9,984.2,25.0,normal
2015-06-06,48.44,22.0,31.1,12.8,0.0,,,13.7,988.4,986.4,30.0,normal
2015-06-07,46.16,23.6,32.9,14.3,0.0,,,8.9,989.2,985.5,41.0,normal
2015-06-08,55.87,22.6,31.1,14.2,3.0,,,7.1,986.9,982.4,55.0,normal
2015-06-09,57.19,22.9,29.3,16.5,1.8,,,4.8,983.0,980.1,67.0,normal
2015-06-10,57.1,22.6,29.1,16.0,0.0,,,5.3,983.3,980.4,56.0,normal
2015-06-11,60.77,22.8,30.8,14.8,2.2,,,6.2,982.6,976.1,60.0,normal
2015-06-12,58.21,21.4,27.9,14.8,0.0,,,7.5,979.1,974.3,58.0,normal
2015-06-13,56.37,22.1,27.3,16.9,1.2,,,7.2,979.1,974.7,62.0,normal
2015-06-14,50.87,20.4,26.3,14.5,0.2,,,8.4,979.9,975.7,52.0,normal
2015-06-15,55.8,19.6,24.1,15.0,0.6,,,5.9,984.8,979.6,62.0,normal
2015-06-16,53.52,19.8,25.4,14.1,5.0,1.1,8.9,4.1,986.5,983.5,84.0,normal
2015-06-17,48.55,21.0,29.2,12.9,0.0,2.2,8.3,10.8,987.4,983.7,50.0,normal
2015-06-18,45.69,22.4,31.0,13.8,0.0,2.5,8.3,13.8,987.3,982.3,42.0,normal
2015-06-19,48.48,22.0,29.6,14.5,0.0,3.1,9.7,13.0,984.1,980.7,50.0,normal
2015-06-20,46.13,23.8,31.8,15.7,0.0,1.9,10.8,13.2,985.6,982.4,39.0,normal
2015-06-21,47.35,22.8,30.6,15.1,0.0,3.6,9.2,13.8,986.1,982.9,43.0,normal
2015-06-22,60.77,23.6,31.7,15.4,0.0,3.3,10.3,13.5,984.6,978.2,47.0,normal
2015-06-23,58.54,22.4,27.7,17.2,3.2,1.7,7.5,3.8,982.7,978.2,54.0,normal
2015-06-24,59.46,22.0,29.3,14.7,0.0,2.5,11.1,12.0,987.6,981.8,59.0,normal
2015-06-25,60.94,23.6,31.6,15.5,0.0,2.8,9.7,13.5,988.4,986.0,47.0,normal
2015-06-26,62.51,25.6,35.3,15.8,0.0,2.2,11.1,13.8,988.1,984.1,44.0,normal
2015-06-27,56.04,27.0,36.3,17.8,0.0,2.8,10.0,12.9,986.7,982.6,47.0,normal
2015-06-28,49.56,25.6,32.8,18.3,0.0,3.6,10.6,13.8,986.8,983.2,47.0,normal
2015-06-29,58.98,26.6,35.3,17.9,0.0,2.8,8.3,13.8,987.3,984.6,40.0,normal
2015-06-30,59.02,27.2,36.0,18.5,0.0,2.8,9.2,13.8,986.3,982.3,30.0,normal
2015-07-01,59.47,26.2,35.5,16.9,0.0,3.3,8.6,13.4,985.9,982.9,31.0,normal
2015-07-02,63.98,25.6,32.8,18.3,0.0,2.5,8.1,4.2,990.0,985.2,30.0,normal
2015-07-03,60.18,27.2,36.0,18.4,0.0,2.8,9.4,12.3,990.5,987.8,32.0,normal
2015-07-04,56.61,28.3,38.3,18.3,0.0,1.9,9.4,11.7,990.2,985.9,27.0,normal
2015-07-05,50.3,29.4,40.3,18.6,0.0,3.1,9.7,12.6,986.7,982.8,25.0,normal
2015-07-06,59.48,28.6,38.5,18.6,0.0,2.8,9.4,13.5,986.9,982.7,26.0,normal
2015-07-07,61.06,29.9,40.2,19.6,0.0,2.5,10.3,13.1,984.1,978.7,29.0,normal
2015-07-08,59.26,28.3,34.3,22.3,0.0,3.1,10.6,12.7,983.5,979.9,47.0,normal
2015-07-09,59.73,26.3,34.5,18.1,0.0,2.2,8.6,13.4,985.0,980.8,32.0,normal
2015-07-10,62.95,25.8,34.2,17.4,0.0,3.1,9.4,13.7,984.8,980.7,41.0,normal
2015-07-11,55.93,25.8,32.3,19.4,0.0,2.8,9.2,13.5,987.0,983.9,54.0,normal
2015-07-12,52.43,27.9,34.9,20.9,0.0,2.2,11.7,10.6,986.4,982.6,53.0,normal
2015-07-13,62.51,28.0,35.5,20.4,0.0,3.3,10.8,13.6,985.8,983.0,48.0,normal
2015-07-14,60.42,27.1,34.4,19.8,0.0,3.1,10.6,13.2,985.6,982.9,43.0,normal
2015-07-15,61.59,27.6,35.3,19.9,0.0,2.8,11.1,13.0,984.7,981.5,35.0,normal
2015-07-16,64.25,27.5,35.8,19.2,0.0,2.5,10.3,11.7,984.1,981.0,34.0,normal
2015-07-17,63.49,28.0,36.2,19.9,0.0,2.8,10.3,11.0,985.2,982.5,39.0,normal
2015-07-18,61.93,28.7,36.6,20.8,0.0,2.5,14.7,10.8,985.3,979.7,41.0,normal
2015-07-19,56.23,26.8,34.8,18.7,0.0,3.3,10.6,10.6,982.6,979.9,44.0,normal
2015-07-20,63.87,28.0,35.1,20.8,0.0,2.8,9.7,8.3,983.3,979.9,60.0,normal
2015-07-21,65.25,28.6,35.6,21.5,0.2,2.8,10.3,10.1,982.8,979.6,50.0,normal
2015-07-22,64.03,28.9,36.7,21.1,0.0,2.2,11.7,10.8,983.9,979.3,48.0,normal
2015-07-23,64.5,26.6,34.2,19.1,0.0,2.5,8.3,9.6,983.5,977.5,48.0,normal
2015-07-24,59.71,28.2,35.0,21.5,0.0,3.1,10.0,9.3,979.0,973.2,57.0,normal
2015-07-25,51.58,25.9,30.7,21.1,0.0,2.8,10.8,5.7,983.6,978.0,53.0,normal
2015-07-26,49.39,25.8,34.2,17.4,0.0,3.1,10.0,10.8,983.4,977.6,39.0,normal
2015-07-27,60.65,25.4,30.6,20.2,0.0,3.6,11.9,8.6,981.5,978.2,60.0,normal
2015-07-28,62.74,26.1,31.2,21.0,0.0,3.9,11.7,9.9,981.6,977.8,52.0,normal
2015-07-29,60.47,28.2,33.4,22.9,0.2,3.1,9.4,7.2,980.4,975.6,64.0,normal
2015-07-30,56.33,24.4,28.7,20.2,0.2,3.3,12.8,3.9,980.7,977.4,61.0,normal
2015-07-31,55.64,22.4,28.0,16.9,22.6,2.5,15.0,1.9,980.7,975.8,56.0,normal
2015-08-01,53.47,22.0,27.5,16.6,0.0,1.4,8.1,5.5,984.6,977.0,65.0,normal
2015-08-02,45.79,24.0,31.6,16.5,0.0,2.5,8.9,12.3,984.6,981.1,59.0,normal
2015-08-03,61.34,27.2,35.4,19.1,0.0,2.5,10.8,9.0,984.4,981.1,60.0,normal
2015-08-04,61.71,28.0,33.7,22.3,0.0,3.3,9.7,11.2,983.9,980.5,47.0,normal
2015-08-05,61.44,27.2,35.0,19.3,0.0,2.5,8.9,11.6,982.8,979.4,45.0,normal
2015-08-06,62.49,26.6,34.9,18.2,0.0,2.5,9.2,12.2,983.0,979.6,39.0,normal
2015-08-07,62.83,29.0,37.5,20.5,0.0,3.1,10.8,11.9,984.3,979.6,49.0,normal
2015-08-08,54.93,24.2,30.0,18.4,3.4,1.4,10.3,0.2,987.0,983.2,76.0,normal
2015-08-09,46.46,22.7,28.2,17.2,0.0,3.3,,,986.7,983.1,49.0,normal
2015-08-10,60.28,24.4,32.3,16.4,0.0,2.2,10.8,12.4,984.1,979.7,48.0,normal
2015-08-11,62.11,24.6,32.9,16.2,0.0,2.5,9.4,12.0,983.1,979.3,52.0,normal
2015-08-12,59.5,25.8,31.9,19.7,0.0,3.1,8.9,6.9,984.4,981.8,62.0,normal
2015-08-13,52.27,27.8,33.6,22.1,0.0,2.5,12.5,8.0,982.7,977.9,51.0,normal
2015-08-14,55.22,23.4,29.6,17.2,0.0,2.8,10.6,9.2,981.2,978.3,37.0,normal
2015-08-15,49.14,20.0,25.5,14.4,6.4,1.4,8.9,3.1,981.9,978.5,58.0,normal
2015-08-16,52.05,20.3,27.7,12.9,0.0,2.2,8.9,9.8,981.5,977.3,56.0,normal
2015-08-17,60.01,21.6,26.1,17.1,8.4,2.5,10.3,7.5,980.7,978.1,58.0,normal
2015-08-18,55.93,20.0,23.3,16.7,14.8,1.7,7.5,2.6,984.0,979.5,75.0,normal
2015-08-19,57.34,21.7,28.2,15.2,0.0,1.9,6.4,9.5,987.3,983.5,61.0,normal
2015-08-20,57.73,23.0,30.4,15.5,0.0,2.2,8.6,11.3,988.4,985.6,59.0,normal
2015-08-21,61.87,25.4,31.6,19.1,0.0,2.2,11.9,8.7,988.0,983.8,65.0,normal
2015-08-22,53.87,24.5,29.8,19.2,0.0,2.5,9.2,6.0,985.6,978.2,65.0,normal
2015-08-23,32.68,23.7,30.4,17.0,0.0,2.2,9.7,7.2,978.2,972.3,59.0,normal
2015-08-24,53.01,22.4,28.4,16.5,0.0,2.8,12.2,11.4,983.7,973.3,40.0,normal
2015-08-25,60.41,21.9,30.6,13.2,0.0,2.8,8.9,11.3,986.8,983.7,49.0,normal
2015-08-26,54.95,23.2,30.6,15.7,0.0,2.5,8.9,9.9,986.4,980.7,62.0,normal
2015-08-27,51.28,25.2,32.3,18.2,0.0,3.1,10.8,10.5,983.5,980.1,63.0,normal
2015-08-28,60.31,24.8,32.5,17.0,0.0,2.8,10.6,11.4,986.7,983.1,58.0,normal
2015-08-29,52.4,24.6,32.2,16.9,0.0,3.1,9.2,11.3,987.4,984.8,48.0,normal
2015-08-30,46.82,23.8,32.3,15.3,0.0,2.8,8.6,11.1,986.8,983.2,47.0,normal
2015-08-31,63.52,25.7,33.4,18.0,0.0,2.2,10.0,8.9,985.1,977.8,54.0,normal
2015-09-01,57.97,24.6,30.9,18.3,1.8,2.5,9.2,8.8,983.4,980.0,58.0,normal
2015-09-02,58.19,21.5,25.0,18.0,0.2,2.5,8.6,3.0,983.3,980.6,77.0,normal
2015-09-03,54.74,21.0,25.8,16.2,0.2,1.9,7.8,2.3,982.6,979.2,72.0,normal
2015-09-04,54.79,17.6,19.3,15.9,10.2,1.7,6.7,0.0,983.2,981.1,89.0,normal
2015-09-05,51.89,19.2,23.6,14.7,0.0,1.9,7.2,8.9,987.4,982.9,56.0,normal
2015-09-06,51.07,20.0,26.4,13.7,0.0,2.2,8.1,9.2,988.4,985.5,58.0,normal
2015-09-07,59.04,20.3,27.8,12.8,0.0,1.9,9.4,7.9,988.1,984.8,63.0,normal
2015-09-08,61.28,20.5,25.9,15.1,0.0,2.2,7.8,5.7,986.1,982.2,60.0,normal
2015-09-09,60.97,19.7,27.6,11.8,,2.5,8.9,10.5,983.5,980.3,58.0,normal
2015-09-10,59.65,18.2,21.7,14.6,,1.4,6.4,3.6,983.4,981.1,89.0,normal
2015-09-11,55.7,19.6,24.0,15.1,,1.9,5.8,1.1,983.5,981.8,80.0,normal
2015-09-12,51.63,22.8,28.6,17.0,,1.9,7.8,6.1,983.4,978.2,63.0,normal
2015-09-13,35.92,20.8,27.8,13.8,,1.4,10.8,5.8,979.3,973.1,63.0,normal
2015-09-14,49.66,18.7,24.9,12.5,,1.9,8.9,5.3,980.5,975.1,54.0,normal
2015-09-16,34.66,22.2,29.3,15.0,0.0,3.1,11.4,10.5,972.5,968.6,58.0,normal
2015-09-17,48.24,19.8,25.2,14.5,0.0,3.6,11.1,10.4,982.7,969.6,45.0,normal
2015-09-18,53.85,18.0,25.7,10.4,0.0,2.5,8.3,10.2,989.0,982.7,57.0,normal
2015-09-19,47.3,18.7,26.3,11.1,0.0,2.8,9.4,10.5,989.9,986.7,60.0,normal
2015-09-20,46.22,21.0,27.9,14.2,0.0,1.9,7.8,10.1,988.6,984.2,58.0,normal
2015-09-21,54.52,21.0,28.8,13.3,0.0,2.2,7.8,10.6,985.7,979.7,56.0,normal
2015-09-22,48.81,19.6,28.5,10.6,0.2,2.5,8.6,10.6,980.8,976.0,65.0,normal
2015-09-23,49.83,19.6,25.5,13.8,0.0,3.1,9.2,9.4,983.9,977.8,56.0,normal
2015-09-24,52.49,17.3,25.9,8.7,0.0,1.9,7.2,9.1,985.4,982.5,50.0,normal
2015-09-25,52.37,18.5,27.7,9.3,0.0,2.2,9.2,10.2,985.0,981.0,58.0,normal
2015-09-26,50.82,20.1,26.0,14.2,14.6,2.8,10.0,6.7,986.1,982.5,63.0,normal
2015-09-27,46.09,17.4,21.9,13.0,0.0,1.4,4.4,1.5,989.2,985.3,72.0,normal
2015-09-28,51.44,17.6,24.8,10.4,0.0,1.7,7.2,9.9,990.1,986.8,62.0,normal
2015-09-29,54.25,16.0,19.3,12.8,14.6,1.4,7.2,0.7,987.5,984.5,87.0,normal
2015-09-30,56.01,15.2,17.6,12.7,0.8,1.9,8.3,0.2,986.8,983.3,85.0,normal
2015-10-01,57.38,15.4,20.4,10.3,3.8,1.9,7.2,1.2,988.0,985.7,66.0,normal
2015-10-02,57.59,17.2,22.5,11.8,0.0,1.9,5.8,7.9,986.8,981.1,70.0,normal
2015-10-03,50.4,17.4,22.7,12.1,0.0,2.2,7.8,3.3,985.0,980.4,63.0,normal
2015-10-04,37.64,16.4,23.1,9.6,0.0,1.7,5.3,2.7,986.6,982.6,79.0,normal
2015-10-05,41.3,21.3,28.2,14.4,0.0,3.1,14.2,4.7,984.2,976.9,58.0,normal
2015-10-06,44.53,20.3,25.9,14.7,0.0,3.3,15.0,9.9,980.0,975.1,52.0,normal
2015-10-07,58.88,17.2,23.6,10.9,0.0,2.2,8.3,9.7,984.3,980.0,60.0,normal
2015-10-08,56.6,16.1,22.2,10.0,0.0,1.7,6.4,8.8,984.7,981.4,63.0,normal
2015-10-09,56.02,16.0,22.4,9.7,0.0,1.9,8.3,7.5,982.9,977.8,69.0,normal
2015-10-10,48.57,16.1,24.1,8.1,0.0,1.9,4.7,8.9,980.0,974.3,64.0,normal
2015-10-11,47.02,17.0,26.1,7.9,0.0,1.7,7.2,7.6,975.5,972.1,62.0,normal
2015-10-12,47.93,20.0,24.5,15.6,0.0,1.4,8.9,5.8,978.9,974.6,74.0,normal
2015-10-13,50.07,15.7,17.8,13.6,4.6,1.9,7.2,0.0,980.6,977.8,84.0,normal
2015-10-14,49.74,13.5,17.2,9.8,0.0,2.8,7.5,5.9,979.5,976.5,70.0,normal
2015-10-15,54.28,10.8,17.8,3.7,0.0,1.4,6.9,8.1,983.2,979.5,63.0,normal
2015-10-16,58.0,11.6,19.7,3.5,0.0,1.4,6.1,8.4,984.2,980.9,67.0,normal
2015-10-17,45.52,14.4,20.8,7.9,0.0,2.2,6.9,5.6,983.8,979.9,68.0,normal
2015-10-18,49.46,16.4,22.1,10.6,0.0,1.7,5.8,4.5,981.7,977.9,82.0,normal
2015-10-19,54.84,17.5,20.0,15.0,0.0,1.7,6.1,0.0,979.7,977.1,85.0,normal
2015-10-20,47.24,16.0,18.2,13.7,0.0,1.9,6.9,0.0,982.3,979.2,80.0,normal
2015-10-21,48.88,13.3,18.0,8.6,0.0,1.7,7.8,4.8,983.7,981.5,67.0,normal
2015-10-22,51.42,11.7,19.4,4.0,0.0,1.7,9.4,8.9,986.3,983.4,53.0,normal
2015-10-23,56.76,14.4,22.4,6.3,0.0,3.1,7.2,9.0,988.5,984.9,58.0,normal
2015-10-24,50.96,12.9,18.0,7.8,0.0,0.6,2.8,1.0,988.5,985.1,83.0,normal
2015-10-25,44.16,14.8,20.2,9.5,0.0,1.7,5.8,2.7,988.9,985.3,82.0,normal
2015-10-26,49.1,14.6,16.7,12.6,1.8,1.1,3.6,0.2,985.3,980.9,93.0,normal
2015-10-27,47.19,17.2,21.0,13.3,2.2,1.1,8.3,1.9,981.3,977.6,87.0,normal
2015-10-28,42.94,13.6,19.0,8.1,0.0,3.1,11.7,7.7,984.0,977.9,53.0,normal
2015-10-29,50.16,12.3,20.1,4.5,0.0,1.1,5.0,8.8,986.5,982.6,66.0,normal
2015-10-30,46.77,14.0,22.2,5.9,0.0,1.4,6.1,8.8,988.9,985.9,72.0,normal
2015-10-31,45.54,15.4,22.6,8.3,0.0,1.7,6.4,7.8,991.6,987.1,65.0,normal
2015-11-01,32.4,13.8,20.7,7.0,0.0,1.4,6.9,5.0,992.9,990.5,61.0,normal
2015-11-02,44.71,15.0,17.5,12.4,27.6,3.3,13.9,0.0,990.8,982.2,83.0,normal
2015-11-03,47.82,15.8,19.3,12.4,0.0,1.4,6.9,3.8,988.1,983.2,74.0,normal
2015-11-04,50.05,15.0,20.9,9.0,0.0,0.8,6.7,7.5,988.3,985.0,70.0,normal
2015-11-05,49.42,15.4,21.6,9.1,0.2,1.1,5.8,8.7,990.5,986.3,74.0,normal
2015-11-06,53.43,16.1,23.5,8.7,0.0,1.4,3.6,8.6,993.4,990.2,70.0,normal
2015-11-07,50.44,16.1,23.5,8.7,0.0,1.7,6.4,8.6,995.5,991.8,73.0,normal
2015-11-08,40.45,14.8,20.3,9.2,0.2,1.7,9.2,8.2,996.8,994.0,87.0,normal
2015-11-09,58.19,14.8,19.7,9.9,0.0,1.1,5.0,4.4,998.9,996.5,90.0,normal
2015-11-10,59.44,14.6,20.7,8.4,0.2,0.8,3.6,5.4,996.9,992.2,87.0,normal
2015-11-11,59.85,13.8,21.7,5.8,0.0,0.6,2.8,7.6,993.5,989.6,77.0,normal
2015-11-12,60.15,12.8,20.4,5.3,0.0,1.9,6.4,7.8,993.1,989.9,74.0,normal
2015-11-13,55.11,11.8,13.1,10.6,0.2,1.1,3.3,0.0,998.3,993.0,89.0,normal
2015-11-14,50.23,10.6,15.3,5.8,0.0,1.4,6.4,4.1,998.9,994.8,87.0,normal
2015-11-15,48.0,11.9,20.4,3.4,0.0,1.1,2.8,6.7,994.8,988.1,72.0,normal
2015-11-16,56.83,9.8,17.3,2.4,0.0,1.4,4.4,7.6,989.5,986.7,75.0,normal
2015-11-17,56.36,9.4,17.3,1.4,0.0,1.4,5.3,7.8,992.8,988.6,78.0,normal
2015-11-18,58.14,10.4,19.2,1.6,0.0,1.1,5.0,7.1,994.0,990.7,67.0,normal
2015-11-19,58.16,11.2,19.5,2.8,0.0,0.6,5.3,7.8,995.1,992.3,66.0,normal
2015-11-20,49.53,10.5,16.1,4.9,0.0,1.9,10.0,5.6,994.6,979.1,74.0,normal
2015-11-21,28.43,11.0,16.7,5.4,0.2,3.9,13.6,5.1,979.1,968.7,52.0,normal
2015-11-22,38.31,5.3,10.5,0.1,0.0,2.2,9.2,5.2,979.9,974.7,64.0,normal
2015-11-23,58.52,4.0,11.3,-3.2,0.0,1.4,8.3,7.7,988.8,979.7,55.0,normal
2015-11-24,59.62,2.0,9.4,-5.5,0.0,1.7,7.5,7.7,991.1,987.1,59.0,normal
2015-11-25,50.92,7.8,14.5,1.0,0.0,2.8,8.3,4.8,987.1,976.4,66.0,normal
2015-11-26,50.03,9.0,17.2,0.9,0.0,2.2,10.0,7.4,978.9,975.3,71.0,normal
2015-11-27,54.6,8.2,14.6,1.9,0.0,0.8,5.8,5.0,982.5,978.9,75.0,normal
2015-11-28,47.05,7.4,15.3,-0.6,0.0,1.4,4.7,5.6,993.3,982.2,79.0,normal
2015-11-29,49.45,5.6,11.7,-0.4,0.0,1.7,5.8,6.4,1000.5,993.3,71.0,normal
2015-11-30,60.32,6.9,15.6,-1.8,0.0,1.4,4.4,7.5,1001.7,997.0,68.0,normal
2015-12-01,65.36,6.8,15.2,-1.6,0.0,0.6,3.3,7.5,999.8,994.9,73.0,normal
2015-12-02,66.41,6.2,13.8,-1.5,0.0,0.8,3.3,5.6,996.1,993.4,72.0,normal
2015-12-03,61.91,5.4,13.2,-2.3,0.0,0.8,2.5,6.8,997.7,994.4,82.0,normal
2015-12-04,64.23,8.6,14.5,2.8,0.0,1.1,2.8,5.3,1001.0,997.6,74.0,normal
2015-12-05,59.77,8.7,13.8,3.6,0.2,0.3,3.1,3.2,999.9,995.9,85.0,normal
2015-12-06,50.34,7.6,11.5,3.7,0.0,0.3,3.3,0.6,998.3,995.8,89.0,normal
2015-12-07,47.47,9.6,11.5,7.8,0.8,0.6,2.2,0.0,998.0,995.5,93.0,normal
2015-12-08,53.83,12.0,16.6,7.3,0.0,0.8,4.2,3.8,1000.0,995.5,91.0,normal
2015-12-09,60.23,10.5,16.7,4.3,0.0,1.1,5.8,5.4,1002.9,1000.0,87.0,normal
2015-12-10,64.02,7.2,12.0,2.3,0.0,0.8,3.3,4.3,1001.4,998.2,93.0,normal
2015-12-11,62.8,7.7,12.6,2.8,0.0,0.8,4.2,4.5,1001.0,996.7,86.0,normal
2015-12-12,60.48,5.5,11.3,-0.3,0.0,0.8,2.8,5.6,996.9,990.1,83.0,normal
2015-12-13,47.1,6.0,12.5,-0.6,0.0,0.8,3.6,7.1,990.1,985.5,82.0,normal
2015-12-14,52.2,3.8,9.6,-1.9,0.0,1.1,3.3,3.4,990.8,986.7,87.0,normal
2015-12-15,50.24,7.0,14.6,-0.7,0.0,1.1,6.1,6.0,995.1,990.5,81.0,normal
2015-12-16,55.66,9.2,16.0,2.5,0.0,0.8,3.3,6.6,998.3,995.1,83.0,normal
2015-12-17,55.73,10.0,16.3,3.6,0.0,0.8,2.2,5.1,996.4,992.0,78.0,normal
2015-12-18,55.85,8.8,16.2,1.5,0.0,1.1,2.2,7.1,994.8,991.8,78.0,normal
2015-12-19,47.61,8.6,14.9,2.4,0.0,1.7,6.1,7.1,992.8,988.6,80.0,normal
2015-12-20,45.83,8.3,9.3,7.3,0.0,0.8,3.3,0.0,994.1,989.8,99.0,normal
2015-12-21,56.86,7.8,12.3,3.2,0.0,0.8,4.7,0.0,1000.2,993.8,87.0,normal
2015-12-22,55.01,7.0,12.4,1.7,0.0,0.6,3.9,5.5,1000.9,996.5,90.0,normal
2015-12-23,57.07,6.1,10.1,2.1,0.0,1.1,3.6,1.6,999.0,995.7,93.0,normal
2015-12-24,48.42,9.4,15.0,3.7,0.0,0.8,3.3,3.4,996.8,993.5,82.0,normal
2015-12-25,45.33,6.2,12.4,0.1,0.0,0.6,2.5,6.9,1000.3,996.5,90.0,normal
2015-12-26,41.94,6.2,13.6,-1.1,0.0,0.8,1.9,7.1,1000.1,996.4,82.0,normal
2015-12-27,28.47,6.6,14.3,-1.2,0.0,0.6,3.1,7.1,999.5,995.8,80.0,normal
2015-12-28,19.39,7.0,11.3,2.8,0.0,0.8,2.8,2.1,998.0,993.6,87.0,collapse
2015-12-29,47.07,11.1,16.0,6.2,0.0,0.8,6.7,5.3,996.4,992.8,83.0,normal
2015-12-30,40.5,8.7,14.5,2.9,0.0,1.1,6.7,4.6,996.0,988.3,82.0,normal
2015-12-31,47.56,8.4,15.5,1.2,0.0,1.1,5.0,6.8,991.7,988.2,77.0,normal
2016-01-01,27.33,6.9,11.4,2.4,0.2,0.6,3.3,0.5,991.7,982.7,92.0,normal
2016-01-02,30.73,8.0,13.6,2.4,0.0,1.1,12.2,3.5,985.1,980.9,76.0,normal
2016-01-03,18.48,6.6,11.8,1.5,0.2,2.2,8.6,1.0,985.0,971.0,69.0,collapse
2016-01-04,30.46,9.6,11.5,7.7,0.4,1.4,9.7,0.6,971.1,966.0,89.0,normal
2016-01-05,31.77,9.4,12.5,6.2,0.0,3.1,9.2,5.7,972.0,967.1,63.0,normal
2016-01-06,15.88,6.4,11.1,1.6,0.0,1.9,14.2,4.8,976.7,971.7,64.0,collapse
2016-01-07,28.45,11.8,17.0,6.5,0.0,0.8,8.6,4.1,976.6,973.4,64.0,normal
2016-01-08,33.76,14.7,19.4,10.0,0.0,2.8,12.8,5.2,976.2,972.7,55.0,normal
2016-01-09,28.13,12.6,16.2,9.1,0.0,2.2,9.7,4.0,974.2,970.6,68.0,normal
2016-01-10,11.7,11.5,18.1,4.9,0.0,3.3,14.7,5.2,974.1,969.1,54.0,collapse
2016-01-11,25.73,12.2,16.0,8.3,0.0,5.3,16.7,5.9,978.7,967.5,53.0,normal
2016-01-12,35.88,9.0,13.3,4.8,0.0,3.3,11.4,7.7,988.1,978.4,48.0,normal
2016-01-13,40.58,5.5,12.2,-1.2,0.0,0.3,5.3,7.2,993.3,986.4,64.0,normal
2016-01-14,36.93,6.6,11.9,1.2,0.0,2.5,11.7,1.3,986.4,978.3,65.0,normal
2016-01-15,39.25,7.0,10.4,3.6,0.0,2.8,9.7,3.3,988.1,983.1,57.0,normal
2016-01-16,35.13,4.6,10.9,-1.7,0.0,2.8,10.6,7.8,991.9,987.6,26.0,normal
2016-01-17,37.26,1.7,8.6,-5.2,0.0,1.7,5.8,3.9,992.2,985.5,53.0,normal
2016-01-18,42.39,5.4,11.8,-0.9,0.0,1.4,7.2,4.0,985.5,976.9,57.0,normal
2016-01-19,52.02,6.2,10.6,1.7,0.0,0.8,3.9,5.5,984.0,979.8,71.0,normal
2016-01-20,53.07,6.1,13.8,-1.6,0.0,1.1,2.8,7.6,984.7,980.8,67.0,normal
2016-01-21,51.11,6.1,14.3,-2.1,0.0,1.4,4.7,7.9,991.9,984.3,69.0,normal
2016-01-22,47.24,4.6,11.3,-2.2,0.0,1.1,2.8,5.1,997.5,991.7,77.0,normal
2016-01-23,42.46,10.4,18.5,2.4,0.0,1.4,4.4,7.3,1000.7,996.5,66.0,normal
2016-01-24,34.44,8.0,14.6,1.4,0.0,2.5,6.1,7.8,1001.2,997.5,87.0,normal
2016-01-25,45.92,10.6,14.4,6.7,0.0,1.4,3.1,2.7,998.1,995.3,89.0,normal
2016-01-26,49.14,9.2,12.2,6.2,0.0,0.8,4.7,3.6,998.6,995.5,91.0,normal
2016-01-27,43.49,10.1,15.4,4.8,0.0,1.4,3.6,4.4,997.1,991.9,85.0,normal
2016-01-28,47.26,9.1,15.3,2.9,0.0,1.1,7.5,4.5,996.5,991.8,77.0,normal
2016-01-29,45.52,9.4,13.5,5.3,0.0,0.8,3.9,2.3,999.6,996.4,83.0,normal
2016-01-30,38.17,8.6,13.1,4.0,0.0,1.9,8.9,5.9,999.0,994.2,82.0,normal
2016-01-31,32.7,6.6,11.6,1.5,0.0,1.9,5.8,0.4,995.9,992.2,84.0,normal
2016-02-01,44.14,11.0,17.2,4.9,0.0,1.9,7.2,5.0,997.4,994.3,75.0,normal
2016-02-02,42.56,8.8,16.3,1.2,0.0,1.9,6.7,3.7,995.5,990.2,81.0,normal
2016-02-03,33.48,9.8,15.6,4.1,0.0,1.9,7.2,4.6,997.8,990.1,72.0,normal
2016-02-04,34.14,5.6,13.3,-2.1,0.0,1.9,7.2,8.7,1001.5,997.7,49.0,normal
2016-02-05,37.71,8.2,18.9,-2.4,0.0,1.1,5.6,8.6,998.8,989.5,50.0,normal
2016-02-06,27.87,4.8,8.8,0.9,2.0,0.8,3.6,0.4,990.5,979.1,78.0,normal
2016-02-07,16.15,10.4,15.2,5.6,0.0,5.0,12.2,6.2,986.0,972.1,55.0,collapse
2016-02-08,29.72,8.4,16.1,0.6,0.0,3.1,11.1,8.7,988.8,985.4,59.0,normal
2016-02-09,23.81,11.2,16.0,6.5,0.2,4.4,20.0,0.8,985.9,971.2,54.0,normal
2016-02-10,27.54,11.2,14.7,7.7,1.0,3.1,14.2,3.2,977.0,972.5,65.0,normal
2016-02-11,32.18,10.0,12.6,7.3,1.4,1.7,7.2,1.4,976.9,974.4,94.0,normal
2016-02-12,24.24,11.1,15.1,7.1,0.0,3.3,15.8,2.5,976.4,967.8,85.0,normal
2016-02-13,9.19,15.5,20.4,10.6,8.4,2.8,13.6,5.4,969.3,963.0,64.0,collapse
2016-02-14,6.49,11.2,15.1,7.2,0.6,4.2,11.7,7.0,965.1,960.3,57.0,collapse
2016-02-15,18.42,7.9,15.4,0.4,0.0,1.4,11.4,,983.0,965.1,46.0,collapse
2016-02-16,32.01,5.0,13.2,-3.1,0.0,1.7,7.8,9.3,989.3,983.0,42.0,normal
2016-02-17,37.92,4.0,10.3,-2.2,0.0,1.9,8.1,9.3,989.4,982.0,50.0,normal
2016-02-18,36.7,3.6,9.3,-2.1,0.0,0.8,3.9,2.1,987.4,980.8,58.0,normal
2016-02-19,37.73,4.9,12.4,-2.6,0.0,1.4,8.1,9.4,994.6,987.4,60.0,normal
2016-02-20,33.22,6.4,15.7,-2.9,0.0,1.7,6.7,9.5,998.1,994.1,56.0,normal
2016-02-21,23.82,9.1,20.1,-1.9,0.4,1.4,5.8,7.3,997.6,988.9,49.0,normal
2016-02-22,39.14,12.6,17.9,7.3,0.0,2.5,9.4,7.5,989.5,981.2,59.0,normal
2016-02-23,32.89,10.6,17.5,3.7,0.0,2.5,7.2,9.4,987.6,985.2,60.0,normal
2016-02-24,30.42,10.6,18.4,2.7,0.0,1.7,7.2,8.8,986.5,977.0,61.0,normal
2016-02-25,26.92,9.6,17.0,2.3,0.0,1.9,9.7,8.4,979.4,976.0,60.0,normal
2016-02-26,25.46,7.9,13.7,2.1,14.0,1.7,7.5,4.4,979.4,963.7,70.0,normal
2016-02-27,5.79,6.9,8.9,4.9,13.6,1.1,7.5,0.9,963.7,953.3,91.0,collapse
2016-02-28,6.68,8.3,12.9,3.7,1.2,1.4,7.5,3.8,969.2,959.3,70.0,collapse
2016-02-29,21.11,8.8,16.2,1.4,0.0,3.1,13.9,9.1,984.2,968.7,53.0,normal
2016-03-01,29.46,7.0,14.0,0.1,0.0,2.5,11.1,6.7,988.4,984.2,52.0,normal
2016-03-02,23.05,11.6,19.1,4.0,0.0,5.0,17.5,8.8,986.6,976.0,54.0,normal
2016-03-03,25.6,10.7,16.7,4.7,0.0,4.7,13.9,9.5,980.3,975.5,46.0,normal
2016-03-04,19.84,9.7,17.3,2.1,0.0,3.6,12.2,6.4,979.5,964.5,61.0,collapse
2016-03-05,10.68,9.2,13.5,5.0,0.0,5.6,15.8,9.1,971.6,964.2,51.0,collapse
2016-03-06,13.36,7.4,13.8,0.9,0.0,3.3,9.7,6.8,974.2,971.5,47.0,collapse
2016-03-07,25.29,7.9,13.8,2.0,0.0,2.2,6.4,9.8,975.8,969.6,56.0,normal
2016-03-08,29.98,8.4,14.9,1.8,0.0,1.4,9.4,10.4,982.8,975.8,49.0,normal
2016-03-09,21.46,2.8,7.7,-2.1,0.4,0.8,7.2,0.6,982.5,971.4,85.0,normal
2016-03-10,20.5,6.5,15.4,-2.4,0.0,1.9,6.7,10.1,980.7,972.3,49.0,normal
2016-03-11,30.87,7.1,16.1,-1.9,0.0,3.3,8.1,10.5,986.4,980.7,52.0,normal
2016-03-12,28.22,7.7,15.5,-0.1,0.0,2.2,6.7,10.5,987.1,983.9,56.0,normal
2016-03-13,24.05,7.2,14.8,-0.4,0.0,2.2,8.9,9.6,986.6,982.2,60.0,normal
2016-03-14,36.54,8.0,14.0,2.1,3.8,1.7,6.7,2.2,986.4,983.8,80.0,normal
2016-03-15,41.62,8.4,14.4,2.4,0.0,1.7,8.1,4.8,986.5,981.3,70.0,normal
2016-03-16,35.36,8.6,13.4,3.9,12.6,2.2,10.8,1.6,984.6,978.2,77.0,normal
2016-03-17,41.45,8.2,12.9,3.6,0.0,1.9,4.2,3.9,986.1,983.9,68.0,normal
2016-03-18,43.77,8.4,15.1,1.6,0.0,1.9,7.8,5.5,985.7,981.4,69.0,normal
2016-03-19,37.61,9.0,10.6,7.4,13.8,0.3,3.6,0.0,983.4,980.8,96.0,normal
2016-03-20,34.86,12.4,17.3,7.6,0.2,2.2,7.2,6.2,981.3,978.4,78.0,normal
2016-03-21,36.0,11.4,16.6,6.2,2.2,1.7,8.9,7.2,980.6,976.0,80.0,normal
2016-03-22,34.64,10.4,16.5,4.3,0.0,1.7,9.4,5.2,976.1,967.4,67.0,normal
2016-03-23,30.11,11.4,18.4,4.5,0.0,3.1,11.1,10.5,973.6,967.1,47.0,normal
2016-03-24,28.31,10.6,19.6,1.5,0.0,1.9,6.9,11.1,983.6,973.6,48.0,normal
2016-03-25,26.61,11.6,19.5,3.8,0.0,2.2,7.5,6.7,987.3,983.6,65.0,normal
2016-03-26,20.19,14.0,20.6,7.5,0.0,1.7,7.5,8.0,987.2,981.5,65.0,normal
2016-03-27,13.25,13.0,19.3,6.7,0.0,2.8,11.1,6.4,982.6,980.4,49.0,collapse
2016-03-28,14.18,10.6,16.8,4.5,0.0,2.8,9.2,1.0,982.4,980.0,59.0,collapse
2016-03-29,30.47,13.4,21.6,5.3,0.0,3.3,10.8,9.2,982.7,980.2,56.0,normal
2016-03-30,30.83,14.6,23.4,5.8,0.0,3.1,,10.0,982.3,977.1,52.0,normal
2016-03-31,23.18,14.6,21.3,7.8,8.2,,,9.7,978.5,970.8,45.0,normal
2016-04-01,32.59,10.6,15.0,6.1,12.2,0.8,,2.1,980.6,978.4,85.0,normal
2016-04-02,27.22,11.8,16.7,7.0,0.0,0.8,7.5,3.8,980.3,977.1,59.0,normal
2016-04-03,13.94,10.7,17.7,3.7,0.4,1.7,8.3,8.4,980.1,976.7,69.0,collapse
2016-04-04,27.96,11.5,15.4,7.6,21.2,1.4,6.1,0.1,978.3,969.5,86.0,normal
2016-04-05,21.56,12.4,14.5,10.2,6.2,2.2,9.2,0.0,978.4,967.5,97.0,normal
2016-04-06,27.8,12.5,18.3,6.7,0.0,2.5,8.6,8.9,980.6,977.7,75.0,normal
2016-04-07,22.74,13.3,19.4,7.2,0.0,2.2,8.6,10.5,980.3,975.5,55.0,normal
2016-04-08,20.96,10.6,15.5,5.7,0.0,2.2,10.0,7.2,977.2,974.1,51.0,normal
2016-04-09,17.83,12.2,19.4,5.0,0.0,3.3,11.4,10.6,976.6,973.3,49.0,collapse
2016-04-10,8.53,12.5,20.2,4.8,0.0,3.6,12.2,10.4,976.6,972.1,61.0,collapse
2016-04-11,17.54,15.1,20.9,9.3,0.0,1.9,7.8,8.7,978.4,974.1,55.0,collapse
2016-04-12,21.49,14.4,21.8,7.1,0.0,2.5,8.3,8.9,978.8,974.6,49.0,normal
2016-04-13,22.35,13.1,19.9,6.3,0.0,3.6,14.2,11.1,981.1,975.5,51.0,normal
2016-04-14,25.14,14.1,23.1,5.1,0.0,2.5,8.6,11.6,982.2,977.4,45.0,normal
2016-04-15,25.19,15.2,24.2,6.2,0.0,2.8,9.2,11.6,979.2,974.7,52.0,normal
2016-04-16,18.53,15.8,25.0,6.6,0.0,2.8,11.1,10.2,977.0,973.0,48.0,collapse
2016-04-17,19.12,16.8,21.7,11.8,0.0,3.6,10.8,10.0,983.5,976.1,38.0,collapse
2016-04-18,26.14,13.6,20.7,6.5,0.0,3.3,11.1,9.8,987.9,983.4,61.0,normal
2016-04-19,20.83,13.9,22.9,4.9,0.0,2.2,10.0,8.2,987.9,982.2,57.0,normal
2016-04-20,29.04,14.8,22.3,7.4,18.0,2.2,12.2,5.0,985.7,982.5,35.0,normal
2016-04-21,30.87,14.8,19.1,10.5,10.2,1.4,6.4,4.5,987.1,983.5,78.0,normal
2016-04-22,35.1,14.4,18.8,9.9,0.0,1.4,7.5,0.2,987.0,981.8,73.0,normal
2016-04-23,22.53,14.8,21.6,7.9,0.0,2.2,9.7,8.1,982.0,976.5,68.0,normal
2016-04-24,11.45,13.5,21.6,5.4,0.0,3.6,9.7,11.9,981.1,975.6,57.0,collapse
2016-04-25,26.12,12.7,19.6,5.8,0.0,2.8,8.3,11.8,983.6,979.0,45.0,normal
2016-04-26,29.63,13.0,22.0,4.1,0.0,3.6,10.6,11.2,980.3,975.1,55.0,normal
2016-04-27,32.56,12.9,16.8,9.0,7.2,2.8,10.6,3.3,979.2,977.8,75.0,normal
2016-04-28,31.7,10.8,12.3,9.2,5.8,1.9,4.2,0.0,983.5,977.6,94.0,normal
2016-04-29,31.84,13.5,19.2,7.8,1.4,1.7,7.2,7.3,985.5,982.4,64.0,normal
2016-04-30,24.99,12.8,19.3,6.2,0.0,3.3,9.4,4.5,987.0,981.0,73.0,normal
2016-05-01,13.56,10.8,19.0,2.7,0.0,2.5,11.1,12.2,987.4,983.4,37.0,collapse
2016-05-02,24.82,12.0,21.0,3.1,0.0,2.8,11.4,12.3,987.4,983.4,36.0,normal
2016-05-03,26.1,14.5,24.1,4.9,0.0,2.5,9.7,12.3,988.3,985.4,49.0,normal
2016-05-04,31.54,15.9,24.8,7.0,0.0,2.2,9.4,12.6,988.0,983.0,50.0,normal
2016-05-05,36.27,15.6,24.2,7.0,0.0,2.8,9.7,10.9,984.6,979.2,54.0,normal
2016-05-06,36.1,15.5,19.9,11.1,0.8,1.4,7.2,0.7,981.9,977.7,55.0,normal
2016-05-07,20.71,15.2,18.5,11.8,0.0,1.9,6.1,0.8,977.7,974.1,64.0,normal
2016-05-08,5.46,13.8,16.8,10.7,2.2,1.4,5.3,0.0,975.1,972.3,92.0,collapse
2016-05-09,22.99,14.6,18.0,11.3,12.2,1.4,9.4,0.0,977.0,971.9,95.0,normal
2016-05-10,30.48,13.0,16.2,9.7,6.4,1.1,4.7,0.3,977.0,973.4,89.0,normal
2016-05-11,28.06,15.1,20.7,9.5,0.0,2.5,9.4,7.1,973.5,968.9,63.0,normal
2016-05-12,23.78,13.6,20.8,6.4,0.0,2.5,10.3,7.4,971.9,969.6,58.0,normal
2016-05-13,18.92,14.2,21.1,7.3,0.4,2.5,9.4,7.5,976.0,971.7,70.0,collapse
2016-05-14,10.76,16.3,24.0,8.6,6.6,2.2,11.1,8.2,982.5,975.9,68.0,collapse
2016-05-15,10.38,17.0,25.2,8.9,0.0,2.5,9.2,10.7,986.7,981.9,60.0,collapse
2016-05-16,23.57,17.5,24.1,10.9,0.0,2.8,8.3,11.8,988.2,984.1,46.0,normal
2016-05-17,32.26,15.2,21.4,8.9,0.0,2.5,8.9,7.1,986.5,982.6,62.0,normal
2016-05-18,31.61,16.8,24.2,9.4,0.0,2.2,10.0,8.9,984.0,977.4,66.0,normal
2016-05-19,31.28,19.1,24.2,14.0,0.0,3.1,11.4,11.5,986.7,980.7,51.0,normal
2016-05-20,31.4,18.1,25.1,11.1,0.0,2.8,10.6,12.0,987.6,985.4,56.0,normal
2016-05-21,20.09,18.3,26.4,10.2,0.0,3.1,10.3,12.4,986.9,982.0,54.0,normal
2016-05-22,9.42,17.2,23.9,10.5,6.4,1.7,11.4,7.2,985.4,976.9,56.0,collapse
2016-05-23,30.61,16.3,24.1,8.5,0.0,2.5,7.8,13.4,988.2,983.9,34.0,normal
2016-05-24,32.06,15.7,23.1,8.3,0.0,2.2,8.1,10.5,986.0,976.5,54.0,normal
2016-05-25,34.68,18.0,25.6,10.4,0.0,3.1,9.4,10.6,979.3,976.4,56.0,normal
2016-05-26,36.42,20.2,27.1,13.4,0.0,2.8,8.9,8.9,979.8,976.9,54.0,normal
2016-05-27,36.03,20.8,29.0,12.6,0.0,2.2,9.7,9.4,981.2,978.4,51.0,normal
2016-05-28,23.75,20.1,27.9,12.3,1.6,3.3,18.9,11.7,979.7,975.1,61.0,normal
2016-05-29,12.68,19.2,25.1,13.4,0.0,4.4,12.8,13.7,981.5,975.9,40.0,collapse
2016-05-30,35.32,17.8,25.7,9.9,0.0,2.5,9.7,8.2,983.2,979.5,49.0,normal
2016-05-31,37.6,17.8,24.7,11.0,0.0,2.8,8.3,9.4,985.4,982.2,52.0,normal
2016-06-01,37.42,18.6,26.6,10.5,0.0,2.5,9.2,12.3,984.8,981.1,41.0,normal
2016-06-02,39.87,18.9,26.5,11.3,0.0,2.5,9.7,11.0,983.5,978.1,51.0,normal
2016-06-03,40.56,20.0,28.7,11.2,0.0,3.1,9.4,12.9,980.3,975.4,43.0,normal
2016-06-04,39.72,20.1,28.5,11.7,0.0,2.8,9.4,6.1,982.2,977.4,49.0,normal
2016-06-05,39.75,20.3,28.7,11.9,0.0,2.8,9.4,11.7,984.7,980.6,51.0,normal
2016-06-06,44.37,21.4,29.3,13.5,0.0,1.9,9.2,7.9,986.7,982.8,46.0,normal
2016-06-07,45.9,21.9,30.5,13.3,0.0,2.8,9.2,13.7,988.8,985.3,41.0,normal
2016-06-08,42.53,23.0,31.1,14.8,0.0,2.8,11.4,11.0,988.7,982.3,48.0,normal
2016-06-09,41.46,23.3,31.1,15.5,0.0,2.8,9.7,12.4,983.4,977.5,44.0,normal
2016-06-10,40.03,23.2,29.9,16.5,2.8,2.5,9.2,8.8,979.4,976.0,39.0,normal
2016-06-11,38.71,21.2,26.8,15.5,0.0,2.2,10.0,6.2,982.1,978.4,61.0,normal
2016-06-12,36.77,22.2,29.3,15.2,0.0,2.8,9.2,8.7,982.4,978.2,46.0,normal
2016-06-13,35.96,23.6,31.4,15.9,0.0,3.6,15.0,9.5,979.4,972.5,38.0,normal
2016-06-14,36.94,23.0,30.2,15.9,0.0,3.1,14.4,12.3,975.8,970.9,28.0,normal
2016-06-15,31.58,,,,,,,5.9,,,,normal
2016-06-16,36.32,,,,0.0,,,,,,,normal
2016-06-17,44.04,17.9,24.2,11.6,0.4,2.5,10.0,9.6,984.5,977.5,40.0,normal
2016-06-18,35.32,17.8,24.4,11.3,0.0,2.2,9.7,9.5,990.4,984.1,47.0,normal
2016-06-19,30.17,18.2,27.4,9.0,0.0,2.5,8.6,12.3,990.8,986.1,37.0,normal
2016-06-20,41.21,19.6,29.1,10.2,0.0,2.8,9.7,13.1,989.6,986.6,36.0,normal
2016-06-21,41.94,23.0,32.4,13.6,0.0,2.8,9.7,13.8,989.5,986.2,31.0,normal
2016-06-22,38.44,23.8,32.1,15.6,0.0,2.8,9.7,13.8,988.5,985.5,33.0,normal
2016-06-23,38.77,23.5,32.4,14.6,0.0,2.8,10.0,13.9,988.1,984.7,30.0,normal
2016-06-24,37.81,23.2,32.7,13.6,0.0,3.1,10.3,13.7,986.7,981.1,32.0,normal
2016-06-25,34.83,25.8,32.3,19.3,0.0,2.8,10.0,13.0,983.7,981.1,36.0,normal
2016-06-26,24.8,23.6,30.7,16.5,0.0,2.5,11.1,8.5,987.6,982.5,48.0,normal
2016-06-27,37.63,24.4,31.2,17.7,0.0,2.8,10.3,13.6,988.2,984.9,41.0,normal
2016-06-28,43.12,24.0,31.8,16.2,0.0,2.8,10.3,12.4,986.7,981.6,49.0,normal
2016-06-29,45.49,25.6,32.6,18.7,,2.8,8.6,8.8,983.8,979.9,37.0,normal
2016-07-01,43.31,24.9,32.3,17.5,0.0,2.8,11.4,13.8,985.0,981.9,43.0,normal
2016-07-02,39.32,24.5,32.0,17.0,0.0,3.3,10.6,13.7,987.8,983.6,46.0,normal
2016-07-03,33.82,25.4,31.0,19.9,0.0,3.6,10.3,11.9,987.9,984.5,44.0,normal
2016-07-04,40.7,25.4,33.4,17.3,0.0,3.1,11.1,12.0,986.8,981.8,50.0,normal
2016-07-05,41.99,25.4,31.1,19.8,0.0,1.4,7.8,6.3,985.2,982.5,41.0,normal
2016-07-06,41.89,25.6,33.2,18.0,0.0,3.3,10.3,12.5,985.8,982.2,40.0,normal
2016-07-07,43.28,26.4,34.1,18.7,0.0,3.3,11.4,10.0,986.4,983.2,44.0,normal
2016-07-08,42.22,28.4,35.5,21.2,0.0,3.6,9.7,6.6,988.1,984.3,48.0,normal
2016-07-09,41.36,27.4,36.8,18.1,0.0,2.5,11.4,13.3,988.0,983.2,42.0,normal
2016-07-10,39.15,28.4,37.3,19.5,0.0,2.8,10.3,13.6,983.9,979.8,34.0,normal
2016-07-11,42.35,26.7,34.0,19.4,0.0,2.5,9.7,10.7,982.2,979.3,35.0,normal
2016-07-12,41.09,25.2,30.9,19.5,0.0,3.1,11.4,10.5,982.8,979.3,45.0,normal
2016-07-13,38.37,23.8,29.5,18.2,0.0,3.6,12.2,10.5,987.6,982.5,38.0,normal
2016-07-14,36.99,21.8,28.0,15.5,0.0,3.3,10.3,11.8,988.8,983.8,33.0,normal
2016-07-15,38.65,22.2,31.0,13.5,0.0,2.5,8.9,13.4,989.7,985.6,34.0,normal
2016-07-16,39.47,22.8,31.9,13.6,0.0,2.2,11.1,13.4,988.5,984.8,46.0,normal
2016-07-17,39.99,24.2,33.0,15.3,0.0,3.1,9.7,13.4,987.8,984.6,38.0,normal
2016-07-18,41.95,23.4,32.4,14.4,0.0,3.1,10.3,13.5,988.0,985.1,35.0,normal
2016-07-19,41.17,24.4,34.9,13.9,0.0,2.5,10.3,13.3,987.3,983.3,31.0,normal
2016-07-20,41.7,26.6,37.6,15.6,0.4,2.2,13.6,7.2,985.1,981.2,27.0,normal
2016-07-21,44.18,27.0,32.3,21.6,0.0,2.8,9.4,11.1,983.9,979.7,44.0,normal
2016-07-22,40.2,25.2,33.2,17.1,17.6,1.7,10.8,6.1,983.2,978.4,64.0,normal
2016-07-23,39.25,23.6,31.4,15.8,0.0,1.9,7.5,9.2,985.7,982.4,47.0,normal
2016-07-24,37.59,24.2,33.0,15.4,0.0,2.8,10.3,12.8,986.3,982.5,43.0,normal
2016-07-25,40.28,26.2,34.0,18.4,0.0,2.8,8.9,12.4,986.3,982.5,37.0,normal
2016-07-26,40.81,26.4,34.6,18.2,0.0,2.2,8.3,12.3,986.4,982.6,37.0,normal
2016-07-27,41.66,25.6,32.8,18.5,0.0,2.5,10.8,10.5,985.7,981.6,52.0,normal
2016-07-28,42.42,25.5,32.2,18.8,0.0,2.2,8.6,12.5,986.0,982.2,53.0,normal
2016-07-29,43.77,26.4,34.1,18.6,0.0,2.8,9.7,12.4,984.5,980.5,48.0,normal
2016-07-30,41.14,26.7,34.8,18.6,0.0,3.1,10.3,12.6,983.3,978.5,39.0,normal
2016-07-31,36.28,27.1,34.9,19.3,0.0,3.9,11.4,12.4,984.4,979.3,44.0,normal
2016-08-01,43.12,26.2,33.0,19.3,0.0,3.1,10.3,12.6,987.0,983.2,41.0,normal
2016-08-02,42.6,28.2,35.4,21.1,0.0,2.2,9.7,11.9,987.0,983.0,45.0,normal
2016-08-03,44.91,27.4,35.3,19.4,0.0,3.1,10.3,12.1,986.0,979.7,46.0,normal
2016-08-04,43.25,27.0,35.4,18.6,,2.8,8.9,11.3,982.5,977.1,38.0,normal
2016-08-10,35.83,23.2,28.9,17.4,0.0,2.8,10.3,10.7,986.7,983.3,48.0,normal
2016-08-11,38.93,22.4,29.6,15.3,0.0,2.5,9.2,11.9,990.7,986.5,44.0,normal
2016-08-12,42.12,23.4,31.7,15.2,0.0,1.7,10.3,11.9,992.0,988.8,50.0,normal
2016-08-13,41.43,23.5,30.6,16.4,0.0,2.5,9.7,11.9,990.6,988.2,47.0,normal
2016-08-14,38.85,23.4,32.4,14.5,0.0,2.5,9.2,11.8,989.4,985.9,38.0,normal
2016-08-15,41.28,23.9,32.8,15.0,0.0,2.8,9.4,11.4,987.3,983.1,43.0,normal
2016-08-16,44.86,24.0,31.3,16.8,0.4,2.2,10.6,8.9,984.7,980.1,44.0,normal
2016-08-17,43.48,25.0,33.9,16.1,7.2,1.7,12.5,8.5,981.1,976.7,68.0,normal
2016-08-18,43.56,24.2,30.8,17.6,0.0,2.8,10.8,10.7,979.8,977.4,65.0,normal
2016-08-19,42.21,27.8,34.4,21.3,0.0,2.8,9.7,10.1,979.9,975.8,55.0,normal
2016-08-20,39.39,25.5,31.4,19.6,11.4,2.5,9.7,7.2,986.1,979.2,68.0,normal
2016-08-21,37.03,24.4,30.9,17.9,0.0,3.1,9.2,11.4,989.9,986.1,42.0,normal
2016-08-22,41.38,25.4,33.1,17.8,0.0,1.9,9.7,11.4,990.4,987.7,54.0,normal
2016-08-23,41.35,24.6,32.8,16.5,0.0,2.5,9.2,11.5,990.5,986.8,45.0,normal
2016-08-24,41.85,24.3,34.0,14.6,0.0,2.2,8.9,11.5,988.5,984.5,38.0,normal
2016-08-25,41.45,23.8,33.0,14.6,0.0,3.1,9.7,11.4,985.6,982.3,35.0,normal
2016-08-26,41.67,23.4,32.5,14.2,0.0,3.1,9.4,11.4,985.7,983.0,45.0,normal
2016-08-27,41.37,23.8,32.9,14.7,0.0,2.2,8.6,11.2,986.5,983.9,49.0,normal
2016-08-28,40.66,25.4,33.4,17.4,0.0,2.5,9.2,10.7,986.9,983.1,57.0,normal
2016-08-29,41.52,24.6,28.6,20.5,0.0,1.7,8.3,3.8,986.6,983.9,66.0,normal
2016-08-30,43.02,23.8,28.1,19.4,0.0,2.8,8.1,6.6,986.5,983.5,49.0,normal
2016-08-31,43.85,24.8,31.8,17.8,0.0,2.2,10.0,10.4,988.5,985.0,54.0,normal
2016-09-01,42.62,26.6,32.7,20.6,0.0,2.8,10.0,10.2,989.2,986.3,42.0,normal
2016-09-02,45.58,25.5,34.0,17.0,0.0,1.9,7.8,10.1,988.7,984.2,43.0,normal
2016-09-03,42.77,27.0,35.6,18.5,0.0,2.8,11.1,9.6,987.2,982.9,53.0,normal
2016-09-04,41.58,27.6,38.2,17.1,0.0,2.2,9.2,9.3,986.4,982.8,45.0,normal
2016-09-05,47.12,27.9,35.4,20.4,0.0,3.1,9.7,10.6,986.7,983.1,44.0,normal
2016-09-06,48.17,26.4,34.7,18.0,0.0,2.5,10.3,10.9,986.3,981.9,47.0,normal
2016-09-07,48.75,24.2,30.5,17.9,0.0,3.1,10.0,10.6,984.2,981.4,55.0,normal
2016-09-08,44.49,24.0,30.9,17.1,0.0,2.2,8.6,10.4,983.5,981.3,53.0,normal
2016-09-09,46.22,24.7,31.2,18.2,12.8,1.9,7.8,6.1,984.2,980.0,55.0,normal
2016-09-10,42.87,23.6,30.1,17.2,0.6,1.9,12.2,10.3,984.5,980.4,62.0,normal
2016-09-11,40.58,23.9,32.1,15.7,0.0,1.9,6.9,9.0,984.8,981.7,57.0,normal
2016-09-12,43.82,23.7,31.1,16.3,0.0,2.5,8.9,10.8,983.9,981.5,59.0,normal
2016-09-13,42.98,23.4,30.0,16.8,11.6,2.5,12.5,10.4,983.2,977.3,58.0,normal
2016-09-14,42.41,19.6,24.5,14.8,0.2,3.3,11.1,3.9,978.8,975.3,59.0,normal
2016-09-15,43.66,17.0,22.3,11.6,0.0,2.2,8.1,3.4,981.7,978.7,47.0,normal
2016-09-16,41.3,18.6,27.2,10.1,0.0,2.2,9.7,9.5,986.6,980.7,51.0,normal
2016-09-17,39.83,19.3,24.2,14.4,0.0,1.9,7.8,4.7,986.5,982.0,54.0,normal
2016-09-18,35.66,17.6,24.9,10.4,0.0,2.2,6.4,10.3,984.8,981.7,54.0,normal
2016-09-19,41.9,19.1,27.3,10.9,0.0,1.7,6.4,10.7,985.6,981.2,49.0,normal
2016-09-20,43.79,18.8,25.6,12.0,0.0,1.4,6.1,7.1,983.0,979.2,53.0,normal
2016-09-21,45.66,20.5,27.5,13.5,0.0,1.9,8.3,9.4,984.8,980.1,52.0,normal
2016-09-22,46.87,19.7,27.1,12.3,0.0,1.9,9.2,9.4,988.4,984.7,65.0,normal
2016-09-23,46.61,21.0,26.9,15.1,9.8,2.5,9.4,5.0,992.1,988.2,62.0,normal
2016-09-24,41.57,19.6,25.8,13.3,0.0,2.5,6.9,8.8,990.3,986.0,70.0,normal
2016-09-25,37.94,19.8,26.0,13.5,2.6,1.7,8.9,6.8,989.0,984.3,75.0,normal
2016-09-26,46.55,18.8,25.5,12.1,0.0,1.4,7.5,7.9,988.4,985.1,73.0,normal
2016-09-27,44.06,20.0,25.5,14.5,0.0,1.7,6.7,5.6,992.9,988.3,68.0,normal
2016-09-28,43.28,21.0,27.8,14.3,0.0,1.7,8.1,10.0,996.1,992.7,59.0,normal
2016-09-29,43.54,19.0,27.0,11.0,0.0,2.2,8.6,10.4,995.6,988.1,61.0,normal
2016-09-30,45.46,19.4,26.6,12.2,0.0,1.9,8.3,8.4,988.2,982.1,62.0,normal
2016-10-01,44.01,20.4,27.3,13.4,0.0,2.2,7.5,7.5,982.4,977.5,68.0,normal
2016-10-02,43.77,20.2,24.7,15.7,0.0,1.7,7.8,6.6,986.4,980.9,79.0,normal
2016-10-03,48.59,21.6,25.4,17.8,0.0,1.7,7.2,7.2,989.1,986.3,72.0,normal
2016-10-04,52.55,21.3,27.0,15.6,0.0,1.9,8.6,8.0,988.1,984.3,74.0,normal
2016-10-05,50.13,20.6,26.4,14.9,6.0,1.1,8.9,8.3,987.4,980.9,63.0,normal
2016-10-06,52.35,15.7,19.8,11.6,5.4,2.2,13.1,1.5,981.2,976.0,92.0,normal
2016-10-07,54.84,17.0,24.3,9.8,0.0,1.7,6.4,8.1,982.9,978.9,77.0,normal
2016-10-08,48.55,19.9,25.0,14.8,0.2,1.7,8.3,6.8,985.2,982.3,69.0,normal
2016-10-09,42.97,14.8,16.9,12.7,0.0,1.4,6.4,0.2,986.6,984.3,78.0,normal
2016-10-10,53.74,14.6,18.0,11.2,0.0,2.2,7.5,3.1,985.5,982.0,73.0,normal
2016-10-11,56.84,14.4,19.5,9.3,0.0,1.9,8.6,4.0,982.0,977.4,68.0,normal
2016-10-12,51.5,12.0,15.0,8.9,9.4,0.8,4.7,0.5,979.8,970.8,86.0,normal
2016-10-13,57.6,15.8,18.5,13.0,12.0,0.8,4.7,0.4,970.8,966.5,95.0,normal
2016-10-14,54.85,15.4,19.3,11.4,0.0,0.8,5.6,3.8,977.6,965.8,74.0,normal
2016-10-15,45.64,15.7,23.1,8.3,0.0,1.1,5.3,6.3,984.9,977.6,70.0,normal
2016-10-16,45.61,14.8,22.5,7.1,0.0,1.1,5.3,9.1,988.1,984.9,69.0,normal
2016-10-17,59.32,14.2,17.9,10.6,0.8,0.6,3.9,0.2,989.7,987.2,93.0,normal
2016-10-18,57.58,16.4,21.4,11.4,0.0,0.8,3.6,5.4,991.3,988.8,84.0,normal
2016-10-19,59.29,15.1,20.5,9.7,0.2,1.9,7.2,3.6,989.9,983.7,81.0,normal
2016-10-20,59.65,14.0,19.2,8.9,0.0,2.2,5.8,6.4,983.7,979.8,76.0,normal
2016-10-21,59.47,11.2,15.8,6.5,1.0,1.4,5.8,2.8,982.4,980.3,73.0,normal
2016-10-22,52.21,13.6,17.0,10.2,0.6,0.8,3.3,1.7,980.7,975.5,92.0,normal
2016-10-23,40.78,17.7,22.9,12.5,0.4,1.4,5.8,6.3,977.8,974.1,84.0,normal
2016-10-24,54.59,19.4,25.3,13.6,2.8,1.7,5.3,5.3,984.8,977.6,80.0,normal
2016-10-25,59.24,17.6,20.0,15.2,0.4,1.9,6.1,0.3,988.1,982.2,94.0,normal
2016-10-26,60.41,17.6,22.0,13.1,0.0,0.6,2.8,1.7,991.6,987.5,89.0,normal
2016-10-27,56.48,18.2,22.7,13.8,0.0,1.7,5.3,5.6,995.6,990.8,85.0,normal
2016-10-28,56.61,17.2,23.6,10.9,0.0,1.4,5.8,7.2,997.7,994.8,79.0,normal
2016-10-29,53.62,15.3,23.8,6.8,0.0,0.6,3.1,8.6,996.0,989.9,68.0,normal
2016-10-30,50.84,13.9,22.1,5.7,0.2,1.9,6.4,8.9,990.4,986.5,77.0,normal
2016-10-31,53.81,15.2,20.4,10.1,0.0,1.1,5.3,5.0,990.8,987.8,84.0,normal
2016-11-01,50.13,15.4,21.9,8.9,0.0,1.1,5.3,6.5,990.7,986.5,,normal
2016-11-02,61.34,14.3,20.6,8.0,0.0,1.7,4.7,7.8,988.0,983.2,75.0,normal
2016-11-03,63.64,13.1,21.4,4.8,0.0,1.7,5.0,8.5,985.0,982.0,75.0,normal
2016-11-04,61.28,12.0,15.5,8.6,,0.6,3.9,0.6,985.4,979.3,87.0,normal
2016-11-05,51.07,15.9,20.9,10.9,,1.7,10.3,1.9,979.3,968.1,86.0,normal
2016-11-06,44.64,10.8,13.9,7.8,,2.2,8.9,2.9,974.8,970.4,64.0,normal
2016-11-07,57.63,7.3,12.4,2.2,,0.8,6.4,4.8,977.4,974.5,68.0,normal
2016-11-08,54.97,6.6,13.8,-0.5,0.0,4.7,13.3,8.5,982.4,977.4,66.0,normal
2016-11-09,52.28,9.9,17.1,2.7,0.0,3.6,11.4,8.1,985.4,978.2,57.0,normal
2016-11-10,60.23,9.1,15.7,2.5,0.0,2.2,9.4,7.1,987.5,984.6,67.0,normal
2016-11-11,61.23,9.8,16.8,2.7,0.0,2.2,7.8,7.4,987.7,984.6,70.0,normal
2016-11-12,59.11,10.6,15.7,5.6,0.0,0.8,3.6,5.0,988.3,985.6,74.0,normal
2016-11-13,52.65,10.8,16.8,4.7,0.0,1.1,3.1,3.6,988.7,986.0,71.0,normal
2016-11-14,55.16,11.0,17.7,4.3,0.0,1.9,5.8,7.8,992.6,987.4,67.0,normal
2016-11-15,59.5,8.6,16.2,1.0,0.0,1.1,5.0,8.0,995.2,992.5,66.0,normal
2016-11-16,63.71,8.4,16.8,0.1,0.0,0.8,2.8,7.9,994.1,988.3,69.0,normal
2016-11-17,62.23,10.2,18.8,1.7,0.0,0.6,3.1,7.8,988.4,983.4,67.0,normal
2016-11-18,58.3,9.3,16.7,1.9,0.0,0.6,2.8,4.0,983.6,978.3,72.0,normal
2016-11-19,53.29,9.9,15.5,4.3,0.0,1.7,5.0,6.1,982.5,979.1,84.0,normal
2016-11-20,40.66,11.8,17.1,6.6,,1.4,5.3,3.5,979.1,973.0,67.0,normal
2016-11-21,44.16,13.7,16.3,11.1,,2.5,10.3,0.2,973.0,969.4,94.0,normal
2016-11-22,62.75,13.1,14.4,11.8,,1.1,4.7,0.0,974.8,971.5,96.0,normal
2016-11-24,56.69,7.8,12.2,3.3,0.0,1.1,4.7,5.8,977.0,970.6,82.0,normal
2016-11-25,55.58,6.4,10.5,2.2,0.0,1.1,4.4,3.3,980.7,976.5,90.0,normal
2016-11-26,48.37,,,,,,,0.7,,,,normal
2016-11-28,62.08,8.7,14.9,2.5,0.0,0.8,4.7,6.3,982.6,976.9,86.0,normal
2016-11-29,65.38,9.1,14.4,3.8,0.0,1.1,3.6,4.0,995.2,982.6,86.0,normal
2016-11-30,57.3,8.2,13.9,2.6,,1.1,3.1,,999.0,995.2,78.0,normal
2016-12-01,64.64,4.9,10.0,-0.2,0.2,1.1,3.1,3.7,996.6,989.5,95.0,normal
2016-12-02,66.43,5.3,12.6,-2.0,0.0,0.8,4.4,7.5,989.5,981.7,,normal
2016-12-03,56.85,5.0,12.7,-2.7,0.0,0.8,4.2,7.5,984.0,980.8,80.0,normal
2016-12-04,48.35,8.4,12.5,4.3,0.0,1.1,4.7,2.3,985.7,982.5,92.0,normal
2016-12-05,60.81,11.2,16.6,5.9,0.2,1.4,5.6,5.2,989.9,985.3,86.0,normal
2016-12-06,64.1,10.4,16.9,4.0,0.2,0.3,3.3,7.3,995.0,989.9,80.0,normal
2016-12-07,63.08,9.8,16.4,3.1,0.2,0.3,2.5,7.3,1000.0,994.6,79.0,normal
2016-12-08,54.26,6.8,14.3,-0.6,0.2,0.3,2.5,7.3,1001.6,998.7,83.0,normal
2016-12-09,55.75,8.0,15.9,0.0,0.0,1.1,4.2,7.3,1000.5,995.9,72.0,normal
2016-12-10,57.77,7.8,15.1,0.4,0.0,1.1,3.3,7.2,996.4,992.3,83.0,normal
2016-12-11,60.85,6.8,13.4,0.2,0.0,0.6,4.2,7.3,992.8,988.5,83.0,normal
2016-12-12,65.03,6.8,14.0,-0.5,0.0,0.8,2.8,7.2,990.6,987.4,75.0,normal
2016-12-13,66.47,6.6,14.3,-1.1,0.0,0.6,4.7,7.3,992.3,989.1,83.0,normal
2016-12-14,64.2,7.0,11.4,2.6,0.0,0.6,3.3,4.5,990.7,986.1,89.0,normal
2016-12-15,66.92,3.4,6.6,0.1,,0.8,2.5,1.1,990.0,987.0,93.0,normal
2016-12-16,63.92,6.6,9.8,3.4,,1.1,3.6,0.7,993.9,985.8,95.0,normal
2016-12-17,55.63,8.0,13.6,2.4,,1.7,8.3,7.3,1000.3,993.9,71.0,normal
2016-12-18,53.65,5.6,12.1,-0.9,,0.8,2.2,5.5,999.8,990.5,89.0,normal
2016-12-19,64.44,3.4,8.0,-1.2,,0.8,3.9,2.2,990.5,978.5,90.0,normal
2016-12-20,64.6,7.8,10.1,5.6,,1.7,7.2,2.0,986.7,978.4,80.0,normal
2016-12-21,64.64,7.2,11.6,2.9,0.2,1.1,4.2,5.3,995.6,986.5,81.0,normal
2016-12-22,66.31,6.7,13.2,0.2,0.0,0.8,6.1,7.0,1000.5,995.3,,normal
2016-12-23,65.09,6.0,12.1,-0.1,0.0,1.4,6.1,7.2,1001.8,999.2,90.0,normal
2016-12-24,56.89,6.4,10.3,2.5,0.0,1.1,3.6,3.0,1002.9,1000.0,95.0,normal
2016-12-25,49.66,5.2,9.6,0.7,0.0,1.7,4.7,6.1,1001.1,996.1,,normal
2016-12-26,53.92,6.1,12.8,-0.6,0.0,1.1,3.3,7.3,997.9,995.2,,normal
2016-12-27,61.93,6.4,13.1,-0.3,0.0,0.6,3.1,7.2,1001.4,997.2,,normal
2016-12-28,58.9,6.2,14.2,-1.8,,0.8,2.8,7.3,1002.8,999.1,,normal
2016-12-31,58.95,5.5,12.5,-1.5,0.0,1.1,3.9,6.2,999.9,994.8,,normal
2017-01-01,51.09,2.2,6.9,-2.5,0.0,1.4,3.3,5.7,994.8,987.9,88.0,normal
2017-01-02,60.2,,,,,0.6,,,,,78.0,normal
2017-01-03,65.61,2.7,7.9,-2.5,0.0,1.1,4.2,4.9,990.4,987.3,88.0,normal
2017-01-04,66.29,5.2,10.8,-0.5,0.0,1.4,5.0,6.9,990.1,986.4,84.0,normal
2017-01-05,64.78,3.6,9.7,-2.4,0.0,1.1,4.2,7.5,992.4,986.4,68.0,normal
2017-01-06,64.63,2.2,9.5,-5.1,0.0,1.1,2.8,7.5,996.0,992.4,73.0,normal
2017-01-07,65.11,3.2,10.5,-4.1,0.0,0.6,2.8,6.6,996.6,993.5,70.0,normal
2017-01-08,59.98,3.6,10.7,-3.5,0.0,1.1,5.0,5.9,994.9,989.4,65.0,normal
2017-01-09,70.3,2.0,7.0,-2.9,0.0,1.9,5.8,4.5,992.8,986.2,87.0,normal
2017-01-10,65.67,3.8,9.0,-1.4,0.0,1.4,3.9,2.8,986.2,974.7,84.0,normal
2017-01-11,72.89,5.8,13.6,-1.9,0.0,1.1,5.3,7.5,989.2,979.0,70.0,normal
2017-01-12,75.28,8.6,12.8,4.4,0.0,1.7,5.0,3.0,989.2,979.7,85.0,normal
2017-01-13,68.13,6.2,11.8,0.6,0.0,3.3,11.1,5.1,985.6,976.8,47.0,normal
2017-01-14,65.0,3.6,9.7,-2.5,0.0,2.5,10.8,7.7,987.8,985.4,45.0,normal
2017-01-15,61.44,3.4,10.6,-3.8,0.0,1.4,7.5,7.7,987.4,984.6,50.0,normal
2017-01-16,68.48,5.6,13.2,-2.1,0.0,2.2,8.9,7.7,985.0,977.8,64.0,normal
2017-01-17,72.39,2.0,7.9,-3.9,0.0,2.5,13.1,7.8,984.1,978.2,22.0,normal
2017-01-18,78.83,0.2,7.4,-6.9,0.0,1.4,5.8,7.4,987.9,984.0,48.0,normal
2017-01-19,85.79,2.9,10.2,-4.4,0.0,3.1,11.4,4.5,989.4,986.6,54.0,normal
2017-01-20,88.0,7.2,9.3,5.1,0.0,3.9,10.6,1.3,988.1,986.0,65.0,normal
2017-01-21,79.01,7.1,9.5,4.7,0.0,4.7,11.9,0.0,986.3,981.6,65.0,normal
2017-01-22,72.07,8.2,10.4,6.1,1.8,3.9,12.5,0.8,983.0,980.5,57.0,normal
2017-01-23,83.85,6.8,9.2,4.3,0.0,1.4,4.7,0.0,983.5,981.8,85.0,normal
2017-01-24,87.9,5.4,10.2,0.6,0.0,1.7,6.7,5.1,986.8,982.1,76.0,normal
2017-01-25,91.88,1.7,5.0,-1.6,3.0,0.8,3.6,0.0,986.3,983.7,89.0,normal
2017-01-26,87.88,3.4,6.4,0.5,1.2,0.8,3.1,,985.9,982.8,92.0,normal
2017-01-27,75.93,5.6,7.8,3.4,31.4,1.4,6.9,0.0,983.5,977.1,98.0,normal
2017-01-28,61.42,7.8,10.8,4.9,0.0,1.7,8.9,0.3,989.1,976.9,91.0,normal
2017-01-29,62.3,6.8,13.2,0.5,0.0,0.8,6.1,8.4,991.1,987.7,71.0,normal
2017-01-30,70.81,6.9,14.4,-0.6,0.0,1.1,3.3,7.9,989.1,984.9,74.0,normal
2017-01-31,73.27,9.5,17.2,1.8,0.0,1.9,7.5,8.4,984.9,981.5,83.0,normal
2017-02-01,69.09,9.4,13.9,4.8,0.0,0.8,2.8,3.6,984.3,981.1,93.0,normal
2017-02-02,49.02,7.3,10.0,4.6,0.6,0.8,6.1,0.4,981.9,977.0,97.0,normal
2017-02-03,47.77,8.9,14.5,3.3,0.0,1.4,13.6,3.8,981.8,977.8,73.0,normal
2017-02-04,44.25,10.7,16.3,5.1,0.0,1.9,10.0,3.1,979.0,973.7,70.0,normal
2017-02-05,29.76,9.2,13.0,5.3,0.0,6.4,18.3,3.9,979.2,970.5,59.0,normal
2017-02-06,49.66,9.0,14.4,3.7,0.0,3.9,17.8,7.6,983.6,978.1,57.0,normal
2017-02-07,55.46,11.8,17.2,6.5,3.2,1.4,6.9,6.1,984.2,980.9,74.0,normal
2017-02-08,55.43,8.0,14.8,1.1,0.0,2.8,8.1,7.9,984.7,979.8,58.0,normal
2017-02-09,61.11,5.2,12.7,-2.2,0.0,1.4,5.3,9.0,985.5,981.9,59.0,normal
2017-02-10,64.47,5.1,11.0,-0.8,0.0,0.8,4.2,3.2,983.7,981.0,74.0,normal
2017-02-11,54.05,5.6,11.4,-0.2,0.2,1.4,5.0,0.3,983.7,978.8,83.0,normal
2017-02-12,42.78,11.0,13.3,8.8,0.0,2.5,10.8,0.0,980.4,977.9,75.0,normal
2017-02-13,51.39,12.9,15.5,10.3,26.4,1.9,13.3,2.3,980.6,977.1,82.0,normal
2017-02-14,56.17,12.3,17.1,7.5,0.0,1.1,6.7,8.0,995.5,980.5,80.0,normal
2017-02-15,56.58,11.8,18.0,5.5,0.0,1.7,6.4,8.5,998.9,995.5,78.0,normal
2017-02-16,57.25,12.2,17.1,7.4,0.0,1.4,5.8,7.7,998.7,995.0,76.0,normal
2017-02-17,59.56,11.8,18.0,5.5,0.0,1.1,4.2,6.5,996.5,989.4,72.0,normal
2017-02-18,54.12,9.2,16.8,1.7,0.0,1.9,7.5,9.1,990.2,984.9,77.0,normal
2017-02-19,46.23,11.4,17.0,5.8,0.0,1.4,6.1,6.3,992.4,988.4,68.0,normal
2017-02-20,52.74,8.6,13.4,3.7,0.0,2.2,6.4,6.0,992.8,989.4,81.0,normal
2017-02-21,51.41,8.6,16.8,0.5,0.0,1.7,6.4,9.4,991.8,987.5,68.0,normal
2017-02-22,52.38,11.2,20.9,1.4,0.0,1.1,4.4,9.3,989.5,984.9,63.0,normal
2017-02-23,55.16,8.0,13.0,2.9,0.0,0.8,3.1,0.3,986.0,979.1,78.0,normal
2017-02-24,50.5,8.8,12.9,4.6,6.0,0.8,3.6,0.9,982.5,977.1,94.0,normal
2017-02-25,50.11,7.4,14.4,0.4,0.0,1.7,6.9,8.8,987.6,982.5,,normal
2017-02-26,47.8,8.8,17.1,0.4,0.0,1.9,6.9,9.4,988.2,983.4,72.0,normal
2017-02-27,44.4,11.2,16.8,5.6,0.0,1.7,9.2,7.4,983.6,975.8,72.0,normal
2017-02-28,40.09,11.4,15.6,7.1,0.0,3.6,14.7,2.8,980.9,973.5,55.0,normal
2017-03-01,48.58,8.4,16.1,0.6,0.0,1.7,7.5,8.4,986.4,980.9,56.0,normal
2017-03-02,51.08,10.4,19.4,1.4,0.0,1.4,6.1,9.4,986.7,982.3,62.0,normal
2017-03-03,40.67,7.8,13.0,2.5,21.2,1.1,11.7,0.5,983.3,960.9,87.0,normal
2017-03-04,36.43,8.4,12.8,4.0,0.2,5.8,18.9,5.5,977.0,957.8,60.0,normal
2017-03-05,28.81,7.7,14.8,0.6,0.0,2.8,12.2,9.1,984.1,976.9,67.0,normal
2017-03-06,42.16,12.6,20.9,4.2,0.0,4.2,15.0,9.8,985.1,980.6,58.0,normal
2017-03-07,48.38,12.0,19.8,4.1,0.0,3.1,9.4,8.7,987.7,982.9,54.0,normal
2017-03-08,49.31,12.4,19.3,5.6,0.0,1.4,7.2,2.5,992.0,987.4,74.0,normal
2017-03-09,49.46,15.6,25.6,5.7,0.0,0.8,5.3,9.9,991.8,986.6,61.0,normal
2017-03-10,48.73,14.4,23.6,5.2,0.0,1.7,6.4,10.4,988.0,983.7,61.0,normal
2017-03-11,46.0,14.0,22.9,5.1,0.0,2.2,7.8,9.7,986.4,980.5,59.0,normal
2017-03-12,21.31,11.5,15.9,7.1,3.0,1.9,6.1,1.6,982.2,978.6,83.0,normal
2017-03-13,32.67,13.6,19.1,8.1,0.0,1.9,7.8,5.4,993.0,980.7,64.0,normal
2017-03-14,38.63,13.2,22.5,3.9,0.0,1.9,9.4,10.0,995.3,991.6,66.0,normal
2017-03-15,44.03,13.0,21.6,4.3,0.0,1.7,8.9,10.5,994.3,989.9,60.0,normal
2017-03-16,45.17,13.4,22.6,4.3,0.0,1.4,7.5,10.7,991.6,987.0,51.0,normal
2017-03-17,46.46,13.2,23.4,3.1,0.0,1.7,5.8,10.9,989.3,985.6,51.0,normal
2017-03-18,43.36,13.7,23.5,3.9,0.0,2.5,7.5,10.3,987.6,983.5,56.0,normal
2017-03-19,44.49,14.8,23.8,5.7,0.0,2.5,7.2,10.8,985.9,980.0,56.0,normal
2017-03-20,47.2,13.6,22.0,5.2,0.0,2.5,,11.0,982.1,978.2,48.0,normal
2017-03-21,45.78,12.2,19.9,4.5,0.0,,,9.4,981.1,977.6,63.0,normal
2017-03-22,38.08,11.0,17.1,4.8,0.2,2.2,,9.4,980.3,974.5,58.0,normal
2017-03-23,45.22,10.3,15.3,5.3,0.2,2.5,,5.1,979.7,973.2,51.0,normal
2017-03-24,52.0,7.3,12.2,2.4,,1.4,8.9,0.0,981.8,976.1,74.0,normal
2017-03-27,44.8,,,,0.6,,,1.1,,,,normal
2017-03-28,48.43,11.7,20.5,2.9,0.0,1.9,7.5,9.7,993.0,989.8,62.0,normal
2017-03-29,48.57,13.4,22.5,4.2,0.0,1.4,8.1,11.2,993.5,989.2,57.0,normal
2017-03-30,45.46,13.6,22.4,4.9,0.0,1.9,7.8,10.6,992.3,988.6,53.0,normal
2017-03-31,41.94,12.5,19.5,5.5,0.4,1.7,9.2,4.4,990.1,981.7,69.0,normal
2017-04-01,31.86,10.6,15.8,5.3,0.2,2.5,9.2,2.2,983.1,979.5,80.0,normal
2017-04-02,33.82,10.8,19.8,1.9,0.4,2.2,8.1,10.1,986.6,980.7,65.0,normal
2017-04-03,48.51,12.0,20.7,3.4,0.0,3.1,8.1,11.2,988.7,986.0,53.0,normal
2017-04-04,45.01,13.6,22.9,4.3,0.0,1.7,7.8,9.3,988.6,984.8,55.0,normal
2017-04-05,38.45,14.2,20.8,7.6,0.6,1.9,8.9,6.3,987.0,983.3,51.0,normal
2017-04-06,37.96,12.2,20.8,3.6,0.0,3.1,8.3,11.0,986.3,981.1,58.0,normal
2017-04-07,45.21,13.6,22.8,4.5,0.0,1.9,8.6,11.1,987.5,984.6,55.0,normal
2017-04-08,47.94,14.4,23.6,5.1,0.0,1.9,8.3,11.2,989.2,985.4,48.0,normal
2017-04-09,43.1,13.6,22.8,4.3,0.0,2.2,8.1,11.3,991.0,988.7,48.0,normal
2017-04-10,47.1,15.2,25.2,5.3,0.0,2.2,10.0,9.3,991.1,986.5,52.0,normal
2017-04-11,47.9,16.7,26.1,7.3,0.0,2.5,9.2,10.2,988.1,983.6,56.0,normal
2017-04-12,51.86,15.0,23.1,7.0,0.0,2.2,8.3,11.5,987.6,983.4,56.0,normal
2017-04-13,48.18,16.7,26.3,7.1,0.0,1.9,7.8,11.4,984.6,979.6,57.0,normal
2017-04-14,45.3,16.9,25.8,8.0,0.0,2.5,10.8,11.2,984.3,980.6,54.0,normal
2017-04-15,42.11,16.4,22.9,9.9,0.0,2.2,8.3,7.8,986.5,982.2,66.0,normal
2017-04-16,40.08,15.0,23.3,6.7,0.0,2.2,6.9,11.1,988.7,984.0,57.0,normal
2017-04-17,47.99,16.0,23.8,8.2,0.0,2.5,8.3,10.6,985.9,981.1,62.0,normal
2017-04-18,43.1,16.6,23.7,9.4,0.8,2.5,10.0,9.0,984.2,979.7,71.0,normal
2017-04-19,39.24,11.8,17.3,6.4,0.0,2.5,9.2,3.9,989.5,983.8,57.0,normal
2017-04-20,40.46,10.4,18.5,2.4,0.0,1.9,9.4,11.1,993.5,989.2,48.0,normal
2017-04-21,44.17,10.4,19.1,1.6,0.0,3.1,8.3,11.5,994.2,992.0,42.0,normal
2017-04-22,46.23,11.8,21.8,1.8,0.0,2.5,7.8,11.7,994.1,986.0,52.0,normal
2017-04-23,48.24,14.0,23.2,4.8,0.0,2.8,8.9,11.7,986.4,982.0,51.0,normal
2017-04-24,53.73,15.2,24.5,5.9,0.0,2.5,9.4,11.7,983.9,980.2,47.0,normal
2017-04-25,50.15,14.4,22.8,5.9,2.2,2.5,8.9,7.0,980.9,972.0,64.0,normal
2017-04-26,47.28,11.7,14.0,9.4,21.2,1.4,6.9,0.0,977.7,971.5,95.0,normal
2017-04-27,44.92,7.6,11.0,4.2,4.0,1.9,7.2,1.6,983.3,977.4,88.0,normal
2017-04-28,48.02,8.9,17.2,0.6,0.0,1.9,8.1,11.2,983.9,980.6,57.0,normal
2017-04-29,45.84,10.2,17.9,2.4,0.0,2.5,9.4,9.0,983.1,979.0,63.0,normal
2017-04-30,16.9,14.8,19.1,10.5,2.2,3.1,9.7,3.1,979.2,972.6,70.0,collapse
2017-05-01,37.88,12.4,18.9,6.0,0.0,2.2,13.1,11.9,986.2,977.3,37.0,normal
2017-05-02,51.73,13.0,20.3,5.7,0.0,2.8,7.8,1.3,986.2,982.5,62.0,normal
2017-05-03,49.25,13.7,17.2,10.2,1.4,1.9,7.8,3.8,985.0,981.3,85.0,normal
2017-05-04,48.36,15.4,22.7,8.0,0.0,2.2,8.9,9.4,982.6,977.3,66.0,normal
2017-05-05,43.26,16.6,23.5,9.8,0.0,2.2,11.1,8.8,980.9,975.9,60.0,normal
2017-05-06,41.12,17.8,23.9,11.6,0.0,3.9,13.3,12.6,986.1,975.5,44.0,normal
2017-05-07,45.86,16.6,25.6,7.5,0.0,1.9,11.4,11.8,986.5,982.7,52.0,normal
2017-05-08,48.6,17.2,25.0,9.4,0.0,2.2,9.4,8.6,985.2,980.1,61.0,normal
2017-05-09,51.34,15.8,23.4,8.1,0.0,2.5,9.4,10.5,981.4,973.3,57.0,normal
2017-05-10,47.24,17.2,23.6,10.7,0.8,2.8,8.9,10.3,974.4,969.7,60.0,normal
2017-05-11,40.98,16.8,20.9,12.7,7.6,1.9,9.7,5.5,970.1,966.0,79.0,normal
2017-05-12,43.11,16.6,24.1,9.2,0.0,3.1,11.7,11.8,977.6,969.7,50.0,normal
2017-05-13,42.56,17.8,25.1,10.4,0.0,2.2,11.1,12.7,985.7,977.3,44.0,normal
2017-05-14,44.13,19.2,25.5,13.0,0.0,2.5,8.6,10.5,992.5,985.6,47.0,normal
2017-05-15,49.11,19.7,28.7,10.7,0.0,2.2,10.3,12.3,994.5,991.0,47.0,normal
2017-05-16,52.0,20.9,29.2,12.6,0.0,2.8,8.9,12.5,993.0,989.0,42.0,normal
2017-05-17,47.87,20.0,28.6,11.5,0.0,2.8,8.6,9.5,990.4,982.4,39.0,normal
2017-05-18,43.58,18.4,26.2,10.5,2.2,1.7,11.9,6.0,982.5,977.4,59.0,normal
2017-05-19,46.37,15.7,22.4,9.0,0.0,2.8,9.2,12.1,987.5,981.8,40.0,normal
2017-05-20,45.92,16.4,24.8,8.0,0.0,3.6,9.7,13.0,990.6,987.1,47.0,normal
2017-05-21,40.27,17.7,26.8,8.6,0.0,2.5,8.6,12.2,990.4,983.9,52.0,normal
2017-05-22,48.61,20.0,27.9,12.2,0.0,2.5,10.6,11.7,985.0,981.7,47.0,normal
2017-05-23,46.35,21.6,31.1,12.2,0.0,2.5,8.9,12.1,987.3,984.8,46.0,normal
2017-05-24,47.92,22.9,32.2,13.6,0.0,2.2,7.8,13.3,987.5,983.1,41.0,normal
2017-05-25,53.07,23.5,33.5,13.5,0.0,2.5,8.9,13.4,984.4,979.0,32.0,normal
2017-05-26,52.52,21.8,30.4,13.3,0.0,3.1,10.0,13.4,983.2,980.2,40.0,normal
2017-05-27,47.68,21.2,28.3,14.2,0.0,3.3,9.7,11.4,986.6,983.1,49.0,normal
2017-05-28,44.66,21.4,30.2,12.6,0.0,3.1,8.9,13.0,987.0,983.9,41.0,normal
2017-05-29,52.36,20.4,28.6,12.2,0.0,1.7,8.3,7.4,984.7,981.2,37.0,normal
2017-05-30,53.08,18.2,23.1,13.4,1.0,1.9,6.4,0.6,985.5,981.4,50.0,normal
2017-05-31,53.69,21.4,29.0,13.8,0.0,1.9,9.4,9.2,987.0,983.7,48.0,normal
2017-06-01,55.2,21.8,28.9,14.6,0.0,2.5,10.0,10.6,986.6,983.8,41.0,normal
2017-06-02,52.75,22.3,30.9,13.7,0.4,2.5,11.9,10.7,985.5,981.5,54.0,normal
2017-06-03,48.47,22.1,27.2,17.0,0.2,1.7,10.3,4.8,984.6,980.7,57.0,normal
2017-06-04,42.87,18.2,22.2,14.2,10.6,1.1,7.2,0.4,985.1,980.5,72.0,normal
2017-06-05,47.24,20.3,25.7,14.9,0.0,2.5,7.2,7.4,981.7,978.4,60.0,normal
2017-06-06,47.26,20.3,28.9,11.7,0.0,3.9,11.1,9.6,985.0,977.8,54.0,normal
2017-06-07,49.54,18.9,24.2,13.6,0.0,3.3,10.8,13.3,988.2,984.9,52.0,normal
2017-06-08,48.12,22.6,29.6,15.7,0.0,3.1,10.6,12.6,986.2,981.0,54.0,normal
2017-06-09,51.2,23.2,30.4,16.0,0.0,2.5,8.9,13.1,984.9,980.6,46.0,normal
2017-06-10,49.36,23.8,33.3,14.4,0.0,2.5,9.7,13.8,985.4,982.7,39.0,normal
2017-06-11,44.27,25.6,36.0,15.1,0.0,2.5,10.3,13.8,985.0,981.7,26.0,normal
2017-06-12,48.89,25.2,34.2,16.1,0.0,2.8,9.4,13.8,984.7,981.5,27.0,normal
2017-06-13,50.53,26.6,35.7,17.4,0.0,2.5,10.3,13.8,982.1,979.3,26.0,normal
2017-06-14,53.79,25.8,35.5,16.2,0.0,2.8,8.3,13.8,982.5,979.1,26.0,normal
2017-06-15,53.71,27.0,36.6,17.3,0.0,2.2,8.9,12.0,985.9,981.7,25.0,normal
2017-06-16,51.02,27.7,35.4,20.0,0.0,2.5,9.2,13.8,987.2,983.8,34.0,normal
2017-06-17,50.22,27.6,36.1,19.2,0.0,3.1,9.7,13.7,986.0,981.3,41.0,normal
2017-06-18,50.36,26.4,34.7,18.1,0.0,2.8,10.0,13.8,985.5,981.1,37.0,normal
2017-06-19,53.03,25.0,32.8,17.2,0.0,2.8,9.4,13.9,986.8,984.4,41.0,normal
2017-06-20,54.21,25.8,33.9,17.6,0.0,2.2,9.2,12.4,986.6,982.5,43.0,normal
2017-06-21,56.84,26.9,35.8,18.0,0.0,1.9,10.0,8.3,984.3,981.2,45.0,normal
2017-06-22,55.99,27.4,37.1,17.7,0.0,2.8,10.3,12.6,986.3,982.8,40.0,normal
2017-06-23,52.8,27.6,36.7,18.6,0.0,2.8,11.1,13.4,987.1,983.6,40.0,normal
2017-06-24,51.96,26.2,34.2,18.3,0.0,2.8,9.2,12.9,986.0,981.4,46.0,normal
2017-06-25,47.85,25.6,29.9,21.2,0.4,2.5,6.7,2.0,984.9,980.5,67.0,normal
2017-06-26,54.64,26.2,33.3,19.2,0.0,2.5,10.0,7.0,980.6,974.8,44.0,normal
2017-06-27,51.29,24.0,30.6,17.5,0.0,2.8,10.8,10.8,977.1,971.2,47.0,normal
2017-06-28,43.66,22.8,29.3,16.4,,4.4,19.7,9.9,974.2,968.9,33.0,normal
2017-06-29,44.44,20.0,25.8,14.1,0.0,3.6,11.4,13.8,977.6,973.0,31.0,normal
2017-06-30,45.06,19.1,25.7,12.5,0.0,3.3,11.7,12.6,983.8,977.5,32.0,normal
2017-07-01,44.6,20.0,26.6,13.3,0.4,1.9,8.9,7.0,988.5,983.7,49.0,normal
2017-07-02,42.67,22.0,30.5,13.4,0.0,2.8,9.2,13.8,989.5,985.7,35.0,normal
2017-07-03,47.36,23.0,32.2,13.9,0.0,2.5,10.6,13.7,989.8,985.3,34.0,normal
2017-07-04,49.04,24.2,33.3,15.2,0.0,3.1,9.7,13.7,987.0,983.0,33.0,normal
2017-07-05,48.65,22.8,32.1,13.4,0.0,3.6,10.6,13.7,985.6,982.1,36.0,normal
2017-07-06,52.25,26.2,36.1,16.4,0.0,1.7,10.3,5.6,986.3,982.5,38.0,normal
2017-07-07,50.2,27.4,36.2,18.5,0.0,2.5,10.8,10.0,986.5,982.7,27.0,normal
2017-07-08,48.27,26.0,30.9,21.2,2.0,1.4,9.2,4.0,984.1,978.8,45.0,normal
2017-07-09,46.78,25.1,32.2,18.0,0.0,2.5,8.6,11.4,981.0,977.8,52.0,normal
2017-07-10,48.84,24.8,31.8,17.9,0.0,2.8,10.8,11.4,982.0,978.5,48.0,normal
2017-07-11,50.23,25.4,33.1,17.7,0.0,2.8,9.7,10.6,983.9,979.7,47.0,normal
2017-07-12,50.12,28.4,36.3,20.6,0.0,3.3,11.9,11.5,986.0,981.4,54.0,normal
2017-07-13,53.11,26.7,33.4,20.0,0.0,3.3,12.5,13.5,985.9,980.7,55.0,normal
2017-07-14,49.21,27.4,32.1,22.8,0.0,3.3,10.3,9.6,985.0,982.3,60.0,normal
2017-07-15,47.23,27.6,34.8,20.4,0.0,2.8,10.0,10.9,986.0,982.2,45.0,normal
2017-07-16,47.04,26.2,33.1,19.2,0.0,3.1,12.5,13.4,986.9,984.3,53.0,normal
2017-07-17,49.24,25.6,32.3,18.9,0.0,3.1,10.3,11.8,986.6,983.6,41.0,normal
2017-07-18,49.3,25.5,33.9,17.1,0.0,2.8,9.7,12.0,985.1,980.9,38.0,normal
2017-07-19,49.2,26.9,34.4,19.4,0.0,2.8,11.4,10.3,983.9,978.6,43.0,normal
2017-07-20,48.79,25.7,32.0,19.4,0.2,3.1,10.0,10.5,980.2,977.0,50.0,normal
2017-07-21,48.57,22.8,27.4,18.3,4.0,1.7,5.0,5.5,980.1,977.1,70.0,normal
2017-07-22,48.74,24.6,32.1,17.2,0.0,3.1,10.6,12.6,983.7,979.4,61.0,normal
2017-07-23,46.74,24.5,30.0,19.0,1.6,2.8,12.5,6.0,985.4,981.5,72.0,normal
2017-07-24,47.67,25.2,33.8,16.6,0.0,2.5,8.9,12.5,983.9,978.8,46.0,normal
2017-07-25,46.96,24.6,31.7,17.4,0.0,2.8,10.0,10.7,982.7,978.3,40.0,normal
2017-07-26,50.44,23.8,30.9,16.8,0.0,2.2,9.7,12.7,981.8,978.9,39.0,normal
2017-07-27,53.82,25.2,33.9,16.5,0.0,3.1,10.6,12.9,982.3,978.1,50.0,normal
2017-07-28,50.74,25.9,32.7,19.1,0.0,3.6,9.7,12.6,984.0,980.9,52.0,normal
2017-07-29,49.06,26.0,34.0,18.1,0.0,2.8,9.4,12.8,984.0,980.2,47.0,normal
2017-07-30,44.77,26.3,34.9,17.7,0.0,2.8,9.7,12.1,981.3,977.4,41.0,normal
2017-07-31,48.01,27.8,35.9,19.7,0.0,3.3,10.8,11.9,979.7,975.8,41.0,normal
2017-08-01,50.53,25.0,29.9,20.2,0.4,1.9,6.7,3.6,985.7,977.5,58.0,normal
2017-08-02,51.31,27.6,37.1,18.1,0.0,2.8,10.0,10.5,985.9,982.3,46.0,normal
2017-08-03,51.42,30.4,38.7,22.1,0.0,2.8,10.3,12.4,984.2,980.6,38.0,normal
2017-08-04,50.39,30.0,39.7,20.2,0.0,2.8,9.7,12.6,982.5,978.9,31.0,normal
2017-08-05,46.53,29.0,36.8,21.3,0.0,2.5,9.7,12.0,982.9,979.7,38.0,normal
2017-08-06,41.28,28.3,34.0,22.6,0.0,2.2,8.3,8.1,984.7,982.0,46.0,normal
2017-08-07,47.82,26.2,32.1,20.4,0.0,2.5,9.7,6.7,984.0,978.2,55.0,normal
2017-08-08,46.57,24.8,29.5,20.1,0.0,3.3,10.6,7.4,983.3,976.6,52.0,normal
2017-08-09,45.71,22.0,28.4,15.7,5.6,3.1,8.6,4.1,986.6,981.9,55.0,normal
2017-08-10,44.08,20.6,27.9,13.2,0.0,2.5,8.3,11.0,987.4,983.9,43.0,normal
2017-08-12,43.22,22.0,29.3,14.6,0.0,2.8,10.8,11.9,988.6,985.0,51.0,normal
2017-08-13,41.9,22.7,30.5,14.9,0.0,3.1,9.7,11.8,987.1,983.1,53.0,normal
2017-08-14,44.25,24.1,32.9,15.3,0.0,2.5,9.7,11.7,985.9,983.1,44.0,normal
2017-08-15,42.67,23.1,31.8,14.4,0.0,2.2,10.3,8.6,986.6,983.6,48.0,normal
2017-08-23,50.19,,,,0.2,,,,,,,normal
2017-08-24,49.39,27.0,34.3,19.7,0.0,3.3,8.9,9.6,984.9,982.2,30.0,normal
2017-08-25,51.14,24.6,33.6,15.5,0.0,2.8,8.6,10.1,985.4,981.8,40.0,normal
2017-08-26,49.73,26.2,33.7,18.8,0.0,3.1,8.9,10.2,984.3,981.1,54.0,normal
2017-08-27,48.37,27.3,34.4,20.2,0.0,2.8,10.0,6.7,983.3,981.0,60.0,normal
2017-08-28,51.96,28.1,37.6,18.6,0.0,2.2,10.8,9.4,983.2,979.3,53.0,normal
2017-08-29,53.28,26.4,32.9,20.0,1.4,1.7,9.4,4.4,982.3,979.8,50.0,normal
2017-08-30,51.59,23.8,29.4,18.3,,2.5,7.8,2.6,983.6,980.0,60.0,normal
2017-08-31,47.07,21.0,24.2,17.7,,2.5,10.3,4.1,985.8,980.7,84.0,normal
2017-09-01,46.81,21.2,27.4,15.0,0.0,3.1,10.0,7.9,986.1,982.1,52.0,normal
2017-09-02,42.75,20.5,28.8,12.2,0.0,3.1,9.7,11.1,987.0,982.9,45.0,normal
2017-09-03,46.94,20.8,28.7,12.9,,2.5,8.3,6.6,986.0,978.5,54.0,normal
2017-09-04,49.25,23.1,28.7,17.5,,2.8,8.6,6.7,987.6,978.8,64.0,normal
2017-09-05,51.27,23.6,32.1,15.0,0.0,2.2,7.2,10.7,988.7,985.0,57.0,normal
2017-09-06,47.86,24.2,29.6,18.8,0.6,2.8,11.1,7.5,988.3,984.2,64.0,normal
2017-09-07,48.12,22.0,29.0,15.0,0.0,1.9,7.5,10.6,985.9,980.5,55.0,normal
2017-09-08,50.64,19.3,26.1,12.5,0.0,2.8,10.6,8.3,982.7,976.8,66.0,normal
2017-09-09,40.41,18.2,22.4,13.9,2.4,1.9,9.2,0.8,976.8,970.8,85.0,normal
2017-09-10,37.25,17.9,26.5,9.3,0.0,2.8,12.5,10.3,977.0,972.5,46.0,normal
2017-09-11,45.87,20.9,29.8,12.0,0.0,3.9,14.7,,978.4,974.2,44.0,normal
2017-09-12,49.76,21.2,26.9,15.6,0.0,2.2,8.3,8.4,987.6,978.4,54.0,normal
2017-09-13,50.12,22.2,30.5,13.9,0.0,1.7,7.8,10.8,989.4,984.8,51.0,normal
2017-09-14,47.68,22.8,31.1,14.5,16.2,2.2,11.1,8.1,985.4,979.8,65.0,normal
2017-09-15,46.31,12.6,14.9,10.4,9.2,0.8,4.2,0.0,983.8,979.4,95.0,normal
2017-09-16,48.64,14.6,19.8,9.4,0.0,1.4,7.2,5.7,982.7,978.7,65.0,normal
2017-09-17,48.46,14.6,22.9,6.2,0.0,2.2,12.5,10.3,985.1,981.9,50.0,normal
2017-09-18,48.1,18.1,23.8,12.4,0.6,2.8,8.6,6.4,985.8,981.0,58.0,normal
2017-09-19,52.02,17.6,24.3,10.9,0.0,2.8,7.8,10.6,987.8,984.2,53.0,normal
2017-09-20,53.86,16.2,24.2,8.3,0.0,1.9,7.8,10.4,987.6,984.1,53.0,normal
2017-09-21,52.12,17.8,26.8,8.9,0.0,1.9,6.9,9.9,985.9,982.1,66.0,normal
2017-09-22,50.43,19.4,24.8,14.0,2.2,2.8,12.5,3.3,988.5,985.4,85.0,normal
2017-09-23,50.78,19.2,26.0,12.3,0.0,2.2,7.8,8.1,988.4,984.3,72.0,normal
2017-09-24,49.16,22.6,29.0,16.1,0.0,2.5,7.8,8.9,986.9,983.6,66.0,normal
2017-09-25,51.62,20.3,26.0,14.6,4.2,1.9,10.0,4.4,987.0,982.6,79.0,normal
2017-09-26,52.33,18.6,24.6,12.7,0.0,1.9,6.9,8.1,988.2,984.9,,normal
2017-09-27,54.95,19.4,25.2,13.6,0.0,1.9,7.2,9.5,990.3,986.5,68.0,normal
2017-09-28,54.21,20.2,26.5,13.8,0.0,1.7,8.9,8.2,992.0,989.0,66.0,normal
2017-09-29,54.08,20.4,27.0,13.7,0.0,1.9,8.3,7.5,990.2,985.8,67.0,normal
2017-09-30,52.78,18.2,22.5,14.0,1.8,0.8,6.4,1.5,987.5,984.8,83.0,normal
2017-10-01,50.09,18.4,22.2,14.6,0.0,1.9,7.2,3.0,988.6,985.8,83.0,normal
2017-10-02,54.82,20.4,25.4,15.3,0.0,1.7,7.2,5.9,990.0,987.9,74.0,normal
2017-10-03,56.69,21.0,27.1,15.0,0.0,1.4,7.2,5.8,989.9,985.7,68.0,normal
2017-10-04,57.52,20.4,25.6,15.1,0.0,2.2,8.6,9.8,991.3,988.5,81.0,normal
2017-10-05,57.84,21.6,29.1,14.2,0.0,1.4,6.7,7.9,990.0,983.8,68.0,normal
2017-10-06,51.67,20.8,26.9,14.7,0.0,2.5,6.7,9.2,986.4,982.2,63.0,normal
2017-10-07,53.27,17.6,24.4,10.8,0.0,1.9,9.2,8.3,989.9,986.4,63.0,normal
2017-10-08,53.98,17.0,25.7,8.3,0.0,1.7,5.6,9.0,988.1,983.6,60.0,normal
2017-10-09,60.65,17.0,25.3,8.7,0.0,1.7,8.9,8.6,987.2,984.5,69.0,normal
2017-10-10,64.58,19.4,25.6,13.3,0.0,1.7,7.2,9.5,988.4,985.2,67.0,normal
2017-10-11,63.77,20.2,26.7,13.6,0.0,1.7,7.2,8.1,990.6,986.5,68.0,normal
2017-10-12,60.01,20.5,26.4,14.6,0.0,1.9,6.4,6.6,993.5,990.4,70.0,normal
2017-10-13,61.87,20.4,26.7,14.1,0.0,2.2,7.8,7.9,993.0,990.1,70.0,normal
2017-10-14,60.17,19.7,24.9,14.5,0.0,2.5,7.2,5.4,994.2,991.6,73.0,normal
2017-10-15,50.5,19.5,25.8,13.2,0.0,1.7,6.1,5.5,995.0,991.4,75.0,normal
2017-10-16,54.17,19.9,25.4,14.4,,1.7,6.4,8.1,993.9,990.5,67.0,normal
2017-10-18,58.62,17.4,20.9,13.9,41.0,1.4,8.9,1.2,985.9,976.7,92.0,normal
2017-10-19,61.37,14.6,15.6,13.6,25.2,1.7,5.6,0.0,979.2,974.4,99.0,normal
2017-10-20,55.5,17.8,23.2,12.3,0.0,1.4,5.0,6.6,987.0,979.1,,normal
2017-10-21,53.3,17.4,24.1,10.8,0.0,1.4,7.2,6.1,989.1,985.4,,normal
2017-10-22,53.28,15.3,19.6,11.0,0.0,1.7,11.4,9.0,991.0,988.2,60.0,normal
2017-10-23,61.75,14.0,20.3,7.7,0.0,1.4,5.6,8.9,992.0,988.4,67.0,normal
2017-10-24,61.4,15.4,23.8,7.1,0.0,1.7,5.3,8.9,991.2,987.7,63.0,normal
2017-10-25,62.59,16.6,25.1,8.1,0.0,1.4,6.1,8.9,992.2,989.1,71.0,normal
2017-10-26,60.04,16.8,24.4,9.3,0.2,1.7,6.4,7.3,993.6,990.8,81.0,normal
2017-10-27,57.71,16.8,23.5,10.0,0.0,2.2,6.7,8.2,993.3,988.7,,normal
2017-10-28,50.26,15.8,22.1,9.4,0.0,1.1,4.7,7.0,991.9,988.0,,normal
2017-10-29,46.73,13.0,19.5,6.5,0.0,2.5,8.1,8.9,988.7,983.3,62.0,normal
2017-10-30,50.88,11.9,17.5,6.3,0.0,1.9,5.8,5.4,986.3,982.1,78.0,normal
2017-10-31,56.87,13.6,19.2,7.9,0.0,1.1,5.8,5.6,989.7,986.0,69.0,normal
2017-11-01,48.8,12.2,19.2,5.1,0.0,1.1,6.4,5.5,990.6,986.4,81.0,normal
2017-11-02,56.27,14.3,20.2,8.4,0.0,0.8,4.4,3.4,987.8,983.3,89.0,normal
2017-11-03,58.67,15.4,20.7,10.0,0.0,0.8,5.0,5.2,983.4,978.5,88.0,normal
2017-11-04,53.91,15.5,20.1,10.9,8.6,1.1,4.7,2.3,979.9,975.8,90.0,normal
2017-11-05,40.21,13.3,18.0,8.6,0.0,3.1,10.8,6.8,983.5,976.1,64.0,normal
2017-11-06,54.65,8.0,14.9,1.1,0.0,3.1,13.3,8.7,983.1,979.3,45.0,normal
2017-11-07,58.0,5.8,12.7,-1.1,0.0,2.5,8.1,8.7,984.6,981.0,50.0,normal
2017-11-08,57.45,4.8,10.5,-1.0,0.0,0.8,3.3,2.2,986.8,984.2,71.0,normal
2017-11-09,57.43,7.3,14.1,0.5,0.0,1.7,5.8,7.3,989.8,985.8,69.0,normal
2017-11-10,58.34,6.5,13.3,-0.3,0.0,1.4,6.4,5.1,991.3,988.7,69.0,normal
2017-11-11,56.11,7.9,14.1,1.7,0.0,1.7,7.2,1.8,989.5,986.0,88.0,normal
2017-11-12,51.73,9.9,14.8,5.0,0.0,1.9,6.7,6.9,986.1,975.7,84.0,normal
2017-11-13,52.03,9.1,15.0,3.2,0.0,1.9,9.4,8.0,980.9,974.8,45.0,normal
2017-11-14,57.87,6.6,14.0,-0.8,0.0,0.8,7.2,7.9,986.7,980.7,49.0,normal
2017-11-15,64.6,6.2,15.0,-2.5,0.0,1.1,3.6,7.9,986.7,983.2,59.0,normal
2017-11-16,67.07,7.2,16.4,-1.9,0.0,0.8,3.9,7.8,988.0,984.7,59.0,normal
2017-11-17,67.1,8.1,17.6,-1.4,0.0,1.1,3.6,7.8,987.4,983.9,59.0,normal
2017-11-18,59.94,8.4,17.3,-0.4,0.0,0.8,3.6,7.8,987.5,984.7,66.0,normal
2017-11-19,59.74,7.3,15.0,-0.4,0.0,1.1,3.9,7.7,989.2,985.7,75.0,normal
2017-11-20,67.6,8.2,17.0,-0.5,0.0,0.8,2.8,7.7,990.1,987.3,72.0,normal
2017-11-21,64.75,9.3,18.8,-0.2,0.0,0.8,3.1,7.7,988.7,985.1,67.0,normal
2017-11-22,59.17,8.4,17.6,-0.7,0.0,0.8,5.6,7.6,985.7,980.2,78.0,normal
2017-11-23,57.33,11.3,17.5,5.1,0.0,0.8,3.3,5.3,985.3,982.0,76.0,normal
2017-11-24,61.18,12.0,19.9,4.1,0.0,1.4,7.8,4.0,985.6,982.9,54.0,normal
2017-11-25,55.6,10.7,17.0,4.4,0.0,1.7,6.4,3.9,988.4,981.1,66.0,normal
2017-11-26,56.07,6.4,12.9,-0.2,0.0,2.5,8.6,7.6,995.3,988.4,58.0,normal
2017-11-27,66.32,5.4,12.5,-1.8,0.0,0.8,4.4,7.0,996.0,988.8,66.0,normal
2017-11-28,69.57,5.0,12.0,-2.1,0.0,1.9,7.8,7.5,988.8,976.7,66.0,normal
2017-11-29,68.63,1.7,5.9,-2.5,0.0,0.8,2.8,0.4,976.7,972.0,78.0,normal
2017-11-30,69.56,3.4,9.8,-3.1,0.0,2.2,9.2,7.5,980.4,975.5,59.0,normal
2017-12-01,66.33,2.2,7.6,-3.2,0.0,1.7,6.7,1.5,980.1,974.8,70.0,normal
2017-12-02,61.6,1.8,9.1,-5.5,0.0,0.8,10.3,4.6,983.6,975.3,40.0,normal
2017-12-03,61.09,2.2,8.4,-4.0,0.0,1.7,8.3,7.3,995.5,983.6,43.0,normal
2017-12-04,72.37,2.8,11.3,-5.8,0.0,1.1,7.5,7.5,1000.6,995.5,59.0,normal
2017-12-05,76.54,2.8,9.9,-4.3,0.0,1.4,4.2,5.1,1002.3,999.1,72.0,normal
2017-12-06,75.7,2.8,10.9,-5.2,0.0,0.8,2.2,7.3,1000.9,996.9,73.0,normal
2017-12-07,71.07,2.6,9.4,-4.2,0.0,0.8,3.6,5.8,998.1,992.3,72.0,normal
2017-12-08,66.2,3.0,7.9,-1.9,0.0,1.4,4.4,2.1,992.3,986.6,78.0,normal
2017-12-09,68.43,4.4,11.1,-2.3,0.0,0.8,3.9,7.2,989.3,984.6,72.0,normal
2017-12-10,48.86,7.8,13.5,2.1,0.2,1.9,11.1,0.2,984.6,961.8,71.0,normal
2017-12-11,50.17,9.0,14.3,3.8,1.8,3.6,12.5,0.7,969.6,955.2,65.0,normal
2017-12-12,69.01,4.4,9.9,-1.0,0.0,1.9,6.4,5.0,988.3,969.6,76.0,normal
2017-12-13,69.53,2.2,7.8,-3.3,0.0,1.7,7.8,1.4,990.4,984.3,76.0,normal
2017-12-14,61.22,7.2,13.0,1.4,1.8,2.8,8.3,1.9,984.3,975.2,76.0,normal
2017-12-15,58.86,8.8,13.2,4.4,0.0,1.7,10.8,6.9,976.0,970.7,71.0,normal
2017-12-16,57.58,5.8,13.0,-1.3,0.0,1.4,8.6,7.2,988.2,975.9,55.0,normal
2017-12-17,55.66,4.2,10.9,-2.6,0.0,2.2,7.5,7.2,995.1,988.1,56.0,normal
2017-12-18,64.86,1.4,5.5,-2.6,0.0,1.9,7.2,0.0,995.4,985.7,80.0,normal
2017-12-19,63.32,3.1,9.8,-3.6,0.0,0.8,5.8,5.5,998.4,990.3,79.0,normal
2017-12-20,66.43,2.8,7.6,-2.1,0.0,1.1,4.2,5.6,999.0,995.2,83.0,normal
2017-12-21,65.58,6.2,12.7,-0.4,0.0,0.8,5.6,7.3,1002.0,998.9,72.0,normal
2017-12-22,60.03,5.8,11.8,-0.3,0.0,1.4,8.6,6.6,1000.0,996.4,75.0,normal
2017-12-23,54.9,4.6,9.0,0.3,0.0,1.7,5.0,3.2,1001.1,998.3,85.0,normal
2017-12-24,52.18,4.6,9.7,-0.5,0.0,1.9,4.7,4.7,1000.1,994.1,84.0,normal
2017-12-25,47.18,2.0,7.1,-3.1,0.0,0.6,2.5,0.9,994.7,984.7,86.0,normal
2017-12-26,45.41,4.4,9.0,-0.3,1.4,1.4,7.5,2.6,984.7,971.2,84.0,normal
2017-12-27,40.69,6.8,11.5,2.0,0.2,4.4,16.4,5.2,972.7,963.7,68.0,normal
2017-12-28,47.07,6.2,10.7,1.7,0.0,1.9,11.1,6.4,979.5,971.3,69.0,normal
2017-12-29,46.82,5.2,10.7,-0.3,0.2,1.7,6.9,4.7,987.6,979.5,81.0,normal
2017-12-30,35.29,9.1,17.2,1.0,0.0,1.7,7.5,7.2,990.4,986.7,78.0,normal
2017-12-31,16.15,7.6,14.9,0.3,0.0,1.7,11.7,3.8,990.4,981.2,75.0,collapse
2018-01-01,7.64,9.2,12.7,5.6,0.0,4.2,13.1,6.4,992.9,984.1,52.0,collapse
2018-01-02,37.69,9.2,15.7,2.6,0.0,1.1,8.1,6.5,991.3,987.6,69.0,normal
2018-01-03,37.95,12.6,19.0,6.3,0.0,3.3,13.3,6.2,990.5,986.0,66.0,normal
2018-01-04,36.55,13.0,19.1,6.8,0.0,4.2,13.3,7.2,986.5,981.7,65.0,normal
2018-01-05,42.2,10.0,16.3,3.6,0.0,2.8,12.2,7.5,981.7,971.5,64.0,normal
2018-01-06,45.84,6.8,13.1,0.5,1.8,0.8,9.7,0.3,971.5,963.8,80.0,normal
2018-01-07,44.75,8.0,12.3,3.6,12.4,1.9,10.6,0.0,974.1,964.4,86.0,normal
2018-01-08,65.11,6.1,9.6,2.6,0.0,1.9,6.9,2.9,979.1,973.9,86.0,normal
2018-01-09,58.59,7.0,11.3,2.6,0.0,0.8,5.8,6.1,983.9,979.0,64.0,normal
2018-01-10,53.92,6.0,11.4,0.5,0.0,1.4,9.7,7.5,982.5,978.7,75.0,normal
2018-01-11,51.11,6.6,11.6,1.5,0.0,3.1,8.6,7.5,985.7,978.6,62.0,normal
2018-01-12,60.04,4.8,10.1,-0.5,0.0,1.4,5.0,7.2,989.4,985.4,73.0,normal
2018-01-13,55.32,2.0,7.1,-3.1,2.4,0.8,3.1,2.3,989.1,980.5,77.0,normal
2018-01-14,53.17,5.0,8.8,1.2,0.0,1.7,7.5,2.0,986.6,979.2,79.0,normal
2018-01-15,57.99,4.2,8.0,0.4,0.0,1.9,8.9,2.2,991.0,986.3,83.0,normal
2018-01-16,51.68,7.8,14.7,0.8,0.0,1.7,9.4,7.7,988.2,983.0,73.0,normal
2018-01-17,52.56,9.8,16.0,3.6,0.0,2.5,9.4,7.7,992.2,981.2,58.0,normal
2018-01-18,57.6,6.2,12.6,-0.2,0.0,1.4,5.3,7.4,992.1,985.9,76.0,normal
2018-01-19,55.11,6.0,13.0,-1.1,0.0,1.1,4.2,5.6,987.1,982.7,78.0,normal
2018-01-20,47.59,6.6,14.1,-0.8,0.0,2.2,8.1,7.4,988.0,982.1,68.0,normal
2018-01-21,43.16,10.9,17.1,4.7,0.0,3.1,11.4,3.1,988.5,983.2,73.0,normal
2018-01-22,53.74,10.6,16.6,4.7,0.0,2.2,9.4,7.5,990.1,986.7,68.0,normal
2018-01-23,57.96,9.6,15.7,3.5,0.0,1.1,5.3,5.8,995.0,989.5,80.0,normal
2018-01-24,56.54,9.0,17.5,0.5,0.0,1.1,5.6,7.6,995.0,990.1,73.0,normal
2018-01-25,53.41,7.4,10.9,3.9,31.8,1.1,3.1,0.0,990.4,979.8,86.0,normal
2018-01-26,48.86,5.9,8.8,3.0,21.2,1.4,7.5,0.0,986.5,976.9,92.0,normal
2018-01-27,48.58,6.3,10.0,2.6,0.0,1.1,4.2,4.1,998.7,986.5,82.0,normal
2018-01-28,48.93,9.6,17.2,1.9,0.0,0.8,4.7,8.2,1002.6,998.6,68.0,normal
2018-01-29,54.7,7.8,15.3,0.3,0.0,1.4,6.1,8.3,1002.2,996.5,74.0,normal
2018-01-30,53.98,7.9,16.1,-0.3,0.0,0.8,3.9,8.3,997.6,991.9,74.0,normal
2018-01-31,57.07,7.6,16.1,-0.9,0.0,0.8,5.8,7.0,993.2,982.2,75.0,normal
2018-02-01,54.33,2.8,5.8,-0.2,3.8,1.1,4.7,0.0,982.2,972.0,88.0,normal
2018-02-02,50.79,3.7,9.5,-2.1,0.0,1.4,7.2,4.8,975.4,970.6,67.0,normal
2018-02-03,49.24,3.4,10.5,-3.6,0.0,3.1,10.3,6.5,978.1,974.4,66.0,normal
2018-02-04,52.7,3.8,5.5,2.1,28.8,1.7,5.3,0.0,978.3,975.8,90.0,normal
2018-02-05,55.45,4.8,6.3,3.3,18.8,2.2,5.3,0.0,975.9,973.5,93.0,normal
2018-02-06,53.79,7.0,10.3,3.7,0.0,1.7,8.3,1.2,973.9,970.7,82.0,normal
2018-02-07,56.2,4.0,8.6,-0.5,0.0,1.7,8.3,8.9,982.1,973.3,59.0,normal
2018-02-08,62.88,2.1,7.8,-3.6,0.0,1.9,6.1,4.9,984.6,981.4,73.0,normal
2018-02-09,60.92,1.6,7.7,-4.6,0.0,2.5,8.6,6.8,984.6,980.9,68.0,normal
2018-02-10,51.22,3.7,10.8,-3.4,0.0,1.1,8.3,9.1,983.9,979.9,47.0,normal
2018-02-11,49.17,4.8,12.9,-3.2,0.0,1.9,6.4,7.4,983.9,978.7,65.0,normal
2018-02-12,55.55,5.0,9.7,0.3,12.0,1.4,8.9,0.9,984.7,979.8,77.0,normal
2018-02-13,51.75,2.6,7.0,-1.7,0.0,3.3,11.9,6.6,985.0,978.8,70.0,normal
2018-02-14,48.41,4.3,10.8,-2.2,0.0,0.8,4.2,6.3,984.0,979.9,74.0,normal
2018-02-15,54.86,10.3,18.9,1.7,0.2,1.9,5.3,8.0,990.4,984.0,69.0,normal
2018-02-16,59.95,11.1,16.2,6.0,0.0,0.8,2.8,0.4,990.3,986.3,76.0,normal
2018-02-17,50.93,10.3,14.8,5.8,0.0,1.4,6.7,1.7,988.1,984.8,85.0,normal
2018-02-18,51.03,7.5,13.7,1.3,0.0,1.9,8.3,8.3,988.4,983.9,66.0,normal
2018-02-19,56.59,8.8,14.2,3.4,0.0,2.2,6.1,4.3,983.9,979.8,75.0,normal
2018-02-20,52.29,13.0,18.0,7.9,0.0,2.5,,6.1,979.8,973.1,60.0,normal
2018-02-21,49.75,6.7,12.8,0.6,0.0,2.5,12.2,7.9,975.0,971.7,46.0,normal
2018-02-22,53.42,4.0,10.9,-3.0,0.0,1.7,7.8,8.6,972.9,969.5,67.0,normal
2018-02-23,57.65,5.3,11.4,-0.8,0.0,1.7,6.1,8.8,973.2,970.5,59.0,normal
2018-02-24,59.43,5.0,13.1,-3.1,0.0,1.7,6.1,9.4,975.7,972.0,59.0,normal
2018-02-25,57.96,8.0,15.4,0.7,0.0,1.4,8.6,9.6,976.2,973.1,53.0,normal
2018-02-26,58.79,5.2,11.4,-1.1,0.0,3.1,9.4,2.5,975.3,970.3,74.0,normal
2018-02-27,64.1,3.0,6.6,-0.6,3.4,2.5,7.5,2.6,975.0,972.5,74.0,normal
2018-02-28,57.55,0.9,2.7,-0.9,27.2,1.4,5.6,0.0,974.5,964.0,96.0,normal
2018-03-01,51.6,6.4,11.5,1.3,3.4,0.8,12.8,0.1,964.0,953.9,90.0,normal
2018-03-02,50.61,10.2,14.2,6.3,3.2,2.8,18.3,5.6,967.8,955.9,49.0,normal
2018-03-03,44.53,10.6,16.9,4.4,0.2,2.5,12.5,8.8,967.5,960.7,64.0,normal
2018-03-04,44.51,10.0,16.0,3.9,0.0,0.8,5.3,2.4,965.8,961.8,71.0,normal
2018-03-05,50.99,8.2,12.8,3.6,6.8,1.4,10.3,3.0,964.3,956.1,80.0,normal
2018-03-06,49.93,9.5,15.2,3.8,0.0,2.8,13.6,8.7,966.8,958.7,61.0,normal
2018-03-07,51.35,8.0,14.8,1.3,0.0,3.1,12.2,10.2,977.4,966.8,59.0,normal
2018-03-08,48.0,8.5,15.2,1.8,0.0,1.7,7.2,4.7,977.9,973.8,69.0,normal
2018-03-09,43.13,11.4,21.1,1.7,0.2,1.9,7.2,9.2,979.2,975.1,66.0,normal
2018-03-10,31.96,16.1,23.1,9.1,0.8,2.2,11.1,6.1,975.1,968.7,65.0,normal
2018-03-11,7.64,12.6,17.0,8.2,0.2,4.2,15.0,8.4,968.8,964.5,61.0,collapse
2018-03-12,38.61,12.2,16.8,7.5,0.0,3.9,12.5,9.6,980.5,968.7,52.0,normal
2018-03-13,48.5,9.2,14.9,3.4,0.0,1.9,8.1,3.6,982.0,979.0,62.0,normal
2018-03-14,37.96,9.6,17.8,1.5,1.2,1.4,6.9,5.2,981.2,966.7,71.0,normal
2018-03-15,33.52,12.2,16.8,7.6,0.0,3.1,11.4,7.5,968.8,963.8,57.0,normal
2018-03-16,45.39,9.8,16.8,2.8,0.0,3.1,9.7,9.7,970.6,966.4,54.0,normal
2018-03-17,45.61,6.4,12.0,0.8,0.6,2.5,9.2,3.8,968.5,962.0,73.0,normal
2018-03-18,39.38,9.4,15.2,3.7,0.0,2.8,10.8,8.7,971.5,963.0,56.0,normal
2018-03-19,45.56,6.8,13.9,-0.3,8.8,2.2,11.1,5.2,972.7,966.0,68.0,normal
2018-03-20,38.76,8.2,15.3,1.0,,3.3,10.0,8.9,980.5,966.0,51.0,normal
2018-03-21,45.49,,,,,4.2,,,,,36.0,normal
2018-03-22,54.1,6.2,14.8,-2.4,0.0,2.8,11.4,10.6,985.6,978.9,42.0,normal
2018-03-23,46.53,9.2,18.3,0.1,3.2,3.6,8.6,8.8,979.1,965.1,46.0,normal
2018-03-24,22.91,6.3,7.4,5.2,27.6,1.1,6.1,0.0,968.4,960.0,92.0,normal
2018-03-25,43.12,8.7,12.3,5.1,0.8,1.1,6.1,0.6,978.5,968.4,80.0,normal
2018-03-26,50.2,10.8,17.9,3.7,0.0,1.9,8.1,7.3,985.9,978.5,69.0,normal
2018-03-27,46.78,10.4,19.3,1.4,0.0,1.9,7.8,8.6,987.1,983.2,67.0,normal
2018-03-28,44.22,14.1,22.4,5.8,0.0,3.1,11.4,11.0,984.2,975.9,48.0,normal
2018-03-29,27.73,13.2,18.7,7.7,0.0,3.3,10.6,9.4,976.5,972.4,60.0,normal
2018-03-30,4.5,10.5,16.5,4.5,0.0,2.8,12.2,9.0,972.5,967.2,48.0,collapse
2018-03-31,12.6,9.0,15.5,2.5,0.0,4.7,22.2,9.2,981.0,965.4,44.0,collapse
2018-04-01,25.94,9.2,18.9,-0.5,0.0,2.2,7.2,10.3,984.3,979.7,49.0,normal
2018-04-02,28.39,11.2,18.8,3.7,0.0,2.2,7.5,7.6,980.5,973.3,56.0,normal
2018-04-03,31.08,14.0,22.5,5.5,0.0,1.7,7.2,8.6,976.0,971.6,60.0,normal
2018-04-04,31.03,13.6,19.4,7.7,0.0,3.3,15.3,11.3,981.5,973.8,54.0,normal
2018-04-05,48.13,13.4,21.7,5.2,0.0,2.8,9.7,10.8,986.2,981.4,58.0,normal
2018-04-06,37.8,12.0,20.2,3.7,1.4,1.9,7.8,6.7,983.8,979.0,61.0,normal
2018-04-07,41.41,13.6,18.6,8.5,0.6,2.5,10.8,4.2,979.6,972.2,63.0,normal
2018-04-08,33.76,10.8,12.3,9.2,14.0,0.8,6.7,0.0,972.4,969.3,88.0,normal
2018-04-09,49.61,12.0,18.0,5.9,0.0,3.3,10.8,7.0,973.9,971.6,71.0,normal
2018-04-10,46.31,9.0,15.9,2.0,28.4,2.5,9.7,5.3,972.9,963.4,71.0,normal
2018-04-11,40.64,9.6,13.2,5.9,3.4,2.2,13.6,1.3,963.5,957.4,76.0,normal
2018-04-12,47.93,10.3,17.7,2.9,0.0,1.9,7.5,7.9,971.0,963.3,68.0,normal
2018-04-13,58.97,9.8,12.6,7.0,8.2,1.4,3.6,0.0,980.3,970.7,88.0,normal
2018-04-14,50.1,11.4,13.3,9.5,8.6,1.1,5.3,0.0,983.4,979.9,91.0,normal
2018-04-15,37.9,14.8,21.3,8.2,0.0,3.1,9.4,10.9,982.3,976.8,62.0,normal
2018-04-16,48.11,14.6,19.5,9.6,0.0,1.7,7.2,0.7,986.5,978.3,69.0,normal
2018-04-17,51.75,16.6,24.4,8.9,0.0,1.7,6.7,9.8,991.4,986.5,61.0,normal
2018-04-18,51.44,17.4,26.2,8.7,0.0,1.9,8.9,8.5,992.2,989.8,53.0,normal
2018-04-19,46.35,16.2,23.7,8.8,0.0,1.4,8.3,8.2,991.8,989.2,52.0,normal
2018-04-20,40.29,15.8,23.9,7.8,0.0,2.2,7.8,11.3,990.4,986.9,55.0,normal
2018-04-21,38.37,16.8,25.2,8.5,0.0,2.5,7.2,11.3,987.8,983.9,49.0,normal
2018-04-22,41.04,17.4,25.9,9.0,0.0,2.2,8.6,9.3,985.5,981.6,51.0,normal
2018-04-23,50.23,17.8,26.2,9.5,0.0,1.9,7.5,6.4,986.2,983.9,52.0,normal
2018-04-24,48.35,19.0,27.0,10.9,0.0,1.9,8.3,10.9,986.7,982.7,53.0,normal
2018-04-25,45.94,19.4,28.1,10.8,0.0,2.2,10.3,9.5,985.0,982.2,55.0,normal
2018-04-26,46.33,19.0,25.1,13.0,0.0,3.1,8.9,10.9,984.5,979.8,59.0,normal
2018-04-27,49.72,18.8,27.0,10.5,1.8,1.9,10.6,8.1,980.7,975.5,69.0,normal
2018-04-28,43.85,17.5,22.4,12.6,0.0,2.2,7.2,8.3,979.1,973.5,69.0,normal
2018-04-29,27.21,12.2,17.1,7.3,9.0,1.9,16.9,3.9,978.2,969.6,72.0,normal
2018-04-30,42.17,11.3,17.3,5.3,0.0,2.2,8.6,10.5,979.0,976.9,51.0,normal
2018-05-01,39.67,10.2,16.0,4.5,3.4,1.1,9.2,1.7,980.0,978.0,67.0,normal
2018-05-02,45.24,12.5,21.2,3.8,0.0,2.2,9.2,10.0,979.2,974.5,52.0,normal
2018-05-03,42.87,14.3,21.6,7.0,0.0,3.1,11.9,4.2,976.8,973.0,63.0,normal
2018-05-04,42.16,14.4,19.8,9.0,0.0,1.4,10.8,1.8,980.8,976.4,55.0,normal
2018-05-05,45.36,15.2,20.0,10.3,2.6,1.1,5.3,1.0,984.0,980.3,73.0,normal
2018-05-06,47.6,15.8,22.4,9.1,7.2,1.7,6.1,3.2,985.1,981.7,80.0,normal
2018-05-07,56.43,18.9,24.3,13.5,8.6,1.1,5.8,2.8,982.8,978.9,79.0,normal
2018-05-09,55.72,17.9,23.2,12.6,0.0,1.1,8.6,4.8,976.9,974.5,73.0,normal
2018-05-10,52.74,16.6,20.4,12.8,0.0,1.9,8.6,4.6,984.7,976.3,74.0,normal
2018-05-11,58.7,18.2,24.4,12.1,0.0,2.8,7.5,11.4,984.3,980.2,65.0,normal
2018-05-12,44.05,15.0,19.4,10.5,20.6,2.2,8.9,0.4,983.1,976.5,84.0,normal
2018-05-13,34.23,12.9,18.7,7.1,0.0,3.9,12.2,7.2,982.5,979.4,50.0,normal
2018-05-14,52.38,12.1,19.1,5.1,0.0,2.5,8.3,7.4,983.4,979.6,52.0,normal
2018-05-15,49.85,14.9,22.6,7.2,0.0,2.2,10.3,9.6,983.5,980.0,52.0,normal
2018-05-16,51.49,16.9,24.9,8.9,0.0,1.7,7.8,9.5,983.6,980.3,58.0,normal
2018-05-17,54.01,18.5,25.5,11.5,0.0,1.9,10.0,7.9,983.6,980.0,56.0,normal
2018-05-18,57.24,17.6,23.6,11.7,0.2,2.2,7.5,5.6,983.6,981.9,65.0,normal
2018-05-19,60.39,17.8,25.5,10.2,5.2,1.9,11.9,7.5,983.6,981.3,69.0,normal
2018-05-20,59.16,17.6,24.3,11.0,0.0,2.2,8.9,8.2,982.7,979.6,63.0,normal
2018-05-21,62.68,17.9,25.0,10.8,4.6,1.7,8.3,9.8,979.9,976.0,59.0,normal
2018-05-22,63.44,18.2,23.5,12.8,0.6,1.4,6.1,5.2,983.5,977.7,70.0,normal
2018-05-23,64.91,18.8,26.1,11.4,0.0,2.2,8.6,11.3,984.8,981.6,58.0,normal
2018-05-24,64.17,20.8,28.2,13.3,0.0,2.2,8.9,12.0,984.6,981.1,49.0,normal
2018-05-25,64.74,19.2,26.1,12.3,0.2,1.9,6.9,7.2,983.2,979.2,49.0,normal
2018-05-26,61.11,20.0,25.5,14.4,0.0,1.7,11.1,6.2,982.0,979.6,58.0,normal
2018-05-27,60.1,20.6,27.3,13.9,0.0,2.2,8.9,7.7,980.6,976.5,63.0,normal
2018-05-28,62.03,19.0,23.3,14.7,15.6,1.4,8.9,2.8,982.0,978.0,76.0,normal
2018-05-29,65.46,19.8,23.9,15.7,2.6,1.9,7.2,7.1,981.6,978.6,69.0,normal
2018-05-30,65.11,17.1,20.9,13.3,19.0,1.4,4.7,1.7,980.6,978.7,85.0,normal
2018-05-31,62.57,18.8,25.1,12.5,0.0,1.7,6.7,7.7,986.0,980.6,66.0,normal
2018-06-01,63.3,20.4,27.1,13.6,0.0,2.2,10.3,10.9,986.5,983.1,60.0,normal
2018-06-02,60.72,19.6,24.7,14.6,0.0,2.5,8.3,8.3,985.6,982.0,62.0,normal
2018-06-03,54.74,17.2,20.4,13.9,5.4,0.8,3.6,1.1,983.6,978.5,85.0,normal
2018-06-04,57.92,19.0,23.8,14.1,1.2,1.9,5.8,5.4,979.6,976.2,75.0,normal
2018-06-05,58.78,18.9,23.6,14.2,15.4,0.8,7.8,5.5,977.9,975.4,85.0,normal
2018-06-06,62.51,16.6,19.9,13.3,10.2,1.1,3.9,1.3,982.0,977.7,85.0,normal
2018-06-07,62.63,17.8,22.5,13.1,1.6,1.7,10.8,5.0,982.2,980.6,77.0,normal
2018-06-08,62.08,19.7,25.7,13.7,2.8,1.9,6.4,5.4,982.0,978.7,68.0,normal
2018-06-09,58.76,21.2,27.5,14.9,0.0,2.5,7.8,10.5,980.5,977.8,50.0,normal
2018-06-10,55.91,21.6,28.0,15.3,0.0,1.4,7.5,3.0,980.0,975.9,61.0,normal
2018-06-11,59.0,22.0,27.4,16.7,1.8,2.2,9.2,10.1,978.1,974.8,48.0,normal
2018-06-12,54.9,19.6,23.7,15.6,0.0,4.4,13.1,8.4,978.6,975.4,62.0,normal
2018-06-13,52.86,20.8,27.9,13.8,0.0,1.7,7.8,10.3,980.3,977.3,47.0,normal
2018-06-14,57.84,20.0,28.1,11.8,0.0,2.2,7.5,12.3,981.3,978.4,53.0,normal
2018-06-15,57.74,21.2,28.0,14.4,0.0,2.2,8.3,8.8,982.3,979.2,55.0,normal
2018-06-16,52.83,21.6,28.9,14.4,0.0,2.2,8.6,11.9,984.1,980.3,57.0,normal
2018-06-17,44.86,21.5,27.7,15.3,0.0,2.5,7.8,12.0,987.1,983.9,49.0,normal
2018-06-18,54.67,23.3,31.2,15.4,0.0,1.9,9.2,12.5,987.7,984.5,47.0,normal
2018-06-19,54.58,23.0,31.2,14.9,0.0,2.2,8.6,13.8,988.7,984.9,48.0,normal
2018-06-20,61.5,23.4,31.3,15.5,0.0,2.2,8.3,13.2,986.7,983.9,45.0,normal
2018-06-21,60.86,24.1,32.5,15.7,0.0,2.5,8.3,12.5,985.6,982.2,42.0,normal
2018-06-22,59.75,25.4,32.1,18.7,0.0,2.8,10.8,11.1,984.7,981.3,47.0,normal
2018-06-23,56.74,23.5,28.7,18.3,0.0,3.1,9.7,12.0,985.3,983.0,58.0,normal
2018-06-24,59.27,23.2,29.2,17.3,0.0,3.1,9.2,11.5,985.1,981.6,52.0,normal
2018-06-25,61.51,23.6,28.9,18.2,0.0,2.8,8.9,12.1,984.7,981.1,49.0,normal
2018-06-26,62.68,24.8,30.0,19.6,0.0,2.2,8.6,12.2,985.0,982.4,47.0,normal
2018-06-27,62.56,24.6,32.2,16.9,0.0,2.2,8.6,11.2,984.6,978.9,50.0,normal
2018-06-28,61.77,24.6,31.5,17.8,18.8,2.5,18.9,8.0,980.2,975.2,72.0,normal
2018-06-29,61.78,22.8,29.2,16.5,0.0,2.8,8.6,11.7,979.2,976.4,64.0,normal
2018-06-30,58.77,23.7,30.7,16.7,0.0,2.2,8.6,13.3,978.8,975.6,48.0,normal
2018-07-01,56.26,23.4,31.4,15.3,0.0,2.2,9.2,13.0,977.9,975.0,56.0,normal
2018-07-02,60.62,25.3,31.2,19.4,0.6,1.9,7.2,8.7,981.8,976.6,65.0,normal
2018-07-03,61.21,26.2,32.9,19.4,0.0,2.2,8.6,11.3,983.0,980.7,48.0,normal
2018-07-04,61.0,23.8,32.0,15.5,0.0,2.8,8.6,13.7,982.9,978.8,45.0,normal
2018-07-05,59.15,23.8,31.3,16.2,0.0,3.1,8.9,11.1,986.1,981.3,51.0,normal
2018-07-06,60.49,25.0,32.0,17.9,0.0,3.9,9.7,13.3,987.4,984.4,41.0,normal
2018-07-07,60.69,25.0,31.6,18.4,0.0,2.2,10.0,9.5,987.0,982.9,59.0,normal
2018-07-08,57.57,24.9,32.9,16.9,0.0,2.2,9.2,13.7,986.3,982.8,45.0,normal
2018-07-09,61.07,27.0,36.0,17.9,3.2,2.8,9.4,11.8,985.5,980.8,46.0,normal
2018-07-10,60.69,25.2,32.9,17.5,0.0,1.9,8.6,13.5,984.4,979.6,54.0,normal
2018-07-11,60.78,24.4,30.4,18.4,1.8,2.8,9.7,9.4,982.6,978.9,60.0,normal
2018-07-12,63.87,25.0,32.1,17.9,0.2,1.7,9.7,8.1,984.5,980.0,56.0,normal
2018-07-13,63.24,24.1,32.1,16.1,0.0,1.7,11.1,8.6,984.9,982.5,51.0,normal
2018-07-14,62.2,25.2,33.3,17.0,0.0,2.2,7.8,12.8,983.9,980.6,41.0,normal
2018-07-15,59.37,25.2,33.7,16.6,1.0,2.5,9.2,13.1,982.6,978.0,47.0,normal
2018-07-16,60.32,24.8,30.6,19.1,3.8,1.4,12.2,5.5,983.7,976.8,59.0,normal
2018-07-17,63.08,23.4,30.8,15.9,0.0,2.8,8.1,12.3,985.7,982.0,51.0,normal
2018-07-18,63.2,24.7,32.3,17.1,0.0,2.5,9.7,12.2,984.0,979.3,49.0,normal
2018-07-19,64.33,25.0,33.0,17.0,0.0,2.5,9.2,13.2,982.7,979.8,49.0,normal
2018-07-20,61.8,24.7,32.9,16.5,0.0,2.2,7.8,9.7,981.8,976.6,45.0,normal
2018-07-21,61.61,24.4,29.7,19.0,0.0,2.5,8.3,5.6,982.1,978.3,51.0,normal
2018-07-22,59.67,23.2,28.4,18.1,0.0,1.9,8.1,5.2,983.7,979.5,54.0,normal
2018-07-23,63.1,23.8,32.3,15.3,0.0,2.5,8.9,12.8,984.2,979.7,54.0,normal
2018-07-24,64.87,25.7,32.8,18.6,1.0,2.2,14.7,9.8,982.0,978.3,62.0,normal
2018-07-25,64.76,24.9,33.8,16.0,0.0,1.9,8.9,10.6,982.8,979.5,43.0,normal
2018-07-26,66.02,26.2,35.7,16.7,0.0,1.9,8.6,12.8,981.2,977.5,38.0,normal
2018-07-27,64.57,26.9,36.3,17.5,0.0,2.2,9.7,12.0,980.8,976.9,38.0,normal
2018-07-28,63.6,26.4,35.2,17.5,0.0,2.2,10.3,10.3,981.8,978.1,49.0,normal
2018-07-29,59.48,26.9,34.8,19.0,0.0,2.2,8.6,12.2,981.8,978.2,55.0,normal
2018-07-30,64.37,27.7,34.9,20.5,0.0,2.8,9.4,12.3,982.7,980.2,52.0,normal
2018-07-31,65.41,28.0,35.8,20.1,0.0,2.8,8.9,12.8,983.3,981.0,47.0,normal
2018-08-01,62.66,28.0,36.6,19.4,0.0,1.9,9.2,12.7,984.7,981.9,43.0,normal
2018-08-02,64.11,28.9,37.1,20.7,0.0,2.5,9.7,11.2,985.4,982.4,42.0,normal
2018-08-03,67.89,29.2,37.4,20.9,0.0,2.2,9.2,11.2,984.6,982.0,41.0,normal
2018-08-04,65.42,29.6,38.6,20.5,0.0,2.2,9.2,11.4,984.5,981.4,39.0,normal
2018-08-05,63.99,29.7,38.1,21.3,0.0,2.2,10.3,9.5,984.0,980.8,47.0,normal
2018-08-06,68.51,28.0,35.8,20.1,0.0,2.5,10.8,8.6,983.7,979.9,50.0,normal
2018-08-07,64.16,27.2,34.1,20.3,0.0,3.1,9.4,9.0,982.4,977.8,52.0,normal
2018-08-08,64.91,26.4,33.4,19.5,0.0,2.5,10.0,8.8,982.5,979.3,52.0,normal
2018-08-11,63.47,,,,0.0,2.5,9.2,0.0,990.5,985.2,,normal
2018-08-12,61.33,,,,0.0,1.9,9.2,0.0,985.9,979.7,,normal
2018-08-13,63.49,,,,0.4,2.5,10.0,0.0,981.5,977.9,,normal
2018-08-14,61.48,,,,0.6,3.1,10.6,,985.3,981.0,,normal
2018-08-15,59.38,25.1,31.7,18.5,0.0,1.9,8.6,11.2,985.7,982.1,47.0,normal
2018-08-16,64.13,25.9,32.5,19.3,0.0,1.7,9.2,8.4,984.0,979.7,58.0,normal
2018-08-17,60.77,21.4,26.6,16.1,4.2,1.9,6.4,1.8,986.0,981.9,76.0,normal
2018-08-18,57.22,21.8,29.6,14.1,0.0,1.9,6.4,8.6,987.1,984.2,60.0,normal
2018-08-19,56.63,24.6,33.2,15.9,0.0,1.9,8.1,9.8,987.5,984.3,49.0,normal
2018-08-20,62.94,25.6,34.3,17.0,0.0,2.5,8.3,10.4,986.0,981.7,49.0,normal
2018-08-21,66.14,25.9,34.0,17.8,0.0,1.9,7.2,10.3,984.8,980.6,45.0,normal
2018-08-22,68.52,26.0,34.7,17.4,0.0,1.4,10.3,9.5,984.1,981.1,44.0,normal
2018-08-23,67.69,25.8,34.4,17.1,1.6,1.1,10.0,7.8,984.0,980.0,59.0,normal
2018-08-24,64.61,24.2,32.0,16.4,0.0,2.8,7.8,11.1,983.6,980.2,58.0,normal
2018-08-25,62.19,23.1,28.7,17.5,0.0,2.8,8.6,8.7,982.6,979.6,53.0,normal
2018-08-26,64.67,23.2,29.3,17.1,0.0,2.5,7.8,7.7,983.9,979.9,48.0,normal
2018-08-27,66.56,23.8,31.4,16.3,0.0,2.2,10.0,10.7,984.5,981.6,63.0,normal
2018-08-28,67.67,26.1,32.6,19.6,0.0,1.9,8.3,6.3,984.5,980.5,64.0,normal
2018-08-29,70.99,24.8,32.8,16.9,2.4,2.8,10.6,9.3,986.8,981.2,55.0,normal
2018-08-30,69.66,23.2,29.6,16.9,0.0,2.2,8.3,6.8,986.4,983.5,67.0,normal
2018-08-31,68.53,23.4,25.9,21.0,0.0,3.1,9.2,5.5,986.1,983.6,73.0,normal
2018-09-01,64.13,23.3,27.3,19.3,0.0,3.1,10.8,7.2,985.9,983.5,70.0,normal
2018-09-02,64.08,24.6,29.7,19.4,0.0,2.2,8.3,8.0,985.4,980.1,62.0,normal
2018-09-03,70.44,26.1,30.9,21.3,0.0,2.2,11.7,5.3,981.6,977.5,65.0,normal
2018-09-04,71.31,25.0,31.3,18.8,0.0,2.5,9.2,8.5,981.4,978.6,58.0,normal
2018-09-05,74.58,23.6,31.0,16.3,1.2,2.8,9.2,6.4,982.1,979.0,61.0,normal
2018-09-06,71.04,23.3,30.0,16.6,4.0,2.8,9.2,8.3,982.1,978.0,64.0,normal
2018-09-07,68.05,22.0,28.3,15.6,0.0,2.2,8.3,10.4,985.0,981.4,62.0,normal
2018-09-08,69.19,22.7,29.0,16.4,0.0,2.5,9.2,6.0,986.3,984.1,68.0,normal
2018-09-09,70.87,23.8,29.6,18.1,0.0,2.2,9.7,5.6,988.0,984.9,64.0,normal
2018-09-10,72.44,22.8,28.8,16.8,0.0,1.7,6.9,3.0,990.3,986.9,65.0,normal
2018-09-11,71.79,23.2,30.4,16.1,0.0,2.5,7.8,10.5,991.4,988.4,59.0,normal
2018-09-13,74.76,23.2,30.6,15.7,0.0,1.7,7.2,10.3,986.3,982.8,66.0,normal
2018-09-14,73.0,23.6,29.6,17.7,0.0,2.2,7.2,9.9,986.9,983.5,62.0,normal
2018-09-15,70.45,22.2,26.2,18.3,0.0,1.7,8.6,1.5,988.4,986.6,69.0,normal
2018-09-16,71.01,23.9,29.7,18.1,0.2,1.7,9.4,10.1,988.1,985.0,67.0,normal
2018-09-17,72.37,22.9,29.0,16.8,3.6,2.2,8.3,10.0,987.6,983.5,67.0,normal
2018-09-18,74.84,20.6,25.2,16.1,4.0,1.7,6.9,3.3,985.6,983.1,81.0,normal
2018-09-19,75.93,22.8,29.5,16.0,0.0,1.9,7.2,9.5,988.1,985.2,69.0,normal
2018-09-20,74.45,24.4,31.6,17.2,0.0,1.7,7.2,9.7,987.7,983.1,56.0,normal
2018-09-21,73.24,24.3,33.2,15.4,0.0,2.8,9.4,10.0,987.3,982.0,62.0,normal
2018-09-22,72.07,25.1,32.4,17.8,0.0,1.9,7.2,10.3,989.1,986.0,57.0,normal
2018-09-23,69.48,25.0,32.3,17.6,0.0,2.2,6.9,10.5,989.4,984.9,64.0,normal
2018-09-24,65.72,23.7,29.3,18.1,0.0,2.2,10.3,9.2,989.5,985.3,68.0,normal
2018-09-25,68.13,21.0,27.0,15.1,0.0,1.7,7.2,7.8,994.9,989.5,45.0,normal
2018-09-26,71.12,20.7,26.4,15.0,0.0,1.7,8.9,6.8,997.6,994.8,59.0,normal
2018-09-27,73.12,19.2,26.8,11.6,0.0,1.7,7.2,8.2,997.5,989.9,64.0,normal
2018-09-28,75.92,20.8,30.4,11.2,0.0,1.4,5.8,10.4,989.9,982.4,54.0,normal
2018-09-29,70.07,21.1,29.6,12.6,0.0,2.5,9.7,9.7,984.6,980.8,59.0,normal
2018-09-30,69.2,22.4,29.4,15.5,0.0,1.7,7.2,9.5,984.5,981.0,57.0,normal
2018-10-01,64.42,19.6,25.2,14.0,0.0,2.2,8.6,8.4,985.2,980.8,51.0,normal
2018-10-02,66.17,16.0,23.4,8.5,0.0,1.9,10.3,9.9,987.9,984.4,39.0,normal
2018-10-03,71.28,18.9,28.4,9.4,0.0,1.9,7.2,10.1,989.0,984.9,44.0,normal
2018-10-04,73.88,17.8,26.8,8.7,0.0,1.7,7.2,10.1,988.5,985.4,56.0,normal
2018-10-05,72.95,18.0,26.5,9.6,0.0,2.2,6.9,9.9,987.6,982.3,60.0,normal
2018-10-06,68.3,19.0,25.7,12.4,0.2,1.9,8.9,8.3,984.0,978.1,73.0,normal
2018-10-07,56.61,17.9,22.5,13.3,0.0,2.5,8.9,6.9,983.5,977.4,46.0,normal
2018-10-08,68.01,15.6,19.9,11.3,0.0,0.8,4.2,2.2,983.9,981.8,58.0,normal
2018-10-09,69.78,16.8,22.1,11.5,10.6,1.7,7.2,2.2,982.4,978.4,65.0,normal
2018-10-10,67.33,19.5,24.1,14.9,0.0,1.7,6.4,6.2,978.6,975.0,74.0,normal
2018-10-11,64.87,19.9,26.1,13.7,0.0,1.7,6.4,3.6,985.1,978.0,74.0,normal
2018-10-12,61.66,19.4,26.1,12.8,0.0,2.2,6.9,8.0,989.1,985.1,75.0,normal
2018-10-13,61.57,21.0,24.6,17.4,0.0,1.9,8.6,2.2,988.2,981.6,76.0,normal
2018-10-14,53.35,20.4,24.8,16.0,64.2,1.9,12.8,2.1,981.6,969.5,71.0,normal
2018-10-15,61.39,15.4,18.7,12.0,0.0,1.7,12.2,2.2,978.9,969.3,77.0,normal
2018-10-16,73.35,16.7,22.4,11.0,0.6,0.8,4.7,5.9,984.2,978.8,73.0,normal
2018-10-17,72.08,17.8,23.5,12.0,0.2,1.4,5.8,6.2,983.8,979.1,74.0,normal
2018-10-18,65.37,16.0,19.4,12.6,0.2,1.7,7.8,1.5,979.8,977.3,83.0,normal
2018-10-19,62.59,20.0,23.3,16.7,1.4,2.5,10.0,4.1,985.8,978.8,63.0,normal
2018-10-20,59.63,19.4,24.9,13.9,0.0,1.1,4.4,5.2,989.8,985.3,72.0,normal
2018-10-21,60.66,18.2,24.5,11.9,0.0,1.4,6.7,8.2,989.5,984.3,77.0,normal
2018-10-22,63.19,16.6,21.6,11.5,0.0,1.4,4.7,3.0,991.0,984.9,75.0,normal
2018-10-23,62.68,15.4,21.1,9.6,0.0,1.7,5.6,8.9,993.2,990.3,71.0,normal
2018-10-24,66.06,14.0,20.8,7.3,0.0,1.7,6.9,8.6,991.1,985.2,71.0,normal
2018-10-25,70.65,15.9,24.6,7.2,0.0,0.8,3.9,9.0,985.6,981.7,63.0,normal
2018-10-26,71.05,14.2,21.4,6.9,,0.6,5.0,5.5,982.6,975.5,75.0,normal
2018-10-27,60.69,10.8,13.7,7.8,,1.1,7.5,0.0,975.5,965.2,90.0,normal
2018-10-28,54.2,7.2,9.8,4.7,,0.8,5.0,0.6,967.1,963.4,84.0,normal
2018-10-29,59.96,7.9,11.8,4.0,,3.6,12.2,2.6,966.1,956.8,68.0,normal
2018-10-30,65.4,7.6,14.7,0.5,,1.9,6.7,7.4,974.1,966.1,69.0,normal
2018-10-31,68.5,11.0,14.3,7.7,28.0,2.5,8.3,0.8,974.9,969.4,86.0,normal
2018-11-01,63.92,10.8,15.9,5.7,0.0,1.1,5.6,8.2,984.3,974.3,77.0,normal
2018-11-02,63.8,11.0,16.8,5.1,0.0,1.1,5.8,4.2,986.8,983.4,79.0,normal
2018-11-03,63.77,9.6,16.6,2.6,0.0,1.4,6.1,8.3,987.8,983.4,73.0,normal
2018-11-04,59.8,12.1,19.8,4.4,0.0,1.7,3.9,8.4,983.4,974.3,72.0,normal
2018-11-05,60.69,12.2,16.2,8.2,21.6,0.8,7.8,1.9,974.4,968.7,85.0,normal
2018-11-06,59.15,10.2,14.1,6.3,0.0,1.7,8.9,5.9,979.0,970.6,78.0,normal
2018-11-07,59.9,11.5,17.7,5.3,0.0,1.7,8.3,7.7,985.3,977.2,68.0,normal
2018-11-08,62.62,10.0,15.1,4.9,18.2,0.6,3.1,2.1,987.1,979.8,80.0,normal
2018-11-09,59.18,11.3,14.2,8.4,0.4,1.7,8.9,2.2,981.1,977.3,88.0,normal
2018-11-10,51.71,11.9,18.6,5.2,0.0,1.1,8.3,6.3,980.6,976.9,73.0,normal
2018-11-11,53.92,15.8,22.7,9.0,0.0,1.7,5.8,7.8,982.9,979.2,72.0,normal
2018-11-12,64.01,15.8,21.1,10.6,0.0,0.6,4.7,7.1,987.8,982.5,78.0,normal
2018-11-13,65.23,14.5,21.5,7.5,0.0,1.4,4.7,7.3,992.4,987.7,79.0,normal
2018-11-14,62.66,14.2,19.8,8.7,5.2,1.1,4.7,6.8,992.1,988.0,79.0,normal
2018-11-15,64.49,12.2,13.3,11.0,32.8,0.8,4.4,0.0,988.0,985.9,95.0,normal
2018-11-16,64.55,12.7,16.1,9.3,1.6,0.6,4.4,2.1,988.6,985.9,87.0,normal
2018-11-17,61.07,11.2,12.3,10.0,1.8,1.4,5.0,0.0,986.2,980.2,90.0,normal
2018-11-18,57.35,10.9,13.4,8.4,0.8,1.1,6.4,1.7,980.2,974.7,81.0,normal
2018-11-19,68.49,11.0,13.8,8.2,14.8,1.4,6.7,1.6,974.7,965.9,79.0,normal
2018-11-20,63.79,9.2,11.2,7.2,7.0,0.8,8.1,0.0,970.6,966.1,90.0,normal
2018-11-21,64.59,10.0,15.7,4.4,0.0,0.6,5.8,6.7,981.9,970.4,83.0,normal
2018-11-22,65.89,7.2,11.4,2.9,0.2,1.1,2.8,1.2,984.1,981.4,87.0,normal
2018-11-23,67.08,7.7,10.2,5.2,4.4,1.4,6.1,0.0,982.1,977.9,91.0,normal
2018-11-24,62.23,7.5,12.8,2.2,0.0,1.1,5.3,5.9,983.1,978.3,85.0,normal
2018-11-25,58.94,6.9,12.5,1.3,1.6,1.4,8.3,1.2,978.3,972.1,81.0,normal
2018-11-26,58.6,8.8,13.2,4.3,2.8,2.2,12.5,4.7,980.9,969.6,76.0,normal
2018-11-27,64.69,8.6,13.8,3.4,0.0,1.9,8.9,7.6,987.1,980.6,70.0,normal
2018-11-28,62.46,7.2,13.6,0.7,0.0,0.8,3.6,7.0,988.9,986.6,78.0,normal
2018-11-29,61.89,6.8,12.4,1.1,0.8,0.8,2.5,6.0,988.1,982.5,82.0,normal
2018-11-30,62.66,8.0,12.4,3.5,0.0,1.1,5.0,3.6,986.1,980.5,84.0,normal
2018-12-01,60.81,6.0,9.3,2.7,0.0,1.9,5.3,3.8,987.8,985.2,87.0,normal
2018-12-02,56.27,9.4,15.9,2.9,0.0,1.4,7.5,7.2,987.5,984.5,77.0,normal
2018-12-03,61.78,8.2,12.9,3.6,0.0,1.4,4.7,3.3,988.3,985.3,84.0,normal
2018-12-04,66.54,7.3,11.0,3.6,0.0,1.1,4.7,1.7,991.4,988.1,91.0,normal
2018-12-05,63.42,10.0,16.6,3.5,0.0,0.6,4.2,5.9,991.4,987.9,82.0,normal
2018-12-06,61.09,8.4,13.0,3.8,0.0,0.8,5.3,2.9,993.3,990.1,88.0,normal
2018-12-07,61.58,6.5,8.2,4.8,0.0,0.8,5.3,0.0,993.1,988.2,89.0,normal
2018-12-08,59.99,7.0,11.0,3.1,0.0,1.9,6.4,4.5,993.2,989.4,83.0,normal
2018-12-09,59.56,8.2,15.5,0.9,0.0,2.5,9.2,7.4,993.6,987.3,78.0,normal
2018-12-10,62.44,7.0,11.9,2.1,0.0,1.1,5.3,6.6,995.2,991.7,82.0,normal
2018-12-11,65.21,5.2,10.3,0.1,0.0,0.8,2.8,4.1,991.7,985.2,87.0,normal
2018-12-12,64.51,6.0,11.1,0.8,0.0,0.8,3.6,3.8,986.5,979.6,82.0,normal
2018-12-13,60.55,6.6,8.1,5.1,3.4,0.6,2.8,0.0,979.6,969.6,93.0,normal
2018-12-14,61.81,8.1,11.0,5.2,0.0,1.1,6.7,1.0,985.4,973.3,85.0,normal
2018-12-15,60.04,8.4,11.6,5.1,0.0,1.4,7.8,3.8,988.3,984.3,77.0,normal
2018-12-16,56.51,8.2,11.1,5.2,0.4,0.8,7.5,1.1,985.0,980.0,88.0,normal
2018-12-17,64.09,6.6,11.6,1.7,0.0,1.7,9.2,6.4,995.2,985.0,78.0,normal
2018-12-18,61.81,3.0,6.2,-0.2,0.0,0.8,2.8,1.6,994.6,986.4,93.0,normal
2018-12-19,60.29,7.3,12.8,1.8,0.0,2.5,12.5,6.9,987.8,983.0,71.0,normal
2018-12-20,63.4,7.0,13.5,0.6,0.0,1.1,5.0,7.1,995.0,987.5,77.0,normal
2018-12-21,60.56,6.2,13.1,-0.8,0.0,1.4,5.6,6.7,995.7,993.2,78.0,normal
2018-12-22,62.49,8.2,15.2,1.3,0.0,0.8,4.2,7.2,996.7,994.0,80.0,normal
2018-12-23,62.99,9.0,16.5,1.6,0.0,0.8,5.0,7.1,997.0,993.1,81.0,normal
2018-12-24,64.09,8.1,14.4,1.8,0.0,0.8,3.9,6.5,994.2,991.4,80.0,normal
2018-12-25,62.47,4.6,8.8,0.3,0.0,0.3,3.3,4.5,996.2,993.7,88.0,normal
2018-12-26,62.99,5.6,7.4,3.8,0.0,0.8,2.2,0.0,996.8,993.7,94.0,normal
2018-12-27,67.63,6.4,9.0,3.8,0.0,1.1,3.6,1.2,994.0,991.7,86.0,normal
2018-12-28,63.79,5.2,7.7,2.6,0.0,1.4,4.2,2.8,994.8,992.5,90.0,normal
2018-12-29,57.05,3.7,7.7,-0.3,0.0,1.7,4.7,3.2,996.4,994.0,88.0,normal
2018-12-30,58.49,4.1,9.7,-1.5,0.0,1.1,4.7,5.5,997.0,993.4,82.0,normal
2018-12-31,61.8,6.1,14.1,-1.9,0.0,0.8,3.6,7.3,996.5,993.1,72.0,normal
2019-01-01,63.45,6.0,13.9,-1.9,0.0,1.1,4.2,7.3,996.8,993.7,74.0,normal
2019-01-02,60.54,2.8,7.3,-1.8,0.0,1.4,5.8,7.3,993.9,992.1,80.0,normal
2019-01-03,64.01,2.6,8.8,-3.7,0.0,1.1,4.4,7.3,996.5,993.2,74.0,normal
2019-01-04,66.84,3.0,10.4,-4.3,0.0,0.8,3.6,7.2,998.2,994.1,77.0,normal
2019-01-05,65.33,2.6,7.3,-2.2,0.0,1.4,5.3,7.3,997.5,993.1,72.0,normal
2019-01-06,59.12,5.0,12.2,-2.3,0.0,1.4,6.4,7.5,994.7,991.8,60.0,normal
2019-01-07,63.32,4.0,9.7,-1.7,0.0,1.7,6.4,6.6,996.2,992.6,66.0,normal
2019-01-08,62.53,2.1,7.0,-2.8,0.0,2.2,5.8,5.0,995.8,986.4,78.0,normal
2019-01-09,60.61,5.5,12.3,-1.3,0.0,1.9,7.8,7.6,986.6,977.4,73.0,normal
2019-01-10,62.4,4.7,11.3,-1.9,0.0,2.5,8.6,7.6,985.8,980.5,43.0,normal
2019-01-11,63.89,1.0,7.0,-5.0,0.0,1.9,7.5,7.6,992.1,985.7,59.0,normal
2019-01-12,62.45,2.6,9.6,-4.5,0.0,1.7,6.7,7.7,993.5,990.3,70.0,normal
2019-01-13,60.14,3.8,9.3,-1.8,0.0,2.2,6.7,3.5,990.9,985.6,76.0,normal
2019-01-14,63.34,6.6,12.3,0.9,0.0,3.1,9.7,1.5,986.6,983.0,79.0,normal
2019-01-15,67.02,5.0,10.9,-0.8,0.0,1.1,4.7,3.9,988.9,985.4,85.0,normal
2019-01-16,69.43,3.1,9.2,-3.0,0.0,0.6,2.2,3.4,986.1,981.6,86.0,normal
2019-01-17,65.6,6.9,12.2,1.6,0.0,0.8,6.1,5.7,984.0,980.7,78.0,normal
2019-01-18,67.98,3.4,5.7,1.0,0.0,1.1,5.0,0.0,984.8,981.6,79.0,normal
2019-01-19,64.75,3.4,9.7,-2.8,3.4,0.6,4.7,4.9,982.5,976.8,78.0,normal
2019-01-20,61.75,5.4,9.5,1.3,4.4,0.8,5.0,0.8,980.8,974.3,89.0,normal
2019-01-21,65.6,4.0,9.1,-1.1,0.0,1.1,7.5,6.6,983.1,980.6,82.0,normal
2019-01-22,64.55,1.4,6.6,-3.9,0.0,1.7,5.6,4.6,982.5,971.1,77.0,normal
2019-01-23,60.32,3.6,7.8,-0.5,1.4,2.2,8.9,2.0,971.1,961.6,73.0,normal
2019-01-24,61.04,4.8,11.9,-2.2,0.0,1.9,10.6,7.8,975.5,965.7,33.0,normal
2019-01-25,61.99,5.8,15.7,-4.0,0.0,1.4,6.1,8.0,980.9,975.3,54.0,normal
2019-01-26,61.5,7.2,14.0,0.5,0.0,2.2,7.8,7.6,984.5,977.5,73.0,normal
2019-01-27,43.98,7.2,14.2,0.1,0.0,3.6,13.3,7.5,977.5,970.3,67.0,normal
2019-01-28,55.71,6.0,12.7,-0.8,0.0,1.7,12.2,5.9,976.8,971.0,68.0,normal
2019-01-29,59.54,2.4,6.2,-1.4,0.0,0.8,6.9,0.0,978.7,970.2,83.0,normal
2019-01-30,57.98,7.0,11.1,2.9,0.0,2.8,10.6,7.8,974.5,969.7,62.0,normal
2019-01-31,54.88,7.9,14.2,1.6,0.0,1.4,9.2,4.9,969.7,961.4,72.0,normal
2019-02-01,52.68,10.2,14.5,5.9,0.2,2.2,13.3,5.3,961.5,955.5,68.0,normal
2019-02-02,37.96,7.8,12.2,3.4,0.0,3.9,14.2,4.2,973.2,956.8,56.0,normal
2019-02-03,48.4,3.8,11.5,-4.0,0.0,1.4,12.8,8.7,987.5,973.2,41.0,normal
2019-02-04,58.95,3.8,12.0,-4.3,0.0,2.2,6.1,8.6,992.5,987.1,53.0,normal
2019-02-05,60.41,8.6,16.8,0.3,0.0,1.4,5.6,8.7,992.2,989.5,63.0,normal
2019-02-06,61.26,9.8,17.4,2.3,0.0,1.4,4.2,6.5,992.0,986.6,72.0,normal
2019-02-07,58.09,8.2,16.0,0.5,0.0,0.6,4.7,7.8,989.1,985.4,74.0,normal
2019-02-08,56.47,8.6,16.3,1.0,0.0,1.1,5.6,7.4,989.3,984.4,76.0,normal
2019-02-09,54.36,9.0,17.3,0.7,0.0,1.1,5.6,8.2,989.2,985.5,69.0,normal
2019-02-10,37.7,8.2,16.2,0.2,0.0,3.9,12.2,7.0,985.5,980.5,66.0,normal
2019-02-11,56.25,9.1,15.2,3.0,0.0,1.1,5.3,8.1,995.7,985.2,59.0,normal
2019-02-12,60.56,7.1,15.1,-0.9,0.0,1.1,7.5,9.2,998.2,995.2,62.0,normal
2019-02-13,61.51,6.8,15.9,-2.3,0.0,2.2,7.5,9.2,999.8,996.2,64.0,normal
2019-02-14,56.38,7.4,16.6,-1.7,0.0,1.7,6.7,8.5,1001.5,996.1,64.0,normal
2019-02-15,55.29,7.5,17.4,-2.4,0.0,1.7,5.0,9.2,997.8,993.2,54.0,normal
2019-02-16,51.19,8.2,19.4,-3.0,0.0,1.4,6.4,9.2,997.0,992.7,51.0,normal
2019-02-17,47.04,6.8,16.6,-3.0,0.0,2.5,7.2,9.1,994.3,988.9,59.0,normal
2019-02-18,56.27,8.7,15.7,1.7,0.0,2.2,6.1,7.6,990.6,985.6,75.0,normal
2019-02-19,58.89,8.9,15.3,2.5,0.0,1.9,6.4,8.0,988.8,986.2,71.0,normal
2019-02-20,57.51,8.8,14.5,3.0,0.0,1.1,5.3,3.6,993.2,988.4,68.0,normal
2019-02-21,54.76,8.6,18.1,-0.9,0.0,1.7,7.8,7.8,996.6,993.1,72.0,normal
2019-02-22,53.28,10.4,20.9,-0.1,0.0,2.2,6.1,9.4,996.7,991.5,59.0,normal
2019-02-23,51.77,11.2,21.1,1.3,0.0,1.7,6.9,9.4,995.5,990.3,61.0,normal
2019-02-24,51.08,10.0,18.8,1.1,0.0,1.9,7.2,9.5,999.0,995.5,57.0,normal
2019-02-25,55.32,9.8,19.6,0.0,0.0,1.1,7.2,9.4,999.5,995.2,61.0,normal
2019-02-26,53.13,11.4,21.6,1.2,0.0,1.9,8.6,8.9,997.4,993.3,56.0,normal
2019-02-27,52.81,12.7,24.1,1.3,0.0,1.4,5.8,9.7,994.0,988.6,50.0,normal
2019-02-28,52.93,11.6,20.6,2.5,0.0,0.8,7.2,9.3,992.7,989.5,58.0,normal
2019-03-01,54.44,10.7,19.5,1.9,0.0,2.2,6.4,9.7,990.7,985.1,59.0,normal
2019-03-02,48.75,12.0,19.8,4.2,0.0,2.5,8.1,7.8,989.5,985.5,64.0,normal
2019-03-03,39.78,12.3,22.1,2.5,0.0,1.1,6.1,8.9,989.5,982.2,52.0,normal
2019-03-04,41.11,11.8,20.5,3.2,0.0,3.1,13.3,7.0,983.9,979.6,56.0,normal
2019-03-05,52.61,12.4,18.3,6.4,0.0,2.2,7.2,8.9,984.9,980.6,61.0,normal
2019-03-06,37.82,9.2,14.0,4.4,2.0,2.2,8.1,0.0,980.8,970.9,82.0,normal
2019-03-07,50.47,10.0,16.6,3.4,0.0,3.1,9.4,10.2,982.5,974.0,45.0,normal
2019-03-08,55.7,9.2,18.7,-0.3,0.0,1.7,6.9,10.1,993.0,982.4,55.0,normal
2019-03-09,54.39,11.0,20.2,1.9,0.0,1.1,5.6,10.0,995.9,992.9,57.0,normal
2019-03-10,47.23,13.4,22.9,3.9,0.0,2.5,9.4,9.4,994.6,989.5,63.0,normal
2019-03-11,51.89,13.6,20.0,7.1,0.0,2.5,7.2,9.8,995.7,991.2,59.0,normal
2019-03-12,52.04,12.4,18.9,6.0,0.0,1.9,7.5,7.2,995.7,986.3,69.0,normal
2019-03-13,45.86,12.0,18.4,5.7,0.0,2.5,8.1,6.0,990.5,984.7,63.0,normal
2019-03-14,51.59,9.6,17.7,1.4,0.0,2.8,9.2,9.3,992.6,987.4,55.0,normal
2019-03-15,54.79,13.0,20.2,5.7,0.0,1.7,10.0,10.7,990.8,987.6,52.0,normal
2019-03-16,51.29,14.2,26.0,2.3,0.0,1.7,7.8,10.7,989.8,982.3,58.0,normal
2019-03-17,34.75,13.6,23.7,3.6,0.0,2.8,10.0,10.6,984.5,978.4,63.0,normal
2019-03-18,48.77,11.4,18.0,4.7,0.0,2.2,10.0,10.2,988.9,984.5,46.0,normal
2019-03-19,49.88,10.2,15.9,4.6,0.0,1.9,8.1,5.2,992.1,986.8,59.0,normal
2019-03-20,48.64,8.4,16.6,0.3,0.0,2.2,9.2,10.8,994.2,990.8,52.0,normal
2019-03-21,52.43,8.7,17.7,-0.3,0.0,1.9,7.8,11.0,994.5,990.9,49.0,normal
2019-03-22,55.73,11.8,22.5,1.2,0.0,2.2,8.3,10.9,994.0,990.4,46.0,normal
2019-03-23,51.22,13.2,24.1,2.2,0.0,1.4,8.1,10.0,993.3,988.2,41.0,normal
2019-03-24,44.3,13.8,24.6,3.0,0.0,1.9,8.6,11.0,990.6,986.2,41.0,normal
2019-03-25,42.53,12.8,21.7,4.0,0.0,2.2,8.9,11.0,987.8,981.5,47.0,normal
2019-03-26,41.09,11.6,20.7,2.4,0.0,1.9,9.7,11.2,989.5,984.0,45.0,normal
2019-03-27,47.18,9.8,20.2,-0.5,0.0,1.7,9.7,11.2,992.9,987.8,52.0,normal
2019-03-28,50.83,10.4,20.0,0.9,0.0,2.2,10.0,11.2,994.3,990.4,53.0,normal
2019-03-29,53.0,10.0,18.0,2.0,0.0,2.5,8.3,10.8,994.2,990.6,51.0,normal
2019-03-30,51.93,8.9,17.6,0.2,0.0,2.2,8.3,11.0,991.7,985.5,58.0,normal
2019-03-31,51.47,10.6,18.9,2.4,0.0,1.9,7.8,3.6,986.4,980.1,66.0,normal
2019-04-01,58.43,14.2,21.4,7.0,0.0,1.9,10.3,10.5,981.6,978.7,47.0,normal
2019-04-02,57.98,13.2,20.5,5.8,0.4,1.7,8.3,5.3,981.4,976.5,55.0,normal
2019-04-03,52.93,10.6,15.4,5.9,1.6,1.9,8.3,0.5,977.6,967.6,73.0,normal
2019-04-04,53.39,8.8,16.0,1.5,0.0,1.9,8.6,11.2,970.1,967.4,44.0,normal
2019-04-05,51.35,,,,,1.4,,2.8,,,68.0,normal
2019-04-07,47.22,9.8,17.3,2.2,1.0,2.2,9.7,7.2,979.4,968.5,66.0,normal
2019-04-08,53.26,11.2,19.2,3.3,0.0,2.5,8.6,9.9,979.2,974.7,60.0,normal
2019-04-09,50.31,12.0,17.4,6.5,0.0,1.7,10.0,4.1,976.4,973.4,65.0,normal
2019-04-10,50.83,10.6,18.4,2.9,5.0,1.9,10.3,7.0,978.8,974.6,69.0,normal
2019-04-11,54.65,12.1,19.8,4.4,0.0,2.5,7.8,7.6,980.3,977.0,57.0,normal
2019-04-12,56.97,14.5,21.4,7.6,0.0,3.3,9.2,11.2,983.4,978.6,53.0,normal
2019-04-13,57.54,14.2,22.4,5.9,0.0,2.8,7.8,11.4,983.8,979.8,48.0,normal
2019-04-14,52.62,12.2,20.6,3.7,0.0,2.5,9.7,9.2,983.8,978.2,57.0,normal
2019-04-15,53.8,11.4,17.2,5.7,0.0,2.5,8.3,7.9,984.1,980.9,60.0,normal
2019-04-16,57.17,12.9,19.9,5.9,0.0,2.2,8.1,7.3,986.9,982.6,60.0,normal
2019-04-17,47.05,13.2,19.2,7.2,0.0,2.5,8.9,8.4,986.5,982.0,69.0,normal
2019-04-18,55.09,14.3,20.4,8.2,0.0,2.2,9.7,1.8,985.4,981.6,56.0,normal
2019-04-19,37.31,17.2,21.4,12.9,0.0,4.4,11.9,4.0,989.3,984.9,40.0,normal
2019-04-20,31.75,14.4,19.6,9.3,10.0,2.5,11.9,1.6,988.7,983.9,51.0,normal
2019-04-21,39.69,13.8,18.2,9.5,0.2,3.6,12.5,2.6,983.9,972.8,53.0,normal
2019-04-22,55.76,15.0,17.5,12.6,0.8,3.3,10.8,1.1,973.0,964.5,56.0,normal
2019-04-23,49.22,16.2,20.8,11.7,0.0,2.2,7.8,4.4,967.6,963.1,68.0,normal
2019-04-24,40.01,14.0,18.0,10.1,0.2,2.2,11.4,7.2,976.8,967.4,49.0,normal
2019-04-25,29.69,12.0,16.7,7.4,8.8,1.7,8.9,2.0,981.3,974.5,78.0,normal
2019-04-26,48.92,12.2,19.9,4.4,0.0,3.9,11.7,11.6,989.9,981.1,52.0,normal
2019-04-27,55.67,13.8,22.6,5.0,0.0,1.9,8.6,11.3,991.2,987.8,55.0,normal
2019-04-28,52.6,13.6,21.0,6.3,0.0,2.2,10.3,10.7,989.8,985.1,60.0,normal
2019-04-29,57.91,15.4,19.0,11.7,1.0,1.9,6.7,4.4,987.0,982.4,65.0,normal
2019-04-30,58.78,16.9,22.3,11.5,0.0,2.5,8.6,9.1,984.1,980.3,62.0,normal
2019-05-01,50.29,16.4,23.2,9.6,0.0,2.5,10.0,11.8,982.5,978.3,57.0,normal
2019-05-02,45.65,16.5,21.7,11.3,0.8,2.5,10.3,6.0,982.0,979.7,57.0,normal
2019-05-03,50.1,10.6,13.1,8.1,26.8,1.1,6.1,0.0,981.2,976.4,87.0,normal
2019-05-04,44.47,13.2,20.4,6.1,0.0,1.9,8.3,7.0,978.3,974.1,55.0,normal
2019-05-05,33.87,13.0,20.5,5.6,0.0,2.8,10.8,12.5,983.4,976.6,28.0,normal
2019-05-06,53.05,11.8,19.9,3.6,0.0,2.5,8.6,12.1,985.2,982.2,53.0,normal
2019-05-07,51.92,12.7,20.1,5.3,0.0,2.8,9.4,10.7,985.0,980.1,72.0,normal
2019-05-08,38.77,19.8,25.6,13.9,0.0,3.6,13.3,6.3,980.1,970.8,52.0,normal
2019-05-09,45.8,17.8,24.1,11.4,0.0,2.8,10.8,11.0,978.3,974.1,34.0,normal
2019-05-10,47.27,20.0,28.4,11.5,0.0,2.8,9.4,7.6,981.8,976.8,49.0,normal
2019-05-11,49.92,17.6,24.2,11.0,0.0,3.1,10.6,6.8,988.5,981.7,62.0,normal
2019-05-12,36.42,16.6,25.5,7.6,0.0,3.3,10.0,12.7,990.5,984.3,45.0,normal
2019-05-13,47.13,14.2,22.5,5.9,0.0,2.8,10.3,12.8,987.4,984.3,48.0,normal
2019-05-14,51.42,15.6,24.8,6.3,0.0,2.8,10.3,12.3,987.1,979.8,47.0,normal
2019-05-15,53.7,15.2,22.1,8.3,0.0,3.6,12.2,12.6,982.0,977.4,53.0,normal
2019-05-16,52.47,14.2,22.9,5.6,2.8,1.9,8.9,9.8,981.6,972.5,58.0,normal
2019-05-17,43.8,13.0,16.8,9.3,8.0,2.5,9.7,0.4,973.6,968.9,77.0,normal
2019-05-18,46.31,14.8,20.4,9.2,0.6,2.2,11.9,7.0,975.5,972.1,53.0,normal
2019-05-19,48.07,12.7,18.6,6.8,0.6,1.9,8.9,5.9,977.7,973.6,68.0,normal
2019-05-20,52.74,15.0,23.4,6.6,0.0,2.2,9.7,7.5,981.3,976.8,62.0,normal
2019-05-21,56.87,15.9,24.8,7.0,0.0,2.2,10.0,9.3,983.8,979.9,52.0,normal
2019-05-22,57.99,18.2,26.6,9.7,0.0,1.9,9.2,12.9,984.6,981.9,45.0,normal
2019-05-23,57.07,18.4,27.9,8.9,0.8,2.5,10.0,10.6,984.6,980.5,47.0,normal
2019-05-24,49.04,14.6,16.2,13.0,18.6,1.1,3.3,0.0,982.0,980.6,88.0,normal
2019-05-25,42.33,18.1,23.2,13.0,0.2,1.4,6.7,4.2,982.9,980.7,66.0,normal
2019-05-26,40.46,18.3,25.2,11.4,0.0,1.9,7.8,10.8,983.3,979.7,53.0,normal
2019-05-27,50.67,17.6,25.7,9.6,0.0,2.5,7.2,10.9,980.3,975.6,53.0,normal
2019-05-28,47.16,18.5,23.8,13.2,0.0,3.3,10.0,6.1,983.5,978.0,58.0,normal
2019-05-29,47.58,17.8,25.1,10.6,0.0,2.5,10.0,13.1,990.0,983.4,46.0,normal
2019-05-30,52.41,17.4,25.9,9.0,0.0,2.5,8.9,13.4,991.4,988.2,49.0,normal
2019-05-31,55.32,18.8,27.5,10.0,0.0,2.5,8.3,13.6,991.3,987.6,42.0,normal
2019-06-01,53.28,20.8,29.9,11.7,0.0,2.5,9.2,13.6,989.1,984.9,38.0,normal
2019-06-02,47.82,20.4,29.1,11.8,0.0,3.1,10.3,13.0,986.9,982.8,37.0,normal
2019-06-03,53.42,20.6,29.8,11.3,0.0,2.5,8.6,12.9,985.0,981.6,36.0,normal
2019-06-04,49.41,20.3,28.9,11.7,0.0,2.8,9.4,13.4,981.9,975.8,36.0,normal
2019-06-05,45.33,18.0,25.0,10.9,0.0,3.3,10.6,6.6,979.3,972.1,48.0,normal
2019-06-06,43.82,16.4,24.0,8.9,0.0,3.3,10.0,12.0,981.7,978.6,53.0,normal
2019-06-07,41.63,19.6,26.2,12.9,0.0,2.8,11.9,12.2,986.9,977.6,36.0,normal
2019-06-08,46.25,18.3,27.1,9.5,0.0,2.8,8.9,12.7,990.0,986.1,35.0,normal
2019-06-09,43.3,20.6,27.3,14.0,0.0,1.9,8.9,2.9,986.5,977.7,44.0,normal
2019-06-10,44.74,20.6,28.0,13.2,0.6,2.2,9.2,10.8,980.7,976.3,41.0,normal
2019-06-11,45.36,14.4,17.8,10.9,10.4,1.9,6.4,0.4,980.9,977.5,84.0,normal
2019-06-12,48.2,16.4,24.1,8.8,0.0,2.8,8.6,11.7,982.0,979.0,52.0,normal
2019-06-13,46.41,17.4,26.8,7.9,0.0,2.2,9.2,11.2,982.0,977.8,43.0,normal
2019-06-14,46.32,20.8,28.6,13.0,0.0,1.9,12.2,6.9,980.3,974.2,47.0,normal
2019-06-15,45.57,21.3,29.0,13.6,0.0,2.8,9.7,12.9,986.9,979.9,51.0,normal
2019-06-16,46.67,20.6,28.5,12.8,0.0,2.8,9.2,11.7,987.0,982.5,52.0,normal
2019-06-17,49.19,22.0,31.7,12.4,0.0,2.8,10.0,13.8,984.3,980.4,38.0,normal
2019-06-18,46.6,22.0,30.2,13.7,0.0,2.8,9.4,13.2,982.9,979.3,35.0,normal
2019-06-19,46.99,22.6,33.0,12.3,0.0,3.3,10.0,13.0,980.6,977.0,42.0,normal
2019-06-20,46.57,23.6,30.5,16.6,0.0,2.8,11.1,10.3,980.9,978.5,53.0,normal
2019-06-21,46.72,22.0,27.7,16.4,5.4,2.2,7.2,6.3,982.8,980.1,59.0,normal
2019-06-22,46.19,23.6,32.5,14.8,0.0,2.5,9.2,13.2,983.3,979.5,43.0,normal
2019-06-23,42.61,25.0,34.5,15.4,0.0,2.5,8.9,12.7,982.9,979.0,39.0,normal
2019-06-24,48.61,24.4,33.5,15.4,0.0,1.9,8.6,12.2,983.2,980.1,33.0,normal
2019-06-25,50.07,25.3,34.5,16.1,0.0,2.8,9.4,12.8,986.3,982.1,46.0,normal
2019-06-26,47.28,26.8,36.2,17.3,0.0,3.1,10.3,13.6,988.0,985.6,29.0,normal
2019-06-27,49.53,27.4,38.1,16.7,0.0,3.1,9.2,13.7,988.1,984.0,29.0,normal
2019-06-28,51.94,30.3,42.4,18.2,0.0,2.2,7.8,13.6,985.1,979.9,26.0,normal
2019-06-29,49.26,29.3,39.0,19.6,0.0,2.8,10.3,13.6,983.1,980.3,26.0,normal
2019-07-01,48.32,27.2,36.5,17.9,0.0,3.1,10.3,13.7,984.6,981.4,37.0,normal
2019-07-02,48.81,26.4,34.4,18.4,0.0,2.8,10.0,12.0,984.0,979.5,39.0,normal
2019-07-03,50.95,27.2,35.5,18.9,0.0,2.5,13.3,12.7,983.1,979.4,40.0,normal
2019-07-04,53.06,25.9,35.0,16.8,0.0,2.8,9.7,11.9,984.6,981.9,44.0,normal
2019-07-05,56.02,27.1,35.7,18.5,0.0,3.3,10.0,13.2,984.7,980.0,40.0,normal
2019-07-06,51.78,28.8,39.4,18.1,4.6,2.5,12.5,10.4,982.0,976.9,38.0,normal
2019-07-07,49.62,28.8,38.0,19.6,0.2,1.4,13.3,9.0,981.0,976.0,46.0,normal
2019-07-08,51.15,24.8,29.8,19.8,4.8,1.4,7.8,3.0,983.4,978.3,64.0,normal
2019-07-09,52.48,23.2,28.7,17.7,0.2,3.1,10.3,7.0,981.1,977.0,59.0,normal
2019-07-10,51.42,24.8,34.0,15.5,0.0,2.2,7.2,13.7,982.2,978.7,43.0,normal
2019-07-11,54.0,27.2,36.5,17.9,0.0,2.5,8.3,13.6,981.9,978.3,37.0,normal
2019-07-12,57.09,26.8,35.2,18.4,0.0,3.3,10.8,13.0,982.8,979.3,47.0,normal
2019-07-13,51.31,26.4,33.8,19.1,0.0,3.1,10.6,11.0,982.8,978.5,50.0,normal
2019-07-14,48.89,24.8,30.7,18.8,59.8,2.2,15.6,8.5,979.4,976.4,70.0,normal
2019-07-15,52.36,24.5,30.9,18.1,0.0,2.8,10.3,13.2,982.3,976.1,49.0,normal
2019-07-16,51.5,24.2,31.3,17.1,0.0,3.1,10.3,13.2,983.1,980.3,47.0,normal
2019-07-17,52.67,24.8,33.0,16.5,55.6,,18.1,,983.0,978.6,,normal
2019-07-18,53.92,23.5,30.7,16.3,0.0,2.5,9.7,10.1,983.4,979.6,58.0,normal
2019-07-19,52.46,24.0,30.0,18.1,0.0,2.8,9.7,13.0,983.9,981.0,52.0,normal
2019-07-20,50.59,25.4,32.8,18.0,0.0,2.8,11.1,12.9,986.5,982.0,51.0,normal
2019-07-21,49.3,26.0,33.3,18.6,0.0,2.5,10.0,12.3,988.9,985.7,47.0,normal
2019-07-22,56.13,27.0,35.6,18.4,0.0,2.5,11.9,12.7,989.0,986.0,40.0,normal
2019-07-23,55.03,27.2,36.9,17.6,0.0,3.1,11.1,12.7,987.0,981.9,37.0,normal
2019-07-24,55.83,26.8,35.7,17.9,0.0,2.5,9.7,12.6,984.2,981.0,40.0,normal
2019-07-25,53.67,26.4,34.5,18.2,0.0,2.8,10.0,12.6,982.8,979.3,44.0,normal
2019-07-26,52.34,26.4,33.4,19.3,0.0,1.7,9.2,5.9,980.4,974.0,45.0,normal
2019-07-27,45.94,24.0,28.3,19.6,3.6,2.8,11.9,5.0,975.5,968.9,55.0,normal
2019-07-28,45.59,23.0,30.3,15.6,0.0,2.2,8.9,12.9,978.1,972.6,40.0,normal
2019-07-29,47.97,24.0,32.6,15.4,0.0,3.1,10.3,12.9,979.1,975.3,52.0,normal
2019-07-30,48.03,25.6,31.5,19.6,0.0,3.1,9.7,9.9,984.0,979.1,58.0,normal
2019-07-31,47.11,24.6,29.8,19.3,0.0,3.3,9.2,9.4,985.5,981.6,50.0,normal
2019-08-01,48.21,25.3,32.5,18.1,0.0,2.5,8.6,12.6,982.9,978.1,45.0,normal
2019-08-02,48.85,26.0,35.0,17.0,0.0,2.2,10.8,12.4,982.8,979.6,40.0,normal
2019-08-03,47.41,25.2,33.7,16.8,0.0,2.8,10.8,12.1,982.9,978.9,42.0,normal
2019-08-04,46.41,26.0,34.0,18.0,0.0,2.8,10.6,11.9,982.3,979.5,42.0,normal
2019-08-05,50.27,26.4,34.9,17.9,0.0,2.5,8.9,12.2,982.6,979.3,39.0,normal
2019-08-06,49.97,26.6,34.8,18.5,0.0,2.5,8.6,10.5,981.0,975.8,48.0,normal
2019-08-07,49.46,27.4,32.3,22.4,0.0,3.1,9.7,6.0,979.2,976.5,64.0,normal
2019-08-08,47.89,28.8,36.3,21.4,0.0,2.8,9.4,10.9,979.5,977.0,48.0,normal
2019-08-09,43.95,29.8,39.8,19.9,0.0,2.8,9.7,12.4,979.7,976.5,38.0,normal
2019-08-10,46.19,29.2,35.8,22.5,0.0,2.5,9.7,11.3,983.9,979.6,44.0,normal
2019-08-11,42.48,27.6,35.0,20.1,18.2,1.7,7.8,8.2,983.0,977.6,52.0,normal
2019-08-12,43.59,24.7,30.2,19.2,0.0,2.8,8.9,8.8,985.6,979.8,52.0,normal
2019-08-13,42.93,22.2,28.3,16.1,0.0,3.3,8.6,10.5,986.8,982.5,37.0,normal
2019-08-14,45.7,22.5,31.7,13.3,0.0,2.5,10.3,11.7,986.0,982.5,45.0,normal
2019-08-15,40.78,25.2,32.3,18.1,0.0,2.5,10.3,9.1,986.3,982.3,59.0,normal
2019-08-16,44.48,25.7,31.3,20.1,0.0,2.5,8.9,11.0,986.2,980.9,61.0,normal
2019-08-17,41.91,25.6,33.1,18.1,0.0,2.2,8.9,11.6,983.8,980.1,59.0,normal
2019-08-18,38.88,25.9,33.8,18.0,0.0,2.5,11.1,10.5,981.4,977.0,58.0,normal
2019-08-19,41.48,24.7,30.2,19.2,0.0,2.5,8.9,7.5,983.9,981.0,60.0,normal
2019-08-20,40.03,20.7,24.3,17.1,1.2,1.4,7.8,3.7,988.1,983.3,67.0,normal
2019-08-21,41.11,22.9,31.4,14.4,0.0,2.5,10.3,8.2,988.1,983.5,59.0,normal
2019-08-22,41.0,25.8,32.7,19.0,0.0,2.2,10.0,10.6,987.4,984.7,54.0,normal
2019-08-23,41.41,24.3,32.5,16.1,0.0,2.2,9.2,11.1,987.6,984.4,50.0,normal
2019-08-24,42.14,25.3,33.7,16.9,0.0,2.5,10.0,11.2,986.3,983.3,48.0,normal
2019-08-25,39.28,26.2,34.9,17.5,0.0,2.2,9.7,11.3,985.2,982.4,43.0,normal
2019-08-26,43.18,24.4,33.3,15.5,0.2,2.8,8.6,7.5,984.7,980.7,46.0,normal
2019-08-27,50.31,22.4,25.6,19.1,9.0,1.4,7.2,1.0,984.6,981.8,85.0,normal
2019-08-28,51.19,24.8,32.0,17.7,0.0,1.9,7.5,9.8,985.3,981.5,57.0,normal
2019-08-29,50.07,25.6,33.1,18.0,0.0,2.2,8.3,9.9,987.0,984.1,53.0,normal
2019-08-30,49.39,26.0,34.2,17.7,0.0,1.9,7.8,8.0,987.6,983.8,51.0,normal
2019-08-31,43.84,26.0,34.6,17.5,27.2,1.7,11.7,6.7,984.5,980.0,61.0,normal
2019-09-01,39.32,23.1,30.4,15.8,0.0,1.9,8.9,6.0,983.4,978.8,65.0,normal
2019-09-02,39.11,23.6,28.4,18.7,0.0,2.2,8.3,9.9,987.0,983.0,55.0,normal
2019-09-03,43.49,23.2,30.1,16.2,0.0,1.9,8.9,10.5,988.3,985.5,48.0,normal
2019-09-04,43.39,23.0,31.4,14.5,0.0,2.5,7.5,11.0,987.6,982.1,54.0,normal
2019-09-05,37.37,23.0,29.2,16.7,0.0,2.2,8.9,7.7,985.6,982.0,54.0,normal
2019-09-06,36.29,20.3,27.1,13.5,0.0,1.9,7.2,10.9,986.8,983.5,42.0,normal
2019-09-07,32.87,20.4,27.9,12.9,0.0,1.9,7.5,10.3,988.0,983.2,51.0,normal
2019-09-08,34.39,19.4,26.4,12.5,0.0,2.5,9.7,8.9,985.6,981.7,60.0,normal
2019-09-09,43.58,,,,,2.5,,6.9,,,64.0,normal
2019-09-11,34.33,19.5,25.3,13.7,0.0,3.1,12.2,5.7,991.3,979.8,59.0,normal
2019-09-12,38.42,21.8,31.2,12.4,0.0,1.9,8.3,10.6,994.9,991.3,49.0,normal
2019-09-13,38.94,20.0,27.4,12.6,0.2,0.8,9.4,2.2,996.4,990.5,53.0,normal
2019-09-14,37.23,23.2,30.3,16.0,0.0,1.4,6.1,7.7,992.8,989.1,47.0,normal
2019-09-15,38.06,23.8,31.5,16.0,0.2,1.4,6.9,9.5,990.7,986.5,47.0,normal
2019-09-16,47.98,22.2,29.9,14.5,0.0,2.2,7.5,8.8,987.7,983.6,47.0,normal
2019-09-17,50.4,23.0,31.4,14.5,0.0,1.7,8.9,10.4,984.5,980.4,50.0,normal
2019-09-18,50.24,23.6,32.0,15.2,1.6,2.2,8.3,6.6,984.0,980.5,53.0,normal
2019-09-19,50.61,22.3,30.0,14.6,0.0,1.1,9.2,8.4,985.8,982.0,56.0,normal
2019-09-20,48.5,21.4,28.7,14.0,0.0,2.2,8.3,9.2,986.8,983.0,63.0,normal
2019-09-21,39.86,20.4,23.0,17.8,9.8,0.8,5.3,1.5,983.6,978.5,84.0,normal
2019-09-22,37.76,22.7,28.6,16.8,0.0,1.9,9.4,7.4,981.8,976.9,60.0,normal
2019-09-23,45.7,20.2,25.7,14.7,0.0,2.5,10.8,9.3,986.1,981.8,54.0,normal
2019-09-24,42.99,21.0,30.0,12.1,0.0,2.8,8.3,10.5,984.2,978.8,47.0,normal
2019-09-25,44.01,21.2,27.1,15.2,0.0,2.5,8.3,7.3,983.9,980.1,57.0,normal
2019-09-26,48.55,21.8,29.5,14.0,0.0,1.4,6.9,10.0,986.2,982.7,55.0,normal
2019-09-27,48.56,21.1,28.6,13.6,0.0,1.7,8.6,10.3,985.7,982.0,69.0,normal
2019-09-28,45.68,21.6,27.0,16.1,0.0,2.2,8.9,9.9,987.9,984.8,64.0,normal
2019-09-29,42.07,22.6,32.1,13.1,0.0,2.2,7.8,8.3,985.3,980.3,64.0,normal
2019-09-30,49.37,20.6,28.5,12.6,0.0,2.2,9.7,9.7,985.2,980.8,66.0,normal
2019-10-01,47.33,24.5,31.5,17.5,0.0,2.2,9.2,8.0,981.3,974.0,59.0,normal
2019-10-02,43.42,20.9,27.6,14.2,0.0,2.2,8.6,8.3,982.7,976.4,51.0,normal
2019-10-03,48.29,18.4,25.7,11.0,0.0,1.9,6.7,9.6,983.5,980.5,49.0,normal
2019-10-04,52.74,18.4,27.4,9.3,0.0,1.7,6.7,10.1,984.3,979.2,56.0,normal
2019-10-05,49.07,18.6,26.1,11.2,0.0,2.2,9.4,9.8,983.4,980.6,64.0,normal
2019-10-06,45.24,20.6,25.4,15.7,0.0,1.7,8.1,6.5,984.9,981.6,55.0,normal
2019-10-07,50.5,19.4,25.9,12.9,0.0,1.9,6.9,8.7,985.5,980.0,42.0,normal
2019-10-08,54.32,19.1,26.9,11.3,0.0,1.9,7.2,9.9,986.7,982.1,61.0,normal
2019-10-09,47.89,18.4,23.8,13.0,0.0,2.5,7.8,2.7,987.1,982.5,79.0,normal
2019-10-10,46.96,19.4,23.5,15.3,0.0,1.9,6.9,4.9,989.3,986.5,57.0,normal
2019-10-11,48.46,19.4,25.6,13.1,0.0,2.2,8.1,6.1,989.1,985.0,67.0,normal
2019-10-12,39.22,22.0,26.6,17.5,0.0,2.2,8.3,3.7,987.4,984.2,68.0,normal
2019-10-13,37.97,21.0,26.9,15.2,0.0,1.7,8.6,9.2,985.6,982.7,69.0,normal
2019-10-14,42.42,20.3,26.5,14.1,3.2,1.7,7.2,5.1,983.7,977.2,75.0,normal
2019-10-15,42.57,14.5,19.8,9.2,0.0,3.3,11.4,9.1,986.2,977.4,52.0,normal
2019-10-16,43.24,14.6,22.5,6.7,0.0,2.2,8.6,9.1,986.1,981.3,52.0,normal
2019-10-17,47.09,16.4,25.9,6.9,0.0,1.4,7.8,7.6,983.8,980.8,51.0,normal
2019-10-18,46.08,17.0,25.1,8.9,0.0,1.7,7.5,5.2,982.9,979.0,61.0,normal
2019-10-19,43.36,17.8,25.6,10.0,2.0,2.2,8.6,6.0,979.0,972.8,68.0,normal
2019-10-20,41.45,16.3,20.9,11.7,4.4,1.1,10.6,0.3,980.5,971.4,87.0,normal
2019-10-21,54.34,12.7,15.5,9.9,9.2,1.1,3.9,1.0,985.5,980.5,83.0,normal
2019-10-22,49.4,,,,,1.7,,0.1,,,86.0,normal
2019-10-23,45.74,,,,0.4,,,3.0,,,,normal
2019-10-24,45.4,12.6,16.8,8.3,0.0,1.7,9.7,6.9,987.4,976.6,77.0,normal
2019-10-25,48.8,14.0,21.0,7.1,0.0,1.1,5.3,9.1,989.1,986.0,68.0,normal
2019-10-26,45.86,14.6,23.0,6.2,0.0,1.4,6.4,9.0,989.4,985.9,65.0,normal
2019-10-27,45.82,15.7,23.4,8.0,0.0,1.4,5.8,8.8,988.9,985.4,70.0,normal
2019-10-28,53.85,13.3,17.1,9.5,0.0,0.8,2.5,0.1,986.2,982.0,82.0,normal
2019-10-29,53.9,15.4,22.2,8.7,0.0,0.6,2.5,6.4,985.6,981.8,79.0,normal
2019-10-30,51.96,15.4,22.5,8.3,0.0,1.1,5.6,8.5,987.3,984.5,75.0,normal
2019-10-31,49.26,16.4,21.0,11.7,0.2,1.1,5.3,4.3,985.8,983.9,76.0,normal
2019-11-01,32.84,14.4,20.2,8.5,0.0,1.4,3.3,5.0,985.6,976.9,76.0,normal
2019-11-02,28.44,17.2,22.5,12.0,0.2,1.9,11.1,7.0,977.0,965.7,71.0,normal
2019-11-03,18.88,14.8,17.8,11.8,0.0,3.6,16.4,6.3,972.8,960.6,53.0,collapse
2019-11-04,28.48,16.0,21.3,10.8,0.2,1.9,13.9,8.4,972.9,968.5,54.0,normal
2019-11-05,29.62,12.5,16.0,9.0,0.0,3.6,15.0,7.8,973.4,968.1,56.0,normal
2019-11-06,40.64,11.4,16.9,6.0,0.0,2.8,9.2,8.1,977.4,973.4,65.0,normal
2019-11-07,39.3,9.8,15.7,4.0,0.0,1.1,8.3,2.3,976.2,972.1,70.0,normal
2019-11-08,37.59,8.2,12.7,3.8,0.0,3.6,13.9,6.2,977.7,971.6,66.0,normal
2019-11-09,40.92,8.0,13.8,2.1,0.2,2.5,10.3,6.4,981.6,974.9,68.0,normal
2019-11-10,37.27,8.8,13.9,3.7,0.0,2.8,8.9,7.3,978.4,973.2,61.0,normal
2019-11-11,44.74,6.4,12.5,0.3,0.0,1.9,7.5,5.9,979.6,975.6,67.0,normal
2019-11-12,48.06,8.3,14.9,1.7,0.0,3.3,12.2,8.2,977.0,971.2,62.0,normal
2019-11-13,48.19,8.6,14.0,3.2,0.0,1.1,4.7,4.2,974.9,970.6,76.0,normal
2019-11-14,45.52,5.3,9.3,1.3,0.4,1.9,10.8,0.5,972.9,962.4,80.0,normal
2019-11-15,48.21,4.4,9.2,-0.4,0.0,1.7,8.9,5.7,971.9,965.2,77.0,normal
2019-11-16,45.75,4.8,10.0,-0.3,0.0,1.9,8.9,7.6,978.1,971.9,74.0,normal
2019-11-17,43.34,5.2,11.4,-0.9,0.0,2.2,8.6,5.4,976.9,973.4,73.0,normal
2019-11-18,50.01,7.5,13.4,1.6,0.0,1.1,8.9,7.8,980.5,973.3,73.0,normal
2019-11-19,57.49,4.7,10.9,-1.5,0.0,1.9,5.6,7.8,982.2,979.8,71.0,normal
2019-11-20,57.85,4.1,11.2,-3.0,0.0,0.6,4.2,5.6,981.4,974.9,76.0,normal
2019-11-21,55.42,6.2,12.6,-0.3,,1.1,7.8,7.6,974.9,972.4,73.0,normal
2019-11-22,46.31,7.0,13.1,0.8,,0.8,10.3,1.3,974.6,957.0,87.0,normal
2019-11-23,36.78,10.4,13.7,7.1,,3.3,12.8,4.4,968.5,955.4,75.0,normal
2019-11-24,41.02,8.8,14.5,3.2,0.0,1.4,10.3,7.7,977.0,968.4,70.0,normal
2019-11-25,47.12,8.5,14.4,2.6,0.2,1.1,5.6,7.2,980.5,975.6,78.0,normal
2019-11-26,44.81,9.2,16.8,1.7,0.0,0.8,4.2,6.4,980.3,971.8,79.0,normal
2019-11-27,42.07,11.6,15.8,7.5,0.0,2.8,10.6,5.8,975.7,970.3,58.0,normal
2019-11-28,40.21,12.6,17.0,8.3,0.0,2.8,9.7,6.3,979.5,975.3,64.0,normal
2019-11-29,47.53,12.9,18.1,7.7,0.0,1.9,8.1,6.2,987.0,978.6,72.0,normal
2019-11-30,41.36,12.2,17.3,7.2,0.0,0.8,3.3,4.6,987.0,978.6,82.0,normal
2019-12-01,43.29,10.8,14.8,6.7,0.2,1.1,4.7,3.6,980.3,976.7,76.0,normal
2019-12-02,44.82,9.2,15.4,3.0,0.0,1.4,5.8,7.5,984.5,980.0,74.0,normal
2019-12-03,50.08,7.0,10.9,3.0,0.0,0.6,6.1,1.7,985.2,981.3,76.0,normal
2019-12-04,53.95,10.4,11.6,9.2,53.0,4.2,11.1,0.0,981.3,974.5,81.0,normal
2019-12-05,47.67,10.4,12.0,8.8,1.4,1.9,9.2,0.0,988.5,979.1,85.0,normal
2019-12-06,47.67,10.6,14.8,6.4,0.0,0.8,4.4,5.6,990.5,987.2,84.0,normal
2019-12-07,47.26,8.6,13.0,4.1,0.0,1.4,4.7,4.9,990.0,987.2,79.0,normal
2019-12-08,40.98,5.9,9.0,2.8,0.0,1.7,3.9,1.4,989.7,986.2,89.0,normal
2019-12-09,41.36,9.6,13.7,5.4,0.0,4.4,14.7,7.4,988.1,984.2,70.0,normal
2019-12-10,46.6,6.3,10.7,1.9,0.0,1.9,9.7,2.8,990.3,987.3,74.0,normal
2019-12-11,43.4,5.5,10.6,0.4,0.0,1.1,9.7,2.2,988.3,979.8,78.0,normal
2019-12-12,38.58,5.6,10.6,0.6,0.0,3.3,11.1,3.5,981.9,969.6,75.0,normal
2019-12-13,27.17,13.4,18.1,8.8,0.0,5.8,17.2,5.9,973.5,965.8,68.0,normal
2019-12-14,28.03,9.4,13.8,5.0,0.0,1.9,11.4,0.4,981.0,973.4,75.0,normal
2019-12-15,26.06,9.2,15.7,2.6,0.0,1.7,8.3,7.3,980.5,978.0,75.0,normal
2019-12-16,40.27,5.0,7.9,2.2,0.4,0.3,2.5,0.0,979.0,972.4,88.0,normal
2019-12-17,42.89,10.2,14.7,5.7,0.0,0.8,5.3,2.3,979.5,970.8,85.0,normal
2019-12-18,38.65,10.4,15.3,5.6,0.0,0.8,4.4,5.9,984.5,979.5,83.0,normal
2019-12-19,22.71,8.6,13.4,3.9,14.2,1.4,3.9,2.9,983.9,973.0,85.0,normal
2019-12-20,17.43,12.9,16.6,9.2,8.2,3.1,15.0,3.5,973.1,963.2,69.0,collapse
2019-12-21,2.53,12.9,17.1,8.7,3.4,1.7,19.7,4.3,969.0,960.5,78.0,collapse
2019-12-22,1.94,12.5,15.1,9.9,0.0,5.0,18.6,6.9,980.5,965.1,60.0,collapse
2019-12-23,23.4,9.2,14.1,4.3,0.0,3.6,11.1,7.3,991.0,980.5,59.0,normal
2019-12-24,20.96,7.8,13.8,1.8,0.0,0.8,5.3,5.3,993.3,990.4,80.0,normal
2019-12-25,14.24,8.2,14.5,2.0,0.0,1.1,3.3,5.9,992.1,988.0,83.0,collapse
2019-12-26,25.41,8.0,13.0,3.0,0.0,0.8,5.6,4.1,995.5,987.7,83.0,normal
2019-12-27,32.72,5.6,9.0,2.1,0.0,1.4,4.7,2.9,996.4,993.0,84.0,normal
2019-12-28,31.09,6.6,13.2,-0.1,0.0,0.8,4.7,5.4,997.8,994.4,83.0,normal
2019-12-29,31.79,7.5,11.2,3.8,0.0,1.4,4.2,5.3,998.8,995.5,80.0,normal
2019-12-30,36.73,7.7,12.0,3.4,0.0,1.1,5.0,5.5,999.6,996.7,80.0,normal
2019-12-31,38.28,5.9,8.2,3.6,0.0,1.7,4.7,0.8,1000.0,996.7,86.0,normal
2020-01-01,35.54,6.3,10.5,2.1,0.0,1.4,4.2,3.1,998.8,995.6,81.0,normal
2020-01-02,40.0,2.6,5.4,-0.1,0.0,1.1,3.6,3.6,998.6,995.6,89.0,normal
2020-01-03,39.51,3.0,6.3,-0.4,0.0,1.7,3.6,1.8,998.1,995.1,86.0,normal
2020-01-04,35.67,4.1,9.6,-1.4,0.0,1.1,6.1,6.4,999.0,995.9,80.0,normal
2020-01-05,38.18,4.6,11.0,-1.8,0.0,1.4,5.0,7.4,996.3,992.5,78.0,normal
2020-01-06,42.17,5.4,12.9,-2.2,0.0,0.8,2.5,7.5,996.3,992.5,78.0,normal
2020-01-07,47.01,4.4,10.5,-1.7,0.0,0.8,4.4,7.5,997.3,993.6,77.0,normal
2020-01-08,46.81,6.8,15.3,-1.7,0.0,1.1,3.3,7.6,997.9,994.1,74.0,normal
2020-01-09,44.21,6.6,13.7,-0.5,3.2,1.7,5.3,7.5,995.7,989.0,81.0,normal
2020-01-10,40.57,6.6,9.8,3.3,3.8,1.7,10.0,2.2,994.9,988.8,88.0,normal
2020-01-11,41.84,3.7,8.4,-1.0,0.0,1.4,4.7,3.8,997.1,994.4,78.0,normal
2020-01-12,42.36,3.6,10.5,-3.2,0.0,1.7,5.0,7.7,996.9,993.7,74.0,normal
2020-01-13,46.49,3.2,9.5,-3.1,0.0,1.1,3.1,6.6,994.0,987.2,73.0,normal
2020-01-14,38.68,5.1,13.0,-2.8,0.0,0.8,3.6,7.7,988.6,985.8,71.0,normal
2020-01-15,38.45,4.9,12.6,-2.8,0.0,0.6,4.2,7.5,993.3,988.2,74.0,normal
2020-01-16,38.53,6.6,14.8,-1.5,0.0,1.1,6.1,7.8,994.7,990.6,75.0,normal
2020-01-17,39.4,8.0,14.3,1.7,0.0,3.1,15.8,7.1,995.0,989.6,69.0,normal
2020-01-18,38.3,7.0,13.6,0.4,0.2,0.8,5.0,7.0,996.2,985.8,69.0,normal
2020-01-19,29.76,8.3,11.9,4.7,0.2,2.2,11.7,1.9,990.0,984.1,47.0,normal
2020-01-20,35.71,8.0,9.8,6.2,6.4,6.4,16.9,0.6,993.3,989.0,54.0,normal
2020-01-21,39.1,6.8,9.9,3.8,57.6,5.6,16.4,0.0,992.9,987.8,86.0,normal
2020-01-22,47.27,9.6,12.6,6.7,39.4,1.4,8.3,0.0,989.5,984.4,88.0,normal
2020-01-23,53.95,8.4,13.1,3.8,1.2,0.8,9.7,3.6,989.6,982.3,87.0,normal
2020-01-24,53.71,7.6,13.8,1.3,0.0,0.8,3.1,5.3,989.6,985.4,86.0,normal
2020-01-25,48.18,6.4,9.9,2.9,0.6,0.8,2.5,0.8,987.7,984.0,88.0,normal
2020-01-26,40.01,7.6,11.8,3.5,0.0,1.7,8.1,3.8,988.3,983.8,83.0,normal
2020-01-27,39.34,7.8,12.0,3.6,0.0,1.7,8.9,4.3,988.2,983.4,68.0,normal
2020-01-28,38.47,10.4,15.7,5.2,0.0,1.7,6.9,5.6,985.5,982.4,71.0,normal
2020-01-29,39.77,9.0,16.3,1.6,0.0,1.4,4.7,7.2,988.5,985.0,77.0,normal
2020-01-30,37.95,10.0,16.3,3.8,0.0,0.8,7.2,4.4,987.3,984.4,79.0,normal
2020-01-31,37.23,11.7,18.5,4.9,0.0,1.4,3.9,6.1,988.8,985.8,77.0,normal
2020-02-01,29.23,11.2,18.8,3.6,0.0,1.4,5.8,6.3,991.6,984.6,79.0,normal
2020-02-02,27.85,12.4,19.5,5.2,0.0,1.9,6.4,,993.6,990.6,77.0,normal
2020-02-03,40.66,14.2,21.6,6.7,0.0,1.4,5.8,8.5,995.2,990.8,73.0,normal
2020-02-04,37.82,13.2,20.1,6.2,0.0,2.8,9.7,8.6,993.3,985.0,73.0,normal
2020-02-05,36.82,8.0,14.9,1.2,0.0,1.7,7.8,8.8,995.9,991.8,67.0,normal
2020-02-06,38.64,7.4,15.8,-1.0,0.0,1.7,6.7,8.8,994.3,989.8,72.0,normal
2020-02-07,39.87,7.3,13.2,1.4,0.0,1.1,5.0,3.7,992.1,988.1,76.0,normal
2020-02-08,39.05,10.0,14.6,5.5,0.0,1.4,4.2,4.0,993.1,988.5,73.0,normal
2020-02-09,30.08,9.0,16.3,1.7,0.0,1.4,8.6,8.3,995.7,992.4,69.0,normal
2020-02-10,31.81,12.6,18.3,7.0,0.0,2.8,8.6,,993.9,989.9,68.0,normal
2020-02-11,41.99,11.3,15.5,7.1,0.0,1.7,6.1,3.0,991.2,987.6,77.0,normal
2020-02-12,44.28,9.1,11.6,6.6,0.0,1.7,6.9,0.0,991.7,988.7,91.0,normal
2020-02-13,38.23,12.4,17.1,7.6,0.0,1.9,8.9,7.2,988.7,984.6,76.0,normal
2020-02-14,41.74,11.0,16.8,5.1,0.0,0.6,6.1,4.9,992.2,988.1,78.0,normal
2020-02-15,35.17,12.6,18.4,6.9,0.0,1.7,6.7,4.7,992.5,989.3,83.0,normal
2020-02-16,24.48,12.3,17.3,7.3,0.0,2.2,7.5,5.9,992.6,988.6,80.0,normal
2020-02-17,35.96,12.8,18.4,7.3,0.0,0.8,8.3,4.4,994.6,988.0,73.0,normal
2020-02-18,38.23,9.2,14.4,4.0,0.0,1.1,6.9,9.0,997.7,994.4,66.0,normal
2020-02-19,42.76,8.0,14.0,2.0,0.0,1.7,5.6,9.3,998.1,993.6,68.0,normal
2020-02-20,42.53,8.8,18.3,-0.7,0.0,0.8,4.2,9.3,993.6,988.6,70.0,normal
2020-02-21,39.29,9.2,18.0,0.4,0.0,1.7,7.2,9.3,996.3,993.1,68.0,normal
2020-02-22,39.72,10.2,19.3,1.2,0.0,1.7,5.8,9.1,999.8,995.3,67.0,normal
2020-02-23,36.48,11.2,20.5,2.0,0.0,1.1,7.8,9.4,999.6,995.1,65.0,normal
2020-02-24,41.62,12.0,21.6,2.4,0.0,1.4,7.5,9.4,996.4,986.0,65.0,normal
2020-02-25,32.78,9.6,16.2,2.9,0.0,2.5,7.8,4.3,986.0,979.1,70.0,normal
2020-02-26,31.97,10.3,16.8,3.8,0.0,5.6,15.3,9.4,984.5,978.9,50.0,normal
2020-02-27,30.62,10.2,17.0,3.3,0.0,3.3,13.9,8.7,984.6,978.9,57.0,normal
2020-02-28,33.92,10.2,16.9,3.5,0.0,2.8,8.6,5.8,987.9,982.9,75.0,normal
2020-02-29,16.6,12.8,18.8,6.7,0.0,3.1,10.3,4.8,983.6,974.0,58.0,collapse
2020-03-01,14.22,14.4,18.4,10.3,2.8,3.3,15.0,8.4,976.1,971.0,47.0,collapse
2020-03-02,21.89,10.8,16.0,5.7,1.6,5.6,20.3,7.0,976.5,958.6,56.0,normal
2020-03-03,26.14,8.3,11.9,4.7,0.0,4.2,14.2,5.6,978.3,969.6,66.0,normal
2020-03-04,32.6,12.3,19.8,4.8,0.0,3.1,9.2,8.2,982.6,978.2,66.0,normal
2020-03-05,25.15,12.4,19.2,5.7,0.0,3.9,14.7,,980.3,968.5,60.0,normal
2020-03-06,21.43,8.1,14.3,1.9,0.4,4.2,13.9,,980.5,972.6,53.0,normal
2020-03-07,27.73,8.4,17.0,-0.1,0.0,2.8,10.0,9.7,989.2,980.1,53.0,normal
2020-03-08,26.88,10.3,18.0,2.6,0.0,1.7,7.8,8.6,989.6,985.5,60.0,normal
2020-03-09,32.52,10.4,17.9,2.8,0.0,3.3,11.9,10.4,988.0,982.2,64.0,normal
2020-03-10,34.54,9.4,16.0,2.8,0.0,2.5,7.2,4.7,990.3,987.9,68.0,normal
2020-03-11,38.63,13.5,24.1,2.9,0.0,1.7,5.8,10.3,990.1,986.3,61.0,normal
2020-03-12,38.78,15.2,24.6,5.7,0.0,2.5,7.8,9.9,988.2,982.4,60.0,normal
2020-03-13,33.99,14.0,19.9,8.1,0.0,0.8,7.2,4.2,986.5,983.3,68.0,normal
2020-03-14,35.59,13.2,18.7,7.8,0.0,1.7,7.5,2.6,986.6,984.0,74.0,normal
2020-03-15,26.8,11.4,17.2,5.6,0.0,1.4,7.5,4.4,986.3,981.0,72.0,normal
2020-03-16,27.02,11.9,13.4,10.4,36.0,1.9,8.6,0.0,989.5,980.0,81.0,normal
2020-03-17,28.43,13.0,16.6,9.3,0.0,1.4,5.8,0.6,995.0,989.5,72.0,normal
2020-03-18,30.69,12.7,18.7,6.7,0.0,0.8,6.9,6.1,994.7,990.3,68.0,normal
2020-03-19,30.43,10.8,17.9,3.7,0.0,2.5,8.3,9.0,990.9,986.4,69.0,normal
2020-03-20,28.08,10.2,17.5,3.0,0.0,1.7,8.9,7.9,987.2,983.6,64.0,normal
2020-03-21,27.65,9.2,16.8,1.7,0.0,1.9,7.2,8.9,983.6,977.3,63.0,normal
2020-03-22,27.53,11.2,16.4,6.1,2.0,1.4,6.7,4.2,982.4,977.9,73.0,normal
2020-03-23,29.04,11.8,14.3,9.4,5.2,0.8,4.7,0.0,986.6,982.2,87.0,normal
2020-03-24,27.41,10.8,14.5,7.0,0.0,1.7,7.5,4.7,986.5,983.6,71.0,normal
2020-03-25,31.59,7.2,11.4,3.0,0.0,2.5,7.2,2.7,984.8,977.9,57.0,normal
2020-03-26,22.82,5.6,11.5,-0.2,0.0,2.2,9.2,4.2,979.0,973.6,67.0,normal
2020-03-27,25.07,6.0,13.5,-1.5,0.2,1.1,5.3,2.1,982.2,978.7,62.0,normal
2020-03-28,27.94,11.8,18.2,5.3,0.0,1.4,5.6,5.3,983.9,981.2,57.0,normal
2020-03-29,19.37,11.6,20.1,3.0,1.4,2.5,8.3,9.1,982.9,977.9,64.0,collapse
2020-03-30,19.05,8.4,10.6,6.1,0.6,1.4,7.5,0.0,981.2,978.5,73.0,collapse
2020-03-31,20.55,9.4,12.7,6.1,3.4,0.8,4.2,0.0,981.6,978.7,80.0,normal
2020-04-01,26.2,9.7,11.6,7.8,6.8,1.9,8.3,0.0,981.4,978.4,83.0,normal
2020-04-02,23.9,12.0,16.5,7.4,0.0,2.5,7.5,5.6,979.8,976.6,65.0,normal
2020-04-03,23.73,10.3,17.0,3.6,0.0,2.8,8.9,9.9,984.5,979.3,65.0,normal
2020-04-04,16.24,11.6,19.5,3.6,0.0,2.5,8.6,11.4,987.1,983.9,56.0,collapse
2020-04-05,8.16,10.6,19.1,2.0,0.0,1.9,8.6,11.1,987.9,984.5,54.0,collapse
2020-04-06,24.83,11.9,19.4,4.4,0.0,2.2,7.8,9.9,991.8,987.3,53.0,normal
2020-04-07,22.45,12.2,17.0,7.4,0.0,1.4,4.2,1.7,993.0,991.0,66.0,normal
2020-04-08,23.62,13.2,20.8,5.7,0.0,2.2,7.5,11.1,992.6,988.1,52.0,normal
2020-04-09,22.32,13.3,21.1,5.5,0.0,2.2,8.6,,989.4,986.0,52.0,normal
2020-04-10,19.07,13.2,22.1,4.3,0.0,1.9,7.5,11.0,989.1,986.1,49.0,collapse
2020-04-11,22.02,12.9,20.3,5.5,0.0,1.9,6.1,7.0,989.1,986.6,52.0,normal
2020-04-12,17.82,13.0,20.8,5.1,0.8,1.9,8.3,9.0,988.6,979.7,48.0,collapse
2020-04-13,22.26,10.6,13.7,7.4,14.6,2.2,6.7,0.0,979.8,974.6,88.0,normal
2020-04-14,21.95,15.5,21.5,9.5,0.0,2.2,7.8,10.5,981.8,977.8,68.0,normal
2020-04-15,16.61,13.8,20.8,6.8,0.0,2.2,8.3,7.9,986.5,981.8,69.0,collapse
2020-04-16,12.73,17.2,21.4,12.9,0.0,1.7,8.6,6.6,986.7,982.1,63.0,collapse
2020-04-17,14.54,17.3,22.9,11.7,0.0,2.5,8.6,7.2,985.1,980.5,69.0,collapse
2020-04-18,21.28,16.3,22.2,10.4,10.8,3.3,9.7,7.6,983.4,979.5,74.0,normal
2020-04-19,13.3,15.0,16.5,13.6,31.8,0.6,4.7,0.0,980.2,973.4,91.0,collapse
2020-04-20,11.12,16.2,18.7,13.7,20.2,1.4,7.5,0.6,973.6,970.5,85.0,collapse
2020-04-21,9.24,13.6,15.2,12.1,14.8,1.9,6.9,0.0,973.8,969.8,90.0,collapse
2020-04-22,9.99,15.0,17.8,12.1,0.0,2.8,8.6,2.0,985.2,973.8,70.0,collapse
2020-04-23,17.75,16.9,21.8,12.0,1.0,1.4,6.9,7.5,985.9,983.0,67.0,collapse
2020-04-24,18.82,17.4,22.9,11.8,0.0,2.2,8.6,9.8,984.1,978.8,53.0,collapse
2020-04-25,17.63,15.1,21.9,8.3,0.0,3.1,9.2,11.4,979.9,973.9,56.0,collapse
2020-04-26,15.22,16.6,23.1,10.2,0.0,1.9,8.1,7.2,978.8,975.4,62.0,collapse
2020-04-27,19.99,15.2,19.1,11.2,4.4,1.1,12.8,0.8,978.5,974.7,77.0,collapse
2020-04-28,18.59,15.3,20.9,9.7,0.2,4.2,13.6,9.9,980.6,975.8,55.0,collapse
2020-04-29,10.69,14.2,21.5,6.9,0.0,3.3,10.0,11.3,982.7,978.8,51.0,collapse
2020-04-30,7.5,15.4,21.5,9.3,0.0,3.6,14.7,8.8,980.9,977.7,49.0,collapse
2020-05-01,4.63,19.2,24.7,13.8,0.0,4.4,12.8,10.0,982.0,978.6,52.0,collapse
2020-05-02,11.31,20.1,27.4,12.8,0.0,3.6,10.8,12.1,984.3,981.3,54.0,collapse
2020-05-03,14.15,19.1,26.4,11.8,0.0,2.8,8.3,12.3,985.9,982.6,61.0,collapse
2020-05-04,16.15,19.4,27.5,11.4,0.0,1.9,7.8,10.7,983.9,980.3,53.0,collapse
2020-05-05,18.24,19.4,26.4,12.3,0.0,1.9,6.7,3.6,982.3,979.4,62.0,collapse
2020-05-06,22.39,20.2,28.4,12.1,0.0,2.2,8.9,11.6,985.6,981.1,57.0,normal
2020-05-07,20.94,19.6,27.3,11.8,0.0,1.9,8.3,10.2,986.1,984.0,53.0,normal
2020-05-08,20.05,18.5,26.3,10.7,0.0,2.2,8.1,12.0,985.7,980.7,47.0,normal
2020-05-09,18.71,15.8,22.1,9.5,1.0,1.1,6.9,3.8,981.9,975.6,69.0,collapse
2020-05-10,12.71,15.6,17.7,13.4,20.8,1.9,9.4,0.8,975.8,966.7,81.0,collapse
2020-05-11,15.32,18.1,22.7,13.5,0.0,5.0,15.6,6.5,974.9,968.0,55.0,collapse
2020-05-12,24.24,15.3,21.0,9.6,0.4,1.9,9.2,6.5,978.3,972.2,66.0,normal
2020-05-13,25.3,17.6,22.5,12.7,0.0,2.5,8.9,9.4,973.4,969.7,57.0,normal
2020-05-14,24.47,14.2,17.9,10.6,,0.6,5.0,1.0,974.3,970.0,86.0,normal
2020-05-15,20.14,16.0,21.0,10.9,,1.9,7.2,6.0,982.5,974.3,68.0,normal
2020-05-16,16.19,17.4,22.3,12.6,,3.1,10.8,3.4,984.8,980.7,78.0,collapse
2020-05-17,15.62,17.8,23.9,11.7,,1.9,7.5,10.8,987.0,983.9,64.0,collapse
2020-05-18,26.12,18.3,26.5,10.1,,1.7,7.8,10.7,987.4,984.1,52.0,normal
2020-05-19,26.06,19.5,28.1,10.9,,2.5,6.9,12.9,985.3,980.6,47.0,normal
2020-05-20,26.83,20.5,30.2,10.8,,1.7,8.6,12.9,984.7,980.2,42.0,normal
2020-05-21,28.12,22.0,31.4,12.6,0.0,1.9,6.9,13.0,987.9,983.9,47.0,normal
2020-05-22,29.44,22.9,31.6,14.2,0.0,2.2,9.7,13.1,991.5,987.6,44.0,normal
2020-05-23,17.48,21.4,30.2,12.5,,3.1,8.1,10.1,994.2,989.5,50.0,collapse
2020-05-24,11.49,21.2,25.4,17.0,0.0,2.8,8.3,3.9,994.4,991.4,58.0,collapse
2020-05-25,23.79,21.2,26.5,15.8,0.0,1.9,6.7,7.8,992.7,989.9,59.0,normal
2020-05-26,22.21,21.0,29.4,12.7,0.0,2.5,8.6,12.2,992.7,989.3,46.0,normal
2020-05-27,25.05,20.4,27.5,13.2,0.0,3.3,9.7,12.7,993.5,991.2,50.0,normal
2020-05-28,29.29,21.0,27.2,14.7,0.0,2.5,10.0,13.4,993.3,986.8,45.0,normal
2020-05-29,33.08,20.8,29.0,12.5,,2.2,13.3,9.6,986.8,979.5,63.0,normal
2020-05-30,29.71,19.2,24.8,13.5,0.0,2.8,9.2,8.6,983.6,980.1,68.0,normal
2020-05-31,29.7,19.5,25.6,13.4,,2.2,10.3,11.3,982.8,978.7,59.0,normal
2020-06-01,34.23,20.2,25.6,14.7,,1.9,8.9,4.4,984.5,979.9,66.0,normal
2020-06-02,34.86,20.2,26.6,13.9,,2.2,9.7,6.3,983.7,979.6,72.0,normal
2020-06-10,30.72,17.2,24.2,10.2,0.0,,,7.0,983.1,978.4,65.0,normal
2020-06-11,23.71,18.8,23.1,14.4,10.2,,,1.7,979.1,969.2,69.0,normal
2020-06-12,20.29,20.3,24.6,16.0,0.0,,,9.9,974.8,967.8,46.0,normal
2020-06-13,21.2,18.6,25.7,11.5,0.0,,,12.3,983.9,974.7,46.0,normal
2020-06-14,26.61,18.8,25.5,12.2,0.0,,,8.5,985.2,982.1,53.0,normal
2020-06-15,31.76,20.4,26.7,14.2,2.6,,,11.0,986.6,983.1,60.0,normal
2020-06-16,31.07,18.7,22.2,15.2,10.8,,,2.5,985.8,980.7,82.0,normal
2020-06-17,34.26,19.4,25.8,13.1,4.2,,,7.8,982.9,979.7,57.0,normal
2020-06-18,35.34,19.2,24.5,13.8,3.2,,,8.1,984.3,979.9,69.0,normal
2020-06-19,33.6,20.2,24.7,15.8,0.0,,,8.9,987.6,983.7,61.0,normal
2020-06-20,31.81,20.6,27.2,13.9,0.0,,,9.9,987.8,984.6,70.0,normal
2020-06-21,25.91,23.6,30.4,16.9,0.0,,,11.5,988.6,984.7,62.0,normal
2020-06-22,30.35,23.4,29.5,17.3,0.0,,,13.0,988.5,984.9,60.0,normal
2020-06-23,34.54,23.0,30.1,15.9,0.0,,,13.8,987.0,982.4,56.0,normal
2020-06-24,37.41,22.8,30.0,15.6,0.0,,,12.3,984.6,983.0,50.0,normal
2020-06-25,39.43,24.6,31.0,18.2,0.0,,,12.9,984.0,981.2,49.0,normal
2020-06-26,37.76,24.2,31.4,17.1,0.0,,,12.5,983.1,979.8,44.0,normal
2020-06-27,30.46,23.8,30.8,16.8,0.0,,,13.7,983.5,980.7,52.0,normal
2020-06-28,29.53,25.8,32.0,19.6,0.0,,,10.5,984.9,982.0,53.0,normal
2020-06-29,37.4,24.2,30.6,17.8,0.0,,,10.4,984.3,981.6,62.0,normal
2020-06-30,37.58,25.5,30.2,20.8,0.0,,,7.7,983.0,978.8,63.0,normal
2020-07-01,37.45,26.6,34.0,19.1,0.0,,,13.0,980.5,976.3,49.0,normal
2020-07-02,34.51,25.6,32.0,19.1,6.6,,,11.1,983.9,978.5,58.0,normal
2020-07-03,34.92,23.0,29.2,16.8,0.2,,,10.6,986.9,983.0,57.0,normal
2020-07-04,28.68,23.0,30.5,15.6,0.0,,,13.7,988.5,985.5,45.0,normal
2020-07-05,25.86,24.4,33.2,15.5,0.0,,,13.7,988.1,983.0,44.0,normal
2020-07-06,28.39,25.6,34.4,16.9,0.0,,,13.6,984.2,980.5,50.0,normal
2020-07-07,35.2,25.2,32.0,18.5,0.0,,,11.9,984.1,981.1,51.0,normal
2020-07-08,37.79,25.0,32.0,17.9,0.0,,,10.8,985.5,981.8,51.0,normal
2020-07-09,39.95,27.2,36.1,18.4,,,,,985.1,981.6,50.0,normal
2020-07-10,37.95,25.0,31.7,18.4,0.0,3.3,10.8,7.7,984.1,981.3,52.0,normal
2020-07-11,29.11,25.0,33.6,16.5,0.0,2.2,10.3,13.2,985.3,982.7,50.0,normal
2020-07-12,28.8,25.1,32.3,17.9,0.4,1.9,11.7,7.1,986.5,983.6,60.0,normal
2020-07-13,33.96,25.4,32.1,18.8,34.8,1.7,11.9,7.2,986.0,982.9,65.0,normal
2020-07-14,33.62,23.2,28.9,17.5,0.0,2.2,9.4,8.3,985.0,980.6,49.0,normal
2020-07-15,31.06,22.8,30.0,15.7,0.0,2.2,7.5,9.4,985.3,981.8,50.0,normal
2020-07-16,34.89,22.9,27.7,18.1,0.0,3.1,9.2,10.6,986.0,983.0,56.0,normal
2020-07-17,32.17,24.4,29.8,19.0,0.0,2.8,8.6,10.0,984.1,980.6,58.0,normal
2020-07-18,30.83,25.2,31.6,18.8,0.0,2.5,10.6,12.9,983.8,980.2,49.0,normal
2020-07-19,30.45,25.2,32.8,17.6,0.0,2.8,8.9,13.1,983.5,980.5,49.0,normal
2020-07-20,35.55,23.5,30.2,16.8,0.0,1.7,5.3,5.6,985.6,982.8,55.0,normal
2020-07-21,36.07,24.4,32.9,16.0,0.0,3.1,9.2,12.5,986.7,984.5,51.0,normal
2020-07-22,40.84,24.8,33.8,15.7,0.0,2.5,9.7,9.2,987.5,982.9,40.0,normal
2020-07-23,42.04,26.0,33.6,18.4,2.4,2.5,9.2,12.8,984.0,979.5,43.0,normal
2020-07-24,36.1,26.4,33.1,19.7,0.4,2.5,8.3,9.8,982.9,979.0,51.0,normal
2020-07-25,33.32,25.4,31.9,18.8,0.0,3.1,8.3,9.7,983.1,979.1,53.0,normal
2020-07-26,29.78,25.7,33.3,18.1,0.0,2.5,9.7,12.9,984.5,981.0,53.0,normal
2020-07-27,38.28,28.0,36.3,19.6,0.0,2.8,9.2,11.4,984.7,980.6,47.0,normal
2020-07-28,35.89,27.5,36.1,18.9,0.0,2.5,7.8,11.6,983.6,981.0,41.0,normal
2020-07-29,37.75,26.8,35.3,18.2,0.0,2.2,8.6,12.6,984.3,981.4,46.0,normal
2020-07-30,40.45,28.0,37.3,18.7,0.0,2.5,8.6,12.1,984.3,981.7,40.0,normal
2020-07-31,42.07,28.0,37.8,18.3,0.0,2.8,9.7,12.6,984.0,980.5,37.0,normal
2020-08-01,33.5,28.0,37.1,18.9,0.0,2.8,8.9,,983.1,978.9,38.0,normal
2020-08-02,28.64,28.0,34.9,21.1,0.4,3.3,8.9,10.8,982.5,978.3,45.0,normal
2020-08-03,36.62,24.6,30.3,19.0,10.2,2.8,8.9,9.3,980.9,977.3,46.0,normal
2020-08-04,35.4,23.4,28.6,18.1,0.0,3.3,9.2,,981.6,978.9,53.0,normal
2020-08-05,36.43,24.6,32.2,17.1,0.0,2.5,9.7,12.6,982.7,978.6,54.0,normal
2020-08-06,37.36,26.4,34.3,18.6,0.0,2.5,9.4,12.6,984.9,981.4,46.0,normal
2020-08-07,38.6,26.6,35.8,17.3,0.0,2.5,9.7,11.4,986.5,982.6,44.0,normal
2020-08-08,36.91,28.2,36.4,19.9,0.0,2.8,8.9,10.0,987.0,982.4,42.0,normal
2020-08-09,34.65,28.8,36.3,21.4,0.0,2.2,11.7,8.1,984.3,981.0,45.0,normal
2020-08-10,38.09,26.0,34.1,17.8,0.0,1.9,7.2,6.1,981.9,979.3,42.0,normal
2020-08-11,38.88,27.8,36.0,19.5,0.0,3.1,8.9,4.4,982.8,979.4,44.0,normal
2020-08-12,39.27,27.2,33.4,21.1,0.0,2.2,12.8,6.1,982.1,978.2,47.0,normal
2020-08-13,40.52,25.6,32.9,18.2,1.2,2.2,10.0,7.9,982.8,980.0,60.0,normal
2020-08-14,36.71,25.6,32.3,19.0,0.0,2.2,9.2,8.5,983.0,979.5,62.0,normal
2020-08-15,31.55,25.2,32.9,17.4,0.0,2.5,10.3,10.5,981.8,977.0,56.0,normal
2020-08-16,29.08,25.4,33.0,17.8,0.0,2.2,9.2,9.9,979.8,976.9,57.0,normal
2020-08-17,36.21,23.8,30.1,17.6,0.0,2.5,9.7,9.2,981.3,978.2,51.0,normal
2020-08-18,38.51,24.6,28.6,20.5,,1.9,6.4,,981.4,978.9,53.0,normal
2020-08-19,34.9,25.2,34.1,16.2,0.0,2.8,8.9,,980.4,974.8,49.0,normal
2020-08-20,34.5,25.9,34.6,17.2,0.0,2.2,9.4,11.4,980.2,976.5,45.0,normal
2020-08-21,33.58,26.6,35.7,17.6,0.0,2.2,9.2,11.1,982.9,978.9,55.0,normal
2020-08-22,32.17,27.9,33.2,22.6,0.0,2.8,9.7,7.5,986.6,982.9,59.0,normal
2020-08-23,29.22,26.4,32.4,20.5,0.0,3.3,8.6,10.0,987.4,983.4,46.0,normal
2020-08-24,38.7,24.2,29.4,18.9,0.0,3.3,10.6,,984.6,981.1,56.0,normal
2020-08-25,39.85,25.1,34.1,16.1,0.0,2.8,8.6,,984.4,980.2,61.0,normal
2020-08-26,39.49,27.2,34.0,20.5,0.0,2.8,9.2,10.2,986.1,982.8,59.0,normal
2020-08-27,46.25,26.5,32.7,20.3,0.0,2.5,8.9,10.5,985.7,979.8,61.0,normal
2020-08-28,39.8,25.5,31.5,19.5,23.4,1.9,10.6,7.3,980.2,970.0,67.0,normal
2020-08-29,30.96,19.5,23.2,15.8,0.2,1.9,7.5,3.9,975.2,970.8,71.0,normal
2020-08-30,33.75,18.6,26.1,11.2,0.2,2.5,8.3,,984.1,974.9,57.0,normal
2020-08-31,42.01,18.9,26.9,10.9,0.0,2.2,7.2,,985.4,981.5,46.0,normal
2020-09-01,46.01,19.4,26.5,12.3,0.0,2.2,8.6,,983.9,978.0,62.0,normal
2020-09-02,44.2,20.6,26.8,14.5,0.0,1.7,7.2,,986.7,980.9,60.0,normal
2020-09-03,46.16,22.0,29.3,14.6,0.0,1.9,10.3,11.1,990.9,986.4,60.0,normal
2020-09-04,43.97,23.2,31.2,15.3,0.0,2.5,8.3,11.0,991.9,987.8,58.0,normal
2020-09-05,35.2,23.8,31.3,16.2,0.0,2.2,8.9,10.0,988.9,983.7,59.0,normal
2020-09-06,31.67,24.4,30.8,18.1,0.0,3.1,8.9,10.7,984.4,980.2,51.0,normal
2020-09-08,41.54,19.0,27.4,10.6,8.6,1.9,8.9,4.0,990.2,987.8,67.0,normal
2020-09-09,46.08,19.9,24.5,15.3,8.4,1.4,5.0,2.0,988.9,986.1,81.0,normal
2020-09-10,45.1,21.2,28.8,13.7,0.0,1.4,13.6,6.7,986.6,982.0,71.0,normal
2020-09-11,46.96,23.8,31.4,16.2,0.0,1.9,8.9,9.7,983.3,979.7,55.0,normal
2020-09-12,40.39,23.5,32.0,15.0,0.0,1.4,7.8,,988.7,983.2,53.0,normal
2020-09-13,35.06,23.9,32.5,15.3,0.0,1.9,6.9,,990.7,988.1,49.0,normal
2020-09-14,43.49,23.0,31.7,14.4,0.0,1.9,8.3,10.3,991.0,987.5,53.0,normal
2020-09-15,48.9,22.2,30.1,14.4,0.0,1.7,6.9,10.2,989.5,985.3,61.0,normal
2020-09-16,51.05,23.7,31.4,16.0,0.0,1.9,6.7,9.7,986.8,982.9,59.0,normal
2020-09-17,47.11,23.3,30.6,16.0,0.0,1.4,5.8,3.6,984.8,981.4,55.0,normal
2020-09-18,43.38,20.4,22.5,18.4,4.6,1.4,5.6,1.0,985.7,981.7,81.0,normal
2020-09-19,39.34,21.2,25.9,16.5,7.2,1.4,5.6,,982.8,978.3,80.0,normal
2020-09-20,39.17,21.9,27.6,16.2,0.0,2.2,7.8,10.4,982.5,980.0,54.0,normal
2020-09-21,49.26,20.5,25.1,15.9,0.2,1.9,8.6,3.6,983.6,981.2,70.0,normal
2020-09-22,50.67,20.8,26.5,15.0,0.0,1.4,8.3,,983.0,978.1,67.0,normal
2020-09-23,44.98,20.8,28.7,12.9,0.0,2.2,9.4,,979.6,976.1,52.0,normal
2020-09-24,39.72,20.6,26.6,14.5,0.0,2.5,10.0,,978.8,975.5,58.0,normal
2020-09-25,26.89,16.0,20.6,11.5,0.0,5.8,17.5,,981.8,974.5,39.0,normal
2020-09-26,29.25,15.2,23.3,7.1,0.0,3.3,14.2,10.0,981.5,970.9,54.0,normal
2020-09-27,24.72,14.8,20.7,8.9,0.0,2.8,10.8,,979.6,970.9,42.0,normal
2020-09-28,41.43,16.4,24.1,8.7,0.0,1.7,7.2,,985.2,979.3,49.0,normal
2020-09-29,48.35,17.2,25.9,8.4,0.0,1.7,7.8,,986.8,982.2,54.0,normal
2020-09-30,49.15,17.3,26.9,7.7,0.0,1.7,7.5,,984.3,978.8,60.0,normal
2020-10-01,41.48,19.2,26.8,11.6,0.0,1.7,7.8,6.4,979.1,969.1,65.0,normal
2020-10-02,24.8,14.0,18.3,9.6,6.4,1.9,15.3,0.1,969.1,956.3,84.0,normal
2020-10-03,19.13,12.5,17.0,8.0,0.0,3.9,13.9,,974.4,963.7,55.0,collapse
2020-10-04,14.4,12.4,19.4,5.3,0.0,3.6,11.4,7.6,976.0,970.7,57.0,collapse
2020-10-05,35.12,14.0,21.5,6.5,0.0,2.8,7.5,,985.7,976.0,56.0,normal
2020-10-06,41.0,15.6,24.5,6.7,0.0,1.7,8.6,9.3,986.5,983.5,57.0,normal
2020-10-07,43.02,18.6,25.3,12.0,0.0,2.8,9.4,7.0,990.3,983.8,71.0,normal
2020-10-08,43.95,19.6,25.4,13.8,0.0,1.7,5.6,8.4,991.4,987.5,70.0,normal
2020-10-09,44.39,20.1,26.2,14.0,0.6,1.4,6.7,4.9,989.5,986.4,73.0,normal
2020-10-10,32.49,18.4,22.8,14.1,0.0,1.7,9.2,4.2,988.8,985.8,77.0,normal
2020-10-11,27.84,14.6,21.4,7.7,0.0,1.4,10.8,8.3,987.3,983.3,46.0,normal
2020-10-12,38.38,13.2,21.8,4.7,0.0,2.2,8.9,,986.0,982.3,44.0,normal
2020-10-13,40.47,15.4,21.9,8.9,0.2,2.2,8.9,8.3,982.7,976.3,57.0,normal
2020-10-14,36.74,10.2,15.9,4.4,1.2,1.1,11.4,1.9,977.8,972.9,74.0,normal
2020-10-15,39.33,10.5,18.7,2.3,0.0,1.9,8.9,7.8,982.1,977.4,62.0,normal
2020-10-16,43.33,10.0,18.6,1.4,0.0,1.7,4.7,9.2,984.2,981.4,56.0,normal
2020-10-17,42.37,10.2,19.6,0.9,0.0,0.8,5.8,9.1,985.9,981.5,55.0,normal
2020-10-18,40.26,11.4,20.7,2.1,0.0,1.7,5.8,7.9,988.6,985.9,67.0,normal
2020-10-19,35.71,11.8,19.6,3.9,0.0,1.1,6.4,4.7,989.4,985.4,73.0,normal
2020-10-20,36.03,15.8,20.2,11.4,0.0,1.1,5.8,0.5,986.1,979.5,74.0,normal
2020-10-21,36.58,19.3,25.1,13.5,0.2,1.7,6.7,4.1,981.5,977.2,70.0,normal
2020-10-22,45.22,16.2,18.7,13.6,2.4,0.8,3.9,0.0,983.3,980.7,86.0,normal
2020-10-23,45.19,17.0,21.4,12.5,0.0,3.1,10.3,7.2,987.5,982.1,63.0,normal
2020-10-24,32.25,13.2,20.5,6.0,0.0,1.9,8.1,8.9,989.3,984.1,61.0,normal
2020-10-25,14.46,15.0,20.2,9.9,0.0,2.5,11.4,6.5,984.1,973.9,53.0,collapse
2020-10-26,34.43,12.8,17.6,8.1,0.0,4.7,11.4,8.5,981.6,973.0,53.0,normal
2020-10-27,39.95,10.6,17.0,4.2,0.0,2.5,7.5,6.7,983.5,981.2,59.0,normal
2020-10-28,43.36,13.4,21.6,5.2,0.0,1.1,5.3,8.7,990.1,983.3,60.0,normal
2020-10-29,44.94,14.6,21.8,7.4,0.0,1.1,6.7,8.8,993.1,989.9,63.0,normal
2020-10-30,41.58,15.2,25.1,5.2,0.0,1.4,4.2,8.8,992.8,989.4,62.0,normal
2020-10-31,35.77,15.3,26.1,4.5,0.0,0.8,5.8,8.9,991.5,987.2,59.0,normal
2020-11-01,27.22,15.2,25.1,5.2,0.0,0.8,5.0,8.8,990.4,987.4,61.0,normal
2020-11-02,40.89,16.0,25.5,6.6,0.0,,7.2,8.8,989.5,985.7,66.0,normal
2020-11-03,39.02,14.8,17.9,11.8,15.8,1.1,4.4,0.0,991.4,989.5,81.0,normal
2020-11-04,38.8,10.5,11.8,9.2,5.6,1.1,5.0,0.0,991.8,988.2,89.0,normal
2020-11-05,33.99,12.5,18.4,6.6,0.2,1.1,5.0,5.5,993.5,991.2,76.0,normal
2020-11-06,34.98,15.8,18.8,12.7,0.0,2.2,6.4,0.0,992.9,989.2,75.0,normal
2020-11-07,33.53,14.6,17.5,11.8,41.0,1.9,8.3,0.9,989.2,985.3,82.0,normal
2020-11-08,34.64,13.8,18.2,9.3,0.2,1.1,3.9,3.8,990.4,987.0,89.0,normal
2020-11-09,45.62,13.0,19.7,6.4,0.0,0.8,3.3,7.2,989.5,986.4,75.0,normal
2020-11-10,50.67,13.0,19.7,6.4,0.0,0.8,4.2,6.0,993.4,989.5,78.0,normal
2020-11-11,43.3,12.9,20.0,5.8,0.0,1.4,4.7,6.6,993.5,988.0,77.0,normal
2020-11-12,45.35,11.9,17.6,6.2,0.0,0.6,3.3,6.9,990.4,987.7,77.0,normal
2020-11-13,44.52,11.4,17.3,5.6,0.0,0.8,2.8,4.5,989.1,986.4,79.0,normal
2020-11-14,38.11,11.4,18.4,4.3,0.0,1.1,2.2,6.7,988.9,985.1,79.0,normal
2020-11-15,24.14,13.8,20.0,7.7,0.0,2.2,11.4,7.2,986.1,982.5,73.0,normal
2020-11-16,42.48,13.4,16.9,9.8,0.0,1.1,5.0,1.2,991.6,983.7,82.0,normal
2020-11-17,44.75,11.8,18.1,5.4,0.0,0.8,3.9,7.8,993.9,990.8,76.0,normal
2020-11-18,42.46,11.4,18.2,4.6,0.0,1.4,3.9,6.6,994.7,992.0,81.0,normal
2020-11-19,39.08,11.8,17.7,6.0,0.0,1.1,6.4,6.4,996.9,993.4,81.0,normal
2020-11-20,41.3,8.6,14.4,2.9,0.0,1.4,6.1,4.9,995.3,990.8,71.0,normal
2020-11-21,40.25,6.8,14.5,-1.0,0.0,1.1,3.6,8.0,996.1,993.4,71.0,normal
2020-11-22,42.0,6.6,14.7,-1.6,0.0,0.8,2.5,7.9,995.7,991.7,73.0,normal
2020-11-23,50.51,7.8,16.1,-0.4,0.0,0.6,,7.3,995.3,991.5,75.0,normal
2020-11-24,46.68,7.5,15.4,-0.4,0.0,0.8,,7.5,992.6,986.0,75.0,normal
2020-11-25,47.34,8.4,12.7,4.1,0.0,0.8,2.8,0.8,986.6,982.7,84.0,normal
2020-11-26,48.16,10.0,13.8,6.2,3.0,0.3,,0.7,984.7,982.3,89.0,normal
2020-11-27,52.56,11.9,14.6,9.2,12.2,1.7,,0.1,983.3,975.2,87.0,normal
2020-11-28,48.07,10.6,12.0,9.2,3.4,1.4,,0.0,977.6,971.9,89.0,normal
2020-11-29,45.44,12.0,17.9,6.1,0.0,0.8,,7.7,986.2,977.6,78.0,normal
2020-11-30,52.23,9.9,16.2,3.6,0.0,1.1,4.7,7.2,989.6,986.1,81.0,normal
2020-12-01,50.36,7.0,9.7,4.2,0.0,1.4,6.7,0.0,989.1,980.0,87.0,normal
2020-12-02,49.46,6.2,10.4,2.0,0.0,2.2,8.6,5.0,980.1,976.5,74.0,normal
2020-12-03,49.49,5.0,11.0,-0.9,0.0,1.7,6.7,6.5,980.0,964.8,72.0,normal
2020-12-04,43.36,5.2,10.5,-0.1,0.0,2.2,10.0,3.1,964.8,957.5,69.0,normal
2020-12-05,45.21,3.2,9.2,-2.8,0.0,1.7,8.9,7.0,967.2,961.4,70.0,normal
2020-12-06,39.99,6.2,11.2,1.1,0.0,3.1,10.0,6.1,971.8,967.2,68.0,normal
2020-12-07,38.02,4.9,9.7,0.1,1.0,1.7,6.7,0.9,971.8,965.7,81.0,normal
2020-12-08,27.48,5.6,9.7,1.4,0.0,3.1,8.3,4.3,974.5,965.3,74.0,normal
2020-12-09,47.52,5.2,10.6,-0.3,0.0,2.2,12.2,6.6,978.1,974.3,68.0,normal
2020-12-10,43.42,6.6,11.9,1.3,1.6,2.8,9.2,6.2,977.4,970.2,73.0,normal
2020-12-11,37.25,6.6,11.6,1.6,0.4,1.4,6.7,2.6,975.5,967.8,89.0,normal
2020-12-12,36.27,9.3,14.8,3.8,0.0,3.6,11.7,7.1,978.1,969.1,62.0,normal
2020-12-13,43.19,5.4,11.4,-0.5,0.0,1.1,5.3,6.5,982.1,978.1,78.0,normal
2020-12-14,46.49,5.9,10.4,1.4,0.0,1.7,3.9,1.5,980.8,977.5,81.0,normal
2020-12-15,48.92,11.0,16.8,5.1,0.0,1.1,8.1,4.8,983.0,978.6,77.0,normal
2020-12-16,49.34,7.0,11.6,2.4,0.0,0.8,2.8,3.9,986.4,982.3,90.0,normal
2020-12-17,56.87,8.1,13.9,2.3,4.8,0.6,2.2,3.4,989.7,985.9,76.0,normal
2020-12-18,49.11,10.4,12.2,8.6,1.2,0.6,,0.0,990.0,986.5,90.0,normal
2020-12-19,44.26,,,,,,,0.1,,,,normal
2020-12-21,46.79,,,,0.0,,,3.7,,,,normal
2020-12-22,46.71,9.1,16.0,2.2,0.0,0.6,,6.6,994.1,990.3,81.0,normal
2020-12-23,46.3,6.6,10.5,2.6,0.0,0.3,3.6,1.2,991.1,986.2,89.0,normal
2020-12-24,39.94,7.8,10.8,4.7,0.0,0.8,,1.1,988.7,985.4,82.0,normal
2020-12-25,16.04,6.0,11.0,0.9,0.0,2.5,9.7,7.3,988.1,984.4,49.0,collapse
2020-12-26,32.86,4.6,10.4,-1.2,0.0,1.9,10.6,5.1,989.0,985.8,39.0,normal
2020-12-27,26.51,0.7,5.0,-3.6,0.0,1.4,,2.5,986.4,961.1,79.0,normal
2020-12-28,20.04,6.3,10.1,2.5,0.0,3.1,16.1,5.7,964.4,956.1,59.0,normal
2020-12-29,38.66,6.4,10.5,2.2,0.0,2.8,12.5,5.4,970.7,964.3,60.0,normal
2020-12-30,48.98,4.6,9.7,-0.6,0.0,2.8,9.7,6.2,980.2,970.6,66.0,normal
2020-12-31,48.66,4.4,9.8,-1.0,0.0,1.9,,6.9,980.1,972.5,69.0,normal
2021-01-01,42.51,4.2,7.9,0.5,0.0,,7.5,0.1,972.5,969.2,78.0,normal
2021-01-02,48.72,2.6,4.9,0.4,0.0,1.9,8.1,1.5,974.0,971.0,72.0,normal
2021-01-03,46.93,2.6,8.1,-2.8,0.0,1.4,7.2,7.2,976.6,974.0,59.0,normal
2021-01-04,59.85,2.0,7.5,-3.5,0.0,1.1,8.1,6.0,976.4,972.6,70.0,normal
2021-01-05,67.55,1.0,6.6,-4.5,0.0,1.1,6.1,7.3,977.8,974.5,75.0,normal
2021-01-06,70.6,1.0,7.4,-5.3,0.0,1.7,5.0,7.5,982.0,977.6,72.0,normal
2021-01-07,88.93,0.4,4.1,-3.3,0.0,1.1,5.6,0.0,981.4,976.9,70.0,normal
2021-01-08,94.99,-0.4,3.7,-4.4,1.8,1.1,3.3,4.2,980.5,976.4,79.0,normal
2021-01-09,80.66,3.2,5.9,0.4,8.4,2.5,10.0,0.0,976.5,970.6,85.0,normal
2021-01-10,66.27,5.3,8.3,2.3,0.4,2.2,8.6,0.2,981.8,972.6,74.0,normal
2021-01-11,82.45,1.4,3.2,-0.3,0.0,1.4,6.9,0.8,989.5,981.7,76.0,normal
2021-01-12,84.25,0.5,4.2,-3.2,0.0,1.7,10.8,7.6,992.4,989.3,77.0,normal
2021-01-13,89.94,2.9,6.8,-1.0,0.0,1.7,8.9,3.5,993.7,991.4,80.0,normal
2021-01-14,87.25,3.2,5.4,1.1,0.0,2.2,9.2,0.5,992.0,987.3,81.0,normal
2021-01-15,78.42,4.6,10.0,-0.8,0.0,1.7,6.4,7.1,988.5,985.4,78.0,normal
2021-01-16,67.72,3.4,10.2,-3.3,0.0,1.1,6.4,7.1,991.8,986.5,75.0,normal
2021-01-17,64.51,6.5,13.7,-0.7,0.0,2.2,10.6,7.9,991.3,986.3,66.0,normal
2021-01-18,82.08,5.4,10.5,0.4,0.0,1.1,3.6,3.1,993.5,991.0,76.0,normal
2021-01-19,76.47,5.7,13.8,-2.4,0.0,1.1,4.2,7.9,992.9,985.6,79.0,normal
2021-01-20,51.66,5.0,8.6,1.5,0.0,0.8,3.3,0.8,985.6,975.3,85.0,normal
2021-01-21,41.64,7.5,13.8,1.2,0.6,1.4,10.8,4.6,977.7,975.0,74.0,normal
2021-01-22,41.97,9.0,12.2,5.8,3.0,5.0,20.8,3.4,975.0,963.1,71.0,normal
2021-01-23,27.5,8.2,12.2,4.1,0.2,3.3,12.8,4.7,975.6,967.0,62.0,normal
2021-01-24,28.73,9.8,13.6,6.1,0.0,4.7,16.1,8.0,975.9,964.9,61.0,normal
2021-01-25,59.42,7.5,12.7,2.3,0.0,1.4,7.2,2.9,981.1,972.5,75.0,normal
2021-01-26,65.98,7.8,13.5,2.2,0.0,1.1,7.2,6.5,989.3,981.1,61.0,normal
2021-01-27,59.77,8.4,16.9,-0.2,0.0,1.7,3.9,8.0,988.0,984.8,74.0,normal
2021-01-28,55.39,11.7,18.1,5.3,0.0,2.2,10.0,6.2,987.1,983.7,72.0,normal
2021-01-29,47.39,13.9,19.7,8.1,0.0,2.8,10.3,7.5,983.8,979.6,67.0,normal
2021-01-30,4.19,10.7,16.2,5.2,0.4,3.9,15.6,4.2,980.4,967.9,67.0,collapse
2021-01-31,1.42,11.6,16.0,7.1,2.0,3.3,11.4,8.1,971.1,968.1,61.0,collapse
2021-02-01,11.9,12.8,18.0,7.7,0.0,5.3,15.6,8.5,976.6,967.6,55.0,collapse
2021-02-02,26.34,11.5,18.5,4.5,0.0,2.5,8.3,,981.5,976.6,67.0,normal
2021-02-03,36.26,11.6,19.1,4.0,0.0,1.7,8.1,7.7,980.6,977.3,64.0,normal
2021-02-04,52.2,11.2,18.0,4.5,0.0,1.4,6.9,5.8,980.7,975.8,74.0,normal
2021-02-05,50.99,12.3,17.5,7.1,0.0,1.4,4.4,4.3,978.7,972.5,72.0,normal
2021-02-06,36.02,13.1,17.4,8.8,0.0,1.1,6.7,4.6,972.5,965.6,68.0,normal
2021-02-07,12.58,7.9,10.1,5.7,0.0,2.5,8.3,0.9,969.8,967.9,69.0,collapse
2021-02-08,8.3,7.0,10.1,3.8,1.6,1.4,7.8,,968.4,963.4,75.0,collapse
2021-02-09,7.1,7.6,13.2,1.9,0.6,1.9,8.1,1.0,972.1,965.8,81.0,collapse
2021-02-10,26.26,9.0,13.2,4.7,0.0,3.1,11.7,,980.9,967.3,66.0,normal
2021-02-11,48.0,8.4,16.3,0.4,0.0,1.1,7.5,9.0,984.2,980.9,65.0,normal
2021-02-12,36.94,9.8,16.3,3.3,0.6,0.8,10.3,2.8,984.1,978.6,78.0,normal
2021-02-13,36.9,10.2,16.9,3.6,2.2,1.4,6.4,7.1,992.9,982.8,72.0,normal
2021-02-14,13.38,8.1,10.5,5.7,1.0,1.9,,0.0,1001.1,992.8,85.0,collapse
2021-02-15,14.85,7.2,9.3,5.2,0.0,1.1,4.4,0.0,1001.2,997.6,85.0,collapse
2021-02-16,23.98,12.2,17.9,6.4,0.0,1.4,4.7,5.5,997.6,988.3,73.0,normal
2021-02-17,41.93,12.0,18.8,5.2,0.0,1.7,6.7,6.7,990.9,985.8,74.0,normal
2021-02-18,36.18,10.3,16.3,4.3,0.0,2.5,7.5,5.4,986.4,982.6,79.0,normal
2021-02-19,22.27,10.8,17.4,4.3,0.0,1.4,6.9,5.0,987.5,983.7,80.0,normal
2021-02-20,2.19,8.4,15.8,1.1,0.0,1.7,6.9,7.0,987.3,983.8,76.0,collapse
2021-02-21,5.67,8.8,16.0,1.6,0.0,2.8,10.8,6.5,985.1,977.4,71.0,collapse
2021-02-22,39.39,11.8,13.2,10.5,11.8,0.6,6.1,0.0,992.6,977.2,86.0,normal
2021-02-23,43.65,13.8,18.0,9.5,0.0,0.8,6.9,5.2,1001.9,992.6,75.0,normal
2021-02-24,24.82,13.1,18.1,8.1,0.0,1.7,6.4,,1002.0,996.9,70.0,normal
2021-02-25,45.83,,,,0.0,1.7,6.1,8.5,998.1,993.8,,normal
2021-02-26,46.09,9.7,13.6,5.8,0.0,0.8,3.1,3.0,997.1,993.4,84.0,normal
2021-02-27,29.24,8.9,13.3,4.5,0.0,1.7,6.7,4.8,994.0,989.3,80.0,normal
2021-02-28,18.53,11.3,16.6,6.0,0.0,1.7,6.4,5.5,991.8,989.3,73.0,collapse
2021-03-01,42.24,10.0,15.7,4.3,0.0,1.4,7.8,3.6,992.6,990.2,70.0,normal
2021-03-02,52.67,10.0,14.3,5.8,0.0,1.1,3.6,0.0,996.5,992.0,75.0,normal
2021-03-03,53.24,11.4,16.2,6.6,0.0,1.7,6.7,2.5,996.7,993.0,77.0,normal
2021-03-04,55.43,11.8,15.6,7.9,0.0,1.4,5.0,0.1,993.0,985.1,70.0,normal
2021-03-05,52.45,11.4,16.6,6.2,0.0,1.4,6.1,3.3,986.0,982.2,73.0,normal
2021-03-06,45.07,11.0,15.4,6.7,0.0,1.7,7.5,3.2,989.4,985.7,69.0,normal
2021-03-07,47.05,11.2,15.2,7.2,0.2,1.4,6.4,1.2,989.2,982.0,72.0,normal
2021-03-08,54.43,11.0,15.9,6.0,4.8,0.8,7.5,2.4,982.1,978.5,76.0,normal
2021-03-09,56.88,9.6,14.6,4.6,0.0,1.7,8.3,,985.1,981.1,73.0,normal
2021-03-10,55.87,8.8,15.7,1.8,0.0,1.9,6.7,,988.6,985.0,62.0,normal
2021-03-11,40.76,11.0,20.7,1.3,0.0,0.8,7.5,9.8,989.2,984.0,56.0,normal
2021-03-12,40.16,9.8,13.8,5.8,0.0,2.8,10.3,,987.8,983.2,79.0,normal
2021-03-13,27.75,9.9,17.2,2.6,0.0,3.3,11.9,,988.2,983.7,55.0,normal
2021-03-14,24.54,9.7,18.7,0.7,0.0,3.3,10.8,,990.5,983.9,65.0,normal
2021-03-15,47.59,9.2,17.1,1.2,0.0,2.5,8.6,,990.8,985.7,56.0,normal
2021-03-16,34.51,10.6,19.2,1.9,0.0,1.9,7.5,,990.5,988.0,57.0,normal
2021-03-17,17.35,11.3,19.2,3.4,0.0,2.8,10.3,,990.1,982.8,64.0,collapse
2021-03-18,32.77,9.8,16.9,2.8,0.0,2.5,9.2,9.3,986.1,979.6,58.0,normal
2021-03-19,29.66,7.6,12.7,2.6,0.2,1.7,11.1,,980.9,975.1,62.0,normal
2021-03-20,22.19,7.2,15.6,-1.2,0.0,1.9,8.1,,984.4,979.9,51.0,normal
2021-03-21,30.28,8.4,18.2,-1.5,0.0,3.1,8.1,,985.1,978.6,46.0,normal
2021-03-22,55.79,11.0,18.4,3.5,0.0,2.8,9.2,,985.2,980.2,45.0,normal
2021-03-23,64.47,11.6,21.0,2.1,0.0,2.5,9.2,,990.4,985.1,53.0,normal
2021-03-24,64.82,12.0,22.0,2.0,0.0,1.9,7.5,,991.1,987.2,54.0,normal
2021-03-25,66.35,12.0,21.4,2.7,0.0,2.5,9.7,,990.2,986.7,54.0,normal
2021-03-26,60.31,12.1,20.3,3.9,0.0,2.5,8.9,7.8,988.8,984.6,68.0,normal
2021-03-27,41.11,13.6,18.4,8.9,0.0,1.7,7.2,2.5,994.5,988.8,69.0,normal
2021-03-28,38.6,14.4,22.0,6.8,0.0,2.2,9.7,,997.5,994.1,57.0,normal
2021-03-29,45.69,13.0,22.9,3.1,0.0,2.2,7.5,10.9,998.4,995.1,51.0,normal
2021-03-30,53.53,13.9,23.7,4.1,0.0,2.2,8.6,10.7,997.3,992.3,45.0,normal
2021-03-31,55.16,13.2,22.4,4.0,0.0,2.2,8.9,,993.4,987.4,44.0,normal
2021-04-01,52.12,12.8,24.0,1.7,0.0,2.8,8.3,10.5,988.9,982.2,46.0,normal
2021-04-02,51.0,15.0,24.3,5.8,0.0,2.2,10.3,,983.2,977.6,43.0,normal
2021-04-03,35.18,15.8,25.2,6.3,0.0,2.5,8.3,,979.7,974.0,48.0,normal
2021-04-04,27.74,14.6,20.4,8.7,0.0,2.2,7.5,7.4,984.1,979.7,51.0,normal
2021-04-05,44.55,13.7,22.2,5.2,0.0,2.8,9.4,11.1,984.4,978.5,46.0,normal
2021-04-06,55.97,12.6,20.1,5.0,0.0,3.1,10.8,,979.7,974.4,54.0,normal
2021-04-07,66.11,10.2,14.9,5.6,0.0,3.1,9.7,,991.6,979.7,50.0,normal
2021-04-08,69.78,10.8,18.1,3.5,0.0,2.2,,,991.8,986.9,56.0,normal
2021-04-09,71.87,8.8,14.6,3.0,1.6,1.9,,3.5,989.4,984.8,69.0,normal
2021-04-10,65.01,9.8,13.0,6.5,0.0,1.7,,0.0,985.1,979.0,84.0,normal
2021-04-11,52.01,11.3,15.1,7.5,15.2,,,0.0,984.2,978.5,84.0,normal
2021-04-12,63.04,11.9,17.7,6.1,0.0,,,,990.9,984.2,54.0,normal
2021-04-13,75.5,10.2,17.2,3.3,0.0,,,8.2,991.1,986.6,65.0,normal
2021-04-14,73.96,13.5,18.3,8.7,0.0,2.5,10.6,8.3,987.8,983.4,65.0,normal
2021-04-15,68.19,13.2,17.4,9.1,2.8,2.2,9.7,5.7,985.9,981.5,52.0,normal
2021-04-16,68.93,9.2,13.2,5.3,2.8,1.7,7.5,1.1,985.7,981.4,76.0,normal
2021-04-17,64.19,9.4,16.1,2.8,0.0,2.2,8.9,6.0,985.0,980.3,60.0,normal
2021-04-18,64.54,9.6,18.7,0.6,0.0,1.9,9.2,,985.9,982.9,46.0,normal
2021-04-19,79.03,11.5,19.6,3.4,0.0,2.5,10.0,10.5,985.4,980.6,58.0,normal
2021-04-20,78.58,10.5,14.0,7.0,0.6,1.1,4.4,0.0,983.0,979.7,76.0,normal
2021-04-21,79.6,10.7,12.8,8.6,0.2,1.4,5.6,0.0,982.3,978.4,80.0,normal
2021-04-22,74.41,11.0,16.9,5.0,0.0,1.4,6.4,,985.8,981.4,70.0,normal
2021-04-23,68.56,12.6,22.0,3.3,0.0,3.3,10.3,11.3,988.3,985.3,53.0,normal
2021-04-24,57.31,12.6,22.1,3.2,0.0,2.8,8.9,9.0,988.2,983.6,51.0,normal
2021-04-25,61.09,15.4,22.7,8.0,0.6,1.7,9.7,7.4,984.3,978.2,50.0,normal
2021-04-26,75.99,13.4,16.5,10.2,12.4,1.4,5.0,0.0,978.5,971.6,77.0,normal
2021-04-27,77.95,14.1,19.0,9.2,0.4,1.7,7.2,1.2,973.7,971.1,72.0,normal
2021-04-28,74.4,14.8,18.5,11.2,2.8,1.4,6.4,1.9,974.2,971.7,76.0,normal
2021-04-29,74.67,16.2,19.9,12.4,14.6,2.2,7.8,2.8,975.5,972.9,85.0,normal
2021-04-30,79.29,15.3,18.4,12.2,23.8,0.8,4.7,2.0,975.8,974.3,83.0,normal
2021-05-01,59.36,13.6,18.7,8.5,6.8,1.9,9.2,4.3,982.2,973.9,72.0,normal
2021-05-02,61.39,11.4,16.8,6.0,0.0,2.8,8.3,6.7,988.1,982.1,62.0,normal
2021-05-03,73.54,12.7,20.5,4.9,0.0,1.9,9.4,,989.1,985.1,54.0,normal
2021-05-04,81.27,14.2,23.4,5.0,0.0,2.5,8.3,,987.1,979.5,55.0,normal
2021-05-05,75.71,17.0,25.2,8.9,0.0,3.3,10.0,,983.2,979.6,58.0,normal
2021-05-06,73.11,18.2,26.6,9.9,0.0,2.8,10.0,,983.1,978.3,57.0,normal
2021-05-07,73.5,18.4,26.1,10.8,0.0,2.8,11.1,9.2,986.3,981.0,61.0,normal
2021-05-08,47.25,18.9,26.7,11.1,0.0,2.2,10.0,12.3,986.3,980.4,54.0,normal
2021-05-09,10.53,17.5,25.1,9.9,5.4,1.9,7.8,6.1,981.0,970.8,67.0,collapse
2021-05-10,59.26,18.5,23.0,14.0,0.6,1.4,8.9,2.4,976.3,973.0,68.0,normal
2021-05-11,54.05,14.6,20.1,9.1,0.0,3.9,11.1,,984.4,975.2,47.0,normal
2021-05-12,53.04,14.2,22.1,6.4,0.0,4.2,14.4,9.3,984.4,976.5,50.0,normal
2021-05-13,59.8,16.0,22.1,10.0,0.0,3.9,12.2,10.4,980.6,976.1,43.0,normal
2021-05-14,71.53,17.6,23.0,12.2,0.0,2.8,11.4,9.9,982.2,975.8,49.0,normal
2021-05-15,43.16,17.1,25.8,8.4,0.0,3.1,13.3,10.8,982.2,976.1,48.0,normal
2021-05-16,26.65,21.8,27.3,16.2,0.0,3.3,13.6,,979.2,975.2,45.0,normal
2021-05-17,76.82,18.7,24.0,13.4,0.0,3.1,10.8,,986.8,979.1,47.0,normal
2021-05-18,77.65,18.0,24.0,11.9,0.0,2.8,11.7,,986.9,979.4,59.0,normal
2021-05-19,77.11,18.5,23.7,13.3,0.0,3.6,9.4,12.1,990.2,983.9,46.0,normal
2021-05-20,79.79,17.9,23.9,11.9,0.0,2.5,9.2,12.1,990.2,985.5,55.0,normal
2021-05-21,69.54,17.5,24.5,10.5,0.0,2.8,10.3,12.2,987.0,977.4,52.0,normal
2021-05-22,66.41,18.8,24.2,13.4,0.0,2.5,9.7,4.6,983.5,978.5,55.0,normal
2021-05-23,68.67,15.6,19.4,11.7,0.0,1.7,6.4,0.6,985.1,982.9,61.0,normal
2021-05-24,67.4,18.9,25.1,12.7,0.2,3.9,12.8,,988.3,981.3,42.0,normal
2021-05-25,76.64,17.2,20.9,13.4,0.0,3.1,11.4,7.6,991.9,988.1,59.0,normal
2021-05-26,80.72,17.5,24.6,10.4,0.0,2.8,8.6,10.2,990.1,982.2,56.0,normal
2021-05-27,86.23,20.0,29.1,10.8,0.0,1.9,10.8,12.6,984.8,981.1,55.0,normal
2021-05-28,88.95,20.8,27.9,13.8,0.0,2.8,11.1,11.3,985.2,982.0,48.0,normal
2021-05-29,81.77,22.0,31.1,13.0,2.0,2.2,11.4,10.3,986.5,982.9,43.0,normal
2021-05-30,71.93,22.2,28.5,16.0,4.2,2.2,11.1,6.1,986.0,981.5,61.0,normal
2021-05-31,88.08,20.6,27.1,14.0,0.0,3.1,9.7,,984.7,980.8,54.0,normal
2021-06-01,86.56,20.4,28.2,12.7,1.4,1.4,8.9,5.2,982.1,977.4,59.0,normal
2021-06-02,84.85,19.9,27.3,12.5,0.0,3.1,10.3,10.8,985.6,980.1,58.0,normal
2021-06-03,79.8,20.6,27.9,13.4,0.0,3.6,10.8,11.3,987.5,985.0,62.0,normal
2021-06-04,80.59,21.2,27.9,14.6,0.0,1.9,8.3,8.3,988.9,985.7,52.0,normal
2021-06-05,76.17,20.6,27.5,13.7,0.0,3.3,9.7,8.8,989.9,985.3,57.0,normal
2021-06-06,68.87,22.6,28.5,16.8,0.0,1.4,9.7,5.6,987.4,983.8,57.0,normal
2021-06-07,79.69,21.3,29.2,13.4,0.0,2.8,10.3,,987.5,983.9,50.0,normal
2021-06-08,82.33,22.0,31.3,12.7,0.0,1.9,9.4,12.5,988.1,984.1,45.0,normal
2021-06-09,81.6,22.6,30.8,14.3,0.0,2.2,10.0,,987.4,984.2,52.0,normal
2021-06-10,83.34,23.0,31.6,14.3,0.0,2.5,8.9,12.1,987.0,983.1,46.0,normal
2021-06-11,82.53,24.0,31.4,16.7,1.6,2.5,13.6,9.8,986.4,982.8,50.0,normal
2021-06-12,77.6,23.8,34.1,13.5,0.0,2.5,10.0,,988.4,985.3,41.0,normal
2021-06-13,79.2,26.6,36.0,17.2,0.0,3.6,11.7,,988.4,984.4,40.0,normal
2021-06-14,88.47,26.8,36.5,17.2,0.0,3.1,9.4,13.4,986.0,981.5,34.0,normal
2021-06-15,90.95,25.9,35.0,16.8,0.0,2.8,9.4,12.3,985.0,981.7,35.0,normal
2021-06-16,94.63,26.6,34.4,18.7,0.0,2.5,9.7,6.1,982.7,977.4,41.0,normal
2021-06-17,93.0,22.4,28.7,16.0,8.4,1.4,11.1,1.8,980.0,975.1,65.0,normal
2021-06-18,92.67,23.2,32.1,14.3,0.0,2.5,10.0,11.8,983.1,979.3,50.0,normal
2021-06-19,87.22,24.6,31.9,17.3,2.2,1.4,7.8,3.0,983.0,979.7,50.0,normal
2021-06-20,52.63,23.0,28.7,17.3,6.6,2.2,8.9,6.0,980.4,973.7,59.0,normal
2021-06-21,82.55,22.0,30.2,13.9,0.0,2.2,9.7,10.6,976.9,973.7,45.0,normal
2021-06-22,89.53,21.6,27.6,15.6,0.0,2.8,8.9,8.5,982.6,976.9,42.0,normal
2021-06-23,89.88,19.6,23.8,15.5,4.0,1.9,6.9,3.7,985.9,982.3,60.0,normal
2021-06-24,85.73,20.4,28.7,12.0,0.0,2.5,8.3,13.4,988.7,985.3,46.0,normal
2021-06-25,86.57,22.4,30.1,14.6,0.0,3.1,9.7,12.5,988.7,982.2,52.0,normal
2021-06-26,83.99,23.4,31.3,15.4,0.0,2.5,10.0,9.6,985.2,980.0,49.0,normal
2021-06-27,64.21,23.5,31.2,15.8,0.0,3.1,10.8,13.3,982.1,978.1,37.0,normal
2021-06-28,86.44,23.8,31.1,16.4,0.0,1.7,10.0,9.3,982.0,978.8,36.0,normal
2021-06-29,93.49,23.8,30.3,17.4,0.0,2.8,10.0,9.8,984.5,981.0,51.0,normal
2021-06-30,93.89,23.8,28.3,19.2,3.0,2.5,8.1,6.2,985.0,981.7,58.0,normal
2021-07-01,92.44,25.2,32.0,18.4,0.0,2.8,10.8,11.1,985.0,981.1,57.0,normal
2021-07-02,99.8,24.8,32.9,16.7,0.0,2.8,10.6,13.6,984.2,980.4,48.0,normal
2021-07-03,94.23,25.3,34.0,16.6,0.0,3.3,11.1,11.3,982.0,978.5,49.0,normal
2021-07-04,79.43,25.6,32.6,18.7,0.0,2.8,12.2,11.2,983.1,977.8,54.0,normal
2021-07-05,93.85,25.3,33.7,16.9,0.0,3.1,10.6,13.6,983.2,976.2,45.0,normal
2021-07-06,93.57,26.2,32.9,19.6,2.4,2.8,10.3,6.9,981.2,975.6,57.0,normal
2021-07-07,98.72,23.4,29.7,17.1,1.0,2.2,10.3,,984.3,979.9,56.0,normal
2021-07-08,93.67,23.3,29.7,16.9,0.0,4.4,9.2,,990.5,984.2,41.0,normal
2021-07-09,93.5,25.0,32.3,17.7,0.0,1.9,10.3,,990.4,983.9,44.0,normal
2021-07-10,90.48,25.4,33.9,17.0,0.0,3.3,10.6,,986.6,980.0,45.0,normal
2021-07-11,90.77,25.2,32.7,17.8,0.0,2.8,12.2,12.3,984.2,975.4,35.0,normal
2021-07-12,86.68,25.3,31.5,19.1,0.0,3.1,9.7,6.5,980.0,975.0,55.0,normal
2021-07-13,94.39,21.6,28.7,14.5,0.0,3.1,9.2,,983.4,979.6,32.0,normal
2021-07-14,84.46,21.5,29.4,13.6,0.0,2.8,10.8,12.0,986.8,983.0,44.0,normal
2021-07-15,87.18,24.2,31.3,17.2,0.0,2.5,9.4,9.3,987.0,982.6,41.0,normal
2021-07-16,87.32,24.4,31.8,16.9,0.0,2.5,10.0,,985.9,981.9,50.0,normal
2021-07-17,90.95,25.4,34.1,16.6,0.0,2.5,10.0,12.9,985.3,980.9,47.0,normal
2021-07-18,74.19,25.9,34.5,17.3,0.0,2.5,11.4,13.0,983.1,977.9,44.0,normal
2021-07-19,98.8,26.6,34.7,18.6,0.0,2.8,9.7,11.8,981.2,977.1,41.0,normal
2021-07-20,101.82,27.0,35.5,18.4,0.0,3.1,9.7,12.9,984.5,979.3,38.0,spike
2021-07-21,106.57,28.0,36.4,19.7,0.0,3.1,10.8,12.9,985.6,982.4,33.0,spike
2021-07-22,101.52,28.1,37.8,18.4,0.0,2.5,8.9,12.6,985.6,980.8,33.0,spike
2021-07-23,95.89,27.2,36.7,17.8,0.0,2.5,9.7,10.7,982.8,977.2,29.0,normal
2021-07-24,92.02,27.4,36.1,18.8,0.0,3.3,10.0,,977.8,974.3,40.0,normal
2021-07-25,93.2,25.2,32.0,18.3,0.0,2.8,10.3,10.3,979.1,975.7,48.0,normal
2021-07-26,99.52,24.0,29.6,18.5,0.6,2.2,8.1,3.2,982.9,978.4,61.0,normal
2021-07-27,99.05,24.8,32.9,16.8,0.0,2.5,8.9,,982.8,978.4,45.0,normal
2021-07-28,95.57,25.4,32.5,18.4,0.0,2.2,9.7,11.2,983.2,980.2,52.0,normal
2021-07-29,98.83,25.6,32.9,18.3,0.0,2.8,8.3,,983.2,978.6,48.0,normal
2021-07-30,95.37,26.6,35.0,18.1,0.0,3.1,11.1,11.4,979.9,975.8,51.0,normal
2021-07-31,61.09,23.1,29.6,16.6,6.8,2.5,12.5,3.3,979.0,974.3,57.0,normal
2021-08-01,76.89,21.0,27.1,14.8,0.0,2.8,6.7,,982.6,978.1,47.0,normal
2021-08-02,103.07,21.8,29.5,14.1,0.0,1.9,10.8,,984.5,981.2,51.0,spike
2021-08-03,106.27,23.2,30.2,16.3,0.8,2.8,8.6,8.3,984.3,978.9,57.0,spike
2021-08-04,105.24,25.6,32.3,18.9,0.0,3.1,11.7,,983.7,977.8,64.0,spike
2021-08-05,101.6,25.2,34.3,16.0,0.0,2.2,8.6,,983.7,976.6,49.0,spike
2021-08-06,97.22,24.7,30.2,19.2,0.0,3.6,10.3,,979.0,974.4,62.0,normal
2021-08-07,65.64,28.0,34.5,21.4,0.0,2.5,10.0,8.5,979.3,972.2,54.0,normal
2021-08-08,85.29,24.0,28.6,19.3,0.0,2.8,10.3,4.8,985.0,979.3,53.0,normal
2021-08-09,106.74,23.2,31.2,15.3,0.0,3.1,8.6,9.7,985.4,982.3,49.0,spike
2021-08-10,111.88,24.3,32.0,16.6,0.0,3.1,10.0,6.9,984.6,981.6,47.0,spike
2021-08-11,113.99,27.1,35.7,18.5,0.0,3.1,8.6,7.3,985.7,982.2,37.0,spike
2021-08-12,115.83,32.8,41.0,24.7,0.0,2.5,10.0,10.8,986.2,982.1,26.0,spike
2021-08-13,117.29,30.0,40.4,19.7,0.0,2.2,10.8,11.3,988.6,985.2,39.0,spike
2021-08-14,114.63,29.8,39.4,20.2,0.0,2.2,11.7,11.3,988.0,981.9,38.0,spike
2021-08-15,110.02,29.0,37.0,21.0,0.0,2.8,11.4,11.1,984.2,980.1,40.0,spike
2021-08-16,88.92,27.8,34.7,20.8,0.0,2.8,9.7,,985.2,981.3,44.0,normal
2021-08-17,89.5,24.4,31.7,17.0,0.0,1.9,8.3,,986.6,982.6,39.0,normal
2021-08-18,105.4,24.6,32.4,16.7,0.0,2.5,9.7,,985.9,980.7,46.0,spike
2021-08-19,113.4,22.9,29.8,16.0,9.6,2.5,14.4,,983.5,980.4,64.0,spike
2021-08-20,117.14,23.4,30.7,16.1,0.0,3.1,10.0,,984.0,981.1,60.0,spike
2021-08-21,110.14,26.2,34.5,18.0,0.0,2.5,10.8,11.1,985.9,982.5,57.0,spike
2021-08-22,100.51,24.8,32.6,16.9,0.0,2.8,9.4,11.2,987.4,984.0,53.0,spike
2021-08-23,99.76,24.6,30.6,18.7,1.0,2.5,9.4,6.1,986.8,981.1,67.0,normal
2021-08-24,102.06,24.6,28.6,20.7,0.0,2.8,9.2,,983.2,979.3,65.0,spike
2021-08-25,116.73,22.2,28.8,15.7,3.6,3.1,14.2,6.7,982.0,979.0,56.0,spike
2021-08-26,122.76,23.6,32.8,14.5,0.0,2.2,9.7,,982.2,977.8,63.0,spike
2021-08-27,118.99,28.0,35.3,20.8,0.0,1.7,9.4,9.2,980.2,976.6,57.0,spike
2021-08-28,110.22,24.4,29.7,19.0,0.0,2.5,10.0,8.9,982.0,978.2,63.0,spike
2021-08-29,102.03,23.6,28.1,19.1,0.0,1.9,8.3,,982.0,979.1,56.0,spike
2021-08-30,124.45,21.5,26.1,16.9,0.0,1.9,7.8,4.5,982.3,979.9,69.0,spike
2021-08-31,130.53,22.8,28.7,17.0,0.4,1.9,9.4,6.8,985.6,982.0,67.0,spike
2021-09-01,132.47,20.7,25.7,15.7,0.8,1.9,8.3,2.0,986.1,983.2,60.0,spike
2021-09-02,140.23,22.7,28.8,16.6,0.0,1.4,10.3,4.4,986.4,981.3,58.0,spike
2021-09-03,137.7,23.0,30.1,15.8,4.4,2.2,10.3,8.3,984.1,980.3,65.0,spike
2021-09-04,134.89,23.8,29.7,17.9,0.0,2.5,10.0,,983.8,980.3,63.0,spike
2021-09-05,128.7,25.6,33.2,17.9,0.0,2.5,8.9,,986.1,982.4,59.0,spike
2021-09-06,132.65,26.6,33.4,19.9,0.0,2.5,11.1,,988.0,984.5,61.0,spike
2021-09-07,127.36,25.1,29.9,20.3,0.0,2.5,7.5,4.4,987.5,983.4,64.0,spike
2021-09-08,135.65,24.5,31.7,17.3,0.0,2.2,9.4,,983.9,977.8,59.0,spike
2021-09-09,141.71,24.3,30.6,18.0,31.2,1.4,9.4,4.0,981.6,978.0,70.0,spike
2021-09-10,152.32,23.1,29.1,17.1,15.6,1.4,11.1,,986.3,980.9,75.0,spike
2021-09-11,150.78,21.7,27.6,15.8,0.0,1.4,7.8,5.4,986.4,982.6,73.0,spike
2021-09-12,144.18,23.6,29.6,17.6,0.6,1.9,7.5,,983.7,980.9,67.0,spike
2021-09-13,154.16,24.7,29.5,19.9,0.0,2.2,7.5,5.1,984.1,980.8,69.0,spike
2021-09-14,153.43,25.4,31.1,19.8,0.0,1.4,8.3,7.1,982.1,979.1,64.0,spike
2021-09-15,172.78,25.6,32.2,18.9,10.4,1.4,7.5,6.8,982.2,978.1,58.0,spike
2021-09-16,188.18,21.4,26.5,16.2,10.2,1.1,6.4,2.6,985.1,980.7,78.0,spike
2021-09-17,166.29,21.2,27.8,14.6,0.0,1.7,6.9,,984.9,978.5,58.0,spike
2021-09-18,159.37,19.0,24.0,14.0,8.6,1.4,6.9,4.1,981.6,978.5,86.0,spike
2021-09-19,146.57,19.2,25.4,13.0,0.0,1.4,7.5,,985.6,981.2,52.0,spike
2021-09-20,156.75,19.0,25.3,12.7,0.0,1.9,9.7,,987.5,982.9,67.0,spike
2021-09-21,150.26,16.2,21.0,11.5,0.0,1.4,4.2,1.7,989.7,987.1,68.0,spike
2021-09-22,175.87,17.8,23.5,12.2,0.0,1.1,3.3,,989.4,985.3,63.0,spike
2021-09-23,165.19,17.8,22.4,13.1,1.8,0.8,3.9,,987.6,985.0,76.0,spike
2021-09-24,172.97,18.4,24.6,12.2,0.0,1.1,5.0,1.6,985.6,981.7,63.0,spike
2021-09-25,166.36,22.8,29.0,16.7,0.0,1.4,6.7,8.3,984.2,981.6,63.0,spike
2021-09-26,160.42,21.6,27.7,15.5,0.0,2.2,8.3,,987.2,983.5,53.0,spike
2021-09-27,174.68,21.0,29.1,13.0,0.0,1.9,7.5,,989.1,985.1,56.0,spike
2021-09-28,182.71,20.2,27.0,13.3,0.0,1.9,6.7,6.1,989.3,984.9,67.0,spike
2021-09-29,189.9,20.3,25.8,14.8,0.0,1.7,8.3,,992.3,986.8,72.0,spike
2021-09-30,189.83,19.2,25.5,12.9,0.0,1.7,5.0,,992.6,987.5,62.0,spike
2021-10-01,216.01,18.1,25.6,10.6,0.0,1.9,7.5,,989.2,984.0,67.0,spike
2021-10-02,173.65,20.2,25.8,14.7,0.0,1.7,7.8,5.5,986.1,979.0,70.0,spike
2021-10-03,111.6,20.1,25.3,14.9,11.8,3.3,9.4,2.1,979.5,974.7,66.0,spike
2021-10-04,186.46,14.6,18.2,11.0,5.0,2.5,8.9,,985.1,979.2,84.0,spike
2021-10-05,203.68,15.8,22.6,8.9,0.0,2.2,9.2,,985.9,982.4,62.0,spike
2021-10-06,228.59,17.4,22.9,12.0,0.0,1.4,6.4,,989.4,985.8,55.0,spike
2021-10-07,288.53,16.1,23.8,8.4,0.0,1.4,5.0,,989.1,983.2,65.0,spike
2021-10-08,229.2,16.2,22.8,9.5,0.0,1.1,6.4,8.8,986.8,984.3,69.0,spike
2021-10-09,226.21,16.0,21.5,10.4,0.0,2.2,7.8,3.3,988.0,985.7,77.0,spike
2021-10-10,175.64,17.1,22.5,11.7,0.0,1.7,8.3,,988.8,986.5,68.0,spike
2021-10-11,184.48,15.8,23.0,8.7,0.0,1.1,5.0,,989.7,986.2,65.0,spike
2021-10-12,184.29,15.3,23.5,7.1,0.0,1.4,3.9,,987.5,981.4,61.0,spike
2021-10-13,185.74,15.4,23.7,7.1,0.0,1.7,8.9,,987.9,983.3,66.0,spike
2021-10-14,215.63,15.6,21.8,9.5,0.0,1.7,6.9,,989.9,987.2,67.0,spike
2021-10-15,231.82,15.6,22.8,8.5,0.0,1.1,3.9,7.0,987.9,981.6,70.0,spike
2021-10-16,226.93,16.0,22.8,9.2,0.0,1.4,8.3,7.0,985.1,982.4,72.0,spike
2021-10-17,209.63,17.5,22.9,12.1,0.0,1.4,7.2,5.3,988.1,984.0,73.0,spike
2021-10-18,227.45,18.4,24.2,12.5,0.0,1.4,6.4,7.3,992.4,987.9,70.0,spike
2021-10-19,207.14,19.2,24.8,13.7,0.0,1.9,7.2,7.0,993.7,990.2,70.0,spike
2021-10-20,201.4,17.8,21.8,13.9,0.0,1.4,6.4,3.6,991.3,984.4,76.0,spike
2021-10-21,207.92,15.7,20.3,11.1,0.0,1.4,6.7,1.8,984.7,982.6,79.0,spike
2021-10-22,203.54,15.0,20.8,9.1,0.0,1.7,4.4,7.4,987.0,983.9,69.0,spike
2021-10-23,211.21,13.2,20.4,6.0,0.0,1.9,5.8,,989.9,985.9,66.0,spike
2021-10-24,213.29,13.0,21.7,4.2,0.0,1.1,5.6,,990.5,986.9,58.0,spike
2021-10-25,225.36,13.8,22.6,5.0,0.0,1.4,6.7,,989.1,985.4,67.0,spike
2021-10-26,215.83,14.4,22.4,6.3,0.0,1.1,6.1,,990.9,986.9,60.0,spike
2021-10-27,226.15,13.2,21.5,4.8,0.0,1.4,7.2,8.5,990.1,986.3,69.0,spike
2021-10-28,205.05,13.6,20.9,6.3,0.2,1.4,6.1,8.2,987.3,982.0,67.0,spike
2021-10-29,175.83,14.8,20.4,9.2,2.0,1.1,5.3,1.4,982.1,976.5,73.0,spike
2021-10-30,124.53,16.0,18.5,13.4,1.4,1.1,5.6,0.1,976.9,973.1,91.0,spike
2021-10-31,77.58,18.4,23.5,13.4,0.0,1.9,9.2,5.8,976.8,973.1,72.0,normal
2021-11-01,91.2,15.9,21.6,10.2,0.0,3.9,14.2,,976.6,971.5,55.0,normal
2021-11-02,145.95,10.7,16.8,4.6,0.0,1.7,6.9,3.3,978.5,970.0,65.0,spike
2021-11-03,154.29,10.2,14.0,6.3,0.0,1.9,8.3,1.1,974.3,968.0,66.0,spike
2021-11-04,171.91,8.2,14.1,2.2,0.0,1.1,4.7,,982.3,974.3,69.0,spike
2021-11-05,171.45,8.4,16.2,0.7,0.0,1.7,6.1,,988.8,982.2,64.0,spike
2021-11-06,157.43,7.4,16.5,-1.7,0.0,1.4,6.4,,990.0,986.5,57.0,spike
2021-11-07,131.5,7.6,16.3,-1.1,0.0,2.2,6.4,,987.6,981.8,54.0,spike
2021-11-08,167.67,10.2,19.6,0.7,0.0,0.8,6.1,,983.2,978.4,60.0,spike
2021-11-09,178.45,9.5,17.4,1.6,0.0,1.9,9.2,5.7,985.2,983.0,58.0,spike
2021-11-10,199.28,11.0,13.0,8.9,2.8,1.1,5.6,0.0,984.9,980.4,76.0,spike
2021-11-11,183.21,13.4,18.0,8.8,0.8,2.5,7.5,1.5,984.2,981.5,80.0,spike
2021-11-12,185.02,12.3,15.0,9.6,0.6,0.6,4.2,0.6,984.0,981.2,83.0,spike
2021-11-13,180.48,11.8,17.3,6.3,0.0,1.1,5.8,7.6,985.4,982.8,75.0,spike
2021-11-14,172.47,9.4,12.7,6.1,0.0,1.1,4.4,0.8,983.5,979.8,83.0,spike
2021-11-15,180.57,9.6,15.1,4.2,0.0,0.6,6.4,3.1,983.3,979.9,72.0,spike
2021-11-16,194.23,6.7,9.9,3.5,1.6,1.4,3.9,0.0,985.3,983.0,88.0,spike
2021-11-17,194.84,7.7,13.3,2.1,0.0,2.2,7.2,7.8,990.2,984.3,79.0,spike
2021-11-18,226.94,7.8,14.8,0.9,0.2,1.4,3.9,6.9,995.4,990.2,72.0,spike
2021-11-19,228.84,8.9,17.4,0.4,0.0,1.1,3.6,,995.9,992.7,71.0,spike
2021-11-20,218.46,6.7,12.7,0.7,0.0,0.8,2.5,2.6,994.2,985.1,77.0,spike
2021-11-21,229.62,10.7,17.0,4.4,0.0,0.8,4.4,,985.1,976.4,71.0,spike
2021-11-22,236.51,9.8,13.7,5.9,0.4,0.8,4.7,3.0,980.3,975.2,77.0,spike
2021-11-23,225.58,10.4,13.5,7.2,25.8,1.4,8.3,0.0,980.4,977.9,85.0,spike
2021-11-24,225.7,7.8,11.4,4.3,8.0,0.8,6.4,0.0,980.2,972.2,92.0,spike
2021-11-25,228.42,9.2,13.7,4.8,0.0,1.4,8.3,,972.7,969.2,81.0,spike
2021-11-26,227.59,6.2,10.0,2.3,0.0,1.7,8.9,,972.9,969.7,76.0,spike
2021-11-27,204.35,6.4,11.6,1.2,0.0,2.8,9.7,2.3,969.8,963.4,70.0,spike
2021-11-28,201.42,4.6,9.0,0.1,0.0,3.9,14.2,,972.5,969.4,67.0,spike
2021-11-29,215.0,5.6,12.8,-1.5,0.0,2.2,10.3,,986.1,972.0,65.0,spike
2021-11-30,274.56,5.7,11.6,-0.2,0.0,0.8,5.3,,992.1,986.1,76.0,spike
2021-12-01,247.21,6.4,12.0,0.7,0.0,1.4,6.4,3.0,989.7,974.5,77.0,spike
2021-12-02,220.66,7.8,11.7,3.8,0.0,2.2,9.7,,977.3,971.5,57.0,spike
2021-12-03,226.15,5.4,12.3,-1.5,0.0,1.1,5.0,7.3,985.8,976.5,65.0,spike
2021-12-04,220.9,7.6,13.0,2.1,0.0,3.1,12.5,,985.3,978.4,70.0,spike
2021-12-05,101.97,6.4,10.1,2.7,0.0,3.6,12.5,,979.7,974.4,56.0,spike
2021-12-06,209.78,6.4,13.3,-0.4,0.0,2.2,8.6,6.2,984.2,979.4,59.0,spike
2021-12-07,211.81,6.8,14.1,-0.4,0.0,0.8,6.9,4.8,986.2,973.3,74.0,spike
2021-12-08,108.73,8.3,11.5,5.1,0.0,4.4,17.2,,975.2,970.5,50.0,spike
2021-12-09,216.74,5.4,9.0,1.7,0.0,3.1,11.7,4.9,980.3,975.2,68.0,spike
2021-12-10,208.41,8.9,15.3,2.5,0.0,4.4,13.6,4.3,977.1,971.7,61.0,spike
2021-12-11,239.53,6.6,12.6,0.7,0.0,2.2,9.2,7.3,989.2,977.0,73.0,spike
2021-12-12,256.98,8.0,13.1,2.9,0.0,1.1,4.7,3.8,993.1,989.1,81.0,spike
2021-12-13,268.21,6.6,13.9,-0.7,0.0,0.6,2.5,6.5,993.5,989.9,80.0,spike
2021-12-14,287.78,6.6,14.3,-1.1,0.0,0.8,2.5,7.2,993.6,990.5,76.0,spike
2021-12-15,291.73,6.6,14.4,-1.2,0.0,1.1,2.5,7.2,994.3,990.7,67.0,spike
2021-12-16,302.48,6.5,14.4,-1.4,0.0,0.6,3.3,7.2,996.0,993.3,73.0,spike
2021-12-17,309.2,4.5,10.5,-1.5,0.0,0.6,2.8,2.9,997.5,993.8,86.0,spike
2021-12-18,306.33,7.0,12.6,1.3,0.0,1.1,3.3,4.7,996.4,993.7,80.0,spike
2021-12-19,319.63,5.0,10.6,-0.7,0.0,0.8,3.1,4.2,996.4,989.0,86.0,spike
2021-12-20,339.84,3.5,9.8,-2.8,0.0,1.1,6.9,7.0,989.0,985.3,79.0,spike
2021-12-21,327.38,3.6,10.2,-2.9,0.0,0.8,3.9,5.6,987.1,984.6,76.0,spike
2021-12-22,360.02,6.9,11.7,2.1,0.2,1.4,5.8,5.0,988.3,985.6,83.0,spike
2021-12-23,383.67,8.5,12.2,4.8,0.0,0.3,2.2,0.4,987.9,983.6,88.0,spike
2021-12-24,311.02,9.2,14.2,4.2,0.4,0.8,4.2,2.7,983.7,974.2,89.0,spike
2021-12-25,226.42,10.6,15.6,5.7,0.2,1.1,7.2,4.3,974.2,971.3,80.0,spike
2021-12-26,188.53,8.6,14.0,3.1,0.0,1.1,5.6,6.0,977.2,973.2,79.0,spike
2021-12-27,96.08,10.6,16.1,5.1,0.0,3.3,14.4,6.7,978.8,972.2,71.0,normal
2021-12-28,104.36,12.0,17.4,6.7,0.0,2.8,10.8,6.5,984.2,978.1,64.0,spike
2021-12-29,181.09,11.4,16.7,6.1,0.0,1.4,6.4,6.4,989.3,984.1,76.0,spike
2021-12-30,200.68,10.1,16.8,3.4,0.0,1.4,4.7,7.2,991.0,988.4,77.0,spike
2021-12-31,140.82,8.9,16.9,0.9,0.2,0.6,2.5,7.3,994.5,990.6,74.0,spike
2022-01-01,122.63,9.8,19.3,0.2,0.0,1.1,3.3,7.4,994.3,990.9,67.0,spike
2022-01-02,136.97,8.6,16.9,0.2,0.0,0.8,4.7,5.7,994.4,991.5,70.0,spike
2022-01-03,150.5,9.6,17.9,1.3,0.0,1.1,3.9,,994.1,984.2,68.0,spike
2022-01-05,180.2,6.2,13.0,-0.5,0.0,2.8,8.9,4.8,979.5,970.6,49.0,spike
2022-01-06,212.98,1.6,8.3,-5.2,0.0,1.1,8.9,,986.8,979.5,61.0,spike
2022-01-07,215.86,3.8,10.7,-3.2,0.0,1.1,4.4,,990.0,986.8,62.0,spike
2022-01-08,203.45,5.2,11.2,-0.9,0.0,2.2,10.6,3.5,990.3,981.6,73.0,spike
2022-01-09,119.24,9.3,13.3,5.3,0.0,5.6,14.2,,981.6,976.9,63.0,spike
2022-01-10,217.26,5.5,8.1,2.9,0.0,0.6,4.7,0.0,986.2,976.1,83.0,spike
2022-01-11,223.16,6.4,11.1,1.8,0.0,1.7,4.2,,991.7,986.1,81.0,spike
2022-01-12,206.07,6.0,11.5,0.5,0.0,1.4,4.2,5.2,998.1,991.7,72.0,spike
2022-01-13,215.11,4.6,12.9,-3.7,0.0,0.6,4.7,,1000.9,997.7,59.0,spike
2022-01-14,202.95,3.7,12.5,-5.1,0.0,1.1,2.8,,1000.9,995.9,59.0,spike
2022-01-15,218.82,2.9,11.5,-5.7,0.0,1.7,6.1,,996.0,990.4,56.0,spike
2022-01-16,213.1,3.3,12.8,-6.2,0.0,1.4,5.0,,997.9,992.1,62.0,spike
2022-01-17,244.67,3.4,12.7,-5.8,0.0,1.4,7.8,,999.9,995.8,60.0,spike
2022-01-18,222.73,4.6,13.5,-4.2,0.0,1.4,4.7,7.8,998.2,994.7,64.0,spike
2022-01-19,213.16,5.0,11.5,-1.6,0.0,0.6,2.8,5.8,998.4,993.8,69.0,spike
2022-01-20,190.64,4.0,11.2,-3.3,0.0,1.1,6.7,7.9,994.9,990.0,72.0,spike
2022-01-21,179.09,2.0,6.5,-2.5,0.0,0.8,4.7,1.8,994.8,989.1,79.0,spike
2022-01-22,190.41,1.6,8.5,-5.2,0.0,1.9,4.7,7.9,997.0,993.4,69.0,spike
2022-01-23,201.34,3.6,12.7,-5.4,0.0,1.4,4.2,,996.0,991.8,68.0,spike
2022-01-24,227.0,4.2,12.3,-3.9,0.0,0.8,2.8,,997.6,993.5,69.0,spike
2022-01-25,224.24,5.4,15.0,-4.1,0.0,0.8,3.3,,999.2,996.1,66.0,spike
2022-01-26,236.77,6.5,16.6,-3.6,0.0,0.6,4.2,,998.0,993.8,56.0,spike
2022-01-27,232.5,5.8,15.4,-3.7,0.0,1.1,5.3,8.1,996.0,992.9,57.0,spike
2022-01-28,224.59,5.6,15.3,-4.0,0.0,1.9,6.9,,998.3,994.5,55.0,spike
2022-01-29,223.36,6.6,16.9,-3.6,0.0,1.4,5.3,,999.9,996.2,55.0,spike
2022-01-30,230.5,7.0,17.3,-3.2,0.0,1.4,7.8,,996.9,989.6,53.0,spike
2022-01-31,221.82,6.0,13.7,-1.7,0.0,2.5,8.9,,989.8,984.3,60.0,spike
2022-02-01,206.54,7.2,15.1,-0.6,0.0,3.1,11.1,,992.3,985.3,53.0,spike
2022-02-02,210.18,8.9,17.1,0.7,0.0,2.8,9.2,,992.3,988.3,61.0,spike
2022-02-03,207.89,9.2,20.4,-1.9,0.0,0.3,5.3,6.9,989.7,983.4,53.0,spike
2022-02-04,197.03,8.3,15.8,0.8,0.0,1.4,5.6,4.3,988.0,984.1,59.0,spike
2022-02-05,198.37,9.5,14.6,4.4,0.0,0.6,3.3,3.6,992.7,988.0,72.0,spike
2022-02-06,190.47,6.4,13.1,-0.3,0.0,2.2,7.2,8.0,994.8,991.3,62.0,spike
2022-02-07,206.46,7.4,15.9,-1.2,0.0,1.7,6.4,,995.3,990.2,60.0,spike
2022-02-08,203.7,8.6,17.8,-0.5,0.0,1.7,6.4,,998.6,995.3,69.0,spike
2022-02-09,210.52,10.6,17.9,3.4,0.0,1.4,6.4,,998.4,994.3,64.0,spike
2022-02-10,205.7,7.6,17.1,-1.9,0.0,1.7,6.4,,995.4,990.5,67.0,spike
2022-02-11,196.49,7.8,16.1,-0.5,0.0,1.1,6.4,7.2,993.3,989.8,62.0,spike
2022-02-12,198.94,9.2,13.1,5.2,0.4,1.7,8.6,2.1,992.3,989.5,79.0,spike
2022-02-13,164.04,10.3,12.7,7.9,0.2,1.9,6.9,0.2,990.7,981.5,83.0,spike
2022-02-14,183.32,10.7,14.6,6.8,0.0,3.6,12.5,,983.3,977.5,61.0,spike
2022-02-15,199.94,7.6,15.4,-0.1,0.0,1.9,10.0,7.8,989.2,983.2,55.0,spike
2022-02-16,178.09,9.4,15.0,3.8,0.0,1.9,8.3,3.6,989.4,985.9,60.0,spike
2022-02-17,163.41,12.5,20.5,4.5,0.0,2.8,6.9,,990.5,987.0,61.0,spike
2022-02-18,184.26,13.2,24.4,2.1,0.0,1.4,6.7,,988.0,978.9,59.0,spike
2022-02-19,137.76,8.7,10.0,7.4,2.0,2.2,7.2,0.0,990.2,982.9,72.0,spike
2022-02-20,162.64,9.2,14.4,3.9,0.0,1.9,8.3,,994.4,990.0,57.0,spike
2022-02-21,183.32,10.4,19.5,1.3,0.0,3.3,12.8,,991.4,983.9,55.0,spike
2022-02-22,179.74,9.6,17.6,1.6,0.0,1.7,8.3,,993.5,989.9,49.0,spike
2022-02-23,195.86,9.0,18.5,-0.5,0.0,1.4,7.5,8.9,993.7,987.7,62.0,spike
2022-02-24,205.6,11.2,18.5,4.0,0.0,1.4,6.9,7.5,989.7,985.0,64.0,spike
2022-02-25,240.13,9.8,15.2,4.4,0.0,1.1,4.7,3.2,992.0,988.7,71.0,spike
2022-02-26,261.11,9.0,13.4,4.7,0.0,2.5,9.7,3.9,991.5,988.9,56.0,spike
2022-02-27,256.84,10.4,16.5,4.3,0.0,2.2,7.5,8.8,991.5,986.9,56.0,spike
2022-02-28,277.78,9.8,15.3,4.4,0.0,1.9,7.5,4.5,993.5,990.1,62.0,spike
2022-03-01,258.66,9.1,18.1,0.1,0.0,2.2,8.1,9.2,992.9,989.7,64.0,spike
2022-03-02,254.03,10.2,15.7,4.7,0.0,1.4,6.7,2.2,990.8,983.5,76.0,spike
2022-03-03,341.52,11.0,18.0,4.1,0.0,1.9,6.4,6.6,984.6,978.0,67.0,spike
2022-03-04,340.7,10.2,16.2,4.1,0.0,2.8,8.9,2.2,981.9,979.1,62.0,spike
2022-03-05,366.55,9.9,15.3,4.5,0.0,1.1,6.1,5.2,982.9,979.4,53.0,spike
2022-03-06,379.03,9.1,11.4,6.8,0.2,1.7,6.4,1.3,982.3,980.1,74.0,spike
2022-03-07,442.54,9.2,12.5,5.9,0.0,2.2,7.5,0.3,983.6,981.0,63.0,spike
2022-03-08,544.98,6.4,11.4,1.5,3.0,1.7,7.8,0.7,986.2,982.4,87.0,spike
2022-03-09,472.97,10.1,15.5,4.7,0.0,1.7,7.2,6.8,989.3,986.1,72.0,spike
2022-03-10,369.75,9.6,14.8,4.4,0.0,1.1,6.9,2.5,989.1,984.9,79.0,spike
2022-03-11,284.58,9.4,11.5,7.3,14.4,1.1,6.1,0.0,984.9,980.5,85.0,spike
2022-03-12,246.05,9.2,12.4,6.1,7.2,1.9,5.8,1.0,980.7,977.9,85.0,spike
2022-03-13,247.89,9.4,15.0,3.8,0.2,1.7,9.2,3.7,986.2,978.2,78.0,spike
2022-03-14,251.7,9.8,13.5,6.0,0.0,1.7,7.8,0.0,989.6,985.3,73.0,spike
2022-03-15,249.66,12.9,16.6,9.2,0.0,1.9,6.9,0.0,991.1,988.2,73.0,spike
2022-03-16,263.65,12.4,17.2,7.6,0.0,1.9,6.9,0.1,988.7,981.8,72.0,spike
2022-03-17,217.13,14.0,17.0,11.1,0.0,1.7,9.2,0.0,988.9,984.0,65.0,spike
2022-03-18,232.28,12.2,13.7,10.6,0.6,2.8,7.8,0.0,992.9,988.4,63.0,spike
2022-03-19,221.91,10.4,12.6,8.3,0.0,3.1,8.9,0.0,993.0,991.1,68.0,spike
2022-03-20,207.11,10.6,14.1,7.1,7.8,1.4,4.7,0.0,993.2,991.0,81.0,spike
2022-03-21,229.71,10.5,14.6,6.4,0.6,2.8,9.2,1.4,994.8,992.2,76.0,spike
2022-03-22,226.14,8.4,13.5,3.3,0.2,2.2,10.3,4.2,995.4,993.4,62.0,spike
2022-03-23,212.44,7.6,13.6,1.6,0.0,1.7,6.7,2.3,994.7,990.5,68.0,spike
2022-03-24,225.71,7.8,12.5,3.2,0.0,1.4,4.2,0.0,992.1,989.8,70.0,spike
2022-03-25,263.85,13.4,19.5,7.2,0.0,1.9,9.2,7.9,989.8,985.2,47.0,spike
2022-03-26,237.45,9.8,13.0,6.7,6.8,0.8,4.7,0.0,988.8,986.0,66.0,spike
2022-03-27,219.42,13.8,20.5,7.2,0.0,1.7,8.1,8.2,992.3,988.0,55.0,spike
2022-03-28,231.72,12.2,20.6,3.7,0.0,1.1,7.5,8.5,992.4,983.5,48.0,spike
2022-03-29,248.1,11.4,16.7,6.1,12.4,1.1,4.2,0.7,983.5,971.4,64.0,spike
2022-03-31,239.37,11.2,16.7,5.6,0.0,2.8,10.3,5.0,968.1,963.7,62.0,spike
2022-04-01,224.75,7.6,12.2,3.0,0.0,3.1,15.8,11.5,976.1,967.1,21.0,spike
2022-04-02,225.08,7.7,14.2,1.2,0.0,4.2,13.6,10.8,981.1,974.4,35.0,spike
2022-04-03,228.3,4.7,10.7,-1.3,0.0,3.3,10.0,10.1,984.9,980.4,52.0,spike
2022-04-04,251.87,6.6,13.2,0.1,0.0,1.9,6.9,10.5,984.8,980.9,57.0,spike
2022-04-05,265.02,8.2,17.9,-1.4,0.0,2.2,10.0,10.9,983.8,977.6,47.0,spike
2022-04-06,254.99,11.7,18.5,4.9,0.0,2.5,8.6,7.4,980.2,975.3,49.0,spike
2022-04-07,214.79,13.0,22.5,3.5,0.0,3.9,12.5,10.4,981.7,978.2,45.0,spike
2022-04-08,154.7,14.3,21.2,7.4,0.0,4.7,14.2,9.7,981.0,975.6,43.0,spike
2022-04-09,241.59,14.4,18.9,10.0,0.0,3.1,11.1,10.1,986.0,976.4,60.0,spike
2022-04-10,159.33,12.5,18.6,6.4,0.0,2.2,7.5,5.2,987.0,982.4,69.0,spike
2022-04-11,163.13,12.6,20.3,4.9,0.0,2.2,9.2,9.1,982.9,979.0,53.0,spike
2022-04-12,237.3,14.0,17.9,10.1,0.0,1.7,7.2,0.0,980.0,976.4,70.0,spike
2022-04-13,229.44,13.4,15.4,11.4,0.0,1.9,8.9,0.0,982.6,977.1,73.0,spike
2022-04-14,220.76,16.5,23.3,9.7,0.0,2.5,9.4,5.3,986.1,981.4,41.0,spike
2022-04-15,198.47,18.4,27.1,9.6,0.0,1.7,7.8,9.9,986.8,983.7,47.0,spike
2022-04-16,153.85,18.6,28.1,9.0,0.0,1.9,8.1,11.4,986.6,980.2,47.0,spike
2022-04-17,111.35,17.2,25.5,8.9,0.0,2.8,10.8,11.6,984.3,981.2,47.0,spike
2022-04-18,103.24,14.7,22.6,6.8,0.0,2.5,10.0,11.0,983.5,978.5,50.0,spike
2022-04-19,112.12,14.2,20.0,8.4,2.6,1.9,7.8,0.2,980.1,974.3,65.0,spike
2022-04-20,85.19,12.7,16.8,8.6,5.2,3.3,11.9,2.4,974.3,969.3,71.0,normal
2022-04-21,161.72,11.2,13.5,9.0,8.0,1.7,5.8,0.0,971.5,968.7,81.0,spike
2022-04-22,207.77,13.7,20.9,6.5,5.0,2.8,7.8,8.3,969.6,965.7,55.0,spike
2022-04-23,86.25,12.0,15.8,8.1,1.4,2.8,14.2,3.4,969.6,962.2,65.0,normal
2022-04-24,146.95,15.6,21.9,9.3,0.0,3.3,10.3,11.2,978.7,969.4,51.0,spike
2022-04-25,226.57,14.6,22.6,6.6,0.0,1.9,6.7,8.6,980.6,977.5,51.0,spike
2022-04-26,233.78,14.8,23.9,5.6,0.0,2.2,8.9,12.0,982.0,978.8,44.0,spike
2022-04-27,220.95,15.2,23.2,7.3,0.0,2.2,7.5,5.4,985.2,981.4,48.0,spike
2022-04-28,224.97,16.8,24.1,9.4,0.0,0.8,8.3,5.0,990.5,984.5,49.0,spike
2022-04-29,214.84,17.2,26.5,7.8,0.0,2.2,9.7,10.7,990.7,986.6,50.0,spike
2022-04-30,186.45,17.4,24.8,9.9,3.2,2.5,10.8,6.5,988.8,983.6,66.0,spike
2022-05-01,177.86,16.8,23.3,10.2,2.2,2.5,9.7,7.2,986.2,981.0,69.0,spike
2022-05-02,191.81,15.8,18.9,12.8,0.6,1.7,6.1,3.1,982.4,978.7,72.0,spike
2022-05-03,191.47,15.0,18.8,11.3,1.0,1.4,5.6,2.6,982.9,979.0,77.0,spike
2022-05-04,202.15,15.0,20.6,9.4,0.8,1.4,7.5,0.0,985.3,982.1,75.0,spike
2022-05-05,190.77,16.2,23.4,9.1,0.6,1.9,9.2,7.1,986.8,983.2,64.0,spike
2022-05-06,197.63,16.6,25.5,7.6,0.0,2.2,7.5,10.3,986.7,982.3,44.0,spike
2022-05-07,184.86,16.6,25.7,7.4,0.0,2.2,9.2,10.0,986.6,982.7,43.0,spike
2022-05-08,172.39,16.8,26.1,7.4,0.0,2.8,8.6,9.3,988.1,984.1,44.0,spike
2022-05-09,208.74,17.4,26.4,8.5,0.0,2.5,8.9,10.6,990.0,987.1,50.0,spike
2022-05-10,208.71,19.0,28.3,9.8,0.0,2.8,10.0,10.9,989.6,986.2,44.0,spike
2022-05-11,186.84,18.6,27.5,9.7,0.0,3.1,9.2,12.6,988.3,985.0,41.0,spike
2022-05-12,187.27,18.5,27.8,9.2,0.0,2.5,9.4,12.1,989.4,985.9,38.0,spike
2022-05-13,202.99,18.4,28.3,8.6,0.0,2.2,10.0,12.4,988.7,985.1,41.0,spike
2022-05-14,191.55,20.5,30.1,10.9,0.0,2.5,10.0,11.9,987.2,982.8,36.0,spike
2022-05-15,127.23,21.3,30.5,12.1,0.0,2.5,9.2,10.3,984.7,981.4,35.0,spike
2022-05-16,195.23,22.0,31.9,12.2,0.0,3.1,9.7,12.0,986.5,983.8,37.0,spike
2022-05-17,199.36,22.8,32.0,13.6,0.0,3.1,9.7,12.7,986.5,982.0,43.0,spike
2022-05-18,194.86,24.4,33.6,15.2,0.0,2.8,10.3,12.7,986.5,983.4,43.0,spike
2022-05-19,191.08,23.2,31.3,15.0,0.0,2.8,8.9,12.4,991.1,986.5,47.0,spike
2022-05-20,203.74,24.2,34.4,14.0,0.0,2.2,8.1,12.2,992.5,988.7,33.0,spike
2022-05-21,178.71,24.8,36.4,13.3,0.0,2.8,9.2,11.9,989.8,982.5,30.0,spike
2022-05-22,170.56,26.0,37.5,14.4,0.0,2.8,9.7,11.6,982.8,975.1,22.0,spike
2022-05-23,194.16,23.8,31.0,16.5,0.6,3.3,10.0,11.6,976.4,972.7,38.0,spike
2022-05-24,180.01,16.1,19.3,12.9,38.8,1.9,6.4,0.0,978.6,975.8,81.0,spike
2022-05-25,184.57,16.5,21.0,12.0,0.0,1.4,8.3,2.0,986.8,978.6,65.0,spike
2022-05-26,173.29,20.2,27.7,12.7,0.0,2.2,8.1,12.3,988.4,984.7,39.0,spike
2022-05-27,168.54,21.6,30.7,12.6,0.0,2.2,6.7,10.5,986.9,982.4,43.0,spike
2022-05-28,162.25,23.7,33.2,14.2,0.0,3.1,8.3,13.3,983.4,974.7,39.0,spike
2022-05-29,161.84,21.3,27.5,15.1,0.0,2.8,9.7,13.3,975.3,971.5,45.0,spike
2022-05-30,206.62,21.0,28.0,13.9,0.0,2.8,10.8,9.9,978.8,972.7,43.0,spike
2022-05-31,213.82,21.5,29.9,13.1,0.0,2.8,9.2,13.1,982.3,978.2,41.0,spike
2022-06-01,210.45,23.0,31.6,14.4,0.0,3.1,10.0,12.6,982.4,978.7,41.0,spike
2022-06-02,214.74,22.2,29.9,14.6,0.0,2.8,9.4,11.8,980.9,978.5,44.0,spike
2022-06-03,214.5,25.2,32.3,18.0,0.0,2.2,9.4,13.4,981.3,978.9,39.0,spike
2022-06-04,203.86,24.6,33.3,15.8,0.0,1.9,11.1,12.0,981.7,979.0,43.0,spike
2022-06-05,193.65,23.4,32.0,14.9,0.0,2.2,11.4,12.9,986.5,981.4,42.0,spike
2022-06-06,194.94,23.4,30.9,16.0,0.0,2.8,9.7,10.7,986.6,982.0,49.0,spike
2022-06-07,193.32,23.4,30.3,16.6,0.0,3.3,11.7,11.5,984.8,981.1,50.0,spike
2022-06-08,185.45,24.5,31.2,17.8,0.0,1.9,10.6,4.4,982.5,977.3,52.0,spike
2022-06-09,182.67,22.1,28.9,15.3,0.0,3.1,11.4,13.6,986.3,981.9,55.0,spike
2022-06-10,194.35,24.2,32.8,15.6,0.0,2.8,10.6,12.0,986.7,983.5,50.0,spike
2022-06-11,190.5,25.4,34.9,16.0,0.0,2.8,10.0,12.7,988.6,984.9,36.0,spike
2022-06-12,167.06,27.2,36.5,17.9,0.0,2.5,10.8,9.9,988.3,984.3,32.0,spike
2022-06-13,200.62,26.3,34.9,17.7,0.0,2.2,9.2,12.2,986.5,982.5,28.0,spike
2022-06-14,214.05,25.6,34.7,16.6,0.0,2.2,9.4,8.7,984.0,981.3,25.0,spike
2022-06-15,165.59,31.0,39.0,23.1,0.0,2.5,11.1,9.4,985.5,980.7,30.0,spike
2022-06-16,170.81,29.0,39.5,18.4,0.0,2.8,10.6,12.9,986.5,983.8,27.0,spike
2022-06-17,177.9,29.2,38.6,19.8,0.0,3.1,10.0,11.2,986.4,984.2,25.0,spike
2022-06-18,146.54,28.6,37.4,19.7,0.0,2.8,9.4,13.1,985.7,980.4,33.0,spike
2022-06-19,122.61,25.5,33.6,17.4,0.0,2.8,9.7,13.5,980.9,977.0,40.0,spike
2022-06-20,157.48,25.1,32.4,17.8,0.0,2.5,9.7,9.6,979.7,977.2,49.0,spike
2022-06-21,148.03,27.3,35.1,19.5,2.8,1.1,11.4,3.0,981.2,975.8,50.0,spike
2022-06-22,152.75,24.0,29.7,18.3,1.6,2.5,10.3,10.9,978.5,975.3,58.0,spike
2022-06-23,149.86,24.2,31.3,17.2,0.2,2.5,8.6,10.0,978.9,976.8,48.0,spike
2022-06-24,137.59,24.0,31.0,17.0,0.0,2.8,9.7,12.6,981.1,977.6,38.0,spike
2022-06-25,128.7,23.4,30.9,16.0,0.0,3.1,11.4,12.5,980.5,975.9,45.0,spike
2022-06-27,143.27,23.9,30.1,17.7,0.0,1.1,9.7,3.1,985.8,978.5,55.0,spike
2022-06-28,144.66,24.2,31.0,17.4,0.0,3.1,9.2,11.0,984.8,979.9,44.0,spike
2022-06-29,132.74,23.4,32.0,14.8,0.0,2.8,9.7,13.4,983.2,977.2,40.0,spike
2022-06-30,132.13,24.1,30.9,17.3,0.4,2.8,8.9,10.1,982.4,977.1,44.0,spike
2022-07-01,145.22,24.2,31.3,17.2,0.0,2.8,11.1,13.4,986.9,982.3,38.0,spike
2022-07-02,142.42,23.8,32.3,15.3,0.0,2.8,11.1,12.8,986.7,984.0,43.0,spike
2022-07-03,133.5,26.5,35.2,17.8,0.0,2.5,10.3,10.2,986.2,981.4,34.0,spike
2022-07-04,159.92,27.3,35.2,19.4,0.0,3.1,10.3,13.4,984.6,981.1,31.0,spike
2022-07-05,139.16,26.8,34.7,19.0,0.2,3.1,12.5,10.6,988.2,982.2,41.0,spike
2022-07-06,145.3,24.2,29.5,18.8,0.4,2.8,16.1,1.9,989.8,984.8,69.0,spike
2022-07-07,124.2,25.3,33.2,17.4,0.0,1.9,7.2,10.4,988.4,985.2,45.0,spike
2022-07-08,146.73,25.5,34.5,16.5,0.2,2.2,10.3,13.5,989.5,986.3,39.0,spike
2022-07-09,148.62,26.0,34.9,17.1,0.0,3.3,10.8,13.5,989.5,984.9,43.0,spike
2022-07-10,138.62,27.0,36.0,17.9,0.0,3.1,10.8,13.5,986.6,981.4,34.0,spike
2022-07-11,157.54,26.4,34.5,18.3,0.0,2.8,10.8,13.1,985.2,981.3,35.0,spike
2022-07-12,155.71,27.3,36.1,18.5,0.0,2.8,11.9,13.4,987.2,984.2,31.0,spike
2022-07-13,159.45,27.4,35.6,19.2,0.0,3.1,11.4,13.4,988.0,985.1,33.0,spike
2022-07-14,162.22,27.0,35.7,18.3,0.0,3.1,10.3,12.9,987.7,984.0,37.0,spike
2022-07-15,147.25,29.3,39.0,19.6,0.0,2.8,10.6,13.1,984.9,981.0,30.0,spike
2022-07-16,136.83,28.6,37.3,19.9,0.0,3.1,12.8,13.0,985.0,982.1,29.0,spike
2022-07-17,102.45,28.4,37.1,19.7,0.0,2.8,10.0,12.7,986.4,983.8,29.0,spike
2022-07-18,115.77,27.9,36.7,19.1,0.0,3.1,10.0,12.6,986.3,982.9,33.0,spike
2022-07-19,142.35,27.6,36.7,18.5,0.0,2.8,10.3,11.8,984.6,981.4,32.0,spike
2022-07-20,147.54,27.2,34.8,19.5,0.0,3.1,9.7,12.5,987.1,983.8,42.0,spike
2022-07-21,138.84,28.1,36.1,20.1,0.0,3.1,10.3,12.9,987.4,982.9,45.0,spike
2022-07-22,133.45,28.4,37.9,18.9,0.0,2.8,9.4,12.3,984.6,980.6,41.0,spike
2022-07-23,155.99,27.4,34.5,20.4,0.0,3.1,10.6,12.6,985.6,982.8,44.0,spike
2022-07-24,136.99,29.2,37.7,20.7,0.0,2.5,9.2,11.8,985.5,980.6,45.0,spike
2022-07-25,158.02,26.8,35.3,18.3,0.0,3.1,11.4,11.8,983.5,979.7,47.0,spike
2022-07-26,145.65,28.0,35.0,21.0,0.0,3.3,10.0,12.8,983.3,978.7,42.0,spike
2022-07-27,148.25,26.4,32.5,20.2,,3.6,10.3,10.9,982.4,977.4,45.0,spike
2022-07-28,169.86,25.6,30.3,21.0,,1.1,7.2,4.7,981.9,979.3,64.0,spike
2022-07-29,141.51,25.6,33.1,18.2,43.6,2.8,18.1,7.1,985.4,980.6,68.0,spike
2022-07-30,129.98,25.4,30.7,20.0,0.0,2.8,8.3,7.4,987.4,983.4,65.0,spike
2022-07-31,113.09,27.6,34.3,20.9,1.6,1.7,14.2,9.6,986.9,982.0,60.0,spike
2022-08-01,147.43,27.2,35.1,19.3,0.0,2.5,9.7,11.7,984.9,981.1,49.0,spike
2022-08-02,151.29,29.0,36.4,21.5,0.0,2.5,9.2,11.2,983.8,980.0,43.0,spike
2022-08-03,147.85,28.4,36.6,20.1,0.0,2.8,10.6,12.1,982.7,979.4,45.0,spike
2022-08-04,147.23,28.0,36.2,19.8,0.0,2.8,9.7,12.1,982.6,979.7,39.0,spike
2022-08-05,135.24,27.2,36.0,18.4,21.6,1.9,15.6,8.6,984.5,980.2,54.0,spike
2022-08-06,135.53,26.4,35.7,17.2,0.0,1.7,8.1,10.5,985.0,980.9,48.0,spike
2022-08-07,123.98,26.0,33.5,18.5,3.0,1.9,11.1,7.9,984.3,980.1,63.0,spike
2022-08-08,146.31,25.6,34.1,17.2,0.0,1.9,10.3,11.1,984.5,981.4,48.0,spike
2022-08-11,150.13,26.9,35.8,18.0,0.0,2.2,10.3,11.5,983.7,980.9,45.0,spike
2022-08-12,158.25,29.3,39.8,18.8,0.0,1.9,10.3,11.4,982.4,976.9,42.0,spike
2022-08-13,152.32,29.6,38.3,20.9,0.0,2.5,12.8,7.8,979.4,976.5,50.0,spike
2022-08-14,149.18,27.4,35.3,19.5,0.0,3.3,11.9,10.0,977.5,973.0,44.0,spike
2022-08-15,145.35,26.0,32.2,19.9,0.0,2.5,9.2,9.1,976.6,973.5,55.0,spike
2022-08-16,143.2,25.4,31.4,19.4,0.0,1.9,9.7,5.0,976.6,972.9,61.0,spike
2022-08-17,139.3,24.2,29.8,18.6,0.4,1.4,7.5,4.9,979.0,973.8,62.0,spike
2022-08-18,134.67,22.0,28.5,15.6,5.0,1.7,9.4,5.9,983.8,977.8,54.0,spike
2022-08-19,135.35,22.2,31.0,13.3,0.0,2.5,7.5,11.7,986.0,982.8,52.0,spike
2022-08-20,169.11,24.4,33.3,15.5,0.0,1.9,7.8,11.5,986.1,981.5,51.0,spike
2022-08-21,141.1,25.6,32.6,18.7,0.0,2.2,10.6,7.7,983.7,977.9,63.0,spike
2022-08-22,176.58,26.0,31.5,20.4,0.0,2.2,8.6,8.3,981.2,978.4,60.0,spike
2022-08-23,182.93,26.2,33.2,19.1,0.0,2.2,8.6,11.4,982.0,978.9,55.0,spike
2022-08-24,186.95,27.4,34.4,20.4,0.0,2.8,10.0,10.3,983.6,979.3,54.0,spike
2022-08-25,161.88,26.0,33.1,19.0,18.6,2.8,11.1,8.5,984.5,980.0,67.0,spike
2022-08-26,175.33,25.0,32.1,17.9,0.0,1.9,6.9,10.2,982.8,978.0,61.0,spike
2022-08-27,160.04,24.9,30.9,18.9,0.0,2.8,8.9,8.8,980.3,977.4,64.0,spike
2022-08-28,138.74,25.0,33.4,16.5,0.0,1.7,8.6,11.3,982.9,979.0,55.0,spike
2022-08-29,188.42,24.6,32.0,17.2,1.2,1.4,7.2,7.4,984.8,980.6,56.0,spike
2022-08-30,201.96,26.6,35.0,18.1,0.0,1.4,7.5,10.5,984.8,980.1,56.0,spike
2022-08-31,187.3,22.5,28.7,16.3,16.8,1.7,12.5,5.3,984.4,981.2,68.0,spike
2022-09-01,193.36,22.3,31.0,13.6,0.0,2.5,8.3,11.1,983.3,978.9,59.0,spike
2022-09-02,152.14,24.6,31.1,18.2,0.4,1.9,8.9,8.0,980.3,976.0,62.0,spike
2022-09-03,119.22,24.2,30.2,18.1,4.0,1.7,7.8,6.7,981.1,977.9,71.0,spike
2022-09-04,146.62,24.4,30.8,18.0,0.0,1.9,9.2,11.0,986.0,981.0,63.0,spike
2022-09-05,188.53,24.7,31.2,18.2,0.0,1.9,9.2,10.7,986.3,983.0,65.0,spike
2022-09-06,169.57,27.0,34.0,20.1,0.0,1.9,8.3,9.6,984.4,980.2,48.0,spike
2022-09-07,106.56,23.7,31.4,16.0,0.0,1.7,7.5,8.1,982.0,978.2,55.0,spike
2022-09-08,155.94,22.2,28.1,16.2,0.0,2.2,7.5,4.9,983.1,979.7,45.0,spike
2022-09-09,159.73,23.8,31.0,16.7,0.0,2.2,9.2,9.5,986.3,981.9,55.0,spike
2022-09-10,176.05,24.0,29.8,18.2,0.0,2.5,9.2,8.9,986.6,982.8,60.0,spike
2022-09-11,161.42,25.7,31.4,20.0,0.0,2.5,8.6,9.4,984.6,980.3,67.0,spike
2022-09-12,175.63,26.6,34.5,18.6,0.0,1.7,9.4,8.8,982.0,977.8,60.0,spike
2022-09-13,128.75,24.0,28.9,19.2,2.8,2.2,12.8,1.0,980.5,977.2,69.0,spike
2022-09-14,133.61,23.0,28.1,18.0,0.0,1.9,6.7,3.6,979.6,975.6,66.0,spike
2022-09-15,176.46,23.2,31.6,14.8,0.0,1.4,8.1,7.6,979.8,976.7,57.0,spike
2022-09-16,171.46,22.7,29.7,15.7,0.0,2.5,8.1,,980.2,976.3,59.0,spike
2022-09-17,61.68,21.5,27.3,15.7,0.0,2.5,8.6,9.3,982.8,979.0,55.0,normal
2022-09-18,131.61,21.2,26.8,15.7,0.0,1.9,8.9,7.6,983.7,981.2,63.0,spike
2022-09-19,193.03,21.4,28.4,14.3,0.0,2.5,8.9,8.7,983.5,980.4,63.0,spike
2022-09-20,149.47,22.4,28.1,16.8,0.0,1.9,8.9,8.3,985.4,982.2,64.0,spike
2022-09-21,137.4,21.0,27.2,14.7,0.0,2.5,9.7,8.0,985.2,982.0,61.0,spike
2022-09-22,175.42,20.8,26.3,15.2,0.0,1.4,7.8,7.0,986.0,983.1,57.0,spike
2022-09-23,127.91,20.4,26.5,14.4,4.8,2.2,17.2,5.7,985.6,979.5,67.0,spike
2022-09-24,106.74,19.0,23.2,14.9,1.2,1.7,7.5,3.8,981.2,977.1,72.0,spike
2022-09-25,71.97,18.6,23.6,13.5,0.0,1.9,5.6,8.7,980.5,977.9,59.0,normal
2022-09-26,119.77,16.7,23.2,10.2,0.0,2.2,10.8,10.4,980.2,976.8,52.0,spike
2022-09-27,100.16,17.2,23.7,10.7,0.0,1.7,10.3,7.8,979.0,975.7,53.0,spike
2022-09-28,108.8,18.6,25.9,11.2,0.0,3.3,12.2,9.1,978.7,970.6,51.0,spike
2022-09-29,114.69,18.4,23.2,13.7,0.0,2.8,12.2,4.5,972.1,967.3,47.0,spike
2022-09-30,118.39,16.8,23.8,9.9,0.0,2.8,8.1,9.8,985.2,971.9,52.0,spike
2022-10-01,116.09,16.2,25.8,6.6,0.0,1.1,7.2,9.6,993.4,985.2,47.0,spike
2022-10-02,145.0,19.6,30.1,9.0,0.0,1.9,6.7,10.2,993.8,988.0,50.0,spike
2022-10-03,200.38,20.0,28.6,11.5,0.0,2.5,9.7,10.0,989.8,984.9,60.0,spike
2022-10-04,190.53,20.8,28.1,13.4,0.0,2.2,8.6,9.3,989.9,986.1,62.0,spike
2022-10-05,167.96,19.0,26.8,11.3,0.0,2.2,8.9,9.9,992.7,988.7,65.0,spike
2022-10-06,113.11,19.6,26.8,12.5,0.0,1.9,8.3,8.2,994.2,991.4,62.0,spike
2022-10-07,154.37,15.9,18.0,13.8,9.0,0.6,2.8,0.0,991.9,985.6,87.0,spike
2022-10-08,119.31,19.7,24.0,15.4,,1.4,4.7,4.7,986.4,984.4,76.0,spike
2022-10-09,114.23,19.2,23.6,14.9,0.0,1.7,8.3,,985.5,981.5,75.0,spike
2022-10-10,163.92,19.3,24.4,14.2,0.0,1.4,7.2,5.8,986.1,983.4,70.0,spike
2022-10-11,170.77,19.3,23.2,15.4,0.0,1.1,5.3,2.0,987.1,984.9,70.0,spike
2022-10-12,133.96,19.6,26.8,12.4,0.0,1.4,8.3,7.9,989.5,985.2,65.0,spike
2022-10-13,145.72,18.8,25.2,12.5,0.0,1.9,8.9,8.6,989.6,986.1,58.0,spike
2022-10-14,134.33,19.7,27.3,12.1,0.0,1.7,5.8,9.2,988.1,984.6,58.0,spike
2022-10-15,115.73,19.8,28.4,11.2,0.0,1.9,8.6,9.2,985.3,979.8,68.0,spike
2022-10-16,103.97,20.4,27.2,13.5,0.0,1.9,6.7,7.6,988.7,982.6,67.0,spike
2022-10-17,140.23,20.6,26.2,15.0,0.0,1.1,7.8,4.5,993.3,988.6,72.0,spike
2022-10-18,107.46,20.0,26.6,13.5,0.0,1.9,7.5,6.0,994.0,989.9,74.0,spike
2022-10-19,81.71,21.7,26.9,16.5,0.0,1.9,6.9,4.4,990.1,983.9,73.0,normal
2022-10-20,86.66,19.4,22.3,16.5,1.0,0.8,4.7,0.8,985.0,981.7,77.0,normal
2022-10-21,107.8,20.6,26.6,14.6,0.0,1.7,8.6,4.2,982.8,979.5,64.0,spike
2022-10-22,105.91,19.6,26.9,12.2,0.0,1.4,6.1,6.9,984.9,981.1,55.0,spike
2022-10-23,72.84,16.8,19.6,13.9,0.0,0.8,5.0,0.0,984.6,980.9,75.0,normal
2022-10-24,109.78,19.0,25.7,12.4,0.0,2.5,8.6,7.6,986.0,983.0,61.0,spike
2022-10-25,106.66,20.6,28.5,12.8,0.0,1.7,6.4,7.8,986.0,982.4,60.0,spike
2022-10-26,108.62,21.6,31.0,12.2,0.0,1.1,4.7,8.0,989.6,984.2,52.0,spike
2022-10-27,114.46,20.3,29.4,11.2,0.0,1.7,5.8,6.5,992.3,989.5,50.0,spike
2022-10-28,110.96,19.6,28.3,11.0,0.0,1.4,6.7,8.6,993.4,990.4,55.0,spike
2022-10-29,101.39,17.1,25.2,9.0,0.0,2.5,7.2,8.1,991.8,987.2,61.0,spike
2022-10-30,135.37,17.6,23.5,11.7,0.0,2.2,5.0,6.7,988.5,985.9,69.0,spike
2022-10-31,164.07,17.4,22.5,12.2,0.2,1.4,5.8,3.6,987.7,984.6,72.0,spike
2022-11-01,110.32,18.4,25.5,11.2,0.0,1.7,7.8,7.8,990.5,986.1,67.0,spike
2022-11-02,125.98,17.0,22.9,11.1,0.0,1.4,7.5,8.1,992.2,987.3,63.0,spike
2022-11-03,121.89,14.9,18.8,11.0,0.2,1.1,10.0,1.7,987.3,979.4,76.0,spike
2022-11-04,150.44,14.0,19.2,8.7,0.0,3.3,13.6,8.7,982.7,979.0,52.0,spike
2022-11-05,124.79,11.8,18.9,4.6,0.0,1.7,8.3,8.7,986.1,982.7,49.0,spike
2022-11-06,113.48,12.2,22.4,2.0,0.0,1.1,8.3,8.7,987.2,981.2,49.0,spike
2022-11-07,120.91,12.5,21.8,3.2,0.0,1.7,5.6,8.0,988.3,983.5,64.0,spike
2022-11-08,113.4,13.6,22.1,5.1,0.0,1.1,5.3,8.3,984.4,980.3,70.0,spike
2022-11-09,132.52,14.4,20.7,8.2,0.0,1.4,7.8,2.2,986.7,981.8,66.0,spike
2022-11-10,134.78,15.6,21.6,9.6,0.0,1.4,7.2,6.7,993.9,986.6,65.0,spike
2022-11-11,121.18,14.9,23.0,6.8,0.0,1.7,6.9,7.7,995.9,993.2,63.0,spike
2022-11-12,106.22,16.4,22.9,10.0,0.0,0.8,5.0,8.0,995.7,989.9,67.0,spike
2022-11-13,131.69,15.6,23.0,8.2,0.0,1.4,6.1,7.5,989.9,983.7,69.0,spike
2022-11-14,139.8,16.0,20.2,11.7,0.0,1.7,5.8,2.9,985.0,981.7,67.0,spike
2022-11-15,109.66,15.4,20.7,10.1,0.0,2.2,11.1,2.7,981.7,974.3,63.0,spike
2022-11-16,103.98,14.4,19.0,9.7,0.0,1.9,9.2,7.0,975.0,971.4,65.0,spike
2022-11-17,78.93,15.6,20.7,10.6,0.0,1.4,10.8,1.4,972.7,969.5,66.0,normal
2022-11-18,115.67,11.4,14.5,8.3,0.0,1.4,6.1,0.5,976.6,972.2,67.0,spike
2022-11-19,67.38,9.4,14.5,4.3,0.0,2.2,8.3,7.7,981.7,975.5,57.0,normal
2022-11-20,96.58,7.6,15.9,-0.8,0.2,1.7,6.7,7.3,985.2,981.5,63.0,normal
2022-11-21,80.64,8.6,11.8,5.5,0.4,1.4,13.3,0.1,985.2,968.2,82.0,normal
2022-11-22,73.36,9.4,12.8,6.0,0.0,4.7,14.7,5.7,977.0,970.3,54.0,normal
2022-11-23,90.53,12.3,19.3,5.3,0.0,1.7,8.6,6.9,982.6,971.5,62.0,normal
2022-11-24,137.74,11.0,18.1,3.8,0.0,1.1,4.4,5.9,986.8,982.0,67.0,spike
2022-11-25,141.39,11.0,17.3,4.6,0.0,1.7,10.0,4.3,991.8,982.3,66.0,spike
2022-11-26,130.21,7.6,13.8,1.3,0.0,1.4,4.7,4.3,995.4,991.8,68.0,spike
2022-11-27,117.04,7.7,16.0,-0.6,0.0,0.6,5.6,7.3,993.8,983.5,68.0,spike
2022-11-28,103.36,9.0,14.0,4.0,2.8,2.2,8.1,2.8,983.5,979.6,73.0,spike
2022-11-29,121.54,7.8,13.8,1.7,0.0,1.9,7.5,7.3,984.1,981.5,74.0,spike
2022-11-30,151.25,6.9,14.1,-0.3,0.0,0.6,4.7,7.2,984.0,980.8,77.0,spike
2022-12-01,150.08,7.6,13.0,2.2,0.0,1.4,4.2,3.9,983.7,981.2,72.0,spike
2022-12-02,127.62,6.0,13.2,-1.2,0.0,0.8,4.4,7.0,983.4,977.3,71.0,spike
2022-12-03,120.02,4.4,11.9,-3.0,1.8,0.8,5.8,6.1,977.3,972.5,69.0,spike
2022-12-04,189.81,6.1,12.0,0.2,0.2,1.4,6.4,6.5,982.4,974.4,74.0,spike
2022-12-05,209.3,5.5,13.3,-2.3,0.0,1.4,6.7,6.3,985.5,981.8,70.0,spike
2022-12-06,153.44,8.8,14.4,3.1,0.0,0.8,2.8,3.5,982.4,980.0,73.0,spike
2022-12-07,142.3,7.9,12.3,3.5,0.0,1.1,3.6,0.8,981.7,977.7,79.0,spike
2022-12-08,122.39,7.4,9.6,5.1,4.8,0.3,5.0,0.2,977.7,967.3,90.0,spike
2022-12-09,144.39,12.0,16.0,8.0,1.4,1.9,9.2,6.3,967.4,965.3,76.0,spike
2022-12-10,125.02,6.2,10.5,1.8,0.0,2.5,10.0,4.8,975.7,966.2,66.0,spike
2022-12-11,146.45,2.8,6.2,-0.7,0.0,1.7,3.6,0.1,976.0,971.1,72.0,spike
2022-12-12,114.51,4.7,7.3,2.1,14.4,1.7,3.9,0.5,977.8,968.6,83.0,spike
2022-12-13,97.69,7.5,10.6,4.4,8.4,1.1,5.6,0.0,972.1,965.7,91.0,normal
2022-12-14,81.38,11.4,15.5,7.2,12.0,0.8,4.2,4.6,971.7,965.1,86.0,normal
2022-12-15,131.31,11.2,15.5,6.9,0.6,1.9,8.9,4.1,967.9,962.5,83.0,spike
2022-12-16,128.62,9.8,13.7,5.9,0.0,1.7,7.2,3.7,979.5,967.4,78.0,spike
2022-12-17,133.82,9.0,14.3,3.6,0.0,0.8,4.2,3.7,989.4,979.5,78.0,spike
2022-12-18,97.73,,,,,0.8,,1.8,,,90.0,normal
2022-12-20,65.41,9.4,14.5,4.3,0.6,0.6,3.3,4.9,992.4,985.7,81.0,normal
2022-12-21,64.09,10.2,14.5,6.0,0.0,1.7,9.4,4.8,988.6,984.7,81.0,normal
2022-12-22,52.03,9.8,16.0,3.7,0.0,2.2,8.1,7.1,990.8,987.4,77.0,normal
2022-12-23,22.34,12.4,18.6,6.1,0.0,3.3,9.7,6.8,988.9,986.4,73.0,normal
2022-12-24,36.41,12.6,19.2,6.1,0.0,1.4,8.9,7.2,987.9,984.2,69.0,normal
2022-12-25,15.24,10.3,17.5,3.1,0.0,0.6,5.0,6.7,989.0,984.9,69.0,collapse
2022-12-26,77.32,10.8,18.8,2.9,0.0,0.6,4.7,7.2,995.1,989.0,68.0,normal
2022-12-27,109.49,9.4,16.4,2.4,0.0,0.6,3.3,7.2,997.4,993.8,76.0,spike
2022-12-28,41.41,9.2,17.1,1.2,0.0,0.8,5.0,7.2,994.4,987.4,74.0,normal
2022-12-29,16.19,8.6,15.2,2.1,0.0,2.2,6.7,3.4,987.9,984.8,69.0,collapse
2022-12-30,6.02,10.2,15.0,5.4,0.0,2.2,9.7,1.8,990.5,985.0,77.0,collapse
2022-12-31,2.65,12.4,20.2,4.6,0.0,1.1,4.7,7.2,992.5,989.5,69.0,collapse
2023-01-01,6.7,8.4,15.2,1.7,0.0,0.8,2.2,6.8,993.0,989.9,73.0,collapse
2023-01-02,112.55,5.6,10.0,1.3,0.0,0.8,2.8,0.0,992.8,989.5,74.0,spike
2023-01-03,138.79,9.2,12.9,5.5,0.0,1.1,5.3,4.0,997.9,992.3,80.0,spike
2023-01-04,115.26,7.9,13.1,2.7,0.0,0.8,3.9,4.2,1000.3,997.1,80.0,spike
2023-01-05,109.19,7.0,14.4,-0.3,0.0,0.8,5.0,6.8,998.0,991.4,74.0,spike
2023-01-06,104.14,6.6,14.7,-1.4,0.0,0.8,4.4,7.5,992.0,988.7,74.0,spike
2023-01-07,23.77,4.3,10.6,-2.0,0.0,1.4,10.3,7.4,989.9,983.8,73.0,normal
2023-01-08,10.28,7.0,11.6,2.3,1.8,0.8,4.7,0.0,983.8,975.3,90.0,collapse
2023-01-09,85.78,9.6,13.7,5.4,0.0,3.9,15.3,7.6,989.8,976.8,61.0,normal
2023-01-10,109.4,6.6,13.5,-0.2,0.0,1.1,4.7,7.6,994.8,989.7,71.0,spike
2023-01-11,83.84,4.8,9.4,0.3,0.0,0.6,3.6,1.5,993.9,989.4,80.0,normal
2023-01-12,92.69,6.2,12.9,-0.5,0.0,1.9,7.2,6.3,995.6,990.4,74.0,normal
2023-01-13,88.48,7.4,13.7,1.0,0.0,1.1,3.6,6.1,994.1,989.7,74.0,normal
2023-01-15,22.05,9.8,15.8,3.7,0.0,2.8,9.7,3.9,985.0,981.0,68.0,normal
2023-01-16,13.22,6.2,10.5,1.8,2.2,3.1,12.8,5.0,982.5,961.8,68.0,collapse
2023-01-17,5.1,8.5,12.0,5.0,0.4,6.9,20.3,7.7,962.1,956.6,58.0,collapse
2023-01-18,21.61,6.8,11.0,2.6,0.0,1.9,12.2,6.6,975.8,961.1,53.0,normal
2023-01-19,34.51,5.3,9.4,1.2,0.0,2.8,10.8,6.8,980.5,969.1,60.0,normal
2023-01-20,91.2,6.0,13.1,-1.1,0.0,1.7,9.2,7.9,984.3,969.4,55.0,normal
2023-01-21,58.89,1.7,9.4,-6.0,0.0,2.2,11.1,7.9,984.4,981.2,43.0,normal
2023-01-22,37.7,1.4,8.6,-5.7,0.0,1.9,8.6,8.0,987.0,982.9,47.0,normal
2023-01-23,71.92,1.2,8.0,-5.7,0.0,1.1,6.1,6.1,988.4,983.7,55.0,normal
2023-01-24,87.45,0.5,2.4,-1.4,0.4,0.6,3.1,0.0,992.3,988.2,83.0,normal
2023-01-25,93.25,2.9,7.4,-1.6,0.0,1.9,9.7,8.0,991.7,985.3,68.0,normal
2023-01-26,67.4,1.7,7.6,-4.2,0.0,1.1,5.6,4.8,985.3,978.9,73.0,normal
2023-01-27,45.67,2.8,8.5,-3.0,0.0,0.8,6.4,7.2,981.6,978.1,63.0,normal
2023-01-28,41.42,2.0,8.4,-4.3,0.0,1.1,5.6,7.6,987.4,981.2,70.0,normal
2023-01-29,68.41,4.0,10.8,-2.9,0.0,1.4,5.8,8.2,993.0,987.3,64.0,normal
2023-01-30,135.37,2.2,9.0,-4.5,0.0,1.4,8.1,8.2,994.4,990.7,65.0,spike
2023-01-31,127.07,4.4,12.0,-3.1,0.0,1.7,5.8,8.4,994.2,991.6,64.0,spike
2023-02-01,128.55,4.9,13.3,-3.5,0.0,1.4,4.4,8.3,995.4,992.1,66.0,spike
2023-02-02,138.46,5.2,13.2,-2.9,0.0,1.7,5.3,8.6,996.4,992.9,65.0,spike
2023-02-03,138.58,6.6,16.2,-3.1,0.0,1.7,5.8,8.6,998.0,994.6,58.0,spike
2023-02-04,125.6,6.6,16.4,-3.1,0.0,1.7,5.8,8.7,996.1,991.5,55.0,spike
2023-02-05,79.38,6.2,14.1,-1.7,0.0,1.9,7.8,8.7,999.0,993.4,64.0,normal
2023-02-06,134.98,5.3,10.8,-0.2,0.0,3.1,12.2,,994.1,990.8,63.0,spike
2023-02-07,137.36,5.2,7.7,2.7,18.0,2.2,10.3,0.0,993.5,988.8,79.0,spike
2023-02-08,138.0,6.4,10.5,2.4,0.2,1.4,7.5,3.7,995.5,992.7,70.0,spike
2023-02-09,145.0,7.2,10.8,3.5,0.0,1.7,6.1,5.5,1001.4,995.0,61.0,spike
2023-02-10,142.05,5.9,11.6,0.2,0.0,1.1,6.9,9.0,1003.3,1000.5,63.0,spike
2023-02-11,131.76,5.4,13.9,-3.0,0.0,1.4,6.1,9.0,1002.4,997.6,62.0,spike
2023-02-12,137.77,5.6,14.5,-3.4,0.0,1.4,5.8,9.0,1000.4,996.9,61.0,spike
2023-02-13,146.77,6.5,16.2,-3.2,0.0,1.7,5.8,9.0,1001.8,998.3,62.0,spike
2023-02-14,142.9,7.1,15.6,-1.4,0.0,1.7,6.4,7.7,1001.1,995.8,66.0,spike
2023-02-15,145.07,8.2,16.3,0.0,0.0,1.9,6.7,8.2,996.5,992.8,64.0,spike
2023-02-17,133.56,8.6,18.8,-1.5,0.0,1.7,6.4,9.2,999.5,996.0,54.0,spike
2023-02-18,128.56,10.4,21.4,-0.6,0.0,1.4,6.7,9.1,998.2,992.5,51.0,spike
2023-02-19,124.09,10.9,21.6,0.2,0.0,1.4,5.8,9.1,994.7,990.6,49.0,spike
2023-02-20,134.13,12.2,22.7,1.8,0.0,1.7,8.3,9.1,993.8,988.6,53.0,spike
2023-02-21,151.43,11.5,19.8,3.2,0.0,1.4,7.2,5.1,989.8,982.5,51.0,spike
2023-02-22,144.45,11.8,18.3,5.2,0.0,1.7,6.9,6.4,984.2,980.7,65.0,spike
2023-02-23,140.57,9.4,11.7,7.0,22.4,0.8,10.0,0.0,981.4,973.4,81.0,spike
2023-02-24,148.08,6.0,10.0,2.1,0.0,1.7,14.2,2.7,977.2,972.6,78.0,spike
2023-02-25,143.1,5.0,9.5,0.6,0.6,1.1,6.4,1.4,973.4,968.3,75.0,spike
2023-02-26,81.05,7.2,11.4,3.1,1.2,2.5,6.4,5.8,970.6,966.1,76.0,normal
2023-02-27,117.51,5.0,9.1,0.8,0.2,1.4,7.8,4.2,977.8,970.6,54.0,spike
2023-02-28,132.68,5.9,11.5,0.3,0.0,3.3,9.4,7.0,983.8,977.0,46.0,spike
2023-03-01,145.91,4.0,10.7,-2.7,0.0,2.5,8.6,10.0,983.8,978.3,50.0,spike
2023-03-02,142.09,4.3,8.8,-0.2,0.0,1.9,7.8,1.2,983.4,980.6,49.0,spike
2023-03-03,142.56,6.2,14.7,-2.2,0.0,1.4,7.8,10.0,986.2,981.8,51.0,spike
2023-03-04,138.57,6.9,14.6,-0.8,0.0,1.9,6.9,10.1,987.4,983.1,56.0,spike
2023-03-05,143.92,7.3,16.5,-1.9,0.0,1.7,9.7,9.9,985.2,976.5,50.0,spike
2023-03-06,147.77,9.4,16.5,2.3,0.0,2.5,10.3,7.9,976.7,973.9,57.0,spike
2023-03-07,120.99,8.6,17.2,-0.1,0.0,3.3,10.8,6.3,975.5,970.9,64.0,spike
2023-03-08,98.93,14.0,21.1,6.8,0.0,3.1,12.5,7.5,976.0,973.7,54.0,normal
2023-03-09,73.59,16.6,20.5,12.6,0.0,2.5,14.2,3.8,977.9,973.6,54.0,normal
2023-03-10,42.71,16.5,21.9,11.1,0.0,5.0,14.7,9.8,980.3,975.8,45.0,normal
2023-03-11,30.03,18.9,24.6,13.2,0.0,4.4,14.4,10.2,981.1,976.6,47.0,normal
2023-03-12,80.62,16.7,24.3,9.1,0.0,2.5,9.7,10.4,985.2,981.0,63.0,normal
2023-03-13,36.84,17.0,25.7,8.4,0.0,2.2,13.3,8.6,984.8,973.2,59.0,normal
2023-03-14,61.51,14.6,19.6,9.5,0.0,4.7,13.1,9.1,983.2,975.0,39.0,normal
2023-03-15,132.68,12.0,20.2,3.8,0.0,1.9,8.3,10.3,985.4,982.0,53.0,spike
2023-03-16,87.83,12.6,21.1,4.1,0.0,2.5,9.2,10.5,983.7,980.0,53.0,normal
2023-03-17,70.27,10.8,17.8,3.9,0.0,2.8,8.9,9.4,983.1,979.7,65.0,normal
2023-03-18,101.61,12.0,19.5,4.4,0.0,1.1,6.4,7.4,982.6,978.1,67.0,spike
2023-03-19,95.87,15.0,20.4,9.5,0.0,1.9,7.8,7.4,988.7,982.6,58.0,normal
2023-03-20,121.56,12.8,21.1,4.6,0.0,1.7,10.3,9.1,988.5,983.5,63.0,spike
2023-03-21,119.34,14.0,21.4,6.5,0.0,1.9,8.6,8.6,986.1,981.7,65.0,spike
2023-03-22,101.22,14.4,23.9,5.0,0.0,1.9,6.9,9.7,983.8,979.3,60.0,spike
2023-03-23,83.84,16.0,23.7,8.4,0.0,2.8,10.6,10.7,981.7,978.4,57.0,normal
2023-03-24,59.15,14.5,22.6,6.4,0.0,2.8,10.0,5.9,985.3,980.0,49.0,normal
2023-03-25,39.04,14.2,21.3,7.0,0.0,3.1,9.2,10.4,988.7,983.6,60.0,normal
2023-03-26,28.48,14.0,22.3,5.8,0.0,5.6,18.3,10.4,983.6,977.6,42.0,normal
2023-03-27,102.63,14.8,21.5,8.1,0.0,3.1,9.7,11.2,990.0,982.2,45.0,spike
2023-03-28,111.91,14.2,19.4,8.9,0.6,2.5,9.7,8.1,991.7,989.1,61.0,spike
2023-03-29,68.91,14.3,23.9,4.7,0.0,3.1,8.9,11.0,991.6,985.9,57.0,normal
2023-03-30,31.11,16.6,27.2,6.1,0.0,3.1,9.4,9.1,987.9,983.6,52.0,normal
2023-03-31,16.53,17.2,24.3,10.1,0.0,5.0,13.9,10.1,983.7,979.3,33.0,collapse
2023-04-01,33.99,15.4,21.1,9.6,0.0,3.6,15.3,8.0,983.4,977.1,36.0,normal
2023-04-02,15.74,13.8,21.0,6.6,0.0,2.5,10.6,8.4,984.5,978.4,38.0,collapse
2023-04-03,61.79,12.9,21.1,4.7,0.0,1.7,10.6,8.6,984.3,978.2,45.0,normal
2023-04-04,56.21,10.6,19.2,2.1,0.0,2.8,10.8,10.9,984.5,978.3,56.0,normal
2023-04-05,104.09,11.8,21.9,1.7,0.0,1.9,10.3,11.3,985.4,981.2,45.0,spike
2023-04-06,89.65,11.9,20.5,3.3,0.0,2.2,8.3,10.0,986.5,983.0,52.0,normal
2023-04-07,83.21,13.6,23.8,3.5,0.0,2.2,7.8,11.3,985.6,978.6,47.0,normal
2023-04-08,86.62,12.7,20.2,5.2,0.0,2.8,10.8,11.1,986.3,982.3,46.0,normal
2023-04-09,75.57,13.4,22.8,4.0,0.0,2.5,9.4,9.8,987.4,983.7,42.0,normal
2023-04-10,52.54,16.6,24.1,9.2,0.0,2.2,9.7,6.9,989.5,985.6,36.0,normal
2023-04-11,91.4,16.6,27.0,6.2,0.0,2.2,8.1,10.7,989.5,981.1,46.0,normal
2023-04-12,38.9,17.1,26.3,7.9,0.0,3.1,14.2,7.8,981.1,973.3,40.0,normal
2023-04-13,57.0,13.0,19.0,7.1,0.0,4.4,13.6,9.3,980.1,976.6,36.0,normal
2023-04-14,46.73,13.0,22.3,3.6,0.0,3.1,17.5,9.3,980.7,974.2,45.0,normal
2023-04-15,21.77,17.3,26.2,8.4,0.0,3.6,12.5,11.0,984.0,976.1,48.0,normal
2023-04-16,25.41,14.0,23.5,4.6,0.0,2.2,9.7,11.3,985.0,980.6,32.0,normal
2023-04-17,66.66,12.6,21.5,3.6,0.6,2.8,11.4,11.1,982.9,979.4,45.0,normal
2023-04-18,96.19,13.4,18.5,8.2,0.0,1.4,9.4,2.6,983.1,980.0,63.0,normal
2023-04-19,113.48,13.6,22.9,4.2,0.0,1.9,8.6,11.5,983.1,977.6,48.0,spike
2023-04-20,108.28,16.0,26.6,5.3,0.0,2.2,11.7,7.8,979.6,971.2,46.0,spike
2023-04-21,100.9,15.2,22.3,8.2,0.0,2.8,10.3,9.5,977.9,973.9,59.0,spike
2023-04-22,78.78,17.5,24.0,11.0,0.0,2.5,8.6,7.1,978.8,975.6,49.0,normal
2023-04-23,49.94,17.6,25.8,9.4,0.6,2.5,11.1,10.2,981.2,976.5,41.0,normal
2023-04-24,92.08,18.2,25.9,10.5,0.0,3.6,10.6,11.4,982.6,978.8,56.0,normal
2023-04-25,90.95,19.6,28.0,11.3,0.0,2.8,11.9,7.0,982.3,977.0,54.0,normal
2023-04-26,108.73,18.0,24.3,11.8,0.0,2.8,11.1,8.9,983.9,980.2,59.0,spike
2023-04-27,109.05,19.0,27.0,10.9,0.0,2.2,10.0,9.5,984.0,979.9,49.0,spike
2023-04-28,107.89,19.8,28.4,11.3,0.0,2.8,11.7,9.4,985.1,980.6,41.0,spike
2023-04-29,83.43,20.6,27.6,13.6,2.0,3.1,11.1,5.5,982.4,977.7,48.0,normal
2023-04-30,65.04,20.5,27.3,13.7,3.8,2.2,10.3,6.3,983.4,979.1,66.0,normal
2023-05-01,61.35,18.4,24.2,12.6,0.0,2.8,11.4,8.6,984.8,980.2,63.0,normal
2023-05-02,108.4,17.9,26.9,8.9,0.0,2.2,9.7,11.9,985.1,981.5,52.0,spike
2023-05-03,84.3,18.2,27.2,9.1,0.0,2.8,11.7,11.3,985.3,981.5,45.0,normal
2023-05-04,90.4,18.0,26.4,9.6,0.0,2.8,9.7,11.9,986.4,983.2,41.0,normal
2023-05-05,100.82,19.4,28.7,10.0,0.0,2.5,11.1,11.6,986.3,981.5,46.0,spike
2023-05-06,91.43,20.2,28.5,11.8,0.0,2.8,11.1,11.1,983.6,979.5,45.0,normal
2023-05-07,63.54,19.7,25.8,13.6,6.8,2.8,11.7,6.6,988.1,981.5,59.0,normal
2023-05-08,97.51,17.9,24.7,11.1,0.0,2.2,7.5,7.2,987.5,984.5,53.0,normal
2023-05-09,89.48,20.4,29.0,11.9,0.2,2.8,12.2,4.5,986.7,980.5,60.0,normal
2023-05-10,82.77,18.8,25.2,12.5,0.0,2.5,12.8,12.5,984.9,981.2,44.0,normal
2023-05-11,81.73,16.8,22.4,11.1,0.0,2.2,11.1,6.2,983.9,978.8,47.0,normal
2023-05-12,74.14,14.5,20.6,8.4,4.0,2.2,9.2,5.5,982.4,978.4,64.0,normal
2023-05-13,51.12,13.4,20.2,6.5,0.8,2.5,7.8,2.5,983.9,981.1,67.0,normal
2023-05-14,39.58,15.6,22.7,8.5,1.0,2.2,7.8,8.0,983.1,980.3,65.0,normal
2023-05-15,55.6,17.4,24.3,10.6,0.4,1.9,9.2,8.0,982.3,977.0,42.0,normal
2023-05-16,42.48,17.1,25.7,8.5,0.0,2.8,9.2,9.0,981.1,975.5,41.0,normal
2023-05-17,49.58,15.8,25.7,6.0,0.0,2.5,12.8,11.8,983.2,977.9,35.0,normal
2023-05-18,51.76,15.4,22.9,7.8,0.0,2.8,11.1,6.4,984.5,981.9,58.0,normal
2023-05-19,60.27,16.2,21.4,11.1,9.6,1.1,8.3,6.7,984.3,980.2,76.0,normal
2023-05-20,45.27,16.7,23.7,9.7,14.8,1.4,6.1,6.9,981.5,977.1,67.0,normal
2023-05-21,31.52,15.2,21.6,8.8,0.4,1.7,6.4,4.7,979.8,977.8,65.0,normal
2023-05-22,88.85,17.0,21.4,12.5,7.2,0.8,8.6,0.5,981.2,978.4,81.0,normal
2023-05-24,85.23,,,,5.8,,,,,,,normal
2023-05-25,75.88,16.0,19.6,12.5,8.4,1.4,6.9,1.0,986.0,980.6,88.0,normal
2023-05-26,65.55,18.0,25.0,11.1,0.0,2.5,8.9,12.0,987.2,984.9,61.0,normal
2023-05-27,86.42,20.5,29.4,11.6,0.0,1.7,10.3,11.6,986.0,980.9,46.0,normal
2023-05-29,95.8,19.8,26.5,13.0,0.0,2.5,10.6,11.7,981.5,977.8,48.0,normal
2023-05-30,92.53,20.0,27.4,12.7,1.0,1.1,10.8,5.4,982.5,979.9,61.0,normal
2023-05-31,88.45,18.2,24.2,12.1,0.4,1.4,8.1,4.1,982.4,980.6,65.0,normal
2023-06-01,85.37,18.8,23.4,14.1,1.4,1.4,5.8,5.3,982.2,980.0,61.0,normal
2023-06-02,86.74,18.9,26.7,11.1,1.4,1.4,10.8,9.6,981.2,978.0,63.0,normal
2023-06-03,79.36,18.6,24.3,12.8,0.2,1.4,12.5,9.0,981.4,979.6,70.0,normal
2023-06-04,67.23,19.0,26.2,11.9,0.0,1.9,11.4,7.8,982.7,980.1,61.0,normal
2023-06-05,86.65,21.1,27.7,14.5,1.4,3.1,10.6,7.9,982.6,979.8,68.0,normal
2023-06-06,87.26,21.2,28.1,14.4,0.0,2.2,8.3,6.2,982.8,979.9,58.0,normal
2023-06-07,87.16,20.3,26.3,14.3,0.0,1.9,7.2,3.9,982.6,980.1,55.0,normal
2023-06-08,81.13,21.4,27.8,15.0,0.0,2.5,9.7,7.2,980.3,976.5,56.0,normal
2023-06-09,81.67,22.8,27.7,17.8,7.0,2.2,10.0,8.0,979.4,974.5,64.0,normal
2023-06-10,80.88,22.7,29.8,15.6,23.6,2.5,15.6,9.8,981.2,977.5,69.0,normal
2023-06-11,67.2,20.8,25.8,15.9,8.0,1.7,11.4,2.5,982.4,979.4,68.0,normal
2023-06-12,93.58,21.6,28.7,14.4,0.0,2.2,10.3,9.7,980.4,976.0,49.0,normal
2023-06-13,89.72,21.4,26.9,15.8,24.8,3.1,11.1,2.4,976.6,973.5,79.0,normal
2023-06-14,84.53,22.0,28.4,15.5,0.0,2.2,7.5,7.9,982.3,976.1,63.0,normal
2023-06-15,104.88,22.2,29.6,14.7,0.0,2.2,8.6,12.6,984.8,982.0,47.0,spike
2023-06-16,122.42,23.6,31.5,15.7,0.0,1.7,8.3,10.1,985.3,981.4,45.0,spike
2023-06-17,97.49,24.2,32.4,16.1,0.6,2.5,10.6,11.5,982.9,978.9,44.0,normal
2023-06-18,86.39,24.0,29.4,18.5,0.0,1.7,7.8,4.4,982.6,978.8,55.0,normal
2023-06-19,106.72,22.4,29.7,15.2,0.0,1.7,5.8,4.6,981.7,976.4,46.0,spike
2023-06-20,111.74,24.1,31.6,16.6,0.0,2.5,7.5,4.9,981.1,976.2,50.0,spike
2023-06-21,117.06,25.8,32.4,19.2,0.0,2.5,8.9,8.2,981.1,977.3,59.0,spike
2023-06-22,122.45,26.4,32.1,20.7,0.0,3.1,9.4,10.3,989.1,979.8,44.0,spike
2023-06-23,110.36,25.6,33.1,18.0,0.0,1.9,10.0,13.6,990.0,985.7,50.0,spike
2023-06-24,82.34,25.5,33.1,17.9,0.0,2.2,11.7,13.8,987.5,982.5,49.0,normal
2023-06-25,72.27,26.8,35.6,18.0,0.0,1.9,11.7,13.7,985.8,982.1,43.0,normal
2023-06-26,93.35,27.0,34.8,19.3,0.0,2.5,9.4,10.8,985.4,982.8,45.0,normal
2023-06-27,100.52,26.8,33.1,20.6,0.0,2.2,9.7,8.5,985.2,981.8,51.0,spike
2023-06-28,103.8,,,,,1.4,,,,,55.0,spike
2023-06-29,103.83,23.5,29.9,17.1,77.2,2.2,11.9,4.4,985.1,980.5,78.0,spike
2023-06-30,96.57,22.8,28.4,17.3,0.0,2.2,8.9,5.5,984.1,980.8,60.0,normal
2023-07-01,60.34,23.2,30.8,15.5,0.0,1.1,7.5,13.4,983.9,980.0,42.0,normal
2023-07-03,117.02,24.6,30.2,19.0,0.0,2.2,10.6,10.1,983.9,982.2,55.0,spike
2023-07-04,113.03,23.2,28.3,18.2,0.2,2.5,8.3,7.4,984.1,981.4,61.0,spike
2023-07-05,106.54,23.6,27.4,19.8,0.0,2.8,10.6,5.2,985.0,982.1,67.0,spike
2023-07-06,111.94,24.6,29.5,19.8,0.8,1.4,7.8,2.9,983.4,980.4,70.0,spike
2023-07-07,102.74,25.1,32.2,18.0,0.0,1.9,9.7,6.7,983.8,980.1,58.0,spike
2023-07-08,87.93,26.8,35.5,18.0,0.0,2.8,10.6,13.5,985.2,981.5,46.0,normal
2023-07-09,91.2,27.4,36.0,18.9,0.0,2.5,9.2,12.9,987.5,984.2,47.0,normal
2023-07-10,109.92,27.8,34.9,20.8,0.0,2.5,10.0,13.1,988.1,984.3,50.0,spike
2023-07-11,106.37,28.6,35.2,22.1,0.0,2.5,9.2,11.4,985.1,979.0,49.0,spike
2023-07-12,100.35,28.2,33.6,22.7,0.0,3.1,10.3,8.0,982.6,979.9,59.0,spike
2023-07-13,102.45,,,,0.0,2.8,11.7,10.1,985.3,982.6,53.0,spike
2023-07-14,87.45,27.6,33.4,21.8,0.0,2.5,8.9,12.9,985.0,979.8,56.0,normal
2023-07-15,63.0,26.7,33.4,20.0,0.0,2.8,10.3,13.3,981.7,977.2,57.0,normal
2023-07-16,59.67,28.2,32.8,23.6,0.0,2.8,8.9,9.1,984.1,981.0,57.0,normal
2023-07-17,87.48,27.0,33.2,20.7,0.0,2.8,8.6,9.8,986.3,983.6,53.0,normal
2023-07-18,96.62,31.0,42.5,19.4,0.0,2.5,10.6,12.7,986.3,980.6,36.0,normal
2023-07-19,95.11,31.0,39.0,22.9,0.0,2.5,11.9,12.1,984.2,979.4,40.0,normal
2023-07-20,93.81,27.8,34.6,21.1,0.0,2.5,10.8,12.1,981.5,976.0,52.0,normal
2023-07-21,92.81,28.4,34.0,22.7,0.0,3.9,11.1,6.3,983.2,977.4,49.0,normal
2023-07-22,91.52,27.0,32.0,22.0,0.0,3.1,10.8,7.9,984.3,981.9,53.0,normal
2023-07-23,61.93,27.0,34.1,19.9,0.0,2.8,10.6,10.8,984.4,976.9,56.0,normal
2023-07-24,90.27,29.2,36.5,21.9,0.0,3.3,11.7,9.7,977.4,973.4,55.0,normal
2023-07-25,90.63,24.8,30.0,19.7,0.4,4.4,12.5,12.6,982.3,976.3,36.0,normal
2023-07-26,101.37,23.6,29.1,18.1,0.0,3.1,11.4,10.9,984.8,981.9,52.0,spike
2023-07-27,99.23,24.5,31.3,17.7,5.4,2.8,15.3,9.4,984.0,977.8,66.0,normal
2023-07-28,98.25,24.8,33.2,16.4,0.0,2.2,10.3,12.2,983.0,978.7,60.0,normal
2023-07-29,80.56,27.2,34.9,19.5,0.0,2.5,10.6,11.9,982.2,977.8,59.0,normal
2023-07-30,67.79,26.7,32.0,21.4,0.0,2.2,10.0,7.9,985.5,982.1,62.0,normal
2023-07-31,88.92,27.2,33.5,20.9,0.0,2.8,9.7,10.1,985.2,979.4,58.0,normal
2023-08-01,86.65,28.4,35.1,21.6,0.0,3.3,11.7,11.9,980.9,976.4,51.0,normal
2023-08-02,76.09,28.2,35.7,20.6,0.0,2.8,11.1,11.0,979.6,973.1,56.0,normal
2023-08-03,64.76,26.0,31.3,20.8,0.0,3.3,11.4,8.2,980.6,975.9,48.0,normal
2023-08-04,66.84,23.1,30.2,16.0,0.0,2.5,12.8,10.6,985.2,980.2,33.0,normal
2023-08-05,68.95,22.4,31.0,13.7,0.0,2.2,9.4,12.6,985.0,980.0,34.0,normal
2023-08-06,28.15,23.0,30.0,16.0,0.0,3.3,13.6,11.7,985.2,981.8,58.0,normal
2023-08-07,74.45,23.6,29.4,17.8,0.0,2.5,11.1,12.2,986.8,983.6,47.0,normal
2023-08-08,96.44,25.0,31.7,18.4,0.0,2.8,12.5,10.5,985.5,982.0,61.0,normal
2023-08-09,99.77,26.4,34.7,18.2,0.0,2.8,10.8,11.6,986.2,982.3,59.0,normal
2023-08-10,104.75,28.5,35.5,21.5,0.0,3.6,14.2,11.8,987.4,982.1,58.0,spike
2023-08-11,113.09,28.0,37.1,18.9,0.0,1.9,9.4,11.8,988.0,985.0,41.0,spike
2023-08-12,98.2,27.6,35.6,19.5,0.0,2.2,11.1,11.6,987.4,984.0,52.0,normal
2023-08-13,72.82,27.2,34.7,19.8,0.0,2.5,10.0,11.5,985.9,981.7,53.0,normal
2023-08-14,97.61,26.6,33.8,19.4,0.0,2.8,10.0,11.4,983.3,981.1,51.0,normal
2023-08-15,95.63,26.6,34.8,18.4,0.0,2.8,11.1,11.5,984.0,981.5,39.0,normal
2023-08-16,105.84,25.8,33.2,18.4,0.0,1.9,8.3,8.1,983.4,980.5,44.0,spike
2023-08-17,113.96,26.5,35.6,17.4,0.0,2.8,10.3,11.2,982.1,978.4,47.0,spike
2023-08-18,107.64,26.6,34.5,18.8,0.0,2.8,10.6,9.8,981.4,978.9,53.0,spike
2023-08-19,109.85,26.8,34.7,19.0,0.0,2.8,11.1,9.8,985.4,981.3,60.0,spike
2023-08-20,113.17,30.2,38.6,21.9,0.0,1.9,10.0,10.2,986.7,984.1,49.0,spike
2023-08-21,117.25,31.2,39.6,22.7,0.0,2.5,10.8,10.9,987.4,984.3,44.0,spike
2023-08-22,120.67,31.6,39.9,23.3,0.0,1.9,10.3,9.5,986.1,982.6,43.0,spike
2023-08-23,134.94,32.0,41.0,23.0,0.0,1.9,9.4,8.1,984.0,981.1,43.0,spike
2023-08-24,132.91,31.2,39.9,22.5,0.0,2.2,10.3,11.4,982.8,979.4,39.0,spike
2023-08-25,111.69,28.4,35.9,20.9,0.0,2.8,10.3,11.0,981.1,977.9,48.0,spike
2023-08-26,101.87,25.8,31.7,19.8,5.8,2.2,8.6,3.6,981.2,976.5,76.0,spike
2023-08-27,52.31,18.0,20.6,15.5,6.8,1.4,10.0,0.7,978.5,974.3,75.0,normal
2023-08-28,89.66,21.6,29.2,13.9,0.0,2.5,13.9,9.1,979.7,975.8,42.0,normal
2023-08-29,102.57,20.6,29.8,11.5,0.0,3.1,10.0,10.3,979.0,975.4,45.0,spike
2023-08-30,108.32,21.6,27.9,15.4,0.0,2.2,9.7,10.5,981.4,976.9,58.0,spike
2023-08-31,110.57,23.4,30.0,16.8,0.0,1.9,8.6,11.1,985.4,981.2,42.0,spike
2023-09-01,105.8,23.0,30.5,15.5,0.0,2.2,8.9,7.5,985.4,981.2,59.0,spike
2023-09-02,102.33,23.2,27.6,18.9,0.0,1.9,10.0,2.1,985.4,981.9,59.0,spike
2023-09-03,63.35,25.2,30.9,19.5,0.0,1.9,10.0,5.4,987.5,984.0,44.0,normal
2023-09-04,86.85,26.9,34.5,19.3,0.0,2.2,10.0,10.0,985.1,981.8,34.0,normal
2023-09-05,103.79,26.0,33.9,18.2,0.0,2.5,8.9,10.3,985.5,982.2,41.0,spike
2023-09-06,107.1,24.8,32.2,17.3,0.0,1.9,10.8,10.6,986.5,983.3,50.0,spike
2023-09-07,107.1,22.8,31.1,14.6,0.0,2.2,10.3,10.7,986.1,983.2,49.0,spike
2023-09-08,103.83,22.8,31.6,14.1,0.0,1.9,8.6,10.9,985.8,982.6,53.0,spike
2023-09-09,100.7,22.3,30.3,14.3,0.0,2.8,9.4,10.9,985.2,982.6,59.0,spike
2023-09-10,102.07,23.8,32.0,15.5,0.0,2.2,8.9,10.6,985.5,982.5,57.0,spike
2023-09-11,116.94,23.5,30.8,16.2,0.0,2.5,8.9,9.2,983.7,979.7,59.0,spike
2023-09-12,116.66,24.2,31.2,17.1,0.0,1.9,9.7,5.6,983.4,979.8,59.0,spike
2023-09-13,108.57,23.8,30.6,17.0,0.0,1.9,12.5,8.5,986.7,983.0,62.0,spike
2023-09-14,106.46,22.7,29.7,15.7,0.0,1.9,9.4,7.8,986.8,982.1,64.0,spike
2023-09-15,115.38,20.4,24.5,16.4,30.4,1.1,5.8,2.1,983.9,977.7,88.0,spike
2023-09-16,98.91,23.0,29.3,16.8,0.0,2.2,7.8,8.9,980.9,978.1,73.0,normal
2023-09-17,63.77,24.4,31.3,17.5,0.6,1.7,9.4,5.1,980.9,977.3,68.0,normal
2023-09-18,105.81,23.4,27.8,18.9,0.0,2.2,9.7,7.8,984.5,979.1,56.0,spike
2023-09-19,109.9,20.4,26.7,14.1,6.2,2.2,8.3,4.4,986.5,982.7,67.0,spike
2023-09-20,93.65,21.0,25.4,16.7,0.0,1.9,6.1,5.3,982.7,975.8,73.0,normal
2023-09-21,92.11,21.4,28.3,14.6,0.2,2.2,12.5,6.8,976.6,970.5,57.0,normal
2023-09-22,101.47,20.0,24.6,15.3,0.0,2.8,12.2,10.6,981.5,973.7,49.0,spike
2023-09-23,110.04,18.4,25.4,11.5,0.0,2.2,7.5,10.7,988.7,981.5,53.0,spike
2023-09-24,83.01,19.7,27.8,11.6,0.0,1.7,8.3,10.3,989.5,985.1,61.0,normal
2023-09-25,119.05,20.1,28.1,12.1,0.0,2.2,9.2,10.5,988.5,985.9,60.0,spike
2023-09-26,123.05,20.1,27.7,12.5,0.0,1.9,8.3,10.4,988.3,985.1,61.0,spike
2023-09-27,114.83,21.6,29.9,13.4,0.0,1.9,8.9,9.9,987.5,983.1,60.0,spike
2023-09-28,113.86,22.2,29.9,14.4,0.0,2.2,8.9,10.3,987.3,983.6,63.0,spike
2023-09-29,118.96,23.0,30.8,15.3,0.0,1.9,8.1,10.2,990.8,987.2,54.0,spike
2023-09-30,104.89,23.4,32.0,14.9,0.0,1.9,8.9,10.2,991.6,988.1,53.0,spike
2023-10-01,96.0,23.4,31.5,15.3,0.0,2.5,10.0,10.2,990.5,987.1,63.0,normal
2023-10-02,114.86,22.3,28.8,15.8,0.0,2.2,7.8,7.8,991.1,987.6,72.0,spike
2023-10-03,106.6,22.5,29.0,16.0,0.0,2.2,9.7,8.3,993.0,988.9,73.0,spike
2023-10-04,102.74,24.0,29.5,18.5,0.0,1.4,9.2,6.4,992.8,989.2,66.0,spike
2023-10-05,103.5,22.0,28.3,15.7,0.0,2.5,9.7,7.9,992.4,988.6,71.0,spike
2023-10-06,105.51,24.4,29.5,19.2,0.0,2.2,9.2,7.2,991.8,989.1,71.0,spike
2023-10-07,99.16,23.6,28.9,18.2,0.0,2.5,8.9,8.2,991.9,989.2,68.0,normal
2023-10-08,104.23,22.6,30.5,14.8,0.0,1.9,9.2,9.2,992.1,989.0,66.0,spike
2023-10-09,120.96,22.7,30.3,15.1,0.0,2.2,8.9,9.1,992.2,988.3,64.0,spike
2023-10-10,125.39,21.5,29.9,13.1,0.0,2.2,8.9,9.5,990.0,986.7,59.0,spike
2023-10-11,123.59,20.8,29.4,12.3,0.0,1.7,8.9,9.4,989.2,986.0,63.0,spike
2023-10-12,121.95,21.6,29.3,14.0,0.0,2.2,8.3,7.8,989.3,985.5,67.0,spike
2023-10-13,118.64,21.2,28.2,14.1,0.0,2.2,7.8,7.3,987.6,982.8,70.0,spike
2023-10-14,135.13,21.0,27.9,14.0,0.0,1.4,9.2,5.8,986.8,983.1,59.0,spike
2023-10-15,132.19,20.4,24.7,16.0,0.6,2.2,10.0,7.2,984.9,981.0,78.0,spike
2023-10-16,141.05,18.2,20.0,16.4,0.6,1.4,6.1,0.0,981.0,978.1,87.0,spike
2023-10-17,108.23,20.0,24.5,15.4,0.0,1.4,6.4,2.2,978.9,974.7,80.0,spike
2023-10-18,60.74,21.6,26.0,17.1,0.0,2.5,10.8,5.3,974.7,969.4,62.0,normal
2023-10-19,67.81,19.6,24.5,14.8,12.2,1.9,14.2,1.8,969.4,954.8,66.0,normal
2023-10-20,23.12,17.8,21.2,14.4,0.0,3.3,14.2,7.5,967.5,953.2,61.0,normal
2023-10-21,61.24,14.0,19.0,9.1,0.0,2.2,8.9,8.8,977.4,967.5,52.0,normal
2023-10-22,86.98,13.2,20.2,6.3,0.0,0.8,6.1,4.9,979.8,974.2,60.0,normal
2023-10-23,124.12,19.0,23.7,14.2,4.4,2.2,10.8,5.6,976.6,971.0,55.0,spike
2023-10-24,104.18,16.2,19.9,12.6,0.0,3.3,14.7,7.8,977.6,974.4,60.0,spike
2023-10-25,68.71,16.8,20.8,12.9,0.0,3.1,10.0,4.6,976.5,974.6,60.0,normal
2023-10-26,51.77,20.2,24.7,15.8,0.0,4.2,17.5,2.7,976.3,965.3,60.0,normal
2023-10-27,27.21,16.1,20.5,11.7,0.0,2.8,14.2,8.0,975.7,969.4,51.0,normal
2023-10-28,6.45,15.3,21.8,8.8,0.0,2.5,11.7,8.3,976.2,973.5,60.0,collapse
2023-10-29,11.63,16.2,24.3,8.0,0.0,1.7,8.3,7.7,974.7,972.1,62.0,collapse
2023-10-30,35.0,15.6,21.5,9.7,0.0,1.1,14.4,3.4,977.1,968.0,74.0,normal
2023-10-31,104.92,12.4,18.1,6.8,0.0,2.5,6.7,6.1,982.7,977.1,64.0,spike
2023-11-01,4.53,11.8,19.0,4.6,0.0,2.8,12.8,7.2,980.8,973.2,66.0,collapse
2023-11-02,4.42,15.3,20.4,10.2,0.0,4.2,22.2,1.6,973.2,959.7,59.0,collapse
2023-11-03,5.76,12.2,16.6,7.9,0.0,4.7,17.5,7.5,970.7,965.5,49.0,collapse
2023-11-04,1.51,14.6,21.1,8.2,0.0,1.1,14.7,3.6,970.8,958.9,58.0,collapse
2023-11-05,5.03,14.9,18.4,11.4,0.0,4.4,16.1,8.7,977.6,963.5,47.0,collapse
2023-11-06,55.15,11.8,17.8,5.7,0.0,2.2,9.2,8.7,985.4,977.4,54.0,normal
2023-11-07,97.89,8.7,15.8,1.6,0.0,3.1,9.4,8.6,988.4,985.3,58.0,normal
2023-11-08,91.46,9.0,16.9,1.1,0.4,1.9,8.3,8.5,990.7,983.3,57.0,normal
2023-11-09,71.21,10.0,15.0,5.1,0.0,1.7,10.3,1.7,983.3,979.8,78.0,normal
2023-11-10,54.35,13.8,19.0,8.5,0.0,2.8,12.5,7.1,981.0,977.2,58.0,normal
2023-11-11,8.73,13.7,19.0,8.4,0.0,0.8,7.2,5.4,980.4,977.6,69.0,collapse
2023-11-12,20.99,17.8,23.5,12.1,0.0,2.2,10.3,7.5,987.6,977.2,62.0,normal
2023-11-13,52.14,15.6,23.0,8.1,0.0,2.8,10.0,6.7,988.5,985.8,68.0,normal
2023-11-14,67.27,17.0,24.0,10.1,0.0,3.6,10.0,7.4,988.5,984.1,64.0,normal
2023-11-15,94.72,14.1,19.4,8.8,0.0,1.7,7.2,4.2,990.9,986.7,79.0,normal
2023-11-16,101.85,14.5,19.6,9.4,0.0,1.9,8.6,2.3,988.8,985.2,78.0,spike
2023-11-17,118.0,13.8,19.5,8.0,0.0,1.1,6.1,6.1,992.6,988.1,75.0,spike
2023-11-18,89.05,12.8,19.9,5.8,0.0,0.8,3.3,6.6,993.3,989.8,64.0,normal
2023-11-19,71.19,13.8,23.6,4.0,0.0,0.6,6.7,7.8,990.5,986.5,65.0,normal
2023-11-20,94.11,12.7,20.8,4.6,2.8,1.1,6.1,7.6,988.0,981.0,69.0,normal
2023-11-21,41.05,12.4,18.2,6.6,0.0,1.7,9.7,7.8,981.5,978.1,56.0,normal
2023-11-22,29.61,10.4,17.3,3.5,0.0,3.6,16.7,7.8,987.2,980.1,46.0,normal
2023-11-23,52.49,6.8,14.4,-0.8,0.0,1.7,7.5,7.8,990.4,985.9,57.0,normal
2023-11-24,66.13,7.4,13.7,1.1,0.0,2.2,6.4,4.1,986.2,977.5,65.0,normal
2023-11-25,87.81,9.2,16.1,2.4,0.0,1.4,8.1,6.1,983.3,977.3,72.0,normal
2023-11-26,117.58,10.0,14.6,5.3,0.0,0.8,4.7,1.8,984.4,981.3,71.0,spike
2023-11-27,107.85,9.0,14.3,3.8,0.0,1.4,7.8,2.9,981.9,974.1,67.0,spike
2023-11-28,108.36,10.3,16.1,4.5,0.0,2.5,6.1,5.9,975.9,972.1,69.0,spike
2023-11-29,85.0,6.7,8.8,4.6,0.4,0.6,3.9,0.0,976.0,970.5,90.0,normal
2023-11-30,98.12,13.4,21.5,5.4,0.0,2.2,10.3,4.5,970.5,964.9,68.0,normal
2023-12-01,97.97,11.4,15.5,7.3,3.0,3.3,12.8,0.0,969.0,962.5,79.0,normal
2023-12-02,81.03,8.0,13.3,2.8,0.0,1.7,11.7,7.4,984.6,969.0,63.0,normal
2023-12-03,79.92,5.3,12.0,-1.4,0.0,1.1,4.2,7.3,989.1,984.1,71.0,normal
2023-12-04,77.24,7.5,13.5,1.5,0.0,2.8,11.7,6.6,984.1,977.8,64.0,normal
2023-12-05,113.14,6.1,10.0,2.2,0.0,1.4,5.6,6.5,984.0,980.3,76.0,spike
2023-12-06,105.97,7.4,13.5,1.4,0.0,0.8,5.8,7.1,986.1,981.4,69.0,spike
2023-12-07,85.07,6.5,14.2,-1.2,1.0,0.6,10.8,6.5,986.4,978.4,67.0,normal
2023-12-08,21.78,9.0,13.5,4.5,0.2,1.9,6.4,3.9,985.1,977.1,78.0,normal
2023-12-09,35.39,8.6,15.3,1.8,0.0,2.5,9.7,6.6,987.3,984.2,70.0,normal
2023-12-10,38.9,9.0,16.2,1.8,0.0,0.8,5.6,6.9,990.3,986.7,80.0,normal
2023-12-11,74.63,10.6,15.9,5.2,0.0,1.7,6.1,4.7,986.9,983.5,77.0,normal
2023-12-12,69.56,10.6,15.9,5.2,0.0,2.5,11.7,0.0,984.8,977.0,73.0,normal
2023-12-13,57.29,11.3,14.3,8.3,0.0,3.6,16.7,1.1,979.0,973.9,57.0,normal
2023-12-14,67.26,9.2,16.7,1.6,0.0,2.8,12.8,7.2,993.1,978.8,50.0,normal
2023-12-15,74.86,7.2,14.2,0.3,0.0,1.9,8.3,7.2,1000.8,993.1,65.0,normal
2023-12-16,79.23,5.8,13.1,-1.5,0.0,0.6,3.9,6.1,1003.4,1000.3,73.0,normal
2023-12-17,76.28,6.0,14.1,-2.2,0.0,0.6,3.6,7.1,1004.2,1001.2,68.0,normal
2023-12-18,97.9,6.0,15.4,-3.5,0.0,0.8,4.2,7.2,1002.9,998.3,63.0,normal
2023-12-19,86.68,6.2,14.7,-2.3,0.0,1.1,8.3,7.2,998.4,989.1,62.0,normal
2023-12-20,60.3,4.7,11.1,-1.7,0.0,1.4,6.1,3.9,989.3,985.5,72.0,normal
2023-12-21,53.2,6.8,14.4,-0.9,0.0,2.2,11.1,5.2,989.7,986.2,67.0,normal
2023-12-22,51.77,11.3,17.9,4.7,0.0,1.9,10.8,6.8,989.4,986.0,63.0,normal
2023-12-23,46.62,7.6,13.3,1.8,0.0,1.4,7.2,5.7,991.7,988.9,70.0,normal
2023-12-24,69.17,6.0,12.5,-0.6,0.0,1.1,5.3,4.0,991.6,987.8,80.0,normal
2023-12-25,63.09,6.6,16.0,-2.9,0.0,1.1,3.1,7.2,989.5,986.0,64.0,normal
2023-12-26,93.46,6.5,16.2,-3.2,0.0,0.8,4.7,7.1,990.1,986.7,55.0,normal
2023-12-27,79.55,5.8,15.5,-3.8,0.0,0.6,2.8,7.2,991.3,987.7,55.0,normal
2023-12-28,98.19,0.9,6.0,-4.2,0.0,0.6,3.3,0.2,992.9,989.7,62.0,normal
2023-12-29,103.5,4.6,9.6,-0.5,0.0,0.8,5.0,0.8,990.5,986.3,58.0,spike
2023-12-30,68.41,6.8,16.0,-2.5,0.0,0.8,4.7,7.3,987.7,982.9,58.0,normal
2023-12-31,30.06,6.6,13.6,-0.4,0.0,2.8,10.3,3.0,983.8,978.5,68.0,normal
2024-01-01,36.24,7.2,13.6,0.8,0.0,0.6,4.2,5.2,987.1,983.4,74.0,normal
2024-01-02,40.91,5.4,12.2,-1.3,0.0,2.2,11.1,1.6,986.6,981.2,63.0,normal
2024-01-03,55.08,12.2,16.0,8.3,0.0,1.9,9.7,0.2,983.2,979.1,67.0,normal
2024-01-04,91.36,10.7,15.0,6.4,0.2,0.6,5.8,3.4,984.4,973.6,74.0,normal
2024-01-05,68.62,8.6,10.9,6.4,3.4,1.4,7.5,0.0,973.6,967.8,86.0,normal
2024-01-06,43.97,7.0,12.7,1.3,0.2,2.2,12.8,7.4,977.0,970.9,59.0,normal
2024-01-07,76.0,5.8,12.3,-0.7,0.0,2.8,13.6,7.6,978.9,976.1,43.0,normal
2024-01-08,105.51,3.4,10.6,-3.8,0.0,1.9,7.8,7.6,985.0,978.7,50.0,spike
2024-01-09,113.83,3.1,10.6,-4.4,0.0,0.8,3.6,7.0,987.5,984.7,59.0,spike
2024-01-10,100.88,3.2,5.1,1.3,3.8,0.3,3.1,0.0,986.2,982.8,81.0,spike
2024-01-11,96.97,6.1,9.0,3.2,0.2,1.1,8.3,3.2,989.9,983.1,83.0,normal
2024-01-12,97.56,3.8,7.9,-0.4,0.0,1.1,8.6,4.4,992.4,989.9,79.0,normal
2024-01-13,87.35,4.2,9.9,-1.4,0.0,0.8,5.3,5.1,991.7,985.4,73.0,normal
2024-01-14,75.13,6.2,11.7,0.7,0.0,1.4,7.8,1.3,985.4,977.7,70.0,normal
2024-01-15,87.56,8.4,14.9,1.9,0.0,1.7,11.1,1.6,978.2,973.6,82.0,normal
2024-01-16,90.12,8.8,14.2,3.5,1.2,0.8,5.0,0.6,977.7,974.0,86.0,normal
2024-01-17,26.96,12.2,16.7,7.6,0.2,0.8,10.6,2.0,974.4,963.8,85.0,normal
2024-01-18,46.84,13.8,18.1,9.5,1.2,4.2,16.1,7.6,975.0,968.3,53.0,normal
2024-01-19,70.87,9.0,11.5,6.4,10.6,1.4,10.3,0.0,980.8,974.5,90.0,normal
2024-01-20,80.53,6.2,11.9,0.6,0.0,1.1,5.8,7.6,996.8,980.8,75.0,normal
2024-01-21,64.4,4.4,11.0,-2.1,0.0,1.7,4.4,7.7,1000.1,996.8,77.0,normal
2024-01-22,67.92,5.7,12.7,-1.3,0.0,1.4,7.5,7.7,1000.0,996.0,73.0,normal
2024-01-23,78.02,7.6,15.2,0.1,0.0,1.1,4.7,6.8,1002.9,999.6,79.0,normal
2024-01-24,83.42,11.6,20.1,3.2,0.0,1.7,4.7,7.9,1002.9,999.5,73.0,normal
2024-01-25,76.8,11.4,19.9,2.9,0.0,1.1,7.8,7.8,1000.1,995.1,71.0,normal
2024-01-26,72.56,11.7,21.2,2.2,0.0,1.1,3.6,8.0,998.8,995.6,69.0,normal
2024-01-27,66.07,10.8,19.5,2.1,0.0,1.1,6.9,8.0,997.9,994.1,68.0,normal
2024-01-28,52.14,9.3,16.9,1.7,0.2,1.4,6.9,8.0,997.7,994.9,75.0,normal
2024-01-29,77.97,9.2,12.2,6.3,0.0,0.8,3.6,0.0,998.9,996.9,82.0,normal
2024-01-30,81.28,10.2,14.7,5.8,0.0,1.4,5.6,5.9,1000.5,997.5,71.0,normal
2024-01-31,84.26,9.1,14.5,3.7,0.0,1.9,4.7,4.4,1001.2,998.2,78.0,normal
2024-02-01,70.95,7.8,14.7,1.0,0.0,1.4,7.5,5.0,1000.7,996.5,74.0,normal
2024-02-02,65.32,8.1,14.1,2.1,0.0,1.7,6.4,5.6,999.3,996.6,79.0,normal
2024-02-03,60.32,10.0,18.8,1.1,0.0,0.8,5.3,8.3,998.9,995.3,68.0,normal
2024-02-04,63.1,12.0,22.6,1.3,0.0,1.4,4.7,8.6,997.4,994.0,62.0,normal
2024-02-05,80.92,11.9,22.2,1.6,0.0,1.1,6.7,8.6,996.0,990.6,57.0,normal
2024-02-06,74.03,9.0,15.5,2.4,0.0,1.1,5.8,2.9,991.8,986.7,68.0,normal
2024-02-07,50.11,9.2,16.8,1.6,0.0,1.4,11.7,8.3,987.3,982.2,67.0,normal
2024-02-08,38.67,10.2,18.0,2.4,0.2,2.2,9.7,6.4,982.3,969.0,61.0,normal
2024-02-09,40.18,12.0,14.9,9.0,5.2,0.8,7.5,1.5,969.2,953.2,81.0,normal
2024-02-10,9.47,10.2,14.1,6.4,0.8,3.3,15.8,1.9,966.5,950.5,63.0,collapse
2024-02-11,44.83,9.4,14.7,4.1,0.0,3.6,12.8,9.0,974.7,966.5,54.0,normal
2024-02-12,45.85,9.2,17.0,1.5,0.0,3.6,18.3,9.0,982.9,971.7,61.0,normal
2024-02-13,62.72,11.2,18.9,3.5,0.0,1.4,6.7,9.2,990.4,982.9,62.0,normal
2024-02-14,59.57,12.2,22.0,2.5,0.0,1.4,6.1,8.2,992.5,987.8,61.0,normal
2024-02-15,51.22,13.8,20.0,7.6,0.0,1.1,6.1,4.1,988.2,982.7,50.0,normal
2024-02-16,54.24,10.4,15.2,5.6,3.0,0.8,7.8,0.1,990.2,982.4,70.0,normal
2024-02-17,48.69,12.1,17.1,7.1,0.0,1.1,9.4,7.6,998.3,990.2,70.0,normal
2024-02-18,47.04,10.7,18.2,3.2,0.0,1.7,7.8,6.8,999.5,996.6,64.0,normal
2024-02-19,45.55,14.0,21.3,6.7,0.0,1.4,7.5,8.0,997.3,993.4,60.0,normal
2024-02-20,52.86,12.4,20.6,4.3,0.0,1.7,8.9,8.4,994.7,990.5,64.0,normal
2024-02-21,45.3,10.9,18.0,3.8,0.0,1.7,6.7,5.2,993.4,985.6,66.0,normal
2024-02-22,10.71,13.4,20.1,6.7,0.0,3.1,12.5,5.9,985.6,969.2,56.0,collapse
2024-02-23,6.72,9.6,13.8,5.5,0.0,4.7,16.7,9.1,972.6,969.2,48.0,collapse
2024-02-24,6.94,8.5,14.1,2.9,0.0,2.5,11.9,5.1,979.7,971.2,62.0,collapse
2024-02-25,3.06,7.0,12.0,2.0,0.0,1.7,8.1,1.7,979.6,966.5,73.0,collapse
2024-02-26,3.82,11.4,16.5,6.2,0.0,2.5,10.0,8.8,969.1,964.1,57.0,collapse
2024-02-27,3.66,10.8,16.7,5.0,0.0,2.5,12.2,6.1,977.0,969.1,50.0,collapse
2024-02-28,9.35,12.1,19.1,5.1,0.0,1.9,9.7,7.5,982.5,977.0,42.0,collapse
2024-02-29,4.8,9.2,17.4,1.0,10.2,3.1,9.4,9.3,982.4,974.9,53.0,collapse
2024-03-01,2.14,11.0,16.1,5.9,0.0,3.9,11.1,9.8,978.2,975.0,52.0,collapse
2024-03-02,4.16,8.6,14.9,2.4,6.2,2.5,12.2,2.5,976.1,962.9,59.0,collapse
2024-03-03,3.79,9.2,14.1,4.2,1.0,5.0,17.8,6.8,976.1,960.6,61.0,collapse
2024-03-04,7.95,7.2,14.9,-0.6,0.0,1.9,11.4,6.0,981.8,976.1,51.0,collapse
2024-03-05,33.45,8.8,16.8,0.9,0.0,1.9,12.2,10.1,987.8,981.8,55.0,normal
2024-03-06,45.97,9.0,18.1,-0.1,0.0,1.7,9.2,10.2,989.0,984.0,57.0,normal
2024-03-07,8.52,9.6,16.5,2.7,6.4,1.7,9.7,7.3,985.6,975.8,62.0,collapse
2024-03-08,1.67,,,,7.8,2.8,18.1,4.7,975.9,969.2,68.0,collapse
2024-03-09,0.59,5.7,8.6,2.8,45.2,1.7,5.0,0.0,970.8,959.2,97.0,collapse
2024-03-10,0.54,8.4,13.2,3.5,0.0,2.2,9.2,3.1,971.3,961.3,69.0,collapse
2024-03-11,14.63,9.2,16.6,1.8,0.0,3.9,14.2,10.5,984.0,971.3,64.0,collapse
2024-03-12,42.28,10.2,18.0,2.5,0.0,2.5,10.3,10.5,988.0,984.0,64.0,normal
2024-03-13,42.36,11.6,20.7,2.6,0.0,1.7,7.5,10.6,987.1,981.0,63.0,normal
2024-03-14,35.99,12.2,21.0,3.5,0.0,2.5,9.2,10.0,984.2,981.0,68.0,normal
2024-03-15,37.73,15.9,22.4,9.4,0.0,2.5,8.3,8.0,988.7,983.3,67.0,normal
2024-03-16,31.61,14.6,21.7,7.5,0.0,2.2,8.6,10.4,991.0,988.1,66.0,normal
2024-03-17,28.05,16.8,24.9,8.8,0.0,2.2,8.6,9.0,989.6,984.5,62.0,normal
2024-03-18,61.34,16.2,23.3,9.2,0.0,2.5,10.0,10.5,985.3,981.7,62.0,normal
2024-03-19,65.0,16.4,24.1,8.6,0.0,1.9,10.8,10.1,984.3,980.4,57.0,normal
2024-03-20,56.94,14.3,21.0,7.6,0.0,2.2,9.2,8.4,988.7,983.1,62.0,normal
2024-03-21,35.9,15.3,23.4,7.2,0.0,2.5,10.6,10.3,990.9,988.3,64.0,normal
2024-03-22,22.4,17.4,26.2,8.7,0.0,2.8,10.8,10.7,988.7,983.0,58.0,normal
2024-03-23,2.01,16.4,24.0,8.8,0.0,2.8,10.6,10.7,986.3,982.4,65.0,collapse
2024-03-24,6.69,13.0,18.6,7.4,0.2,2.8,12.2,8.6,983.9,977.5,67.0,collapse
2024-03-25,23.75,11.0,12.3,9.6,8.4,1.7,5.3,0.0,977.7,960.9,88.0,normal
2024-03-26,2.36,10.1,13.2,7.0,0.6,3.1,11.7,0.0,960.9,956.1,68.0,collapse
2024-03-27,0.76,9.0,14.8,3.1,0.0,2.8,13.9,6.1,963.2,958.8,58.0,collapse
2024-03-28,0.66,16.4,20.6,12.1,0.0,2.8,13.9,7.3,970.1,960.1,47.0,collapse
2024-03-29,4.05,16.6,22.0,11.2,0.0,2.2,10.8,7.1,968.9,962.4,57.0,collapse
2024-03-30,4.52,12.5,16.6,8.4,17.6,2.5,9.7,6.9,964.5,962.0,60.0,collapse
2024-03-31,0.83,11.8,14.8,8.9,2.8,1.4,11.1,0.6,968.9,961.6,78.0,collapse
2024-04-01,2.76,11.6,17.0,6.2,0.0,3.9,13.1,10.8,982.8,968.9,55.0,collapse
2024-04-02,9.85,11.9,19.7,4.1,0.0,2.5,8.6,8.3,986.7,981.7,54.0,collapse
2024-04-03,9.03,13.3,21.4,5.2,0.0,2.5,8.6,9.4,986.5,981.3,54.0,collapse
2024-04-04,4.0,15.3,24.7,5.9,0.0,1.9,9.2,10.5,986.5,982.9,54.0,collapse
2024-04-05,0.44,16.0,23.5,8.5,0.0,2.2,8.9,5.8,987.2,984.3,50.0,collapse
2024-04-06,0.74,16.4,26.0,6.7,0.0,2.2,10.3,9.2,987.2,983.7,50.0,collapse
2024-04-07,4.05,17.5,22.5,12.5,0.0,1.1,5.6,0.0,986.1,979.8,60.0,collapse
2024-04-08,0.52,18.8,26.0,11.7,0.0,1.9,13.6,4.1,980.8,973.1,56.0,collapse
2024-04-09,1.29,12.4,18.3,6.4,1.4,1.9,13.3,7.8,993.5,978.8,56.0,collapse
2024-04-10,4.31,12.2,20.9,3.5,0.0,2.8,9.4,11.7,993.4,988.5,49.0,collapse
2024-04-11,12.03,14.3,23.9,4.7,0.0,1.4,10.6,11.5,997.0,992.5,48.0,collapse
2024-04-12,19.94,16.9,27.6,6.2,0.0,1.9,9.7,11.3,997.6,993.5,45.0,collapse
2024-04-13,9.17,19.0,30.3,7.7,0.0,1.7,10.8,11.4,995.2,990.3,40.0,collapse
2024-04-14,5.6,18.7,29.6,7.8,0.0,1.9,10.0,11.3,992.6,986.2,39.0,collapse
2024-04-15,3.48,18.2,27.5,9.0,0.0,2.2,8.3,8.5,987.2,981.5,41.0,collapse
2024-04-16,1.37,16.8,23.8,9.8,0.0,3.1,12.5,11.4,983.5,976.7,52.0,collapse
2024-04-17,3.26,13.8,20.8,6.7,0.0,3.1,11.7,10.6,981.6,977.7,57.0,collapse
2024-04-18,4.54,14.4,21.1,7.6,0.0,3.1,13.6,10.3,987.8,978.6,49.0,collapse
2024-04-19,15.18,12.3,22.0,2.6,0.0,2.2,8.9,11.3,989.5,982.7,49.0,collapse
2024-04-20,5.66,13.7,22.3,5.1,0.0,2.8,10.8,11.5,983.7,979.9,55.0,collapse
2024-04-21,2.17,13.7,20.4,7.0,5.4,2.2,13.3,8.0,983.7,978.6,65.0,collapse
2024-04-22,1.9,11.1,16.6,5.6,0.8,1.7,11.4,5.4,982.9,978.9,70.0,collapse
2024-04-23,5.84,9.4,15.0,3.9,0.0,1.9,10.6,7.3,982.3,977.1,51.0,collapse
2024-04-24,18.57,10.2,20.3,0.2,0.0,2.2,9.7,11.6,982.2,976.9,46.0,collapse
2024-04-25,41.44,11.7,16.1,7.3,0.0,1.9,9.7,2.3,978.8,973.4,65.0,normal
2024-04-26,57.49,13.6,20.1,7.2,0.0,2.8,10.3,7.2,974.1,971.4,64.0,normal
2024-04-27,25.02,16.1,19.4,12.8,2.4,2.8,11.4,1.1,974.4,969.6,68.0,normal
2024-04-28,28.72,13.4,15.3,11.4,5.0,1.1,5.0,0.0,981.8,974.4,89.0,normal
2024-04-29,58.27,12.7,14.1,11.3,48.2,2.2,9.4,0.0,981.8,979.0,93.0,normal
2024-04-30,53.44,14.7,18.2,11.2,1.0,1.1,5.3,0.7,980.3,974.6,84.0,normal
2024-05-01,12.53,14.2,19.0,9.5,0.0,3.3,13.1,6.7,974.6,970.0,60.0,collapse
2024-05-02,15.6,13.2,19.5,6.8,0.0,4.2,15.3,11.7,982.9,973.6,42.0,collapse
2024-05-03,26.11,12.4,20.7,4.0,0.0,3.3,13.3,12.1,985.2,981.6,46.0,normal
2024-05-04,14.8,16.4,25.3,7.4,0.0,2.8,9.7,11.1,983.3,979.3,51.0,collapse
2024-05-05,17.53,17.9,26.0,9.8,0.0,2.2,9.2,8.4,981.8,975.9,52.0,collapse
2024-05-06,47.81,18.2,23.0,13.3,0.0,3.3,12.5,6.0,982.5,975.6,64.0,normal
2024-05-07,42.04,16.4,22.8,10.0,0.2,2.8,9.2,8.7,986.4,981.2,55.0,normal
2024-05-08,21.25,16.4,25.7,7.1,0.0,2.2,9.4,11.1,987.3,983.8,48.0,normal
2024-05-09,33.54,16.4,25.4,7.5,0.0,1.9,9.7,12.7,986.9,983.3,44.0,normal
2024-05-10,28.95,17.4,26.1,8.7,0.0,2.2,10.6,12.7,986.1,982.6,44.0,normal
2024-05-11,20.59,17.3,26.1,8.5,0.0,2.5,10.0,12.6,985.0,982.2,44.0,normal
2024-05-12,21.53,18.2,26.3,10.2,0.0,2.2,8.6,6.9,984.1,980.6,45.0,normal
2024-05-13,23.34,18.9,26.7,11.1,0.4,2.5,11.7,9.9,982.3,973.8,48.0,normal
2024-05-14,8.14,17.6,21.7,13.4,37.2,1.7,7.8,4.1,973.8,970.2,71.0,collapse
2024-05-15,14.21,16.2,20.3,12.1,0.0,1.7,7.2,4.2,974.5,971.7,63.0,collapse
2024-05-16,32.35,14.0,18.9,9.0,6.2,1.9,9.2,7.4,976.3,973.0,67.0,normal
2024-05-17,53.42,15.2,21.7,8.8,5.6,1.9,10.8,8.2,977.2,974.4,67.0,normal
2024-05-18,32.99,16.2,20.7,11.8,3.4,2.5,10.3,6.0,979.3,976.4,73.0,normal
2024-05-19,26.6,16.8,23.7,9.8,0.0,2.2,9.7,8.5,978.7,974.5,70.0,normal
2024-05-20,32.72,18.3,23.2,13.4,0.0,2.2,9.7,10.3,977.8,974.6,52.0,normal
2024-05-21,46.09,17.0,24.2,9.9,0.0,2.8,11.1,12.1,981.7,977.6,50.0,normal
2024-05-22,44.76,17.2,22.0,12.5,1.6,3.1,10.8,8.2,983.3,981.1,64.0,normal
2024-05-23,60.45,16.8,22.4,11.1,0.4,2.5,9.7,8.4,985.4,982.8,66.0,normal
2024-05-24,71.67,17.4,22.9,11.8,21.8,2.2,9.7,4.9,985.1,982.4,65.0,normal
2024-05-25,43.71,17.9,25.1,10.7,0.0,2.5,9.7,8.0,984.9,981.5,66.0,normal
2024-05-26,25.42,19.2,27.1,11.2,0.0,2.8,9.4,12.5,985.1,981.5,62.0,normal
2024-05-27,30.84,20.0,25.9,14.1,0.0,2.2,9.2,10.1,986.3,982.6,64.0,normal
2024-05-28,27.47,21.4,27.1,15.8,0.0,2.5,10.6,13.4,986.8,983.3,54.0,normal
2024-05-29,38.86,20.8,28.6,13.1,0.0,2.5,11.9,11.7,985.1,980.3,59.0,normal
2024-05-30,24.37,22.3,30.3,14.3,0.0,3.3,11.7,10.0,980.7,974.3,56.0,normal
2024-05-31,2.69,20.2,25.4,14.9,1.2,2.8,10.8,10.0,982.0,978.2,50.0,collapse
2024-06-01,1.76,18.8,24.1,13.4,6.4,2.5,9.4,8.4,985.5,980.8,62.0,collapse
2024-06-02,4.26,18.8,25.4,12.1,0.0,2.2,10.3,10.4,985.2,982.4,57.0,collapse
2024-06-03,28.56,20.4,28.0,12.8,2.4,3.3,13.6,11.6,985.1,980.0,51.0,normal
2024-06-04,87.64,20.4,26.9,13.9,0.0,2.5,10.8,10.3,983.1,979.1,61.0,normal
2024-06-05,93.26,21.2,29.3,13.1,0.0,3.1,12.5,12.9,984.3,981.1,58.0,normal
2024-06-06,93.42,23.0,31.7,14.3,0.0,2.2,9.2,13.3,984.9,982.1,43.0,normal
2024-06-07,79.13,23.5,32.8,14.2,0.0,2.5,10.0,11.9,985.5,981.7,37.0,normal
2024-06-08,71.42,24.4,30.9,18.0,0.0,1.7,7.8,4.6,981.9,971.9,53.0,normal
2024-06-09,16.43,22.0,27.1,16.8,3.4,1.4,10.3,3.4,977.0,971.1,71.0,collapse
2024-06-10,44.61,19.1,22.7,15.5,2.6,2.2,10.6,1.9,980.4,976.7,67.0,normal
2024-06-11,65.48,15.9,17.2,14.6,10.8,1.4,5.0,0.0,983.4,979.4,89.0,normal
2024-06-12,55.15,17.2,21.6,12.8,7.6,2.5,11.7,3.2,986.9,982.0,77.0,normal
2024-06-13,65.22,18.5,25.0,12.0,0.2,2.5,9.7,11.7,987.2,982.8,61.0,normal
2024-06-14,43.74,21.0,28.9,13.2,0.0,3.1,11.7,12.4,984.0,977.6,62.0,normal
2024-06-15,19.69,20.1,25.9,14.3,0.0,2.5,11.9,11.5,982.5,977.8,60.0,collapse
2024-06-16,16.12,20.1,26.8,13.4,0.0,2.2,10.3,13.2,982.1,978.4,57.0,collapse
2024-06-17,29.27,22.5,30.4,14.6,0.0,3.1,11.4,10.2,981.5,978.2,64.0,normal
2024-06-18,56.71,23.6,31.7,15.6,0.0,2.8,10.0,13.8,981.3,976.5,50.0,normal
2024-06-19,76.33,23.0,29.5,16.4,3.0,2.8,13.3,9.2,982.6,977.2,64.0,normal
2024-06-20,90.6,21.4,25.8,17.1,0.0,2.2,10.6,3.3,983.7,979.6,73.0,normal
2024-06-21,85.92,22.2,29.1,15.3,0.0,2.8,10.0,13.1,986.9,983.1,53.0,normal
2024-06-22,42.91,22.2,29.4,14.9,0.0,3.1,11.4,6.2,986.7,981.9,58.0,normal
2024-06-23,26.76,22.0,27.3,16.6,0.0,2.8,12.2,10.8,983.7,979.7,57.0,normal
2024-06-24,41.15,23.2,29.1,17.2,0.0,1.9,8.1,9.2,982.6,978.2,55.0,normal
2024-06-25,70.07,24.4,30.7,18.0,0.0,3.3,11.7,13.7,980.0,976.4,50.0,normal
2024-06-26,97.17,24.0,32.1,15.9,0.0,2.2,11.1,12.0,980.3,976.8,47.0,normal
2024-06-27,89.1,25.0,32.6,17.3,0.0,2.8,11.9,11.9,982.0,979.0,46.0,normal
2024-06-28,82.04,25.8,33.9,17.8,0.0,1.9,9.7,12.6,982.1,978.9,38.0,normal
2024-06-29,50.54,22.0,28.7,15.3,10.8,1.7,18.9,7.3,980.1,976.1,57.0,normal
2024-06-30,57.94,23.6,29.6,17.5,2.0,2.8,10.0,9.7,983.8,979.3,64.0,normal
2024-07-01,53.22,20.7,24.6,16.8,0.0,1.4,6.7,2.9,984.8,981.5,75.0,normal
2024-07-02,46.97,22.8,29.6,16.1,0.0,2.8,10.6,13.1,984.6,980.1,52.0,normal
2024-07-03,61.71,23.1,29.2,17.0,0.0,2.2,10.8,9.8,981.7,977.9,53.0,normal
2024-07-04,51.85,22.7,29.3,16.1,0.0,2.5,10.3,12.6,983.2,980.2,59.0,normal
2024-07-05,59.88,24.6,31.5,17.6,0.2,3.1,10.8,12.0,983.0,977.3,55.0,normal
2024-07-07,34.71,22.6,28.7,16.6,0.0,2.5,8.3,8.5,982.9,978.9,61.0,normal
2024-07-08,73.19,24.0,31.1,16.9,0.0,2.8,10.8,13.2,983.5,980.1,61.0,normal
2024-07-09,69.55,25.2,32.8,17.6,0.0,1.9,10.0,12.4,983.2,980.2,53.0,normal
2024-07-10,87.61,26.2,34.4,18.0,0.0,2.8,10.0,13.4,984.2,981.0,54.0,normal
2024-07-11,85.53,27.4,34.4,20.5,0.0,2.2,10.0,13.6,984.5,979.7,49.0,normal
2024-07-12,58.78,25.2,31.0,19.5,0.0,2.8,10.8,9.3,981.2,978.4,58.0,normal
2024-07-13,51.38,24.1,28.2,20.0,0.0,2.8,9.7,5.7,981.5,978.1,56.0,normal
2024-07-14,52.28,25.0,33.0,17.0,0.0,2.8,10.8,11.4,980.2,976.6,62.0,normal
2024-07-15,53.95,27.0,34.5,19.4,0.0,2.8,10.0,12.6,980.7,976.7,60.0,normal
2024-07-16,87.24,26.6,32.1,21.0,0.0,3.3,11.1,8.5,984.5,980.4,62.0,normal
2024-07-17,94.42,25.9,33.8,18.0,0.0,2.2,10.6,12.8,986.0,982.7,52.0,normal
2024-07-18,101.37,26.8,35.3,18.4,0.0,2.8,11.7,12.7,985.5,983.2,49.0,spike
2024-07-19,97.78,29.6,37.6,21.7,0.0,2.8,13.3,11.4,985.1,980.6,42.0,normal
2024-07-20,51.47,27.8,35.9,19.6,0.0,2.8,11.7,11.6,981.7,972.6,49.0,normal
2024-07-21,30.41,26.4,31.9,20.9,0.0,3.1,10.8,10.5,983.8,972.8,38.0,normal
2024-07-22,79.53,25.7,34.3,17.1,0.0,2.5,9.2,13.1,986.3,982.6,36.0,normal
2024-07-23,91.73,26.4,35.9,16.9,0.0,2.2,10.3,13.1,987.3,983.4,42.0,normal
2024-07-24,94.88,27.8,35.8,19.7,0.0,2.8,11.7,12.8,985.8,980.3,45.0,normal
2024-07-25,89.26,26.6,34.5,18.8,0.0,3.1,11.1,12.9,981.9,976.7,50.0,normal
2024-07-26,94.9,27.1,34.9,19.3,0.0,2.2,10.3,12.7,980.7,977.5,46.0,normal
2024-07-27,76.97,27.0,35.5,18.6,0.0,2.5,10.6,12.6,984.0,980.0,44.0,normal
2024-07-28,63.33,27.2,35.5,18.8,0.0,2.5,10.0,12.5,985.8,983.9,38.0,normal
2024-07-29,108.78,28.4,38.5,18.2,0.0,2.8,10.0,12.6,986.1,981.7,33.0,spike
2024-07-30,99.71,30.5,41.4,19.6,0.0,3.1,10.6,10.2,984.6,980.0,27.0,normal
2024-07-31,105.34,29.6,40.2,19.1,0.0,2.2,9.7,12.6,982.5,977.5,24.0,spike
2024-08-01,107.32,29.4,38.2,20.6,0.0,2.5,10.8,12.6,981.0,976.7,37.0,spike
2024-08-02,93.5,27.7,37.0,18.4,44.0,2.5,13.9,9.2,980.9,974.3,64.0,normal
2024-08-03,77.65,25.4,33.8,16.9,0.0,2.2,9.7,12.6,981.7,978.1,55.0,normal
2024-08-04,75.48,26.8,34.1,19.6,0.0,1.9,10.6,12.5,982.6,978.8,56.0,normal
2024-08-05,109.82,26.8,34.1,19.5,0.0,2.5,11.4,12.4,981.0,977.3,59.0,spike
2024-08-06,105.56,27.2,34.7,19.7,0.0,2.2,9.4,11.7,979.6,976.4,55.0,spike
2024-08-07,97.43,26.7,33.1,20.3,0.0,2.5,10.0,10.9,981.9,978.4,53.0,normal
2024-08-08,101.19,27.2,35.0,19.5,0.0,3.1,10.8,11.6,984.1,980.8,57.0,spike
2024-08-09,102.32,27.6,35.2,19.9,0.0,2.5,11.7,11.6,986.0,983.6,52.0,spike
2024-08-10,71.36,27.9,35.5,20.3,0.0,2.8,10.3,11.7,986.3,983.6,51.0,normal
2024-08-11,69.22,27.8,34.7,20.9,0.0,2.8,10.0,11.7,984.5,980.1,56.0,normal
2024-08-12,105.81,27.8,34.8,20.8,0.0,2.8,10.8,10.7,981.1,977.6,62.0,spike
2024-08-13,106.37,26.8,33.1,20.6,0.0,1.7,11.1,6.3,979.1,975.6,58.0,spike
2024-08-14,89.05,23.8,29.0,18.5,5.2,1.4,12.8,4.0,982.9,977.3,67.0,normal
2024-08-15,44.29,23.5,29.0,18.0,1.2,1.4,10.3,3.9,984.2,982.2,64.0,normal
2024-08-16,88.23,24.2,30.6,17.9,0.2,2.2,10.0,5.7,984.1,981.2,59.0,normal
2024-08-17,83.21,26.1,33.1,19.1,0.4,2.2,8.9,10.8,983.3,978.0,54.0,normal
2024-08-18,55.6,25.8,31.5,20.0,0.0,2.2,12.8,7.4,981.1,977.7,70.0,normal
2024-08-19,93.72,24.9,32.1,17.7,0.0,2.2,9.2,11.0,981.1,977.5,51.0,normal
2024-08-20,95.62,25.9,34.0,17.8,0.0,1.7,9.7,10.8,983.3,978.2,50.0,normal
2024-08-21,79.06,25.6,33.6,17.7,0.0,2.2,8.9,10.4,985.0,980.8,60.0,normal
2024-08-22,109.4,26.6,33.6,19.6,0.0,2.2,11.1,10.8,982.9,978.2,65.0,spike
2024-08-23,107.09,27.6,35.1,20.2,0.0,2.2,11.9,8.6,982.6,980.1,61.0,spike
2024-08-24,60.32,27.0,34.5,19.6,0.0,2.8,10.0,10.9,983.6,979.3,57.0,normal
2024-08-25,31.2,25.4,30.2,20.5,1.0,2.8,10.0,5.1,985.3,982.8,62.0,normal
2024-08-26,94.19,25.8,33.2,18.3,0.0,2.2,10.8,9.4,985.0,980.8,61.0,normal
2024-08-27,107.71,27.0,32.7,21.3,0.0,2.2,10.3,10.9,983.4,979.3,61.0,spike
2024-08-28,108.43,26.1,32.3,19.9,0.0,2.8,11.7,11.0,983.7,981.1,63.0,spike
2024-08-29,120.37,26.7,33.7,19.7,0.0,1.9,10.3,10.4,985.2,981.5,57.0,spike
2024-08-30,115.57,24.8,32.6,17.1,0.0,2.2,9.2,9.6,984.8,981.1,54.0,spike
2024-08-31,116.61,25.6,32.3,19.0,1.2,2.5,8.6,6.1,984.2,981.0,53.0,spike
2024-09-01,99.64,24.1,30.0,18.2,4.0,1.9,8.6,6.3,982.9,979.0,67.0,normal
2024-09-02,116.66,24.6,33.0,16.3,0.0,1.9,10.0,8.6,981.7,977.9,56.0,spike
2024-09-03,108.44,19.7,22.0,17.4,19.0,1.9,8.6,1.1,984.5,979.2,82.0,spike
2024-09-04,95.41,18.9,22.1,15.7,25.8,1.1,9.7,0.1,982.6,977.7,88.0,normal
2024-09-05,104.28,19.2,24.5,14.0,0.2,1.4,7.5,8.6,979.0,976.1,58.0,spike
2024-09-06,86.72,21.8,26.7,16.9,2.2,1.4,10.0,3.3,977.0,973.9,77.0,normal
2024-09-07,79.01,24.2,29.9,18.6,3.2,1.4,7.8,7.6,978.8,974.4,58.0,normal
2024-09-08,67.76,22.0,27.8,16.2,1.0,2.2,10.6,7.1,979.7,974.9,65.0,normal
2024-09-09,86.54,21.1,28.1,14.1,0.0,2.2,8.6,10.8,983.5,979.7,52.0,normal
2024-09-10,75.21,20.6,27.7,13.5,0.0,1.9,7.5,10.7,984.2,980.6,61.0,normal
2024-09-11,76.74,19.6,25.8,13.3,0.0,1.1,9.2,9.3,983.2,979.6,55.0,normal
2024-09-12,72.21,18.8,24.2,13.3,0.0,3.1,11.4,1.6,982.3,976.9,66.0,normal
2024-09-13,47.11,16.9,24.1,9.7,0.0,1.9,8.3,10.8,990.3,982.3,51.0,normal
2024-09-14,45.61,16.0,25.2,6.9,0.0,1.4,6.9,10.8,990.5,985.8,46.0,normal
2024-09-15,32.52,17.4,27.5,7.4,0.0,1.4,6.4,10.8,986.8,981.9,42.0,normal
2024-09-16,27.19,18.4,28.1,8.8,0.0,1.4,6.4,9.5,984.0,979.3,47.0,normal
2024-09-17,25.7,18.2,25.7,10.7,4.6,1.9,9.4,6.4,983.2,978.3,57.0,normal
2024-09-18,90.92,17.9,21.9,13.9,0.0,1.9,8.3,4.0,983.6,981.7,71.0,normal
2024-09-19,106.98,19.0,24.4,13.6,0.0,2.2,10.3,7.6,983.4,980.4,70.0,spike
2024-09-20,107.69,16.8,19.5,14.0,4.2,0.6,3.3,0.2,984.8,982.6,85.0,spike
2024-09-21,85.39,18.6,21.2,15.9,5.8,0.8,4.7,0.8,984.4,982.0,88.0,normal
2024-09-22,69.91,19.2,23.0,15.3,0.4,1.1,3.9,1.9,982.5,979.0,83.0,normal
2024-09-23,90.03,19.4,25.0,13.7,0.0,1.9,9.7,8.2,981.2,978.6,60.0,normal
2024-09-24,95.81,19.6,26.2,13.0,0.0,1.9,8.9,8.5,980.9,976.7,55.0,normal
2024-09-25,57.23,19.4,26.9,11.8,0.0,1.7,11.7,8.5,981.3,977.0,59.0,normal
2024-09-26,24.18,23.1,30.7,15.5,0.0,2.8,13.1,9.2,977.1,972.9,56.0,normal
2024-09-27,25.61,19.2,24.6,13.7,0.0,2.5,13.9,10.0,984.0,976.4,43.0,normal
2024-09-28,46.81,15.6,23.3,8.0,0.0,2.2,7.8,10.2,991.1,984.0,54.0,normal
2024-09-29,43.56,17.1,25.7,8.5,0.0,2.5,10.3,10.3,991.0,986.3,57.0,normal
2024-09-30,87.85,19.2,28.2,10.1,0.0,2.2,7.8,10.1,988.3,984.1,67.0,normal
2024-10-01,97.9,22.0,28.0,15.9,0.0,2.2,8.3,5.9,985.6,977.6,69.0,normal
2024-10-02,93.59,19.9,24.6,15.2,20.6,1.9,8.3,0.7,978.4,971.1,78.0,normal
2024-10-03,57.92,17.7,22.3,13.1,0.0,1.9,9.4,9.9,978.5,971.1,64.0,normal
2024-10-04,98.98,15.0,22.0,8.1,0.0,2.2,6.7,9.8,981.1,978.0,62.0,normal
2024-10-05,60.4,15.7,23.1,8.3,0.0,1.1,6.7,9.3,981.4,977.2,63.0,normal
2024-10-06,21.96,19.5,26.8,12.2,0.0,1.9,9.7,5.6,977.8,975.2,61.0,normal
2024-10-07,55.46,19.7,24.8,14.6,6.6,1.4,20.6,2.4,976.1,971.6,75.0,normal
2024-10-08,31.37,17.9,22.4,13.4,0.0,3.3,13.1,7.9,976.5,970.0,63.0,normal
2024-10-09,24.52,19.6,26.0,13.2,0.2,2.8,11.7,7.6,975.6,965.4,62.0,normal
2024-10-10,76.18,17.5,22.9,12.1,0.0,2.5,11.7,9.0,980.5,968.1,60.0,normal
2024-10-11,90.66,15.4,22.6,8.2,0.0,1.4,8.6,7.1,983.4,980.3,69.0,normal
2024-10-12,69.86,15.8,20.8,10.8,0.2,1.1,3.6,1.3,983.9,979.8,80.0,normal
2024-10-13,52.75,18.7,25.7,11.7,0.0,1.9,8.3,7.7,986.0,983.4,76.0,normal
2024-10-14,104.17,20.1,24.8,15.4,0.0,1.4,6.4,2.6,985.4,982.4,79.0,spike
2024-10-15,87.23,19.2,23.2,15.1,0.0,1.4,8.1,1.8,983.4,977.2,84.0,normal
2024-10-16,48.84,19.8,24.5,15.2,0.0,1.9,8.1,2.5,979.6,976.2,76.0,normal
2024-10-17,51.25,15.6,18.5,12.8,39.6,1.1,10.6,1.6,980.6,975.1,83.0,normal
2024-10-18,51.99,13.2,16.8,9.7,0.2,1.1,8.1,1.0,985.3,980.5,72.0,normal
2024-10-19,48.71,14.2,21.4,7.1,0.0,1.1,5.0,8.8,987.1,983.4,68.0,normal
2024-10-20,44.66,16.0,24.0,8.0,0.0,1.7,5.0,9.0,991.7,986.5,65.0,normal
2024-10-21,93.63,17.0,24.3,9.8,0.0,1.4,6.4,8.0,992.5,989.5,72.0,normal
2024-10-22,80.18,17.4,22.8,11.9,0.0,1.7,6.9,7.1,994.6,991.6,77.0,normal
2024-10-23,87.23,18.1,23.4,12.8,0.0,1.7,7.5,6.2,994.9,991.1,75.0,normal
2024-10-24,70.19,16.6,22.0,11.2,0.2,1.4,8.3,6.1,991.9,987.3,78.0,normal
2024-10-25,63.8,15.6,19.6,11.7,42.2,0.8,13.6,0.7,987.3,982.3,86.0,normal
2024-10-26,49.61,12.6,15.2,9.9,13.4,1.4,7.8,0.0,983.2,977.3,90.0,normal
2024-10-27,76.62,13.6,17.4,9.8,0.8,1.1,3.9,2.5,988.6,981.4,84.0,normal
2024-10-28,76.04,16.0,20.4,11.5,0.6,0.8,5.8,0.4,990.0,986.9,85.0,normal
2024-10-29,73.4,17.7,22.7,12.7,0.0,1.7,8.1,4.7,990.5,987.1,77.0,normal
2024-10-30,83.49,17.2,20.0,14.5,35.2,1.1,6.1,0.5,988.0,985.0,88.0,normal
2024-10-31,101.17,18.0,23.1,12.9,0.2,1.4,6.7,5.0,989.2,987.5,78.0,spike
2024-11-01,81.61,14.8,19.2,10.4,0.2,0.6,3.6,2.1,989.7,987.2,85.0,normal
2024-11-02,91.94,15.0,19.5,10.5,0.2,0.6,6.9,1.5,990.2,985.5,81.0,normal
2024-11-03,72.57,14.2,19.4,9.1,24.0,0.6,4.2,3.2,991.9,989.2,87.0,normal
2024-11-04,108.88,16.5,19.0,14.0,16.4,1.4,6.1,3.5,991.2,988.8,88.0,spike
2024-11-05,117.05,17.8,22.5,13.2,0.0,1.1,5.8,5.2,990.4,987.7,86.0,spike
2024-11-06,116.83,17.2,21.6,12.9,26.4,1.1,8.6,4.5,992.8,990.0,83.0,spike
2024-11-07,111.83,15.4,19.0,11.7,0.2,0.8,3.6,2.1,991.9,989.2,83.0,spike
2024-11-08,117.49,14.2,19.7,8.7,0.0,1.1,4.2,6.9,989.9,986.8,81.0,spike
2024-11-09,110.46,14.4,18.4,10.5,0.2,1.1,5.6,4.2,989.8,987.4,84.0,spike
2024-11-10,90.9,12.8,16.8,8.7,0.0,1.1,6.4,5.0,990.4,988.1,84.0,normal
2024-11-11,77.91,13.2,19.2,7.1,0.0,1.1,6.9,6.6,991.4,988.1,80.0,normal
2024-11-12,63.7,9.6,12.4,6.9,0.8,1.7,7.8,0.3,988.9,981.7,80.0,normal
2024-11-13,105.62,11.2,15.2,7.3,0.2,1.9,9.4,0.8,987.9,983.6,83.0,spike
2024-11-14,118.62,11.8,18.4,5.3,0.0,1.4,6.1,7.9,989.0,985.5,79.0,spike
2024-11-15,124.55,13.3,16.4,10.2,0.0,1.9,5.3,2.5,989.8,987.5,78.0,spike
2024-11-16,112.16,12.6,18.0,7.1,0.2,1.4,4.4,3.6,989.1,985.4,81.0,spike
2024-11-17,114.02,12.1,17.0,7.2,0.0,0.8,6.4,5.2,986.4,983.3,87.0,spike
2024-11-18,136.37,9.4,12.4,6.3,0.0,0.8,3.6,0.6,986.1,983.2,91.0,spike
2024-11-19,133.49,13.2,18.5,8.0,0.0,1.1,5.8,6.9,983.5,979.3,80.0,spike
2024-11-20,95.79,13.0,17.6,8.5,0.0,4.4,14.2,6.6,979.5,975.9,67.0,normal
2024-11-21,77.92,11.0,16.1,5.9,0.0,2.8,14.4,2.8,979.4,969.6,71.0,normal
2024-11-22,119.52,10.6,15.0,6.3,0.0,2.2,15.3,7.7,990.4,969.4,57.0,spike
2024-11-23,78.19,11.1,17.2,5.0,1.4,1.4,5.6,5.9,992.2,989.6,73.0,normal
2024-11-24,10.71,12.8,16.3,9.4,1.8,0.8,3.6,2.8,993.3,989.3,94.0,collapse
2024-11-25,81.73,13.2,17.3,9.1,0.0,1.1,6.7,1.0,989.3,982.0,88.0,normal
2024-11-26,143.25,11.2,15.9,6.5,0.0,0.6,6.1,7.2,990.2,985.6,76.0,spike
2024-11-27,136.45,9.6,15.3,3.8,0.0,0.6,4.7,7.6,992.5,988.8,79.0,spike
2024-11-28,132.19,8.8,16.4,1.3,0.2,1.1,2.8,7.6,993.1,989.7,75.0,spike
2024-11-29,127.16,9.6,17.6,1.6,0.0,0.8,3.3,7.5,992.8,988.8,74.0,spike
2024-11-30,124.01,9.3,16.5,2.1,0.0,0.6,3.3,7.5,994.9,991.4,82.0,spike
2024-12-01,126.52,9.2,13.1,5.4,0.0,1.4,4.7,1.7,992.5,989.5,87.0,spike
2024-12-02,143.21,10.3,15.4,5.2,0.0,1.1,9.7,3.1,990.1,985.8,83.0,spike
2024-12-03,140.43,8.6,12.3,5.0,0.2,1.1,6.1,2.8,987.4,984.2,81.0,spike
2024-12-04,133.37,7.8,11.9,3.6,0.0,1.4,7.8,5.1,992.6,983.3,83.0,spike
2024-12-05,135.26,7.2,12.4,2.1,0.0,1.4,5.3,7.2,992.8,990.8,74.0,spike
2024-12-06,117.59,10.8,16.5,5.1,0.0,2.2,8.9,3.5,991.0,987.6,82.0,spike
2024-12-07,36.67,11.5,17.1,5.9,0.2,4.4,19.4,2.6,988.6,976.6,70.0,normal
2024-12-08,22.19,7.6,10.6,4.6,0.0,3.3,16.1,4.6,979.2,975.1,61.0,normal
2024-12-09,67.19,4.8,9.2,0.5,0.0,1.7,8.6,4.6,980.5,976.5,75.0,normal
2024-12-10,134.22,5.4,10.2,0.5,3.2,1.1,5.3,4.9,984.9,980.3,76.0,spike
2024-12-11,139.09,5.8,7.2,4.5,1.0,0.8,3.9,0.0,987.5,984.6,92.0,spike
2024-12-12,146.67,7.0,9.9,4.0,24.6,0.6,5.3,0.0,987.9,985.7,91.0,spike
2024-12-13,143.73,8.2,12.5,3.8,0.0,0.6,4.2,3.2,991.0,986.1,83.0,spike
2024-12-14,128.85,5.7,10.0,1.4,0.0,1.7,7.5,3.6,994.7,990.2,85.0,spike
2024-12-15,102.99,4.6,8.7,0.4,0.0,1.7,4.7,6.3,1002.9,994.4,85.0,spike
2024-12-16,120.86,5.2,11.9,-1.5,0.0,0.8,3.6,7.2,1005.5,1000.8,84.0,spike
2024-12-17,121.85,4.2,11.1,-2.6,0.0,0.6,3.3,7.1,1001.4,995.3,84.0,spike
2024-12-18,113.45,7.6,14.9,0.2,0.0,1.4,4.4,6.9,995.7,988.6,73.0,spike
2024-12-19,75.92,9.8,16.1,3.4,0.0,2.8,13.6,6.5,988.6,979.5,65.0,normal
2024-12-20,114.67,6.2,11.7,0.7,0.0,2.2,9.7,7.2,993.2,985.6,64.0,spike
2024-12-21,94.73,4.6,10.9,-1.7,0.0,1.9,9.7,6.5,995.4,992.6,77.0,normal
2024-12-22,53.93,7.5,13.8,1.2,0.0,4.2,14.4,5.8,992.9,980.5,78.0,normal
2024-12-23,46.57,8.0,15.1,0.8,0.0,1.7,5.8,7.2,989.5,981.7,43.0,normal
2024-12-24,73.85,5.0,10.4,-0.3,0.0,2.2,6.4,2.8,991.6,988.4,78.0,normal
2024-12-25,100.94,7.0,12.2,1.7,0.0,1.1,6.1,2.1,996.2,991.1,89.0,spike
2024-12-26,133.94,11.2,14.8,7.6,0.0,1.1,6.4,5.0,996.5,993.3,87.0,spike
2024-12-27,133.6,7.8,14.5,1.0,0.0,0.8,4.2,6.0,998.6,995.1,76.0,spike
2024-12-28,133.13,5.8,13.4,-1.9,0.0,0.6,2.8,7.2,996.7,993.2,73.0,spike
2024-12-29,136.15,5.8,14.1,-2.4,0.0,0.8,2.2,7.3,996.0,993.0,74.0,spike
2024-12-30,140.94,5.1,12.8,-2.6,0.0,0.6,2.5,7.3,996.6,993.6,73.0,spike
2024-12-31,135.86,4.4,11.5,-2.8,0.0,0.8,2.8,6.7,998.2,995.1,75.0,spike
2025-01-01,100.93,4.9,9.9,-0.1,0.0,0.6,3.1,3.3,997.9,994.0,85.0,spike
2025-01-02,134.02,3.6,9.3,-2.1,0.0,2.5,8.3,6.9,994.0,989.1,79.0,spike
2025-01-03,122.34,3.8,7.7,0.0,0.0,1.4,5.6,1.1,989.7,985.1,80.0,spike
2025-01-04,111.57,7.8,12.2,3.5,0.0,1.4,6.1,4.0,987.7,983.8,83.0,spike
2025-01-05,51.44,8.6,14.9,2.4,0.4,1.4,5.0,6.3,983.8,973.6,78.0,normal
2025-01-06,45.43,9.3,15.8,2.8,0.0,1.1,8.1,4.5,976.3,969.6,75.0,normal
2025-01-07,83.43,6.6,11.5,1.6,0.0,3.1,10.0,7.0,983.8,976.3,67.0,normal
2025-01-08,98.92,9.0,15.8,2.2,0.0,1.9,12.8,5.7,983.6,978.6,70.0,normal
2025-01-09,87.4,11.8,17.4,6.2,0.0,2.2,11.7,7.6,986.3,979.1,60.0,normal
2025-01-10,111.52,9.6,16.8,2.4,0.0,1.1,10.6,7.6,988.4,985.0,72.0,spike
2025-01-11,95.88,12.2,18.8,5.5,0.0,1.9,12.2,5.7,986.9,982.2,56.0,normal
2025-01-12,73.72,7.2,15.6,-1.2,0.0,1.9,8.6,7.6,993.0,986.9,45.0,normal
2025-01-13,125.81,2.6,9.1,-4.0,0.0,1.1,3.9,7.6,995.8,992.4,58.0,spike
2025-01-14,137.83,2.2,10.2,-5.8,0.0,1.1,6.1,7.1,997.5,993.0,60.0,spike
2025-01-15,140.68,2.3,10.3,-5.7,0.0,1.1,7.2,7.0,995.3,987.7,64.0,spike
2025-01-16,135.09,3.6,11.5,-4.2,0.0,1.7,12.2,6.0,994.9,989.7,68.0,spike
2025-01-17,135.62,6.3,12.9,-0.3,0.0,2.2,10.8,6.9,996.0,992.9,55.0,spike
2025-01-18,133.16,4.0,11.4,-3.3,0.0,1.1,5.8,7.8,992.9,987.7,64.0,spike
2025-01-19,125.11,6.4,12.1,0.8,0.0,0.8,3.1,4.0,988.1,983.9,63.0,spike
2025-01-20,144.92,5.2,10.6,-0.3,0.0,0.8,4.7,2.0,985.6,981.1,72.0,spike
2025-01-21,140.6,3.7,8.8,-1.4,0.0,1.1,3.3,0.0,982.6,978.0,76.0,spike
2025-01-22,134.96,9.4,16.0,2.8,0.0,0.8,4.2,3.6,978.0,973.9,74.0,spike
2025-01-23,140.55,11.0,17.8,4.1,0.0,0.6,6.4,5.0,985.3,976.7,75.0,spike
2025-01-24,91.75,10.9,19.3,2.5,0.0,1.1,8.3,5.9,986.0,981.9,74.0,normal
2025-01-25,42.52,8.4,15.3,1.6,0.0,1.1,9.4,3.9,983.8,977.9,76.0,normal
2025-01-26,26.42,9.6,15.8,3.5,0.0,1.4,5.8,5.5,985.9,978.1,74.0,normal
2025-01-27,21.79,11.6,17.5,5.7,0.4,1.4,19.2,0.5,978.1,969.8,79.0,normal
2025-01-28,16.45,10.0,12.9,7.1,0.0,5.3,17.8,7.2,984.4,972.6,50.0,collapse
2025-01-29,48.79,6.4,12.1,0.6,0.3,1.9,9.7,,985.8,976.3,67.0,normal
2025-01-30,42.4,6.7,12.2,1.2,0.0,2.5,12.5,8.2,988.7,975.5,72.0,normal
2025-01-31,96.33,5.6,10.6,0.7,0.0,1.4,8.1,4.3,993.2,988.7,75.0,normal
2025-02-01,95.26,5.0,9.7,0.2,0.0,0.8,6.4,2.0,991.1,985.5,81.0,normal
2025-02-02,124.74,7.2,13.1,1.3,0.0,1.9,7.8,7.7,987.8,983.2,73.0,spike
2025-02-03,133.05,5.4,12.3,-1.6,0.0,1.9,8.1,8.7,992.3,987.7,70.0,spike
2025-02-04,143.39,6.6,15.5,-2.3,0.0,1.4,6.9,8.7,996.5,991.3,69.0,spike
2025-02-05,117.51,7.2,16.3,-1.9,0.0,1.7,5.3,8.8,998.9,995.6,68.0,spike
2025-02-06,138.6,7.0,15.6,-1.6,0.0,1.4,6.4,8.8,997.9,990.2,72.0,spike
2025-02-07,117.87,6.2,10.5,2.0,17.6,1.4,6.4,1.1,990.2,982.7,81.0,spike
2025-02-08,105.1,5.2,9.6,0.9,0.0,0.8,8.3,4.3,990.5,980.5,81.0,spike
2025-02-09,109.6,5.0,11.7,-1.8,0.0,0.8,3.3,6.3,992.8,989.8,75.0,spike
2025-02-10,139.74,9.2,15.0,3.3,0.0,1.4,5.0,3.2,991.3,986.8,77.0,spike
2025-02-11,133.16,9.5,14.3,4.7,0.0,1.1,5.0,2.0,987.4,983.0,79.0,spike
2025-02-12,119.86,6.1,9.0,3.2,5.4,0.8,2.8,0.0,983.8,980.3,92.0,spike
2025-02-13,130.98,8.6,11.6,5.7,0.0,2.2,5.8,3.2,986.5,983.2,86.0,spike
2025-02-14,121.07,10.2,16.8,3.5,0.0,1.9,5.8,8.1,984.5,980.3,78.0,spike
2025-02-15,90.43,9.4,11.2,7.6,0.0,1.9,7.2,0.2,982.8,979.9,81.0,normal
2025-02-16,88.22,10.6,15.4,5.8,0.0,1.1,3.9,3.9,981.3,978.5,79.0,normal
2025-02-17,138.17,11.2,19.1,3.2,0.0,1.9,8.9,9.1,983.5,980.5,71.0,spike
2025-02-18,79.73,8.6,14.3,3.0,0.0,0.8,2.8,1.4,983.9,980.8,80.0,normal
2025-02-19,123.56,11.2,17.3,5.1,0.0,1.7,6.9,7.2,990.6,983.6,81.0,spike
2025-02-20,87.57,12.4,14.9,9.9,0.0,1.4,6.7,1.0,993.4,990.3,81.0,normal
2025-02-21,47.99,11.0,11.8,10.2,0.4,1.4,5.3,0.0,993.4,987.3,92.0,normal
2025-02-22,70.84,11.2,12.1,10.3,9.8,0.3,4.2,0.0,990.5,985.8,95.0,normal
2025-02-23,65.81,11.8,17.1,6.5,0.0,1.4,5.6,6.1,996.1,990.3,77.0,normal
2025-02-24,78.57,10.1,16.1,4.1,0.0,1.1,5.3,1.6,995.7,988.9,76.0,normal
2025-02-25,94.84,9.2,14.3,4.0,0.8,1.7,5.8,0.1,989.0,984.3,79.0,normal
2025-02-26,105.34,8.4,15.4,1.4,0.0,1.9,8.1,9.6,990.1,986.6,66.0,spike
2025-02-27,120.43,8.2,16.0,0.5,0.0,0.8,6.1,7.0,988.1,983.5,70.0,spike
2025-02-28,111.21,9.6,16.3,2.9,0.0,1.9,8.6,9.6,986.6,982.3,72.0,spike
2025-03-01,65.83,9.6,14.5,4.7,3.0,0.8,9.2,3.9,986.5,981.7,74.0,normal
2025-03-02,65.56,10.1,14.1,6.1,0.0,2.2,10.6,0.9,989.8,986.5,65.0,normal
2025-03-03,96.99,11.0,14.5,7.4,0.2,1.4,6.9,0.5,989.4,987.1,76.0,normal
2025-03-04,96.44,12.3,18.1,6.5,0.0,1.7,7.2,7.8,988.3,985.4,67.0,normal
2025-03-05,78.88,10.5,17.8,3.2,0.0,1.9,8.6,9.3,989.0,986.2,65.0,normal
2025-03-06,78.06,11.6,15.7,7.4,1.6,2.2,9.4,1.1,987.8,983.8,74.0,normal
2025-03-07,49.07,11.8,14.6,9.1,12.0,1.1,3.9,0.0,984.4,978.0,86.0,normal
2025-03-08,15.22,12.8,14.8,10.8,25.8,1.1,8.6,0.1,978.0,969.4,90.0,collapse
2025-03-09,46.51,11.7,15.9,7.5,5.6,1.9,7.8,3.6,969.5,963.0,77.0,normal
2025-03-10,92.99,10.0,15.5,4.4,1.8,1.1,6.7,2.3,971.1,967.4,82.0,normal
2025-03-11,96.94,10.3,15.2,5.4,3.8,0.6,7.5,2.7,970.7,965.5,84.0,normal
2025-03-12,93.06,9.7,14.0,5.4,0.0,1.1,7.5,1.4,967.7,964.7,81.0,normal
2025-03-13,111.73,8.5,13.2,3.8,13.8,1.1,6.7,2.4,966.3,962.1,84.0,spike
2025-03-14,57.68,7.2,8.9,5.5,11.6,1.4,4.7,0.0,970.7,963.7,86.0,normal
2025-03-15,48.89,8.0,12.3,3.8,0.0,2.2,10.0,8.2,980.2,970.7,61.0,normal
2025-03-16,60.58,6.1,12.1,0.1,2.4,1.4,7.2,4.5,983.0,980.1,75.0,normal
2025-03-17,88.65,9.4,14.4,4.4,0.0,1.9,9.4,7.9,984.4,981.5,71.0,normal
2025-03-18,57.68,8.6,15.1,2.0,9.2,1.9,9.2,3.0,988.2,983.3,70.0,normal
2025-03-19,29.11,10.9,13.3,8.5,11.2,1.4,5.0,0.0,990.1,987.8,95.0,normal
2025-03-20,22.69,13.2,15.9,10.5,0.0,2.8,9.2,0.0,990.2,984.1,84.0,normal
2025-03-21,10.75,12.2,15.3,9.0,18.0,1.4,18.9,0.4,984.1,973.7,92.0,collapse
2025-03-22,11.23,11.1,15.6,6.6,1.4,2.5,11.9,4.2,975.5,969.0,68.0,collapse
2025-03-23,29.13,7.8,10.4,5.2,6.0,2.2,8.6,1.0,976.2,971.2,89.0,normal
2025-03-24,44.46,9.2,14.0,4.5,0.6,2.2,9.4,6.4,983.8,976.0,76.0,normal
2025-03-25,42.41,11.0,15.6,6.3,0.0,1.1,6.9,4.6,986.0,983.6,76.0,normal
2025-03-26,36.21,12.2,18.8,5.6,0.0,1.9,8.6,9.9,985.5,981.1,67.0,normal
2025-03-27,54.59,11.6,18.0,5.2,1.4,1.9,5.6,7.5,983.1,978.3,65.0,normal
2025-03-28,25.71,13.0,18.4,7.7,0.0,1.4,9.2,9.1,980.9,976.8,58.0,normal
2025-03-29,4.32,11.1,17.3,4.9,0.0,2.5,15.3,11.4,982.9,977.2,44.0,collapse
2025-03-30,3.03,10.9,18.7,3.1,0.0,2.8,9.7,11.4,985.6,982.5,51.0,collapse
2025-03-31,29.45,14.8,25.2,4.4,0.0,2.2,8.9,11.3,985.0,979.4,56.0,normal
2025-04-01,58.6,12.6,20.6,4.6,2.4,2.5,13.1,11.2,980.9,972.4,59.0,normal
2025-04-02,27.99,10.0,11.6,8.4,17.8,1.4,7.5,0.0,981.9,973.9,92.0,normal
2025-04-03,22.1,12.6,18.8,6.5,0.0,1.4,8.3,7.5,984.2,981.5,62.0,normal
2025-04-04,11.24,16.0,20.5,11.5,0.0,2.2,13.3,6.5,982.8,976.7,55.0,collapse
2025-04-05,24.42,15.2,20.3,10.1,0.0,1.9,8.1,5.3,978.7,976.4,67.0,normal
2025-04-06,26.56,15.4,23.1,7.6,0.0,2.5,10.0,11.0,979.7,975.5,62.0,normal
2025-04-07,56.14,15.7,23.6,7.8,0.0,2.2,11.4,10.1,987.4,979.7,64.0,normal
2025-04-08,47.67,15.2,22.7,7.6,0.0,2.5,9.2,11.4,989.2,985.8,62.0,normal
2025-04-09,31.98,14.6,22.0,7.3,0.0,2.2,10.3,10.9,987.5,981.7,71.0,normal
2025-04-10,19.2,15.6,20.5,10.8,0.0,2.8,8.9,10.0,988.5,985.0,71.0,collapse
2025-04-11,18.35,15.2,20.7,9.6,0.0,2.2,7.5,4.5,988.4,980.5,64.0,collapse
2025-04-12,27.01,14.4,21.1,7.6,0.0,1.9,8.6,5.2,980.7,974.0,64.0,normal
2025-04-13,18.35,15.7,20.4,11.0,0.8,2.2,6.9,1.9,977.4,973.9,76.0,collapse
2025-04-14,24.54,16.5,20.1,12.9,0.0,1.1,8.9,2.0,976.6,969.4,79.0,normal
2025-04-15,11.73,13.2,19.3,7.2,2.0,1.7,9.2,4.9,972.3,966.9,73.0,collapse
2025-04-16,12.14,11.8,17.5,6.0,0.0,2.8,11.4,6.3,976.7,972.2,62.0,collapse
2025-04-17,21.94,11.2,19.1,3.3,0.0,3.1,10.8,11.6,982.0,975.8,50.0,normal
2025-04-18,12.35,13.3,22.0,4.6,0.0,2.8,9.7,10.7,982.2,974.7,60.0,collapse
2025-04-19,1.72,12.8,19.0,6.5,4.6,2.5,20.0,2.9,974.7,967.8,67.0,collapse
2025-04-20,10.71,11.0,19.1,2.8,0.0,1.9,6.7,7.3,978.2,973.9,56.0,collapse
2025-04-21,49.09,12.8,20.9,4.7,0.0,1.7,7.5,9.7,983.8,978.2,63.0,normal
2025-04-22,64.39,15.4,21.4,9.4,0.2,2.2,9.7,5.1,986.6,982.4,68.0,normal
2025-04-23,44.23,14.1,20.9,7.3,0.0,1.9,8.6,9.8,987.8,983.8,61.0,normal
2025-04-24,43.53,15.0,22.9,7.2,0.0,2.2,9.4,11.8,985.8,981.9,65.0,normal
2025-04-25,45.66,18.0,23.0,12.9,0.2,2.2,8.6,6.8,984.0,977.9,67.0,normal
2025-04-26,5.54,14.0,17.8,10.3,23.6,1.1,6.1,0.5,984.5,978.1,89.0,collapse
2025-04-27,10.98,15.0,21.4,8.5,1.8,1.1,8.9,5.0,989.4,983.8,81.0,collapse
2025-04-28,18.5,15.2,22.6,7.8,0.0,1.9,9.7,9.1,989.2,986.4,72.0,collapse
2025-04-29,5.79,16.2,22.5,9.9,0.6,2.8,9.7,9.0,988.5,984.5,66.0,collapse
2025-04-30,31.83,15.2,23.0,7.3,0.0,1.9,9.4,11.7,986.8,984.2,58.0,normal
2025-05-01,13.29,16.7,23.9,9.5,0.0,2.2,8.3,7.0,986.2,983.4,54.0,collapse
2025-05-02,10.94,15.6,22.1,9.2,5.2,1.9,7.5,4.5,986.9,981.8,68.0,collapse
2025-05-03,16.17,19.6,27.5,11.7,3.4,1.7,10.0,7.9,982.4,977.0,65.0,collapse
2025-05-04,11.0,17.8,23.7,11.8,4.2,2.5,10.8,5.6,977.9,971.6,69.0,collapse
2025-05-05,10.89,15.4,21.2,9.5,12.4,1.4,8.9,2.2,977.1,972.0,84.0,collapse
2025-05-06,10.24,12.7,17.4,8.0,3.2,1.9,8.9,4.8,982.0,976.7,73.0,collapse
2025-05-07,19.01,13.5,21.1,5.9,0.0,2.2,8.1,11.4,982.2,978.0,63.0,collapse
2025-05-08,16.76,13.4,20.0,6.7,6.6,1.4,7.5,5.0,980.2,977.0,71.0,collapse
2025-05-09,18.24,16.0,20.2,11.9,0.8,2.2,9.2,5.0,981.4,977.0,77.0,collapse
2025-05-10,9.08,16.8,21.9,11.7,9.6,2.5,10.3,6.6,981.7,978.0,70.0,collapse
2025-05-11,2.21,15.2,20.3,10.0,2.0,1.1,11.1,5.5,979.5,976.0,70.0,collapse
2025-05-12,21.69,14.2,21.5,6.9,0.0,2.2,11.1,11.1,980.7,978.7,67.0,normal
2025-05-13,41.42,15.8,23.3,8.2,0.0,2.2,9.7,9.4,981.9,978.5,65.0,normal
2025-05-14,30.55,15.2,22.2,8.1,0.6,2.2,8.3,9.4,982.1,979.8,71.0,normal
2025-05-15,11.62,16.7,24.5,8.9,0.2,2.2,11.4,9.7,981.3,977.0,62.0,collapse
2025-05-16,4.68,17.2,24.4,10.1,0.0,2.2,11.4,12.1,983.2,979.0,59.0,collapse
2025-05-17,10.64,18.4,26.0,10.8,0.0,1.9,8.3,12.8,983.0,980.0,53.0,collapse
2025-05-18,6.76,18.3,26.5,10.1,0.0,2.2,8.9,12.4,983.0,979.9,54.0,collapse
2025-05-19,12.85,18.8,26.1,11.4,3.8,2.2,11.1,7.9,983.1,976.4,58.0,collapse
2025-05-20,13.41,19.0,26.6,11.4,0.0,2.2,10.6,10.5,985.5,979.9,58.0,collapse
2025-05-21,20.19,18.6,26.4,10.8,0.6,2.2,8.9,11.7,985.3,980.0,49.0,normal
2025-05-22,3.35,17.0,22.0,12.1,0.0,3.3,11.4,9.4,983.3,979.6,68.0,collapse
2025-05-23,5.11,18.2,25.7,10.8,0.0,1.9,8.3,10.2,985.1,980.1,52.0,collapse
2025-05-24,7.2,17.6,25.9,9.3,0.0,2.2,11.4,12.6,986.6,983.3,56.0,collapse
2025-05-25,6.47,19.3,27.9,10.7,0.0,2.2,10.0,11.4,986.7,983.1,57.0,collapse
2025-05-26,17.18,19.0,26.3,11.8,0.0,2.8,11.7,10.3,987.7,984.8,64.0,collapse
2025-05-27,26.84,20.6,27.7,13.6,0.0,1.9,11.1,12.1,989.0,986.5,53.0,normal
2025-05-28,27.78,22.0,31.3,12.8,0.0,1.9,10.8,13.2,989.9,987.1,51.0,normal
2025-05-29,35.01,22.5,31.4,13.6,0.0,2.5,10.6,13.3,990.0,986.2,52.0,normal
2025-05-30,43.96,24.4,33.4,15.3,0.0,2.8,9.7,13.3,988.1,984.8,45.0,normal
2025-05-31,40.24,24.2,32.8,15.5,0.0,2.2,11.1,11.2,988.3,984.9,53.0,normal
2025-06-01,19.5,24.7,33.7,15.7,0.0,2.2,10.0,9.0,986.6,982.0,52.0,collapse
2025-06-02,31.13,22.7,27.6,17.8,0.0,1.7,7.5,3.9,985.8,982.6,56.0,normal
2025-06-03,51.69,22.6,31.0,14.3,0.0,1.7,12.5,9.1,982.8,976.1,53.0,normal
2025-06-04,58.56,22.4,27.8,17.1,0.0,2.2,8.9,9.5,982.2,977.8,54.0,normal
2025-06-05,59.52,22.6,28.6,16.6,0.0,2.2,8.9,10.0,983.8,980.9,60.0,normal
2025-06-06,71.54,22.8,30.1,15.5,0.0,3.1,11.4,12.1,984.3,981.5,50.0,normal
2025-06-07,49.57,22.2,31.4,12.9,0.0,3.1,11.7,13.3,984.9,980.1,53.0,normal
2025-06-08,37.82,22.0,27.3,16.8,0.0,2.5,10.3,5.6,987.9,984.6,66.0,normal
2025-06-09,61.51,23.1,30.9,15.3,0.0,2.8,12.5,12.4,988.6,984.6,61.0,normal
2025-06-10,100.19,26.4,34.5,18.4,0.0,2.8,9.4,11.3,988.5,983.6,59.0,spike
2025-06-11,73.63,26.8,36.5,17.1,0.0,2.2,9.7,11.0,984.5,978.2,43.0,normal
2025-06-12,62.42,25.3,32.8,17.8,0.0,2.8,9.4,13.2,982.8,980.5,42.0,normal
2025-06-13,69.73,24.7,32.3,17.1,0.0,3.1,10.3,9.7,986.4,982.7,42.0,normal
2025-06-14,56.68,27.1,34.9,19.3,0.2,2.5,8.6,10.0,986.5,983.6,35.0,normal
2025-06-15,22.33,26.8,33.9,19.8,0.0,3.1,9.7,10.5,988.7,984.8,42.0,normal
2025-06-16,52.36,26.0,33.5,18.4,0.0,2.8,11.1,13.4,988.6,984.5,48.0,normal
2025-06-17,94.14,25.2,32.7,17.6,0.0,3.1,10.8,13.5,987.9,984.7,53.0,normal
2025-06-18,106.32,25.8,33.5,18.1,0.0,2.5,11.1,13.4,988.1,985.2,46.0,spike
2025-06-19,116.46,25.6,34.2,17.1,0.0,2.8,10.3,12.9,987.4,984.0,43.0,spike
2025-06-20,113.25,27.4,36.3,18.5,0.0,2.2,9.7,10.0,987.4,983.7,44.0,spike
2025-06-21,76.99,27.6,35.5,19.8,0.0,2.5,10.8,13.2,985.9,983.3,41.0,normal
2025-06-22,67.25,27.6,35.9,19.2,4.8,2.5,12.5,8.6,988.6,983.7,58.0,normal
2025-06-23,110.56,27.1,36.8,17.4,0.0,2.2,8.9,13.2,986.5,982.6,46.0,spike
2025-06-24,97.18,28.2,37.2,19.3,0.0,2.5,10.8,13.2,984.6,981.3,40.0,normal
2025-06-25,81.06,27.8,37.8,17.7,0.0,1.7,9.4,9.6,982.9,979.5,36.0,normal
2025-06-26,93.03,27.1,35.1,19.1,0.0,2.2,10.6,12.4,988.3,981.3,43.0,normal
2025-06-27,93.1,27.5,36.8,18.2,0.0,2.5,10.6,13.4,990.0,986.7,42.0,normal
2025-06-28,68.39,28.6,37.6,19.5,0.0,2.5,10.6,13.5,990.0,986.8,44.0,normal
2025-06-29,71.07,29.4,38.3,20.6,0.0,2.5,10.6,13.6,988.7,983.8,38.0,normal
2025-06-30,110.94,29.1,38.2,20.0,0.0,2.8,11.1,13.0,985.4,981.7,40.0,spike
2025-07-01,111.2,28.5,38.2,18.8,0.0,2.5,16.4,10.1,984.2,980.1,48.0,spike
2025-07-02,100.36,27.5,37.9,17.1,0.0,1.9,11.9,10.4,985.6,981.0,46.0,spike
2025-07-03,91.33,28.4,36.2,20.5,1.0,2.2,16.1,8.7,989.0,985.3,61.0,normal
2025-07-04,99.63,27.4,35.9,18.9,0.4,3.3,19.4,11.4,989.4,985.5,53.0,normal
2025-07-05,72.35,26.6,35.2,17.9,0.0,2.2,13.1,7.0,986.9,982.5,55.0,normal
2025-07-06,56.11,25.9,33.3,18.5,5.6,2.5,10.8,10.0,983.9,976.4,72.0,normal
2025-07-07,60.36,26.1,32.6,19.6,0.0,3.3,11.7,12.6,981.0,976.1,51.0,normal
2025-07-08,45.15,24.8,32.3,17.4,0.0,2.8,10.3,13.3,984.7,980.1,49.0,normal
2025-07-09,89.7,23.9,28.4,19.4,0.0,2.2,8.6,3.5,985.9,984.0,65.0,normal
2025-07-10,106.97,26.4,31.4,21.4,0.0,2.5,11.7,10.1,985.2,981.5,57.0,spike
2025-07-11,98.25,25.5,31.4,19.6,0.0,2.2,10.3,6.2,983.0,977.7,62.0,normal
2025-07-12,75.91,23.2,29.5,16.9,52.0,1.7,13.3,3.0,981.4,976.1,83.0,normal
2025-07-13,64.59,24.5,33.0,16.0,0.0,1.9,9.4,11.8,986.0,978.4,59.0,normal
2025-07-14,84.2,26.2,34.5,18.0,0.0,2.2,10.0,13.2,988.1,984.5,49.0,normal
2025-07-15,83.11,25.9,33.7,18.1,0.0,2.8,10.3,13.1,987.6,984.1,56.0,normal
2025-07-16,101.98,26.8,34.3,19.4,0.0,2.5,9.2,12.5,986.8,982.4,58.0,spike
2025-07-17,102.85,27.0,34.0,19.9,0.0,2.5,9.7,12.9,983.7,980.0,58.0,spike
2025-07-18,95.08,26.9,33.8,20.0,0.0,2.2,8.3,12.2,980.3,975.3,62.0,normal
2025-07-19,50.16,28.4,33.6,23.1,0.0,2.2,10.8,6.5,976.6,974.3,64.0,normal
2025-07-20,27.22,28.4,35.2,21.7,0.0,2.2,8.1,11.3,975.9,971.8,50.0,normal
2025-07-21,57.61,25.4,31.2,19.6,0.0,2.8,10.6,10.7,983.1,973.7,48.0,normal
2025-07-22,81.88,24.8,30.7,19.0,0.0,2.2,9.7,8.6,984.3,980.9,62.0,normal
2025-07-23,84.43,22.2,26.3,18.1,47.4,1.4,12.8,0.3,982.2,978.1,90.0,normal
2025-07-24,46.2,21.1,25.3,16.9,0.0,2.2,8.3,4.3,983.5,980.0,64.0,normal
2025-07-25,41.85,21.6,28.6,14.7,0.4,1.9,8.9,8.3,984.1,981.0,57.0,normal
2025-07-26,38.53,23.4,31.1,15.8,0.0,2.5,8.6,12.7,985.5,982.3,52.0,normal
2025-07-27,32.39,23.4,31.0,15.7,0.0,2.5,8.6,12.9,985.4,980.2,55.0,normal
2025-07-28,34.22,24.2,29.6,18.8,0.0,2.8,11.1,10.1,984.2,980.4,61.0,normal
2025-07-29,32.15,23.3,30.0,16.6,0.0,2.2,8.9,12.3,985.0,981.9,50.0,normal
2025-07-30,40.46,23.3,29.2,17.4,0.0,1.7,9.2,12.3,986.8,983.7,51.0,normal
2025-07-31,64.22,24.2,31.1,17.3,0.0,2.2,7.5,12.6,986.8,982.1,56.0,normal
2025-08-01,64.79,24.5,30.3,18.7,0.0,2.5,8.6,7.9,983.6,978.6,63.0,normal
2025-08-02,37.24,25.0,31.0,19.0,0.0,1.9,11.1,12.4,983.3,979.6,52.0,normal
2025-08-03,29.88,25.2,30.2,20.1,0.0,2.2,9.4,10.2,987.8,983.1,61.0,normal
2025-08-04,65.55,25.5,32.6,18.4,0.0,1.9,8.6,12.3,988.3,985.1,62.0,normal
2025-08-05,57.19,26.6,33.7,19.5,0.0,2.5,11.1,11.4,987.7,985.4,55.0,normal
2025-08-06,78.27,25.2,32.7,17.7,0.0,2.2,8.6,10.9,987.4,983.2,50.0,normal
2025-08-07,84.06,25.8,33.1,18.5,0.0,2.5,8.9,12.0,986.0,983.7,53.0,normal
2025-08-08,74.09,26.2,34.7,17.8,0.0,2.2,8.9,11.8,986.8,984.5,48.0,normal
2025-08-09,62.03,26.4,35.0,17.9,0.0,3.3,9.7,11.1,987.7,985.5,58.0,normal
2025-08-10,55.45,29.5,38.2,20.8,0.0,1.7,8.9,10.0,988.0,984.5,51.0,normal
2025-08-11,80.11,29.4,38.1,20.6,0.2,2.2,9.4,9.6,985.8,981.5,49.0,normal
2025-08-12,89.7,28.8,37.4,20.3,0.0,1.9,8.6,8.5,984.1,981.3,50.0,normal
2025-08-13,101.2,28.2,36.6,19.8,0.0,1.9,9.2,10.2,983.6,980.9,51.0,spike
2025-08-14,96.7,28.9,37.8,20.0,0.0,1.4,7.8,7.5,985.7,982.1,47.0,normal
2025-08-15,69.27,28.4,38.7,18.1,0.0,1.7,10.8,11.4,986.6,983.6,42.0,normal
2025-08-16,74.1,29.8,40.1,19.4,0.0,1.7,10.0,10.9,985.9,981.9,39.0,normal
2025-08-17,68.7,28.5,38.0,19.0,0.0,2.5,8.9,9.6,983.5,978.9,46.0,normal
2025-08-18,96.68,26.9,34.8,19.0,0.0,1.9,9.7,8.2,982.8,979.2,46.0,normal
2025-08-19,77.72,26.4,31.2,21.5,2.2,2.5,8.9,4.0,982.4,976.4,69.0,normal
2025-08-20,68.31,23.5,28.7,18.3,0.0,1.7,8.1,7.4,978.1,975.2,57.0,normal
2025-08-21,53.89,22.8,30.7,15.0,0.8,2.8,9.7,7.4,982.1,976.6,57.0,normal
2025-08-22,53.61,23.4,30.9,15.8,0.0,2.2,10.8,10.3,983.5,980.2,61.0,normal
2025-08-23,63.4,25.4,33.1,17.7,0.0,1.9,8.3,11.1,983.7,979.8,50.0,normal
2025-08-24,62.28,24.3,32.3,16.3,0.0,2.2,9.2,11.2,983.3,980.4,62.0,normal
2025-08-25,92.3,24.0,28.9,19.0,0.0,1.7,5.0,2.6,984.6,981.8,75.0,normal
2025-08-26,87.75,27.4,35.2,19.7,10.4,2.2,9.4,10.5,982.6,977.5,54.0,normal
2025-08-27,88.03,25.6,31.4,19.8,9.4,1.4,6.7,5.2,980.2,973.3,66.0,normal
2025-08-28,53.84,23.4,28.5,18.4,1.4,2.2,13.6,4.8,977.9,973.1,62.0,normal
2025-08-29,45.75,20.2,27.2,13.1,0.0,2.8,11.7,9.8,979.4,975.5,51.0,normal
2025-08-30,52.61,22.2,30.7,13.6,0.0,2.2,11.4,11.2,981.9,979.1,60.0,normal
2025-08-31,37.3,23.8,29.6,17.9,0.6,1.9,9.2,5.5,981.8,974.7,67.0,normal
2025-09-01,30.63,22.1,27.4,16.8,0.0,3.1,10.6,9.7,981.8,974.2,48.0,normal
2025-09-02,61.1,19.8,26.9,12.7,0.0,3.3,11.7,9.5,983.9,981.0,45.0,normal
2025-09-03,55.1,22.2,31.9,12.5,0.0,1.9,9.4,11.0,984.2,979.5,53.0,normal
2025-09-04,55.65,22.6,29.8,15.5,0.0,2.5,9.7,8.8,985.1,979.8,66.0,normal
2025-09-05,55.32,23.3,29.5,17.1,0.0,1.9,10.3,9.9,988.5,985.1,59.0,normal
2025-09-06,26.54,22.1,30.3,13.9,0.0,1.9,8.6,10.8,987.7,983.0,60.0,normal
2025-09-07,31.84,24.2,32.0,16.3,0.0,2.2,7.5,7.4,985.2,980.1,67.0,normal
2025-09-08,76.37,24.0,27.4,20.6,16.0,1.9,10.8,3.3,982.9,980.3,81.0,normal
2025-09-09,63.56,20.6,24.7,16.5,11.2,1.7,8.3,2.9,982.8,978.6,78.0,normal
2025-09-10,51.56,21.0,26.9,15.1,0.0,3.3,12.2,10.2,981.2,977.4,47.0,normal
2025-09-11,54.42,21.2,28.4,13.9,0.0,2.5,9.2,10.3,987.3,981.1,66.0,normal
2025-09-12,73.13,22.5,26.6,18.4,30.6,2.8,10.3,5.4,987.8,985.9,80.0,normal
2025-09-13,60.84,20.6,23.5,17.6,3.8,1.4,8.1,4.2,986.6,983.2,86.0,normal
2025-09-14,48.87,24.0,28.7,19.3,0.0,1.9,10.6,8.3,988.8,985.5,77.0,normal
2025-09-15,66.88,24.9,30.6,19.2,0.0,2.2,8.1,10.0,988.7,984.7,70.0,normal
2025-09-16,72.55,21.8,24.8,18.9,0.0,1.4,5.8,1.5,990.3,988.0,81.0,normal
2025-09-17,86.01,23.6,30.3,17.0,0.0,1.7,7.5,8.4,990.2,987.6,78.0,normal
2025-09-18,97.01,24.4,30.9,18.0,0.0,2.2,8.1,10.0,991.2,989.1,73.0,normal
2025-09-19,89.55,24.1,30.1,18.1,0.0,2.2,9.7,8.5,992.1,989.3,62.0,normal
2025-09-20,66.06,23.2,29.0,17.3,0.0,1.7,7.8,9.7,990.6,983.0,70.0,normal
2025-09-21,42.29,21.1,24.4,17.8,30.6,1.4,9.2,1.2,983.0,977.2,91.0,normal
2025-09-22,34.53,16.6,22.3,11.0,0.0,1.7,9.2,10.1,982.9,978.6,55.0,normal
2025-09-23,51.56,15.5,22.4,8.6,0.0,2.2,7.8,9.9,984.0,981.3,63.0,normal
2025-09-24,46.4,15.4,22.0,8.9,0.0,1.9,8.3,10.5,986.4,983.3,51.0,normal
2025-09-25,79.4,14.6,21.5,7.8,0.0,1.9,7.8,8.1,986.4,983.4,70.0,normal
2025-09-26,91.65,17.2,23.6,10.7,0.0,1.7,9.7,9.9,986.2,983.2,55.0,normal
2025-09-27,71.79,18.8,25.0,12.6,0.0,1.9,9.2,8.7,986.3,982.9,71.0,normal
2025-09-28,48.79,19.6,23.6,15.7,0.0,1.7,6.7,2.7,984.8,981.9,82.0,normal
2025-09-29,59.06,19.0,23.8,14.1,0.0,1.9,5.6,5.7,986.7,984.0,72.0,normal
2025-09-30,82.8,19.0,26.3,11.7,0.0,2.2,7.5,8.6,987.4,984.7,67.0,normal
2025-10-01,87.08,19.0,25.0,12.9,0.0,1.7,6.9,8.7,988.1,985.2,69.0,normal
2025-10-02,86.19,18.0,23.4,12.6,0.0,1.9,9.2,8.4,989.3,986.2,73.0,normal
2025-10-03,93.25,19.5,25.1,13.9,0.0,1.1,6.7,7.7,988.3,985.2,75.0,normal
2025-10-04,53.1,21.1,28.2,14.0,0.0,1.1,7.2,8.7,986.5,981.1,64.0,normal
2025-10-05,24.31,17.8,23.4,12.1,0.0,1.4,9.2,9.7,990.3,982.5,49.0,normal
2025-10-06,79.05,15.8,23.4,8.3,0.0,1.4,5.0,9.9,992.5,988.5,66.0,normal
2025-10-07,98.65,16.6,25.8,7.3,0.0,1.7,6.4,8.4,990.1,986.2,67.0,normal
2025-10-08,99.19,19.9,26.1,13.7,0.0,1.4,7.8,7.9,988.2,984.5,65.0,normal
2025-10-09,64.63,19.3,23.5,15.1,0.0,1.9,7.2,3.1,989.2,985.5,76.0,normal
2025-10-10,79.22,19.8,24.0,15.7,0.0,1.9,6.4,7.2,992.5,989.0,64.0,normal
2025-10-11,73.7,18.4,25.2,11.7,0.0,1.1,8.1,7.6,992.6,990.1,66.0,normal
2025-10-12,64.63,17.2,22.7,11.8,0.0,1.4,6.1,4.1,990.9,986.8,76.0,normal
2025-10-13,102.36,18.6,22.5,14.7,0.0,1.1,5.3,0.9,987.0,984.1,79.0,spike
2025-10-14,108.24,19.9,25.2,14.6,5.6,1.1,7.5,4.2,986.0,983.0,79.0,spike
2025-10-15,109.4,17.8,22.9,12.8,0.0,1.7,7.2,4.7,986.5,983.8,80.0,spike
2025-10-16,109.88,17.4,22.3,12.6,0.0,1.7,8.6,5.8,985.8,982.7,80.0,spike
2025-10-17,107.49,18.3,23.3,13.3,0.0,1.4,7.5,5.4,985.8,982.8,77.0,spike
2025-10-18,80.82,18.0,23.4,12.6,0.2,1.4,8.3,6.6,987.1,984.6,79.0,normal
2025-10-19,32.78,17.4,22.4,12.3,1.6,2.2,9.2,2.0,986.4,979.0,78.0,normal
2025-10-20,41.0,17.8,22.5,13.0,0.0,1.9,8.3,4.5,979.0,972.6,68.0,normal
2025-10-21,38.36,17.3,24.1,10.5,0.0,1.9,10.6,8.8,976.0,973.1,64.0,normal
2025-10-22,27.51,18.6,25.2,12.0,0.0,2.8,14.4,7.5,976.6,974.5,64.0,normal
2025-10-23,23.59,17.6,24.4,10.7,0.0,4.2,22.8,7.7,980.4,971.1,41.0,normal
2025-10-24,91.83,12.6,19.7,5.4,0.8,1.9,11.4,8.7,983.2,980.4,54.0,normal
2025-10-25,80.9,15.4,21.6,9.3,6.0,2.2,7.8,3.4,980.6,976.7,73.0,normal
2025-10-26,49.68,14.0,18.3,9.8,0.6,1.4,9.2,4.9,986.2,979.2,76.0,normal
2025-10-27,89.72,10.8,17.4,4.3,0.0,1.9,7.8,8.8,987.2,984.4,67.0,normal
2025-10-28,101.52,12.2,20.5,4.0,0.2,0.8,5.0,8.8,987.0,981.6,69.0,spike
2025-10-29,104.49,11.8,17.1,6.5,3.2,0.8,3.3,1.1,981.6,974.3,83.0,spike
2025-10-31,55.79,15.0,21.4,8.6,0.0,1.7,8.3,5.5,982.8,980.2,73.0,normal
2025-11-01,45.58,15.4,22.6,8.3,0.0,1.1,6.7,6.3,984.3,981.9,70.0,normal
2025-11-02,40.02,14.4,20.0,8.7,0.0,1.7,8.1,8.3,988.6,981.5,60.0,normal
2025-11-03,82.78,12.8,20.2,5.4,0.0,1.4,5.8,8.8,991.8,988.6,74.0,normal
2025-11-04,49.44,12.6,20.3,4.9,0.0,1.4,6.9,6.7,990.9,986.9,76.0,normal
2025-11-05,27.75,13.4,18.2,8.5,7.4,1.1,5.3,1.5,988.3,979.3,84.0,normal
2025-11-06,40.25,13.0,16.5,9.4,4.6,3.3,13.9,0.8,979.9,972.8,77.0,normal
2025-11-07,68.22,12.4,17.0,7.9,0.0,1.4,6.4,8.0,979.5,976.6,74.0,normal
2025-11-08,41.17,11.2,14.9,7.4,0.4,1.9,6.7,2.2,983.8,976.4,84.0,normal
2025-11-09,57.9,10.6,16.3,5.0,0.0,1.7,4.7,6.0,986.6,983.6,78.0,normal
2025-11-10,81.69,10.5,17.6,3.4,0.2,0.6,3.9,8.1,984.6,981.0,75.0,normal
2025-11-11,66.88,11.8,19.9,3.6,0.0,0.3,5.0,7.7,984.9,981.2,75.0,normal
2025-11-12,27.78,11.6,19.6,3.5,0.0,0.6,3.6,7.5,986.4,983.1,80.0,normal
2025-11-13,31.9,13.0,20.4,5.7,0.0,0.8,5.3,7.2,985.7,980.5,82.0,normal
2025-11-14,29.39,15.5,19.7,11.3,0.2,1.1,6.9,0.0,980.5,973.2,85.0,normal
2025-11-15,31.46,14.0,19.9,8.1,1.2,1.9,9.2,5.4,979.4,975.6,66.0,normal
2025-11-16,34.14,13.2,17.9,8.6,0.0,2.2,9.7,6.6,976.5,973.2,74.0,normal
2025-11-17,79.21,11.8,18.3,5.2,0.0,1.4,4.7,7.4,980.8,976.2,75.0,normal
2025-11-18,79.08,7.6,13.0,2.1,0.0,1.4,7.2,4.7,984.0,980.5,79.0,normal
2025-11-19,100.16,4.8,10.6,-1.1,0.0,1.7,9.2,7.6,983.1,977.9,72.0,spike
2025-11-20,84.54,6.0,12.7,-0.7,0.0,1.7,7.8,4.5,980.5,977.8,66.0,normal
2025-11-21,60.14,5.0,9.9,0.0,0.0,3.9,13.3,7.8,987.5,978.7,46.0,normal
2025-11-22,59.07,5.6,10.3,1.0,0.0,2.8,11.4,6.4,990.0,986.2,49.0,normal
2025-11-23,39.88,6.4,13.2,-0.4,0.0,2.2,9.7,5.2,987.8,980.6,66.0,normal
2025-11-24,41.77,11.3,16.1,6.5,0.0,2.2,12.8,4.1,980.6,970.3,64.0,normal
2025-11-25,48.17,10.0,15.2,4.7,0.0,3.1,11.7,7.0,979.4,971.2,57.0,normal
2025-11-26,69.21,6.1,13.4,-1.2,0.0,2.5,12.8,7.6,985.1,979.0,45.0,normal
2025-11-28,98.73,5.8,13.9,-2.3,0.0,0.8,5.3,6.4,987.9,984.3,59.0,normal
2025-11-29,82.23,7.4,15.3,-0.6,0.0,0.8,5.0,7.3,985.0,978.4,68.0,normal
2025-11-30,74.92,6.8,12.6,1.1,0.0,1.1,5.8,4.1,985.7,977.6,76.0,normal
2025-12-01,91.78,5.4,10.8,-0.1,0.0,1.4,7.2,6.0,986.8,982.5,80.0,normal
2025-12-02,88.65,6.6,13.5,-0.2,0.0,1.4,8.3,5.1,982.5,976.3,72.0,normal
2025-12-03,70.42,5.4,10.2,0.7,0.0,1.9,9.4,5.5,981.1,976.4,75.0,normal
2025-12-04,64.77,3.3,7.3,-0.7,0.0,1.4,5.3,1.0,980.5,975.2,90.0,normal
2025-12-05,70.61,7.5,14.0,1.0,0.0,1.7,6.7,6.7,983.2,975.3,70.0,normal
2025-12-06,33.07,8.6,16.5,0.8,0.0,1.4,5.0,5.9,986.1,982.5,75.0,normal
2025-12-07,32.3,9.8,18.0,1.7,0.0,1.4,7.8,5.1,987.8,984.3,81.0,normal
2025-12-08,55.32,9.9,17.7,2.1,0.0,0.8,3.1,6.3,989.2,985.6,81.0,normal
2025-12-09,63.17,8.6,16.9,0.3,0.0,0.6,3.3,7.0,988.4,984.6,82.0,normal
2025-12-10,103.01,10.0,17.6,2.3,0.0,1.1,8.3,6.8,991.3,986.0,73.0,spike
2025-12-11,96.19,8.0,15.0,1.1,0.0,0.8,2.8,4.0,991.5,987.0,84.0,normal
2025-12-12,97.19,7.4,12.0,2.9,0.0,0.3,3.1,0.6,990.9,986.6,84.0,normal
2025-12-13,79.2,8.6,15.2,2.1,0.0,0.6,3.3,5.6,994.0,990.7,79.0,normal
2025-12-14,78.57,7.4,13.9,0.9,,0.8,2.8,5.0,992.8,986.9,77.0,normal
2025-12-15,92.47,9.8,12.6,7.0,,1.1,8.3,0.6,986.9,976.1,95.0,normal
2025-12-16,94.53,8.6,10.6,6.7,,0.8,3.6,0.0,982.9,974.8,95.0,normal
2025-12-17,101.41,10.0,14.4,5.5,,0.6,2.8,3.5,990.8,982.9,87.0,spike
2025-12-18,85.05,7.7,8.7,6.7,,0.8,3.3,0.0,991.5,988.4,98.0,normal
2025-12-19,102.76,8.6,11.9,5.2,,0.6,3.9,2.6,988.7,983.7,86.0,spike
2025-12-20,70.77,8.6,9.9,7.4,13.0,0.6,2.8,0.0,983.7,976.1,93.0,normal
2025-12-21,61.48,8.3,10.3,6.3,11.8,0.8,4.2,0.0,976.1,969.8,95.0,normal
2025-12-22,70.6,6.2,7.6,4.8,0.8,0.8,8.3,0.7,972.0,969.3,86.0,normal
2025-12-23,77.91,4.6,6.6,2.5,1.2,1.4,5.3,0.0,973.8,969.0,91.0,normal
2025-12-24,40.64,6.2,10.8,1.5,0.4,2.2,8.3,4.4,974.6,971.7,83.0,normal
2025-12-25,48.7,7.4,9.4,5.5,4.4,0.6,5.6,0.1,978.9,974.1,90.0,normal
2025-12-26,89.2,9.4,11.3,7.6,10.4,1.4,8.3,0.0,983.3,975.8,92.0,normal
2025-12-27,80.12,8.7,10.5,6.9,10.6,1.7,9.7,0.0,986.9,983.0,94.0,normal
2025-12-28,78.94,8.9,14.9,2.9,1.0,0.8,4.7,6.1,986.9,983.7,87.0,normal
2025-12-29,107.2,8.6,10.5,6.8,1.2,0.3,3.1,0.0,986.4,984.0,95.0,spike
2025-12-30,91.23,7.0,8.4,5.5,0.2,1.4,6.7,0.0,984.8,982.2,86.0,normal
2025-12-31,97.82,5.3,9.7,0.9,0.0,2.2,6.4,3.3,987.0,983.1,77.0,normal
2026-01-01,81.87,5.2,10.6,-0.1,0.0,1.1,3.6,4.3,986.3,979.7,81.0,normal
2026-01-02,82.94,3.3,7.4,-0.8,0.0,1.7,4.7,2.9,979.8,974.1,83.0,normal
2026-01-03,88.43,6.5,9.8,3.2,1.2,1.1,4.7,1.5,974.6,971.7,85.0,normal
2026-01-04,66.78,5.4,7.4,3.5,0.4,1.7,6.4,0.0,974.0,970.9,87.0,normal
2026-01-05,95.44,1.6,3.7,-0.4,2.0,1.1,7.2,0.0,976.6,973.9,86.0,normal
2026-01-06,62.9,1.0,5.2,-3.1,0.0,1.4,6.4,7.4,982.1,976.2,77.0,normal
2026-01-07,102.33,0.2,5.0,-4.7,0.0,2.2,7.8,4.7,986.7,981.8,71.0,spike
2026-01-08,81.38,6.5,13.0,0.0,0.0,2.5,15.0,6.4,988.4,982.7,71.0,normal
2026-01-09,53.4,9.2,13.8,4.7,0.0,5.3,16.9,6.6,983.0,976.3,58.0,normal
2026-01-10,73.23,6.8,11.9,1.7,0.0,4.2,13.3,7.6,986.1,981.3,64.0,normal
2026-01-11,80.63,5.2,10.8,-0.3,0.0,0.8,4.7,7.2,990.8,986.1,75.0,normal
2026-01-12,88.51,5.3,11.7,-1.1,0.0,0.8,3.9,5.5,989.9,984.9,82.0,normal
2026-01-13,95.69,6.6,12.9,0.4,0.0,0.8,2.8,4.0,985.2,981.2,86.0,normal
2026-01-14,115.54,8.0,12.8,3.1,0.0,0.8,3.6,4.9,985.6,982.9,89.0,spike
2026-01-15,106.41,7.2,14.1,0.4,0.0,0.8,3.9,4.1,985.0,980.9,87.0,spike
2026-01-16,118.99,5.9,11.4,0.4,3.4,0.6,2.8,1.4,981.8,979.0,83.0,spike
2026-01-17,127.24,9.2,10.9,7.5,42.8,1.9,6.1,0.0,979.3,974.5,94.0,spike
2026-01-18,118.39,8.7,10.5,6.9,8.6,0.6,3.9,0.0,980.0,974.7,96.0,spike
2026-01-19,129.86,8.4,11.0,5.7,1.6,0.8,7.2,0.3,981.0,979.1,90.0,spike
2026-01-20,102.13,8.0,9.7,6.4,8.8,1.1,8.3,0.0,980.5,978.3,91.0,spike
2026-01-21,82.57,10.1,12.9,7.3,0.8,1.4,6.1,1.6,979.4,962.5,84.0,normal
2026-01-22,59.84,8.8,13.7,3.9,2.6,1.9,7.2,4.9,967.2,960.1,72.0,normal
2026-01-23,38.4,7.8,13.3,2.4,2.2,1.9,12.2,6.9,966.5,962.0,66.0,normal
2026-01-24,21.04,3.9,6.2,1.6,22.8,1.1,9.4,0.0,967.3,959.4,88.0,normal
2026-01-25,11.25,6.4,11.9,0.9,2.6,2.8,13.1,5.9,970.3,965.5,78.0,collapse
2026-01-26,35.52,7.4,12.1,2.8,0.0,2.5,9.2,5.1,974.2,968.3,72.0,normal
2026-01-27,28.82,7.5,9.8,5.2,9.2,1.1,10.0,0.0,971.4,959.4,92.0,normal
2026-01-28,28.06,7.1,9.7,4.5,0.0,2.2,11.4,2.4,967.6,959.5,64.0,normal
2026-01-29,26.09,6.4,12.8,-0.1,0.0,2.2,8.6,4.4,969.5,966.0,75.0,normal
2026-01-30,12.61,9.4,15.0,3.7,0.0,2.5,12.5,8.1,972.9,963.5,62.0,collapse
2026-01-31,5.57,8.8,13.3,4.3,0.0,3.3,15.3,8.2,978.0,961.5,61.0,collapse
2026-02-01,24.58,6.6,12.9,0.3,0.0,2.2,8.3,6.4,978.9,972.9,70.0,normal
2026-02-02,13.83,6.0,9.8,2.1,2.6,1.1,6.9,0.0,973.0,960.0,88.0,collapse
2026-02-03,32.74,7.8,13.9,1.6,0.0,1.7,7.5,8.3,969.3,963.4,66.0,normal
2026-02-04,17.22,5.7,11.7,-0.3,0.4,1.4,8.3,3.3,965.6,957.7,81.0,collapse
2026-02-05,6.3,6.6,11.8,1.4,3.0,1.9,9.4,1.5,961.7,953.6,87.0,collapse
2026-02-06,9.39,11.4,15.9,6.9,0.2,1.9,10.0,8.0,968.7,959.8,62.0,collapse
2026-02-07,6.85,9.6,13.4,5.7,3.8,3.6,12.5,7.7,973.4,968.4,62.0,collapse
2026-02-08,5.92,8.9,14.3,3.5,0.0,1.4,8.1,5.3,974.0,966.9,78.0,collapse
2026-02-09,20.95,7.9,13.4,2.4,1.0,1.9,9.7,6.3,974.3,972.2,70.0,normal
2026-02-10,4.69,12.4,18.2,6.6,0.2,2.2,14.2,3.3,972.5,968.2,81.0,collapse
2026-02-11,4.23,14.4,18.6,10.3,8.2,5.0,20.6,5.6,973.9,966.0,58.0,collapse
2026-02-12,5.7,13.2,15.9,10.6,0.0,8.3,23.3,9.0,973.7,965.1,45.0,collapse
2026-02-13,4.42,8.7,11.1,6.3,17.6,2.2,11.9,0.0,972.5,952.0,89.0,collapse
2026-02-14,2.13,12.0,17.3,6.8,0.0,3.9,13.6,9.0,978.3,955.2,50.0,collapse
2026-02-15,1.55,8.9,14.1,3.7,0.0,2.2,10.3,6.5,984.4,978.0,62.0,collapse
2026-02-16,4.4,11.1,18.5,3.7,0.0,3.6,14.4,6.8,981.9,977.2,72.0,collapse
2026-02-17,26.78,12.2,18.4,6.1,0.0,2.5,9.4,9.1,985.5,979.5,64.0,normal
2026-02-18,18.24,12.3,18.0,6.6,0.0,1.4,7.2,4.9,985.1,973.1,75.0,collapse
2026-02-19,14.87,10.6,14.3,6.9,0.0,6.7,19.2,8.2,983.6,973.1,55.0,collapse
2026-02-20,28.38,8.8,15.4,2.3,0.0,3.3,11.9,4.9,993.8,983.6,62.0,normal
2026-02-21,29.11,9.6,17.9,1.2,0.0,1.7,4.7,9.3,997.6,993.8,68.0,normal
2026-02-22,22.21,11.4,21.3,1.5,0.0,1.1,5.6,8.9,995.6,991.2,62.0,normal
2026-02-23,34.82,12.5,22.1,2.9,0.0,1.4,5.3,9.2,992.5,988.1,64.0,normal
2026-02-24,28.25,12.8,22.8,2.9,0.0,0.8,3.6,9.5,989.7,983.0,64.0,normal
2026-02-25,29.9,10.4,18.0,2.9,0.0,1.7,8.9,9.4,991.2,985.0,73.0,normal
2026-02-26,27.38,11.0,19.8,2.1,0.0,1.9,8.3,9.4,994.1,990.8,69.0,normal
2026-02-27,20.1,10.2,17.8,2.7,0.0,2.2,7.5,7.7,992.4,986.9,69.0,normal
2026-02-28,14.5,10.0,14.0,6.0,0.0,1.4,5.6,0.3,991.6,988.7,77.0,collapse
2026-03-01,15.0,11.2,16.6,5.7,0.0,1.4,5.6,4.7,991.9,988.0,72.0,collapse
2026-03-02,18.36,9.4,15.2,3.7,0.0,1.4,6.1,3.5,988.4,984.5,82.0,collapse
2026-03-03,28.43,12.2,17.5,6.8,0.0,1.7,10.0,1.3,987.8,985.9,71.0,normal
2026-03-04,56.51,14.1,17.1,11.1,0.6,3.9,10.0,3.5,987.3,984.3,67.0,normal
2026-03-05,90.14,12.5,14.3,10.7,22.8,1.9,10.8,0.0,984.3,977.9,88.0,normal
2026-03-06,63.24,11.2,12.7,9.6,15.4,1.4,9.2,0.2,983.4,978.2,93.0,normal
2026-03-07,62.57,12.0,15.2,8.8,0.6,1.7,9.2,3.2,987.8,982.9,81.0,normal
2026-03-08,78.69,10.4,14.8,6.0,4.8,0.8,4.4,1.8,988.3,986.3,86.0,normal
2026-03-09,119.42,10.6,16.1,5.0,2.2,1.1,7.2,5.0,988.3,983.6,79.0,spike
2026-03-10,136.86,11.0,15.3,6.7,0.0,1.7,6.7,6.8,989.6,984.9,74.0,spike
2026-03-11,104.03,11.6,17.8,5.3,0.6,1.4,9.7,3.8,990.9,988.3,73.0,spike
2026-03-12,71.2,11.6,17.9,5.4,0.0,0.8,6.9,5.4,992.2,987.4,71.0,normal
2026-03-13,37.89,11.7,20.1,3.3,0.0,2.2,7.5,9.8,988.0,975.2,73.0,normal
2026-03-14,14.39,8.8,14.0,3.5,1.2,1.7,10.3,0.4,975.2,967.3,80.0,collapse
2026-03-15,6.44,9.8,17.7,1.9,0.0,3.1,14.2,10.6,982.9,971.3,30.0,collapse
2026-03-16,37.18,9.3,18.5,0.1,0.0,1.7,7.8,10.6,987.1,982.8,54.0,normal
2026-03-17,49.05,12.2,21.6,2.8,0.0,2.2,8.6,10.7,985.2,978.6,64.0,normal
2026-03-18,28.88,11.4,19.2,3.6,0.0,1.9,11.4,10.5,981.9,974.2,71.0,normal
2026-03-19,24.95,9.4,14.1,4.6,0.0,1.4,7.8,1.3,983.9,981.7,68.0,normal
2026-03-20,37.57,9.2,17.6,0.7,0.0,2.2,9.7,10.6,983.4,979.8,54.0,normal
2026-03-21,41.47,9.1,18.4,-0.2,0.0,1.9,9.7,10.9,981.0,976.1,51.0,normal
2026-03-22,28.15,10.4,19.2,1.6,0.2,1.7,8.9,8.5,978.0,973.5,63.0,normal
2026-03-23,33.81,12.1,17.6,6.6,0.0,1.9,10.0,7.3,987.6,978.0,66.0,normal
2026-03-24,54.34,12.0,19.6,4.5,0.0,1.7,7.5,9.5,989.9,985.7,65.0,normal
2026-03-25,19.05,11.8,19.9,3.7,0.0,1.7,10.8,11.0,987.6,977.7,56.0,collapse
2026-03-26,5.02,10.6,17.6,3.5,0.0,3.1,10.8,11.0,982.3,977.4,60.0,collapse
2026-03-27,9.04,11.0,18.0,4.0,0.0,2.5,11.1,10.2,984.0,978.6,54.0,collapse
2026-03-28,3.03,9.7,17.1,2.3,0.4,1.9,9.4,9.6,985.8,982.3,57.0,collapse
2026-03-29,0.18,8.8,14.9,2.6,0.0,4.4,20.8,9.5,990.4,982.5,31.0,collapse
2026-03-30,10.58,9.2,19.6,-1.2,0.0,3.6,10.8,11.1,991.2,983.1,50.0,collapse
2026-03-31,7.56,11.6,18.8,4.3,0.0,3.1,12.5,9.3,984.7,981.9,62.0,collapse
2026-04-01,5.15,11.6,19.6,3.5,0.0,2.8,15.3,9.4,984.0,978.4,46.0,collapse
2026-04-02,5.0,11.0,18.7,3.3,0.0,2.5,8.9,5.6,982.4,976.4,48.0,collapse
2026-04-03,14.44,12.6,20.7,4.4,0.0,2.2,8.3,11.3,988.8,981.8,46.0,collapse
2026-04-04,21.21,14.8,24.5,5.0,0.0,1.9,10.0,11.4,990.2,986.8,54.0,normal
2026-04-05,23.15,15.6,25.2,6.1,0.0,2.5,9.7,11.3,991.9,988.4,55.0,normal
2026-04-06,19.4,15.5,24.8,6.2,0.0,2.2,8.9,11.4,992.0,988.0,47.0,collapse
2026-04-07,33.47,14.6,25.3,4.0,0.0,2.5,8.9,10.7,990.0,984.8,45.0,normal
2026-04-08,63.21,16.4,27.3,5.4,0.0,2.5,8.3,11.2,987.1,984.3,45.0,normal
2026-04-09,53.2,17.4,28.3,6.5,0.0,1.9,8.1,11.0,986.8,982.5,41.0,normal
2026-04-10,44.48,18.4,28.3,8.4,0.0,2.5,9.7,10.7,985.3,980.0,42.0,normal
2026-04-11,28.91,18.2,27.8,8.6,0.0,2.2,11.7,5.6,981.3,975.2,40.0,normal
2026-04-12,13.33,12.7,16.2,9.2,10.0,1.7,7.8,0.0,977.4,973.8,78.0,collapse
2026-04-13,23.8,12.8,18.5,7.1,0.0,2.5,9.7,6.4,980.3,972.8,63.0,normal
2026-04-14,45.97,12.8,20.8,4.7,0.0,2.5,9.4,11.3,985.4,980.3,55.0,normal
2026-04-15,59.9,13.7,23.3,4.1,0.0,1.9,8.9,11.4,987.7,983.7,60.0,normal
2026-04-16,69.33,16.2,24.5,7.9,0.0,1.9,7.8,11.4,987.9,984.1,55.0,normal
2026-04-17,70.87,17.2,26.0,8.3,0.0,2.2,10.3,10.8,986.7,983.4,52.0,normal
2026-04-18,46.56,17.2,25.6,8.8,0.0,2.5,8.9,10.3,986.5,983.9,50.0,normal
2026-04-19,36.22,18.0,26.5,9.4,0.6,1.9,10.3,6.4,985.9,981.5,63.0,normal
2026-04-20,50.85,19.7,27.5,11.9,6.4,2.2,14.2,9.2,982.5,976.5,71.0,normal
2026-04-21,45.28,18.6,27.0,10.2,0.0,1.9,9.4,10.1,979.5,975.2,53.0,normal
2026-04-22,49.0,18.8,27.2,10.4,0.0,3.1,13.1,10.5,984.6,977.0,57.0,normal
2026-04-23,49.08,16.3,22.6,10.0,0.0,1.7,8.3,5.4,986.8,984.5,62.0,normal
2026-04-24,72.64,15.0,23.3,6.8,0.0,2.5,10.3,11.1,986.5,983.0,59.0,normal
2026-04-25,50.79,17.3,26.0,8.6,0.0,1.9,9.7,9.4,984.9,981.8,55.0,normal
2026-04-26,35.3,19.0,26.4,11.6,1.0,1.9,10.8,9.0,985.5,983.3,67.0,normal
2026-04-27,46.99,19.5,25.8,13.2,0.0,1.9,9.7,9.3,985.5,982.1,61.0,normal
2026-04-28,55.67,18.2,25.6,10.7,0.0,2.2,10.3,9.5,982.9,977.4,56.0,normal
2026-04-29,75.72,18.3,23.6,13.0,0.0,2.5,9.7,9.1,981.1,977.9,54.0,normal
2026-04-30,64.39,18.6,25.6,11.7,0.0,2.8,9.7,9.6,986.0,980.9,57.0,normal
