date,temp_mean_c,temp_max_c,temp_min_c,sunshine_hours,wind_speed_ms,wind_gust_ms,precip_mm,humidity_mean_pct,pressure_max_hpa,pressure_min_hpa,n_stations
2015-01-01,6.719342793129201,13.487154592979833,-0.07281553398058237,7.177371172516803,1.4178479931682324,5.824423569598634,0.0,62.06005004170141,996.8459549624688,991.8773144286906,15
2015-01-02,7.394324122479462,15.173263629574311,-0.35899925317401016,6.816878267363704,1.62732707087959,6.202732707087959,0.0,61.56964136780651,998.808757297748,995.9108423686405,15
2015-01-03,8.601792382374905,16.540403286034355,0.6401792382374906,7.715533980582524,1.8370623398804442,6.015542271562766,0.0,60.141125541125554,998.0729774812345,994.2217681401166,15
2015-01-04,9.223823749066465,16.667737117251683,1.8410007468259897,7.017102315160567,1.3509820666097352,6.091374893253629,0.004422032583397983,67.22185154295246,995.1239366138448,990.9854879065888,15
2015-01-05,8.378566094100075,15.18117998506348,1.5799850634802093,7.3272591486183725,1.1554227156276689,4.915713065755765,0.0029480217222653225,72.4008658008658,992.0680567139283,987.2531276063386,15
2015-01-06,7.028155339805824,12.728902165795372,1.373861090365945,5.731292008961911,1.1696840307429548,5.206404782237404,0.010550814584949574,78.43549783549786,989.4821517931608,985.8514595496246,15
2015-01-07,7.148767737117252,12.613069454817028,1.6661687826736373,4.79880507841673,1.178479931682323,5.4737830913748935,0.39720713731574864,79.4883116883117,993.8472060050042,989.1864053377814,15
2015-01-08,6.809036594473488,12.449663928304705,1.1775205377147124,5.240309372156506,1.4675491033304868,6.130230572160547,0.051195065535851965,79.9349457881568,1001.2511259382819,993.7521267723102,14
2015-01-09,8.021060492905153,14.71142643764003,1.3315160567587752,7.362658700522776,1.8582408198121263,6.155935098206661,0.08103061986557134,72.96997497914928,1002.6125938281901,999.1894078398665,15
2015-01-10,9.27378640776699,17.23517550410754,1.2956684092606423,7.163704256908141,1.480785653287788,6.796754910333048,0.21620612397311423,71.28940783986656,999.3391993327774,989.9278565471226,15
2015-01-11,8.947647498132934,15.680881254667664,2.238461538461538,6.040104555638535,1.6692570452604611,6.956447480785654,0.09753276792598302,71.83903252710593,994.8011676396997,988.8786488740617,15
2015-01-12,8.806721433905901,15.03517550410754,2.5907393577296487,6.278416728902167,1.4929120409906065,6.204867634500428,0.0,74.22768974145123,994.4216013344453,988.1542118432028,15
2015-01-13,9.96407766990291,16.57834204630321,3.34368932038835,6.532785660940999,1.8455166524338171,7.602561912894961,0.6186584425597533,66.09591326105087,988.7153461217683,983.1487906588823,15
2015-01-14,9.551008215085883,15.571172516803584,3.493651979088872,5.733681852128453,1.521263877028181,8.665072587532025,0.12696041822255413,72.03753127606338,988.008006672227,983.5187656380318,15
2015-01-15,9.843614637789395,16.39372666168783,3.2873039581777443,5.04891710231516,2.883005977796755,10.960631938514089,4.826343612334802,74.1050875729775,984.1257714762304,972.8740617180986,15
2015-01-16,8.151157580283792,12.13412994772218,4.186482449589246,2.5566094100074688,3.609906063193851,12.97480785653288,2.1241488519398253,72.19349457881569,981.2037531276062,971.1139282735614,15
2015-01-17,6.077371172516804,11.047647498132932,1.0784914115011202,6.3117251680358475,2.1956447480785655,8.217591801878736,1.2400322841000806,68.51125938281903,984.5801501251042,979.1056713928274,15
2015-01-18,5.199775952203136,9.775802837938759,0.6164301717699778,2.4947722180731886,2.3451750640478224,8.781725021349276,6.164301717699776,76.39032527105921,981.2537948290241,969.8449541284403,15
2015-01-19,5.932785660941001,8.479462285287527,3.393129200896191,2.272890216579537,2.9666951323654995,10.085567890691717,4.02913640032284,78.2900432900433,974.6412010008341,969.1263552960801,15
2015-01-20,5.330545182972368,9.18842419716206,1.510978342046303,3.088872292755788,2.184713919726729,8.159863364645602,1.9059553349875933,77.01751459549624,973.9273561301084,969.9680567139284,15
2015-01-21,5.251082897684838,9.53427931292009,0.9690814040328604,3.5998506348020904,2.918872758326217,11.36208368915457,1.9399551904406271,77.35670995670996,972.987906588824,969.4231025854879,15
2015-01-22,6.4311426437640025,10.61239731142644,2.2327109783420465,5.395519044062731,3.1919726729291207,11.454654141759182,1.1051530993278567,71.29357798165138,979.8638865721435,971.1783152627191,15
2015-01-23,6.704630321135175,12.00209111277072,1.3967139656460041,7.251008215085885,2.1785653287788214,9.399914602903502,0.06361520558572537,62.879899916597175,984.5767306088408,979.5211009174313,15
2015-01-24,6.574383868558625,12.547423450336073,0.5707244212098582,7.142046303211351,2.2136635354397955,9.145772843723314,0.21665387567152725,61.5838198498749,987.0924937447872,983.5598832360299,15
2015-01-25,9.000298730395816,15.131590739357728,2.8635548917102316,7.715907393577296,2.5162254483347564,11.37779675491033,0.019118745332337567,43.67306088407007,987.7604670558801,983.7494578815679,15
2015-01-26,7.242120985810305,13.449887976101568,1.0380134428678116,6.531590739357728,1.6635354397950473,6.593424423569598,0.25218726016884113,57.9791492910759,989.6219349457883,986.5663886572142,15
2015-01-27,8.077221807318896,14.060343539955186,2.1215085884988794,5.812696041822255,2.0163108454312555,8.276857386848848,0.276235294117647,70.24520433694747,989.5737281067558,984.4894912427021,15
2015-01-28,8.434652725914862,14.528379387602689,2.3357729648991783,7.03412994772218,1.5526046114432108,7.2753202391118705,0.16221060492905154,68.79816513761469,986.53352793995,980.8165971643035,15
2015-01-29,9.60552651232263,15.286631814787155,3.9393577296489917,5.076624346527259,4.5796754910333055,16.302903501280955,3.3811053024645257,66.33277731442868,981.2646371976647,964.8054211843204,15
2015-01-30,13.149215832710976,16.190365944734875,10.128902165795369,3.0385362210604927,5.80871050384287,20.389837745516655,10.417625093353248,72.40783986655546,965.1817347789826,955.8187656380317,15
2015-01-31,9.506273338312173,13.705153099327855,5.351904406273339,4.9622852875280055,5.783005977796756,19.4932536293766,3.5112023898431666,68.66305254378648,968.204920767306,953.7753127606337,15
2015-02-01,7.119193427931291,10.753398058252426,3.5147871545929794,6.408663181478715,4.9014517506404784,14.843524229074893,3.3529499626587005,61.97831526271894,975.5677231025854,967.7582151793162,15
2015-02-02,6.603211351755039,10.278566094100075,2.9804331590739355,2.1097834204630317,3.1748078565328774,11.069598633646457,2.89193427931292,76.36447039199332,975.2603002502085,964.6795663052544,15
2015-02-03,7.958775205377148,11.475056011949214,4.4235997012696044,4.679131255901794,4.195559350982067,14.94133219470538,4.318745332337565,74.39199332777314,966.6246038365305,960.32093411176,14
2015-02-04,4.836743838685586,7.736669156086631,1.9005974607916352,3.9404032860343534,3.903561643835616,13.406233988044407,3.064301717699776,66.97247706422019,969.7437030859049,961.0065054211842,15
2015-02-05,5.369305451829724,9.586781179985062,1.1539208364451081,7.070948469006721,4.143637916310845,13.948505550811273,0.9410754294249439,48.58465387823186,974.3951626355297,968.3940783986656,15
2015-02-06,3.7375653472740846,8.123300970873787,-0.6389843166542196,6.031516056758774,3.1205807002561916,11.478052946199828,0.6948693126815101,58.26271893244371,975.9734778982485,970.9240200166805,15
2015-02-07,3.7058252427184466,8.45713218820015,-1.0278566094100072,3.887079910380881,1.9186165670367208,7.372331340734414,0.6188946975354741,68.80984153461219,983.787322768974,975.359633027523,15
2015-02-08,4.919716206123973,10.375504107542941,-0.5507094846900672,7.850261389096338,2.4790777113578137,8.688471391972673,0.11787878787878787,64.49791492910761,984.647789824854,980.2185154295246,15
2015-02-09,5.351306945481702,11.178640776699028,-0.5005974607916355,6.769006721433906,2.2462852263023056,8.531682322801025,2.8247946228528753,68.50041701417847,986.6834028356965,981.6763969974979,15
2015-02-10,7.5574309185959665,13.124495892457054,1.9617625093353244,5.441822255414488,1.468915456874466,5.829718189581554,0.08273561301084238,69.31025854879069,985.7376980817348,981.6688073394496,15
2015-02-11,7.813442867811799,12.711575802837936,2.9262135922330095,3.1589992531740094,1.5875320239111872,6.330315969257045,0.38081058726220024,72.20433694745618,983.2566305254379,980.0331943286072,15
2015-02-12,8.898866855524078,12.379225684608123,5.390368271954675,2.860339943342776,1.467292912040991,5.906060606060607,1.8249754178957716,73.38448707256046,981.5056583242656,977.4652883569098,14
2015-02-13,9.35683345780433,15.259223300970872,3.4309185959671398,7.202613890963405,2.7639624252775405,11.07711357813834,0.3608076009501187,67.35757575757577,983.2557130942453,979.6227689741451,15
2015-02-14,9.986706497386109,14.380582524271846,5.645929798356983,3.022255414488424,3.5885567890691714,12.730999146029035,2.9163554891710226,70.6463719766472,980.4202668890742,973.9025020850709,15
2015-02-15,11.55847647498133,15.604480955937264,7.498655713218819,4.884092606422703,3.189069171648164,11.582152006831764,2.149878934624697,74.02835696413678,977.8116763969974,971.3276063386156,15
2015-02-16,10.455265123226287,15.123823749066464,5.8059746079163554,4.758551157580284,2.7269854824935953,10.275661827497865,5.970201643017178,70.66138448707257,982.0372810675564,977.5034195162634,15
2015-02-17,9.06086631814787,12.19432412247946,5.9138162808065715,2.7046303211351757,3.5186165670367218,12.67275832621691,2.4129943502824855,70.50625521267725,991.8915763135946,981.0075896580483,15
2015-02-18,8.890515309932786,12.98775205377147,4.781553398058253,4.688424197162061,2.8700256191289495,9.916396242527755,0.08207617625093354,65.38698915763138,993.4013344453712,989.3755629691409,15
2015-02-19,8.598805078416728,13.77027632561613,3.4176997759522028,6.283793876026886,2.4565328778821525,8.817421007685738,0.30769230769230765,70.20433694745621,992.5555462885737,987.3271893244373,15
2015-02-20,8.825690814040328,13.984690067214336,3.6200149365197904,5.746975354742345,2.342698548249359,8.208112724167378,2.5212845407020166,70.60800667222685,989.5029955947138,974.8165971643037,15
2015-02-21,9.416131441374159,13.774906646751306,5.0429424943988055,3.3375653472740847,3.821178479931682,12.371221178479932,4.6582439024390245,71.16211453744494,977.1223788546256,968.6434361233481,15
2015-02-22,9.547871545929796,14.893651979088872,4.1958177744585505,7.149813293502612,3.5008539709649877,12.960546541417592,0.6466766243465272,53.50925110132158,978.5090748898679,972.7759471365641,15
2015-02-23,11.51516056758775,16.785660941000746,6.2362210604929045,4.64973861090366,4.336549957301452,15.99060631938514,3.0455748552522746,67.26167400881057,979.6753303964756,974.2211453744493,15
2015-02-24,9.638909634055263,13.268035847647496,6.039357729648992,6.671471247199403,4.717079419299745,16.166865926558497,3.406352941176471,57.025550660792945,988.0118942731277,978.6201762114537,15
2015-02-25,10.939955190440626,15.783047050037341,6.113816280806573,5.855713218820014,4.687275832621691,13.405636208368914,1.809634055265123,55.59966638865722,986.6666388657214,982.9743119266054,15
2015-02-26,12.758999253174013,17.763181478715456,7.78319641523525,4.585735623599701,2.7871904355251913,11.362852263023054,1.6564705882352941,68.72393661384487,985.0097581317765,980.6856547122602,15
2015-02-27,10.98521284540702,16.126811053024642,5.800298730395817,7.872815533980581,3.7638770281810414,12.70478223740393,0.2843166542195668,58.566305254378655,984.8015846538783,979.5454545454544,15
2015-02-28,10.014637789395069,16.649738610903658,3.3334578043315903,7.076250933532486,2.4654995730145175,9.066780529462,0.7749802058590655,62.26188490408674,985.2167639699751,981.5606338615514,15
2015-03-01,14.238536221060492,19.94167289021658,8.507841672890217,6.496265870052276,2.6688300597779673,9.08949615713066,1.2481393507521772,65.33944954128441,984.9635529608005,981.5629691409508,15
2015-03-02,15.105675877520534,20.536669156086635,9.678416728902166,5.869724770642202,2.6174210076857385,10.449188727583264,1.2351089588377724,70.17097581317765,985.9494578815682,981.9381984987491,14
2015-03-03,13.305227781926806,18.015011202389843,8.606497386109037,5.843091859596713,1.7988044406490182,8.0467122117848,1.3843777581641659,77.33861551292746,987.2565471226021,983.6773978315264,15
2015-03-04,11.39880507841673,16.457132188200145,6.35362210604929,6.273412994772219,3.105807002561913,11.735269000853972,0.8849874895746453,62.12640692640693,993.0314428690576,985.5821517931611,15
2015-03-05,10.080657206870798,16.84503360716953,3.3163554891710225,10.063480209111278,3.2054654141759182,12.841915085817524,0.0,35.57881567973312,993.0269391159298,988.0531276063386,15
2015-03-06,9.924495892457056,18.475130694548174,1.3625093353248692,10.332337565347274,1.9995730145175066,7.469513236549957,0.0,47.02919099249374,992.4276063386156,988.4234361968307,15
2015-03-07,12.300074682598954,22.32830470500373,2.2796116504854367,9.58640776699029,1.7715627668659268,8.384030742954739,0.0,47.27189324437032,991.0199332777314,985.1522935779817,15
2015-03-08,11.67565347274085,19.23599701269604,4.112621359223301,8.448469006721433,2.0695986336464562,8.103586678052945,0.0,52.16430358632193,986.4801501251044,983.3262718932444,15
2015-03-09,12.66467513069455,20.47580283793876,4.850933532486931,9.592755787901421,1.7798462852263024,6.5351836037574715,0.0,50.46455379482903,986.3659716430359,983.3932443703085,15
2015-03-10,12.917102315160564,20.99156086631815,4.84100074682599,9.673263629574308,2.103586678052946,7.013065755764305,0.0,52.63052543786489,987.5642201834864,984.2396163469559,15
2015-03-11,14.367737117251677,23.427781926811058,5.286258401792382,8.66437640029873,1.7641332194705381,6.736635354397951,0.0,55.163469557964966,986.9522935779815,983.1885738115096,15
2015-03-12,14.011053024645259,22.315011202389847,5.7058999253174,9.062434652725914,2.425021349274125,8.950042698548252,0.29545454545454536,54.58961038961039,984.6723102585489,979.7044203502919,15
2015-03-13,12.303136669156086,17.546004480955936,7.046676624346526,6.661239731142643,2.625423728813559,9.605721605465414,0.588313725490196,61.99749791492911,984.5511259382818,981.3082568807341,15
2015-03-14,9.59678942398489,14.021624173748819,5.15561850802644,5.5907459867799805,2.8480359147025816,10.841863075196407,2.0029501525941,58.275299238302516,983.223177366703,979.2838955386292,14
2015-03-15,8.055240793201133,13.109726156751652,2.995467422096317,5.8003777148253075,2.188664421997756,7.8741863075196425,0.9142587346553352,60.878857142857136,980.5967355821545,975.6089227421112,14
2015-03-16,9.156373937677053,14.884041548630783,3.448725212464589,8.733050047214354,2.204264870931538,7.976767676767677,0.11192118226600985,57.33841131664853,979.2642002176281,975.8317736670294,14
2015-03-17,9.554667662434651,15.8445855115758,3.2719193427931286,6.582225541448842,3.112809564474808,9.967805294619984,2.1338473400154196,64.65888240200167,981.1050041701418,977.1830692243536,15
2015-03-18,10.421807318894698,13.490216579536966,7.358999253174009,1.364002987303958,2.7910333048676335,9.899316823228013,4.971392827356131,76.4862385321101,980.9964136780652,977.5013344453713,15
2015-03-19,11.654891710231514,14.76758775205377,8.536071695294995,1.3985835694050992,3.9307429547395385,11.96336464560205,1.7546318289786218,78.19826839826841,979.0938281901587,975.2729774812345,14
2015-03-20,11.606123973114263,14.06415235250187,9.149215832710977,1.1229275578790139,4.611784799316823,13.77062339880444,5.912920089619119,74.53073593073596,976.5688073394494,971.2291909924938,15
2015-03-21,11.510082150858848,14.625914861837192,8.398431665421956,3.142612942612942,2.637489325362938,11.185824081981213,10.92150858849888,87.44415584415584,972.2876563803169,969.3790658882401,13
2015-03-22,11.197610156833456,14.32591486183719,8.09044062733383,2.8752053771471244,2.8136635354397947,9.746968403074295,5.463219349457883,82.3561301084237,973.3240200166806,969.8438698915763,15
2015-03-23,10.768409260642269,13.595369678864822,7.945631067961165,1.264824495892457,2.3181576616474757,8.397096498719044,7.785250965250966,83.66839826839828,973.7447039199332,966.7212677231028,15
2015-03-24,10.688872292755786,13.600672143390588,7.77632561613144,2.0165795369678863,3.6383981154299185,11.520538720538724,9.492830470500373,80.87322768974146,970.5036697247707,965.4078398665555,15
2015-03-25,9.30552651232263,13.539208364451085,5.092457057505601,5.5810306198655715,4.558810325476993,14.236139169472505,0.8219531880548832,60.90408673894913,974.7929941618013,967.6672226855716,15
2015-03-26,9.894244052187261,15.911665387567155,3.9281657712970066,6.537415982076176,3.1129068462401808,11.539618406285076,1.5650039588281865,60.400333611342774,981.4352793994996,974.4063386155129,15
2015-03-27,14.80776699029126,21.346601941747572,8.27259148618372,8.692606422703511,2.694163860830528,9.209876543209877,0.460941000746826,63.28273561301084,986.9039199332778,981.1182652210176,15
2015-03-28,16.3083644510829,23.007393577296487,9.663853622106048,8.772666168782674,2.42648709315376,9.07732884399551,0.028859581070597367,58.95246038365305,987.8502085070892,984.372810675563,15
2015-03-29,16.230171769977595,23.235548917102317,9.2268857356236,7.522628827483196,2.3751964085297423,8.560942760942762,0.027607843137254902,58.24603836530443,986.9249374478733,983.4372810675563,15
2015-03-30,17.81979088872293,25.308439133681848,10.321284540702017,7.6548917102315155,2.882379349046017,9.610662177328843,0.0,52.52460383653045,987.720016680567,983.8236864053378,15
2015-03-31,17.254777070063696,24.334212920837132,10.179890809827118,10.390888722927558,2.4472502805836145,8.600112233445568,0.040029873039581776,54.12844036697248,988.3001668056713,984.1067556296914,15
2015-04-01,14.844062733383119,21.22561613144137,8.433905899925318,9.990814040328603,2.9236812570145907,9.591919191919194,0.0,56.25187656380317,989.4195162635529,985.6034195162634,15
2015-04-02,14.385959671396561,22.155339805825243,6.650037341299478,10.392457057505599,2.233894500561168,7.576879910213245,0.0,54.41117597998333,987.7425354462052,982.5897414512093,15
2015-04-03,14.6731142643764,22.122927557879017,7.251829723674384,9.280358476474982,2.3773288439955116,7.4725028058361405,0.021666666666666664,58.878231859883236,983.6642201834862,976.8600500417014,15
2015-04-04,14.129051530993276,19.4336071695295,8.855638536221058,7.636594473487677,2.9501683501683504,9.134567901234568,0.02651515151515151,61.540450375312766,977.5271059216014,973.4789824854043,15
2015-04-05,13.701120238984316,20.22486930545183,7.177744585511575,9.355414488424193,3.280359147025814,10.204264870931539,0.6353995519044062,62.51459549624689,976.5332777314428,971.704920767306,15
2015-04-06,13.608812546676624,18.5,8.739955190440627,6.842569081404032,3.3485970819304156,10.403591470258137,0.2327109783420463,62.88490408673895,982.8904920767308,975.9371142618849,15
2015-04-07,12.424495892457054,17.81628080657207,7.038162808065722,7.389619118745332,4.398877665544333,11.617283950617283,0.14817027632561613,60.17597998331943,988.3476230191827,982.443953294412,15
2015-04-08,12.572218073188946,18.296938013442865,6.850485436893203,8.937714712471994,4.180246913580247,12.05129068462402,1.3953227315247896,51.37197664720599,988.5584653878232,984.3789824854045,15
2015-04-09,12.178790141896936,16.841822255414485,7.518670649738612,3.8908140403286033,3.053198653198654,9.428170594837262,2.2057505601194918,64.26855713094245,986.7822351959967,984.1922435362802,15
2015-04-10,13.4504854368932,18.5647498132935,8.311351755041075,6.6525765496639275,2.4177328843995514,8.086531986531988,0.5308788598574822,63.663052543786485,986.3018348623852,982.1383653044203,15
2015-04-11,13.609858103061987,19.09604182225541,8.131814787154592,5.6727408513816275,2.332884399551067,8.325701459034793,0.1339950372208437,67.17681401167638,987.7065054211843,983.4489574645539,15
2015-04-12,14.829723674383866,20.60067214339059,9.06340552651232,7.428976848394323,3.3886644219977557,10.483052749719416,0.0,61.21768140116763,988.2209341117597,984.9572977481234,15
2015-04-13,16.002389843166544,22.46848394324122,9.535922330097087,9.669391159299417,3.5189674523007866,11.296408529741862,0.08961911874533235,53.62135112593828,988.5767306088408,985.3920767306089,14
2015-04-14,16.596863330843917,23.878790141896932,9.31650485436893,8.306338615512928,4.381481481481482,12.377665544332212,0.09297820823244551,46.35446205170975,987.1321934945787,980.5729774812344,14
2015-04-15,15.01867064973861,20.236743838685584,9.792083644510829,2.980059746079163,3.4314253647586987,11.115151515151519,2.8837938760268855,56.47206005004171,981.8051709758133,976.1884070058381,15
2015-04-16,15.394473487677368,20.36579536967886,10.450261389096339,4.866990291262136,3.1821548821548826,10.735465768799102,2.418724778046812,69.54378648874061,979.3628857381152,975.3317764804004,15
2015-04-17,16.085138162808065,22.13308439133682,10.0596713965646,8.568857356235997,2.8010101010101014,8.673849607182941,1.3019186492709132,63.70975813177649,980.1100917431194,976.7321934945787,15
2015-04-18,15.413890963405528,21.473562359970128,9.34480955937267,8.998431665421958,3.6139169472502815,11.52727272727273,1.1869803921568627,61.55796497080901,978.7809007506257,973.3261884904086,15
2015-04-19,15.099327856609412,20.550336071695288,9.601643017176997,9.417998506348022,3.5760942760942767,10.129854096520765,0.011725168035847645,58.19349457881569,980.4527939949958,974.8814011676398,15
2015-04-20,14.8303211351755,21.504630321135174,8.124570575056012,10.825093353248693,2.392817059483727,8.588103254769923,0.0,57.72727272727273,983.440366972477,979.6728940783987,15
2015-04-21,16.01045556385362,21.955265123226287,10.084914115011202,8.388200149365197,3.656565656565657,11.149719416386086,0.05225653206650831,58.29858215179317,984.0988323603003,980.9264386989158,15
2015-04-22,16.293651979088867,21.51941747572816,11.08155339805825,6.367363704256907,2.380134680134681,9.738945005611674,1.2497386109036595,58.70058381984988,983.8932443703085,979.2067556296914,15
2015-04-23,16.394548170276323,23.854518297236744,8.924570575056011,10.138984316654218,1.9987654320987656,7.677328843995512,0.14431731502669715,54.90909090909091,981.5750625521268,977.0341117597999,15
2015-04-24,16.878043315907394,23.946377893950714,9.78506348020911,6.390963405526511,2.573961840628508,8.769023569023572,0.2748319641523525,59.74478732276898,979.1020850708925,974.5121768140118,15
2015-04-25,17.617774458551157,22.77430918595967,12.480433159073936,4.659970126960417,3.2683501683501692,10.321436588103255,2.07457898957498,62.07256046705587,976.8271893244373,972.675312760634,15
2015-04-26,16.515533980582525,21.16400298730396,11.874682598954442,3.7021657953696785,3.1127946127946133,14.664983164983168,6.696041822255416,75.22101751459552,973.7795663052544,967.2114261884903,15
2015-04-27,15.810754294249438,20.528379387602687,11.084316654219565,6.644510828976848,4.750953984287318,13.747362514029183,1.4514509803921565,62.38448707256046,977.5173477898248,969.517597998332,15
2015-04-28,15.343689320388348,21.950261389096337,8.757206870799104,10.024943988050781,2.5471380471380476,8.560157126823794,0.09380134428678116,54.17180984153461,981.5482068390326,976.8450375312763,15
2015-04-29,16.01911874533234,22.04585511575803,9.970873786407768,8.236743838685586,2.985072951739619,9.7304152637486,0.027335907335907336,60.01584653878231,982.345871559633,978.2856547122601,15
2015-04-30,16.87012696041822,23.81657953696789,9.888274831964152,9.948543689320388,2.4866442199775536,7.977553310886646,1.26710628394104,56.69808173477898,982.4679733110926,978.0914929107588,15
2015-05-01,18.990330007674594,25.78825786646202,12.217191097467385,7.100448095593726,3.7133557800224475,11.459034792368127,0.41822255414488424,53.940670679277744,979.3973311092576,974.7609674728941,15
2015-05-02,21.4191097467383,28.62993092862624,14.201995395241749,8.807766990291263,2.7695847362514034,9.417957351290687,0.7539393939393938,53.9415305245056,977.4771476230192,972.0388657214346,15
2015-05-03,21.781734458940907,28.734382194934767,14.800306983883345,6.188424197162061,2.4101010101010107,9.490235690235693,0.8792390405293633,50.76440240756664,974.0145120934112,970.7701417848208,15
2015-05-04,21.561703760552568,27.1390636991558,16.00644666155027,4.427632561613143,3.8921436588103266,18.502693602693604,0.9257377049180329,54.05760963026655,972.9081734778983,966.5246872393661,15
2015-05-05,19.233768227168078,24.696699923254023,13.808135072908673,6.868633308439134,3.2721661054994398,13.959932659932662,0.24256908140403288,53.08340498710232,977.2152627189325,969.705504587156,15
2015-05-06,18.337375287797393,25.460782808902533,11.215118956254798,11.742270351008216,2.4197530864197536,10.697867564534233,0.004182225541448842,47.80395528804816,981.490742285238,976.6037531276065,15
2015-05-07,18.283653108211816,26.177129700690717,10.3752110514198,11.254368932038833,3.071941638608306,9.703703703703706,0.4364451082897685,51.51934651762684,981.4278565471227,975.5459549624688,15
2015-05-08,19.354796623177283,26.497620874904065,12.163704256908142,11.243017176997757,4.194276094276095,12.17699214365881,0.016962220508866616,52.43250214961307,984.3625521267724,976.557714762302,15
2015-05-09,20.38296239447429,27.72325402916347,13.02517267843438,11.243465272591484,2.229180695847363,7.930864197530866,0.0,50.34995700773861,986.5314428690574,983.0301084236863,15
2015-05-10,21.303837298541826,29.185955487336916,13.42325402916347,11.172740851381626,2.770707070707071,8.23692480359147,0.0,47.1719690455718,985.665387823186,981.2432860717266,15
2015-05-11,21.42256331542594,29.20368380660015,13.638142747505757,11.634204630321133,2.1949494949494954,7.62895622895623,0.0,43.23989681857266,983.992910758966,980.9221851542951,15
2015-05-12,21.489485801995396,30.41980046047582,12.500844205679199,11.42994772218073,2.286756453423121,7.661167227833896,0.0,41.677558039552885,984.8701417848208,981.6259382819017,15
2015-05-13,23.58948580199539,32.70253261703761,14.466001534919414,9.265646004480955,2.7584736251402924,9.753423120089787,0.09858103061986558,44.089423903697345,984.962635529608,979.6417848206839,15
2015-05-14,24.784420567920183,33.1928626247122,16.326861089792786,7.848767737117252,4.447362514029182,15.82132435465769,0.27424826522744794,33.262734584450406,980.851125938282,973.3766472060049,15
2015-05-15,19.12985418265541,25.533614735226397,12.69961627014582,10.801792382374908,4.172390572390573,11.829020556227329,0.9220313666915608,39.70421324161651,984.5819015846539,976.937114261885,15
2015-05-16,18.76032233307751,26.490099769762086,11.088257866462008,11.858849887976103,3.0810325476992153,10.37295173961841,0.03363636363636363,38.23949955317248,986.762635529608,983.3577147623021,15
2015-05-17,19.35894090560245,27.459401381427472,11.315425940138143,12.285138162808066,3.1822671156004496,9.239281705948372,0.02613890963405526,46.24307417336908,985.770892410342,979.3551292743955,15
2015-05-18,20.246124328472757,28.147659247889482,12.360552570990022,11.352128454070202,2.7711560044893377,9.422446689113356,0.2868936170212766,44.93386952636283,980.276396997498,972.3370308590493,15
2015-05-19,17.013430544896394,21.27697620874904,12.729470452801225,4.603958177744586,4.713804713804714,12.998653198653201,3.7560119492158317,69.70688114387845,978.8704753961637,972.5211843202668,15
2015-05-20,15.863699155794322,21.110821181887946,10.546975354742342,8.027184466019417,3.7491582491582496,12.37182940516274,0.7894117647058824,55.16079105760963,984.0466221851541,978.4050875729773,15
2015-05-21,16.188334612432843,22.129700690713737,10.225479662317728,10.978640776699027,3.6249158249158255,10.923007856341192,0.09694117647058824,44.70593293207224,986.595329441201,983.1791492910759,15
2015-05-22,15.712509593246354,22.289255564082886,9.126630851880275,11.365795369678866,4.166778900112234,11.127721661054997,0.0351008215085885,45.36629406706793,986.024186822352,980.3004170141786,15
2015-05-23,16.807828089025325,23.685111281657704,9.905750560119493,10.627109783420464,3.7578002244668913,10.42861952861953,0.007991038088125466,47.19260533104042,981.7533778148455,976.7316096747288,15
2015-05-24,17.46354566385265,23.165157329240213,11.796623177283191,5.844137415982075,3.6221099887766557,11.014927048260382,0.00516545601291364,48.811693895098884,979.7346955796498,977.2104253544622,15
2015-05-25,18.59861857252494,25.475594781273983,11.701458173445895,8.85384615384615,3.4379349046015717,10.385634118967456,0.02613890963405526,49.09716251074807,980.4125938281901,977.2603002502084,15
2015-05-26,19.65095932463546,26.693630084420562,12.606139677666922,11.588498879761016,3.3126823793490465,10.150505050505053,0.00888722927557879,46.716251074806536,980.8998331943286,977.2069224353629,15
2015-05-27,19.588795088257864,26.275134305448958,12.809111277072441,10.446751306945483,3.1817059483726156,9.24848484848485,0.009559372666168783,50.65176268271711,981.7503753127606,978.2302752293577,15
2015-05-28,20.61120491174213,27.86369915579432,13.383115886415961,11.539731142643763,2.960606060606061,9.1645342312009,0.029873039581777446,50.251074806534824,981.14670558799,976.4496246872395,15
2015-05-29,20.036967886482444,26.63121732636296,13.47528005974608,9.044137415982076,3.4039281705948374,11.307070707070709,0.13711426188490408,50.07089241034195,978.8839866555466,974.661217681401,15
2015-05-30,19.585138162808065,26.578790141896935,12.616878267363703,11.299103808812548,2.883501683501684,9.626150392817058,0.40866318147871544,51.51793160967473,980.4853211009173,977.1046705587991,15
2015-05-31,20.26019417475728,27.160119492158323,13.322852875280057,10.093203883495145,2.900785634118968,10.363973063973065,0.2339058999253174,54.47706422018349,980.3825688073393,977.7173477898247,15
2015-06-01,21.30470500373413,27.77647498132934,14.85631067961165,9.509841534612178,3.7344556677890015,11.077328843995511,0.18581030619865568,53.95996663886572,980.8781484570475,977.9179316096748,14
2015-06-02,21.966691560866316,29.12120985810306,14.832412247946229,11.187489574645538,3.3034792368125707,10.20628507295174,0.0782673637042569,51.544620517097584,982.3859883236031,979.3691409507923,14
2015-06-03,23.078566094100076,29.680283793876022,16.456758775205376,9.782068390325273,3.3668911335578007,9.719640852974187,0.0,45.949958298582146,983.5712260216848,980.817264386989,14
2015-06-04,23.035922330097087,30.282748319641524,15.782673637042567,12.654462051709759,3.1157126823793493,9.890011223344558,0.048095593726661674,39.592160133444544,983.2981651376148,979.2272727272727,14
2015-06-05,22.562584017923825,29.96191187453323,15.1916355489171,11.469891576313595,3.291245791245792,9.782491582491582,0.8179984484096199,41.179316096747286,982.4368640533779,978.5941618015014,14
2015-06-06,22.494548170276325,29.756534727408514,15.201418969380137,11.031859883236029,3.5319865319865325,9.774523007856342,0.07991038088125466,42.518765638031695,983.257464553795,980.466221851543,14
2015-06-07,23.13099327856609,30.469006721433903,15.774533233756538,10.388407005838198,3.3448933782267125,10.149719416386086,0.0,42.648874061718104,983.8274395329443,979.7843202668892,14
2015-06-08,22.965048543689317,30.1168782673637,15.814413741598209,10.49883236030025,3.1757575757575762,9.91324354657688,0.6486486486486486,44.74728940783987,981.7190992493744,977.0221851542952,14
2015-06-09,22.80134428678118,29.35787901418969,16.224122479462288,7.3864053377814844,3.2439955106621774,11.374410774410777,2.923002240477969,54.72393661384487,978.6968306922437,974.5639699749792,14
2015-06-10,21.765272591486184,26.881105302464526,16.60567587752054,4.756296914095079,2.5842873176206513,11.625252525252527,3.8035100821508583,63.51459549624686,977.3533778148459,973.4437864887407,14
2015-06-11,20.830022404779687,25.5445855115758,16.093651979088868,3.8689741451209345,3.1395061728395066,10.5996632996633,3.835922330097087,69.65471226021685,975.9787322768975,970.6280233527939,14
2015-06-12,20.518670649738603,26.155713218820015,14.83532486930545,6.967723102585487,3.1782267115600455,9.637934904601572,1.2306198655713219,59.9883236030025,974.7004170141786,971.3555462885739,14
2015-06-13,20.081852128454074,24.846601941747576,15.31277072442121,5.896663886572144,2.961503928170596,11.705050505050506,3.032636295743092,65.15012510425356,974.878899082569,971.6450375312761,14
2015-06-14,19.23136669156087,24.856385362210602,13.561239731142644,8.361968306922435,3.6292929292929297,10.936139169472503,2.2397070161912103,53.783986655546286,976.4936613844872,972.8349457881568,14
2015-06-15,18.576997759522033,23.54182225541448,13.594697535474234,6.130358632193494,2.855892255892256,11.94534231200898,4.333960784313726,65.0742285237698,981.671976647206,976.0778982485405,14
2015-06-16,19.220911127707243,24.830246452576542,13.614488424197162,7.616930775646372,2.309479077711358,8.489239965841163,1.162854825628548,64.65054211843203,983.8741451209341,980.7618849040869,14
2015-06-17,20.270351008215087,26.811725168035846,13.736519790888726,11.552460383653044,2.8646456020495306,9.180273270708797,0.0,53.4862385321101,983.9532110091743,980.6155963302751,14
2015-06-18,21.772890216579537,28.87931292008962,14.679462285287528,12.861884904086741,2.733902647309991,8.922971818958155,0.0,49.0987012987013,983.3103419516264,979.2899916597164,14
2015-06-19,22.616579536967883,29.763330843913373,15.530097087378637,12.00792326939116,2.981041844577284,9.648847139197265,0.07166666666666666,49.46233766233767,980.9566305254378,977.4729774812344,14
2015-06-20,23.016430171769976,30.18162808065721,15.849514563106792,13.165554628857382,2.5870196413321946,9.461315115286078,0.0,45.69974979149291,981.2884904086741,978.3609674728942,14
2015-06-21,24.051082897684836,31.42150858849888,16.69962658700523,12.625854879065889,3.1676345004269852,8.952263023057217,0.014936519790888723,45.195996663886575,981.1791492910758,977.6353628023353,14
2015-06-22,24.232710978342038,30.85362210604929,17.57684839432412,10.686071726438701,3.30128095644748,11.095217762596072,1.2318427139552812,50.494578815679745,979.7425354462052,974.709090909091,14
2015-06-23,23.2093353248693,29.130470500373416,17.358849887976103,7.883236030025022,3.4351836037574723,10.936806148590946,1.166990291262136,52.90158465387823,978.8753961634696,974.3269391159299,14
2015-06-24,22.191934279312918,28.3336071695295,16.068185212845403,11.926105087572976,2.9749786507258755,9.897181895815542,0.0,54.06922435362803,982.3768140116764,978.0251042535446,14
2015-06-25,23.872292755787896,30.894398805078414,16.841299477221806,12.681818181818183,2.7178479931682324,8.726302305721605,0.0,48.46788990825688,983.6311926605504,981.0052543786488,14
2015-06-26,25.279835698282298,33.21463778939507,17.317102315160568,12.278815679733109,2.885909479077711,9.57395388556789,0.0,45.175979983319436,984.000333611343,980.1065888240198,14
2015-06-27,26.547946228528758,33.98939507094846,19.144585511575805,13.050375312760634,3.006575576430401,8.71195559350982,0.0,44.86572143452877,982.3609674728942,978.7704753961635,14
2015-06-28,26.420911127707242,33.59678864824497,19.2252427184466,12.49724770642202,2.884116140051238,8.92126387702818,0.0,45.34361968306922,982.0671392827356,978.7614678899083,14
2015-06-29,27.015235250186702,34.49761015683346,19.52666168782673,12.648707256046706,2.8637916310845424,8.720922288642186,0.0,44.42285237698082,982.1881567973312,978.2003336113427,14
2015-06-30,27.393427931292006,34.71053024645257,20.092083644510822,12.658048373644705,3.0965841161400514,9.99530315969257,0.02767644726407613,41.6722268557131,979.6296080066724,975.5258548790661,14
2015-07-01,26.089021657953694,32.697087378640774,19.502613890963403,11.293054518297236,3.624765157984628,10.42476515798463,0.2745098039215686,44.12760633861552,979.615679733111,976.0015846538782,15
2015-07-02,25.42158327109783,30.745108289768485,20.096415235250188,7.6041075429424945,3.0184457728437235,9.726131511528607,0.04136780650542118,47.29190992493745,983.0602168473728,978.7380316930778,15
2015-07-03,26.521359223300966,33.12554144884243,19.92733383121732,11.36318147871546,3.7036720751494445,10.612553373185312,0.24316654219566844,46.84570475396164,983.582402001668,980.1742285237699,15
2015-07-04,26.821807318894695,33.9319641523525,19.706049290515306,11.564376400298729,3.1261315115286075,9.873868488471395,0.040477968633308437,44.043369474562134,983.9762301918266,980.0563803169308,15
2015-07-05,27.427856609410004,34.70037341299477,20.180582524271845,10.873188946975352,3.180102476515798,9.85533731853117,0.03136669156086632,42.716430358632195,981.749708090075,978.1792326939116,15
2015-07-06,27.559073935772965,35.547572815533975,19.551082897684836,12.29544436146378,3.0589239965841157,9.703757472245941,0.009559372666168783,41.207673060884076,981.4686405337781,977.6196830692245,15
2015-07-07,28.852576549663922,37.66497386109036,20.056460044809555,11.927632561613143,3.160973526900085,10.885653287788216,0.10141896938013442,36.733110925771484,980.1251876563804,975.5322768974145,15
2015-07-08,27.15563853622106,33.510306198655705,20.786631814787153,11.313069454817027,3.323654995730145,10.024935952177628,0.004317656129529683,44.974145120934125,979.7115095913261,976.284904086739,15
2015-07-09,26.762135922330092,33.46915608663181,20.04929051530993,12.176400298730398,2.89530315969257,9.721520068317679,0.0,40.70391993327773,980.3732276897414,976.608256880734,15
2015-07-10,26.772815533980584,34.25280059746079,19.29335324869305,12.81516056758775,3.6269854824935956,11.340307429547394,0.0,42.41701417848207,980.9403669724771,976.2238532110092,15
2015-07-11,25.697162061239723,31.210306198655715,20.20418222554145,11.105601194921583,3.195132365499573,9.480785653287787,0.018670649738610903,53.11592994161802,982.8308590492078,979.8040867389492,15
2015-07-12,26.460492905153103,33.02957430918596,19.848319641523517,11.741896938013442,3.049103330486764,10.079419299743806,0.0,52.02418682235195,982.3846538782318,979.011259382819,15
2015-07-13,26.710754294249437,33.78058252427185,19.608065720687076,12.993353248693051,3.2207514944491886,10.481725021349277,0.0,48.73728106755631,981.8680567139285,978.8607172643868,15
2015-07-14,27.121583271097833,33.96967886482449,20.238013442867807,12.583121732636297,2.5803586678052945,9.276964769647698,0.0,45.54128440366972,981.2023352793994,978.108256880734,15
2015-07-15,27.452128454070202,34.28722927557878,20.638984316654213,11.582300224047794,2.772502134927412,9.367890691716482,0.007722007722007722,46.209341117597994,979.9258548790659,975.8260216847373,15
2015-07-16,27.663704256908137,34.82897684839432,20.516355489171023,10.645929798356981,2.7570452604611444,10.110418445772844,0.05675877520537714,44.75896580483737,979.0844870725604,975.4754795663054,15
2015-07-17,27.894548170276323,34.639357729648985,21.188349514563107,9.92755787901419,2.360888129803586,9.839111870196415,0.20515151515151514,45.581317764804005,980.1503753127606,977.1554628857382,15
2015-07-18,27.161463778939506,33.25504107542942,21.087079910380876,9.703435399551907,3.188385994876174,12.626302305721604,0.14934362934362932,52.33361134278565,980.5583819849874,975.9976647206005,15
2015-07-19,26.874085138162812,33.47871545929798,20.22935026138909,9.87109783420463,3.104782237403928,9.994449188727586,0.009884169884169885,50.35696413678065,978.977231025855,976.0402835696412,15
2015-07-20,27.256460044809565,33.597610156833454,20.881852128454064,11.45063480209111,3.2316823228010243,9.347907771135782,0.024247104247104245,55.22852376980818,978.4241034195162,975.4326105087572,15
2015-07-21,27.972218073188948,34.089619118745325,21.829798356982817,10.275877520537712,3.478565328778821,11.583176771989752,1.1533233756534729,55.77397831526271,978.5003336113427,975.1238532110092,15
2015-07-22,26.939656460044805,32.85265123226288,20.9882001493652,9.386631814787153,3.114090520922289,11.82058070025619,0.22275541795665632,56.76396997497915,979.7741451209342,976.1229357798167,15
2015-07-23,26.617774458551157,33.657953696788645,19.61904406273338,11.154219566840926,2.8643040136635354,9.097352690008538,0.21551020408163266,51.847372810675566,979.5281067556297,973.8708090075063,15
2015-07-24,27.833383121732634,34.41628080657206,21.271097834204628,10.225989544436144,3.951579846285226,12.151750640478223,0.13353248693054517,50.186822351959975,976.1687239366138,970.8965804837366,15
2015-07-25,25.377893950709485,30.449813293502615,20.3008215085885,9.974682598954443,3.3141759180187873,10.214005123825789,0.028678117998506343,53.52543786488741,979.354962468724,974.6016680567138,15
2015-07-26,26.9646004480956,34.38371919342793,19.51702763256161,11.229648991784911,3.360802732707088,9.703415883859948,0.07826736370425691,47.367806505421186,978.7097581317765,973.8877397831526,15
2015-07-27,27.13681852128454,33.26467513069454,20.9975354742345,10.88200149365198,3.916140051238257,11.577540563620838,0.020480993017843292,54.341951626355296,977.2886572143451,974.2523769808172,15
2015-07-28,27.11045556385362,32.75444361463779,21.446900672143386,11.232860343539954,3.4014517506404784,10.715627668659266,0.2376400298730396,51.21851542952459,977.2746455379482,973.3950792326939,15
2015-07-29,27.319790888722924,32.7159073935773,21.872890216579545,8.773711725168035,3.421520068317677,11.18112724167378,0.7025098039215687,59.56880733944954,976.2796497080902,971.932693911593,15
2015-07-30,25.51501120238984,29.823002240477965,21.218595967139656,6.8907393577296485,3.7748932536293758,11.461571306575575,1.5903404592240693,62.01751459549624,975.9334445371144,972.3310258548792,15
2015-07-31,24.250485436893207,28.884540702016423,19.65362210604929,5.382748319641524,3.3791631084543123,12.891887275832621,9.101230228471001,63.90825688073396,975.0251876563802,969.826688907423,15
2015-08-01,23.258401792382372,28.313666915608664,18.226736370425687,8.185888634630054,2.4801024765157984,8.421605465414174,0.035847647498132934,61.127606338615514,978.5318598832362,973.2874061718101,14
2015-08-02,25.44734876773711,32.30336071695294,18.61045556385362,11.726773455377572,2.5635354397950465,8.411272416737832,0.0,55.62385321100918,979.0722268557131,975.5707256046707,14
2015-08-03,26.89447348767737,33.41717699775952,20.393278566094097,9.524271844660193,3.027241673783091,11.120836891545686,1.8962162162162162,58.15929941618015,979.4072560467056,975.642618849041,15
2015-08-04,26.45496639283047,32.01747572815535,20.906123973114262,10.763032113517548,3.361485909479078,9.33398804440649,0.011202389843166542,54.75479566305254,979.2461217681403,975.8817347789826,15
2015-08-05,26.86519790888722,33.609111277072444,20.079462285287526,11.538834951456312,2.992399658411614,9.761827497865072,0.039432412247946226,50.77147623019182,977.9559633027523,974.3330275229356,15
2015-08-06,26.826213592233007,33.617998506348016,20.008140403286035,10.442419716206123,2.9196413321947055,10.138087105038428,0.004344453064391,49.90658882402003,977.8534612176813,974.7537114261884,15
2015-08-07,27.37303958177744,33.60477968633308,21.140552651232262,8.157742181540808,3.3143467122117847,12.27463706233988,0.25204460966542747,53.09007506255213,979.933778148457,975.163386155129,14
2015-08-08,24.733532486930542,29.505377147124715,19.96445108289769,3.238367658276125,2.5584116140051236,12.554654141759181,3.1102362204724407,64.81901584653879,982.4105921601334,978.1763969974982,14
2015-08-09,24.59985063480208,30.01657953696789,19.180283793876026,8.795273899033297,2.8628384687208213,9.041845764854614,0.0615512927439533,56.44870725604672,984.2771806167402,980.7964757709251,12
2015-08-10,26.349098039215683,33.35043137254902,19.278274509803918,10.653920836445108,2.5812980358667805,9.720054200542007,0.30589992531740107,52.63636363636364,980.1709758131776,974.8662218515428,15
2015-08-11,26.48095593726662,32.402837938760264,20.502091112770724,9.550037341299477,2.6549103330486763,11.03526900085397,2.308256880733945,54.837364470392,977.7730608840701,974.026105087573,15
2015-08-12,26.597908887229273,32.467886482449586,20.70470500373413,8.406348020911127,2.2528608027327066,9.375149444918874,1.1239393939393938,55.8323603002502,979.7750625521267,976.5171809841535,15
2015-08-13,25.618297236743842,31.017475728155343,20.24241971620613,9.585287528005974,4.273441502988898,13.725192143467122,1.9171023151605675,48.035029190992496,979.7968306922436,976.0570475396163,15
2015-08-14,23.299253174010445,28.89141150112024,17.728454070201643,9.096109839816936,3.290606319385141,10.571562766865927,1.7277731442869055,48.19349457881568,978.8905754795665,975.9090075062551,14
2015-08-15,21.70261389096341,26.31269604182226,17.06691560866318,5.974752097635393,2.516054654141759,9.953116994022203,2.035399551904406,57.758965804837366,977.9395329441202,975.1025854879067,14
2015-08-16,22.227184466019413,28.29663928304705,16.157953696788642,8.79862700228833,2.729803586678053,9.120324508966695,0.16519790888722927,57.49874895746455,977.3136780650542,973.4858215179316,14
2015-08-17,24.0470500373413,28.819118745332336,19.2798356982823,9.1529499626587,3.1517506404782236,10.18061485909479,1.905173745173745,58.06338615512927,975.952543786489,973.4416180150125,15
2015-08-18,23.01321882001494,27.234204630321138,18.79073935772965,7.147050037341301,2.586934244235697,9.4532877882152,4.3411501120238984,63.73728106755629,978.6611342785658,974.5230191826522,15
2015-08-19,23.720313666915608,29.358924570575056,18.07916355489171,9.17445855115758,2.0096498719043554,7.970367207514944,0.31680358476474985,59.07506255212677,981.4668890742284,977.9919099249375,15
2015-08-20,25.26691560866318,31.870948469006713,18.652053771471245,11.459148618371916,2.304867634500427,8.590350128095645,0.0,55.2068390325271,983.0426188490409,979.9994161801501,15
2015-08-21,26.107841672890213,32.06691560866318,20.122330097087374,9.295194508009152,2.588898377455166,11.624338172502135,2.7296489917849143,60.77648040033361,982.6206839032528,978.1547956630525,14
2015-08-22,24.682001493651974,29.953846153846158,19.40955937266617,8.532039636663914,3.3859943977591036,10.71998132586368,1.8012696041822254,63.170975813177655,979.9632193494579,972.9780650542118,13
2015-08-23,23.64309185959671,29.01702763256161,18.253323375653473,9.781083142639206,4.271221178479933,12.471135781383435,0.2709003215434083,54.09924937447873,974.0444537114262,969.5183486238533,14
2015-08-24,22.449141150112016,27.646228528752808,17.28790141896938,10.716878267363704,3.6063193851409054,13.201537147736978,0.03286034353995519,46.06839032527106,979.4854879065889,971.404670558799,15
2015-08-25,22.705153099327852,29.575130694548175,15.8445855115758,11.370052277819271,2.6036720751494453,8.504611443210932,0.0065720687079910385,50.160133444537124,981.6562135112592,978.2723102585488,15
2015-08-26,24.44943988050784,30.963704256908137,17.921583271097838,10.370575056011948,3.082749786507259,9.885226302305721,0.3220313666915609,55.331109257714765,979.9130942452043,975.6658048373646,15
2015-08-27,25.20612397311426,31.91911874533233,18.534578043315904,10.493353248693053,3.1083689154568743,10.667036720751495,0.1693664795509222,55.24353628023352,978.5414512093411,974.989574645538,15
2015-08-28,25.54488424197162,32.18566094100074,18.87221807318895,11.115636918382911,2.864560204953032,9.668232280102478,0.0,55.37281067556296,980.4979149291075,977.0286905754796,14
2015-08-29,26.142942494398802,32.37707244212098,19.8806572068708,10.482532418001526,3.174893253629377,9.437916310845432,0.0,52.2885738115096,980.7623853211007,977.4529608006671,14
2015-08-30,25.994697535474234,32.270799103808805,19.687528005974606,9.546147978642255,2.881725021349274,12.66994022203245,2.286666666666667,57.90575479566306,980.0759799833193,975.6686405337781,14
2015-08-31,25.409932785660935,30.84182225541448,19.995668409260638,6.674682598954444,2.5004269854824934,12.025533731853118,6.434244235695987,66.24687239366138,979.7194328607172,974.3855713094244,15
2015-09-01,23.67132188200149,28.51277072442121,18.820612397311425,7.644819646968533,2.6464560204953034,9.05414175918019,2.5138068635275346,63.440366972477065,979.7196830692241,976.6457047539616,14
2015-09-02,22.74129947722181,27.049290515309927,18.420612397311423,7.21350729086723,2.92203245089667,9.471050384286933,2.1082343626286617,66.58465387823186,978.7036697247707,975.1678899082568,14
2015-09-03,21.87221807318895,26.47154592979835,17.28110530246453,6.620184190330009,2.521690862510675,9.335525192143466,1.1979088872292758,64.58048373644704,977.8697247706423,974.8426188490411,14
2015-09-04,20.148842419716203,23.3873786407767,16.946601941747574,3.521488871834229,2.6557643040136636,9.209820666097352,4.090627687016337,72.38198498748959,979.4055879899918,976.1403669724772,14
2015-09-05,19.95511575802838,24.80209111277072,15.092307692307692,6.128304705003734,2.26865926558497,7.911443210930829,10.23592906707787,61.394495412844044,982.2861551292746,978.7897414512094,15
2015-09-06,19.915309932785657,24.7370425690814,15.133532486930546,6.812770724421208,1.979077711357814,7.437062339880444,1.8584017923823748,64.9349457881568,983.508757297748,980.8901584653878,15
2015-09-07,20.451530993278563,25.5824495892457,15.349141150112024,6.011426437640028,2.047566182749786,7.9090520922288645,2.7740281224152192,68.84987489574647,983.0130942452043,980.2058381984989,15
2015-09-08,20.490814040328605,25.939731142643765,15.053323375653472,8.27781926811053,1.9392826643894108,7.992058070025618,1.6561568627450982,64.45704753961635,981.0540450375313,977.2678065054214,15
2015-09-09,20.801344286781177,27.490814040328598,14.10455563853622,8.853771471247198,2.5856532877882152,8.487617421007686,0.07063267233238904,59.83903252710592,978.681317764804,975.7353628023352,15
2015-09-10,21.683345780433157,26.680507841672892,16.641896938013442,6.569156086631813,2.7575576430401365,9.147480785653288,0.5446977205153618,69.27105921601336,977.9121768140116,974.9475396163471,15
2015-09-11,22.254592979835696,27.87550410754294,16.610679611650482,7.401194921583271,2.3976942783945345,8.045602049530315,0.07837514934289129,67.18432026688909,977.5613844870726,974.7533778148457,15
2015-09-12,22.635399551904403,27.118894697535474,18.13047050037341,4.47647498132935,2.5287788215200684,8.93945345858241,0.27728740581270184,64.36864053377815,977.1213511259383,973.2035029190994,15
2015-09-13,21.891859596713967,27.38498879761016,16.38939507094847,6.931889469753548,3.121605465414176,12.300341588385995,0.4507692307692308,57.713928273561315,974.953044203503,970.3809007506255,15
2015-09-14,20.23345780433159,25.37520537714712,15.125466766243465,7.639208364451083,2.9505550811272414,10.173868488471392,0.4547686496694995,54.09841534612177,976.8636363636364,972.8432026688907,15
2015-09-15,20.16952949962658,25.692382374906646,14.635997012696041,5.754592979835698,3.476942783945346,11.58531169940222,1.6483943241224794,58.57964970809007,975.1412844036696,967.1299416180151,15
2015-09-16,21.65466766243465,27.075728155339807,16.228678117998506,7.536519790888724,4.574551665243383,14.940392826643894,2.495668409260642,61.56463719766472,969.1720600500419,963.7984987489575,15
2015-09-17,19.138760268857354,24.16258401792382,14.122628827483195,9.488722927557877,3.3353543979504696,11.817506404782236,0.5430171769977596,52.22602168473729,978.8007506255213,967.8140950792329,15
2015-09-18,18.368259895444368,24.538461538461537,12.224346527259149,8.921583271097834,2.3125533731853114,8.13928266438941,0.1622106049290515,58.96997497914929,983.5072560467056,978.5427856547124,15
2015-09-19,19.675877520537718,26.05937266616878,13.266392830470497,9.755414488424195,2.355849701110162,8.009564474807856,0.0,59.57881567973311,985.2874895746457,982.4381984987491,15
2015-09-20,20.833457804331587,27.99581777445855,13.696788648244958,10.610828976848392,2.086336464560205,7.727241673783092,0.0,54.90742285237698,984.3745621351125,979.8861551292746,15
2015-09-21,21.600448095593727,29.24914115011202,13.945855115758025,9.901792382374907,2.5652433817250215,9.81195559350982,0.013957176843774783,52.264386989157636,980.9147623019185,976.2621351125939,15
2015-09-22,21.66855862584018,29.19738610903659,14.116056758775203,9.156713928273561,3.0203245089666955,10.347736976942784,0.7664864864864864,54.87572977481234,977.3515429524606,973.4979149291074,14
2015-09-23,20.02830470500373,25.386855862584014,14.685287528005972,8.471844660194174,2.5689154568744663,8.498548249359523,0.5751306945481702,59.23853211009174,979.9215179316096,975.2277731442869,15
2015-09-24,19.717699775952198,26.446527259148613,12.995519044062732,9.253995519044063,1.7626814688300598,6.922117847993169,0.0,56.044203502919096,981.0961634695581,978.6389491242703,15
2015-09-25,20.125616131441372,27.73666915608663,12.486706497386109,9.396269335759781,1.7461144321093085,7.281725021349274,0.0,54.311092577147626,980.8537948290242,977.6302752293578,14
2015-09-26,20.29051530993278,26.750410754294244,13.809783420463033,7.80470500373413,2.047224594363792,8.930059777967552,3.288044338875692,58.00834028356965,980.423936613845,977.7653044203504,15
2015-09-27,19.70858849887976,24.98222554144884,14.443689320388351,5.867961165048544,2.2323654995730147,8.683091374893253,0.5819268110530247,64.18015012510426,983.0047539616348,979.5296080066721,15
2015-09-28,18.601493651979087,24.244212098581027,12.960343539955188,8.09818016378526,2.3615467239527392,8.497011101622544,0.6122031122031121,66.21267723102585,983.6007506255211,980.5959132610509,14
2015-09-29,17.616430171769974,22.08155339805825,13.168259895444361,3.762733383121733,1.7923996584116142,7.793339026473101,4.574906646751307,72.52543786488742,981.4689741451209,976.9437030859051,15
2015-09-30,18.245182972367438,23.12337565347274,13.345033607169528,6.0366691560866315,1.8913748932536296,8.003159692570453,0.1892457057505601,70.2885738115096,981.9135112593827,977.3141784820683,15
2015-10-01,18.578566094100076,24.815982076176248,12.31799850634802,7.341075429424944,2.299914602903501,8.91929974380871,3.3619118745332335,62.233527939949965,983.5235195996664,980.3864887406171,15
2015-10-02,18.86467513069455,25.133084391336816,12.581254667662435,8.08805078416729,2.226814688300598,9.060461144321092,0.3562066306861989,59.83152627189325,981.4341117597999,975.9663052543788,15
2015-10-03,19.35444361463779,24.217625093353238,14.473263629574307,3.705899925317401,2.01067463706234,7.909735269000853,0.6056692913385826,58.518765638031695,979.3231859883236,975.8855713094246,15
2015-10-04,20.058700522778192,25.834876773711724,14.258103061986553,3.6002987303958176,2.6246797608881294,9.414773697694278,2.109335324869306,69.46955796497082,980.7047539616345,976.8557964970809,15
2015-10-05,22.52457057505601,27.105974607916355,17.947274085138165,3.0470500373413,4.562339880444065,15.609393680614858,2.578342046303211,61.32193494578815,979.0339449541285,973.3778148457047,15
2015-10-06,20.5150858849888,25.40104555638536,15.651979088872292,7.295892457057507,4.136122971818959,13.723654995730143,0.7845407020164301,59.684737281067555,978.6072560467056,972.6440366972475,15
2015-10-07,18.230918595967136,23.335772964899178,13.195519044062733,8.005601194921582,2.0075149444918874,8.137489325362939,0.09245705750560118,63.15846538782319,980.5050041701417,977.4254378648874,15
2015-10-08,17.23644510828977,22.198431665421957,12.280507841672888,6.5690794649881985,1.8537147736976944,7.5611443210930815,1.687378640776699,68.91075896580483,979.7608840700585,977.0027522935779,14
2015-10-09,17.329873039581777,23.38715459297983,11.282897684839432,8.132860343539953,1.72399658411614,6.926729291204098,0.02091112770724421,66.12010008340283,977.9407005838198,973.189574645538,15
2015-10-10,17.74234503360717,24.53345780433159,10.973114264376397,7.96422703510082,2.0144321093082835,7.239709649871905,1.3003734129947722,65.44620517097582,974.4673060884068,969.6136780650543,15
2015-10-11,18.98020911127707,24.411874533233757,13.567214339059,5.3543689320388355,2.176174210076857,8.373185311699402,1.2692424242424243,71.60633861551293,970.7388657214344,968.0983319432861,15
2015-10-12,19.859372666168788,24.31740104555638,15.429275578790138,5.651008215085884,1.801622544833476,9.356362083689156,1.6270225187656382,72.56463719766471,974.9728940783987,970.01976647206,15
2015-10-13,16.910679611650487,19.807617625093354,14.00403286034354,2.9262966333030027,2.286848847139197,7.686336464560207,2.585552654482158,80.32193494578816,976.779983319433,973.7871559633029,14
2015-10-14,15.117102315160567,19.74861837191934,10.514115011202389,7.366696997270247,2.053543979504697,7.6834586466165415,0.06587005227781928,67.85738115095914,976.64670558799,973.9485404503754,14
2015-10-15,14.072442120985807,20.915982076176252,7.2171769977595215,9.199999999999998,1.9375747224594362,7.333646456020495,0.08603435399551904,62.3185988323603,977.9639699749791,974.8424520433696,15
2015-10-16,15.800074682598954,22.008215085884984,9.599253174010455,7.185138162808067,1.6104184457728434,6.67805294619983,0.01976833976833977,66.47873227689742,978.3030025020853,974.9498748957463,15
2015-10-17,17.435698282300223,22.835922330097084,12.030918595967135,5.082598954443615,2.3499573014517505,8.908966695132364,2.7604929051530998,71.86905754795663,976.6939949958297,972.4996663886574,15
2015-10-18,18.17460791635549,22.435772964899176,13.902987303958174,4.485138162808067,1.9506404782237405,7.656447480785653,8.823300970873788,80.67389491242702,975.5482068390326,971.7788156797332,15
2015-10-19,17.781628080657203,20.151306945481696,15.386557132188202,2.260044809559372,2.1862510674637057,7.023569598633646,3.4206782464846985,86.25437864887407,975.4262718932445,971.4825688073396,15
2015-10-20,16.496265870052277,19.443166542195666,13.530246452576547,1.9422501966955152,2.912382578992314,9.674210076857387,9.302135774218153,78.31943286071728,979.7532110091743,974.4472894078399,14
2015-10-21,14.2949215832711,18.677072442120984,9.885287528005975,5.690243902439025,1.6482493595217762,7.1004269854824935,0.6003149606299213,68.97831526271892,980.8287739783153,978.4442035029192,14
2015-10-22,13.994622852875276,20.45362210604929,7.49731142643764,8.460267505900863,1.5842869342442354,7.008625106746369,3.275252133436773,64.07172643869892,982.9880733944955,980.13352793995,14
2015-10-23,15.379312920089616,21.940477968633314,8.804555638536222,6.879464988198268,1.5359521776259606,6.1009393680614865,1.2098581030619864,66.8465387823186,983.2185154295248,979.1887406171811,14
2015-10-24,15.828304705003735,19.72203136669156,11.911725168035847,1.5850511408339887,0.9177625960717335,4.7095644748078564,3.7042569081404033,78.57047539616347,982.770892410342,978.8497914929109,14
2015-10-25,16.780283793876027,20.750112023898428,12.827184466019414,3.024047796863331,1.685397096498719,7.033561058923996,1.1572815533980583,79.05671392827358,983.1512093411176,978.2243536280236,15
2015-10-26,16.496863330843915,19.431217326362958,13.568185212845409,1.948693054518297,1.7636208368915458,6.540478223740394,2.3312747426761677,82.65971643035863,978.4958298582154,973.8252710592159,15
2015-10-27,16.539581777445854,20.630097087378637,12.425616131441371,4.941224794622853,2.4192997438087103,10.440649017933389,3.513261372397841,78.45871559633028,976.1303586321936,972.3562969140949,15
2015-10-28,14.90291262135922,19.228304705003733,10.533532486930545,6.165795369678864,3.5055508112724163,12.144833475661828,1.1289719626168224,65.8999165971643,980.1340283569642,974.6778148457048,15
2015-10-29,15.834503360716953,21.328005974607915,10.336669156086629,6.795220313666917,1.8222032450896672,6.857386848847138,0.18184873949579833,70.84320266889074,981.4873227689741,978.3185988323603,15
2015-10-30,16.505302464525762,22.50963405526512,10.542942494398808,7.7696788648244945,1.8784799316823226,7.474807856532878,0.3844660194174757,72.96830692243536,981.4216013344454,978.4001668056715,15
2015-10-31,16.753174010455563,21.471695294996266,12.061986557132188,6.655563853622105,2.1698548249359524,9.903330486763451,1.213347236704901,72.80066722268558,984.4035863219351,978.82035029191,15
2015-11-01,16.068707991038092,20.295743091859592,11.87415982076176,4.842569081404033,3.772502134927412,11.630401366353546,12.530300272975431,70.18432026688907,984.93352793995,979.5721434528774,15
2015-11-02,14.97221807318895,17.910604929051527,12.00993278566094,1.0398805078416729,3.600085397096498,13.75132365499573,11.876797088262059,78.15012510425353,980.435195996664,973.5624687239366,15
2015-11-03,15.178043315907393,19.396191187453322,10.97445855115758,4.033084391336818,2.3024765157984626,8.884799316823228,0.8441087613293051,78.22852376980816,982.9953294412012,976.7218515429522,15
2015-11-04,15.431590739357729,20.458177744585512,10.408140403286033,5.477968633308438,1.7639624252775405,7.605380017079419,0.5867052023121387,76.74228523769807,983.5610508757297,980.6422018348625,15
2015-11-05,16.721359223300972,21.33159073935773,12.102165795369675,5.825541448842418,1.6491887275832622,7.452348420153715,1.1496087636932706,75.86155129274395,985.6351125938282,982.0125104253544,15
2015-11-06,17.12188200149365,22.71919342793129,11.538685586258401,8.120313666915608,1.5209222886421865,5.168232280102478,0.09048843187660668,76.23853211009175,987.9345287739783,985.0243536280234,15
2015-11-07,17.17363704256908,23.2488424197162,11.09395070948469,8.6663928304705,1.2945345858240822,5.625192143467123,0.0,75.36864053377815,989.2184320266888,986.1810675562967,15
2015-11-08,17.052875280059748,22.355937266616877,11.73734129947722,8.380657206870797,1.745431255337319,6.966438941076004,0.04674509803921568,76.79566305254379,991.5723936613846,987.6574645537949,15
2015-11-09,16.11680358476475,21.428379387602682,10.778192681105303,6.998282300224048,1.2415883859948762,6.111101622544835,0.007214895267649341,79.07506255212678,993.617347789825,991.2339449541286,15
2015-11-10,14.925392083644507,21.11247199402539,8.744436146377893,7.3336071695295,1.0315969257045259,4.267122117847993,0.06997759522031366,75.42618849040869,991.8239366138448,987.5442869057548,15
2015-11-11,14.417326362957432,21.044809559372666,7.782225541448841,7.668707991038088,0.8839396628216503,4.015971606033718,0.0,75.0300250208507,988.4187656380317,985.0648040033361,15
2015-11-12,14.08663181478715,20.16542195668409,8.02270351008215,6.365272591486183,1.2325643300798577,5.398669032830524,0.003333333333333334,73.7939393939394,987.984070058382,985.046205170976,15
2015-11-13,14.017699775952202,18.45855115758028,9.579387602688573,4.896116504854369,1.4282165039929016,5.721650399290151,0.2739393939393939,78.4720600500417,992.8519599666389,987.7787322768976,15
2015-11-14,13.957057505601192,18.825989544436144,9.053771471247199,5.966691560866318,1.661401952085182,6.317302573203195,0.004732350659425912,78.61634695579649,993.4809841534613,989.3664720600499,15
2015-11-15,13.57042569081404,20.151082897684837,6.969529499626588,7.436854279105627,1.2285714285714284,4.88642413487134,0.0015236567762630313,74.70475396163471,989.5085070892409,984.0206005004171,14
2015-11-16,12.825690814040328,19.60089619118745,6.083420463032114,7.809932785660939,1.2220940550133095,5.0047027506654835,0.0,73.51793160967475,985.3901584653879,982.8663052543786,15
2015-11-17,12.241747572815534,18.905451829723674,5.569529499626587,7.595220313666915,1.2069210292812775,4.9123336291038155,0.03300970873786408,75.5279399499583,988.2384487072561,984.5114261884904,15
2015-11-18,12.82374906646751,19.882897684839428,5.756011949215832,7.1946800308403995,1.0570452604611444,4.965328778821521,0.0031366691560866322,72.4462051709758,989.41976647206,986.8399499582986,14
2015-11-19,14.010828976848392,21.076176250933525,6.93412994772218,7.721060492905153,1.0029035012809566,5.164304013663534,0.008215085884988798,70.75896580483736,991.2778148457047,988.2402001668056,15
2015-11-20,14.318745332337567,20.90365944734877,7.75041075429425,6.189455488331893,2.144064901793339,9.630999146029033,2.9233616037008474,69.55045871559633,991.0402001668057,980.036780650542,13
2015-11-21,12.73827450980392,18.265568627450985,7.228392156862744,3.375056011949215,4.831616982836495,14.879494128274615,3.7532549019607844,56.71894273127753,982.2016740088105,972.6918942731278,15
2015-11-22,8.262808065720687,12.44675130694548,4.104107542942494,4.847498132935025,2.7784799316823228,11.232194705380016,1.8045922406967538,65.5279399499583,978.4386155129276,973.2047539616347,15
2015-11-23,6.806348020911126,11.726960418222554,1.9182972367438382,5.447946228528752,2.316994022203245,9.658411614005125,1.1618371919342794,65.0558798999166,985.5108423686406,976.876647206005,15
2015-11-24,7.032337565347273,12.892531740104557,1.1342046303211353,6.314563106796116,1.6773697694278396,7.365841161400512,1.5263529411764705,66.52460383653043,987.8691409507925,984.6249374478733,15
2015-11-25,11.114264376400298,16.7790141896938,5.421657953696788,4.065795369678865,4.471306575576429,11.975832621690865,1.9378378378378376,64.99165971643036,986.0913261050874,979.4484570475396,15
2015-11-26,12.885959671396565,18.18013442867812,7.615235250186705,6.936669156086631,3.102988898377455,11.350128095644749,0.7382194934765923,60.24437030859049,980.7585487906589,977.078315262719,15
2015-11-27,11.412023898431665,16.61613144137416,6.245407020164301,5.330545182972368,1.7633646456020495,7.2988898377455165,1.0277819268110528,72.20016680567139,980.1570475396162,976.7132610508756,15
2015-11-28,10.530619865571323,16.84271844660194,4.174010455563853,6.5597460791635545,1.5147736976942783,6.870879590093937,0.24448727833461834,72.61801501251043,989.2392827356128,979.5892410341953,15
2015-11-29,9.184316654219566,15.440851381628079,2.9651979088872293,7.528678117998505,1.5250221827861579,5.796095829636202,0.0,71.28607172643869,995.0296080066722,989.0734778982485,15
2015-11-30,9.314413741598207,16.734727408513816,1.8832710978342044,8.02983808789514,1.1553682342502216,4.618101153504881,0.02439393939393939,68.6230191826522,996.0423686405338,992.5487072560466,14
2015-12-01,9.030022404779686,16.304406273338312,1.7688573562359968,7.303360716952949,1.0779675491033305,4.353202391118702,0.04697088906372934,68.53127606338616,993.9413678065056,989.9615512927438,15
2015-12-02,9.946303211351754,16.885436893203885,2.9852128454070206,6.275728155339805,0.9886424134871339,4.208429458740017,0.10855821125674635,70.17514595496246,991.1196830692245,988.4341117598,15
2015-12-03,10.20149365197909,16.998954443614636,3.4070201643017177,7.1866318147871535,1.3721384205856257,4.750842945874001,0.2035466461063994,72.38782318598831,992.3229357798166,988.848373644704,15
2015-12-04,11.227856609410008,17.81747572815534,4.651829723674384,6.169454817027633,1.3296362023070096,4.7778172138420585,0.14279312920089618,73.35779816513762,995.5556296914096,992.000834028357,15
2015-12-05,11.661613144137416,17.6470500373413,5.661090365944735,6.208663181478714,1.103815439219166,4.767524401064772,0.04490777866880513,75.5954962468724,994.2885738115097,989.6108423686406,15
2015-12-06,11.274831964152353,15.93076923076923,6.636743838685586,5.117027632561612,1.248092280390417,5.308074534161491,0.0,76.59966638865721,991.1372810675563,988.5935779816515,15
2015-12-07,11.466766243465274,14.866616878267362,8.103659447348766,2.397012696041822,1.4673469387755103,5.186069210292813,1.042569081404033,80.03836530442037,991.2381984987488,988.5599666388657,15
2015-12-08,12.379014189693796,17.00970873786408,7.7303958177744585,4.608140403286033,1.0585625554569655,7.364596273291925,0.23405526512322627,80.14929107589657,995.2180150125105,989.9069224353628,15
2015-12-09,11.19768483943241,15.988946975354741,6.401493651979088,4.870799103808812,1.746583850931677,6.497604259094943,0.26291441788743247,83.14095079232693,997.1370308590494,993.9837364470393,15
2015-12-10,10.568185212845407,14.584241971620612,6.529424943988051,3.3262135922330094,1.2157054125998228,4.580212954747116,0.7555898226676946,85.604670558799,995.0175979983321,992.3307756463719,15
2015-12-11,10.366542195668409,14.632188200149365,6.13547423450336,4.193876026885736,1.5562555456965395,5.631943212067435,0.0,81.61467889908258,994.3182652210174,990.3542118432027,15
2015-12-12,9.604630321135177,13.947647498132934,5.28185212845407,3.65444361463779,1.2843833185448092,6.543123336291038,0.0,80.4770642201835,990.4584653878233,984.4425354462052,15
2015-12-13,10.191486183719192,15.393278566094098,4.995668409260642,5.165646004480955,1.451552795031056,6.148181011535049,0.4262882748319642,77.73477898248541,984.5351959966638,980.128356964137,15
2015-12-14,10.70149365197909,15.76908140403286,5.689619118745332,3.347124719940253,1.9261523988711189,7.409783631232361,0.6436606291706386,74.6371976647206,984.7759799833193,980.503836530442,15
2015-12-15,12.873637042569081,18.898207617625093,6.797460791635549,5.610082150858848,2.143389529724933,8.089352262644187,0.10212121212121211,66.15429524603837,990.4738115095914,984.5142618849039,15
2015-12-16,13.149066467513066,19.378267363704254,6.943838685586258,5.749066467513068,1.5060337178349599,5.35634427684117,0.008364451082897684,64.88490408673894,992.5833194328608,989.3347789824857,15
2015-12-17,12.475578790141896,18.558327109783423,6.356908140403286,4.90470500373413,1.3083407275953858,4.683318544809228,0.6371626831148804,66.09174311926606,990.3299416180151,987.1336947456214,15
2015-12-18,12.709335324869302,19.40560119492158,6.013144137415982,6.161463778939509,1.1263531499556343,4.76477373558119,0.0032432432432432435,66.36280233527941,989.8149291075897,986.7187656380318,15
2015-12-19,12.191187453323375,18.704854368932036,5.710007468259895,6.723973114264376,1.6054125998225375,6.311712511091392,0.8733944954128441,64.31109257714763,987.4931609674728,982.5074228523772,15
2015-12-20,10.924645257654966,15.505451829723677,6.345631067961164,4.157281553398058,1.3805678793256433,9.670097604259096,0.588262910798122,80.01000834028355,989.0746455379484,983.3391993327773,15
2015-12-21,10.413741598207615,15.585660941000747,5.260044809559372,5.13816280806572,1.3512866015971603,5.50053238686779,0.021209858103061984,77.47789824854047,994.3519599666387,988.7206839032527,15
2015-12-22,10.603808812546678,15.898132935026137,5.337117251680359,5.908289768483944,1.424933451641526,5.316681455190772,0.3221807318894698,77.14345287739785,994.7592994161802,991.0095913261052,15
2015-12-23,9.447946228528751,13.833009708737865,5.056385362210605,3.464227035100821,1.2123825789923142,4.600768573868489,0.1989544436146378,83.58215179316095,992.756046705588,989.0658882402003,15
2015-12-24,10.6580283793876,15.582449589245703,5.7016430171769965,5.123300970873786,1.769086251067464,5.521861656703672,0.0,78.74812343619682,991.189074228524,987.7223519599668,15
2015-12-25,9.774458551157583,15.028528752800598,4.5360716952949955,6.199551904406272,1.5842869342442358,5.510930828351836,0.0,80.80316930775648,993.4824020016681,990.2539616346958,15
2015-12-26,9.817176997759521,15.178267363704254,4.474234503360716,5.673412994772217,1.7258753202391117,5.601622544833476,0.008215085884988798,78.33861551292745,993.2905754795662,990.1067556296914,15
2015-12-27,10.058775205377147,15.866766243465271,4.186109036594473,5.613517550410752,1.7170794192997438,6.729718189581555,0.3050115651503469,72.93494578815681,992.1668890742285,987.0201834862386,15
2015-12-28,11.337266616878267,15.874906646751306,6.812994772218073,3.8516056758775203,2.3487617421007685,8.57466784765279,2.0560866318147877,75.13761467889908,989.7555462885738,984.985738115096,15
2015-12-29,11.496340552651231,16.085287528005974,6.9224794622852865,4.308364451082898,1.7415883859948762,8.03303808680248,0.005624483043837883,76.59883236030026,991.9617180984153,987.3188490408673,15
2015-12-30,10.59955190440627,16.085436893203884,5.104929051530994,5.017176997759522,2.1835183603757478,10.065670367207517,1.4351008215085885,72.9608006672227,991.0309424520433,983.6516263552961,15
2015-12-31,11.5193427931292,16.41732636295743,6.581179985063479,3.920911127707244,1.6251921434671224,6.545516652433817,0.43366951124903025,77.25854879065888,987.0840700583819,984.1586321934947,15
2016-01-01,11.534279312920086,16.144361463778935,6.930694548170275,2.9464525765496643,2.36336464560205,9.518872758326218,1.7512322628827481,81.00750625521268,985.8539616346957,977.6490408673895,15
2016-01-02,10.444286781179985,14.864675130694549,6.02419716206124,4.980731889469752,3.0179333902647314,11.973014517506403,0.29704190632703376,69.1884904086739,983.3224353628025,978.4035863219351,15
2016-01-03,10.437341299477223,15.120612397311424,5.754891710231516,1.4213592233009706,3.8682322801024767,13.680529461998292,3.4398805078416728,73.78065054211844,981.7380316930776,969.9173477898248,15
2016-01-04,13.844212098581032,16.352800597460792,11.349365197908886,1.1265123226288274,5.0654141759180185,17.538087105038425,4.192830470500374,78.57547956630526,970.5139282735613,963.9722268557133,15
2016-01-05,10.358177744585511,13.823823749066467,6.882150858849888,4.830395817774459,4.34466268146883,13.480785653287787,0.8974172719935433,64.59966638865721,972.5378648874063,965.8201834862385,15
2016-01-06,8.523599701269605,12.72307692307692,4.295892457057505,3.0241971620612396,3.9555935098206665,15.054227156276685,0.7135922330097088,68.04253544620518,977.0438698915764,971.459049207673,15
2016-01-07,14.232860343539954,18.20119492158327,10.23076923076923,3.232710978342047,5.004782237403928,14.242613151152861,2.26118038237739,71.62135112593829,975.5703919933279,972.4612176814012,15
2016-01-08,14.222255414488425,17.947348767737115,10.498282300224044,4.21209858103062,3.7388556789069165,13.583432963279249,3.2148618371919335,69.59132610508757,974.2150125104255,969.3002502085071,15
2016-01-09,13.543241224794624,16.86221060492905,10.243764002987302,3.7480209111277074,3.678479931682323,13.384201537147735,1.2985938792390403,69.58798999165971,972.6015846538783,967.9127606338616,15
2016-01-10,12.889619118745332,16.908140403286033,8.882449589245704,2.7212845407020163,4.802134927412467,16.69940222032451,4.542793129200897,65.15012510425355,971.8864887406172,966.6352793994995,15
2016-01-11,12.629051530993275,16.560492905153097,8.688349514563106,4.93226288274832,5.330572160546542,18.674722459436378,0.532337565347274,61.24937447873228,978.5221851542954,965.7587155963301,15
2016-01-12,9.364675130694549,13.712023898431665,5.0597460791635545,6.714040328603436,3.0268146883005977,12.27865072587532,0.5810306198655714,63.569641367806504,985.7020016680568,978.1752293577982,15
2016-01-13,8.122479462285288,14.05556385362211,2.2346527259148625,6.3400298730395805,1.265584970111016,7.145602049530316,1.3583271097834202,67.70391993327773,987.83469557965,981.1956630525438,15
2016-01-14,10.05922330097087,14.616131441374156,5.504854368932038,1.495593726661688,2.9660119555935096,11.62801024765158,1.4862548262548263,69.3886572143453,983.0276063386154,976.362635529608,15
2016-01-15,8.59716206123973,12.377893950709483,4.81814787154593,3.569454817027632,2.813748932536294,11.447822374039283,2.908588498879761,64.85237698081734,987.9341117598,979.9610508757299,15
2016-01-16,6.6905153099327865,11.856460044809559,1.5472740851381628,7.728827483196415,2.731255337318531,10.43116994022203,0.004422032583397983,48.38198498748958,990.3258548790658,986.9748123436198,15
2016-01-17,5.0885735623599695,11.109185959671397,-0.9289768483943243,4.9300224047796855,1.4954739538855675,6.109052092228864,0.6551904406273339,60.16180150125105,989.3909924937449,981.1979983319434,15
2016-01-18,9.060642270351007,13.898132935026137,4.241523525018669,5.320911127707244,2.919043552519214,12.670196413321946,0.8521126760563379,64.04753961634697,981.3974979149292,975.6134278565471,15
2016-01-19,8.517027632561614,13.080582524271843,3.9209111277072437,4.217197452229299,1.7279248505550813,6.356928034371643,0.24665052461662634,69.06338615512928,972.9749739311783,969.6638164754955,14
2016-01-20,8.648693054518295,14.305974607916355,2.9942494398805075,5.404929051530993,1.4104184457728437,5.445089666951325,0.04889975550122248,72.1492910758966,980.412927439533,976.4209341117598,15
2016-01-21,9.117102315160565,15.000746825989545,3.212920089619119,5.490515309932786,1.4403074295473952,6.635525192143469,0.38184019370460054,75.56964136780653,986.4793160967473,979.9296080066723,15
2016-01-22,10.516504854368932,15.653846153846153,5.351456310679612,3.3500373412994766,1.071733561058924,4.494192997438087,0.2474010861132661,81.28356964136783,992.4076730608842,986.2429524603838,15
2016-01-23,12.523823749066468,18.017849141150112,7.030619865571322,5.474607916355489,1.2795046968403074,4.970964987190436,0.0022346368715083797,78.65471226021684,994.6010842368642,991.5117597998333,15
2016-01-24,11.760716952949961,17.764600448095596,5.743166542195668,7.630918595967139,2.0335610589239965,6.57130657557643,0.09396195202646815,78.94161801501252,994.1575479566303,990.4349457881569,15
2016-01-25,12.206422703510082,17.09141150112024,7.281105302464525,4.653174010455564,1.677540563620837,6.177711357813834,0.11015151515151515,78.19266055045874,992.7627189324438,989.0349457881571,15
2016-01-26,11.006945481702763,14.239880507841672,7.764749813293501,3.3445108289768477,1.3201537147736977,5.7549957301451755,0.2718181818181818,86.38532110091745,992.988740617181,990.1668890742286,15
2016-01-27,11.23935772964899,15.266467513069454,7.2361463778939505,3.7136669156086626,1.8252775405636208,5.762339880444065,0.7112593828190159,80.96246872393662,991.4768140116765,987.2837364470392,15
2016-01-28,10.41732636295743,15.105078416728901,5.729648991784914,4.037042569081405,1.7518360375747224,7.572929120409905,1.6763256161314413,78.67222685571309,992.0419516263553,986.9932443703085,15
2016-01-29,10.048618371919343,13.274159820761762,6.851755041075429,2.1529499626587008,1.818872758326217,6.053287788215201,0.6063636363636362,81.33694745621351,994.2763135946623,991.2529608006673,15
2016-01-30,10.889021657953696,15.329873039581779,6.439880507841671,5.534802091112771,1.964389410760034,8.305807002561913,0.11441374159820761,77.42285237698083,994.6739783152628,990.8614678899083,15
2016-01-31,11.430022404779688,16.66811053024645,6.158103061986557,4.808961911874533,2.1417591801878735,8.469342442356957,0.05787878787878788,75.07506255212678,993.630775646372,989.9098415346123,15
2016-02-01,12.410903659447346,18.216803584764747,6.623002240477969,6.3665421956684085,1.5077711357813837,6.204782237403929,0.005250965250965251,74.69307756463719,993.8736447039199,990.0017514595496,15
2016-02-02,10.832113517550411,16.775280059746073,4.87378640776699,4.787826736370425,1.3657557643040137,5.740478223740393,0.2493259318001586,79.67306088407007,990.8287739783153,986.4852376980817,15
2016-02-03,10.703883495145634,15.827483196415235,5.623002240477967,5.8618371919342795,2.474551665243381,9.726302305721603,0.364824495892457,68.40283569641369,994.3669724770642,987.1708090075065,15
2016-02-04,8.397610156833455,14.16303211351755,2.6666915608663175,7.266691560866318,2.0459436379163103,7.753031596925703,0.056011949215832704,61.03085904920768,996.6844036697247,991.8880733944953,15
2016-02-05,9.128454070201641,16.179536967886484,2.097684839432412,7.638013442867811,1.529291204099061,6.107600341588385,0.0014189693801344287,66.04837364470391,992.4140116763969,984.4984987489574,15
2016-02-06,9.517251680358475,15.103958177744584,3.9387602688573558,3.227707244212099,2.6366353543979506,11.234756618274979,4.215384615384615,72.2427022518766,985.2062552126772,973.650875729775,15
2016-02-07,10.931142643764002,15.000298730395818,6.870276325616131,6.022927557879013,4.699573014517507,16.088471391972675,0.2040370058873002,59.86405337781484,984.4877397831527,971.9276063386154,15
2016-02-08,11.675578790141897,16.51904406273338,6.800970873786408,6.228155339805825,3.4883005977796757,11.965072587532024,0.34428678117998507,65.53294412010008,986.2664720600502,983.085988323603,15
2016-02-09,12.948095593726661,17.0185212845407,8.89111277072442,2.423599701269604,6.329888983774552,19.416310845431255,3.4393577296489917,67.49040867389492,983.9455379482903,974.2327773144286,15
2016-02-10,13.502688573562361,16.395668409260644,10.596116504854368,1.7596713965646003,5.374807856532878,16.281981212638772,2.7799683293745048,73.92160133444538,977.9633027522937,972.540366972477,15
2016-02-11,13.655489171023152,16.888872292755785,10.418073188946972,2.7385362210604924,4.013151152860803,12.640990606319388,3.869454817027632,80.97998331943288,975.7484570475398,972.4914095079232,15
2016-02-12,13.860492905153096,17.43965646004481,10.302912621359225,1.084839432412248,5.069940222032452,16.153116994022202,5.669156086631814,80.13427856547122,974.8352793994997,968.6738949124272,15
2016-02-13,16.17012696041822,19.11799850634802,13.215085884988799,2.618222554144884,5.357557643040138,17.637147736976942,4.813592233009708,74.56630525437865,970.2848206839031,964.3201000834027,15
2016-02-14,11.068857356235998,15.274085138162807,6.829350261389095,4.52957430918596,6.351579846285226,18.458582408198122,4.355563853622106,64.15929941618015,967.7185988323603,961.4535446205172,15
2016-02-15,8.742643764002985,13.404256908140406,4.1023151605675885,5.733050047214354,4.477198975234843,15.676345004269855,1.2216579536967886,55.899082568807344,983.8411175979984,967.1799833194328,14
2016-02-16,6.2470500373413,11.845108289768485,0.6803584764749815,8.569006721433905,2.851665243381725,10.519214346712214,0.03803921568627451,49.703085904920776,987.5891576313593,982.8934945788158,15
2016-02-17,5.370126960418222,11.84271844660194,-1.0660194174757283,7.844660194174757,2.6506404782237403,10.693082835183606,1.7017923823749066,55.02001668056714,986.5003336113429,978.5447039199332,15
2016-02-18,7.261090365944735,11.52471994025392,2.9690067214339053,3.8280059746079163,2.6227156276686587,9.491118701964133,4.6980582524271846,69.06171809841535,983.5595496246872,977.2426188490408,15
2016-02-19,7.735548917102315,12.962061239731142,2.522628827483196,6.498058252427184,2.281810418445773,8.556105892399659,1.7783152627189327,65.74562135112595,988.951042535446,982.9915763135947,15
2016-02-20,8.887826736370426,15.346601941747574,2.4529499626587006,8.4991784914115,2.3476515798462856,8.251238257899232,2.299029126213592,63.46538782318599,991.9805671392826,988.0768140116764,15
2016-02-21,10.43883495145631,17.23226288274832,3.6491411501120234,6.353771471247199,2.0687446626814685,7.542015371477368,0.10387965162311955,62.594662218515445,990.7510425354462,983.0075896580483,15
2016-02-22,12.500597460791637,18.433756534727408,6.576699029126213,6.778192681105302,2.1971818958155427,8.80341588385995,0.06788710907704043,61.59966638865721,984.9778982485407,978.8937447873229,15
2016-02-23,12.289021657953697,17.98566094100074,6.613666915608663,7.933532486930545,2.649103330486763,8.799743808710506,0.013144137415982077,61.36697247706422,986.0025854879066,982.922268557131,15
2016-02-24,11.078117998506348,16.920313666915607,5.220911127707245,6.13693138010794,2.76396242527754,10.725106746370626,1.7847647498132935,67.75062552126774,983.6585487906591,974.8484570475397,14
2016-02-25,11.318595967139657,16.301717699775953,6.351456310679611,7.174458551157579,3.374295473953885,11.625619128949616,1.2442056792018423,64.4812343619683,979.2366972477067,974.9758965804838,15
2016-02-26,9.57348767737117,14.239507094846898,4.927781926811052,3.008140403286034,4.232536293766012,12.993766011955595,9.550037341299479,71.25688073394495,978.0492910758966,960.3172643869893,15
2016-02-27,7.7765496639283045,10.31665421956684,5.238610903659447,2.1771471247199403,5.300853970964988,16.810418445772843,10.808716707021794,72.60050041701417,962.366221851543,956.1273561301083,15
2016-02-28,9.013890963405526,12.987378640776699,5.051232262882747,3.28991784914115,3.6487617421007683,13.306575576430403,2.409248554913295,71.80733944954127,971.7000834028358,960.659633027523,15
2016-02-29,9.642046303211352,15.14353995519044,4.145929798356983,7.9268857356236,3.571648163962425,12.378138343296326,0.041448842419716206,54.60800667222686,984.4898248540451,971.4915763135948,15
2016-03-01,9.805974607916353,16.779462285287526,2.8657206870799103,8.503808812546676,2.099487617421008,8.7466268146883,0.08244958924570575,51.987489574645544,987.4097581317765,983.6588824020017,15
2016-03-02,12.710007468259896,19.87796863330844,5.483943241224795,7.789171023151606,4.197865072587532,13.758326216908625,0.8452576549663928,58.01918265221018,985.3087572977482,978.3939949958299,15
2016-03-03,11.912471994025392,17.292830470500373,6.5222554144884235,7.995070948469006,3.761656703672075,11.43065755764304,0.40380881254667667,55.518765638031695,980.7021684737281,975.341784820684,15
2016-03-04,11.390440627333831,18.21568334578043,4.567513069454817,7.086034353995518,4.311443210930828,14.68462852263023,2.3142643764002986,63.392827356130105,976.8200166805672,964.1102585487907,15
2016-03-05,10.095668409260641,14.13831217326363,6.0724421209858095,7.559522031366691,5.062425277540563,15.355678906917165,2.9426437640029874,59.55879899916598,972.104170141785,965.7603002502085,15
2016-03-06,8.896191187453324,13.848469006721436,3.924122479462285,6.833756534727407,3.7309991460290353,11.218616567036722,2.2911874533233756,55.22685571309424,974.7190992493745,970.9105087572976,15
2016-03-07,8.496265870052277,12.293054518297238,4.703211351755042,3.688648244958925,3.5100768573868493,11.478138343296328,2.8303958177744586,67.21100917431193,974.9090075062553,967.3160133444536,15
2016-03-08,8.529350261389094,13.90231516056759,3.1266616878267364,7.666840926064227,2.8160546541417584,10.41801878736123,1.064002987303958,59.06839032527106,981.4309424520434,974.4689741451211,15
2016-03-09,7.909708737864079,13.243315907393574,2.586855862584018,2.625989544436146,3.71733561058924,13.809564474807859,4.3495450785773375,71.21517931609674,980.7878231859885,971.1937447873228,15
2016-03-10,8.900373412994773,14.148095593726662,3.634951456310679,7.288795088257865,3.4233134073441507,11.978992314261317,1.7000772200772198,56.074228523769804,979.6941618015013,972.7219349457882,14
2016-03-11,9.161613144137416,15.456534727408512,2.858177744585511,9.038372985418265,2.729035012809564,9.02194705380017,0.010909090909090908,55.08423686405339,982.9812343619683,978.737614678899,14
2016-03-12,8.723450336071693,15.189245705750558,2.2480955937266613,8.775671527244821,1.9295473953885567,6.946712211784799,0.0,60.15346121768141,983.570892410342,980.6903252710591,14
2016-03-13,9.210828976848394,16.110231516056757,2.2791635548917104,9.221412125863392,2.007087959009394,7.7,0.032188200149365194,59.127606338615514,982.6090909090909,977.4315262718934,14
2016-03-14,9.35952203136669,14.6513069454817,4.075280059746078,5.599079048349961,1.6726729291204097,8.118360375747224,2.4867811799850634,71.52543786488741,980.159382819016,977.0537114261884,14
2016-03-15,10.194025392083644,15.751456310679611,4.649215832710978,4.715349194167307,1.9154568744662677,7.864389410760034,0.3326170376055257,69.60050041701419,981.3681401167639,977.8010842368642,14
2016-03-16,10.404107542942494,16.264077669902914,4.542494398805077,6.754643131235609,2.3910333048676344,10.196669513236547,2.8317401045556383,66.51292743953296,980.1904086738948,976.0065054211842,14
2016-03-17,10.41209858103062,15.389843166542194,5.4754294249439885,6.4694551036070616,2.385567890691716,7.566268146883004,0.026288274831964154,64.07089241034195,980.8825688073395,978.4207673060885,14
2016-03-18,10.893203883495142,15.80537714712472,5.976250933532487,4.064082885648504,2.0856532877882152,8.467976088812978,2.9237223493516398,70.54128440366972,980.1955796497083,975.5839866555463,14
2016-03-19,11.641822255414489,14.536519790888722,8.73248693054518,3.140752110514198,2.280614859094791,8.112126387702821,5.841822255414487,82.83653044203501,976.9026688907421,973.7495412844038,14
2016-03-20,11.845855115758027,16.660716952949965,7.033009708737863,5.5528779739063685,2.111870196413322,8.405294619982921,2.0717596566523606,74.91909924937448,976.239032527106,973.3552960800666,14
2016-03-21,11.14607916355489,14.965496639283044,7.336221060492904,3.5795855717574834,2.5971818958155426,9.70136635354398,9.32725914861837,81.8740617180984,975.8457881567973,971.386572143453,14
2016-03-22,11.328976848394323,15.368633308439135,7.28603435399552,3.3421335379892563,2.464474807856533,10.073868488471394,0.42233250620347396,71.82568807339449,972.3190158465391,967.7448707256046,14
2016-03-23,11.692830470500372,17.495444361463775,5.9121732636295725,8.245510360706062,3.4774551665243383,11.116994022203246,0.30739357729648986,56.2185154295246,973.6452043369476,967.279399499583,14
2016-03-24,11.771172516803583,18.946825989544433,4.591336818521284,9.976438986953184,2.410162254483347,7.8201537147736975,0.05787878787878788,52.22185154295246,981.3610508757298,973.340950792327,14
2016-03-25,12.71247199402539,19.773562359970132,5.685586258401792,6.073983115886416,2.5719043552519216,9.582408198121264,1.0336641852770885,60.879899916597175,984.4054211843203,980.7180150125105,14
2016-03-26,14.428976848394324,20.810530246452576,8.07580283793876,7.949577897160399,3.3545687446626817,12.655935098206662,1.656609410007468,63.764804003336124,983.5786488740619,977.703002502085,14
2016-03-27,13.823151605675875,19.240926064227033,8.422106049290516,8.030698388334612,3.7052946199829204,12.731255337318531,0.7714507370054308,50.81317764804003,980.7425354462052,976.9427856547122,14
2016-03-28,13.39462285287528,18.62210604929051,8.20336071695295,3.9155026861089794,3.7847993168232277,12.211614005123824,1.188050784167289,59.397831526271894,979.5233527939948,976.628023352794,14
2016-03-29,14.95041075429425,21.19634055265123,8.729350261389097,8.405679201841902,2.9870196413321946,9.594278394534586,0.21132660977501944,60.66305254378649,979.0527939949959,975.5175145954963,14
2016-03-30,14.722927557879014,22.34159820761762,7.0556385362210605,8.949194167306215,3.276771989752349,12.603254769921437,3.443689320388349,58.43452877397832,976.7623853211009,970.555462885738,14
2016-03-31,12.710679611650484,17.825242718446592,7.600970873786408,7.284190330007674,5.211896745230079,16.936363636363637,4.601161665053242,57.63636363636364,978.2679733110925,969.151626355296,14
2016-04-01,10.634503360716952,15.723076923076924,5.4778192681105295,7.965464313123561,2.674978650725875,10.29517396184063,2.692905153099327,59.39949958298582,978.829941618015,974.6798999165973,14
2016-04-02,11.675429424943987,18.66728902165795,4.725616131441374,7.453184957789717,2.503757472245944,9.768317677198974,0.40470588235294114,55.19432860717265,975.6897414512096,971.0130108423688,14
2016-04-03,13.180955937266614,18.820761762509335,7.581478715459297,6.1709132770529544,3.2602903501280953,11.695046968403073,1.9235250186706496,63.608840700583826,974.4075896580483,970.7986655546289,14
2016-04-04,12.542419716206123,16.271844660194176,8.801194921583273,1.5674597083653108,3.185226302305722,10.761656703672074,13.804779686333081,80.86155129274395,973.750542118432,964.218098415346,14
2016-04-05,12.030470500373411,15.007020164301718,9.039880507841673,3.311742133537989,3.5982066609735264,11.418189581554225,6.579432079815808,80.03502919099249,975.8364470391992,965.0773144286907,14
2016-04-06,13.37849141150112,18.749066467513067,8.036370425690816,7.5323100537221785,3.094107600341588,9.766780529461997,1.3332337565347274,67.63302752293578,977.9902418682234,974.88682235196,14
2016-04-07,13.629275578790141,19.39761015683346,7.864376400298728,9.282885648503452,2.8992314261315113,9.765926558497007,1.882673637042569,61.78065054211843,978.0864053377815,973.9251876563802,14
2016-04-08,10.998058252427182,15.444734876773708,6.559223300970873,7.57966231772832,3.8117847993168237,11.890350128095644,0.7586258401792382,55.1976647206005,977.3260216847375,973.8578815679733,14
2016-04-09,12.608961911874532,19.314563106796115,5.931366691560867,9.467613200306985,3.373697694278395,11.065843179377016,0.2770724421209858,54.83402835696414,976.3035863219349,970.098915763136,14
2016-04-10,13.184167289021657,19.373786407766993,6.975056011949215,8.16768994627782,4.633817250213493,14.086678052946198,2.0083905415713192,61.63469557964971,971.1536280233529,965.3682235195998,14
2016-04-11,13.591859596713965,19.0252427184466,8.136519790888723,7.3049884881043745,3.093424423569599,11.374124679760888,1.7117181314330958,61.9232693911593,973.014261884904,968.575062552127,14
2016-04-12,14.28088125466766,20.102912621359227,8.479611650485435,7.358710667689947,2.982835183603757,11.195046968403076,2.4876773711725164,62.32360300250209,973.5655546288574,970.0728106755629,14
2016-04-13,14.328304705003731,19.63883495145631,9.023076923076921,9.165098777046097,4.004782237403928,12.470139634801289,0.8661916072842437,55.71309424520433,976.6155963302751,971.8890742285237,13
2016-04-14,15.18342046303211,22.119790888722918,8.241747572815532,9.483115886415963,2.7626814688300594,9.704440649017931,0.23144137415982075,55.42285237698081,976.6834862385322,972.2432860717265,14
2016-04-15,15.637191934279313,22.527632561613142,8.750410754294249,8.495241749808136,2.774978650725875,10.236293766011954,1.6007710100231303,60.80650542118432,974.4846538782318,969.9540450375313,14
2016-04-16,16.074682598954443,22.107766990291257,10.055862584017925,6.77766692248657,3.6167378309137486,13.63262169086251,4.959596713965645,63.80567139282735,973.9223519599666,969.3652210175146,14
2016-04-17,15.886706497386108,20.767139656460053,10.97430918595967,8.889255564082882,3.221605465414176,10.023313407344151,0.04578043315907393,55.190158465387825,979.0411175979983,972.8804837364469,14
2016-04-18,14.680806572068706,20.280507841672893,9.032860343539957,7.157252494244053,3.15397096498719,10.272331340734414,0.4006672226855713,63.89741451209341,981.1508757297748,976.878565471226,14
2016-04-19,14.158476474981326,18.65787901418969,9.675429424943989,4.156945510360705,3.3780529461998294,10.355081127241673,5.677744585511575,71.4328607172644,980.0039199332778,975.5092577147625,14
2016-04-20,14.247871545929794,18.541747572815535,9.97027632561613,3.3045280122793557,2.2134927412467977,10.14995730145175,6.238386855862583,68.16847372810675,980.0823185988323,975.4246038365304,14
2016-04-21,14.968185212845405,20.151829723674382,9.797610156833459,8.485955487336913,2.4163108454312554,8.444491887275833,2.8041075429424938,64.92326939115931,982.502502085071,978.9391993327774,14
2016-04-22,14.862584017923822,19.29843166542195,10.39058999253174,2.9437452033768223,1.6487617421007688,7.5631084543125535,0.4045188284518828,71.06588824020018,982.1929107589659,978.4240200166805,14
2016-04-23,15.412397311426437,21.30141896938013,9.508439133681852,7.072678434382196,2.8195559350982067,10.948420153714775,0.601194921583271,66.1301084236864,979.2394495412843,974.3311926605506,14
2016-04-24,14.591486183719192,20.80873786407767,8.384839432412248,10.50023023791251,3.2239965841161404,9.534842015371476,0.12658823529411764,56.48874061718099,978.7959132610509,974.9773978315263,14
2016-04-25,13.518595967139657,19.858625840179236,7.199103808812546,11.662240982348424,2.916908625106746,8.642186165670369,0.0,52.853211009174316,979.6306088407007,975.4477064220184,14
2016-04-26,14.834727408513816,22.258775205377145,7.410231516056758,10.691864927091325,3.1797608881298034,9.646456020495302,0.0327109783420463,55.8465387823186,976.5540450375312,971.7646371976647,14
2016-04-27,14.753398058252428,19.312920089619123,10.160194174757281,5.027398311588642,2.990520922288642,10.068573868488471,1.5855115758028377,68.10091743119266,974.4704753961636,972.2375312760634,14
2016-04-28,14.092307692307692,17.51381628080657,10.65392083644511,4.650115118956255,2.7480785653287785,7.94141759180188,1.7909973521624005,74.38031693077565,978.4935779816512,973.1710592160135,14
2016-04-29,14.22927557879014,18.722778192681105,9.7260642270351,4.936224098234842,1.936891545687447,8.067805294619983,1.6632561613144137,70.57631359466221,980.2056713928274,976.82635529608,14
2016-04-30,14.522180731889469,20.03913368185213,8.996041822255414,7.734765924788949,3.535610589239966,11.40990606319385,0.9595220313666913,65.18515429524604,985.1125104253546,977.9016680567139,14
2016-05-01,12.486631814787154,18.848842419716206,6.1399551904406255,11.739370683039137,3.2807002561912886,11.972160546541417,0.019118745332337567,42.34361968306923,985.98740617181,982.9413678065055,14
2016-05-02,13.534578043315905,21.87423450336072,5.2004480955937264,12.51665387567153,3.0533731853116994,8.870367207514946,0.0,41.12760633861551,984.9207673060885,980.3075896580483,14
2016-05-03,15.877893950709483,24.599103808812544,7.127109783420463,12.351880276285494,3.0052946199829202,9.29743808710504,0.0,47.22268557130943,983.6973311092577,979.860967472894,14
2016-05-04,17.0537714712472,24.995519044062736,9.107169529499625,10.886339217191098,2.516140051238258,8.666353543979504,0.031999999999999994,48.59382819015847,981.9455379482903,976.7962468723937,14
2016-05-05,16.03853622106049,21.28790141896938,10.81433905899925,3.940138142747506,2.6527754056362083,8.324305555555554,1.0634055265123228,61.45204336947456,977.7548790658883,973.3171809841535,14
2016-05-06,15.658252427184465,19.654817027632564,11.631516056758771,3.240905602455871,2.990093936806149,9.689923142613152,1.774398758727696,67.6438698915763,974.777731442869,970.7017514595497,14
2016-05-07,15.879163554891708,19.31672890216579,12.434652725914857,2.928626247122026,2.9175064047822374,9.49607173356106,3.3589992531740096,70.8348623853211,971.360967472894,966.1914095079231,14
2016-05-08,15.39342793129201,18.1949215832711,12.543838685586259,1.7777436684574062,3.3425277540563623,10.374978650725875,6.496747289407839,82.74728940783987,966.756046705588,963.0763135946622,14
2016-05-09,15.28319641523525,19.12479462285288,11.442270351008215,2.6036070606293165,2.7232280102476514,12.478223740392826,5.671294117647059,81.88824020016682,971.0381150959134,964.3723936613844,14
2016-05-10,13.88050784167289,17.826138909634054,9.930470500373414,2.2945510360706067,2.5566182749786504,8.742442356959865,5.298525989138867,81.08924103419518,971.3822351959967,966.9094245204338,14
2016-05-11,15.221135175504106,20.27856609410008,10.163256161314413,7.400383729854182,2.9877028181041845,10.317335610589243,1.7807511737089199,65.3352793994996,969.3794829024189,965.7306922435364,14
2016-05-12,14.658551157580282,19.80709484690067,9.508887229275581,6.581504221028395,3.553116994022203,11.958680555555556,2.2196029776674937,64.24353628023354,970.914845704754,967.3934111759801,14
2016-05-13,15.14100074682599,20.422180731889465,9.841224794622853,6.524021488871835,3.5777113578138344,11.794790777113576,0.886104218362283,67.55462885738116,975.5985821517933,970.1904086738949,14
2016-05-14,16.816579536967886,22.313592233009707,11.29044062733383,7.358019953952417,3.3266438941076006,10.784713919726729,1.9757983193277306,62.164303586321935,980.456630525438,975.3440366972477,14
2016-05-15,17.361613144137415,23.058252427184463,11.696788648244958,9.696623177283191,2.9916310845431253,9.172160546541416,0.015384615384615385,58.91993327773145,983.0190992493744,979.5476230191827,14
2016-05-16,17.168334578043314,23.635399551904403,10.694025392083644,11.4119723714505,2.8301451750640476,8.911443210930829,0.029606784888203543,55.70058381984988,984.0855713094246,980.5168473728108,14
2016-05-17,16.870873786407767,22.63315907393577,11.084092606422702,9.380353031465846,3.0695986336464562,8.535012809564474,0.004779686333084392,61.81818181818181,982.0090909090909,977.2929107589657,14
2016-05-18,18.46878267363704,24.849290515309924,12.070351008215088,8.703376822716805,3.2263023057216054,11.832365499573015,0.4136183689627869,61.389491242702256,979.7677231025857,975.0097581317765,14
2016-05-19,18.752352501867072,24.393577296489912,13.117774458551157,10.827091327705295,3.164047822374039,10.202305721605464,0.029961389961389962,56.0208507089241,982.7180150125104,977.7734778982485,14
2016-05-20,19.276325616131444,26.04264376400298,12.477669902912622,11.939754412893324,2.637233134073441,8.539709649871904,0.009559372666168783,54.13928273561301,983.2989991659715,979.3567973311091,14
2016-05-21,19.69096340552651,26.472964899178493,12.913144137415982,10.222102839600922,3.1683176771989756,10.858240819812128,1.5129200896191188,57.32360300250208,980.5052543786487,975.3647206005005,14
2016-05-22,18.25870052277819,24.50238984316654,12.045855115758027,10.139217191097467,4.1953885567890685,14.214688300597778,1.9848206839032523,56.58882402001669,982.9748957464556,973.9472060050042,14
2016-05-23,16.982972367438386,23.12203136669155,10.818595967139657,9.993323100537223,2.595644748078565,8.24321093082835,0.08068269976726145,46.21434528773978,984.5182652210175,978.9700583819848,14
2016-05-24,18.22957430918596,24.56325616131441,11.89380134428678,9.320184190330009,3.0660973526900084,10.47070879590094,0.8194921583271098,56.11509591326106,979.7919099249374,971.2072560467055,14
2016-05-25,18.894846900672142,24.278566094100068,13.50552651232263,8.473292402148886,2.8904355251921436,9.386251067463707,0.1741598207617625,60.38031693077565,974.6488740617181,971.4543786488742,14
2016-05-26,19.626288274831964,25.137341299477217,14.158327109783421,9.30023023791251,2.4338172502134925,8.86336464560205,0.06362934362934362,58.83319432860718,974.9276897414512,972.3282735613013,14
2016-05-27,20.166542195668406,26.776400298730394,13.575354742345034,10.50069071373753,2.7211784799316825,9.898121263877028,0.9513069454817028,56.908256880733944,976.8080900750625,973.8186822351961,14
2016-05-28,19.94055265123226,26.205899925317397,13.66168782673637,8.197774366845737,4.106490179333903,17.55875320239112,2.5696041822255418,62.703919933277746,977.1139282735613,972.5272727272728,14
2016-05-29,18.362733383121732,23.646303211351754,13.132486930545182,10.60306983883346,4.466438941076004,12.424679760888129,0.6730803177405118,52.57381150959132,979.1552960800667,975.1997497914928,14
2016-05-30,18.497012696041825,24.506198655713217,12.495743091859593,9.515656178050651,3.086763450042698,9.942783945345855,0.30918595967139656,50.89574645537948,980.4833194328606,976.8829858215179,14
2016-05-31,18.232935026138907,24.49798356982823,11.99029126213592,11.496546431312359,3.1318531169940216,9.98471391972673,0.0,53.13344453711427,982.2226021684737,979.2370308590494,14
2016-06-01,19.012696041822256,26.49118745332337,11.484988797610155,12.99593246354566,2.890862510674636,9.758923996584118,0.0,43.56630525437865,981.7570475396163,977.222518765638,14
2016-06-02,19.78730395817775,26.90761762509335,12.663928304705005,10.961089792785877,2.568403074295474,9.013578138343297,0.0,50.559633027522935,979.0976647206004,973.6395329441202,14
2016-06-03,21.02569081404033,27.790589992531736,14.215533980582522,11.657866462010746,3.1861656703672074,9.972758326216908,1.6291262135922329,53.975813177648035,975.4946622185154,971.2095913261052,14
2016-06-04,20.548020911127708,26.787154592979835,14.282748319641522,8.683960092095164,3.166780529461998,9.486507258753202,0.043315907393577296,56.50542118432026,978.264804003336,973.6874895746454,14
2016-06-05,20.645257654966386,27.59768483943241,13.695145631067959,10.928396009209514,2.802305721605465,8.95542271562767,0.06691560866318147,54.0675562969141,979.4619683069225,976.3237698081733,14
2016-06-06,21.841075429424944,28.622255414488425,15.070052277819267,10.379969301611665,2.7189581554227154,9.545772843723315,0.15901765157329242,51.46705587989992,981.9354462051712,977.3937447873228,14
2016-06-07,22.544510828976843,29.59477221807319,15.465571321881999,13.18073676132003,2.5641332194705377,8.882237403928265,0.0,49.55629691409507,983.6903252710594,980.7231025854878,14
2016-06-08,24.150858849887967,32.024197162061235,16.24368932038835,12.480660015349194,2.9015371477369767,9.528608027327072,0.0,47.99165971643037,983.2566305254379,977.8385321100917,14
2016-06-09,24.138013442867805,31.742120985810303,16.525690814040324,11.222333077513431,3.207429547395388,10.188898377455168,0.23808812546676625,49.81234361968308,979.4241034195162,973.7680567139282,14
2016-06-10,23.08610903659447,28.625690814040325,17.537415982076173,9.498158096699921,3.8432963279248504,11.427839453458583,0.9099678456591639,54.59049207673061,975.5336947456212,972.1797331109258,14
2016-06-11,21.969678864824495,27.11919342793129,16.780731889469756,9.083499616270146,3.3277540563620835,9.932109308283518,0.0065720687079910385,56.87823185988324,978.3591326105086,974.7329441201001,14
2016-06-12,23.001194921583267,29.8429424943988,16.175205377147126,10.135456638526477,2.817847993168232,9.644064901793339,0.2092549019607843,52.63969974979149,979.1969974979148,975.7871559633028,14
2016-06-13,24.421956684092603,31.67102315160568,17.21717699775952,11.352494244052183,4.514602903501282,13.743210930828353,0.12128454070201643,49.082568807339456,977.1880733944952,972.0407839866556,14
2016-06-14,23.10814040328603,29.591486183719194,16.658625840179237,11.290943975441287,3.7297181895815545,15.44611443210931,1.822031366691561,46.75979983319433,974.4361134278563,968.2320266889072,14
2016-06-15,20.964589235127473,26.487063267233236,15.462134088762983,8.701841903300076,5.183950617283952,15.52895622895623,2.578102926337033,54.523394994559304,968.4902067464637,963.9557127312295,14
2016-06-16,18.63899905571294,23.385080264400372,13.886307837582628,7.438025415444771,5.041167434715822,14.074654377880185,0.7038297872340424,53.30794341675735,974.5198041349294,967.2634385201305,13
2016-06-17,18.591635548917104,24.467513069454814,12.7209858103062,9.019416730621641,2.8664876476906556,10.393662728249195,1.7480209111277074,48.85738115095913,981.3116763969974,975.0130942452043,14
2016-06-18,18.904854368932035,24.372815533980578,13.47968633308439,10.293937068303913,2.9439795046968404,9.545516652433818,0.9542195668409259,51.45537948290242,987.4758965804835,980.9638865721433,14
2016-06-19,19.20149365197909,26.296265870052277,12.095892457057506,12.352570990023024,2.8607173356105893,9.084286934244236,0.02292755787901419,45.87406171809842,987.9018348623852,983.7010842368641,14
2016-06-20,21.159148618371923,29.03308439133682,13.315982076176251,13.458787413660781,2.7707941929974376,8.745260461144321,0.004779686333084392,43.54795663052545,985.7185154295247,981.7122602168474,14
2016-06-21,23.39126213592233,31.43793876026886,15.362210604929048,13.641980046047584,3.006575576430402,8.859692570452605,0.0,41.0817347789825,984.0032527105922,979.9792326939115,14
2016-06-22,24.240092521202776,31.770084811102546,16.744949884348493,13.360015349194166,3.0938514090520917,9.679982285208148,0.004182225541448842,40.79399499582986,981.8466221851544,978.3288573811509,14
2016-06-23,24.481628080657202,31.60985810306198,17.316206123973114,12.046584804297776,2.9670280036133696,9.984372331340735,0.026332288401253914,42.062555066079305,982.8696413678066,978.7094245204338,14
2016-06-24,23.74899178491412,31.00926064227035,16.436743838685587,11.713660782808903,3.2766865926558504,10.496242527754056,0.1631372549019608,45.16513761467889,981.870391993328,977.2012510425354,14
2016-06-25,23.223674383868556,28.981702763256155,17.447572815533974,10.454796623177286,3.3127241673783088,10.135012809564472,0.0,52.790658882402006,979.6102585487907,976.678899082569,14
2016-06-26,22.67826736370425,28.031217326362952,17.344286781179985,9.351036070606293,3.269684030742954,10.530657557643039,0.0,54.13678065054211,982.6617180984153,978.1589658048374,14
2016-06-27,23.530171769977596,29.642867811799842,17.42165795369679,11.869071373752877,3.042613151152861,9.581895815542275,0.0,49.67556296914095,983.498915763136,980.0619683069225,14
2016-06-28,23.991038088125467,30.579312920089613,17.416579536967884,8.553875671527246,3.06797608881298,9.596413321947054,0.11745244003308519,52.613010842368645,981.6467055879899,976.8706422018349,14
2016-06-29,24.858476474981323,30.920836445108286,18.82150858849888,9.379499596448749,3.138392050587172,9.756368563685637,1.4037364798426744,50.54977973568283,980.4279295154184,975.3493744787322,13
2016-06-30,24.40925401322002,30.73333333333333,18.12681775259679,11.456830031282584,2.8101571946795647,12.926602176541715,4.305949008498583,52.810526315789474,980.0883040935672,977.3736842105263,12
2016-07-01,24.498356982823,30.54533233756534,18.456908140403286,11.082041442824254,3.2510674637062333,9.889521228545618,0.22434652725914864,53.855713094245196,980.7428690575479,977.6733110925773,14
2016-07-02,24.080806572068706,30.409036594473484,17.743315907393573,11.533231005372219,3.2152006831767714,10.40606319385141,0.1527272727272727,54.609674728940774,982.8006672226857,978.8951626355298,14
2016-07-03,24.841150112023893,30.75795369678865,18.9303211351755,12.01619339984651,3.6607173356105895,10.476942783945345,0.019438116932422173,51.45621351125938,982.9946622185154,978.9206839032527,14
2016-07-04,24.921956684092606,30.882897684839428,18.951008215085885,10.270299309286262,3.3046114432109315,11.299573014517504,1.879696714406066,55.10258548790659,981.2260216847372,976.983569641368,14
2016-07-05,25.132262882748318,31.0991784914115,19.17669902912621,9.800306983883345,2.9738684884713917,10.164987190435525,0.8363934426229509,52.24687239366139,981.3947456213511,978.3279399499582,14
2016-07-06,25.376699029126208,31.87236743838686,18.885735623599697,10.397851112816577,3.3295473953885573,10.394760614272808,0.8554600171969047,50.38949124270225,981.58682235196,977.8660550458717,14
2016-07-07,24.98715459297983,30.45997012696042,19.52457057505601,5.2579432079815795,2.542908762420957,9.686269196025291,0.22285287528005976,54.42995594713656,983.7985022026432,980.1611453744493,14
2016-07-08,26.275130694548167,32.68834951456311,19.849215832710975,8.847812739831161,3.156447480785653,9.810117434507678,0.20567587752053773,53.54045037531276,983.5195996663886,979.7643869891576,14
2016-07-09,26.7058999253174,33.89686333084391,19.54055265123226,12.872448196469687,2.7747224594363793,9.732280102476516,0.0,48.24103419516264,983.0836530442035,978.1350291909924,14
2016-07-10,27.492755787901416,34.85056011949216,20.15735623599701,12.48227168073676,2.9713065755764303,9.012724167378309,0.13292402148887184,43.68390325271059,979.1318598832361,975.4238532110093,14
2016-07-11,26.133537989255554,32.08372985418265,20.196316193399845,10.832434575733544,3.3694677871148464,10.566946778711484,0.18443935926773455,44.39262062440871,978.2980223559761,975.3888220120378,13
2016-07-12,24.4227781926811,29.877221807318897,18.96086631814787,11.517728319263238,3.7495303159692575,11.257216054654142,0.15848484848484845,52.95829858215179,979.3693077564637,975.7814011676397,14
2016-07-13,22.894324122479457,27.591710231516053,18.232636295743088,8.81514670896114,3.530230572160546,10.728522630230572,0.01717699775952203,49.7698081734779,983.5050875729776,978.9310258548791,13
2016-07-14,22.65168035847647,29.06915608663181,16.21023151605676,11.191197462331482,3.207856532877882,10.471477369769428,0.0,46.95913261050875,984.2317764804003,980.1302752293578,13
2016-07-15,23.019566840926057,29.861911874533238,16.18976848394324,12.4655410590944,3.007685738684885,9.459863364645601,0.0,43.60550458715596,984.4075062552129,980.6782318598832,14
2016-07-16,24.091560866318147,31.477445855115757,16.695145631067962,13.275671527244821,2.815029888983774,8.939624252775406,0.0,44.47289407839867,982.9657214345287,979.1236864053378,14
2016-07-17,24.881179985063476,32.73383121732636,17.01807318894698,13.387490406753646,2.8729291204099057,8.875149444918872,0.0,41.045037531276066,981.559049207673,978.209090909091,14
2016-07-18,25.433756534727404,33.126213592233,17.707542942494396,13.078747026169706,3.3549957301451747,10.583689154568743,0.09200896191187453,40.11092577147624,981.2444537114262,977.8856547122602,13
2016-07-19,26.0235997012696,33.679312920089615,18.36616878267364,10.995011511895626,2.5764227642276416,9.479765130984644,0.0,41.10132158590309,982.8439647577092,978.8891629955947,14
2016-07-20,26.950858849887975,33.65929798356982,20.23973114264376,5.70199539524175,2.875491033304868,13.472758326216908,0.16503719447396384,44.88990825688073,980.785988323603,976.3866555462886,14
2016-07-21,26.30560119492158,32.664675130694555,19.937714712471998,10.665617805065235,2.8701964133219464,10.021776259607172,0.519193427931292,49.66305254378648,979.2249374478733,975.2604670558799,14
2016-07-22,24.850345356868768,30.838142747505756,18.844819646968535,10.049808135072908,2.949427312775331,10.45251101321586,5.189021657953697,53.799656061908856,980.4110920034393,975.3903697334482,14
2016-07-23,24.024346527259144,29.970724421209855,18.07079910380881,10.72210283960092,3.3906063193851406,10.254824935952175,0.43883495145631063,51.66722268557132,981.7200166805671,978.6125104253545,14
2016-07-24,24.803659447348764,31.96766243465273,17.642494398805074,12.67897160399079,2.9818958155422712,9.059521776259608,0.0,47.45954962468724,981.4589658048372,978.0501251042535,14
2016-07-25,26.228005974607914,33.80634802091112,18.6663928304705,12.29063699155794,2.4715627668659264,8.375661827497865,0.0074682598954443615,40.429524603836526,981.3512927439533,978.0388657214345,14
2016-07-26,27.10388349514563,34.32143390589992,19.89156086631814,11.714121258633922,2.6097352690008546,9.33005977796755,0.021510297482837525,41.830692243536284,981.7837364470391,978.0732276897414,14
2016-07-27,26.306945481702762,32.81165048543689,19.816504854368926,11.27958607714017,2.9081981212638772,9.464816396242528,0.0,48.51709758131776,981.0274395329442,978.0444537114262,13
2016-07-28,26.215235250186705,32.526213592233006,19.864973861090366,11.631082118188793,2.9803586678052945,8.735183603757472,0.0,50.312760633861544,981.0715596330276,977.3576313594664,14
2016-07-29,26.881427475057556,33.92356101304681,19.844512663085194,11.302993092862625,3.2806167400881057,11.093832599118944,0.26879489225857944,47.94926913155632,979.6135855546003,975.6825451418746,14
2016-07-30,27.12964899178491,34.08177744585512,20.145780433159075,11.095395241749808,3.559521776259607,10.895559350982067,0.3252427184466019,48.39532944120101,978.6731442869057,974.5663886572144,14
2016-07-31,26.42315160567587,33.199701269604176,19.653995519044063,9.257866462010744,3.6023057216054655,10.410503842869343,0.17748650732459523,45.02001668056714,980.650542118432,976.1508757297748,14
2016-08-01,25.47206870799104,31.35698282300224,19.561613144137414,11.510903659447346,3.2046968403074287,9.786763450042697,0.05227781926811052,48.70225187656382,982.1718098415347,979.0150125104254,15
2016-08-02,26.316056758775204,33.41172516803585,19.212098581030617,12.4596713965646,2.8725021349274122,9.182578992314262,0.0,48.20350291909926,982.2973311092577,978.5125104253545,15
2016-08-03,26.548842419716205,33.72636295743091,19.325466766243462,11.873711725168038,3.210333048676344,9.533219470538002,0.05257654966392831,49.25938281901585,980.5652210175145,975.3180150125104,15
2016-08-04,27.012696041822252,34.11896938013443,19.903958177744585,10.797460791635547,3.070452604611443,9.994705380017079,0.6168083097261567,47.466221851542954,978.8537948290243,974.0892410341953,15
2016-08-05,25.55410764872521,31.12634560906515,20.003210576015103,10.331350330500472,3.22267115600449,9.62312008978676,0.014164305949008497,50.881392818280744,982.621871599565,976.8369967355823,14
2016-08-06,26.086874409820584,32.67110481586402,19.52237960339943,12.647025495750711,3.123681257014591,9.2320987654321,0.0,43.378672470076175,984.3531011969533,981.2179542981503,14
2016-08-07,26.114069877242677,33.08914069877242,19.161850802644,12.8014164305949,3.27598204264871,9.10145903479237,0.0,43.34929270946681,984.6223068552777,981.0473340587595,14
2016-08-08,26.020585457979227,32.78300283286119,19.263172804532577,12.505760151085932,2.99652076318743,9.107407407407408,0.022710163111668756,44.89445048966268,983.7039173014148,979.8889009793254,14
2016-08-09,25.028611898016994,32.015486307837584,18.044192634560908,9.523890462700663,3.181593714927048,11.247362514029183,0.24566544566544568,42.34820457018498,980.8554951033733,976.2031556039175,14
2016-08-10,23.358625840179243,28.695145631067962,17.977744585511577,8.880433159073934,3.1128949615713073,12.566524338172503,0.3825825825825826,53.23519599666388,982.8274395329441,979.0194328607172,15
2016-08-11,23.17953696788648,29.688424197162064,16.704854368932036,11.783569828230021,2.751921434671221,8.729035012809565,0.025477707006369428,47.08507089241033,985.0393661384488,981.6495412844037,15
2016-08-12,24.144137415982073,31.19477221807319,17.09499626587005,12.390888722927556,2.3220324508966694,8.898548249359521,0.0,48.21434528773979,986.411009174312,982.8622185154295,15
2016-08-13,24.25093353248693,31.14973861090366,17.36161314413741,12.381030619865571,3.1892399658411614,9.935594713656387,0.0,47.705587989991656,984.5045037531276,981.6021684737282,15
2016-08-14,24.423898431665414,31.502240477968627,17.382300224047796,11.953398058252429,3.0588385994876175,9.116481639624253,0.027035100821508586,47.30025020850709,983.1684737281067,979.5261050875731,15
2016-08-15,24.97430918595967,32.044361463778934,17.905601194921584,10.532636295743089,3.006575576430401,10.14269854824936,0.2686198920585967,49.60800667222685,981.3521267723103,977.1460383653045,15
2016-08-16,25.094548170276326,30.579761015683346,19.629424943988045,6.91665421956684,3.0256191289496153,11.342442356959864,0.45123226288274826,56.62218515429525,979.6583819849874,975.6366138448709,15
2016-08-17,25.847348767737113,33.183719193427926,18.522479462285286,9.480657206870797,2.781895815542272,11.032365499573013,1.6939393939393939,55.08673894912426,977.2291075896579,973.3597164303587,15
2016-08-18,25.030470500373415,31.074085138162808,18.96221060492905,11.21949215832711,2.914175918018787,9.960119555935098,0.5060392156862745,58.276897414512085,975.9391159299415,972.5598832360299,15
2016-08-19,26.64212098581031,33.17692307692308,20.136221060492904,10.46235997012696,3.2048676345004274,9.837574722459436,0.292755787901419,51.966638865721436,975.9955796497081,971.972226855713,15
2016-08-20,25.4252427184466,31.11732636295743,19.72576549663928,9.974682598954447,3.3035012809564472,10.535695986336464,2.5193370165745854,57.547122602168464,981.9956630525438,975.500834028357,15
2016-08-21,24.330918595967137,30.17445855115758,18.475280059746083,9.317251680358478,2.5269854824935947,8.275064047822374,0.0,52.42952460383654,984.6368640533778,981.5020016680568,15
2016-08-22,25.854219566840925,33.298879761015684,18.441672890216577,12.03935772964899,2.056447480785653,8.48804440649018,0.0,48.729774812343614,985.1298582151794,981.5740617180985,15
2016-08-23,26.141747572815532,33.143091859596716,19.139058999253177,12.016728902165791,2.894790777113578,9.260888129803586,0.0,46.07339449541285,984.2712260216848,980.3440366972478,15
2016-08-24,25.44645257654966,32.30814040328603,18.617401045556385,11.271023151605679,2.790396475770925,9.470308370044053,0.18909634055265123,47.440240756663805,982.5510748065349,978.1861564918315,15
2016-08-25,25.04690067214339,32.32539208364451,17.77953696788648,11.209783420463031,3.082237403928266,9.99154568744663,0.12068707991038087,45.48040033361135,979.3772310258548,975.6817347789824,15
2016-08-26,25.026736370425684,31.782972367438386,18.218297236743844,10.713368185212843,2.8695132365499565,8.925448334756616,0.01849912739965096,50.23603002502086,979.8234361968308,976.8488740617181,15
2016-08-27,25.791635548917107,32.59275578790142,18.994174757281545,10.519566840926062,2.687190435525192,9.609820666097354,0.0,51.81734778982486,981.3294412010009,978.019516263553,15
2016-08-28,25.96109036594473,32.28289768483943,19.618521284540694,9.11448842419716,3.027839453458583,10.026985482493595,0.11515151515151513,55.73394495412844,982.6240200166806,978.8690575479566,15
2016-08-29,25.475280059746076,30.533308439133684,20.38543689320388,8.489395070948468,2.730828351836037,9.167122117847995,0.0070201643017177,55.29774812343619,982.6207673060884,979.4562135112593,15
2016-08-30,25.012023898431664,30.482449589245704,19.531441374159826,9.386855862584017,2.6260461144321092,9.338087105038428,0.0,50.89574645537948,981.6698081734779,978.0414512093413,15
2016-08-31,24.8690067214339,30.56512322628827,19.171919342793128,10.165870052277818,2.5903501280956447,9.142527754056362,0.0,54.603002502085076,983.1517097581317,979.6114261884903,15
2016-09-01,25.54563106796116,31.484540702016435,19.63838685586258,10.234503360716952,2.599402220324509,9.386269196025294,0.0,51.92827356130108,984.3093411175979,981.3257714762302,15
2016-09-02,25.495743091859598,32.856534727408516,18.12150858849888,10.631516056758775,2.107685738684885,7.532536293766013,0.0,49.99082568807339,983.662969140951,979.8591326105087,15
2016-09-03,26.57281553398058,34.343614637789386,18.790440627333833,10.38506348020911,2.4527754056362085,8.624167378309139,0.0,47.35446205170975,982.5251042535446,978.6063386155128,15
2016-09-04,27.863215686274504,36.59403921568627,19.157882352941176,9.865347274085138,2.563108454312553,9.170641373080398,0.0,41.23352793994996,982.446955796497,979.2241034195162,15
2016-09-05,28.35533980582524,36.45332337565347,20.276400298730394,10.504107542942494,2.739111870196413,9.424850555081127,0.0,42.44370308590492,983.2847372810675,979.8145120934112,15
2016-09-06,27.37684839432412,35.080358476474984,19.638386855862585,10.884988797610156,2.667036720751494,8.95473953885568,0.0,44.07256046705589,982.0377814845704,976.9940783986655,15
2016-09-07,26.110978342046305,33.093502613890955,19.11545929798357,10.534802091112772,3.135418502202643,10.556959863364643,0.17348484848484846,51.37833190025796,979.2821152192607,975.647377472055,15
2016-09-08,24.64764749813293,29.957580283793874,19.31530993278566,9.378640776699028,2.9241673783091384,9.287788215200681,0.09534522885958109,54.60967472894079,979.1592160133445,976.6805671392829,15
2016-09-09,24.4454070201643,30.227632561613145,18.670201643017172,9.09777436684574,2.492246696035243,8.172775330396476,3.7607825295723387,53.08340498710233,979.729750644884,976.3827171109202,14
2016-09-10,24.01463778939507,29.922479462285285,18.127259148618368,9.639581777445855,2.198121263877028,8.90059777967549,0.16530805687203792,56.66388657214346,979.7882402001667,976.6473728106754,15
2016-09-11,24.54234503360716,31.298207617625092,17.78058252427184,10.192531740104554,2.0400512382578992,7.457899231426131,0.0,54.71059216013346,979.8012510425355,976.3050875729775,15
2016-09-12,24.874234503360718,31.56407766990291,18.178790141896933,10.027333831217323,2.538941076003416,9.233902647309991,3.5770700636942685,55.70391993327773,978.1232693911594,974.1821517931611,15
2016-09-13,23.001381427475057,28.74025392083644,17.283039140445123,7.3312920089619125,4.232365499573015,14.065286343612335,6.947018572825024,63.11426188490408,977.896388650043,972.0155631986244,15
2016-09-14,18.95395241749808,23.835100821508586,14.09562547966232,6.461089792785878,3.754361233480177,11.68466960352423,0.5544131028207462,54.72656921754084,977.2263972484955,974.1349097162512,14
2016-09-15,17.928005974607913,23.29887976101568,12.528528752800595,4.9328603435399545,3.5401366353543984,11.206233988044406,3.9432211101000916,51.07256046705589,978.7217681401169,974.9055045871559,15
2016-09-16,19.83487677371172,26.54115011202389,13.177893950709484,8.573861090365945,2.749017933390264,10.021861656703672,0.770063694267516,53.58298582151793,984.0085070892411,978.0421184320265,15
2016-09-17,19.62106049290515,25.337565347274083,13.91396564600448,6.757729648991784,2.4765157984628523,9.783945345858243,0.8338001867413631,56.67389491242702,983.8381150959132,979.8080900750625,15
2016-09-18,19.304929051530987,25.247050037341296,13.41075429424944,8.971396564600447,2.2054654141759187,8.133902647309991,0.0696997270245678,52.646371976647195,982.097497914929,979.2362802335281,15
2016-09-19,19.3765496639283,26.604630321135172,12.135474234503357,9.528603435399555,1.9652433817250212,7.663108454312554,0.07734303912647862,53.954962468723934,982.134862385321,977.7306922435363,15
2016-09-20,20.365571321881998,26.062957430918594,14.67057505601195,6.556833457804331,2.27532023911187,8.289752348420155,0.28230694037145654,57.931609674728925,978.6859883236028,975.5518765638033,15
2016-09-21,21.120761762509332,28.05937266616878,14.194996265870051,9.893876026885735,2.292143467122118,8.665670367207516,0.0,54.9674728940784,979.8092577147622,975.9466221851544,15
2016-09-22,20.87079910380881,27.075877520537713,14.676624346527257,8.922703510082151,2.4204953031596923,8.725362937660119,0.0,58.82151793160967,983.1767306088408,979.2587155963301,15
2016-09-23,21.03988050784167,26.969828230022408,15.09268110530246,7.816803584764748,2.528522630230572,10.906575576430399,4.8389444949954505,60.532944120100076,986.5266889074229,982.4497080900751,15
2016-09-24,20.54309185959671,26.697834204630315,14.395220313666917,8.85451829723674,2.538257899231426,8.097011101622545,0.898937198067633,64.79482902418682,984.4575479566305,980.0149291075898,15
2016-09-25,21.13651979088872,26.35414488424197,15.887005227781929,7.473711725168035,2.323911187019642,9.084372331340733,0.694267515923567,66.11926605504587,983.5282735613011,979.5276063386154,15
2016-09-26,21.149215832710976,26.326960418222548,15.956385362210604,5.996564600448094,1.9777113578138343,7.776430401366355,0.03529411764705883,66.20100083402836,983.836280233528,980.408256880734,15
2016-09-27,21.178715459297983,26.397908887229278,15.989693801344286,7.313965646004481,2.0584116140051236,8.445602049530317,1.3664240218380346,63.63302752293579,987.4177648040034,983.5669724770643,15
2016-09-28,20.860194174757275,26.03569828230022,15.732038834951455,8.356534727408512,2.8740392826643895,10.022374039282667,0.3102820746132848,63.81484570475397,989.5091743119268,986.0613010842371,15
2016-09-29,20.665870052277814,26.497908887229276,14.819118745332338,9.017699775952202,2.474978650725875,8.607429547395387,0.21192052980132453,62.357798165137616,988.5356130108426,981.9619683069226,15
2016-09-30,20.40328603435399,26.282300224047795,14.525690814040326,8.473263629574307,2.025533731853117,7.553202391118702,0.23484986351228393,62.25187656380318,982.2394495412843,976.5133444537115,15
2016-10-01,20.788946975354747,26.84301717699776,14.697386109036595,7.543241224794622,2.7263023057216054,8.855081127241675,0.0,58.982485404503755,977.7906588824021,973.9015012510425,15
2016-10-02,20.201194921583266,25.78625840179238,14.61359223300971,8.764973861090366,2.0399658411614,8.048163962425278,0.0,65.58548790658882,980.5751459549625,976.0045037531276,15
2016-10-03,21.106497386109037,26.96415235250187,15.22270351008215,8.78386855862584,1.9929974380871052,7.711272416737832,0.023898431665421955,63.547956630525455,982.634945788157,979.740200166806,15
2016-10-04,21.583420463032112,27.91247199402539,15.248170276325615,8.832337565347276,2.2142613151152863,8.055593509820666,0.10784167289021657,62.50625521267724,983.3870725604671,979.2461217681399,15
2016-10-05,20.926960418222553,26.263032113517546,15.621060492905153,6.987740940632228,1.6323654995730148,8.177796754910332,1.667677573822825,64.32193494578816,981.8896580483736,976.1391993327774,14
2016-10-06,19.843614637789393,25.39492158327109,14.292307692307693,5.961911874533235,2.4604611443210924,10.57668659265585,1.1665421956684092,67.03753127606339,976.3835696413679,971.4268557130941,15
2016-10-07,19.778939507094847,26.362584017923815,13.241672890216577,8.298506348020911,2.02331340734415,7.242442356959863,0.0,61.49207673060885,978.6595496246872,974.1726438698917,15
2016-10-08,19.64406273338312,25.60604929051531,13.687079910380879,7.632038834951456,2.1660973526900085,8.192912040990608,0.04809559372666168,60.450375312760634,980.7404503753128,978.0891576313594,15
2016-10-09,18.430171769977594,22.45145631067961,14.422404779686332,5.34555638536221,2.114859094790777,7.939795046968403,1.9510082150858852,65.40867389491243,981.3732276897415,978.9375312760634,15
2016-10-10,17.817579028527373,22.64996144949884,12.981958365458752,7.312696041822255,2.0625960717335614,8.532023911187022,0.0,62.79816513761468,981.0389491242703,977.2463719766472,15
2016-10-11,17.645631067961162,24.095444361463777,11.195220313666914,7.642494398805078,2.2602903501280958,8.69077711357814,1.8380881254667663,60.550458715596335,977.9379482902419,971.1984153461217,15
2016-10-12,16.24742345033607,19.472292755787898,12.989245705750559,2.1674383868558627,2.10734415029889,8.452263023057217,6.676582761250953,78.02085070892412,972.4487906588823,965.4949124270225,15
2016-10-13,16.149663928304705,19.31321882001494,12.965571321882,1.3135175504107544,2.3502988898377457,8.486507258753203,5.223226288274832,82.56463719766472,966.7841534612176,963.1324437030859,15
2016-10-14,16.338386855862584,21.04077669902912,11.65123226288275,5.15750560119492,2.698035866780529,9.526900085397097,0.5415982076176251,67.75312760633862,973.3603836530442,964.9919099249374,15
2016-10-15,16.256011949215832,23.353995519044062,9.18132935026139,8.433532486930543,1.4347566182749791,8.224508966695131,0.4994772218073189,64.75145954962468,978.2214345287741,973.0838198498749,15
2016-10-16,16.908364451082896,22.897087378640773,10.937117251680355,6.645108289768484,1.6586678052946202,6.651750640478223,0.5493939393939394,67.65638031693078,981.9044203502918,977.9210175145956,15
2016-10-17,18.14182225541449,22.0975354742345,14.198356982823002,3.7508588498879756,1.2466268146883006,5.302818104184458,1.0114654517843584,76.18181818181819,985.1789824854045,981.2245204336948,15
2016-10-18,18.30896191187453,22.14996265870052,14.50709484690067,3.4967886482449595,1.344253490870032,5.757357679914071,2.0496610169491523,76.82485404503754,986.7083402835697,984.2334445371146,15
2016-10-19,17.68946975354742,21.65153099327856,13.754742345033607,3.2046303211351748,1.3652433817250211,5.613407344150298,1.786940015186029,77.24186822351959,985.1444537114262,979.0132610508758,15
2016-10-20,16.394846900672146,20.18693054518297,12.64219566840926,3.6930545182972363,1.8475661827497862,6.265328778821518,3.5501120238984316,79.85237698081734,979.0663052543788,975.4239366138447,15
2016-10-21,15.19155794320798,19.32831926323868,11.062010744435916,4.001194921583271,1.6982920580700256,6.106167400881057,1.2188200149365196,75.87322768974147,977.1768701633706,974.228546861565,15
2016-10-22,16.94796623177283,20.486032233307746,13.382655410590942,3.1467513069454816,1.8829074889867843,6.789603524229076,3.4794622852875277,85.65692175408427,974.5078245915737,968.7347377472056,15
2016-10-23,18.012247946228523,22.41553398058252,13.631964152352497,4.980358476474981,2.5986336464560202,8.957472245943638,4.351829723674384,79.04503753127605,971.3333611342787,966.5058381984987,15
2016-10-24,17.430769230769233,21.524346527259144,13.363853622106049,4.160791635548916,1.922203245089667,8.204696840307431,2.4180713743356113,79.80984153461219,977.079149291076,970.401918265221,15
2016-10-25,18.39260642270351,21.97005227781927,14.818147871545928,2.1984316654219564,1.574466268146883,6.632280102476514,3.225021061499579,84.94578815679733,982.1985821517932,975.7435362802338,15
2016-10-26,19.22173263629574,23.842718446601943,14.576848394324124,4.316430171769977,1.3544833475661828,5.467634500426985,0.004779686333084392,79.75562969140951,986.3804003336112,981.6482068390327,15
2016-10-27,19.024943988050786,23.952203136669155,14.108140403286031,7.510455563853621,1.711187019641332,6.6854824935952175,0.0,77.4370308590492,989.1600500417014,985.7120100083403,15
2016-10-28,18.147796863330846,23.771695294996263,12.520463032113518,7.820089619118744,1.7812126387702814,6.340905209222886,0.0,77.41451209341118,991.2358632193495,988.5437864887406,15
2016-10-29,17.00078431372549,23.898588235294113,10.102196078431371,8.402464525765495,1.235862691960253,5.174525745257453,0.018774243599689683,68.17973568281938,992.323436123348,987.0524229074891,15
2016-10-30,15.656908140403283,23.235175504107538,8.068259895444362,8.87176997759522,1.4462852263023056,5.471818958155422,0.06245181187355435,68.09674728940784,985.1652210175148,981.0386155129274,15
2016-10-31,16.06758775205377,22.241672890216577,9.94443614637789,7.631740104555637,1.401110162254483,5.49461998292058,0.014584949573312647,72.12760633861552,984.1311926605501,981.4542952460382,15
2016-11-01,16.29365197908887,22.312023898431665,10.268409260642269,7.027931292008962,1.1440649017933389,5.710845431255337,0.0,70.76169749727967,984.9107589658048,981.7437030859049,15
2016-11-02,16.42823002240478,23.337042569081405,9.480507841672893,7.887378640776698,1.5204953031596926,5.886080273270708,0.004779686333084392,69.93244370308592,983.2554628857383,979.0994995829859,15
2016-11-03,16.06422703510082,23.178491411501124,8.961613144137416,7.62823002240478,1.4161400512382578,7.23134073441503,0.6781179985063481,68.39699749791494,980.3679733110926,977.2030859049207,15
2016-11-04,15.4604929051531,19.313069454817025,11.632038834951453,1.3981329350261391,1.2046114432109307,6.413663535439795,6.982154515778021,82.22018348623853,979.7368640533778,974.4181818181819,15
2016-11-05,15.968857356235995,20.414488424197163,11.507841672890217,3.26706497386109,3.2169086251067465,13.370111016225447,13.205476864966947,78.91492910758964,974.9797331109257,967.4248540450376,15
2016-11-06,11.58536221060493,15.31837191934279,7.896489917849141,6.280657206870798,3.1970964987190436,10.540478223740394,3.535127478753541,65.91326105087573,973.204420350292,969.1904086738951,15
2016-11-07,9.562509335324869,14.082897684839434,5.026288274831965,6.16993166287016,2.389239965841161,10.674893253629376,3.1184236453201963,68.0817347789825,976.350041701418,971.8100917431192,14
2016-11-08,9.631366691560865,14.845556385362212,4.43241224794623,7.385345482156419,3.2181041844577285,12.095046968403077,2.0676624346527257,62.12510425354463,982.0241034195163,975.5238532110092,14
2016-11-09,12.23883495145631,17.128603435399555,7.314339058999253,4.943204252088078,3.9749786507258746,13.00333048676345,0.2493595217762596,65.71809841534612,983.561551292744,978.0629691409508,14
2016-11-10,11.859746079163555,17.167513069454817,6.565347274085138,7.209567198177677,2.118872758326217,7.990093936806148,0.0065720687079910385,66.6905754795663,985.4075896580486,982.6470391993328,14
2016-11-11,11.461090365944735,17.877819268110525,5.016355489171023,6.816878267363704,1.7930828351836037,6.651238257899232,0.346969696969697,70.53794829024189,985.4571309424521,982.5372810675565,15
2016-11-12,11.743390589992531,17.233532486930542,6.312023898431665,5.146975354742345,0.9260461144321092,4.661912894961572,2.1347394540942926,73.55296080066724,984.6733110925773,981.463469557965,15
2016-11-13,13.478566094100072,18.784092606422703,8.153248693054518,5.776026885735624,1.4803586678052945,6.5578992314261315,0.3416097190584662,70.57297748123435,985.5149291075895,982.223102585488,15
2016-11-14,11.750186706497384,16.78401792382375,6.686183719193429,5.143838685586259,2.113578138343296,10.497865072587532,1.6156060606060605,68.581317764804,987.9540450375314,984.0410341951625,15
2016-11-15,10.875877520537715,16.30955937266617,5.432412247946228,6.4702763256161315,2.111016225448335,7.408368915456876,0.0,68.56880733944955,989.7186822351958,987.0920767306087,15
2016-11-16,10.921583271097836,17.325989544436144,4.5366691560866315,8.02203136669156,1.351750640478224,5.248249359521776,0.0,69.44787322768975,988.3693911592993,983.6216847372809,15
2016-11-17,11.659746079163554,19.0882001493652,4.261687826736369,8.07565347274085,0.9813834329632792,4.815200683176772,0.1247244094488189,70.18849040867389,983.7939949958298,978.4115095913261,15
2016-11-18,12.008513816280804,18.436893203883496,5.559596713965644,4.7713218820014935,1.5806148590947906,6.412040990606319,0.11262135922330097,71.70892410341949,979.0396997497915,974.7760633861551,15
2016-11-19,12.066318147871547,17.16489917849141,6.9841672890216575,5.797311426437639,1.9336464560204953,7.661571306575576,1.6943784639746633,73.81484570475395,978.3306088407007,973.5462885738116,15
2016-11-20,12.67259148618372,17.0285287528006,8.343241224794625,2.2383868558625837,2.3292058070025616,9.759265584970109,6.95099150141643,74.77397831526272,974.0994161801502,966.4651376146788,15
2016-11-21,13.541000746825992,17.021956684092608,10.062434652725914,1.6727408513816282,3.31468830059778,14.104867634500426,2.9674919268030138,77.4587155963303,968.8502085070892,963.0042535446204,15
2016-11-22,11.258625840179235,13.487005227781925,9.033532486930547,1.2728902165795366,1.9234842015371478,7.199910793933986,14.467276641550058,89.56213511259382,969.6455379482903,965.7151793160967,15
2016-11-23,9.54787535410765,12.69650613786591,6.420018885741266,1.2683351468988033,3.067901234567902,9.700224466891134,10.319562841530054,81.70620239390644,968.5781284004354,963.5107725788902,13
2016-11-24,8.594772218073187,12.917251680358477,4.276699029126214,4.5949215832710975,1.7110162254483348,7.785824081981213,1.9559139784946238,76.6538782318599,973.1917431192661,967.516180150125,15
2016-11-25,7.957281553398059,12.40896191187453,3.4954443614637785,4.0504854368932035,1.9222032450896676,9.045345858240822,4.2875280059746075,79.8857381150959,974.171726438699,970.8083402835697,15
2016-11-26,10.56827195467422,13.459867799811141,7.658829084041548,1.054368932038835,2.075757575757576,7.349943883277218,4.813137032842582,84.81066376496192,970.1369967355822,966.6357997823723,15
2016-11-27,11.344287063267233,14.491501416430594,8.202644003777149,1.7001888574126536,2.1527497194163865,7.696071829405165,3.4800755429650607,87.45810663764964,970.652339499456,967.3933623503809,14
2016-11-28,10.615758028379387,14.223375653472742,7.000522778192679,3.495743091859596,1.2682322801024764,5.497181895815542,4.41034180543383,85.85487906588823,977.7331109257716,971.2210175145956,15
2016-11-29,10.539955190440628,14.499477221807316,6.6053771471247185,3.2878267363704246,1.405807002561913,5.436293766011956,0.8917102315160567,84.5237698081735,986.4172643869892,977.419516263553,15
2016-11-30,11.820612397311425,15.456310679611649,8.191560866318147,3.819735599622285,2.491716481639625,7.608881298035866,4.317736670293797,79.40950792326939,989.7189324437031,986.1738949124272,14
2016-12-01,10.435399551904405,14.067139656460043,6.818969380134428,2.6452576549663926,1.477796754910333,5.471733561058924,0.6906646751306945,85.17264386989159,988.7937447873227,983.7223519599665,15
2016-12-02,10.296415235250187,15.47684839432412,5.115683345780432,5.30351008215086,1.1508966695132368,4.842100768573869,0.023925385239253853,82.40914036996737,983.8282735613011,976.3043369474562,15
2016-12-03,9.432486930545185,14.682150858849885,4.1923823749066464,4.534129947722181,1.8904355251921434,7.156789069171649,3.464073777064956,82.75729774812342,976.883486238532,972.5477898248544,15
2016-12-04,12.36669156086632,14.855041075429423,9.921583271097832,1.3977595220313663,2.7187019641332197,7.944406490179333,19.576958882854925,87.18515429524605,977.1038365304421,972.9657214345289,15
2016-12-05,13.328603435399554,16.56930545182972,10.073338312173263,2.34555638536221,2.632365499573015,9.037233134073443,7.10546318289786,85.03002502085072,984.1935779816515,976.6519599666389,15
2016-12-06,12.495668409260642,16.782076176250932,8.220761762509335,5.109559372666169,1.187190435525192,5.879931682322802,0.08807339449541285,81.74979149291077,989.2721434528775,984.0488740617183,15
2016-12-07,11.331142643764,16.06728902165795,6.567587752053773,5.889469753547422,1.367207514944492,6.87600341588386,0.1515151515151515,82.71976647206006,992.4055879899917,988.4398665554628,15
2016-12-08,10.470649738610902,14.734578043315906,6.2563106796116505,4.619641523525019,1.6824081981212642,5.969854824935952,0.7810306198655712,83.73394495412843,994.1050041701417,991.601918265221,15
2016-12-09,11.433681852128453,16.20238984316654,6.61747572815534,4.590291262135922,1.5426131511528611,6.285055508112724,0.19761015683345778,77.26438698915766,993.585154295246,990.1662218515429,15
2016-12-10,11.026901960784313,16.495519044062732,5.746117647058823,5.371999999999999,1.0279132791327914,4.416310845431256,0.02018348623853211,82.00881057268727,990.671476230192,987.405254378649,14
2016-12-11,10.014588235294118,15.912173263629573,4.237647058823529,6.309185959671397,1.2240819812126391,4.6420153714773695,0.02018348623853211,81.94745621351124,988.1121768140117,984.6454545454546,15
2016-12-12,9.694772218073188,15.211351755041076,4.154592979835697,6.138984316654219,1.347395388556789,4.57532023911187,0.0,80.77564637197665,985.9125104253544,983.068140116764,15
2016-12-13,8.688200149365198,13.977595220313663,3.4246452576549666,5.361986557132187,1.2090520922288643,5.217847993168232,0.7620612397311426,85.070058381985,986.458798999166,983.2883236030026,15
2016-12-14,9.339656460044807,13.665421956684092,5.039133681852127,3.766467513069454,1.6199829205807001,5.671989752348421,2.837008481110254,85.1651376146789,985.125854879066,980.4866555462887,15
2016-12-15,8.564600448095593,11.429200896191185,5.691859596713965,1.428752800597461,1.5119555935098203,6.264133219470539,3.235316336166195,86.14845704753962,984.3160133444538,980.1210175145957,15
2016-12-16,9.397460791635547,11.865496639283046,6.905003734129947,0.6763256161314414,2.0231426131511534,7.689837745516653,10.989990557129365,89.84403669724773,986.4482902418682,978.2036697247707,15
2016-12-17,10.689171023151605,14.130022404779679,7.255190440627333,3.0238237490664672,4.344577284372331,13.176003415883859,15.214147909967844,77.1067556296914,992.5817347789825,985.6631359466221,15
2016-12-18,8.823300970873786,12.48170276325616,5.172666168782674,3.4001493651979082,3.562766865926559,9.640819812126386,22.31338411316649,83.24937447873228,991.8487906588824,982.5293577981652,15
2016-12-19,7.6485436893203875,11.10014936519791,4.19596713965646,1.9789395070948468,2.4051238257899237,10.031767719897521,33.445703493862126,83.23853211009177,982.7108423686406,975.3777314428692,15
2016-12-20,8.976923076923079,12.43935772964899,5.521508588498879,4.302315160567589,2.008539709649872,7.108625106746372,1.380591133004926,77.13261050875731,984.1874061718097,976.659049207673,15
2016-12-21,8.94406273338312,13.602389843166542,4.281852128454069,4.505302464525765,1.3409052092228866,8.00742954739539,0.6250933532486931,77.05671392827355,990.5919099249375,983.8598832360301,15
2016-12-22,9.692008961911876,14.955862584017924,4.421209858103062,5.424047796863331,1.515200683176772,5.753373185311699,0.08433420365535249,78.51904243743198,995.5621351125936,990.2746455379485,15
2016-12-23,9.493950709484686,14.669454817027635,4.326587005227783,6.272292755787901,1.4020495303159692,5.427754056362083,0.22509803921568627,82.31693077564637,997.0172643869892,994.600500417014,15
2016-12-24,9.308289768483943,14.03584764749813,4.607766990291262,5.198655713218821,1.8913748932536294,5.50538001707942,0.6606422703510082,84.60383653044202,998.0270225187656,995.4958298582152,15
2016-12-25,8.233308439133681,13.271844660194175,3.1976848394324127,5.685138162808065,1.711528608027327,5.704526046114432,0.1009771986970684,83.47986942328617,996.5080900750627,991.4127606338616,15
2016-12-26,8.524943988050785,14.637042569081403,2.3977595220313668,6.445407020164302,1.5535439795046972,4.919982920580701,0.014178482068390327,79.21980413492928,992.9904086738948,990.1932443703085,15
2016-12-27,8.61583271097834,14.041822255414488,3.2034353995519047,6.373338312173263,1.2380871050384286,4.507258753202391,0.0014649190439475714,78.78890097932536,994.664804003336,991.3833194328607,15
2016-12-28,9.000597460791635,14.397386109036589,3.6115011202389846,4.682225541448843,1.7513236549957303,5.424252775405637,0.0,75.90315560391731,996.0823185988323,993.3216847372812,15
2016-12-29,9.297639282341832,15.429556185080266,3.1990557129367323,7.328611898016995,1.5292929292929296,5.296408529741863,0.0,73.64635473340589,993.4170837867249,990.305440696409,14
2016-12-30,7.774693106704437,12.57091595845137,2.949763928234183,4.565533522190745,1.4085297418630751,5.241301907968575,0.04173748819641171,75.87704026115344,993.8486398258979,990.6413492927094,14
2016-12-31,6.3243465272591495,11.50134428678118,1.1725914861837194,5.201120238984315,1.8621690862510676,5.817164816396243,0.013741598207617625,80.03699673558218,993.4066722268557,989.6351125938282,15
2017-01-01,5.410754294249441,10.434279312920092,0.3876026885735623,5.2194921583271086,1.8338172502134924,5.9884713919726735,0.17356235997012695,81.61801501251044,989.7135112593827,981.753044203503,15
2017-01-02,6.736449480642115,11.528611898016996,1.9527856468366385,3.943814919735599,1.7089666951323654,6.510662177328846,0.371671388101983,78.60216847372811,981.8621327529924,978.6503808487487,14
2017-01-03,7.927184466019417,13.930843913368188,1.9392083644510827,5.211575802837939,1.5672929120409906,6.170964987190437,0.23883495145631065,77.07589658048371,986.4109257714762,982.2939949958297,15
2017-01-04,9.273935772964895,14.764077669902912,3.795668409260642,6.182972367438385,1.8859094790777113,6.0479931682322805,0.053107344632768366,80.43202668890741,987.00058381985,983.9725604670558,15
2017-01-05,8.060716952949964,13.664824495892455,2.4672143390589993,6.34219566840926,1.5957301451750643,5.916567036720751,0.07417116422513492,73.1000834028357,987.5110925771476,983.577231025855,15
2017-01-06,6.379312920089619,12.222703510082146,0.5215832710978343,6.5522031366691555,1.826216908625107,5.375832621690863,0.11501120238984316,72.3744787322769,989.9717264386989,986.732443703086,15
2017-01-07,6.035698282300223,12.246601941747572,-0.17139656460044794,7.024271844660196,1.5876174210076857,5.055678906917165,0.0,70.70058381984987,991.057964970809,988.3579649708089,15
2017-01-08,6.202240477968632,13.001045556385362,-0.6005974607916352,6.913517550410755,1.5320239111870197,6.02801024765158,0.0,68.42118432026689,990.4127606338616,986.2125104253546,15
2017-01-09,6.375504107542941,12.417998506348018,0.3540702016430172,6.801269604182225,1.8276686592655846,6.387532023911186,1.2478420569329662,74.78899082568807,988.8112593828189,983.1382819015846,15
2017-01-10,7.623973114264376,12.52135922330097,2.7215085884988794,2.0740851381628085,2.399658411614005,8.93142613151153,3.6979088872292754,76.48790658882402,983.5555462885739,975.8805671392827,15
2017-01-11,9.744286781179987,15.273188946975353,4.207617625093354,6.3255414488424195,2.413236549957302,9.776430401366355,0.2757575757575757,71.96330275229357,986.5422852376981,978.103002502085,15
2017-01-12,10.467289021657953,16.235623599701267,4.715384615384614,5.11665421956684,2.4625960717335613,10.3198975234842,1.1312747426761678,78.34278565471227,986.34011676397,979.4609674728941,15
2017-01-13,8.715309932785662,13.4478715459298,4.031516056758776,5.475877520537714,3.530059777967549,12.14073441502989,2.616160787530763,58.01918265221018,984.539032527106,978.7999165971643,15
2017-01-14,6.311127707244213,11.08050784167289,1.5258401792382372,6.751904406273337,2.6671221178479936,10.427924850555083,1.8515970515970512,57.70391993327773,987.2337781484571,984.0594662218515,15
2017-01-15,6.706049290515309,11.909260642270349,1.5281553398058256,5.962584017923824,2.99735269000854,10.33202391118702,1.4220313666915607,60.30108423686406,987.2783986655546,984.5397831526275,15
2017-01-16,9.248991784914113,14.451082897684838,4.011351755041075,5.74100074682599,3.3555081127241677,11.582322801024764,1.972591486183719,64.78065054211842,984.9707256046705,979.0371142618851,15
2017-01-17,5.81545929798357,11.301792382374906,0.3185212845407022,6.082300224047796,3.2423569598633644,12.718189581554226,0.5323648103309121,51.17264386989159,982.2060884070058,977.3293577981653,15
2017-01-18,2.1837191934279314,6.929873039581778,-2.5347274085138163,5.613844870725606,2.140352422907489,7.8594363791631086,0.5412780656303973,54.201203783319,982.8608840700584,980.073894912427,14
2017-01-19,3.9132188200149365,8.33749066467513,-0.5007468259895445,2.8491242702251878,3.935610589239966,12.76601195559351,25.58924731182796,65.3211009174312,982.5644703919933,978.4957464553795,14
2017-01-20,6.434652725914862,9.697759522031365,3.162733383121733,2.571545929798357,3.013492741246798,9.20734415029889,4.648138957816378,76.04503753127608,981.0388657214346,978.5477064220185,15
2017-01-21,7.344361463778937,10.910903659447348,3.8260642270351006,3.0647498132935027,3.858923996584116,10.969940222032452,3.01075429424944,73.31526271893243,980.3512093411176,977.0363636363638,15
2017-01-22,7.835250186706497,11.376773711725166,4.340403286034355,2.7533980582524267,3.125875320239112,10.61733561058924,2.6755932203389827,68.5212677231026,979.7251042535446,976.7011676396997,15
2017-01-23,7.811949215832709,11.963106796116502,3.5924570575056007,3.934778982485405,2.302818104184458,6.972758326216909,0.6324282389449185,74.87072560467057,981.8699749791494,978.8687239366138,14
2017-01-24,7.255190440627334,13.200000000000001,1.3471247199402534,6.349589245705751,1.9079419299743807,7.287446626814687,0.0,66.76647206005003,984.4624687239366,981.023102585488,15
2017-01-25,5.984615384615385,12.113442867811798,-0.16474981329350263,6.310380881254669,2.092912040990606,6.987873612297181,0.6616131441374158,66.01834862385321,983.4216013344454,978.3645537948289,15
2017-01-26,5.709185959671397,11.19865571321882,0.2272591486183721,3.836071765816808,1.9712211784799318,7.142442356959864,3.494912680334093,77.11676396997497,979.7375312760632,973.8427022518766,14
2017-01-27,8.440552651232263,11.686034353995518,5.223599701269603,1.7636295743091857,2.4273270708795898,10.915029888983774,11.11326105087573,84.74395329441202,977.7773144286907,969.9855713094246,15
2017-01-28,8.97281553398058,13.141448842419717,4.8067214339059,4.699582985821518,2.638599487617421,10.434415029888982,0.3925317401045557,74.00834028356965,985.3580483736448,975.1618015012511,14
2017-01-29,9.304182225541448,14.320014936519788,4.313741598207618,3.8149365197908884,1.6093082835183603,7.517933390264732,0.5668250197941408,76.58882402001669,986.2160967472895,983.1065054211845,15
2017-01-30,11.331142643764,16.605003734129948,6.021807318894697,4.921209858103061,1.8791631084543126,6.545431255337319,0.1118786857624263,76.20016680567142,984.4994161801502,979.1544620517099,15
2017-01-31,10.88857356235997,16.64204630321135,5.132785660941,6.6895444361463765,2.1940222032450896,7.41400512382579,0.8340552651232264,79.023352793995,979.4286905754795,976.2467889908257,15
2017-02-01,10.825765496639281,16.211650485436895,5.450784167289023,4.503136669156087,1.8439795046968406,8.140990606319384,1.181804163454125,80.90658882402003,979.4405337781486,975.8145120934114,15
2017-02-02,10.51396564600448,14.13121732636296,6.83629574309186,1.095743091859597,3.009393680614859,12.58795900939368,2.3033725490196075,80.77648040033361,978.4383653044202,972.1283569641369,15
2017-02-03,11.618521284540702,16.17259148618372,7.071471247199402,3.651829723674383,4.722032450896669,17.89402220324509,1.2524271844660193,68.17347789824855,978.3666388657214,973.5629691409507,15
2017-02-04,13.309185959671396,16.823525018670654,9.819268110530242,2.5825242718446604,4.512126387702819,16.026302305721604,3.5502613890963404,72.09424520433696,977.3403669724771,972.3732276897414,15
2017-02-05,11.2722927557879,15.044809559372666,7.499775952203137,5.995145631067962,7.04867634500427,21.007771135781386,2.158028379387603,58.67806505421185,983.5732276897414,970.8899916597164,15
2017-02-06,11.197908887229273,16.363629574309186,6.058700522778191,6.134279312920089,4.009479077711358,14.592997438087107,0.8368185212845407,63.19182652210175,985.2355296080065,981.3386155129276,15
2017-02-07,12.501418969380133,17.145631067961162,7.886631814787155,4.975952203136669,3.319812126387702,11.735695986336463,2.4015334947538336,72.34278565471224,984.6794829024186,980.6377814845703,15
2017-02-08,9.126362957430919,13.492382374906647,4.725466766243465,7.7286905754795665,3.6014517506404786,12.270879590093937,0.6781179985063479,56.19099249374478,985.696413678065,981.470892410342,14
2017-02-09,7.997012696041823,14.27744585511576,1.7504107542942493,7.64555638536221,1.9879590093936805,7.991545687446625,1.4822539949537425,58.84320266889073,984.3245204336946,975.1177648040034,15
2017-02-10,7.222852875280059,12.274757281553395,2.214189693801344,3.7876773711725167,2.0387702818104185,7.41673783091375,1.7801344286781178,69.36363636363637,976.7303586321935,973.0981651376146,15
2017-02-11,8.538461538461538,11.90687079910381,5.180881254667662,0.9904406273338311,2.4428693424423567,8.446541417591803,3.636594473487677,83.88156797331112,975.7979149291075,969.1196830692244,15
2017-02-12,11.539656460044808,14.492606422703508,8.615608663181476,0.8382374906646751,3.6093082835183607,12.396498719043553,5.085959671396565,78.36613844870725,969.8878231859883,964.9908256880733,15
2017-02-13,11.947274085138162,15.600149365197908,8.289768483943238,3.1137415982076178,3.1868488471391974,13.471818958155422,7.467473769168684,78.42452043369477,977.1776480400335,965.1747289407839,15
2017-02-14,11.384316654219568,17.095145631067957,5.650336071695295,6.793502613890962,1.8144321093082838,7.396840307429547,0.2872322193658955,73.03419516263551,988.0417014178483,977.073894912427,15
2017-02-15,11.282449589245704,16.3932785660941,6.159447348767737,6.741224794622853,2.0345004269854825,7.2421861656703665,0.6020046260601387,76.04670558798999,991.7767306088406,987.8727272727274,15
2017-02-16,11.715533980582522,16.118894697535474,7.359522031366691,5.804705003734129,1.5126387702818103,6.277369769427838,0.0157580283793876,75.87823185988324,992.2254378648875,989.1685571309424,15
2017-02-17,11.140253920836447,16.94839432412248,5.295892457057507,7.178939507094847,1.05200683176772,4.936549957301453,0.28249807247494213,72.43786488740618,990.4974979149291,985.0084236864055,15
2017-02-18,9.660078431372549,16.38737254901961,2.9647058823529404,7.051306945481702,1.7970111016225447,6.807497741644083,1.1816499614494989,73.98498748957465,985.6352793994995,979.9399499582987,15
2017-02-19,10.889021657953696,15.237266616878268,6.516952949962658,5.082598954443615,2.550469684030743,8.511528608027326,0.5687826736370425,73.64553794829024,987.3643035863219,981.9618849040867,15
2017-02-20,10.207020164301717,15.03532486930545,5.363928304705003,6.973412994772217,2.834415029888984,8.534927412467978,0.014339058999253172,72.1000834028357,987.4111759799833,984.2381984987491,15
2017-02-21,10.369529499626587,16.809335324869306,3.9637042569081395,8.443241224794622,2.3638770281810415,7.861912894961571,0.5797610156833457,65.98415346121769,986.2590492076731,982.0739783152627,15
2017-02-22,12.030022404779682,18.801269604182224,5.219790888722927,7.529190992493745,2.183859948761742,6.583603757472246,0.15424242424242424,62.008340283569645,983.9545454545456,979.1255212677232,14
2017-02-23,11.687453323375653,15.534428678118,7.808961911874531,1.5934279312920088,1.4363791631084546,6.187532023911187,1.1019292604501605,73.48790658882402,980.0592994161801,974.6393661384488,15
2017-02-24,11.319193427931292,15.44339058999253,7.149663928304705,3.0076176250933533,1.914944491887276,6.916310845431255,1.75530303030303,80.21100917431193,979.9660550458716,974.4369474562136,15
2017-02-25,10.561613144137416,17.078566094100076,4.0089619118745325,8.584839432412249,1.8406490179333905,7.364987190435526,0.26377893950709486,68.40261153427639,982.9497914929108,978.6917431192662,15
2017-02-26,10.910156833457805,17.074682598954443,4.693801344286781,7.227408513816279,1.775576430401366,6.866097352690007,0.26277372262773724,74.05421184320267,983.4879899916597,979.2131776480398,15
2017-02-27,12.270948469006719,17.180433159073935,7.3746825989544424,7.095070948469005,3.434096916299559,11.880187873612297,0.40433159073935776,67.53628023352795,979.6266055045872,974.1881567973312,15
2017-02-28,12.043166542195667,16.19731142643764,7.841075429424943,4.21478715459298,4.341673783091375,13.42160546541418,1.3996996996996995,63.513761467889914,979.051125938282,972.7688907422854,15
2017-03-01,11.7185212845407,17.89648991784914,5.576848394324122,8.42890216579537,2.3096498719043552,7.959692570452606,0.4342129208371247,64.49374478732277,981.5834028356966,977.8815679733111,15
2017-03-02,12.273338312173262,19.27027632561613,5.265571321882001,8.13980582524272,1.9452604611443214,7.718274978650726,0.7486806187443132,67.94245204336947,981.5085904920767,975.715095913261,15
2017-03-03,9.939581777445854,14.920388349514562,4.925466766243465,2.661837191934279,3.125704526046114,15.68872758326217,11.263967242948135,81.5838198498749,976.6690575479566,961.585404503753,15
2017-03-04,8.472964899178493,12.489320388349514,4.44824495892457,4.36168782673637,4.513834329632793,16.588812980358668,2.439628482972136,66.08507089241034,974.7999165971644,963.6022518765639,15
2017-03-05,10.589096340552649,16.033532486930547,5.171172516803584,5.1058999253174,3.0438087105038427,11.129547395388558,0.9378596087456847,73.92160133444537,982.0756463719766,974.2867389491244,15
2017-03-06,14.904929051530996,20.502613890963406,9.282001493651979,7.541150112023896,4.157813834329633,14.019470538001707,0.09808917197452233,64.02502085070893,985.437114261885,979.9570475396165,15
2017-03-07,15.05616131441374,21.18401792382375,8.916728902165795,7.4635548917102295,3.14534585824082,10.46524338172502,0.10345768880800729,59.474562135112585,986.5269391159302,982.742869057548,15
2017-03-08,15.003061986557134,21.98050784167289,8.084914115011202,7.537490664675129,1.7471391972672927,6.672075149444918,0.0,62.74645537948291,988.2713928273562,984.6609674728943,15
2017-03-09,16.91157580283794,26.328230022404778,7.522628827483197,10.029798356982823,1.682152006831768,6.359777967549103,0.0,53.3327773144287,987.6690575479566,983.1880733944953,15
2017-03-10,17.52621359223301,27.074831964152356,7.986109036594473,10.269156086631813,1.8093936806148594,7.019385140905209,0.0,50.487072560467055,984.3013344453711,979.5369474562135,15
2017-03-11,16.02539208364451,24.185959671396557,7.873338312173262,8.827632561613143,2.63800170794193,9.308539709649875,0.17032136105860116,58.79232693911593,981.9698915763138,976.6984987489575,15
2017-03-12,13.686183719193428,18.899626587005223,8.501493651979088,6.298655713218818,2.9403074295473957,12.965499573014517,3.295632393084623,68.10758965804837,980.8524603836531,976.3399499582986,15
2017-03-13,11.420463032113517,14.969305451829724,7.872292755787902,3.3420463032113514,4.229632792485056,13.813321947053803,6.762843601895735,72.8398665554629,987.2636363636362,978.7855713094245,15
2017-03-14,13.27378640776699,18.26452576549664,8.285810306198655,5.408140403286034,3.8818104184457733,12.353714773697694,0.012738853503184714,67.10791993037422,989.3150125104254,985.7333611342785,15
2017-03-15,13.220089619118745,19.203286034353997,7.219118745332337,9.437938760268858,3.031767719897524,9.380956447480786,0.009827115559599638,61.82735613010841,988.3190158465386,983.5118432026687,15
2017-03-16,13.46654219566841,20.184615384615384,6.762509335324869,9.801643017176998,2.675064047822374,9.00862510674637,0.572884440400364,56.77064220183486,985.0491242702251,980.7312760633863,15
2017-03-17,12.636893203883494,19.72255414488424,5.562210604929051,8.724122479462284,2.27532023911187,8.024935952177627,0.4775250227479527,58.85738115095913,984.0681401167641,980.6916597164303,15
2017-03-18,13.376176250933531,21.297983569828236,5.48319641523525,9.37565347274085,2.043125533731853,6.855508112724168,0.2853503184713376,57.4512093411176,983.8135112593828,979.9678899082571,15
2017-03-19,13.85332337565347,22.218745332337566,5.494174757281553,9.874981329350259,2.469000853970965,7.235098206660974,0.12811646951774344,56.81234361968306,981.8272727272729,976.3306922435363,15
2017-03-20,14.729051530993278,21.340627333831215,8.08439133681852,8.135026138909634,2.6987190435525186,8.19517396184063,0.5823475887170155,57.893244370308594,978.2726438698917,975.0258548790658,15
2017-03-21,13.02434652725915,18.621956684092606,7.440477968633307,6.654368932038835,3.1109988776655446,10.959932659932662,0.9763813651137595,66.94161801501252,978.8888240200167,975.3862385321103,15
2017-03-22,11.600896191187452,17.301120238984307,5.8902912621359205,6.609559372666169,3.7260461144321106,12.967003367003368,2.7070063694267517,63.297748123436186,977.7974145120935,971.0605504587155,15
2017-03-23,8.866019417475728,13.413592233009709,4.330395817774458,5.344884241971621,2.8124679760888127,10.464758698092034,1.9577797998180164,61.6230191826522,975.24728940784,970.431859883236,15
2017-03-24,8.215533980582522,13.070724421209857,3.3924570575056006,3.76235997012696,1.979590093936806,8.289752348420153,2.4692307692307693,67.42535446205171,976.8699749791494,973.0202668890742,15
2017-03-25,9.542304060434375,14.646836638338055,4.436827195467422,5.604532577903683,3.2901234567901243,11.509988776655446,5.543046357615894,65.16757344940153,975.9595212187161,971.7384113166487,14
2017-03-26,11.597922568460813,17.493484419263456,5.717941454202077,6.993201133144477,3.0529741863075204,11.931874298540967,1.25114401076716,66.67464635473341,975.8858541893363,971.8436343852014,14
2017-03-27,13.64579792256846,18.468177525967896,8.779981114258733,5.530769230769231,3.4254769921436594,11.400336700336702,0.7095541401273887,65.6670293797606,983.4092491838957,973.867791077258,15
2017-03-28,13.437117251680354,20.26138909634055,6.618222554144883,9.555041075429425,1.821605465414176,7.181212638770281,0.0,58.90992493744787,988.2524603836531,984.6567139282735,15
2017-03-29,14.609185959671398,22.450485436893203,6.768633308439133,10.613218820014938,1.652860802732707,7.692912040990607,0.0,56.24687239366139,988.3448707256048,984.1044203502921,15
2017-03-30,15.031889469753546,22.501269604182227,7.571620612397312,9.18252427184466,2.3052092228864214,8.694192997438087,0.3486930545182972,52.97664720600501,986.0491242702252,981.6698915763135,15
2017-03-31,15.277893950709483,21.6773711725168,8.887528005974609,7.0793129200896185,2.832877882152007,12.18462852263023,0.7736470588235294,58.74478732276898,983.9051709758132,978.0122602168474,15
2017-04-01,13.640477968633308,18.84929051530993,8.397759522031366,7.781254667662435,3.5081981212638773,11.769427839453458,1.123686274509804,58.186822351959975,981.9872393661384,978.2243536280234,15
2017-04-02,12.876176250933531,20.191635548917105,5.565571321882,10.209185959671396,2.349274124679761,9.639368061485909,0.2268497330282227,55.643869891576315,983.1098415346122,978.8307756463722,15
2017-04-03,13.1075429424944,20.843838685586256,5.398506348020912,10.980881254667663,2.4355251921434675,7.410076857386849,0.0,51.51709758131777,984.7405337781486,981.7690575479565,15
2017-04-04,13.938162808065721,21.60746825989544,6.286034353995518,9.716579536967886,2.471135781383433,8.545602049530316,0.33883495145631065,53.618015012510426,984.802418682235,981.6372810675563,15
2017-04-05,13.656310679611652,19.5873786407767,7.709634055265123,8.302464525765496,3.1362083689154563,10.452690008539712,0.16377893950709482,54.31776480400334,983.0163469557966,980.1646371976649,15
2017-04-06,13.847348767737117,20.6134428678118,7.065795369678865,10.698207617625089,3.070708795900939,9.582237403928266,0.0,53.01084236864054,982.4853211009175,978.0707256046707,15
2017-04-07,14.207169529499627,22.060268857356235,6.384764749813293,10.84690067214339,2.611699402220325,8.740222032450896,0.0,52.34778982485405,981.9717264386987,978.8022518765638,15
2017-04-08,15.02539208364451,23.152053771471245,6.901344286781178,11.253248693054518,2.141076003415884,7.864816396242528,0.0,48.39949958298583,982.8206005004171,979.5296080066722,15
2017-04-09,15.218820014936517,23.074906646751312,7.333756534727408,10.872815533980583,2.3502988898377457,8.729632792485056,0.0,50.94745621351126,985.00058381985,981.8979983319435,15
2017-04-10,16.18625840179238,23.80059746079164,8.558625840179241,10.179312920089616,2.1305721605465417,8.070623398804441,0.0,52.34945788156798,985.9773978315261,982.1635529608005,15
2017-04-11,16.83211351755041,25.512023898431664,8.130843913368185,10.760941000746824,2.281212638770282,8.389325362937662,0.0,47.837364470392004,984.5200166805671,980.1979149291077,15
2017-04-12,16.60985810306199,24.722703510082148,8.519790888722927,11.34219566840926,2.246199829205807,8.216140051238257,0.0,51.931609674728946,982.8196830692244,978.8064220183488,15
2017-04-13,17.964301717699776,26.617774458551153,9.311799850634802,11.176101568334579,2.504953031596926,9.183176771989752,0.0,53.150125104253554,980.616763969975,976.6894912427024,15
2017-04-14,18.05631067961165,25.553472740851383,10.534727408513815,9.35227781926811,2.1257899231426136,9.236037574722458,0.01882001493651979,52.31442869057549,980.4854045037532,977.2581317764804,15
2017-04-15,17.154891710231514,23.127333831217324,11.20186706497386,9.049663928304705,2.8224594363791624,8.84201537147737,0.031366691560866314,58.04670558799,983.0952460383653,978.669557964971,15
2017-04-16,17.14831964152353,24.438237490664672,9.863106796116504,10.533084391336816,2.296413321947054,7.4065755764304,0.0,51.737281067556296,983.9077564637199,979.5587155963303,15
2017-04-17,17.72382374906646,25.090365944734877,10.381852128454069,11.275952203136669,2.6634500426985483,8.602134927412468,0.0,54.05421184320267,980.8069224353629,976.7180150125106,15
2017-04-18,17.663405526512324,24.297535474234497,10.98730395817774,9.890515309932784,2.5828351836037573,10.078565328778822,0.17297297297297298,58.569641367806504,979.1210175145957,975.277481234362,15
2017-04-19,15.249663928304704,19.925765496639286,10.566840926064225,5.8352501867064985,3.8519214346712207,10.870025619128949,0.43106796116504853,55.460383653044204,982.1168473728106,977.5674728940784,15
2017-04-20,13.614115011202387,19.11829723674384,8.139507094846902,7.954368932038834,4.101280956447481,11.72613151152861,0.0,50.03252710592159,986.2241034195163,981.2628023352794,15
2017-04-21,13.342643764002986,20.41396564600448,6.249589245705751,11.418073188946975,3.8374893253629376,10.728693424423573,0.0,44.3277731442869,987.2265221017515,984.0592994161799,15
2017-04-22,14.22150858849888,21.665870052277818,6.770799103808811,10.076624346527257,2.7906917164816396,8.881762114537446,0.0,48.56380316930776,986.7687239366139,980.3917431192659,15
2017-04-23,15.55533980582524,23.399626587005223,7.692755787901418,11.349738610903657,2.336293766011955,8.48736122971819,0.09753547423450336,47.87155963302752,981.0286071726439,976.856880733945,15
2017-04-24,16.597610156833454,24.53644510828977,8.667363704256907,10.97012696041822,2.407429547395388,8.909735269000851,0.2688907422852377,50.11592994161801,978.5697247706423,974.3185988323602,15
2017-04-25,17.155563853622102,23.533233756534727,10.743838685586256,6.563704256908141,2.6401366353543985,11.659777967549104,2.3406273338312173,62.5187656380317,975.3757297748123,968.3936613844869,15
2017-04-26,14.49947722180732,19.024197162061242,9.955862584017924,5.166318147871544,2.6602903501280957,9.181554227156278,9.532536622976098,67.1976647206005,973.6163469557965,968.8714762301918,15
2017-04-27,10.990739357729648,14.98558625840179,6.978939507094846,4.522031366691561,2.8818104184457725,10.476174210076858,2.867775138558986,68.883236030025,978.2190158465386,972.5244370308592,15
2017-04-28,10.888648244958924,15.830619865571316,5.946228528752801,5.8122479462285295,2.910760034158839,8.810333048676345,1.6719940253920835,64.5070892410342,978.6328607172642,975.1138448707256,15
2017-04-29,12.570575056011949,17.69499626587005,7.441224794622853,4.374383868558625,2.347822374039283,8.403586678052948,2.3210606060606063,70.4770642201835,976.8973311092578,972.1210175145955,15
2017-04-30,14.479910380881254,19.816504854368933,9.14906646751307,6.143838685586259,4.172416737830914,14.315200683176771,1.563993831919815,65.94078398665553,977.1919099249376,969.554128440367,15
2017-05-01,13.70858849887976,20.0991784914115,7.3118745332337545,10.739731142643764,2.332194705380017,9.651665243381721,0.014689265536723162,46.26355296080067,982.2436196830691,976.4399499582988,15
2017-05-02,15.179910380881253,22.371620612397308,7.988498879761014,8.18976848394324,2.3179333902647308,8.118531169940223,0.07513725490196078,55.71142618849041,981.732110091743,977.6927439532943,15
2017-05-03,16.776101568334578,23.131217326362957,10.399402539208362,9.911501120238983,2.3203245089666944,8.360119555935098,0.30411171450737,62.62468723936614,979.1896580483736,974.3757297748123,15
2017-05-04,17.643614637789394,24.330993278566094,10.949738610903657,7.889395070948469,2.3357813834329635,8.041076003415883,0.4263924592973436,60.67222685571309,975.7228523769808,970.4407839866558,15
2017-05-05,17.600298730395817,22.703958177744582,12.53293502613891,5.758401792382375,3.411443210930829,11.52280102476516,1.647946228528753,65.53294412010008,975.3277731442869,969.3745621351127,15
2017-05-06,17.30963405526512,23.6076923076923,10.983047050037344,11.506646751306945,3.1298035866780527,11.254397950469682,0.013569776407093294,49.045037531276066,981.3320266889074,973.6936613844871,15
2017-05-07,17.487528005974607,25.222703510082148,9.695220313666919,12.374906646751304,2.276601195559351,8.690179333902648,0.0,48.351959966638866,982.2597164303587,978.6178482068391,15
2017-05-08,18.54921583271098,26.444884241971614,10.666467513069454,11.002763256161314,2.3291204099060634,8.72988898377455,0.0,51.24603836530442,980.5343619683068,975.0583819849874,15
2017-05-09,18.054966392830472,24.813069454817025,11.27363704256908,9.85713218820015,3.166438941076003,10.929632792485055,0.46259607173356093,55.223519599666396,975.7699749791493,967.4747289407838,15
2017-05-10,18.610231516056764,24.28924570575056,12.875056011949214,8.321732636295746,3.27267292912041,10.62348420153715,4.054460822342902,62.76647206005005,968.9641367806506,962.8397831526272,15
2017-05-11,17.98521284540702,22.623002240477962,13.371023151605675,5.156235997012696,4.096327924850555,13.664133219470541,4.677988915281075,65.790658882402,966.4160967472894,961.1617180984153,15
2017-05-12,17.404555638536216,22.857132188200154,11.978715459297982,7.4454817027632565,3.791033304867635,12.292997438087106,1.3941747572815533,58.7531276063386,974.7757297748124,966.0075062552127,15
2017-05-13,18.08588498879761,23.811426437640034,12.295743091859597,9.229126213592231,3.110845431255337,10.40930828351836,0.2578664620107444,53.221851542952464,981.7587155963304,974.4714762301918,15
2017-05-14,19.064525765496647,25.687602688573563,12.426512322628826,11.55145631067961,2.500170794192997,8.544833475661827,0.00970873786407767,49.0558798999166,987.1614678899082,981.5824020016681,15
2017-05-15,19.938088125466763,27.686333084391336,12.193577296489918,10.988648244958926,2.0166524338172502,8.104355251921435,0.019429452582883575,47.91659716430358,988.590408673895,985.5721434528774,15
2017-05-16,21.531740104555634,28.580731889469757,14.433831217326365,9.48222554144884,2.373270708795901,8.293936806148594,0.017027632561613142,45.67055879899917,987.2516263552961,983.1599666388657,15
2017-05-17,20.371172516803583,26.91859596713965,13.84368932038835,8.857430918595966,2.887532023911187,9.640051238257898,2.27635189669088,47.101751459549625,984.1090075062552,977.3425354462051,15
2017-05-18,17.431516056758777,23.538760268857352,11.266542195668407,8.299925317401044,3.0245089666951324,12.726473099914603,2.8576549663928303,59.569641367806504,979.8803169307758,973.8916597164304,15
2017-05-19,16.662285287528004,22.71090365944735,10.587826736370426,11.871472158657514,3.279504696840307,9.85269000853971,0.08752800597460791,48.79649708090075,983.0175979983321,978.9211843202669,14
2017-05-20,17.978117998506345,25.096340552651228,10.829574309185961,12.201067887109078,3.173526900085397,8.769513236549958,0.0,49.95996663886572,984.7877397831523,981.0922435362803,14
2017-05-21,19.518745332337566,25.985511575802835,13.043689320388351,6.00968726163234,3.0337318531169943,9.103757472245944,0.10386195562859492,52.339449541284395,983.195579649708,976.3453711426189,14
2017-05-22,20.926661687826737,27.558327109783416,14.329873039581779,11.23681852128454,2.7695986336464564,9.662510674637062,0.019118745332337567,48.46455379482903,980.393661384487,975.8798999165973,15
2017-05-23,21.404929051530992,28.62740851381628,14.209559372666163,12.237042569081405,3.41468830059778,9.574380871050387,0.0,47.1768140116764,981.9909090909091,979.0190992493744,15
2017-05-24,22.35011202389843,30.10657206870799,14.59058999253174,12.90724421209858,2.924081981212639,8.960717335610589,0.0,43.92493744787323,981.9800667222687,977.4094245204336,15
2017-05-25,23.354443614637788,31.54137415982076,15.16198655713219,12.48401792382375,2.3090520922288644,9.849615713065756,0.684584342211461,39.19015846538783,978.8175145954963,973.4723102585488,15
2017-05-26,22.751904406273344,29.919940253920835,15.588274831964153,11.111289092295957,3.034415029888984,10.107258753202391,1.2448842419716206,47.7047539616347,977.4437864887407,973.7405337781486,14
2017-05-27,22.309932785660937,28.163629574309184,16.49693801344287,9.924561403508772,2.919043552519214,9.935610589239968,0.09317269076305222,52.47873227689741,979.4034195162635,976.1125104253546,14
2017-05-28,22.19171023151606,27.88827483196415,16.518297236743834,8.902974828375287,3.0466268146883,9.762254483347569,0.7750225428313796,51.753961634695585,980.362051709758,977.002001668057,14
2017-05-29,20.73562359970127,26.00985810306198,15.461762509335326,6.862434652725915,2.7024765157984634,9.363535439795047,1.5613844870725604,54.27272727272727,979.2754795663053,975.9199332777314,15
2017-05-30,20.02240477968633,24.850336071695292,15.214787154592981,6.6144884241971615,2.4264730999146025,8.098121263877028,0.61187648456057,59.55963302752294,980.1737281067558,976.7,15
2017-05-31,21.391560866318148,27.509634055265124,15.288872292755787,9.887229275578788,2.7163962425277535,9.521605465414174,0.07094220110847188,56.63469557964971,981.3479566305255,978.2421184320268,15
2017-06-01,22.274533233756532,28.98932038834951,15.536669156086631,11.08252427184466,2.8238257899231423,9.378906917164816,0.34951456310679613,52.023352793994995,981.3298582151792,978.1260216847375,15
2017-06-02,22.89708737864078,29.263928304704997,16.522031366691557,9.803051106025935,3.020153714773698,10.66532877882152,1.186100386100386,56.01501251042536,980.409924937448,976.4879899916597,14
2017-06-03,21.708887229275582,26.346377893950706,17.044137415982078,7.84462242562929,3.0854824935952174,10.733988044406493,1.0483043837882546,60.221851542952464,980.0854879065889,976.6273561301085,14
2017-06-04,19.095519044062733,23.488722927557873,14.707991038088126,4.827917620137299,3.237660119555935,13.02860802732707,6.050261389096341,68.0350291909925,980.5940783986656,976.282985821518,14
2017-06-05,19.683345780433157,25.9395070948469,13.418222554144885,11.153099327856607,3.024252775405636,9.035269000853972,0.24227035100821512,55.23769808173478,979.218932443703,974.7684737281068,15
2017-06-06,21.0226288274832,28.099029126213587,13.949962658700517,11.094548170276324,3.799743808710504,11.311101622544836,0.010240496508921646,51.41868223519601,980.5665554628857,974.7035029190993,15
2017-06-07,21.047647498132935,27.335026138909637,14.81478715459298,12.094025392083642,2.8058070025619126,8.81878736122972,0.0,49.92410341951626,982.7895746455381,978.5673894912427,15
2017-06-08,23.123973114264377,29.74353995519044,16.544436146377894,11.20604929051531,3.290264730999146,9.540392826643892,0.30637813211845105,52.75896580483738,979.9710592160133,974.9610508757298,15
2017-06-09,23.06064227035101,29.09469753547423,17.03816280806572,10.730171769977593,2.848932536293766,8.728266438941077,0.0,52.3160967472894,979.3772310258549,975.8651376146789,15
2017-06-10,24.17317647058823,31.473960784313725,16.893019607843136,12.848627450980393,2.4462511291779583,8.673803071364048,0.0,47.073127753303964,982.0689867841411,979.324845814978,14
2017-06-11,25.424941176470586,33.5476862745098,17.24847058823529,12.19581777445855,2.5969257045260465,8.851851851851853,0.11351755041075429,41.8348623853211,980.2984153461217,976.6981651376146,15
2017-06-12,24.927035100821502,32.149066467513066,17.71441374159821,12.268707991038088,3.324508966695132,10.263791631084542,0.0,41.603002502085076,979.6988323603002,975.7247706422017,15
2017-06-13,25.42068707991038,32.443315907393576,18.38013442867812,12.02554144884242,2.927583262169086,9.940905209222887,0.9704256908140403,40.587155963302756,976.9520433694745,973.8711426188489,15
2017-06-14,26.030395817774455,33.360119492158326,18.760716952949963,12.143689320388349,3.0190435525192147,9.066353543979504,0.07230411171450737,41.82819015846539,977.8103419516264,974.3732276897414,15
2017-06-15,25.98476474981329,32.884391336818524,19.049813293502613,10.142120985810303,3.1510674637062337,11.886336464560205,1.02841918294849,46.133444537114265,982.1683069224352,976.7250208507091,15
2017-06-16,26.64943988050784,33.287901418969376,20.01150112023899,11.40993278566094,2.87002561912895,9.083774551665242,0.033457804331590735,47.24186822351959,982.6874895746456,979.4948290241869,15
2017-06-17,27.544286781179984,35.09962658700522,19.99126213592233,12.199103808812545,3.1107600341588393,9.787617421007685,0.060941000746825985,42.92660550458716,981.2808173477899,975.5954962468725,15
2017-06-18,26.937714712471994,34.171994025392074,19.6891710231516,12.290739357729649,2.7276686592655843,10.795046968403074,0.537714712471994,44.68890742285238,978.6592994161803,974.6393661384487,15
2017-06-19,26.290963405526515,32.88790141896938,19.70037341299477,10.488125466766247,2.9177625960717335,11.649701110162257,0.5396564600448095,47.226855713094245,981.3376980817346,977.0519599666388,15
2017-06-20,26.30843913368185,33.11620612397311,19.468782673637037,10.73965646004481,2.5206660973526906,10.246456020495303,0.28916459884201823,47.35279399499582,980.89341117598,977.0691409507924,15
2017-06-21,26.616952949962652,34.27677371172516,18.943091859596713,11.57632561613144,2.400085397096498,10.614175918018786,0.0,44.2743953294412,979.5423686405338,976.0250208507089,15
2017-06-22,27.224421209858093,34.75414488424197,19.71725168035847,11.03465272591486,2.982322801024765,9.844150298889836,0.0038138825324180014,43.49374478732276,981.7427022518765,977.8207673060886,15
2017-06-23,27.13420463032113,34.335026138909626,19.952053771471245,11.603659447348768,3.1845431255337315,10.010333048676344,0.07704160246533127,40.190992493744794,983.0817347789825,980.1048373644705,15
2017-06-24,26.088274831964146,32.96684092606422,19.20276325616132,10.526512322628827,3.4899231426131507,10.222203245089666,0.03069838833461243,45.55379482902418,982.1813177648041,977.772226855713,15
2017-06-25,25.00089619118745,30.386706497386104,19.606198655713214,4.966990291262137,3.1036720751494444,10.2865072587532,3.352128454070202,60.97414512093412,979.7273561301084,974.2415346121769,15
2017-06-26,25.509708737864077,31.759297983569827,19.28207617625093,10.064077669902913,2.7655849701110164,9.941417591801878,0.23006833712984054,51.50125104253544,975.4477064220185,971.0556296914095,15
2017-06-27,24.523151605675867,30.921284540702015,18.16758775205377,8.782972367438386,3.5806148590947906,12.632365499573016,2.8579536967886487,49.703085904920776,973.7170141784821,969.1432026688908,15
2017-06-28,23.182449589245707,28.39021657953697,17.979163554891706,10.529424943988047,5.61596925704526,17.475576430401365,0.5399374348279458,45.83319432860718,973.011009174312,968.3171809841534,15
2017-06-29,20.726661687826734,25.965048543689317,15.450560119492158,11.530993278566093,4.90930828351836,13.362169086251068,0.7940253920836444,40.65554628857381,975.2301084236864,971.4236864053378,15
2017-06-30,19.749365197908887,25.65339805825242,13.821956684092607,9.91628080657207,3.7311699402220326,12.15653287788215,1.766409266409266,43.43786488740618,981.107673060884,974.8401167639702,15
2017-07-01,19.38250175685172,24.89142656359803,13.862192550948699,9.10885453267744,3.2315537848605564,10.037768924302787,0.5220660576247365,48.37802026500389,980.508573655495,975.9232268121589,16
2017-07-02,21.056921995783554,28.481166549543218,13.611103302881236,13.035066760365424,3.2718725099601587,10.225019920318722,0.0,43.35074045206546,980.8482462977394,977.5277474668743,16
2017-07-03,23.217709065354885,31.10154602951511,15.335558678847505,13.648418833450457,2.8619123505976085,9.124063745019917,0.0,41.5455962587685,979.81192517537,974.9522213561961,16
2017-07-04,24.691777933942376,32.18004216444132,17.201827125790583,13.322979620520027,3.3874900398406367,10.429163346613544,0.0,40.45050662509741,976.2335931410754,971.1643024162119,16
2017-07-05,24.698032326071676,31.149402670414617,18.23921293042867,11.234223471539002,3.692749003984063,12.092988047808763,0.47349491790461296,47.01714731098985,974.6666406858923,970.2510522213561,16
2017-07-06,23.909065354884042,29.473717498243147,18.379479971890373,4.436542515811665,2.8341832669322704,11.13705179282868,4.225441176470588,58.52299298519095,975.8833203429459,971.9619641465314,16
2017-07-07,23.3977512297962,28.70878425860857,18.06324666198173,4.983626141953619,3.117450199203187,11.164302788844621,5.064750633981403,63.89399844115353,975.9533904910365,971.7624318004675,16
2017-07-08,24.106254392129305,29.51574139142656,18.718763176387913,7.789599437807448,2.734501992031872,10.584701195219122,0.6484939759036146,58.5198752922837,974.049103663289,970.6784879189399,16
2017-07-09,24.831904427266338,31.74680252986648,17.912297962052,10.995572733661279,3.102390438247011,9.917848605577689,1.1137737174982432,53.15744349181604,972.7303195635229,969.276227591582,16
2017-07-10,24.345888966971188,30.641742796907938,18.07055516514406,11.218482080112437,3.301673306772908,10.029003984063744,0.14100509832483613,52.703039750584566,972.5226032735774,969.067653936087,16
2017-07-11,24.955305692199573,32.130569219957835,17.79732958538299,11.953619114546731,2.921832669322708,9.571792828685258,0.0019676739283204497,48.749025720966486,974.2165237724084,970.8543257989087,16
2017-07-12,26.85579761068166,34.298453970484886,19.39353478566409,11.788685874912156,3.1650199203187244,9.748764940239045,0.0019676739283204497,48.44894777864379,976.4047544816837,972.9178487918938,16
2017-07-13,27.13815881939564,33.843851018974,20.439494026704146,10.673436401967674,3.531633466135457,10.913147410358565,0.0089950808151792,51.81995323460638,976.785736554949,972.6334372564302,16
2017-07-14,27.015460295151087,32.54539704848911,21.513000702740687,10.115530569219956,3.740318725099601,10.372111553784858,0.0,52.25097427903351,975.6864380358534,972.8151208106,16
2017-07-15,26.4208011243851,32.9037947997189,19.91391426563598,11.982361208713986,3.0825498007968113,9.556812749003983,0.0,48.846453624317995,976.0728760717068,973.0563522992984,16
2017-07-16,26.89950808151792,34.290934645115954,19.46865776528461,13.046661981728741,2.831713147410358,9.699920318725098,0.0026068066618392467,45.768511301636785,976.621044427124,973.3214341387371,16
2017-07-17,26.737877723120164,33.12354181307097,20.36212227687983,11.080393534785664,3.1798406374501984,11.69633466135458,0.0213633169360506,43.58378799688231,975.2611067809819,971.2402961808261,16
2017-07-18,26.84813773717498,33.10372452565003,20.574420238931832,10.076879831342232,3.4560159362549787,11.395537848605576,0.7464511595221364,47.49337490257208,973.3729540140295,968.7960249415431,16
2017-07-19,26.070133520730845,31.46416022487702,20.683063949402666,10.380955727336612,3.69211155378486,11.550996015936251,0.2607167955024596,49.68199532346064,973.0323460639124,968.8202650038969,16
2017-07-20,24.120590302178496,29.791075193253683,18.456570625439213,10.308573436401968,3.2148207171314733,10.326374501992031,0.0785664089950808,53.75136399064691,971.9269680436474,968.598285268901,16
2017-07-21,23.85066760365425,28.88109627547435,18.841883345045673,9.403724525650034,3.0482868525896407,9.39115537848605,0.9699226985242444,57.85268901013249,970.9351519875291,968.045440374123,16
2017-07-22,24.457484188334504,30.86704146170063,18.054532677442023,10.858538299367533,3.2627091633466123,9.731235059760955,0.0247364722417428,53.538581449727204,974.6241621200312,970.0840218238502,16
2017-07-23,24.77997189037245,30.619395643007728,18.942515811665494,9.874771609276177,3.0875697211155373,10.380100755667506,0.5760365425158116,55.985190958690566,977.6630844954881,974.5908941755539,16
2017-07-24,24.892410400562188,31.001124385101892,18.800983836964157,11.314827828531271,2.7430730478589425,9.587573467674224,0.2494592645998558,50.94831829368335,977.4618539786709,973.8401148482363,16
2017-07-25,24.060997891777934,29.862684469430775,18.259873506676037,11.031061138439915,3.2415139442231067,9.867250996015933,0.003654970760233918,48.64692127825409,975.0240841777083,970.7823070927511,16
2017-07-26,24.51496837666901,31.36212227687983,17.68854532677442,12.596275474349964,2.6658167330677287,8.730916334661352,0.0,46.76617303195634,973.5506625097427,970.4501169134837,16
2017-07-27,26.70751932536894,34.69248067463106,18.747434996486295,12.346451159522134,2.8160159362549795,9.788605577689241,0.01974944731024318,42.0646921278254,973.1567420109118,969.3587685113016,16
2017-07-28,26.83134223471539,33.42044975404075,20.21026001405481,11.75867884750527,3.0678087649402386,9.473227091633465,0.13789173789173792,47.43413873733438,974.2477786438035,971.434216679657,16
2017-07-29,27.256359803232606,34.21040056219255,20.325017568517218,12.098172874209416,2.8655776892430267,9.053705179282867,0.09585382993675333,44.328916601714724,974.306547155105,970.7579890880747,16
2017-07-30,26.609978917779337,33.71581166549543,19.520098383696414,11.49796205200281,3.369800796812748,10.432908366533864,0.07617709065354883,48.29851909586905,972.2782540919718,968.1451286048324,16
2017-07-31,26.105551651440617,32.32916373858046,19.87196064652143,10.79451862262825,3.454342629482071,10.921035856573706,0.23865073787772312,49.9368667186282,969.9877630553387,966.5567420109115,16
2017-08-01,25.30449754040759,30.439423752635278,20.196978215038648,6.600562192550949,2.8723505976095614,9.390199203187247,0.2786677240285487,55.17848791893997,975.3113016367885,968.6654715510521,16
2017-08-02,26.288264230498946,32.71883345045678,19.857976106816583,8.84869992972593,2.52804780876494,9.416892430278882,0.22600140548137734,52.68823070927513,976.2229929851909,972.989477786438,16
2017-08-03,27.925509486999292,35.52902319044273,20.325439212930426,12.104497540407587,2.7803187250996007,8.987808764940237,0.1917076598735067,43.408417770849574,975.518550272798,971.9580670303975,16
2017-08-04,28.36964160224877,35.93858046380885,20.802600140548137,11.9109627547435,2.498565737051792,8.326055776892428,0.26479269149683765,43.2377240841777,974.2560405300076,970.8388152766952,16
2017-08-05,27.547294448348556,33.9892480674631,21.121995783555867,10.97259311314125,3.3059760956175293,10.431314741035857,0.42349397590361443,49.07326578332034,974.1992985190958,970.4532346063912,16
2017-08-06,26.306113843991564,31.769360505973296,20.832044975404074,9.212157413914266,3.276015936254979,9.705737051792827,0.0,52.11301636788776,974.9544037412314,971.5620420888541,16
2017-08-07,26.830709768095566,33.00084328882642,20.677863668306394,8.600773014757554,3.2384063745019915,12.402707136997536,0.3758257203092059,48.75370226032735,973.6890880748246,968.4492595479343,16
2017-08-08,24.944061841180602,31.046521433591003,18.863387210119463,9.965917076598734,3.387410358565736,11.018167330677286,0.4432888264230499,46.43413873733436,973.9270459859702,969.258924395947,16
2017-08-09,22.355375966268447,27.801967673928317,16.913141250878425,7.780182712579058,3.879362549800796,11.864940239043824,2.8754145638067774,51.36477007014809,977.6303195635228,972.1040530007793,16
2017-08-10,20.894167252283907,26.939142656359802,14.810049191848208,9.229655657062544,2.707410358565736,10.461752988047806,0.4021413276231264,45.021044427123925,979.6138737334369,976.3341387373341,16
2017-08-11,21.499226985242444,28.60140548137737,14.401616303583976,11.90189739985945,2.5892430278884455,9.049322709163345,0.0,43.12626656274356,979.3696024941542,975.9717069368666,16
2017-08-12,22.771749824314824,30.211946591707658,15.316795502459591,12.35319747013352,2.3658167330677284,8.857609561752987,0.0,44.603273577552606,978.783086515978,975.3088854247854,16
2017-08-13,24.137596626844694,31.287069571328175,17.01440618411806,11.855586788475051,2.5334661354581667,11.880398406374498,0.0089950808151792,46.72174590802804,976.5705378020266,972.2953234606389,16
2017-08-14,25.09894588896697,32.044834855938156,18.155516514406184,10.414265635980321,2.7684462151394413,9.593306772908365,0.23186237845923713,49.5775526110678,974.8170693686668,971.3115354637567,16
2017-08-15,25.19198875614898,31.530569219957833,18.853267744202387,8.78737334372564,2.863346613545816,9.76270916334661,0.0020603384841795438,52.44660950896336,976.6448168355415,973.025643024162,15
2017-08-16,25.919947506561684,31.781189851268596,20.08775153105861,11.347681539807523,2.651076923076922,8.156717948717947,0.0,50.099700897308075,974.5925224327017,971.9717846460618,15
2017-08-17,26.61242344706912,33.382414698162734,19.84426946631671,11.640069991251092,2.410358974358974,7.986974358974357,0.0024496937882764656,46.160518444665996,974.3987038883348,971.08035892323,15
2017-08-18,27.048993875765525,33.46824146981628,20.62370953630796,10.850656167979002,2.7995897435897428,9.095384615384614,0.04129483814523185,48.18444666001994,973.4431704885343,969.2952143569293,15
2017-08-19,25.860017497812773,31.739020122484682,19.98915135608049,9.725721784776903,3.060923076923076,9.398358974358972,0.0,50.94017946161515,974.3221335992024,971.0229312063807,15
2017-08-20,26.155905511811028,32.67821522309711,19.667979002624676,11.658530183727034,2.6443076923076925,8.647897435897436,0.0,47.0199401794616,975.3560319042872,971.7761714855432,15
2017-08-21,26.76859142607174,33.93963254593175,19.617497812773404,12.048031496062993,2.512923076923076,9.193743589743589,0.0,42.80159521435692,974.0038883349948,969.1789631106678,15
2017-08-22,27.391251093613295,34.15765529308837,20.586089238845144,11.577602799650045,2.4916923076923077,9.132512820512819,0.2537182852143482,46.43569292123629,972.6526420737787,968.2610169491523,15
2017-08-23,26.536482939632545,32.97524059492564,20.121434820647416,10.055905511811023,2.583692307692307,9.561846153846153,0.1155261221486387,46.06281156530408,971.6390827517446,968.7934197407774,15
2017-08-24,26.585312719606463,33.15235418130709,20.045256500351368,10.544202389318341,2.9393625498007965,9.414183266932268,0.004037490987743331,44.544816835541695,974.4931410756041,971.6563522992983,16
2017-08-25,25.977933942375262,32.966338721011944,18.96008432888264,9.200351370344343,2.9666135458167324,10.159681274900397,0.0,45.098207326578326,974.3759158222913,971.090880748246,16
2017-08-26,26.24511595221363,31.943007730147574,20.549402670414615,7.097118763176388,2.578007968127489,9.38844621513944,0.05541059094397544,51.73421667965704,973.9881527669525,970.7040530007794,16
2017-08-27,24.656078706957132,29.41981728742094,19.87744202389318,3.660787069571328,2.935378486055776,11.045099601593622,2.530021754894851,65.07170693686672,974.0051441932969,970.6357755261106,16
2017-08-28,23.832607167955025,29.16900913562895,18.481377371749822,4.337245256500351,2.1766533864541833,9.8203187250996,5.150036791758645,70.2961808261886,973.2957131722525,970.1252533125486,16
2017-08-29,22.41082220660576,27.130920590302175,17.720590302178493,4.4187631763879125,1.9990438247011948,9.298565737051788,6.652242328874902,70.42868277474669,973.1609508963368,969.9311769290723,16
2017-08-30,22.223049894588897,27.112297962052,17.341110330288124,4.815741391426563,2.8840637450199194,9.768446215139441,2.4517743403093717,63.74668745128604,974.318082618862,970.6674201091191,16
2017-08-31,21.9988756148981,26.571187631763877,17.41433591004919,6.986296556570625,2.552988047808764,8.43856573705179,0.48401084010840106,67.53312548713949,976.1258768511301,972.4373343725642,16
2017-09-01,21.92115249472944,26.90428671820098,16.9268446943078,7.989107519325369,3.0904382470119516,10.039442231075695,0.9052860246198405,57.981293842556504,977.6700701480902,973.851363990647,16
2017-09-02,21.58636683063949,28.075614898102593,15.076669009135628,10.238931834153197,2.478326693227091,9.094183266932268,0.07308503162333099,51.93764614185502,978.7901013250195,974.6958690568977,16
2017-09-03,22.91018973998594,30.234364019676736,15.586366830639491,8.44132115249473,2.507649402390438,8.934661354581673,0.4064874884151992,50.4879189399844,976.189166017147,969.584333593141,16
2017-09-04,23.126914968376667,28.867111735769498,17.384891075193252,9.25621925509487,2.5552988047808762,8.260796812749001,0.08967971530249108,60.26578332034293,977.1891660171472,970.3116134060796,16
2017-09-05,24.435418130709767,30.93703443429374,17.89845397048489,10.827196064652142,2.1349003984063737,7.468286852589641,0.20302178496134926,58.46765393608729,979.4978176149647,975.9734996102882,16
2017-09-06,23.860576247364722,29.3243851018974,18.422347153900212,8.621152494729444,2.9676494023904376,9.595378486055775,0.1363316936050597,59.989867498051424,979.3219797349959,975.5631332813717,16
2017-09-07,22.752494729444834,28.415600843288825,17.075825720309204,9.107027406886857,2.4086055776892428,8.021912350597608,1.081236823612087,56.352299298519085,976.8180826188619,972.4102104442711,16
2017-09-08,22.259873506676037,28.799999999999997,15.732466619817286,10.04722417427969,2.6462151394422304,9.33011952191235,0.534082923401265,53.452844894777854,973.9479345284489,967.6154325798906,16
2017-09-09,20.374349964862965,25.038088545326772,15.676458186929022,4.271609276177091,3.874900398406374,11.925179282868527,3.011384399156711,63.00233826968043,968.6211223694464,964.0727201870615,16
2017-09-10,19.140407589599434,25.6597329585383,12.633239634574842,9.417146872803935,2.8596812749003977,10.579282868525894,0.7305692199578355,48.4746687451286,971.3795011691345,967.023460639127,16
2017-09-11,22.41180604356992,29.788685874912154,15.023752635277582,9.363604549431319,3.5241434262948195,12.331872509960158,0.5563598032326071,47.25331254871395,971.6198752922834,967.919563522993,15
2017-09-12,21.279128601546027,26.839494026704145,15.744061841180603,9.26964160224877,2.627091633466135,9.176494023904379,0.16857585139318887,54.49805144193295,977.9590023382693,970.7236165237722,16
2017-09-13,22.64560787069571,30.24975404075896,15.041040056219254,10.61236823612087,1.772908366533864,7.7838247011952175,0.29360505973295853,51.54949337490257,979.3486360093528,975.086983632112,16
2017-09-14,22.314406184118063,29.428109627547432,15.211595221363316,9.213562895291638,2.8450996015936245,11.417848605577687,3.465099715099715,55.39127045985969,976.7740452065472,971.415354637568,16
2017-09-15,17.076247364722416,20.94328882642305,13.221714687280393,4.647926914968377,2.9028685258964138,9.068844621513941,4.7867549668874165,69.3920498830865,973.6007014809039,969.875993764614,16
2017-09-16,16.425017568517216,21.50885453267744,11.332044975404074,7.147778643803585,2.164780876494024,8.575856573705178,0.7023190442726635,60.78098207326577,973.9455183164457,970.1122369446608,15
2017-09-17,17.560365425158118,24.671187631763875,10.42129304286718,9.014406184118059,2.5462948207171308,9.828685258964143,0.8815533980582524,50.929851909586894,975.7760717069367,972.5226032735775,16
2017-09-18,19.300491918482077,25.03274771609276,13.562052002810962,7.893745607870696,3.0092430278884454,9.756733067729082,0.3416730621642364,58.47778643803584,977.9085736554948,972.8250194855806,16
2017-09-19,19.43872101194659,25.93323963457484,12.953478566408995,10.210751932536892,2.403426294820716,9.398884462151393,0.0,54.7957911145752,979.2867498051439,976.1017926734215,16
2017-09-20,19.523541813070974,26.913492621222765,12.13225579761068,10.010822206605761,2.085816733067728,7.2839840637450175,0.0089950808151792,51.99142634450506,978.1176149649259,973.6203429462196,16
2017-09-21,20.288966971187634,27.14118060435699,13.46205200281096,8.741391426563597,2.445498007968127,8.357689243027886,0.8512297962052002,57.551052221356194,975.537100545596,972.1034294621978,16
2017-09-22,20.325228390723822,25.211806043569922,15.417709065354885,6.623612087139845,2.6572908366533854,10.195298804780872,0.5077038145100973,66.80514419329695,977.5065471551052,974.331021044427,16
2017-09-23,20.656640899508076,26.893886156008435,14.397610681658467,8.852494729444835,2.163665338645418,7.778087649402388,0.0,63.13717848791893,977.5579890880748,974.2502727981293,16
2017-09-24,21.986085734364018,29.31735769501054,14.627336612789879,9.664300773014757,2.303107569721115,8.585418326693228,0.17750540735400144,56.480904130943095,977.7441153546375,974.3896336710833,16
2017-09-25,21.824595924104003,28.09585382993675,15.524033731553054,8.023330990864372,2.6560159362549793,10.77856573705179,0.9820098383696416,59.792673421667956,977.7250974279033,973.9455962587683,16
2017-09-26,19.774701335207308,25.37055516514406,14.219676739283205,8.47456078706957,1.8784860557768919,7.435856573705177,0.0035137034434293748,62.046859421734794,978.0787996882307,974.8950116913483,16
2017-09-27,20.637526352775826,26.7988756148981,14.491496837666899,8.806324666198172,1.7973705179282866,7.464541832669321,0.0,60.99532346063911,979.0250194855807,975.728059236165,16
2017-09-28,21.13773717498243,27.379690794096977,14.890653548840477,8.77266338721012,1.9055776892430274,7.602629482071713,0.0061841180604357,59.2385035074045,980.774590802806,977.9406079501168,16
2017-09-29,21.269992972593112,27.446099789177794,15.075263527758256,8.832747716092761,1.9188047808764932,7.493705179282867,0.43302881236823615,61.49727201870614,979.9339828526887,976.2973499610287,16
2017-09-30,19.873295853829937,24.99648629655657,14.743640196767391,4.854251581166549,1.9700398406374497,8.017211155378483,0.46240337315530566,67.62977396726421,978.0944660950894,974.8120810600155,16
2017-10-01,20.34525650035137,24.63035839775123,16.062965565706254,4.628952916373858,1.9943426294820712,7.155537848605577,0.24459161147902866,70.31021044427123,979.4176929072485,976.444660950896,16
2017-10-02,21.465214335910048,26.9037947997189,16.015741391426563,7.310681658468026,2.0873306772908364,8.058486055776891,0.09501054111033028,66.47155105222136,980.4662509742789,978.0438035853465,16
2017-10-03,21.90597329585383,28.075755446240336,15.738439915671115,8.492621222768797,1.9409561752988045,7.230677290836653,0.0427266338721012,63.067809820732656,979.5250974279032,975.6915822291502,16
2017-10-04,21.966268446943076,27.682361208713985,16.235347856640896,9.297118763176387,1.8010358565737046,7.345338645418324,0.014507772020725389,65.75915822291503,980.2481683554171,977.5639906469211,16
2017-10-05,21.773717498243144,28.499999999999996,15.050035137034433,8.451581166549543,1.6238247011952185,6.697609561752987,0.027125790583274773,60.67887763055339,980.3073265783319,975.4448947778642,16
2017-10-06,20.520098383696418,27.03682361208714,14.01841180604357,9.099718903724526,2.1724302788844616,7.849003984063744,0.0386039886039886,56.38113795791112,977.7798129384254,974.6066250974278,16
2017-10-07,18.726633872101193,25.068446943078,12.37013352073085,8.449613492621223,2.099043824701195,9.229561752988044,0.0,56.2377240841777,979.1840218238503,975.9070927513638,16
2017-10-08,18.968446943078,26.41264933239634,11.5243851018974,9.78952916373858,1.6666135458167328,6.4635059760956155,0.0,55.27903351519875,978.2381137957909,974.6881527669523,16
2017-10-09,18.764933239634573,26.305411103302877,11.251018973998594,9.395643007730147,1.6633466135458161,6.923027888446213,0.0,55.40919719407637,977.5812159002337,974.7108339828527,16
2017-10-10,19.67055516514406,26.617849613492623,12.743148278285313,9.505059732958538,1.522629482071713,6.431235059760955,0.0,55.041309431021034,977.9814497272017,974.9199532346063,16
2017-10-11,20.122557976106815,26.997118763176385,13.193183415319748,9.376387912860153,1.5772111553784858,7.432749003984063,0.0,55.269680436476996,980.2724084177707,976.4390491036631,16
2017-10-12,20.586296556570623,27.69543218552354,13.459170765987349,8.658608573436402,1.6124302788844618,6.888605577689241,0.0,57.389711613406064,982.3537802026501,979.6484021823848,16
2017-10-13,21.147153900210817,27.974771609276175,14.342867182009837,8.620730850316233,1.9117131474103581,8.11450199203187,0.0,57.618082618862026,982.2618082618859,979.2392049883084,16
2017-10-14,21.22333099086437,27.616303583977505,14.807449051300068,7.7843991567111726,2.0108366533864537,7.492031872509958,0.0,58.839438815276694,982.4778643803584,979.5969602494154,16
2017-10-15,22.230358397751232,28.012649332396343,16.47610681658468,7.386015460295151,2.226693227091633,8.069800796812748,0.0061841180604357,57.18472330475448,982.4817614964924,978.7696024941542,16
2017-10-16,20.628671820098383,26.321293042867175,14.935207308503163,8.130007027406887,2.1220717131474105,7.918486055776893,0.7233958538993088,59.26110678098206,982.0928293063134,978.5063912704597,16
2017-10-17,18.916010498687662,23.664041994750658,14.160104986876638,4.843657042869641,2.809333333333333,9.681230769230766,4.927099236641222,67.08075772681954,976.3755732801592,970.1813559322032,15
2017-10-18,16.727196064652144,20.347856640899508,13.106746310611385,1.44809041309431,2.4646215139442225,11.023745019920318,16.421995783555868,87.2704598597038,973.7698363211223,967.3340607950117,15
2017-10-19,15.45073787772312,19.388123682361208,11.53387210119466,5.410751932536893,2.4670916334661355,8.778087649402387,6.499088649544324,75.79189399844114,972.0135619641466,966.9947778643802,16
2017-10-20,17.897680955727335,23.315390021082216,12.494307800421645,6.777708495713171,1.9674103585657368,8.211155378486053,0.6397538015930485,71.71585244267197,977.7802805923616,971.7412314886981,15
2017-10-21,18.049894588896695,23.9621925509487,12.113843991567112,5.910681658468025,2.0352988047808758,9.087330677290836,0.22101194659170764,69.57527417746758,981.135151987529,976.5179267342165,16
2017-10-22,16.01574139142656,20.693534785664088,11.329725931131414,7.52136331693605,1.8401593625498003,8.294023904382469,0.26535488404778634,65.90958690568979,982.7801247077163,979.8621979734995,16
2017-10-23,15.875474349964861,22.24820801124385,9.553478566408995,8.590864371047083,1.4254980079681272,5.821513944223106,0.0,63.48012470771627,982.5841777084954,979.37965705378,16
2017-10-24,17.270133520730848,25.14574841883345,9.410470836261418,9.255572876071707,1.5637450199203184,5.2270119521912335,0.0,55.43491816056118,981.372798129384,977.9188620420888,15
2017-10-25,18.356359803232607,26.495432185523537,10.221222768798313,9.546521433591003,1.5314741035856574,6.1262151394422295,0.002951510892480675,57.40607950116912,981.3971161340605,978.4789555728759,16
2017-10-26,18.459311314125088,26.230569219957832,10.72136331693605,9.028039353478565,1.6789641434262943,6.1121115537848585,0.04055032585083273,60.593920498830855,984.269914263445,980.3751363990644,16
2017-10-27,18.285242445537595,25.94757554462403,10.606465214335909,8.532044975404075,1.860705289672544,7.52231075697211,0.007541478129713422,53.75718849840256,984.7403741231487,980.6110678098205,16
2017-10-28,17.216514406184118,23.12129304286718,11.261981728742093,7.308028059236165,1.4752191235059757,7.152589641434262,0.009176984705025492,59.982053838484546,982.9174590802804,979.2585346843334,15
2017-10-29,15.464652143359102,21.8257203092059,9.111454673225579,8.41637385804638,1.7322709163346608,7.315936254980079,0.565073787772312,62.999999999999986,980.0416991426343,975.2898674980513,16
2017-10-30,14.460716795502458,20.46950105411103,8.486296556570624,7.231763879128601,1.9815936254980075,7.123665338645417,0.1290369297610427,68.67030397505843,976.5893998441152,973.0364770070146,16
2017-10-31,14.81293042867182,20.309065354884048,9.288896697118762,6.423752635277582,1.4425498007968127,5.981115537848604,0.34434293745607863,69.65237724084176,978.4392049883086,974.8784099766171,16
2017-11-01,15.506394940267041,21.338439915671113,9.669290231904426,6.790583274771608,1.6743426294820714,6.72613545816733,0.08095572733661278,70.97116134060794,978.5244738893219,974.9954014029616,16
2017-11-02,16.02227687983134,20.84314827828531,11.190864371047084,4.840618411806043,1.7548207171314738,6.803745019920318,1.655328798185941,73.41932969602493,976.225643024162,972.2142634450505,16
2017-11-03,16.16514406184118,20.840548137737173,11.482782853127194,4.934785664089951,1.7964940239043823,8.33290836653386,0.8250712250712251,76.26890101325019,972.5063912704596,968.2812938425566,16
2017-11-04,15.752775825720308,19.530077301475753,11.985453267744202,3.1753338018271258,2.0435856573705173,9.39027888446215,4.260857343640197,79.84411535463755,972.7529228371005,967.0485580670302,16
2017-11-05,14.025720309205902,18.342515811665493,9.694237526352776,6.363598032326071,3.0350597609561745,10.518167330677288,2.0529326574945688,63.35697583787996,978.5860483242398,971.7499610288387,16
2017-11-06,11.350808151791988,16.331553056921994,6.340618411806044,7.7273366127898795,2.418645418326693,10.331155378486052,0.2500373412994772,57.53000779423226,978.826578332034,974.5575993764613,16
2017-11-07,10.313562895291636,16.929023190442727,3.68257203092059,8.280323260716795,1.8973705179282865,7.590916334661353,1.0283907238229093,57.588464536243166,976.6265783320342,973.5309431021042,16
2017-11-08,10.05887038377987,15.663359884141924,4.427733526430122,5.80825488776249,1.8569661995053581,8.895300906842536,2.298356982823002,65.31103948428685,977.9848509266718,974.6369863013696,15
2017-11-09,9.531412508784257,14.82234715390021,4.243710470836262,6.416757599376459,2.2909163346613544,8.375617529880476,0.5398805078416729,63.586905689789546,982.2597817614964,978.701714731099,15
2017-11-10,10.634153197470132,16.817568517217147,4.4278988053408295,6.327547434996485,2.380398406374502,9.493466135458165,0.45907393577296485,65.77942322681214,983.8357755261106,981.3456742010911,16
2017-11-11,12.030217849613493,18.54961349262122,5.488896697118763,6.406676036542516,1.75410358565737,6.880079681274899,0.03749098774333093,69.23226812159001,982.9305533904911,979.0539360872951,16
2017-11-12,12.953478566408993,19.702037947997187,6.192269852424456,7.2538299367533385,1.8294023904382468,7.323984063745019,0.32361208713984535,65.83242400623537,979.2162899454403,972.7205767731878,16
2017-11-13,11.020520028109626,16.530920590302177,5.494307800421644,7.653829936753338,3.0991235059760944,12.168047808764939,0.05453267744202389,51.15744349181606,976.0057677318781,971.8413873733434,16
2017-11-14,8.76359803232607,15.140899508081517,2.3957835558678844,8.44174279690794,1.6543426294820716,7.560637450199203,0.0,52.60405300077941,977.8751363990646,973.8897895557287,16
2017-11-15,9.360576247364722,17.301335207308504,1.4517217146872803,8.320098383696415,1.3721115537848603,5.909880478087649,0.0,56.49259547934526,977.355261106781,973.8341387373345,16
2017-11-16,10.164441321152495,18.194869992972592,2.153759662684469,8.054743499648628,1.235458167330677,5.0911553784860555,0.0,59.52065471551051,977.6957911145752,975.0580670303975,16
2017-11-17,10.92129304286718,18.74673225579761,3.059451862262825,7.936191145467322,1.2043027888446214,4.531155378486054,0.0,60.791893998441154,977.8363211223694,975.0157443491815,16
2017-11-18,11.03977512297962,18.391215741391427,3.740548137737175,7.913703443429374,1.264223107569721,5.406772908366534,0.0036710719530102785,64.02026500389711,977.7328916601714,975.127825409197,16
2017-11-19,10.756148981026001,17.771468728039352,3.767955024595924,8.00541110330288,1.5930677290836652,5.552828685258962,0.0,65.96804364770071,979.1100545596258,976.109976617303,16
2017-11-20,11.185101897399857,18.946380885453266,3.4316233309908646,8.151791988756148,1.436414342629482,4.867968127490038,0.0,62.24318004676539,980.0410756040526,977.1374123148868,16
2017-11-21,11.50843288826423,19.804075895994377,3.2199578355586786,7.999578355586788,1.281832669322709,4.897211155378486,0.0,56.92829306313326,978.6682774746689,974.5305533904907,16
2017-11-22,11.306676036542516,19.545256500351368,3.0919184820801124,7.752283907238229,1.693625498007968,6.890278884462149,0.41144098479362784,56.287607170693676,974.8281371784876,969.1741231488699,16
2017-11-23,14.003232607167956,20.657484188334504,7.331623330990864,5.213211524947294,2.0213545816733065,7.851394422310756,0.4582621082621082,54.32034294621979,975.2272018706158,970.4573655494933,16
2017-11-24,14.364862965565706,20.37849613492621,8.34174279690794,4.235066760365425,1.9440637450199196,9.115378486055777,1.9491918482080113,58.90802805923616,976.2976617303193,973.3194076383473,16
2017-11-25,11.947856640899506,16.68552354181307,7.213773717498243,1.5557273366127897,2.304541832669322,7.993705179282867,0.7471680594243268,63.3912704598597,980.4257989088076,973.5272798129383,16
2017-11-26,9.356148981026001,14.826212227687982,3.842375263527758,6.778777231201687,1.8995219123505973,7.2177993527508075,0.07730147575544623,62.91348402182385,985.5531566640683,980.0159781761496,16
2017-11-27,8.40548137737175,14.588264230498943,2.2146170063246657,5.786647926914968,1.184382470119522,4.98836653386454,0.029715950473415874,63.1028838659392,985.340296180826,979.0373343725644,16
2017-11-28,9.136050597329584,14.368446943078002,3.8878425860857337,3.2189037245256493,2.039123505976095,9.068127490039839,5.347364722417428,70.44349181605612,979.1212003117693,967.3082618862041,16
2017-11-29,8.133942375263528,11.947434996486296,4.305762473647223,1.994869992972593,1.5835059760956174,6.892350597609561,3.5736961451247162,80.8028059236165,968.374512860483,963.826422447389,16
2017-11-30,5.912719606465214,11.105130007027405,0.7054111033028814,6.221293042867181,2.187410358565737,8.629322709163345,2.566408995080815,66.30631332813716,974.6618082618861,967.6680436477008,16
2017-12-01,5.728390723822908,10.636120871398454,0.8063246661981727,4.51686577652846,2.9983266932270904,12.2808764940239,2.045959241040056,65.269680436477,976.2385814497273,969.7508963367105,16
2017-12-02,4.901264933239633,9.768376669009134,0.06465214335910047,5.19353478566409,2.7337848605577686,11.523984063745017,0.5903692976104271,57.66017147310989,978.7130943102103,974.3348402182386,16
2017-12-03,4.930007027406886,10.798102600140549,-0.9353478566408995,6.682080112438509,1.6073306772908362,7.403505976095618,0.2847505270555165,54.42244738893218,986.1457521434138,978.537879968823,16
2017-12-04,5.554884047786366,12.216022487702038,-1.1312719606465214,6.944202389318341,1.6262948207171313,6.718406374501991,0.055586788475052704,65.83554169914262,990.3544037412313,986.0057677318782,16
2017-12-05,5.664230498945889,12.604146170063245,-1.274912157413914,7.425228390723823,1.503266932270916,4.730039840637449,0.0,67.27201870615744,991.252299298519,988.5568978955572,16
2017-12-06,5.9387210119465905,13.166338721011947,-1.285172171468728,7.66268446943078,1.4968924302788844,4.63816733067729,0.0,66.90646921278253,989.8229929851908,986.1687451286049,16
2017-12-07,6.950245959241039,13.39747013352073,0.4859451862262825,5.615811665495432,1.4162549800796809,4.798007968127489,1.754884047786367,64.73811379579111,987.2426344505064,983.1072486360092,16
2017-12-08,8.264019676739283,13.75818692902319,2.7570625439212932,3.289388615600843,2.1753784860557763,7.3031872509960145,2.021826280623608,72.46687451286049,983.9553390491036,979.4091192517536,16
2017-12-09,10.286226282501756,14.936472241742797,5.660997891777933,3.8903021784961345,2.1658167330677287,8.465976095617528,0.9460943542150038,76.03351519875291,981.1194076383475,976.4386593920498,16
2017-12-10,11.971047083626143,15.740196767392831,8.189880534082924,1.7651440618411804,4.592908366533863,16.355856573705175,9.54420238931834,73.04988308651598,976.7390491036631,952.9645362431799,16
2017-12-11,9.906605762473646,14.804356992269852,5.03879128601546,1.9967264224473888,4.81027888446215,18.73864541832669,3.312579058327477,68.86983632112235,964.1601714731099,947.6791114575213,15
2017-12-12,6.377652846099789,11.501124385101896,1.2820801124385102,5.670063246661981,2.2234262948207166,7.6415139442231075,1.0449754040758958,67.47778643803584,979.5023382696802,963.7532346063913,16
2017-12-13,6.360014054813773,12.370063246661982,0.37427969079409723,4.230498945888967,2.6647808764940226,9.28071111111111,1.4640196767392832,69.72096648480124,985.9036426712921,981.3867302688637,16
2017-12-14,10.273717498243148,14.322698524244553,6.2165846802529865,2.822347153900211,3.9906772908366523,11.362629482071712,1.8155997056659308,79.77276456111568,979.4878589007382,970.5713699753898,16
2017-12-15,10.019114546732254,14.752354181307098,5.300632466619818,3.025087842586086,3.6270119521912343,13.184382470119521,3.084336475707034,76.00389711613403,971.2661730319563,965.9533904910365,16
2017-12-16,7.259732958538299,12.650456781447645,1.8922698524244552,6.522369446609509,2.0844621513944217,8.537609561752985,1.1717498243148277,65.67965705378018,981.513172252533,970.7137178487917,15
2017-12-17,6.056500351370344,11.431482782853127,0.6419536191145466,6.766900913562894,1.9652589641434257,7.8677290836653375,0.09113448534936137,66.39360872954013,987.1807482462975,981.2562743569757,16
2017-12-18,5.78601546029515,11.538088545326772,0.06387912860154601,4.9287420941672515,2.0671713147410355,7.918645418326692,1.4750527055516514,71.52922837100544,987.3188620420889,980.0198752922835,16
2017-12-19,7.800843288826423,12.389248067463106,3.202881236823612,5.73600935307872,1.8218326693227087,8.28868525896414,0.10288386593920498,73.84489477786438,988.1595479345282,981.1687451286049,15
2017-12-20,7.284891075193253,12.55572733661279,2.0080112438510187,6.035347856640899,1.621434262948207,5.755139442231074,0.002951510892480675,73.03429462197973,989.3710833982852,985.7215120810599,16
2017-12-21,8.222557976106817,13.819957835558679,2.592832044975404,6.879339423752635,1.6882071713147409,5.816733067729083,0.014757554462403373,72.62353858144971,992.9607950116911,988.9768511301634,16
2017-12-22,8.59100491918482,15.045678144764581,2.105059732958538,6.258468025298663,1.4993625498007965,6.189083665338645,0.0070274068868587496,74.91192517537023,992.1997661730318,988.1633671083397,16
2017-12-23,7.866760365425157,13.003092059030216,2.756359803232607,5.627055516514406,1.6535458167330677,5.485657370517927,0.0070274068868587496,78.72564302416211,990.8930631332813,987.7901013250195,16
2017-12-24,7.90892480674631,13.503232607167954,2.3226985242445535,6.299578355586789,1.8397609561752983,5.429641434262947,0.019114546732255797,78.11379579111455,989.4770849571316,983.4212782540918,16
2017-12-25,6.6871398453970485,11.984961349262122,1.3921293042867182,4.089950808151792,2.1152191235059754,7.510836653386453,1.1573867854491464,78.27903351519873,983.709664848012,975.6657833203428,16
2017-12-26,8.562895291637385,12.237385804638087,4.887631763879129,1.8560787069571327,3.534820717131473,14.355458167330674,3.4636683063949403,75.6671862821512,976.939127045986,964.4265783320342,16
2017-12-27,9.816654954321855,13.096626844694306,6.5044975404075895,4.33330990864371,5.6260557768924295,18.68613545816733,3.0642167780252416,65.96648480124706,968.9640685892438,959.9857365549493,16
2017-12-28,10.803092059030217,15.142375263527757,6.438861560084328,3.2947997189037244,3.8130677290836648,13.297370517928286,1.5802784222737818,75.8394388152767,973.2413873733436,966.0693686671862,16
2017-12-29,11.714125087842586,16.278706957132815,7.120449754040759,4.065003513703443,2.8199203187250985,10.183027888446214,0.32267486548808605,78.23226812159001,980.7345284489477,972.5027279812937,16
2017-12-30,12.280955727336611,18.030147575544625,6.552073085031623,6.2068165846802525,2.3581673306772903,9.055697211155376,0.0,74.28059236165235,982.2340607950115,979.1802805923616,16
2017-12-31,10.196907940969782,15.958327477160926,4.429515108924807,3.1397751229796205,3.143346613545816,14.273386454183264,1.305621925509487,74.27825409197195,983.8535463756818,974.9943102104442,16
2018-01-01,10.021503865073786,14.600140548137736,5.454602951510893,6.061770906535488,4.180159362549801,13.45051792828685,1.7617006324666198,61.27669524551831,986.6276695245517,981.2394388152766,16
2018-01-02,11.971047083626141,16.353970484891075,7.576036542515811,5.378566408995081,2.953944223107569,10.586932270916332,1.2465116279069768,70.69368667186284,985.8973499610286,982.9442712392829,16
2018-01-03,14.261981728742093,18.262333099086437,10.284188334504567,4.243710470836261,3.264302788844621,9.663346613545816,0.2801150369761709,74.20732657833203,985.8846453624315,982.2125487139515,16
2018-01-04,13.95959241040056,18.04371047083626,9.874912157413913,5.5044975404075895,3.817768924302788,12.078007968127487,0.7074829931972788,72.32969602494155,982.8053780202647,974.8816835541699,16
2018-01-05,11.17554462403373,15.978285312719606,6.353267744202389,4.766971187631763,3.8602390438247003,13.753944223107567,6.033731553056922,69.30553390491036,974.9304754481684,962.3143413873732,16
2018-01-06,7.3218552354181305,11.258468025298662,3.3587491215741387,1.1042867182009837,2.372669322709163,10.08286852589641,10.717498243148277,85.87529228371005,962.3731098986748,955.1367887763055,16
2018-01-07,6.481728742094166,10.076317638791286,2.855375966268446,2.5411103302881237,2.4551394422310753,9.905816733067727,4.7540996168582375,82.81683554169913,964.0976617303191,955.6879968823068,16
2018-01-08,6.254181307097681,10.987350667603653,1.5075193253689387,5.675333801827126,1.8541035856573702,6.698486055776891,0.16131334760885083,78.48012470771629,970.995323460639,963.7851909586906,16
2018-01-09,6.125509486999297,10.95910049191848,1.2750527055516514,3.581236823612087,2.2005577689243023,8.344860557768921,2.519464720194647,72.24240062353859,974.4526110678097,970.0303195635228,16
2018-01-10,8.940196767392832,12.841813070976809,5.001054111033028,4.239142656359802,3.562549800796812,13.941912350597606,1.2385101897399857,75.52611067809819,975.8840997661728,971.1505066250975,16
2018-01-11,8.023612087139846,11.546521433591003,4.503302881236824,5.816584680252986,4.169003984063743,13.08462151394422,2.619646799116998,66.81060015588463,979.6970381917379,974.0884645362432,16
2018-01-12,7.094026704146169,12.220730850316233,1.948348559381588,6.3590302178496145,1.7207968127490034,7.126454183266931,0.60378301213419,71.1862821512081,981.2069368667184,976.4590802805922,16
2018-01-13,5.952494729444835,10.167884750527055,1.734082923401265,1.9047083626141954,1.892270916334661,8.555059760956174,3.2593113141250876,75.39828526890099,978.0396726422447,971.6934528448948,16
2018-01-14,7.009768095572733,10.567322557976105,3.4547434996486293,2.9346451159522133,2.354900398406374,9.355378486055775,2.0135115070527094,77.10366328916602,978.0944660950896,972.3000779423224,16
2018-01-15,6.731131412508784,11.380182712579057,2.114054813773717,4.891039426523296,2.155537848605577,8.570119521912348,0.8181307097680957,74.75526110678095,982.8363211223693,977.3915042868275,15
2018-01-16,10.063246661981728,15.507589599437807,4.622487702037947,6.056711173576949,2.7444621513944223,10.334501992031873,0.3387274155538098,72.14598540145985,982.5012470771627,978.5265003897114,16
2018-01-17,10.630850316233309,16.38200983836964,4.913562895291637,6.807589599437807,2.7718725099601587,9.93250996015936,0.6612087139845397,66.22837100545595,982.8946999220575,977.3088854247856,16
2018-01-18,9.07153900210822,14.920871398453968,3.2122979620520025,7.234742180896026,2.067250996015936,6.330677290836653,0.20407105847520357,72.34216679657051,982.2151987529228,976.7116913484022,15
2018-01-19,9.294869992972593,14.890161630358396,3.6709065354884043,4.738721011946591,1.8902788844621512,6.721195219123506,0.6747013352073085,73.60717069368665,980.2108339828524,975.1703819173812,16
2018-01-20,9.693675333801826,16.28046380885453,3.112789880534083,6.132888264230498,2.8156175298804773,9.535378486055775,0.38843683083511776,66.96492595479346,981.9548713951675,977.8223694466093,16
2018-01-21,13.474209416725229,18.63169360505973,8.328320449754042,5.789388615600844,2.8369458128078815,9.091724137931037,0.11510845175766642,68.28448947778644,983.3968823070927,979.8306313328135,16
2018-01-22,11.958678847505269,18.04525650035137,5.912719606465213,6.813843991567111,1.774285714285714,6.854876847290639,0.38892107168718315,70.97194076383475,983.4060015588465,980.3838659392048,16
2018-01-23,10.660787069571327,16.532677442023893,4.80646521433591,5.834715390021081,1.5841379310344823,5.0776354679802935,0.013070976809557273,75.94933749025721,985.0303195635229,981.6224473889322,16
2018-01-24,9.806746310611382,16.377723120168657,3.2189739985945187,6.8991567111735765,1.5665338645418323,5.605019920318723,1.2475524475524478,73.97505845674198,984.201948558067,979.6643803585347,16
2018-01-25,8.644764581869289,13.236753338018268,4.067533380182712,2.0022487702037948,2.1546613545816724,7.753074433656956,9.881307097680954,82.8729540140296,980.3550272798128,972.1991426344504,16
2018-01-26,7.6789880534082915,10.883274771609276,4.48756148981026,2.6200281096275475,2.91211155378486,11.99856573705179,6.5829936753338005,74.44505066250974,981.3202650038969,972.6173031956349,16
2018-01-27,7.521433591004919,11.386156008432888,3.6704146170063243,4.8898805340829234,3.0991235059760953,10.934422310756968,13.822628250175683,67.35541699142632,987.5228371005454,980.3883865939204,16
2018-01-28,9.212297962052002,14.431623330990865,3.9994378074490506,5.613703443429374,3.42613545816733,12.861752988047806,6.641874527588812,73.84957131722526,991.4272018706157,985.9674201091192,16
2018-01-29,9.7134223471539,15.207730147575543,4.220238931834152,7.664933239634575,2.0423904382470117,7.3588844621513925,0.3399859451862263,74.27279812938424,990.8180046765392,985.8941543257988,16
2018-01-30,8.850456781447644,14.818130709768093,2.8733661278988056,7.314054813773717,1.7418326693227089,5.924462151394422,0.15874912157413915,73.62899454403738,986.7966484801245,981.3176149649258,16
2018-01-31,8.617568517217144,14.78650737877723,2.4276879831342235,6.952986647926914,1.7344223107569718,6.485397096498718,1.307425343018563,72.78020265003896,982.3675759937647,973.4419329696024,16
2018-02-01,7.152916373858045,11.531834153197469,2.768798313422347,2.3285312719606464,2.811474103585656,10.331713147410358,9.94717710750193,78.6289945440374,972.4486682808715,963.1359160613397,16
2018-02-02,5.393886156008433,9.278706957132817,1.5100491918482077,3.934223471539002,2.470756972111553,11.779123505976091,3.204854368932039,70.91426344505064,970.436884584342,963.1477804681192,16
2018-02-03,6.123401264933239,11.486296556570625,0.7663387210119466,6.080252986647927,3.428525896414341,11.356494023904377,4.207872174590802,63.36321122369445,972.580468119451,967.5263115415656,16
2018-02-04,5.78805340829234,8.297680955727337,3.244905130007027,1.1731553056921995,2.4992828685258965,8.769561752988045,11.10079767947788,83.17692907248635,968.8181598062953,964.2149313962872,16
2018-02-05,5.816444132115249,8.016163035839774,3.6148981026001406,1.3338018271257905,2.8626294820717115,8.887250996015936,7.769290231904427,85.28604832424006,965.3011299435027,962.1325262308313,16
2018-02-06,5.641040056219254,8.439423752635276,2.8644413211524946,2.9884750527055517,2.6502788844621508,9.34629482071713,1.815738498789346,77.2057677318784,966.9778046811942,963.2389023405972,16
2018-02-07,4.821433591004919,8.778566408995081,0.8575544624033731,5.835418130709768,2.524223107569721,9.380079681274898,1.2037706205813041,65.75915822291505,973.510088781275,966.4288942695721,16
2018-02-08,3.945045678144764,9.067673928320449,-1.1966268446943076,6.491988756148981,2.3415936254980076,9.258087649402386,0.5889669711876317,66.35619641465314,975.4265536723162,972.340435835351,16
2018-02-09,4.608151791988755,9.94968376669009,-0.7292340126493322,5.5721714687280395,2.4098804780876493,9.16661354581673,0.9892480674631061,67.89555728760716,976.3899112187248,972.3092009685229,16
2018-02-10,6.074912157413914,10.907730147575544,1.2255797610681656,6.186577652846099,2.39609561752988,10.165896414342628,1.3293668954996187,59.71940763834761,976.7206618240515,973.3902340597255,16
2018-02-11,8.139353478566408,14.876879831342235,1.4463808854532678,6.006465214335909,2.8482758620689648,9.67743842364532,2.4737174982431482,71.03195635229929,976.1889426957224,972.0046004842612,16
2018-02-12,6.929163738580463,11.169219957835558,2.6720309205903017,2.6769501054111036,2.0149753694581274,9.729162561576354,4.599923722349352,75.71395167575992,976.1486682808714,972.0813559322031,16
2018-02-13,5.868728039353478,11.198875614898101,0.5900913562895291,5.750527055516514,4.027330677290836,12.61258964143426,1.9907990314769977,66.22992985190957,975.8541565778852,970.8489911218724,16
2018-02-14,9.408573436401968,14.096767392832046,4.7354884047786365,3.8931834153197467,2.924462151394421,9.296653386454183,0.8464560204953032,72.06547155105221,975.5868442292168,971.8136400322837,16
2018-02-15,12.286999297259312,18.083696416022487,6.468868587491215,6.258397751229795,2.1479802955665015,6.850935960591132,0.8411535463756821,71.72642244738893,979.6323648103306,975.3017756255042,16
2018-02-16,11.859451862262825,16.70049191848208,7.02340126493324,4.6731553056922,1.3916256157635467,5.23527093596059,0.959451862262825,77.3156664068589,979.5794188861983,975.5813559322031,16
2018-02-17,10.820941672522839,16.274068868587488,5.333380182712578,5.184680252986647,2.4091625615763546,8.59054187192118,0.321268925739005,76.5331254871395,978.966020984665,975.261662631154,16
2018-02-18,9.394659170765987,14.136823612087138,4.649543218552354,5.388264230498946,2.215862068965517,8.634679802955663,1.1411501120238985,67.72564302416211,978.807344632768,974.6046811945116,16
2018-02-19,10.390231904427266,15.065144061841181,5.706043569922699,5.448981026001405,2.4593103448275855,8.17014778325123,1.4582572030920589,70.55339049103662,974.7565778853915,971.3446327683614,16
2018-02-20,11.709205903021784,17.176528460997893,6.2364722417427965,6.521714687280393,3.266108374384236,11.195510204081634,0.6274831964152351,63.87295401402962,972.3298627925747,967.7803066989507,16
2018-02-21,8.29697821503865,12.814476458186927,3.7741391426563595,5.939634574841882,3.465498007968127,12.936354679802953,0.39648991784914117,56.69992205767732,968.4958837772396,963.6335754640838,16
2018-02-22,5.998102600140548,11.876879831342233,0.09374560787069575,8.343078004216444,2.2950597609561743,8.536733067729083,0.0163035839775123,57.05689789555728,966.4448168355415,962.4140296180826,16
2018-02-23,5.614265635980322,11.512297962052003,-0.2664792691496838,8.61138439915671,2.0297211155378476,7.006613545816733,0.2098383696416022,53.67809820732658,964.5304754481683,961.056430241621,16
2018-02-24,6.338018271257905,13.52726633872101,-0.8513703443429373,9.077118030412743,1.942868525896414,6.686533864541831,0.019676739283204497,56.57833203429461,966.0074045206547,961.8368667186281,15
2018-02-25,8.352916373858047,15.899086437104707,0.8248067463106112,9.358468025298663,2.2232512315270934,8.38620689655172,1.5921293042867182,52.38035853468433,967.800701480904,964.6159002338269,16
2018-02-26,8.223471539002109,15.145537596626845,1.269992972593113,7.19550245959241,2.5677290836653386,9.035059760956171,0.6971187631763879,55.88542478565861,966.9636009353077,960.7076383476226,16
2018-02-27,5.734082923401265,8.591075193253689,2.858749121574139,1.576247364722417,2.779521912350597,9.224382470119519,8.142365591397848,74.61184723304754,963.9436477007013,960.0423226812158,16
2018-02-28,7.5828531271960635,10.97456078706957,4.195994378074491,1.0549543218552353,3.1488446215139434,11.213545816733065,13.715337889141988,88.05144193296958,960.8917381137958,950.2370226032735,16
2018-03-01,10.937456078706957,15.789177793394236,6.055094869992971,2.2456781447645815,4.864236453201969,19.38669950738916,4.401124385101896,81.6165237724084,954.355962587685,942.1236165237724,16
2018-03-02,9.885207100591714,14.18605240912933,5.6020287404902795,3.098562975486052,3.374384236453201,17.345123152709355,5.703724525650035,69.18784099766174,949.9218600191754,941.1949185043144,15
2018-03-03,12.40885453267744,16.848770203794796,7.978706957132817,5.484188334504568,4.806403940886698,15.536847290640392,4.602529866479269,65.9298519095869,958.2805144193295,952.952299298519,16
2018-03-04,11.331763879128602,15.852565003513702,6.767533380182712,4.283415319747013,2.7567487684729057,11.206798029556648,2.375825720309206,67.71317225253311,957.2473937449879,953.2604651162789,16
2018-03-05,10.066760365425159,13.868728039353478,6.269430780042164,3.4351370344342933,3.78295566502463,13.368374384236452,3.7860191317144958,74.04286827747465,957.0943063352044,949.2012830793906,16
2018-03-06,10.151510892480674,14.35221363316936,5.978285312719606,5.089739985945186,4.675862068965516,14.716748768472904,1.2021784961349262,66.71940763834759,960.9611067809819,954.4973499610287,16
2018-03-07,9.79002108222066,15.021714687280394,4.580182712579058,8.616795502459592,2.735139442231075,10.46239043824701,1.8387912860154603,58.215120810600155,967.8462197973498,960.4235385814496,16
2018-03-08,11.47702037947997,16.528460997891777,6.426001405481376,3.9158819395643008,2.240478087649402,8.451155378486053,1.3792130660727542,74.47310989867498,968.4102104442711,963.5311769290723,16
2018-03-09,14.197470133520731,19.646872803935345,8.744905130007027,5.737034434293745,3.4204780876494016,12.191952191235055,3.1147892720306514,70.44660950896335,968.8731878409976,963.3630553390492,16
2018-03-10,15.11131412508784,20.22965565706254,10.021995783555868,4.696697118763176,3.8311553784860553,14.313545816733065,6.8911585365853645,70.36788776305534,964.4041309431018,958.4501948558066,16
2018-03-11,12.327196064652142,15.935137034434293,8.707378777231202,6.442867182009838,6.2038247011952175,18.63984063745019,1.6468181818181815,64.67731878409975,964.2106780982073,957.5176149649258,16
2018-03-12,12.107940969782149,16.098945888966966,8.074771609276176,7.25917076598735,4.882390438247011,14.604701195219123,0.7758257203092058,59.86749805144193,973.4764614185501,964.0908028059235,16
2018-03-13,12.139564300773014,17.047926914968375,7.204497540407589,4.694307800421644,2.341752988047808,9.80820717131474,0.48919123204837495,69.92127825409196,973.2653936087295,969.9469212782539,16
2018-03-14,12.06423049894589,17.78095572733661,6.379620520028109,3.1582572030920586,3.7557768924302777,13.567086481947944,7.736402569593148,73.02805923616523,971.2948558067028,956.9140296180825,16
2018-03-15,11.947013352073085,15.86113843991567,8.037737174982432,5.103302881236823,4.722629482071713,14.390358565737047,1.8638051044083526,63.31722525331254,962.003117692907,955.8627435697583,16
2018-03-16,10.08601546029515,15.032466619817287,5.139353478566408,7.049262122276879,3.617609561752987,12.263745019920316,0.8709065354884047,63.36554949337489,963.3498051441933,960.1487918939981,16
2018-03-17,8.700562192550947,12.999859451862262,4.414757554462403,3.5456781447645813,4.029402390438246,14.375059760956173,3.6229093464511593,71.14886983632111,962.3944660950895,955.8067030397506,16
2018-03-18,10.035980323260716,14.794167252283906,5.317076598735066,6.339704848910752,3.9325896414342623,11.907569721115534,1.2118060435699227,62.82073265783319,966.3120810600155,957.2974279033515,16
2018-03-19,8.567814476458185,13.350948699929724,3.788896697118763,3.0984539704848912,4.705816733067727,15.676733067729078,6.026141953619113,71.46999220576772,967.3785658612626,960.0552611067807,16
2018-03-20,7.475404075895994,11.724806746310609,3.213352073085031,6.342796907940969,4.798884462151394,14.214661354581674,0.5663542642924086,57.51208106001559,976.5705378020265,964.3047544816834,16
2018-03-21,7.503412073490815,12.807961504811898,2.1370078740157483,8.915748031496063,3.8114741035856565,12.769230769230768,0.03240115718418515,46.68199532346063,979.1245264207377,974.9204386839481,15
2018-03-22,7.508151791988755,14.401686577652846,0.6171468728039355,10.133661278988054,2.66414342629482,10.435537848605577,0.2666183924692252,48.101325019485586,980.2956352299299,973.5751363990645,16
2018-03-23,10.401827125790582,16.959803232607168,3.8484891075193253,4.915249472944483,4.008366533864541,15.3004780876494,3.8236120871398454,61.86905689789555,973.7455183164458,958.3768511301633,16
2018-03-24,9.348981026001404,12.606816584680253,6.106816584680252,4.6106816584680255,5.6601593625498,17.02302788844621,7.949738610903659,66.83164458300858,963.0611847233047,955.9119251753701,16
2018-03-25,10.062965565706254,13.926282501756852,6.202319044272662,3.1745908028059238,3.2794422310756968,11.588047808764937,1.608991399530883,67.78098207326579,972.7522213561963,962.26570537802,15
2018-03-26,10.845537596626844,16.981166549543214,4.714757554462403,7.398875614898102,2.789960159362549,10.144223107569717,0.2297962052002811,61.32034294621979,979.4546375681994,972.575759937646,16
2018-03-27,13.282501756851719,20.786437104708362,5.746451159522136,9.390794096978214,2.841115537848605,9.50637450199203,0.012689257390050468,60.998441153546366,980.3634450506624,976.8680436477005,16
2018-03-28,15.478917779339422,22.767603654251577,8.168868587491215,9.397680955727337,3.6686852589641425,11.351952191235057,0.846170063246662,49.24473889321901,977.4522992985189,968.788230709275,16
2018-03-29,13.703302881236821,18.766549543218552,8.651440618411806,8.408151791988756,3.6118725099601585,11.458406374501987,0.8836644591611478,57.116913484021815,969.6035074045203,962.6890101325018,16
2018-03-30,11.1402670414617,15.769641602248768,6.49550245959241,6.884539704848909,5.011394422310757,15.494980079681271,2.0516514406184116,53.55494933749024,964.4634450506624,959.7500389711611,16
2018-03-31,10.79943780744905,15.957835558678848,5.6024595924104,9.270414617006324,5.715617529880478,18.97920318725099,0.23081943437273386,51.480124707716286,973.5887763055338,960.9084957131722,16
2018-04-01,11.875614898102599,19.700702740688683,4.077723120168658,8.443499648629654,2.531075697211155,8.501274900398403,0.6043569922698524,53.12626656274357,974.2861262665625,967.0760717069368,16
2018-04-02,14.022628250175682,19.24778636683064,8.816163035839775,6.021995783555868,3.612988047808764,10.171713147410356,0.4988756148981026,55.69056897895556,967.8078721745906,962.1685113016367,16
2018-04-03,14.644834855938157,20.734223471539,8.580674631061138,7.181939564300771,4.1532270916334655,12.863904382470116,0.8382376081825335,59.43335931410755,965.8219017926731,962.0363990646921,16
2018-04-04,13.836683063949401,19.019887561489806,8.607449051300069,8.188264230498945,4.783107569721114,15.819362549800793,1.199303944315545,59.57209664848013,974.7101325019484,965.105845674201,16
2018-04-05,13.914125087842585,20.896486296556567,6.971187631763878,10.390442726633871,2.773545816733067,9.455045118949958,0.21939564300773012,58.9555728760717,976.3427123928292,970.1891660171473,16
2018-04-06,14.289037245256498,19.94855938158819,8.641883345045677,5.2940267041461695,3.1596812749003975,11.071474103585654,2.778928312816799,64.69992205767731,971.0706936866716,964.9263445050661,16
2018-04-07,12.140267041461701,15.526352775825721,8.73485593815882,2.390302178496135,2.6896414342629478,10.643346613545814,5.017357695010541,79.32579890880747,967.1619641465314,962.4035074045206,16
2018-04-08,11.98566408995081,16.113000702740685,7.854532677442023,5.220168657765284,3.4792828685258965,11.77848605577689,4.80870806566738,73.33125487139515,965.5212003117691,962.3627435697581,16
2018-04-09,10.841602248770203,15.144483485593813,6.524595924104005,5.540688685874912,4.423027888446215,13.359681274900398,2.670695713281799,69.46375681995322,966.62907248636,963.2212003117693,16
2018-04-10,9.619114546732256,13.836683063949401,5.39451862262825,3.3876317638791282,4.252111553784859,13.818884462151393,14.149894588896695,74.59314107560404,965.1150428682772,953.4733437256428,16
2018-04-11,9.368517217146872,13.124595924104003,5.623330990864371,2.7475755446240333,5.423027888446213,15.626533864541827,8.066213151927437,72.75759937646143,959.3371005455963,953.1681215900232,16
2018-04-12,11.968938861560083,16.648067463106113,7.2849613492621215,5.559732958538298,3.2380079681274894,12.198406374501992,2.5746310611384398,68.77318784099765,962.2289166017146,956.6067030397504,16
2018-04-13,11.776879831342235,16.013492621222767,7.543359100491918,4.269009135628952,2.5242231075697203,7.383984063745019,3.8074133763094267,72.29851909586905,970.3070148090412,959.8686671862821,16
2018-04-14,12.436683063949403,17.265425158116653,7.612930428671819,6.305984138428263,2.577932731747333,8.335139442231073,2.0504854368932035,74.06313328137178,974.3385035074043,969.8365549493375,15
2018-04-15,14.196064652143358,20.333380182712578,8.067463106113841,7.220238931834153,3.3996812749003973,11.471713147410357,4.642825607064016,68.65393608729539,973.9048324240061,969.5124707716287,16
2018-04-16,14.264371047083625,19.57013352073085,8.961208713984538,7.179198875614898,3.2270119521912344,11.199840637450198,0.03328313253012049,64.81761496492594,977.4814497272017,970.4136399064689,16
2018-04-17,15.545045678144763,23.193183415319744,7.916936050597329,11.528671820098383,1.9664541832669316,6.886852589641434,0.0,57.3850350740452,980.616601714731,977.0685113016367,16
2018-04-18,16.930007027406887,24.63169360505973,9.237385804638087,11.441531974701334,2.8732270916334657,9.25235059760956,0.0,52.94855806703039,980.6436477007014,978.0640685892438,16
2018-04-19,16.40590302178496,22.45607870695713,10.384539704848912,10.49592410400562,3.269641434262948,10.214183266932269,0.18439915671117357,56.08807482462977,979.9261886204207,976.7097427903349,16
2018-04-20,16.222487702037945,21.77505270555165,10.68601546029515,8.512157413914265,3.768685258964142,10.677928286852584,0.3581166549543219,59.59469992205767,978.0399844115354,974.7180826188619,16
2018-04-21,16.131131412508786,21.826985242445534,10.460295151089248,5.998313422347153,2.875139442231075,9.396254980079679,1.6037122969837587,61.25798908807482,976.4398285268899,972.8242400623539,16
2018-04-22,17.116163035839772,22.91328179901616,11.350667603654252,7.974279690794096,2.834900398406374,9.88852589641434,1.4515301902398676,60.39438815276695,975.1049883086514,971.2976617303194,16
2018-04-23,17.824595924104003,23.390091356289528,12.29093464511595,6.529304286718201,3.066454183266931,9.091792828685257,0.2795509222133119,59.02572096648479,975.7991426344505,973.2558846453624,16
2018-04-24,18.641883345045677,24.264792691496837,12.995994378074489,8.39845397048489,3.017131474103585,9.281912350597608,0.10664675130694547,57.775526110678086,975.8343725643024,972.5406079501169,16
2018-04-25,18.02227687983134,23.985101897399858,12.090794096978215,6.647926914968376,2.9707569721115528,10.07243027888446,0.6577060931899641,59.20265003897116,976.0539360872954,972.5120810600156,16
2018-04-26,17.35495432185523,23.230569219957836,11.489177793394237,8.911595221363317,3.2035856573705175,8.930597609561751,0.11137254901960783,61.098207326578326,975.8171473109899,970.9068589243959,16
2018-04-27,17.670976809557274,24.237807449051296,11.084258608573435,8.849121574139142,3.252828685258963,10.717609561752985,2.6965565706254386,61.014029618082624,971.878955572876,967.6188620420887,16
2018-04-28,15.799156711173577,20.911876317638786,10.6695713281799,7.870976809557273,3.529561752988047,10.534820717131474,2.385436193222783,67.81839438815275,969.7700701480902,964.0674201091191,16
2018-04-29,12.449051300070273,16.76893886156008,8.104075895994379,7.097189037245256,4.764621513944222,16.215697211155376,3.857273366127899,64.83865939204988,970.6839438815276,962.8124707716289,16
2018-04-30,11.22979620520028,16.16303583977512,6.300632466619817,7.196416022487702,2.927968127490039,10.247569721115536,1.711384399156711,59.895557287607154,971.9426344505064,968.7667965705377,16
2018-05-01,11.231553056921994,17.006184118060432,5.462262825017568,8.347505270555164,2.550438247011952,8.855059760956173,1.4639543183440398,57.93764614185502,972.1869836321121,969.3814497272019,16
2018-05-02,12.776739283204497,19.963738580463808,5.587912860154603,8.818973998594519,2.825498007968127,10.511075697211153,1.0917779339423752,54.212782540919704,972.2396726422446,968.5121590023382,16
2018-05-03,15.116654954321854,20.838299367533377,9.384399156711172,7.707027406886858,3.5481274900398394,12.064462151394421,0.11595047341587764,55.82307092751363,971.6321901792672,967.8959469992203,16
2018-05-04,14.22234715390021,20.133661278988054,8.317006324666197,8.462825017568516,2.8098804780876487,10.03410358565737,0.024736472241742795,53.97661730319563,972.8526110678097,969.4728760717068,16
2018-05-05,16.022487702037946,22.26275474349965,9.76669009135629,8.116584680252986,2.2284462151394417,9.120876494023902,0.673928320449754,59.29228371005455,974.5085736554946,971.2477786438036,16
2018-05-06,17.131623330990863,23.57891777933942,10.674349964862964,8.955797610681657,2.594339622641509,9.246055776892428,1.8484560570071258,62.106001558846444,974.6504286827745,971.4110678098207,16
2018-05-07,17.944764581869286,23.66851721714687,12.22136331693605,7.74181307097681,2.2212469237079566,8.47816733067729,2.2231859883236025,65.52766952455183,973.3895557287607,969.700233826968,16
2018-05-08,18.056167979002623,23.818810148731405,12.292913385826767,7.284601924759405,3.267179487179487,11.19928205128205,0.8242640499553969,67.34097706879362,968.9027916251246,965.6873379860418,15
2018-05-09,18.28847505270555,24.180534082923398,12.43281799016163,7.686788475052706,2.6980079681274898,11.260956175298805,1.2292340126493324,66.36087295401401,969.7982073265782,966.3593141075603,16
2018-05-10,17.415179198875613,22.307589599437804,12.511876317638793,7.364862965565706,2.777848605577688,9.512749003984062,0.06306107431935247,63.46921278254091,974.8716289945438,968.8222915042866,16
2018-05-11,18.14827828531272,24.36612789880534,11.912579058327477,9.648348559381587,2.855378486055776,8.953147410358564,0.7732958538299367,59.45206547155105,974.9877630553387,970.994388152767,16
2018-05-12,15.85959241040056,21.24546732255797,10.442586085734362,6.63928320449754,3.8357768924302773,12.394741035856573,5.066592427616926,62.883865939204995,975.1600155884644,969.5010911925175,16
2018-05-13,13.701194659170765,19.607027406886857,7.79002108222066,9.928671820098382,3.8616733067729077,11.56,1.6548170276325616,46.749025720966465,976.5866718628214,973.324162120031,16
2018-05-14,14.57266338721012,20.634645115952214,8.540477863668306,8.437174982431483,2.9433466135458164,9.588047808764937,0.0775825720309206,52.07872174590802,976.3048324240061,972.7095869056897,16
2018-05-15,15.36310611384399,21.913422347153897,8.822206605762473,11.15874912157414,3.036414342629482,10.198326693227092,0.10583274771609275,52.019080659150035,975.902650038971,972.1145752143411,16
2018-05-16,16.833450456781446,23.638369641602242,10.005270555165144,10.88608573436402,3.114501992031872,10.109721115537846,0.004859529233105543,53.11301636788775,974.3102883865937,970.7967264224473,16
2018-05-17,17.734785664089948,24.157765284609976,11.353548840477863,9.78854532677442,2.770708795900939,10.37649402390438,0.43211223694466094,53.278254091971924,973.3277474668744,970.2245518316442,16
2018-05-18,17.6646521433591,23.073155305692197,12.277863668306393,7.61482782853127,2.9823107569721112,9.439681274900396,0.9838369641602247,63.45908028059237,974.0253312548714,971.6269680436476,16
2018-05-19,17.796205200281097,24.014265635980323,11.59747013352073,9.560857343640196,2.887250996015936,10.29689243027888,1.330512611879577,61.42868277474668,974.2404520654715,971.5201870615741,16
2018-05-20,17.305903021784964,23.171890372452566,11.45621925509487,9.283836964160223,2.903665338645418,9.775139442231076,0.688722927557879,59.77474668745128,973.2508963367108,968.835385814497,16
2018-05-21,17.883204497540405,23.959241040056217,11.81693605059733,9.569149683766689,2.739123505976095,9.247729083665337,2.288193956430077,61.71395167575992,970.233904910366,966.8950116913483,16
2018-05-22,18.441461700632466,24.749472944483482,12.120590302178494,8.508432888264231,2.111155378486055,9.169880478087649,1.0326372776488786,61.98051441932967,973.2578332034293,969.242010911925,16
2018-05-23,19.24806746310611,25.64089950808151,12.81349262122277,8.664511595221363,2.6638247011952183,9.241513944223104,0.7904442581726739,59.82618862042088,974.0876851130163,971.2742010911924,16
2018-05-24,20.152002810962756,25.57167955024596,14.716163035839774,7.569852424455376,3.5538645418326684,10.813864541832666,10.209786607799854,60.42261427425822,973.8502806736166,969.7508420208502,16
2018-05-25,18.409697821503862,22.830498945888966,13.97505270555165,4.910611384399156,2.605896414342629,9.669243027888442,2.9647224174279687,72.22373696872494,972.1237369687246,968.6702485966316,16
2018-05-26,18.75460295151089,23.444483485593818,14.039072382290936,7.192832044975404,2.52215139442231,9.987171314741035,2.020238931834153,65.99688230709276,971.5416212003116,969.0049883086516,16
2018-05-27,19.26451159522136,24.636823612087138,13.898313422347153,6.4562895291637385,2.7711553784860548,11.462629482071709,1.1233618233618234,68.47544816835541,971.8457521434136,968.4691348402181,16
2018-05-28,18.438510189739986,22.687702037947993,14.16900913562895,4.623330990864371,2.612509960159362,9.212988047808764,5.479721995094031,72.77007014809041,972.3096648480124,969.2046765393605,16
2018-05-29,18.487280393534782,22.590794096978215,14.370484891075193,6.0723822909346445,2.6501992031872508,9.924382470119522,1.8799428979300499,72.82385035074044,971.9318004676538,969.1368667186282,16
2018-05-30,17.85579761068166,22.21623330990864,13.491215741391425,4.657976106816585,2.4800796812749,8.27235059760956,6.4699716713881,70.86048324240062,972.6279812938424,969.5106780982073,16
2018-05-31,18.756570625439213,24.438018271257903,13.079198875614896,7.931904427266338,2.5526693227091632,7.846454183266931,0.5082220660576247,61.48947778643802,975.9612626656273,972.2617303195634,16
2018-06-01,19.23759662684469,24.87947997189037,13.578847505270552,9.086366830639493,2.607968127490039,10.317529880478084,3.6982621288921065,62.15666406858924,976.3545596258766,973.0442712392829,16
2018-06-02,18.877723120168657,23.49859451862263,14.262543921293041,5.756851721714687,2.633705179282868,9.959521912350597,12.25710080941869,71.11067809820732,975.4114575214338,972.0219017926731,16
2018-06-03,18.228952916373856,23.4366830639494,12.987983134223471,6.511806043569923,2.3901992031872505,10.050916334661352,3.15068790731354,71.62587685113017,973.1995323460637,969.84302416212,16
2018-06-04,18.39241040056219,23.197610681658468,13.54722417427969,7.2456781447645815,3.475298804780876,9.39434262948207,2.11420161883738,65.04598597038192,971.3545596258766,968.5371005455962,16
2018-06-05,17.693183415319748,21.895572733661275,13.509065354884047,4.3699929725931135,2.7400796812749,8.972111553784858,3.946802529866479,68.2961808261886,970.3561964146529,967.9464536243181,16
2018-06-06,17.264511595221364,21.757273366127897,12.794659170765986,4.778425860857343,2.5376095617529875,8.062788844621512,5.367392832044976,70.86126266562744,973.3405300077942,969.1624318004676,16
2018-06-07,18.69880534082923,24.70751932536894,12.722839072382289,7.354673225579761,2.4254980079681276,9.26414342629482,1.1639494026704147,65.61418550272798,973.7780202650036,971.2528448947777,16
2018-06-08,19.625579761068167,24.739564300773015,14.512930428671819,5.359522136331693,2.785816733067728,9.292828685258963,2.226968043647701,70.17069368667185,972.1737334372565,968.718082618862,16
2018-06-09,18.818552354181303,23.720098383696413,13.896486296556569,6.187561489810259,2.75219123505976,8.596095617529878,2.372853828306264,66.26032735775524,971.0816835541698,968.2287607170691,16
2018-06-10,19.294237526352774,24.585804638088543,14.027125790583273,5.977301475755446,2.6997609561752975,8.653227091633466,1.4271257905832746,65.7825409197194,970.565315666407,967.2975837879967,16
2018-06-11,19.527196064652145,24.315108924806744,14.788615600843288,7.422136331693604,3.54820717131474,9.459601593625496,1.1599013968775675,59.18160561184723,971.0219017926734,968.037646141855,16
2018-06-12,19.99739985945186,25.24666198172874,14.755446240337314,8.277933942375263,3.5371314741035844,11.148525896414343,0.35617416131334767,58.58612626656274,973.5010911925174,969.3674201091192,16
2018-06-13,20.316654954321855,26.446802529866478,14.189880534082922,10.898313422347154,3.011952191235059,9.63418326693227,0.004855842185128984,50.14731098986749,974.3927513639906,971.4087295401399,16
2018-06-14,19.694167252283904,26.112438510189737,13.258889669711875,12.010189739985943,2.8678884462151393,8.28262948207171,0.0019676739283204497,50.664068589243946,974.0569758378799,971.3802805923615,16
2018-06-15,20.920028109627545,27.7964160224877,14.029655657062545,11.050948699929725,2.727649402390437,8.739362549800793,0.1492877492877493,52.63211223694464,973.6829306313327,970.6756819953231,16
2018-06-16,21.624174279690795,28.005059732958536,15.297610681658467,11.51728742094167,3.051872509960159,8.649322709163345,0.0,56.24941543257989,975.3544816835541,971.6199532346063,16
2018-06-17,22.267533380182712,28.850035137034432,15.713281799016162,12.36767392832045,3.1560956175298798,8.729721115537846,0.044975404075895994,49.42244738893219,978.534918160561,974.898752922837,16
2018-06-18,22.610681658468025,29.305621925509488,15.907659873506676,11.737456078706957,2.853306772908366,9.47035856573705,0.03724525650035137,47.68589243959469,978.8624318004674,975.8802026500388,16
2018-06-19,22.957484188334504,29.99086437104708,15.939564300773013,12.648910751932537,2.5087649402390437,8.539760956175295,0.007137758743754461,49.39672642244737,978.5012470771627,974.3617303195634,16
2018-06-20,23.86591707659873,30.559803232607166,17.18137737174982,12.532817990161629,2.629721115537848,8.745498007968125,0.004242424242424242,47.79812938425565,976.3882307092751,973.2560405300076,16
2018-06-21,24.29002108222066,30.936612789880535,17.665776528460995,11.642656359803231,2.819043824701194,8.523027888446213,0.05396145610278372,47.38347622759158,976.2915042868275,973.0975058456742,16
2018-06-22,24.69739985945186,31.41876317638791,17.957273366127897,11.706254392129303,3.0587250996015927,9.962948207171316,0.0,46.52065471551052,975.7012470771627,972.436399064692,16
2018-06-23,24.584961349262116,31.003935347856636,18.19943780744905,12.782993675333802,2.965896414342629,9.37458167330677,0.0,50.82618862042088,975.4761496492596,972.3607170693687,16
2018-06-24,24.74813773717498,31.21876317638791,18.27659873506676,12.204286718200983,2.7670119521912344,9.55043824701195,0.0061841180604357,50.86905689789555,974.6971940763834,971.2480904130941,16
2018-06-25,24.831904427266338,30.98973998594518,18.653267744202388,12.006043569922698,2.9353784860557757,9.224780876494023,0.0247364722417428,51.35853468433359,974.4984411535462,971.1626656274354,16
2018-06-26,24.675614898102598,30.70541110330288,18.676950105411102,11.625720309205903,2.723505976095617,9.163824701195217,0.29613492621222764,51.67030397505845,975.2763055339049,972.175993764614,16
2018-06-27,24.224174279690793,30.56914968376669,17.847364722417428,10.602670414617005,3.231235059760955,9.966693227091632,2.6868781542898343,53.71628994544036,975.1272798129384,970.5410756040528,16
2018-06-28,23.886366830639492,29.66816584680253,18.10007027406887,7.809697821503865,3.131938514090521,11.351792828685259,4.019198790627362,60.188620420888526,971.9897116134061,966.535619641465,16
2018-06-29,23.856359803232607,29.288756148981022,18.479409697821502,10.90941672522839,3.029003984063744,9.691235059760954,2.1850533807829184,59.87763055339049,968.8298519095869,965.1454403741232,16
2018-06-30,23.62501756851722,28.79824314827828,18.47456078706957,9.418692902319044,2.8699601593625497,10.320876494023903,2.576948868398994,57.81683554169912,968.1910366328915,964.87529228371,16
2018-07-01,23.417498243148273,29.52269852424455,17.28292340126493,10.842445537596626,3.049163346613545,11.407649402390433,1.579379956741168,57.28371005455961,969.3939984411536,966.0699922057676,16
2018-07-02,23.693815881939564,29.993464511595217,17.378004216444133,10.607589599437807,2.9358565737051783,9.11442231075697,0.3111735769501054,53.8791893998441,973.055728760717,968.6627435697583,16
2018-07-03,23.817709065354883,30.176669009135626,17.44869992972593,11.722347153900209,3.0043027888446208,9.341115537848605,0.0182741116751269,50.37802026500389,974.053546375682,971.1865159781762,16
2018-07-04,23.645326774420237,29.85699226985242,17.42536893886156,11.337957911145752,3.640398406374501,10.701035856573702,1.409205903021785,51.42712392829304,975.0371005455961,970.2952455183164,15
2018-07-05,23.35298664792691,29.355446240337315,17.34223471539002,11.09044170890659,3.1271713147410347,9.599282868525895,0.084328882642305,50.615744349181604,977.5988308651597,973.9936087295399,15
2018-07-06,23.724385101897397,29.790583274771606,17.618552354181308,11.551484431571325,3.379999999999999,9.205976095617526,0.06324666198172874,48.96336710833983,977.7579890880746,974.5526890101322,15
2018-07-07,24.67273366127899,30.51173576950105,18.842445537596625,10.157273366127898,2.804382470119521,8.99864541832669,0.19198875614898098,52.911925175370214,976.7570537802025,973.0647700701479,16
2018-07-08,25.28460997891778,31.87420941672523,18.716584680252986,12.149818971759592,2.500478087649402,9.241274900398404,0.39440765268579836,49.50896336710833,976.518082618862,973.6203429462197,15
2018-07-09,26.341531974701333,33.81264933239635,18.8427266338721,12.222066057624737,2.8027888446215137,9.341115537848607,0.6296556570625439,43.923616523772395,976.4742010911924,972.5791114575213,16
2018-07-10,25.78699929725931,32.85762473647223,18.706254392129303,12.729109341057203,2.6354581673306767,9.98629482071713,0.0,48.14886983632111,975.311223694466,971.3507404520653,15
2018-07-11,24.850035137034432,30.400070274068867,19.29957835558679,9.89648629655657,3.5309163346613537,10.59856573705179,1.7217146872803935,56.8409976617303,973.1709275136399,969.4739672642245,16
2018-07-12,24.74434293745608,30.52810962754743,18.992410400562193,10.084891075193253,2.7341832669322703,9.43219123505976,0.2601420678768745,54.82307092751363,973.9614185502727,970.4778643803584,16
2018-07-13,24.658819395643008,30.367884750527054,18.98742094167252,9.200562192550947,2.9131474103585644,10.539362549800794,0.6717968157695223,55.363211223694464,974.6314107560403,971.8513639906467,16
2018-07-14,25.329304286718198,32.12557976106816,18.48924806746311,12.395361911454671,3.0104382470119515,10.019203187250993,0.17512297962052,46.80202650038971,974.7872174590801,971.605845674201,16
2018-07-15,24.820379479971887,31.625579761068163,17.974982431482783,10.613633169360504,3.3269322709163336,10.914741035856569,1.6763215061549597,47.492595479345276,974.3538581449725,970.2008573655493,16
2018-07-16,24.417709065354885,30.26113843991567,18.576387912860152,10.018552354181306,3.2419920318725097,11.646613545816729,1.1288826423049891,50.04286827747466,975.8575993764614,971.2999220576772,16
2018-07-17,23.674631061138438,30.85073787772312,16.463949402670412,12.142445537596625,3.335856573705179,9.238964143426292,0.027547434996486292,48.80592361652376,975.9173031956352,971.2374902572095,16
2018-07-18,25.452986647926913,31.32614195361911,19.5720309205903,11.66120871398454,3.4159362549800787,10.727250996015933,0.04396859386152748,48.525331254871375,973.5282151208106,969.9194855806702,16
2018-07-19,24.76015460295151,31.521855235418126,18.006465214335908,11.631553056921994,3.0373705179282857,10.02231075697211,0.7092059030217849,49.6796570537802,973.5081839438814,970.3617303195633,16
2018-07-20,24.25558678847505,29.971890372452563,18.52283907238229,10.543499648629655,3.3323505976095613,10.651872509960159,0.4198005698005698,54.9298519095869,973.0487918939983,969.276227591582,16
2018-07-21,23.467884750527055,29.029796205200277,17.867463106113842,8.756008432888263,3.330916334661354,9.365099601593625,0.29346451159522136,55.50584567420109,973.1181605611846,969.6960249415431,16
2018-07-22,23.995221363316933,29.082712579058324,18.934223471539,8.612157413914266,2.5715340442986045,8.578260869565215,0.37972876516773735,54.983159582999185,973.9680032076984,970.6802726543705,16
2018-07-23,25.210962754743495,32.408573436401966,18.029023190442725,12.869711876317638,3.052509960159362,9.5003984063745,0.0,50.568978955572874,974.2410756040528,969.9363211223691,16
2018-07-24,25.844975404075893,32.90140548137737,18.802178496134925,11.559311314125086,3.0140239043824693,10.66247011952191,0.19676739283204495,49.90802805923615,972.6600935307871,969.1077942322679,16
2018-07-25,25.236753338018268,31.58931834153197,18.89079409697821,10.74427266338721,2.8576892430278877,9.209800796812749,0.0,51.92673421667965,973.0643024162117,969.7763834762275,16
2018-07-26,25.97547434996486,32.595361911454674,19.360787069571327,11.351510892480674,3.0594422310756966,9.621434262948206,0.13886156008432887,47.96960249415434,971.8039750584568,968.5666406858921,16
2018-07-27,25.792410400562186,32.88011243851019,18.68594518622628,10.876387912860155,3.1596812749003984,10.193067729083662,0.12115249472944482,47.557287607170686,971.4090413094309,968.0123148869835,16
2018-07-28,25.564300773014754,33.15881939564301,17.95621925509487,11.355165144061841,3.080318725099601,9.94239043824701,0.03330990864371047,46.35229929851909,972.4063912704596,969.4657833203429,16
2018-07-29,25.803724525650036,32.872101194659166,18.737456078706956,11.74820801124385,2.9274900398406367,8.919362549800795,0.04328882642304989,48.28838659392049,973.2995323460638,970.2027279812937,16
2018-07-30,25.74462403373155,32.81293042867182,18.63373155305692,12.289248067463106,2.8290836653386444,8.944063745019918,0.260997891777934,50.86593920498831,974.1608729540138,971.274746687451,16
2018-07-31,26.208432888264227,32.756078706957126,19.652283907238225,11.431482782853127,3.1266135458167326,9.185418326693224,0.2297277409860191,51.46921278254093,974.6211223694464,971.606313328137,16
2018-08-01,26.908362614195358,34.17104708362614,19.652846099789173,11.181517919887561,2.9017529880478077,9.184940239043824,0.012879884225759768,48.10210444271238,974.9219797349961,972.1946999220578,16
2018-08-02,28.23274771609276,35.7451862262825,20.719887561489806,11.858749121574139,2.9376892430278874,8.696175298804778,0.0,42.66406858924396,975.3914263445049,972.4801247077162,16
2018-08-03,29.062543921293038,36.51461700632466,21.575825720309204,11.51742796907941,2.8478087649402384,9.360796812749003,0.0,43.19251753702259,975.5191738113793,972.4063912704598,16
2018-08-04,28.524455375966262,35.88446943078004,21.130147575544623,11.463035839775124,2.9568924302788844,9.259920318725097,0.0,41.123148869836314,975.743491816056,972.9651597817613,16
2018-08-05,28.79789177793394,36.44202389318342,21.169782150386503,11.482290934645116,2.5759362549800793,9.519760956175293,0.10119465917076598,41.410756040529996,974.709041309431,971.2146531566636,16
2018-08-06,29.057765284609978,36.609276177090656,21.483204497540406,10.2353478566409,2.5472509960159364,11.246693227091631,1.2828220858895705,44.56508183943881,973.6064692127825,969.3811379579109,16
2018-08-07,27.095361911454674,33.32129304286718,20.874631061138437,9.668025298664793,3.8965737051792817,12.397848605577687,0.0775055679287305,48.06703039750583,972.0808261886204,967.8072486360093,16
2018-08-08,25.73872101194659,32.00168657765284,19.478355586788474,9.99297259311314,3.3777689243027877,12.980079681274898,2.7147735708982923,52.53078721745908,972.2489477786436,968.3109898674979,16
2018-08-09,24.544881889763776,30.178652668416447,18.883027121609796,10.758967629046364,3.192410256410256,11.62,0.08285449490268768,49.94715852442671,974.3618145563308,967.7626121635094,15
2018-08-10,23.909011373578302,29.93578302712161,17.904199475065617,10.200612423447065,3.4202051282051276,9.863897435897435,1.8010498687664043,55.0099700897308,976.5405782652042,973.2613160518443,15
2018-08-11,25.941732283464567,31.797375328083987,20.074540682414693,8.424806746310612,2.6725099601593616,9.427649402390434,0.32154195011337866,55.73778664007975,979.5640685892437,974.6728760717068,16
2018-08-12,27.016447944007,33.0930883639545,20.92580927384077,7.8875643855776305,3.0812749003984052,10.98245172124265,0.5267744202389318,55.9222333000997,976.6961443806398,971.3736669401151,15
2018-08-13,26.2251968503937,32.100349956255464,20.358530183727037,8.058046380885454,3.0403984063745013,10.038958858102434,0.293040293040293,50.6839481555334,973.4286048324238,969.2127825409198,16
2018-08-14,25.250043744531933,30.86964129483814,19.62817147856518,10.253718285214347,2.977290836653386,8.61442231075697,0.2296556570625439,49.55633100697906,975.9137957911145,972.27965705378,15
2018-08-15,25.43274771609276,31.65509486999297,19.185664089950805,10.588053408292339,2.6662948207171304,8.943505976095615,0.0089950808151792,50.72174590802806,975.8585346843334,971.9219797349958,16
2018-08-16,25.265214335910045,30.473014757554463,20.071257905832745,6.539002108222066,2.822310756972111,10.266055776892427,2.3854700854700854,57.75993764614185,974.635931410756,970.8465315666406,16
2018-08-17,23.049472944483483,28.261841180604357,17.815600843288827,6.503092059030217,2.7784063745019916,9.46994122586062,1.6262122276879831,62.86282151208105,976.7255650818394,972.7609508963367,16
2018-08-18,22.821293042867183,28.800070274068865,16.87062543921293,8.7317638791286,2.719920318725099,8.373466135458168,0.00590302178496135,58.15744349181605,977.1756040530006,974.3433359314108,16
2018-08-19,24.333942375263526,31.101897399859446,17.531201686577653,10.743991567111735,2.6683665338645413,8.536972111553784,0.0,50.91582229150427,977.6678877630552,974.9706157443491,16
2018-08-20,24.914406184118057,32.049121574139136,17.81391426563598,11.787420941672522,2.755537848605577,8.514342629482071,0.0,46.41075604053,976.8605611847232,972.9155105222136,16
2018-08-21,25.618411806043568,32.87779339423752,18.37709065354884,11.405340829234012,2.4101195219123497,8.734262948207169,0.0,45.19953234606391,974.9046765393608,971.1271239282929,16
2018-08-22,25.74455375966268,32.96444132115249,18.526633872101193,9.734996486296556,2.083745019920318,9.867808764940238,0.48264230498945887,47.26110678098206,974.763289166017,971.5732657833203,16
2018-08-23,26.094237526352774,33.13225579761068,19.06324666198173,8.792199578355586,1.869880478087649,9.88876494023904,0.6161841128433556,51.1667965705378,975.3668745128604,971.9692127825408,16
2018-08-24,25.1706957132818,32.30393534785664,18.045326774420236,10.510962754743499,2.7584860557768915,9.287250996015935,0.06491969568892644,50.95479345284489,975.5768511301634,972.1941543257989,16
2018-08-25,24.177512297962053,30.055235418130707,18.321011946591707,10.105762473647223,3.141752988047808,9.16645418326693,0.0,48.96570537802026,973.921200311769,970.3295401402961,16
2018-08-26,24.499929725931132,30.816163035839775,18.229655657062544,10.645467322557975,2.4088446215139436,8.39816733067729,0.0,48.65939204988308,973.811457521434,970.3826968043646,16
2018-08-27,25.29205903021785,32.46163035839775,18.16324666198173,10.300491918482079,2.3952191235059757,8.999043824701193,0.08926458157227388,52.31878409976616,974.0088074824629,971.0973499610287,16
2018-08-28,26.176528460997886,31.97589599437807,20.396205200281095,8.371749824314827,3.0105976095617524,10.87633466135458,0.6837606837606838,55.50506625097427,974.4780982073266,970.3601714731096,16
2018-08-29,24.68306394940267,30.785664089950806,18.600281096275474,9.78292340126493,2.845179282868526,9.90804780876494,0.8010143702451393,56.23928293063132,976.7484801247076,972.4233047544816,16
2018-08-30,24.717919887561486,30.49648629655657,18.91293042867182,9.365425158116654,2.459601593625497,8.308446215139442,0.0,58.539360872954,977.087529228371,974.0537022603272,16
2018-08-31,24.84666198172874,30.007449051300068,19.70028109627547,9.072312016865776,3.136812749003983,8.630677290836651,0.0,58.81605611847232,976.0608729540141,973.3424785658611,16
2018-09-01,24.969219957835556,30.766408995080816,19.14567814476458,10.152986647926914,2.886772908366533,8.759203187250995,0.0,56.18784099766172,975.9120031176928,972.7455962587685,16
2018-09-02,25.810049191848208,32.08348559381588,19.545045678144763,9.868095572733662,2.642709163346613,9.630039840637448,0.6979223125564589,53.60795011691348,974.7252533125486,969.8363990646919,16
2018-09-03,25.025790583274773,30.34483485593816,19.70182712579058,6.629023190442727,2.5838247011952187,11.920796812749002,0.027303465765004226,60.18238503507404,972.0126266562743,967.9565081839439,16
2018-09-04,23.964792691496836,29.79339423752635,18.18397751229796,9.009486999297259,2.4838247011952186,8.91474103585657,0.6690721649484535,59.575993764614175,971.3332034294621,968.5842556508182,16
2018-09-05,23.18088545326774,28.46191145467322,17.914476458186925,7.32733661278988,2.9905179282868524,9.273306772908366,1.8471682163989853,64.20420888542478,972.7038971161337,969.5126266562743,16
2018-09-06,22.48496134926212,27.72508784258608,17.24286718200984,7.643640196767392,2.662868525896414,8.825019920318722,1.6835164835164833,63.07092751363991,973.0982852689009,969.8148869836322,16
2018-09-07,22.469009135628948,27.881307097680956,17.040337315530568,8.450878425860857,2.4774501992031865,9.691314741035855,0.17134404057480984,62.699142634450496,974.1667965705377,971.0993764614183,16
2018-09-08,21.868306394940266,27.036683063949397,16.694588896697116,4.390513000702741,2.5580876494023896,9.140876494023901,2.3973795435333893,68.423226812159,976.454481683554,972.9653936087295,16
2018-09-09,22.36914968376669,27.648840477863665,17.09142656359803,5.990864371047083,2.3821513944223103,13.741035856573703,0.5775065387968614,67.7116134060795,978.3736554949335,974.7117692907245,16
2018-09-10,22.23822909346451,27.329444834855934,17.171820098383694,6.199789177793394,2.5521912350597606,8.793705179282865,0.0,65.78487918939985,980.3472330475446,977.2954014029617,16
2018-09-11,22.899156711173575,28.268165846802525,17.554040758959943,7.6496837666900905,2.582071713147409,9.229721115537846,0.567343336275375,65.97427903351519,980.5467653936087,977.3419329696025,16
2018-09-12,23.98057742782152,29.397812773403324,18.523622047244093,7.612685914260717,1.9851282051282046,11.262871794871792,0.03565891472868217,64.78863409770688,976.8458624127616,973.2967098703887,15
2018-09-13,23.838018271257905,30.24968376669009,17.424947294448348,9.72487702037948,2.067410358565736,7.308764940239042,0.0,59.15900233826967,977.3415432579887,974.1452844894776,16
2018-09-14,24.177793394237522,30.232044975404072,18.139494026704142,8.78250175685172,2.1792031872509954,8.516015936254979,4.177793394237526,58.197973499610285,976.8879189399843,973.8671083398286,16
2018-09-15,22.82276879831342,27.46809557273366,18.213914265635978,6.179761068165846,2.470916334661354,9.184382470119521,1.2860154602951512,67.51831644583007,978.2487139516755,975.1998441153545,16
2018-09-16,23.29388615600843,29.050456781447643,17.52579058327477,9.148910751932537,2.095458167330677,7.6893227091633465,0.049191848208011243,63.28448947778642,978.1787217459081,975.052766952455,16
2018-09-17,23.608011243851017,29.134574841883342,18.083907238229095,8.067111735769501,2.5326693227091623,9.325896414342628,1.7235827664399093,65.0592361652377,976.541543257989,971.9263445050661,16
2018-09-18,22.864441321152494,27.751581166549542,18.018622628250174,6.520028109627547,1.8874103585657367,7.673545816733066,1.0088167053364268,70.52533125487139,976.0005455962586,972.327591582229,16
2018-09-19,23.359030217849607,29.381869290231904,17.316514406184115,9.426704146170064,2.0247808764940234,7.107649402390437,0.09746192893401016,64.26890101325019,978.3562743569756,975.3995323460639,16
2018-09-20,24.16654954321855,30.658186929023188,17.705481377371747,9.444202389318342,1.8713147410358562,7.306852589641433,0.01218274111675127,57.750584567420105,977.9685892439594,973.8761496492596,16
2018-09-21,24.108995080815177,31.150948699929724,17.089529163738582,8.977652846099788,2.2835059760956167,7.8781673306772895,0.006605762473647225,58.66484801247076,978.0273577552609,973.7105222135618,16
2018-09-22,24.557835558678846,31.445256500351366,17.6841180604357,10.348067463106112,2.197051792828684,7.410756972111553,0.0,55.7310989867498,980.0470771628992,976.970615744349,16
2018-09-23,24.818973998594515,32.03352073085031,17.59156711173577,10.028531271960645,2.201513944223107,7.193306772908364,0.38685874912157414,55.964146531566634,980.561028838659,976.7554169914264,16
2018-09-24,23.559803232607166,29.831061138439914,17.26612789880534,9.599648629655656,2.4626294820717125,8.55840637450199,0.025697503671071948,55.43257989088074,980.6106001558844,976.9639127045984,16
2018-09-25,21.683626141953617,27.34167252283907,16.01145467322558,8.136401967673928,2.225577689243027,8.620876494023902,0.7509933774834437,56.135619641465304,982.2031956352298,978.1824629773968,16
2018-09-26,22.042023893183416,26.91630358397751,17.186788475052705,5.721574139142657,2.9243824701195207,10.235458167330675,2.946591707659873,63.355416991426324,985.2621200311768,981.1858924395945,16
2018-09-27,21.434855938158815,27.06205200281096,15.804286718200983,8.671257905832746,2.31410358565737,8.343824701195217,0.03552923760177646,62.87996882307092,985.3239282930631,979.9258768511299,16
2018-09-28,21.026071679550242,27.884258608573433,14.169009135628952,9.568587491215741,2.1422310756972105,7.117689243027885,0.0,59.52844894777862,979.9657833203428,974.1042088854246,16
2018-09-29,20.83970484891075,27.961489810260012,13.717638791286015,9.848489107519324,2.121035856573705,7.675776892430276,0.0013352073085031624,56.4559625876851,975.2301636788775,971.6732657833202,16
2018-09-30,21.177793394237526,27.997189037245256,14.393323963457485,9.709697821503864,1.9484462151394417,7.3058167330677275,0.0,56.374123148869835,976.002416212003,972.3998441153544,16
2018-10-01,19.74673225579761,25.46914968376669,14.032326071679549,8.762473647224173,2.6110756972111546,8.962948207171314,0.004837490551776266,51.76539360872954,977.7183943881527,974.0016367887762,16
2018-10-02,17.656008432888264,24.531693605059733,10.736753338018271,10.045888966971187,1.959123505976095,7.960705496308449,0.0,44.87763055339049,979.6713172252532,976.7102883865937,16
2018-10-03,19.134926212227686,27.14968376669009,11.117709065354884,10.311103302881236,1.947490039840637,6.88254980079681,0.0,45.07950116913483,980.1956352299296,976.6147310989865,16
2018-10-04,19.26802529866479,27.12382290934645,11.401054111033028,10.055516514406184,1.9125896414342625,7.234820717131473,0.0,52.78254091971939,978.0895557287606,974.3232268121589,16
2018-10-05,19.53281799016163,26.841391426563597,12.244834855938159,9.775685172171467,1.804701195219123,7.007649402390436,0.0041206769683590876,55.66406858924395,975.7311769290723,971.7681995323459,16
2018-10-06,20.17849613492621,27.43352073085031,12.970765987350665,8.589318341531973,2.4788047808764935,10.66462151394422,0.8053408292340125,57.87217459080279,974.9270459859703,969.6763055339048,16
2018-10-07,17.557976106816582,21.98756148981026,13.161981728742093,8.24673225579761,3.192749003984063,9.900557768924301,1.616373858046381,52.66095089633669,975.2516757599377,971.2195635229928,16
2018-10-08,16.11784961349262,21.19543218552354,11.047013352073083,6.7837666900913565,2.0104382470119515,7.531553784860557,0.06082621082621082,58.29384255650819,974.627591582229,971.4010911925175,16
2018-10-09,16.361278988053407,21.568938861560085,11.140407589599437,4.935699226985243,2.4296414342629475,10.553944223107568,3.630871491875923,65.95635229929852,971.8760717069366,966.8494154325798,16
2018-10-10,18.548418833450455,23.500491918482076,13.606886858749121,6.796134926212227,2.449721115537848,8.342629482071711,2.0356347438752787,69.22213561964145,967.9707716289945,963.9667965705376,16
2018-10-11,19.461278988053408,24.437034434293743,14.483907238229092,4.133520730850316,2.587250996015936,8.929163346613544,0.7262641509433964,73.6024941543258,974.5972720187061,966.6072486360093,16
2018-10-12,20.502178496134924,26.089810260014055,14.917006324666199,7.568165846802529,2.2006374501992028,8.163505976095616,0.34289919058130974,68.16367887763056,978.3353858144969,974.4021044427122,16
2018-10-13,21.32044975404076,26.6013352073085,16.031412508784257,6.832888264230498,2.434183266932271,9.434980079681273,2.925706010137581,65.87217459080277,977.0089633671083,968.1144972720186,16
2018-10-14,17.783836964160223,22.134153197470134,13.473647224174279,3.1866479269149686,3.523107569721115,14.655617529880475,20.572733661278985,75.23148869836321,969.9375681995323,961.7197973499609,16
2018-10-15,15.567673928320449,19.61152494729445,11.513000702740689,4.916584680252987,2.6439043824701187,11.247410358565737,1.3342793129200898,69.07014809041308,969.4216679657052,963.6568978955573,16
2018-10-16,16.531693605059733,21.615600843288824,11.431974701335204,6.63731553056922,1.7782470119521907,6.811075697211154,0.6736472241742797,72.4762275915822,974.6655494933749,968.8795011691348,16
2018-10-17,17.33970484891075,22.794448348559378,11.829585382993674,7.898805340829234,1.9691633466135454,7.2617529880478076,1.4104783599088837,70.55105222135619,974.5216679657054,969.443959469992,16
2018-10-18,16.443007730147574,19.858889669711875,12.99248067463106,1.832268121590023,2.526294820717131,9.26239043824701,6.500896191187453,80.5066250974279,970.3961808261885,966.9974279033514,15
2018-10-19,17.75108924806746,20.75263527758257,14.756008432888263,3.5269852424455372,2.6782470119521906,8.680079681274899,3.3714687280393534,81.04286827747467,974.7672642244739,968.4900233826967,16
2018-10-20,17.928952916373856,21.89782150386507,13.931553056921995,4.181658468025298,2.439760956175298,8.698486055776891,1.2891419893697798,79.25019485580671,978.3229150428682,974.1380358534682,16
2018-10-21,18.67744202389318,23.283204497540403,14.096767392832044,5.565003513703443,2.0176095617529874,8.057211155378484,0.0713529856386999,77.9945440374123,978.722447388932,975.0807482462974,16
2018-10-22,17.533169360505973,22.531412508784257,12.504708362614194,7.232958538299367,1.9283665338645415,7.0796812749003974,1.423190442726634,73.24162120031177,980.9421667965703,976.1649259547931,16
2018-10-23,16.79536191145467,21.988053408292338,11.586296556570625,7.40098383696416,1.6549800796812744,6.097609561752987,0.03590127150336574,71.3787996882307,983.0766952455181,980.3874512860481,16
2018-10-24,16.86310611384399,23.584539704848908,10.17357695010541,8.91440618411806,1.760398406374502,6.3586454183266925,0.6431482782853127,66.16445830085735,982.2908807482462,976.9166796570537,16
2018-10-25,17.05312719606465,24.497329585382992,9.622206605762472,9.060927617709066,1.3529083665338646,5.267888446215139,0.6566408995080815,64.55494933749026,977.1134060795011,972.5348402182385,16
2018-10-26,15.680112438510188,21.0037947997189,10.326141953619114,4.343359100491918,1.4557768924302783,6.197450199203186,3.2087736789631105,75.66328916601715,973.0971940763834,967.5623538581451,16
2018-10-27,11.800281096275473,15.985242445537594,7.627617709065353,1.4283204497540407,2.2427091633466127,12.116494023904378,9.608223972003499,85.60327357755259,968.0452844894777,958.537412314887,16
2018-10-28,8.54624033731553,11.55621925509487,5.5446943078004205,3.3562895291637385,2.3733067729083657,9.715936254980079,4.947025495750707,72.11769290724862,961.464770070148,957.8800467653934,16
2018-10-29,8.957554462403372,13.052986647926915,4.871257905832747,5.318200983836964,4.461752988047808,14.147330677290835,3.2151036525172745,60.61730319563523,962.0197194076383,956.2569758378798,16
2018-10-30,9.593815881939564,13.613703443429374,5.577933942375263,2.4580463808854534,2.877290836653386,9.886294820717128,7.093487957181087,76.4442712392829,963.2381917381136,957.6050662509741,16
2018-10-31,10.719114546732254,14.013773717498243,7.420660576247365,2.848067463106114,3.0987250996015927,9.798804780876493,8.23078004216444,79.97661730319564,965.9117692907248,959.494544037412,16
2018-11-01,11.546872803935347,16.502740688685876,6.582501756851721,6.4189037245256495,1.8419123505976094,7.076892430278882,2.206113843991567,73.81215900233826,975.7304754481682,965.7097427903352,16
2018-11-02,12.765425158116653,17.49353478566409,8.025158116654953,3.5690794096978213,2.007091633466135,8.10239043824701,0.17096525096525098,80.06858924395945,979.716134060795,974.7208885424784,16
2018-11-03,11.439423752635275,17.181728742094165,5.703021784961349,7.992832044975404,1.729641434262948,5.996812749003983,0.030863254392666156,70.82151208105998,979.6459859703817,974.2002338269679,16
2018-11-04,12.015108924806746,18.737456078706956,5.282642304989459,6.965495432185524,2.3654183266932263,7.28430278884462,5.1885671863400145,70.49883086515977,974.2401402961807,962.957443491816,16
2018-11-05,11.116795502459592,14.391848208011243,7.84574841883345,1.488404778636683,2.63203187250996,11.347490039840636,7.488334504567813,81.72642244738891,965.4155105222134,959.3130163678875,16
2018-11-06,11.546380885453267,15.176950105411102,7.901335207308502,4.190091356289529,3.658406374501991,12.106693227091633,2.430262112787927,70.7498051441933,970.0740452065469,963.7786438035852,16
2018-11-07,12.67406886858749,17.657203092059028,7.659451862262824,5.214827828531272,2.8527490039840635,10.572828685258964,0.6109225092250923,70.18160561184723,975.0793452844894,967.2382696804362,16
2018-11-08,11.684820801124385,16.4695713281799,6.915671117357695,3.0839072382290933,1.959442231075697,9.538167330677288,7.587069571328179,77.42010911925173,975.7356196414652,969.2042088854248,16
2018-11-09,11.91089248067463,15.445397048489106,8.366268446943078,5.397399859451862,3.204462151394422,12.487729083665338,1.6838369641602249,72.70615744349179,974.8111457521431,969.789945440374,16
2018-11-10,13.598102600140548,17.53443429374561,9.665144061841179,3.4568517217146866,3.215139442231075,11.809163346613545,0.9600907029478458,75.28838659392046,972.4728760717068,968.5380358534684,16
2018-11-11,15.196626844694308,20.217779339423753,10.197891777933942,5.312860154602951,3.2062948207171305,10.454183266932269,2.474333093006489,73.11379579111455,972.0407638347621,967.7992985190957,16
2018-11-12,13.77610681658468,17.845748418833452,9.71286015460295,3.559381588193956,1.7850199203187245,6.843984063745019,2.375585789871504,82.90724863600934,977.4046765393607,969.6365549493373,16
2018-11-13,13.891356289529163,18.118411806043568,9.678355586788474,3.979128601546029,1.8250996015936247,6.58215139442231,0.14667662434652726,83.91971940763834,981.4342166796569,977.1742790335151,16
2018-11-14,14.64426820475847,18.86193222782985,10.457678442682045,4.551370344342937,1.9950597609561749,7.345939294503691,6.873469387755101,81.63834762275913,980.5398285268899,975.1892439594698,16
2018-11-15,14.412087139845397,17.257835558678845,11.563457484188334,3.094237526352776,2.165498007968127,7.625816733067728,9.260343539955189,84.82618862042088,975.9699142634449,973.3540140296179,16
2018-11-16,14.417076598735065,17.334223471539,11.512297962052003,3.4848910751932536,1.7982470119521907,6.590597609561751,1.6073583517292127,84.6812159002338,976.3892439594702,973.6035074045205,16
2018-11-17,14.015881939564299,16.997259311314124,11.015460295151087,3.542375263527758,2.357848605577689,7.688047808764939,2.218210361067503,82.3468433359314,973.9151208105999,967.4757599376461,16
2018-11-18,12.538861560084328,14.780323260716795,10.279901616303583,1.088404778636683,2.7973705179282864,8.631553784860557,8.316056758775206,83.9360872954014,967.7494933749026,961.6580670303973,16
2018-11-19,11.744413211524947,14.305059732958537,9.18208011243851,1.7228390723822908,2.6094023904382464,8.99617529880478,8.685593815881939,84.7770849571317,962.4809820732656,957.6480904130942,16
2018-11-20,11.24075895994378,13.879761068165845,8.590864371047083,2.3818692902319043,3.13617529880478,10.968047808764934,2.922979620520028,83.25643024162116,963.3024941543256,957.9343725643023,16
2018-11-21,11.530709768095571,15.589318341531973,7.472171468728039,3.985734364019676,2.7077290836653374,9.609163346613544,1.2276394849785406,76.23694466095087,971.3724084177705,962.9493374902571,16
2018-11-22,10.403654251581166,13.808432888264228,6.9975404075896,1.5007027406886857,2.2943426294820712,6.368446215139441,5.87111111111111,79.83164458300857,972.7575214341387,970.0025720966485,16
2018-11-23,10.252916373858046,13.952494729444833,6.538580463808854,2.6449051300070274,2.356812749003983,8.638645418326693,5.064960282436011,79.85113016367885,972.9006235385814,968.6368667186281,16
2018-11-24,9.693534785664088,14.62586085734364,4.780182712579059,5.617006324666198,2.4772111553784857,8.535219123505975,1.6070976809557274,73.45050662509742,973.4385814497272,968.5081839438814,16
2018-11-25,11.327687983134224,15.868868587491214,6.806465214335909,3.4014054813773713,3.404541832669321,13.51474103585657,4.3231201686577645,77.5214341387373,969.7898674980513,963.6644583008573,16
2018-11-26,10.822206605762473,14.369219957835554,7.222136331693604,5.248629655657062,3.7866932270916336,16.14844621513944,1.7506676036542512,69.551831644583,976.52907248636,962.6086515978175,16
2018-11-27,10.5854532677442,15.752494729444834,5.434153197470134,6.933099086437103,1.9549800796812749,8.215458167330675,0.005243991260014567,68.34918160561185,978.9166796570536,975.497817614965,16
2018-11-28,10.48208011243851,16.909205903021785,4.032747716092762,7.079761068165846,1.3009561752988048,6.204701195219122,0.1917076598735067,67.9173811379579,979.3780982073264,976.3219797349961,16
2018-11-29,9.672944483485594,16.01138439915671,3.2978215038650736,5.731834153197469,1.7500398406374498,6.643824701195219,1.6797248370745834,68.24863600935308,977.7416212003117,973.0477786438034,16
2018-11-30,10.028039353478565,14.957484188334504,5.054602951510892,5.173225579761068,1.9946613545816732,7.897768924302788,0.137037037037037,73.37100545596257,979.1201091192515,973.0438035853467,16
2018-12-01,9.185945186226283,14.274420238931834,4.125087842586085,3.9543257989088074,1.8859760956175295,6.563505976095615,0.21559100797679476,75.48713951675758,979.4392049883086,976.7500389711611,15
2018-12-02,11.489810260014053,16.961349262122276,6.03626141953619,5.44684333593141,1.9137848605577683,7.227808764940237,0.27404637247569186,73.94466095089633,979.1297739672642,976.4375681995322,15
2018-12-03,11.799718903724525,16.801967673928317,6.809276177090653,4.063211223694466,1.7438247011952186,6.312669322709163,1.5562245728234338,75.86204208885424,979.7931410756041,976.9013250194855,15
2018-12-04,11.995572733661279,17.710049191848206,6.269430780042164,5.773499610288386,1.3360173160173157,5.220717131474101,0.013833701250919794,77.06703039750586,980.7880748246297,977.9981293842554,15
2018-12-05,12.38552354181307,18.86542515811665,5.927196064652143,6.560483242400623,1.4331474103585653,5.563505976095616,0.4007209805335256,76.5908028059236,982.5358534684333,978.7285268901012,15
2018-12-06,11.586788475052707,17.338439915671117,5.807519325368938,5.438113795791115,1.4437450199203186,5.845737051792827,0.048370745836350475,78.58222915042866,984.6134840218239,981.6254871395166,15
2018-12-07,10.355797610681657,15.62290934645116,5.098243148278286,4.536399064692127,1.8160956175298801,7.5937051792828685,0.37393162393162394,78.31644583008573,984.3939984411536,980.3122369446609,15
2018-12-08,10.446802529866478,15.273155305692196,5.649191848208011,5.664302416212002,1.8891633466135453,7.304780876494024,0.009613983976693373,77.55650818394386,985.2711613406078,981.8262665627434,15
2018-12-09,11.468868587491214,18.32635277582572,4.641883345045677,6.508183943881527,1.9675697211155372,6.464462151394422,0.015120810600155882,74.12548713951676,986.0530787217459,982.107794232268,15
2018-12-10,10.139704848910752,16.053267744202387,4.239564300773014,6.846063912704598,1.6133864541832668,5.402071713147409,0.009557273366127899,70.36165237724084,986.5319563522994,981.123928293063,15
2018-12-11,9.235418130709768,15.144975404075895,3.32733661278988,5.411223694466094,1.3744223107569717,5.034661354581673,0.09402670414617006,74.72096648480122,981.6586126266563,976.4038191738113,15
2018-12-12,9.542375263527756,14.388264230498946,4.679831342234715,3.6121590023382693,1.8367330677290832,7.223505976095616,2.162614195361911,79.79267342166794,978.2478565861262,970.7810600155885,15
2018-12-13,9.526212227687981,12.20196767392832,6.823963457484188,1.2793452844894777,3.7626294820717128,14.0407171314741,6.317807211184696,80.14497272018704,972.7974279033513,962.5851909586905,15
2018-12-14,9.486156008432888,13.020941672522838,5.920028109627548,4.274902572096648,2.898884462151394,10.42478087649402,1.0433591004919185,73.46453624318005,979.4767731878408,969.3686671862819,15
2018-12-15,10.208995080815178,14.733591004919184,5.657062543921293,3.450506625097427,2.5859760956175295,9.647091633466134,1.5019334880123743,75.63367108339828,980.8237724084175,976.9254091971937,15
2018-12-16,10.985312719606465,15.513984539704847,6.464230498945888,3.524240062353858,3.329243027888446,14.239999999999997,0.7820128479657388,76.63990646921276,980.4128604832422,973.2284489477785,15
2018-12-17,8.72283907238229,13.588685874912157,3.858046380885453,5.682852689010133,1.849163346613545,8.77418326693227,0.018552354181307098,71.56664068589244,985.1539360872953,979.1068589243959,15
2018-12-18,7.437034434293746,12.450456781447645,2.463387210119466,2.430397505845674,2.201832669322709,7.703187250996014,2.229093567251462,75.0272798129384,982.6812159002337,975.5730319563522,15
2018-12-19,9.792129304286718,14.414195361911453,5.148559381588194,5.181293842556507,3.0048605577689234,11.172589641434259,0.5472944483485593,70.65315666406859,979.719797349961,975.5788776305532,15
2018-12-20,9.970484891075193,14.555446240337314,5.359100491918482,4.03141075604053,1.8174501992031868,6.299840637450199,0.25614849187935035,75.81371784879188,984.8475448168355,979.2425565081838,15
2018-12-21,9.605762473647223,14.627266338721011,4.558819395643007,4.014575214341387,2.3294023904382466,6.865657370517925,0.18046380885453267,76.86515978176149,987.0751363990645,983.8233047544815,15
2018-12-22,10.205762473647223,15.522276879831342,4.910470836261419,4.901325019485579,1.4756972111553783,5.507330677290835,0.037666900913562895,80.15666406858924,987.4875292283709,984.9739672642244,15
2018-12-23,9.865917076598734,15.563316936050597,4.181096275474349,5.403351519875291,1.6246215139442226,5.777609561752987,0.045397048489107514,80.29228371005456,986.9480124707716,983.7983632112234,15
2018-12-24,9.357413914265635,15.460927617709064,3.275474349964863,5.540062353858144,1.5197609561752985,4.91591468416735,0.010408921933085501,77.6282151208106,985.1618862042087,982.0744349181606,15
2018-12-25,8.399718903724525,13.468165846802531,3.318060435699227,4.687685113016368,1.2542629482071712,4.806374501992032,0.0,78.17069368667184,985.180124707716,982.305066250974,15
2018-12-26,9.239072382290933,14.13822909346451,4.330990864371047,4.798285268901013,1.2625498007968123,4.156414342629481,0.0828385228095583,76.81449727201868,985.7587685113016,982.8812159002337,15
2018-12-27,8.332536893886155,12.827898805340828,3.8111033028812367,4.332813717848792,1.2192031872509959,4.630836653386453,0.10448859455481972,78.73031956352297,984.2295401402961,981.616601714731,15
2018-12-28,7.6013352073085025,11.323682361208714,3.879128601546029,2.4020265003897108,1.5933067729083663,5.524541832669321,0.7666900913562895,85.45362431800466,985.0161340607949,982.4496492595476,15
2018-12-29,7.946099789177792,12.450737877723121,3.486999297259311,4.451753702260326,1.9080478087649397,6.18844621513944,0.09580573951434877,82.64692127825407,986.1886983632111,983.8125487139516,15
2018-12-30,7.848629655657063,13.964371047083624,1.7390723822909344,6.896024941543257,1.6817529880478084,6.2309163346613525,0.04721216509775525,73.25019485580671,986.5944660950894,983.6905689789554,15
2018-12-31,8.61841180604357,16.318692902319043,0.9063949402670414,7.515432579890881,1.5228685258964143,5.26215139442231,0.0,63.36632891660171,987.0302416212002,984.0753702260328,15
2019-01-01,8.623219293325855,16.09568143578239,1.1680874929893441,7.727650028042625,1.392879256965944,5.336160990712074,0.002355580482333147,65.49117468046256,996.4346317711502,993.7708460133902,17
2019-01-02,7.504318564217611,14.095793606281548,0.8661245092540663,7.555580482333147,1.542414860681114,5.641300309597524,0.02326934264107039,70.58916615946438,995.1636640292147,991.3385270846013,17
2019-01-03,7.219068984856983,13.343353897924846,1.0864273696017948,7.02893998878295,1.9376470588235293,5.78625386996904,0.0,70.02617163724892,994.4717589774801,991.5440657334145,17
2019-01-04,7.283567021873247,13.938754907459339,0.6206393718452046,7.814413909141896,2.020804953560371,6.350897832817337,0.0,69.32379793061473,996.609068776628,992.6829580036518,17
2019-01-05,7.493942793045429,14.31407739764442,0.6760515984296132,8.086090858104319,1.7027863777089782,6.291269349845201,0.0,65.7334144856969,997.9978088861837,994.6011564211807,17
2019-01-06,7.719012899607403,15.512338754907457,-0.09405496354458773,8.059450364554122,1.676965944272446,6.055975232198143,0.0,59.49421789409616,995.7908094948264,992.8392574558734,17
2019-01-07,7.100336511497476,13.880931015143018,0.3446438586651711,7.450252383623107,1.7369040247678016,6.132817337461301,0.0,60.51369446135118,995.4933657942788,992.4801582471089,17
2019-01-08,7.397139652271453,13.83959618620303,0.9667975322490185,7.195401009534493,1.9775851393188852,6.091764705882352,0.13688190808609657,66.46622032866708,995.3443091905051,989.2270237370662,17
2019-01-09,8.429108244531687,15.39214806505889,1.4305103757711721,7.2351654514862584,1.811950464396285,7.54018575851393,0.10437464946719013,66.53195374315277,989.3227023737065,982.1388922702372,17
2019-01-10,6.400785193494111,12.045821648906339,0.7678070667414469,7.208412787436904,2.69702786377709,8.7538080495356,0.12000000000000001,56.82714546561168,987.075289105295,982.5682288496652,17
2019-01-11,4.578238923163208,10.44924284913068,-1.265002804262479,7.724453168816601,2.4374613003095975,8.402538699690403,0.10067302299495233,54.46865489957395,992.3822884966523,986.8385270846013,17
2019-01-12,6.201458216489063,12.410824453168816,-0.04683118339876604,7.443073471676949,2.278452012383901,7.678204334365325,0.1994871794871795,61.05295191722458,994.1024954351794,991.2898965307363,17
2019-01-13,7.222153673583847,14.276836791923724,0.13482893998878293,6.840605720695457,2.1618575851393187,6.966934984520124,0.0,67.46561168594036,993.1003043213632,988.781618989653,17
2019-01-14,9.011273135165451,16.24217610768368,1.7840717891194615,6.7953449242849135,1.9230959752321979,6.762105263157894,0.06122685185185185,66.68107121119903,989.1799147900183,984.8381010346926,17
2019-01-15,7.8888390353337075,14.198093101514305,1.6121144139091421,6.33589455973079,1.4265015479876157,5.178080495356037,0.0,74.2075471698113,987.7118076688982,984.2724284844796,17
2019-01-16,7.711217049915872,14.01839596186203,1.4436343241727425,6.14296130117779,1.6896594427244578,5.925882352941176,0.6912206855081179,75.40596469872185,985.3856360316494,981.5979914790017,17
2019-01-17,7.884969153112731,12.499719573752103,3.272125630959058,3.0031407739764444,1.6243343653250772,6.833931888544892,1.2587867417135712,78.01947656725501,984.8709068776627,981.5684723067558,17
2019-01-18,6.540998317442512,11.422602355580484,1.6989343802579921,4.11845204711161,1.691207430340557,6.495417956656346,0.7465507571508694,72.06147291539865,985.8543517954959,982.1689592209373,17
2019-01-19,7.589568143578239,11.858104318564218,3.370274817722939,3.00089736399327,2.215417956656346,8.211517027863774,5.404991587212563,80.55082166768108,983.3356055995131,975.8027388922701,17
2019-01-20,8.822490185081325,12.836455412226583,4.812002243409983,2.9947840717891197,3.4605572755417953,9.842786377708977,2.3672462142456534,76.88496652465003,983.5494826536822,974.720754716981,17
2019-01-21,7.301570386988221,12.661189007291082,1.9541783510936623,6.802467750981491,1.7965944272445822,7.506934984520123,0.1816918429003021,70.40718198417528,986.3105903834448,983.2042604990869,17
2019-01-22,5.784520471116096,10.882557487380819,0.6349411104879417,3.3868760515984295,3.1157275541795664,10.623467492260062,4.448141377209018,73.86062081558126,985.735788192331,977.3439440048692,17
2019-01-23,10.155524397083566,13.983286595625351,6.35165451486259,4.3289960740325295,5.292817337461301,15.112569659442723,2.780089736399327,68.865489957395,977.7013390139988,971.7416920267802,17
2019-01-24,10.559976730657358,15.032585530005608,6.121931355439209,5.0908581043185634,3.023715170278637,11.494197292069632,1.2428487345497352,63.51552038953134,980.063055386488,972.7722458916616,17
2019-01-25,10.988839035333708,17.296074032529443,4.731968592260236,7.752944475602916,2.7611145510835904,8.732569659442726,0.37932303164091236,64.89835666463784,984.2035909920876,979.6092513694462,17
2019-01-26,10.154066180594503,17.198541783510937,3.1051037577117215,8.407347167694898,2.3845201238390095,7.6831578947368415,0.2831405964698722,66.61533779671332,985.9982349360924,980.4900182592817,17
2019-01-27,9.743241727425687,14.96758272574313,4.486427369601795,6.8992148065058885,4.031207430340557,14.100371517027865,1.1765744555620952,65.11564211807669,983.179549604382,977.9398660986,17
2019-01-28,9.580089736399326,15.037352776219851,4.099831744251262,6.478238923163208,4.492074303405572,14.012321981424147,1.1660808435852372,65.63542300669508,983.6462568472306,979.6957395009129,17
2019-01-29,8.833258553000562,13.200336511497477,4.465058889512059,2.489904655075715,3.534613003095975,13.631145510835916,2.1795878943979394,73.77175897748022,983.1418137553255,976.3097991479001,17
2019-01-30,10.118283791362872,13.583959618620304,6.62882781828379,5.0886707795849695,3.55609907120743,11.912012383900926,5.01755468311834,67.95435179549604,979.1048691418138,972.3398052343274,17
2019-01-31,12.742905215928209,16.582333146382503,8.91407739764442,2.5013460459899046,5.341238390092879,15.378513931888545,8.543129556926528,76.2075471698113,972.3804625684722,964.44692635423,17
2019-02-01,10.891643297812674,14.914077397644418,6.832080762759395,5.112731351654515,5.82297213622291,18.520495356037156,2.796522714526079,68.58977480219112,967.181618989653,959.488861838101,17
2019-02-02,8.364666292765003,12.221312394840156,4.512114413909142,6.359450364554121,5.339504643962848,15.678947368421055,1.0273889227023738,57.276932440657326,983.0093122337187,965.8299452221545,17
2019-02-03,6.4891755468311825,11.774873808188447,1.1910263600673026,8.456982613572631,2.6411145510835907,11.176656346749226,0.16936145284124193,54.401704199634814,991.9956177723675,982.8757151552039,17
2019-02-04,6.966236679753225,14.069770050476725,-0.13180033651149745,7.918115535614133,2.1224767801857585,6.953126934984521,0.04083006169377454,57.22215459525258,993.4172245891659,990.1422398052343,17
2019-02-05,10.35255187885586,17.924340998317444,2.7547952888390355,8.76219854178351,1.6601238390092878,6.5406811145510835,0.0,59.744978697504564,993.3471089470479,990.4950091296408,17
2019-02-06,11.13056646102075,18.651205832865955,3.654010095344924,8.503982052720135,1.6918885448916408,5.869287925696595,0.20768775872264933,66.42361533779672,991.7746195982958,987.0040170419962,17
2019-02-07,10.830398205272012,18.163993269770053,3.5355019629837354,8.10179472798654,1.6673684210526314,5.953188854489165,0.03783475783475784,68.03834449178332,989.5219111381618,986.0911138161898,17
2019-02-08,10.364329781267527,17.382220975883346,3.3734716769489625,8.27279865395401,1.7105263157894737,6.891455108359132,0.07790626902008521,67.7553256238588,988.8600730371271,984.8436396835057,17
2019-02-09,10.459786876051599,17.388053841839593,3.542905215928211,8.158048233314636,1.853374613003096,7.328359133126934,0.4608573436401967,68.76080340839927,988.4789409616553,984.8824102251978,17
2019-02-10,10.686932136848009,16.628491306786316,4.739988782950085,4.588839035333708,3.8995046439628482,11.611331269349844,0.38889512058328657,68.75593426658551,989.4221545952526,984.335423006695,17
2019-02-11,11.174649467190129,16.603813796971394,5.767919237240606,7.081043185642176,1.7324458204334368,7.533312693498451,0.17650028042624788,66.37066342057211,994.4626293365793,988.3957395009129,17
2019-02-12,10.10112170499159,16.974817722938866,3.22372406057207,9.354122265844083,2.026687306501548,7.319009287925697,0.0,63.52586731588558,996.0037127206328,993.3909312233718,17
2019-02-13,10.260347728547393,17.49203589455973,3.050252383623107,9.457319125070107,2.1871826625387,7.043157894736841,0.0,61.817407181984166,995.6551430310408,992.7258673158856,17
2019-02-14,10.981772293886708,17.68956814357824,4.295288839035334,8.726528323051038,2.249721362229102,7.640363636363637,0.15075715086932137,59.908094948265365,996.0331710286061,992.0262325015215,17
2019-02-15,10.545877734155917,17.190689848569825,3.873920358945597,7.648008973639932,2.8455727554179564,7.8046439628482975,0.5256748994830558,63.29093122337187,993.5320146074254,989.3715155203895,17
2019-02-16,11.33662366797532,18.16489063376332,4.4856421761076835,8.048457655636566,3.2710835913312692,9.823467492260061,0.18900729108244532,58.98600121728545,992.0600121728544,988.0743152769323,17
2019-02-17,10.535950644980371,17.65294447560292,3.415311273135165,8.073303421200224,2.3799380804953554,7.762600619195045,0.2812176909821942,55.67985392574559,989.9236762020694,984.948387096774,17
2019-02-18,10.880314077397644,16.37100392596747,5.376444195176668,5.119910263600673,2.2565944272445817,7.084458204334367,0.49661114302125214,68.67437614120512,986.4880706025563,982.3951917224588,17
2019-02-19,10.952103196859227,16.129388670779583,5.784071789119462,7.427033090297252,1.9787616099071204,6.472260061919504,0.29716088328075707,70.02799756542909,986.7302495435177,983.9167985392573,17
2019-02-20,10.998878295008414,17.078519349411106,4.9121144139091415,8.034099831744252,1.5833436532507736,5.992941176470588,0.0,67.24650030432136,990.353621424224,986.0713329275715,17
2019-02-21,11.389904655075712,18.878407178911946,3.882893998878295,9.033875490745935,1.8508978328173373,7.044024767801858,0.0,62.03530127814972,994.8303104077906,990.0808277541083,17
2019-02-22,12.63236118900729,21.61099270891755,3.6524957936062816,9.831744251261918,2.0455727554179566,6.983591331269349,0.0,49.78880097382836,995.5061472915397,991.825380401704,17
2019-02-23,12.732809871003926,21.509590577678072,3.984744812114414,8.90370162647224,1.9889783281733746,7.068359133126934,0.0,50.884966524650025,994.8106512477174,990.5167376749848,17
2019-02-24,12.301177790241166,19.97638810992709,4.625574873808188,9.007010656197421,1.780928792569659,8.00061919504644,0.0,54.64211807668898,996.3047474132684,992.5437005477784,17
2019-02-25,12.531071228266967,20.373415591699384,4.696130117779024,10.051542344363433,2.5648297213622286,7.713869969040246,0.002467750981491868,54.25502130249542,996.4605599513086,992.6968959220935,17
2019-02-26,13.016096466629277,22.120527201346047,3.898878295008413,10.00084127874369,2.270959752321981,8.920866873065014,0.0,47.836275106512474,994.3331101643334,990.9893487522824,17
2019-02-27,13.255692652832304,22.628491306786316,3.839147504206393,9.949467190128995,1.614922600619195,6.866811145510836,0.0,45.598904443091904,993.8426049908703,989.7700547778452,17
2019-02-28,12.714301738642737,21.059450364554124,4.325014021312395,9.115984296130119,1.5151083591331267,6.6373374613003095,0.0,53.812538040170416,993.6695069993913,990.3278758368837,17
2019-03-01,12.18272574312956,19.720751542344363,4.655973079080202,8.782333146382502,2.246501547987616,7.093808049535603,0.02961301177790241,59.9750456482045,991.035240413877,986.7731588557517,17
2019-03-02,13.51217049915872,20.65036455412227,6.3575434660684245,8.813684800897363,1.8965325077399382,7.044643962848297,0.010768367919237241,59.519780888618385,990.8793061472915,987.3460742544127,17
2019-03-03,14.438979248457656,23.17986539540101,5.7177229388670785,8.76758272574313,2.5442105263157893,9.890154798761609,0.31082445316881663,50.44613511868533,989.6237979306146,983.3813146682896,17
2019-03-04,13.938081884464385,19.558889512058325,8.315872125630959,5.252720134604599,3.8090402476780185,12.195232198142413,0.03948401570386989,63.04138770541691,985.9329884357882,982.1570906877662,17
2019-03-05,14.007627593942793,18.819517666853617,9.166180594503645,5.119966348850252,3.07969040247678,10.350897832817335,2.4475573866980582,69.069385270846,984.5783931832015,977.5206938527083,17
2019-03-06,12.79910263600673,17.616489063376328,8.002299495232755,2.795681435782389,5.604396284829721,17.922786377708977,3.9930454290521595,74.06695069993913,980.586062081558,970.4911746804626,17
2019-03-07,10.790745933819405,16.494447560291643,5.072013460459899,8.500729108244531,3.568668730650154,10.84674922600619,0.9666853617498598,58.29884357881923,983.7598904443091,978.2720024345708,17
2019-03-08,11.702243409983172,17.583623107122826,5.802355580482333,7.492428491306787,2.508978328173375,8.962043343653251,0.21265822784810126,63.458916615946436,992.7472306755932,982.7339622641508,17
2019-03-09,12.83510936623668,20.703084688726868,4.973752103196859,9.72187324733595,1.9786377708978324,6.923157894736841,0.004935501962983736,57.804625684723064,996.0653073645769,992.4357273280584,17
2019-03-10,14.79024116657319,23.383567021873247,6.20964666292765,9.346102075154235,2.1111455108359136,7.412260061919505,0.09081632653061225,59.6585514303104,995.4059646987218,990.7138770541691,17
2019-03-11,14.63510936623668,21.502916432978125,7.792708917554683,9.662142456533932,2.0783900928792565,7.525448916408669,0.014541257934218118,58.32075471698113,995.0606816798539,991.1730371272062,17
2019-03-12,14.409871003925968,22.39001682557487,6.44817722938867,9.353897924845766,2.6024767801857585,9.74829721362229,0.23183722321962896,59.98782714546561,994.2112598904441,987.1994522215459,17
2019-03-13,12.537072349971957,18.253561413348287,6.857319125070107,8.232080762759393,3.4048297213622285,10.623034055727553,0.4987100392596747,58.286670724284846,993.1325015216067,987.6480219111381,17
2019-03-14,11.827706113292207,19.23499719573752,4.387436904094224,9.677846326416152,2.829907120743033,8.846928435718809,0.0,49.183810103469256,994.1734023128422,989.9334753499694,17
2019-03-15,14.155804823331465,23.071676948962427,5.2503645541222665,9.850196298373529,2.1959752321981423,8.014922600619194,0.0,45.25684723067559,991.795922093731,987.5889835666463,17
2019-03-16,14.759394997091333,24.621407795229786,4.888016288539848,10.398261357263038,2.3268214055448095,8.322050290135396,0.22870264064293916,49.205193160227985,990.5146928435715,983.6761241291955,17
2019-03-17,14.688222097588334,22.343578238923165,7.060572069545709,9.120863712843521,3.404643962848297,11.61486068111455,0.23942793045429053,54.27510651247717,986.4967133292755,980.5632988435787,17
2019-03-18,12.2122265844083,17.958777341559166,6.449747616376893,7.810039259674705,2.3242724458204336,8.981671826625389,0.7699243746364166,52.98843578819233,989.1135118685331,985.3802191113815,17
2019-03-19,11.371284352215367,16.881884464385866,5.895625350532811,7.576219854178351,3.270216718266253,10.670340557275539,0.49775659001682554,54.732197200243455,991.097565429093,986.8785149117468,17
2019-03-20,10.649691531127313,16.760067302299497,4.534716769489624,9.15687044307347,2.8166563467492263,9.54080495356037,0.03140773976444195,53.563603164942165,992.400182592818,988.7386488131466,17
2019-03-21,10.639876612450925,17.40886146943354,3.8614694335389794,10.544868199663487,3.0094117647058827,9.758390092879257,0.0,50.43213633597078,992.3245891661594,988.8828971393791,17
2019-03-22,11.984800897363993,19.700112170499157,4.294054963544587,10.078687605159843,3.272260061919505,9.634117647058824,0.04711160964666292,48.78880097382836,991.5882531953741,988.2122945830797,17
2019-03-23,13.69461581604038,20.82501402131239,6.560179472798655,8.362198541783512,3.5839628482972135,10.754489164086689,0.06654783125371361,50.23493609251369,990.5930614729153,986.1686548995739,17
2019-03-24,14.667975322490184,22.10067302299495,7.269097027481772,9.574256870443072,3.323839009287925,10.249721362229103,0.06819966348850252,47.54108338405356,988.1737674984784,984.7262933657942,17
2019-03-25,14.059450364554122,21.68726864834548,6.467975322490186,10.025967470555242,3.190588235294118,10.290278637770895,0.08722316865417376,46.89835666463786,986.582349360925,981.0311016433352,17
2019-03-26,13.832865956253507,21.05328098710039,6.575266404935503,10.384352215367358,4.112012383900929,12.41046439628483,0.004147764095917044,45.87096774193549,986.0448569689593,980.9930006086428,17
2019-03-27,12.504486819966349,19.59405496354459,5.412338754907459,10.839596186203027,3.2585139318885457,10.174922600619196,0.0,43.08703590992087,990.426110772976,985.3347534996956,17
2019-03-28,12.324004486819968,19.885025238362307,4.756814357823893,10.800224340998318,3.5015479876160986,10.213250773993808,0.008295528191834088,45.522215459525256,991.5945222154594,987.8396226415093,17
2019-03-29,12.692540661805944,19.66898485698261,5.714245653393157,9.787605159842963,2.9740557275541795,9.334922600619194,0.7963707064160724,49.85209981740718,989.9923919659159,985.7315276932441,17
2019-03-30,12.937464946719013,19.903645541222655,5.955580482333146,9.571564778463262,3.1477399380804947,9.49609907120743,0.3760159893404397,55.15337796713329,987.193487522824,981.0453438831405,17
2019-03-31,12.579360628154797,17.322546270330903,7.821648906337633,3.9919237240605723,2.29702786377709,8.794427244582042,2.9372501998401273,72.40474741326841,982.1373706634206,976.9351186853316,17
2019-04-01,13.62204150308469,17.734716769489626,9.539540100953449,4.368255748738082,2.142910216718266,8.600247678018574,3.8469215813350606,74.35301278149726,981.438770541692,977.6231892878881,17
2019-04-02,14.190016825574874,20.340773976444193,8.01245092540662,6.31402131239484,2.25343653250774,9.388854489164087,1.5212014134275618,66.88314059646987,981.946378575776,977.535788192331,17
2019-04-03,12.714077397644422,18.295120583286597,7.149242849130679,7.263825014021314,3.7684210526315787,12.071702786377708,1.9875567077122485,59.973219720024346,977.9908094948264,968.766768107121,17
2019-04-04,10.951430173864274,17.17206954570948,4.713123948401571,9.889175546831183,3.2060681114551084,12.42643962848297,2.9997407647440046,48.86183810103469,971.5170419963481,966.8489957395009,17
2019-04-05,11.15329341317365,15.781703260146372,6.5063872255489015,4.335726303982052,3.5985139318885446,15.682921348314608,3.748772763262074,73.54716981132076,970.292589875275,965.1115187087307,17
2019-04-06,10.512974051896208,15.19141716566866,5.84191616766467,5.186759813705921,4.659625468164793,15.1936329588015,3.4236737925574023,69.95304475421862,974.1699192956712,969.0675715333824,16
2019-04-07,11.37543466068424,16.573303421200226,6.179304542905215,4.906674144699944,3.1656965944272444,10.914798761609909,3.2258382642998034,67.61898965307364,979.7178940961655,972.7840535605599,17
2019-04-08,13.543578238923164,18.65771172181716,8.442624789680314,4.77975322490185,4.116160990712074,11.937089783281733,3.5268902038132808,68.43091905051733,980.2530736457697,976.8227023737066,17
2019-04-09,12.615367358384743,17.673864273696015,7.558048233314638,6.488446438586651,4.055479876160991,13.495727554179565,2.8598478444632294,68.13633597078515,980.1145465611685,976.8537431527692,17
2019-04-10,12.524284913067863,18.22708917554683,6.797532249018508,8.17711721817162,3.883219814241486,11.983839009287925,1.7790019442644196,62.240413877054166,982.12300669507,977.7585514303103,17
2019-04-11,12.643634324172742,19.434436343241725,5.870723499719574,8.898934380257993,2.4723839009287927,8.503343653250772,0.21032571032571032,57.926962872793666,983.5811929397443,980.5357273280583,17
2019-04-12,13.71856421761077,20.88687605159843,6.550308468872685,11.341503084688727,2.7710835913312684,8.010278637770899,0.0,51.97687157638466,984.2189287888009,980.754169202678,17
2019-04-13,14.422994952327537,22.655973079080205,6.137352776219854,11.36993830622546,2.413374613003096,8.137647058823529,0.022918054630246504,47.58855751673767,984.5384662203286,981.4358490566037,17
2019-04-14,16.375210319685923,24.466068424004487,8.27106001121705,9.899887829500841,2.3119504643962845,8.915108359133127,0.21110349554489377,56.98904443091905,983.5059646987218,978.7804017041994,17
2019-04-15,16.102411665731914,22.018227706113294,10.20880538418396,7.116152551878855,3.7922600619195044,12.755913312693501,1.7460790667530781,64.23737066342056,983.2435179549603,977.1719415702981,17
2019-04-16,15.444475602916434,22.50403813796971,8.391979809310152,10.17448121144139,2.499628482972136,9.1297213622291,0.0373298768632534,56.734023128423615,984.7488131466828,978.9159464394401,17
2019-04-17,15.960179472798654,21.389568143578238,10.543185642176107,4.465563656758272,3.6765325077399376,12.032631578947369,2.6667530784186644,63.040170419963474,981.4822276323797,976.2988435788191,17
2019-04-18,14.100504767246212,17.51486259113853,10.655524397083566,1.7208076275939428,2.578142414860681,11.96278637770898,7.426571613739468,77.50456482045038,981.397017650639,977.3091296409008,17
2019-04-19,14.303309029725181,17.89798093101514,10.67896803140774,3.3332024677509815,3.007739938080495,12.738947368421051,8.94178217821782,73.39440048691418,984.5555082166768,979.7929397443698,17
2019-04-20,14.374929893438026,18.543634324172743,10.210151430173864,3.544475602916433,4.478575851393189,14.052445820433435,3.034714003944774,66.75532562385878,983.7770541692026,979.6662811929398,17
2019-04-21,13.64643858665171,16.92007851934941,10.405888951205831,3.159282108805384,3.571826625386996,11.262600619195046,1.7816501650165015,69.0882531953743,980.8828362751065,972.3942178940961,17
2019-04-22,14.988222097588334,19.739203589455972,10.266124509254068,4.824957936062816,3.186811145510835,10.447244582043343,3.316142557651992,65.57516737674985,972.7030432136336,964.7381618989652,17
2019-04-23,13.61497476163769,18.08401570386988,9.196298373527762,4.603589455973079,4.376904024767801,14.030588235294116,2.529038854805726,68.68228849665246,970.2273889227023,963.1232501521606,17
2019-04-24,12.773079080201907,17.54582164890634,8.028379136287157,5.487100392596747,5.823281733746129,15.883962848297214,7.9839274141283205,67.98539257455873,974.5227632379791,969.0567255021303,17
2019-04-25,13.851374088614696,18.432192933258552,9.272013460459897,5.792204150308468,4.8760371517027865,13.83826625386997,2.6334413480233305,64.37066342057213,984.3750456482044,973.4227023737066,17
2019-04-26,13.689512058328658,20.20594503645541,7.142624789680315,10.932865956253504,3.206625386996904,10.170588235294115,0.0829440905874027,54.013998782714545,990.7607425441265,984.1842970176506,17
2019-04-27,15.100112170499155,22.533034212002242,7.649803701626472,11.465787997756589,3.0566563467492256,8.685386996904024,0.0,52.59951308581862,991.0530736457699,987.4040779062689,17
2019-04-28,16.441727425687045,24.064498037016264,8.8630398205272,12.199831744251261,3.281547987616099,9.812012383900926,0.0,53.10529519172246,988.9846013390138,983.3880097382836,17
2019-04-29,17.17610768367919,23.54054963544588,10.793942793045428,10.215086932136849,2.3089164086687304,7.723405572755417,0.24044069993519113,55.40839926962873,984.9305538648812,980.7195374315277,17
2019-04-30,17.97274256870443,24.79994391475042,11.137408861469432,11.433202467750982,2.4957894736842103,8.486439628482971,0.20738820479585218,56.44978697504565,982.8908703590992,979.0325623858794,17
2019-05-01,18.09287717330342,25.006618059450364,11.174032529444755,10.534941110487942,3.1819195046439632,10.89752321981424,0.15165262475696692,55.96409007912355,980.4614120511259,976.4609251369445,17
2019-05-02,17.7839596186203,23.805552439708357,11.79932697700505,8.937184520471117,3.358699690402476,9.505386996904022,0.30868438107582624,56.95861229458308,980.0395009129641,976.9866707242847,17
2019-05-03,15.469545709478407,20.545092540661802,10.403645541222659,7.67106001121705,3.3192569659442728,10.800309597523217,5.1152300712896945,64.52769324406573,979.4488740109555,975.5059646987218,17
2019-05-04,15.676332024677508,22.44660684240045,8.89719573752103,9.600280426247895,3.0509597523219814,9.729845201238389,0.01769280622164614,55.31527693244065,980.4895313451003,976.5299452221545,17
2019-05-05,15.55255187885586,21.691362871564777,9.40796410544027,11.488109927089177,3.2917647058823527,9.909597523219814,0.0,48.8904443091905,983.4675593426657,979.5253804017041,17
2019-05-06,16.211809191390344,23.13897924845765,9.156137289121581,10.790128996074033,3.313498452012384,9.426627981947128,0.022812702527543745,54.35909920876445,984.827084601339,981.6761412051126,17
2019-05-07,17.650252383623105,24.551991026360064,10.720358945597308,9.643522153673583,3.3927554179566566,10.196965944272446,0.4519533927347498,61.60620815581253,984.0746804625684,978.803895313451,17
2019-05-08,18.747392035894556,24.08126752664049,13.437577117218172,6.68502523836231,5.458699690402478,15.201052631578944,0.5126881720430108,60.18746195982958,980.3479610468655,975.8678027997565,17
2019-05-09,18.850644980370163,24.407066741447,13.272462142456533,7.416264722378013,4.01938080495356,11.470216718266252,1.792803289924606,56.69263542300669,980.3118076688983,977.1055995130856,17
2019-05-10,20.96926528323051,27.64464385866517,14.267750981491867,10.12176107683679,3.391207430340557,9.892693498452012,0.49773169151004537,54.60864272671942,982.4657942787584,977.8386488131466,17
2019-05-11,20.09910263600673,26.996186203028604,13.183847448121146,11.84997195737521,3.0764086687306498,9.692383900928794,0.0,50.902617163724884,987.950273889227,981.7422398052342,17
2019-05-12,19.57902411665732,27.25126191811554,11.861245092540662,12.885810431856422,3.6136842105263156,9.868792569659442,0.0,41.889227023737064,988.5659160073036,984.1719415702981,17
2019-05-13,19.46674144699944,27.547223780145824,11.3684800897364,12.852888390353336,3.0305263157894733,9.942972136222908,0.0,36.283018867924525,985.8505173463177,981.4559951308581,17
2019-05-14,19.64969153112731,28.20717891194616,11.069826135726306,13.036343241727426,2.709473684210526,9.095417956656348,0.0,39.33475349969568,984.1525867315885,978.520937309799,17
2019-05-15,20.23825014021313,28.51127313516545,11.960684240044868,12.575715086932135,3.54297213622291,10.401300309597525,0.0,44.42604990870359,979.9337796713328,975.7898356664637,17
2019-05-16,19.061132922041505,26.463376332024673,11.677846326416152,10.768255748738083,3.966377708978328,13.1584520123839,4.5534082923401265,53.425441265976865,978.7994522215458,971.597200243457,17
2019-05-17,15.869882220975883,20.845092540661806,10.912170499158723,7.377397644419517,4.589659442724458,12.967863777089782,2.1119482048263682,54.06877662811929,977.0685940353012,972.1959829580035,17
2019-05-18,15.177902411665732,20.62910824453169,9.709590577678071,8.048569826135726,3.5605572755417954,11.686191950464393,1.317274256870443,49.93000608642726,977.7066950699938,974.8370663420571,17
2019-05-19,15.866629276500278,21.604823331463827,10.095008412787438,8.413740886146945,3.2599380804953557,10.75486068111455,0.4010656197420079,52.43274497869751,978.985331710286,975.4797930614728,17
2019-05-20,16.803982052720134,24.16881660123388,9.46674144699944,10.404430734716769,2.9117027863777087,9.71003095975232,0.06638194020744356,49.81558125380401,980.10888618381,976.7945222154594,17
2019-05-21,18.326528323051036,25.27633202467751,11.389119461581606,9.384800897363993,2.8298452012383897,10.261115537848603,1.569776760160275,51.916615946439435,982.3197808886182,978.9872793670115,17
2019-05-22,19.47633202467751,27.303252944475602,11.620358945597307,12.60583286595625,2.357585139318885,8.628297213622288,0.021536735838474482,48.463785757760185,983.516129032258,980.615763846622,17
2019-05-23,20.478407178911947,28.265283230510374,12.671564778463262,9.517563188593648,3.227925696594427,10.609164086687304,0.6253635834787667,46.153377967133295,983.6902617163724,979.6211199026171,16
2019-05-24,18.18137969713965,22.487100392596748,13.891867638810993,5.880762759394279,3.2587616099071206,10.772383900928794,4.30012658227848,65.22641509433961,982.3662811929397,978.8388922702372,17
2019-05-25,18.70947840717891,24.44582164890634,12.960852495793608,8.60779584969153,2.784086687306501,9.480681114551084,0.23387549074593383,54.91174680462568,983.9624467437613,980.8475958612294,17
2019-05-26,19.517891194615817,26.602075154234438,12.438754907459337,11.908917554683121,2.9383900928792572,9.4009907120743,0.01764705882352941,50.10286062081558,984.0365794278757,979.9553256238587,17
2019-05-27,20.532136848008975,28.515928210880535,12.597532249018506,11.510095344924284,2.918080495356037,10.499133126934987,0.16113292204150306,47.069385270846006,981.0551430310408,976.4223980523432,17
2019-05-28,20.461918115535614,26.892204150308473,14.01587212563096,11.104823331463825,3.6680495356037155,10.898823529411764,0.11564778463264161,48.64455264759586,983.4898965307364,978.3338405356054,17
2019-05-29,19.747279865395402,26.792765002804263,12.701065619742007,13.151991026360067,3.9423529411764706,11.489040247678018,0.003196859226023556,39.628119293974436,987.9077906269019,983.0755934266585,17
2019-05-30,20.36545148625911,28.31132922041503,12.453168816601234,13.63174425126192,3.579133126934984,10.045634674922601,0.0,40.705416920267794,989.0453438831405,985.7337796713327,17
2019-05-31,21.649915872125632,29.778855860908582,13.531127313516546,13.700421644413208,3.6088544891640866,10.030154798761608,0.0,36.80766889835667,988.241144248326,984.2382836275106,16
2019-06-01,22.801962983735276,31.215928210880538,14.405720695457095,13.71245092540662,3.1271207430340557,9.101114551083588,0.0,35.13329275715155,986.1805842970175,982.0511868533171,17
2019-06-02,23.21777902411666,32.01654514862591,14.477902411665733,12.552776219854177,2.679195046439628,9.639195046439632,0.010359034726309595,32.28362751065124,984.6805842970177,980.5922702373707,17
2019-06-03,23.316545148625913,31.29399887829501,15.32013460459899,12.256421761076835,3.584829721362229,10.388359133126935,0.1415278575531304,36.46256847230676,983.2789409616554,978.898113207547,17
2019-06-04,21.722602355580484,28.805945036455416,14.633651149747617,11.853617498597869,4.1889783281733735,12.457337461300309,1.1477285473920358,49.50213024954351,979.9365794278757,974.4665246500304,17
2019-06-05,18.677285473920357,24.583118339876613,12.782052720134605,9.991475042063938,4.089102167182662,13.224272445820436,0.3483454851374089,45.74863055386488,980.3958003651857,975.1241631162507,17
2019-06-06,18.069040942232192,24.881491867638815,11.294615816040382,12.069545709478406,4.579133126934985,12.765944272445823,1.6946983546617915,44.446135118685326,980.446195982958,974.4871576384662,17
2019-06-07,19.306561974200786,25.558553000560853,13.03589455973079,11.757487380818844,3.702476780185757,12.85077399380805,0.06748109365910414,40.973219720024346,985.3447961046865,976.438222763238,17
2019-06-08,19.315423443634323,26.535445877734155,12.116096466629276,10.114189568143578,3.698080495356037,10.656780185758514,0.0,41.43700547778454,986.7940961655507,982.7114424832623,17
2019-06-09,20.86264722378015,27.32641615255188,14.445429052159282,9.071845204711163,3.7841486068111454,11.08910216718266,0.09478458049886622,45.787583688374916,984.7390748630553,979.5875228241022,17
2019-06-10,19.858777341559172,26.475042063937188,13.242512619181158,11.268031407739764,3.4669349845201234,10.832569659442724,0.6065058889512058,45.75045648204504,982.6464394400487,978.2197808886183,17
2019-06-11,17.636231071228266,22.699887829500838,12.56399326977005,7.651598429613013,3.6610526315789467,10.985634674922599,2.6413000656598817,57.780888618381,980.6375532562386,976.7038953134511,17
2019-06-12,18.055748738081885,25.23129556926528,10.871789119461582,11.765507571508692,3.1421671826625386,10.445139318885445,0.16381617219313555,46.93670115642117,980.1788192331101,976.1462568472306,17
2019-06-13,19.561862030286033,26.191979809310155,12.910375771172182,10.249579360628156,3.7304643962848294,10.5697213622291,0.0,47.44004869141813,979.0933049300058,974.9993913572732,17
2019-06-14,20.378238923163206,26.799607403252946,13.953393157599553,10.43051037577117,3.9719504643962846,12.655046439628482,0.22703309029725183,44.32805842970177,982.2935483870967,975.9863055386487,17
2019-06-15,20.460964666292764,27.90773976444195,12.977509814918676,12.592091979809311,2.7504024767801853,8.92780185758514,0.0,41.984175289105295,985.7779062690199,981.0598295800364,17
2019-06-16,20.468872686483454,27.938979248457652,13.005776780706675,10.28597868760516,2.927987616099071,9.2025386996904,0.0,46.7084601339014,985.3578210590383,981.6705416920267,17
2019-06-17,22.055748738081885,30.539988782950086,13.59472798653954,12.582557487380818,3.0243962848297214,9.492755417956655,0.03208076275939428,40.05234327449787,983.585331710286,978.8648813146681,17
2019-06-18,22.48990465507572,29.512114413909142,15.454346606842401,12.061076836791925,4.180371517027863,11.166006191950462,0.12069545709478408,44.84783931832014,981.40888618381,978.1429093122335,17
2019-06-19,22.922490185081323,30.09220415030847,15.76074032529445,11.032305103757713,3.6606811145510827,10.700371517027863,0.061644623346751,48.796104686548986,981.4900791235543,977.7618989653073,17
2019-06-20,21.853168816601233,27.280987100392597,16.370443073471677,10.2,3.6631578947368415,11.433250773993809,0.5396204715353652,55.41996348143638,981.2300060864272,978.2253195374315,17
2019-06-21,21.972349971957374,27.780370162647227,16.17094784071789,10.00095344924285,3.091764705882353,8.851393188854487,0.9012360211889348,53.09129640900791,982.7640900791235,979.3718807060256,17
2019-06-22,22.839820527201347,30.6701065619742,15.026977005047671,12.384688726864836,3.0938080495356037,9.719256965944272,0.05832865956253505,45.73463177115034,982.4785757760194,977.8323189287887,17
2019-06-23,24.3703869882221,31.585810431856423,17.142344363432418,11.197756590016825,3.2374613003095973,10.381424148606808,0.20670073821692223,44.42300669506999,980.501278149726,976.813511868533,17
2019-06-24,24.006393718452046,30.22024677509815,17.80588895120583,10.078182837913628,3.398204334365325,10.235727554179565,0.18693923906871096,49.219720024345705,981.2939135727328,978.3503347534997,17
2019-06-25,24.043466068424006,31.288053841839595,16.76926528323051,11.444924284913068,3.2707739938080493,9.8390092879257,0.20034344590726966,51.15216068167985,983.0598904443091,979.6519780888618,17
2019-06-26,25.974200785193492,32.46444195176669,19.471452607964107,11.684352215367358,3.7522600619195043,10.602724458204335,0.0358347876672484,48.6895922093731,984.3025562994522,980.8622641509434,17
2019-06-27,26.392596747055524,33.55989904655076,19.248457655636564,11.973864273696018,4.204643962848297,11.879938080495354,0.0,43.44309190505173,984.6765672550213,981.0670724284844,17
2019-06-28,27.691867638810994,36.21867638810993,19.167246214245655,13.07627593942793,3.2243962848297216,9.810959752321981,0.0,38.17772367620206,983.6481436396834,979.0850882531953,17
2019-06-29,27.895344924284913,36.21598429613012,19.599214806505888,12.428323051037577,2.9502167182662533,9.781733746130032,0.0,36.23250152160682,982.2841144248325,978.7979914790018,17
2019-06-30,26.459214903526277,32.89075182967398,19.98443113772455,11.299135063206919,3.8431460674157303,10.474307116104868,0.03060545575515635,45.33969185619956,984.1124724871607,980.8966984592807,16
2019-07-01,25.85543159130945,32.278156194950085,19.41873165002936,11.340598044853365,3.7383831954169318,10.850032573289901,0.3675675675675676,49.481550969355844,983.7909788867563,980.2976967370442,16
2019-07-02,25.330123311802705,31.33758073987082,19.305226071638284,11.429327199539966,3.6201145767027363,10.36358306188925,0.11472110408280621,50.65666041275798,982.0949343339587,978.04052532833,16
2019-07-03,25.414893617021274,31.601725129384704,19.231282346175963,10.922484186313973,3.788605983450031,11.30725652450668,0.17182288671650375,49.00312695434646,980.6898061288306,977.2833646028766,16
2019-07-04,25.02645198389879,31.132144910868313,18.897412305922945,11.00483036227717,3.6243793761935073,10.36371737746658,0.16755813953488372,48.31894934333959,982.3714821763602,979.0625390869294,16
2019-07-05,25.791201840138015,32.83772282921219,18.729614721104085,12.851811385853939,3.2325270528325905,9.867218332272438,0.0,44.45215759849906,982.764477798624,978.8784865540963,16
2019-07-06,26.393559516963773,34.08729154686602,18.692121909143186,10.493156986774007,3.2422660725652444,12.795480585614255,0.7406555491661874,43.90744215134459,981.2583489681049,976.6889931207005,16
2019-07-07,26.931224841863138,33.92788959171938,19.922081656124206,9.408050603795283,3.1812858052196056,12.366581795035012,0.21131408367707719,46.12945590994371,980.4055659787367,975.7012507817385,16
2019-07-08,23.59821736630247,28.49597469810236,18.658596894767108,7.8896492236917775,3.879121578612348,10.914194780394654,3.821390689451974,58.87116948092558,980.5906191369605,976.5701688555346,16
2019-07-09,23.567855089131683,29.913283496262217,17.249913743530765,10.961702127659574,3.3467218332272433,10.397581158497772,0.04979873490511788,52.077548467792376,981.1638524077547,977.2365853658537,16
2019-07-10,24.949741230592295,32.9166762507188,17.009545715928695,13.212995974698103,2.973074474856779,9.6901973265436,0.007360552041403106,44.42714196372733,981.1139462163851,977.2514696685428,16
2019-07-11,27.178780908568143,35.69200690051753,18.682691201840136,12.934445083381252,3.3057924888605985,9.229471674092935,0.0,38.57973733583489,980.868105065666,977.1455284552846,16
2019-07-12,27.296089706728008,34.795514663599775,19.808395629672226,9.561012075905692,3.289942711648631,9.750286441756844,0.0,45.79362101313322,982.1479049405875,978.4876797998747,16
2019-07-13,26.097469810235765,31.66216216216216,20.599137435307647,9.591086831512364,3.95875238701464,11.53386378103119,0.34145015105740173,51.92057535959975,981.7260162601625,977.4649781113194,16
2019-07-14,25.603277745830937,31.922369177688324,19.270155261644625,11.256009200690052,3.4015913430935716,11.328771483131762,9.655894192064405,56.94684177611006,979.5984365228268,976.745966228893,16
2019-07-15,25.86463484761357,32.66860264519839,19.048533640023003,12.36497987349051,3.6764481222151497,10.926607256524505,0.0,49.291432145090674,980.414946841776,976.4678549093184,16
2019-07-16,25.439792984473833,31.793444508338126,19.104370327774582,11.366474985623922,3.6624443029917253,9.961553150859325,0.18234617596319724,49.792370231394614,980.8595997498437,977.8215759849907,16
2019-07-17,25.161472110408283,31.0073605520414,19.321219091431857,9.303564084989718,3.5639039504260257,11.529789942711647,9.378232110643415,52.86429112964366,981.3260162601624,977.798248905566,15
2019-07-18,25.493732029902244,32.4105232892467,18.55733179988499,11.234272570442783,3.1539783577339273,9.079694462126035,0.0,51.33458411507191,981.5941213258285,977.9306441525954,16
2019-07-19,26.814606095457158,34.18108108108108,19.48021851638873,12.38573893041978,3.5640992998090373,10.383386378103117,0.0,42.921826141338336,981.0480300187617,976.7823014383988,16
2019-07-20,27.477975848188617,34.080276020701554,20.883956296722253,11.151581368602645,3.316613621896881,10.038128580521962,0.017239370995923122,44.647904940587864,982.8901188242651,978.3353345841149,16
2019-07-21,27.709718228867164,34.00241518113859,21.39971247843588,11.217826336975275,3.3536600891152126,10.198281349458943,0.0930513595166163,46.7191283292978,977.2550443906376,973.6621468926553,16
2019-07-22,28.39192795196798,35.26711140760507,21.523549032688457,12.02788959171938,3.4162283996994733,11.277836213373405,0.034022681787858576,40.65765765765765,969.1824824824824,965.052352352352,16
2019-07-23,28.465510340226817,35.359172781854575,21.600133422281516,10.999733155436957,3.598647633358377,14.069947407963939,1.100140548137737,42.58646063281826,978.8072111846949,974.3288447387786,15
2019-07-24,27.954903268845896,35.09986657771849,20.82655103402268,12.158839226150764,3.3709241172051088,10.441622839969948,0.006780870806566738,43.75570272259015,977.1447387785137,972.9162619573216,15
2019-07-25,27.32048032021347,34.00833889259506,20.616944629753167,11.938692461641095,3.6912096168294517,11.356273478587529,1.9727408513816287,45.60559234731421,976.0643855776308,972.6902133922001,15
2019-07-26,25.238825883922615,30.9396931287525,19.52948632421614,9.396664442961974,4.023365890308039,11.341021788129225,1.4412274849899933,52.11111111111111,975.2849153789552,971.3596026490067,15
2019-07-27,22.8044029352902,27.328885923949297,18.285456971314204,7.4527018012008,4.506536438767844,12.467543200601053,1.175053003533569,58.98454746136865,973.4159676232524,969.0182487122886,15
2019-07-28,23.189459639759843,29.543962641761173,16.828952635090054,12.05390260173449,3.0068369646882047,9.495642374154771,0.021347565043362243,50.102281089036055,973.4149374540104,969.5741721854307,15
2019-07-29,24.460040026684457,31.60633755837225,17.31440960640427,12.294396264176118,4.032682193839219,11.430503380916605,0.0817878585723816,47.649006622516566,975.1291390728477,970.8946284032379,15
2019-07-30,24.302535023348902,30.599066044029357,17.961974649766507,11.51721147431621,3.3471825694966197,9.744628099173553,0.10753835890593728,42.45180279617365,977.8028697571743,973.4248712288447,15
2019-07-31,23.802985074626864,29.829411764705878,17.78077260755048,9.600965759438102,3.735839340885684,10.401853759011328,0.49870836165873556,48.93993993993993,965.623123123123,961.2435435435434,14
2019-08-01,25.226250906453945,31.023712835387965,19.425960841189266,10.666417481311099,3.282431572246976,9.769611890999172,0.07837837837837835,47.27016885553472,980.3283302063791,976.4313320825516,16
2019-08-02,26.073433007475558,33.372857964347325,18.758711903392754,12.357734330074754,3.1214513049013366,9.481158497772117,0.0,41.83427141963727,981.159161976235,978.2306441525952,16
2019-08-03,26.181368602645193,33.485968947671076,18.8730304772858,12.30977573317999,3.6637810311903243,10.064099299809039,0.0,45.87304565353345,980.8575984990621,977.2575359599748,16
2019-08-04,26.603565267395055,33.64744105807936,19.56009200690052,11.030247268545141,3.2626352641629537,9.8897517504774,0.0,47.818011257035636,981.0035647279549,977.7614759224515,16
2019-08-05,26.92121909143186,34.11794134560092,19.712823461759633,11.919608970672801,3.2196690006365367,9.72577975811585,0.0,44.16635397123201,980.8653533458411,977.1609756097561,16
2019-08-06,27.211500862564694,34.4791834387579,19.917998849913744,11.13835537665325,3.2759388924252066,9.894271164863143,0.12351926394479586,45.79799874921826,979.7740462789242,975.1107567229518,16
2019-08-07,26.451408855664173,32.11069580218516,20.793214491086832,6.391661874640598,3.5713558243157224,9.35786123488224,0.021966101694915256,54.5972482801751,979.1856785490932,975.9001876172606,16
2019-08-08,27.744450833812536,35.57659574468085,19.954571592869463,12.127889591719377,3.082940802036919,10.08771483131763,0.0016307513104251603,42.05440900562851,979.5200125078175,975.9150719199499,16
2019-08-09,27.608740655549166,35.23461759631972,19.986428982173663,11.259344450833813,4.031126670910248,11.6964353914704,0.09045428407130536,48.31832395247029,981.2836147592245,977.3541588492807,16
2019-08-10,26.861184588844164,33.24341575618171,20.475675675675674,11.548188614146062,3.4210057288351363,10.254678548695097,0.4158912386706948,48.93621013133208,983.6174484052533,979.5043777360852,16
2019-08-11,26.03174238067855,31.96866014951121,20.076825761932145,10.039620471535365,3.326989178866963,10.74124761298536,3.257325581395348,45.661038148843026,982.6213883677299,978.5328955597247,16
2019-08-12,23.926451983898794,29.7308798159862,18.11512363427257,10.16676250718804,3.4604710375556964,9.73049013367282,0.09430707303047728,42.288930581613506,984.331894934334,979.6837398373983,16
2019-08-13,23.634905117883843,30.227717078780906,17.048648648648648,10.5541690626797,3.3092297899427114,9.058625079567152,0.0,40.79111944965603,984.637210756723,981.2842401500938,16
2019-08-14,25.11178838412881,33.41270845313399,16.83622771707878,12.143933294997124,2.367409293443666,8.587651177593887,0.15572167912593443,39.68980612883052,984.640587867417,980.8718574108816,16
2019-08-15,26.39735480161012,33.606267970097754,19.154801610120757,11.49568717653824,3.006365372374283,9.605792488860596,0.0,47.99374609130707,984.2066916823014,980.680487804878,16
2019-08-16,26.984473835537667,34.06083956296722,19.896089706728006,12.115123634272571,3.150477402928071,8.995103092783504,0.0,46.96497811131958,983.5573483427139,979.2017510944339,16
2019-08-17,27.82714203565267,35.658309373203,19.996894767107534,12.396319723979298,2.8988542329726283,10.87014640356461,0.017711328349626222,42.96747967479675,981.525703564728,976.9966854283928,16
2019-08-18,27.252213916043704,34.60488786658999,19.88671650373778,10.811730879815986,3.4324633991088476,11.499872692552515,0.36653248993674525,46.79299562226391,980.3960600375233,976.0784865540961,16
2019-08-19,25.353881541115584,30.976538240368022,19.73525014376078,8.898389879240945,3.2159134309357085,9.719414385741565,0.25281173594132034,52.52782989368355,981.884865540963,978.7941213258284,16
2019-08-20,24.24795859689477,29.767797584818858,18.743185738930418,8.634732604945372,2.8551877784850412,9.706174411203053,0.725134328358209,54.702939337085674,984.6733583489681,980.4195121951219,16
2019-08-21,24.62443933294997,31.011385853939046,18.246578493387005,9.376050700466976,3.2073838319541688,10.826897069872276,0.079374624173181,54.10068792995622,985.0428392745468,981.4214509068166,15
2019-08-22,25.3737780333525,32.122484186313976,18.68062104657849,11.957906843013227,3.585550604710375,10.77550713749061,0.0,47.704190118824265,984.8909318323952,981.8167604752971,16
2019-08-23,26.10805060379528,33.462277170787814,18.72139160437033,11.819666474985624,3.1850413749204334,10.4622533418205,0.0,41.280800500312694,984.4941213258285,980.8473420888056,16
2019-08-24,26.476020701552617,34.170155261644624,18.76745255894192,11.462711864406778,2.787332908975175,8.85085932527053,0.02093156986774008,40.0087554721701,983.6746716697936,980.3247654784241,15
2019-08-25,26.23691776883266,32.9718228867165,19.499424956871763,10.429097182288672,3.1880967536600893,10.793316359007003,0.4163312248418632,44.70481550969355,982.5428392745465,978.7573483427142,16
2019-08-26,24.355836687751584,30.267912593444507,18.451753881541116,6.8239625949736995,3.338510502864417,10.430108211330364,6.51104331909701,58.170731707317074,981.9534083802378,977.8282051282052,15
2019-08-27,23.311040828062104,28.82271420356527,17.77429557216791,7.459731151373465,2.418014003819223,9.030872056015276,3.2405291641611544,66.30268918073794,982.6262038774233,979.3696685428391,15
2019-08-28,24.950431282346173,32.13484761357102,17.80534790109258,11.128404441846873,2.382813494589433,7.628898790579249,0.03726279470960322,52.049405878674165,983.248530331457,980.0692307692309,15
2019-08-29,26.41679125934445,33.38424381828637,19.446463484761356,10.148626534190534,2.6884786760025463,8.817441120305539,0.025761932144910866,48.098811757348344,984.8941838649156,982.0299562226392,15
2019-08-30,26.556871765382404,33.85497412305923,19.266705002875216,10.357451782583283,2.79528962444303,10.086505410566518,0.20736411455289308,48.09255784865541,985.2174484052532,981.3732332707941,15
2019-08-31,26.28223116733755,33.595227142035654,18.983668775158137,9.881483611270845,2.4723742838956078,8.833800127307446,4.410580793559517,49.956222639149466,982.8596622889306,978.6178236397747,16
2019-09-01,25.596894767107536,32.60902817711329,18.593559516963772,8.696549741230593,2.9452577975811587,10.15830681094844,0.6135347432024169,53.84928080050032,981.7022514071294,977.5957473420885,16
2019-09-02,24.671535365152387,30.536917768832662,18.769522714203564,9.756871765382403,2.766327180140038,9.400827498408656,0.293185789167152,54.89055659787367,984.5598499061914,980.7295809881175,16
2019-09-03,25.057044278320873,32.016503737780326,18.080966072455432,11.296492236917771,2.4046467218332275,9.982686187141947,0.0,48.49030644152595,986.0089430894309,982.9464040025015,16
2019-09-04,25.407878090856816,31.853766532489935,18.971650373778033,9.40580793559517,2.8558243157224696,9.753023551877783,0.20092006900517537,49.237648530331455,985.2996873045653,980.9299562226392,16
2019-09-05,23.60448533640023,29.215698677400805,17.995514663599767,9.00799309948246,3.2884150222788033,10.025652450668364,0.08407130534790108,54.170106316447786,984.1747342088804,981.3263914946841,16
2019-09-06,22.630649798734904,28.465324899367452,16.783668775158137,8.975963197239793,2.702864417568428,8.842902609802675,0.30017251293847036,48.88367729831145,984.7502188868041,981.4313320825515,16
2019-09-07,22.57147786083956,28.783783783783786,16.345370902817713,9.70632547441058,2.6448122215149588,8.995989815404199,0.04673581452104941,50.784865540963104,984.5657285803627,980.859224515322,16
2019-09-08,22.728004600345027,28.672512938470387,16.786313973548015,8.353421506612996,2.5357733927434754,10.854869509866328,1.1678805970149255,54.07254534083801,983.7682926829267,980.2946841776111,16
2019-09-09,23.635640849897186,30.523235092529127,16.745030843043175,8.970270270270271,3.3607256524506677,13.123780015491866,1.0782042494859492,50.82739212007504,982.9315390447309,977.8748294162243,16
2019-09-10,20.446333104866348,25.288965044551063,15.570116518163122,8.410349554489379,4.497211463981411,13.069326103795506,2.7075604053000784,45.82486732373011,982.5445792266869,977.4604245640637,15
2019-09-11,19.893271995399655,25.131972397929847,14.637780333525015,6.850143760782059,3.5922342457033736,13.259770846594524,9.083036227717077,53.62038774233896,988.3640400250155,981.3389618511569,16
2019-09-12,21.159861989649222,27.121276595744682,15.222081656124207,7.6186889016676265,4.46301718650541,14.029853596435393,19.047246891651863,54.886178861788615,990.6988117573483,987.299124452783,16
2019-09-13,20.883956296722253,25.638412880966072,16.143760782058656,3.678236397748593,4.071928707829407,12.899236155315087,6.044954682779456,66.89305816135085,990.171607254534,986.1302689180739,15
2019-09-14,21.10684301322599,25.524726854514086,16.664922369177688,5.236860264519839,3.074984086569064,10.497708465945259,2.054523227383863,69.28955597248279,988.5868042526579,984.6580988117574,16
2019-09-15,22.761357101782636,27.740655549166185,17.76279470960322,5.976423231742381,2.4984723106301714,9.371665560716652,0.6815411155836688,66.88617886178861,986.1203252032522,982.9320200125077,16
2019-09-16,23.3598044853364,28.87188039102933,17.804255319148936,7.535365152386429,2.3545512412476124,7.911330362826224,0.04166142227816238,64.17636022514071,984.9576610381489,981.7492808005002,16
2019-09-17,23.38855664174813,29.632777458309373,17.151121334100054,8.501782633697527,2.4321451304901336,9.26842775302355,0.8779237023139462,61.49093183239525,982.8683552220136,978.9208255159474,16
2019-09-18,22.94675100632547,29.17142035652674,16.726221966647497,8.905750431282346,2.198281349458943,7.7972628898790575,0.607360552041403,60.60412757973734,982.3699812382738,979.4194496560349,16
2019-09-19,22.548303622771712,28.754916618746403,16.321794134560093,8.348533640023001,2.0614258434118393,9.072819859961806,0.01836858006042296,60.30956848030019,983.1130706691682,979.8218261413384,16
2019-09-20,22.296549741230592,27.217021276595744,17.349396204715354,4.983323749281196,2.814894971355824,9.789115213239976,2.788469055374593,66.7673545966229,982.2822388993121,978.6398373983739,16
2019-09-21,21.789246693502008,25.338125359401957,18.240368027602067,3.4968947671075323,2.398854232972629,8.56148949713558,3.9600853138330288,73.05753595997497,979.96904315197,976.5111319574734,16
2019-09-22,21.987004025301896,26.73789534215066,17.22357676825762,7.611270845313399,2.994207511139401,9.72266072565245,0.10389610389610388,62.0925578486554,982.6766729205752,976.7740462789242,16
2019-09-23,20.818343875790685,27.181311098332376,14.42190914318574,9.128809660724555,1.9890515595162312,8.386378103119032,0.1427224513847967,54.33458411507192,985.3005628517822,981.9543464665413,16
2019-09-24,22.07142035652674,29.74732604945371,14.405117883841289,9.629614721104081,3.092870782940802,9.593698281349457,0.030742255990648743,50.23514696685429,984.4702313946217,979.8278298936835,16
2019-09-25,22.093271995399654,27.680506037952846,16.499252443933294,9.421966647498563,2.9020369191597704,8.779758115849779,0.0,53.273921200750465,983.6196998123827,980.3487804878049,16
2019-09-26,22.320644048303624,29.26095457159287,15.359689476710752,10.179873490511788,1.7490133672819859,7.1673456397199224,0.0,53.148843026891804,984.7557848655408,981.592745465916,16
2019-09-27,22.47004025301898,29.779183438757904,15.16808510638298,10.290166762507189,2.422851686823679,8.332654360280076,0.005177603853100543,54.714821763602245,984.6911819887429,981.41751094434,16
2019-09-28,22.180678550891315,29.285106382978725,15.02288671650374,10.12541690626797,1.938701464035646,7.692488860598344,0.0,54.39837398373984,985.7785490931833,982.2471544715447,16
2019-09-29,22.912995974698102,31.140195514663603,14.684646348476136,10.109315698677403,2.5005092297899423,7.981222151495861,0.0,51.04878048780488,984.0877423389619,980.2983739837398,16
2019-09-30,22.525474410580795,30.077573317998848,14.969982748706153,9.737665324899368,1.8211330362826224,7.7490770210057285,0.0,54.75046904315197,983.4151969981239,979.2993120700438,16
2019-10-01,23.18510638297872,30.173548016101208,16.18205865439908,8.948131109833238,3.0548058561425844,10.45722469764481,0.1828978622327791,50.610381488430264,981.2958098811756,976.5383989993745,16
2019-10-02,20.85669925244393,27.12455434157562,14.5747556066705,9.210925819436458,2.750922978994271,10.16925525143221,0.1310628302994715,50.51844903064414,983.6505941213259,979.1307692307691,16
2019-10-03,20.154916618746405,27.797642323174237,12.533525014376078,10.074813110983325,2.270273711012094,8.016931890515595,0.051384796700058924,51.80237648530331,984.3027517198248,981.219512195122,16
2019-10-04,20.4428982173663,28.288154111558367,12.561817136285221,9.576308223116733,2.202928071292171,7.505346912794398,0.10017251293847038,57.11006879299563,983.5815509693557,979.4862414008753,16
2019-10-05,20.34916618746406,27.35428407130535,13.370557791834386,9.571305347901092,2.24373010821133,7.675429662635264,0.005298013245033113,60.78674171357097,982.7798624140087,979.9090056285177,16
2019-10-06,20.922426682001152,27.556296722254167,14.260379528464636,8.463829787234044,2.119859961807766,7.648949713558243,0.06440483036227718,57.826766729205744,984.8125703564727,981.644215134459,16
2019-10-07,21.395629672225418,28.833525014376082,13.96296722254169,9.797584818861415,1.9438144329896905,7.765850515463917,0.0,47.88555347091932,984.6120700437772,980.8452782989369,16
2019-10-08,22.005175388154115,29.724381828637146,14.286831512363428,9.827372052903968,2.3341183959261613,8.13838319541693,0.14422081656124208,51.48217636022514,984.4629768605378,980.4722951844902,16
2019-10-09,20.994652098907416,27.186774008050605,14.819551466359977,8.402357676825762,2.302227880330999,7.785805219605346,0.0,60.74421513445903,984.2459662288929,980.441525953721,16
2019-10-10,21.015641173087978,26.593329499712482,15.411500862564694,7.417538815411157,1.8881604073838318,7.0721833227243796,0.0,59.217636022514064,985.7342088805501,982.6651031894936,16
2019-10-11,21.596779758481887,27.511385853939046,15.67774583093732,7.24151811385854,2.288669637173774,9.78071292170592,0.0,60.956848030018755,985.6255159474673,981.6050031269542,16
2019-10-12,22.738470385278895,27.615641173087983,17.897584818861414,4.890396779758482,3.0323360916613624,10.796499045194144,0.2583388704318937,61.55409631019387,982.8699812382738,979.4226391494683,16
2019-10-13,21.847786083956294,27.24703852788959,16.45083381253594,8.964232317423807,2.275238701464035,9.125970719287077,0.60795381654907,62.836772983114436,981.9280175109444,977.8351469668544,16
2019-10-14,18.86578493387004,23.876883266244967,13.844393329499711,4.810235767682576,3.961616804583068,13.751559516231701,3.323289246693502,73.29580988117573,982.9283927454659,975.5631644777989,16
2019-10-15,15.28154111558367,20.833467510063254,9.709200690051754,8.961012075905693,2.376193507320178,9.104901336728197,0.07420494699646643,52.13633520950593,985.9200750469043,981.3420262664165,16
2019-10-16,16.125531914893617,23.2840713053479,8.955376653248994,8.881771132834963,2.268555060471037,8.440038192234244,0.46739505462909725,49.968105065666045,985.3876797998751,981.1306441525951,16
2019-10-17,17.299252443933295,24.260034502587693,10.321046578493387,7.34617596319724,2.3900700190961173,8.454360280076383,0.45744680851063835,59.377110694183855,983.855659787367,980.9359599749844,16
2019-10-18,18.659516963772283,24.015756181713627,13.283841288096605,4.7594594594594595,2.5909611712285168,8.409293443666455,0.1661639344262295,68.16510318949344,982.8953721075673,978.324765478424,16
2019-10-19,18.253766532489937,23.446233467510062,13.06843013225992,4.95497412305923,3.974283895607893,12.308084022915342,7.580966072455435,69.9074421513446,978.366291432145,971.002564102564,16
2019-10-20,15.02541690626797,19.025531914893616,11.042495687176539,3.2737780333525013,2.7240611075747925,10.53679185232336,3.398325191905094,74.1744840525328,980.4546591619762,971.4058161350843,16
2019-10-21,13.465439907993101,18.16497987349051,8.768257619321448,5.389131684876366,1.7527052832590704,6.69013367281986,10.04638218923933,69.34959349593495,983.2851782363975,979.7617260787993,16
2019-10-22,12.720493488690883,16.142426319396847,9.294928032899247,2.4876365727429564,2.4698917886696363,9.435011618900077,11.949317561419473,78.44652908067543,980.7741470811221,972.5642911296437,16
2019-10-23,13.126799177518846,16.957505140507198,9.266620973269362,2.8336975273145484,3.782649109217661,11.119674670797831,3.7108049311094993,73.20090978013647,978.257619408643,971.9879454131917,16
2019-10-24,14.091891891891892,19.302070155261646,8.849741230592294,7.681050656660413,2.504837683004455,8.897835773392742,0.2903358868591632,67.5903689806129,987.1271419637274,977.7464665415885,15
2019-10-25,16.482346175963194,23.693156986774007,9.235997699827486,9.038125359401956,1.8848504137492041,6.577466581795035,0.01941977501480166,63.267041901188236,987.6069418386489,984.1253908692934,16
2019-10-26,17.044795859689476,24.89649223691777,9.196779758481886,9.014203565267394,1.5829408020369191,6.67963080840229,1.1462125660598943,60.85428392745466,986.2217636022514,983.1647279549718,16
2019-10-27,17.245140885566418,23.840310523289247,10.643070730304775,7.672972972972972,1.7616168045830678,5.605601527689369,0.0,64.59412132582864,986.2636647904941,983.1384615384617,16
2019-10-28,17.224611845888443,22.147096032202416,12.329327199539964,5.217481311098332,1.4821769573520047,5.415531508593252,0.0,71.19887429643526,984.3901813633521,980.9787992495309,16
2019-10-29,18.14916618746406,23.83352501437608,12.493732029902242,7.257389304197814,1.4084022915340544,5.206556333545511,0.009767441860465118,72.50844277673545,985.1175109443402,980.9835522201377,16
2019-10-30,17.881771132834963,23.59005175388154,12.155721679125934,6.446693502012651,1.939847231063017,6.9450668364099295,0.2513727882855399,70.71919949968729,987.4275797373357,984.3707317073171,16
2019-10-31,19.475100632547438,24.24979873490512,14.684243818286372,6.0543990799309935,2.3961171228516864,8.584277530235518,0.6061529614721104,72.00062539086929,987.936210131332,985.431081926204,16
2019-11-01,19.345485911443358,24.15796434732605,14.522829212190913,5.513225991949396,3.060725652450668,10.291534054742202,0.9511415525114155,75.88868042526578,986.8792370231392,980.166291432145,16
2019-11-02,19.578148361127084,23.294019551466356,15.916388729154686,4.8635997699827485,4.259070655633353,13.058243157224698,1.8178592904389654,69.67479674796748,980.2636022514071,970.4026891807381,16
2019-11-03,17.572857964347328,20.90718803910293,14.199079930994825,5.930247268545141,6.461425843411838,17.495862507956712,0.3442208165612421,57.80237648530331,977.3423389618512,968.0345841150719,16
2019-11-04,17.177860839562967,21.379240943070727,13.019838987924093,5.0401955146635995,5.637873965626988,16.07492043284532,1.5071880391029326,64.5641646489104,966.8495560936238,961.4860371267148,16
2019-11-05,14.34617596319724,17.9943645773433,10.703047728579644,6.461357101782633,4.654014598540146,15.479248886059834,3.071132834962622,61.4729641693811,980.4059283387621,974.0005863192182,16
2019-11-06,13.300460034502589,18.2223116733755,8.378838412880967,7.049798734905117,3.1061107574793128,10.093698281349461,1.988935658448587,63.744840525328335,981.0848655409632,976.9312070043777,16
2019-11-07,12.789994249568718,17.583898792409432,7.9989649223691766,4.755089131684876,3.7994271164863145,12.100891152132396,1.5471535365152387,64.94058786741712,978.6259537210756,974.6856160100061,16
2019-11-08,10.880966072455433,15.10264519838988,6.718803910293271,7.0543990799309935,4.375429662635263,13.47982176957352,3.753938665063139,58.424640400250155,983.7960600375234,976.2918073796122,16
2019-11-09,10.960322024151811,16.04163312248419,5.852961472110408,5.721909143185739,3.283895607893061,11.863781031190324,2.978838412880966,64.66228893058161,985.4780487804878,979.865478424015,16
2019-11-10,11.066187464059805,14.716043703277744,7.4101207590569285,4.789649223691776,3.8733290897517505,12.492043284532144,2.5136514247846256,62.06066291432145,982.4181988742964,979.0323952470293,16
2019-11-11,11.038700402530191,15.164807360552041,6.915238642898217,2.6784358826912023,2.9193507320178234,9.725397835773391,0.9223116733755032,72.12695434646655,982.576923076923,978.2252032520325,16
2019-11-12,11.659919493962047,16.98338125359402,6.315928694652099,7.207073030477285,2.8723742838956077,10.239083386378102,3.206650396583282,62.73420888055033,980.5959349593495,974.5315822388993,16
2019-11-13,14.005692926969523,18.39522714203565,9.610868315123634,4.70747556066705,3.3392743475493307,12.030490133672817,2.2360585723001836,72.66604127579738,977.6264540337712,972.672482801751,16
2019-11-14,10.1046578493387,13.500287521564115,6.701092581943645,2.125071880391029,4.723297262889878,14.71705919796308,1.9545140885566417,70.92620387742339,974.8986241400875,966.8082551594745,16
2019-11-15,8.365554916618747,12.346981023576769,4.371017826336975,4.82208165612421,3.4264162953532784,11.971865054105663,1.3213916043703278,65.68480300187618,973.6151344590369,968.1273921200751,16
2019-11-16,7.7605520414031055,13.002587694077054,2.5237492811960895,7.063197239792984,2.5234245703373643,8.670591979630808,1.3076480736055203,65.30581613508443,980.6748592870542,973.5588492808004,16
2019-11-17,8.560207015526164,13.421506612995975,3.7159286946520993,2.657446808510638,3.01884150222788,10.376893698281348,5.777515813686026,78.28955597248279,980.6033145716071,974.6471544715445,16
2019-11-18,9.619896492236917,14.308683151236341,4.927544565842439,6.404600345025877,1.9135582431572247,9.105092297899425,0.4172328597899938,71.72983114446528,982.0633520950594,974.4988742964351,16
2019-11-19,8.341115583668774,13.954456584243818,2.738470385278896,6.6995399654974115,1.8827498408656906,6.869127943984722,0.28229721728833634,72.09881175734834,982.6738586616635,978.5424640400248,16
2019-11-20,8.1897067280046,13.158079355951696,3.217883841288096,3.7396204715353645,1.8444302991725015,7.752959898154043,3.3940813810110972,77.37210756722955,978.9787367104439,973.0488430268917,16
2019-11-21,10.245313398504887,14.1700977573318,6.323059229442207,2.54036802760207,2.178676002546149,8.846212603437301,7.841823242867084,81.75359599749844,974.1592870544089,971.4699186991869,16
2019-11-22,12.112880966072455,15.94134560092007,8.253709028177113,0.7554916618746406,4.725334182049649,15.896308084022916,9.24290610006854,83.16385240775486,972.2128830519073,958.1927454659161,16
2019-11-23,11.946866014951121,15.172052903967797,8.693904542840713,5.0013801035077625,5.400190961171229,15.197772119668995,2.416072727272727,67.61413383364602,975.4574734208882,960.2680425265789,16
2019-11-24,10.908913168487636,15.33985048878666,6.4588269120184005,6.412823461759632,2.8986632718014005,10.105601527689371,0.43328347045624527,68.34959349593497,980.3210756722951,975.0382113821139,16
2019-11-25,12.848476135710179,17.197354801610118,8.48188614146061,3.5001725129384704,3.0952259707192873,9.113812858052194,0.18415841584158416,80.81738586616636,981.0361475922452,977.7365228267668,16
2019-11-26,14.005865439907993,18.55796434732605,9.452903967797585,3.5892466935020124,2.8284532145130483,11.497199236155312,0.871462686567164,81.24140087554721,980.3535334584116,973.9267667292057,16
2019-11-27,14.031972397929845,17.71449108683151,10.339160437032778,4.806728004600345,3.339783577339274,12.36242774566474,0.33182173573103985,69.09881175734832,979.0429018136335,974.0078799249528,16
2019-11-28,13.403220241518113,16.998217366302473,9.841978148361127,4.35646923519264,2.534882240611076,9.634563971992359,0.5333555703802535,75.58286429018135,982.1172607879923,978.3382113821136,16
2019-11-29,14.219781483611271,18.618631397354804,9.804427832087407,5.387751581368603,2.7464672183322723,7.799618077657544,0.27032546266751756,75.89868667917449,986.1953721075671,981.3210131332082,16
2019-11-30,13.860839562967222,19.148993674525588,8.587119033927545,5.307360552041403,2.7124761298535964,9.213558243157225,2.9002300172512943,74.21200750469043,985.7225140712945,979.3285178236398,16
2019-12-01,11.521909143185738,15.16561242093157,7.872340425531914,3.7386428982173663,2.2061744112030555,7.869191597708466,7.947269524368762,78.85490931832396,980.4128830519074,974.8238273921199,16
2019-12-02,10.381368602645198,13.655491661874642,7.096549741230593,2.8991949396204717,4.055697008274984,11.151814131126672,10.258293838862556,80.01688555347093,981.6677298311446,976.4660412757975,16
2019-12-03,9.16877515813686,12.553996549741232,5.783438757906843,3.5798734905117886,3.0097390197326535,8.638319541693189,2.0339189189189186,77.79799874921824,981.5629143214509,976.8076923076923,16
2019-12-04,10.048591144335825,13.085911443358253,7.0242668200115,2.590166762507188,2.6072565245066834,9.853278166772755,12.322544169611309,80.82301438398997,978.0666041275796,972.9388993120699,16
2019-12-05,10.570730304772859,14.058194364577345,7.123519263944796,3.8106941838649155,3.1515595162317,9.685232336091659,1.4001444043321303,81.40775484677926,985.1860537836147,976.7834896810507,15
2019-12-06,11.610063254744105,15.804197814836112,7.4109833237492815,5.356785490931834,1.8180776575429662,6.908274984086568,0.050035536602700784,79.4315196998124,987.69449656035,984.1789868667917,15
2019-12-07,10.955549166187463,16.02679700977573,5.866705002875216,6.257223264540338,1.6259707192870783,5.151432208784215,0.02814498933901919,78.59974984365229,989.3715447154472,986.1140087554722,15
2019-12-08,9.792754456584245,14.558309373202992,5.034157561817136,3.6868042526579106,1.5032463399108846,5.869891788669637,1.1542361574382922,82.47467166979361,990.4558474046278,987.1873671044403,15
2019-12-09,11.372512938470386,15.863599769982748,6.869120184013801,4.620387742338963,2.8787396562698913,9.887969446212603,0.20985723997280764,74.25703564727955,992.7565978736708,988.6569731081926,15
2019-12-10,10.2093156986774,15.629154686601495,4.776653248993674,5.605190744215133,1.902291534054742,7.156651814131126,0.38172439204126746,72.34459036898062,992.6562851782363,987.8807379612258,15
2019-12-11,9.36244968372628,14.470845313398506,4.202645198389879,3.5287054409005627,2.8618714194780392,11.153214513049013,1.2394929953302203,74.33833646028768,989.5323952470294,984.4726078799249,15
2019-12-12,9.291834387579069,13.627832087406556,4.95963197239793,2.7028142589118196,4.277912157861234,13.733927434754932,3.080320213475651,73.92995622263916,987.7781738586616,978.0183239524703,15
2019-12-13,14.31512363427257,17.24565842438183,11.407188039102932,2.174353076480736,5.968936982813494,15.49484404837683,0.30807498197548666,69.95372107567228,982.0408380237649,976.4597248280174,16
2019-12-14,12.49867740080506,15.802012650948821,9.216388729154687,3.387061529614721,3.01323997453851,10.449840865690641,0.0455958549222798,69.08943089430893,983.7447779862414,979.6710444027518,16
2019-12-15,11.918343875790683,16.361529614721107,7.419666474985624,4.897182288671651,2.1486314449395287,7.847931253978357,0.6553702468312208,70.29268292682929,981.5632270168855,974.6575359599749,16
2019-12-16,11.06210465784934,15.212650948821162,6.930362277170788,2.075445658424382,4.135009548058561,10.347976878612716,3.724980544747081,70.61851156973107,975.0865540963101,965.0639149468417,16
2019-12-17,11.087636572742955,14.639907993099483,7.544335825186889,3.4830937320299022,2.546085295989815,9.002100572883515,0.48491446345256606,76.93308317698562,979.8877423389619,965.5757348342714,16
2019-12-18,10.38688901667625,15.41558366877516,5.396434732604946,4.825646923519264,2.3342457033736475,8.66798217695735,3.864709806537692,72.79424640400251,983.5761726078798,977.769918699187,16
2019-12-19,12.130017251293847,16.08556641748131,8.169407705577918,1.511730879815986,4.7346276257161035,14.469509866327178,22.902369337979096,79.5590994371482,981.1889305816135,969.017761100688,16
2019-12-20,15.126969522714203,17.40235767682576,12.90281771132835,1.2623346751006324,5.687587523870146,19.47390197326543,7.744162775183456,79.80175109443401,971.7397748592867,965.3332082551597,16
2019-12-21,15.773202990224267,19.401092581943644,12.171075330649797,2.8610695802185164,6.691979630808402,21.760471037555693,2.3145430286857906,77.98686679174483,975.7385240775485,967.0986866791743,16
2019-12-22,14.071707878090855,17.314088556641746,10.846003450258769,5.343588269120184,5.445703373647357,17.033927434754933,0.6662726556343578,70.47029393370855,986.9227642276421,974.8289555972481,16
2019-12-23,12.501035077630824,16.86244968372628,8.11098332374928,6.52225416906268,3.052959898154042,10.02819859961808,0.009624911535739564,68.94559099437149,992.0703564727955,986.3235146966855,16
2019-12-24,12.998044853364004,19.241115583668776,6.752731454859115,7.431914893617021,2.5877784850413748,7.794207511139402,0.0,69.88680425265792,992.1378986866791,989.0600375234521,16
2019-12-25,12.18608395629672,18.464634847613574,5.9235192639447956,6.7030477285796435,1.6408020369191596,5.393634627625715,0.001298701298701299,76.10881801125703,990.4994371482178,987.1008755472172,16
2019-12-26,12.199597469810236,18.425876940770557,5.947211040828063,6.0111558366877516,2.0037555697008274,6.461911081619111,0.0,73.58223889931206,993.1086929330833,987.6458411507193,16
2019-12-27,10.890166762507189,16.321219091431857,5.473548016101208,7.078205865439908,2.1560152768936978,6.044748567791213,0.0028018679119412946,72.63164477798625,993.3067542213884,990.6834271419639,16
2019-12-28,10.406843013225993,16.59033927544566,4.186889016676251,7.526969522714204,1.9232336091661357,5.598281349458944,0.0,71.99499687304565,994.2365853658536,991.3005003126954,16
2019-12-29,10.118688901667625,15.357274295572168,4.85232892466935,7.068832662449684,1.9817313812858048,5.827943984723108,0.0,71.91869918699187,995.428142589118,992.333771106942,16
2019-12-30,9.108683151236344,14.185163887291544,4.046981023576769,6.112650948821162,1.7047740292807128,5.2106938255887965,0.0,73.11882426516571,1001.1043564356435,998.2749174917492,16
2019-12-31,8.521219091431858,13.354916618746405,3.6776883266244966,5.66129959746981,1.704583068109484,5.51368555060471,0.022548365577051366,76.51969981238274,1001.4881848184818,998.5831683168316,16
2020-01-01,8.481598619896491,13.840598044853365,3.128809660724554,6.542265669925244,1.5455124124761295,4.768746021642265,0.011627906976744186,75.94871794871796,996.8669793621012,993.9612257661037,16
2020-01-02,7.54933870040253,12.881886141460608,2.2732604945370904,5.7004025301897645,1.4229789942711646,4.63946530872056,0.0,76.45278298936836,996.219449656035,993.325578486554,16
2020-01-03,7.138700402530191,11.605865439907994,2.653248993674526,2.9916043703277744,1.521769573520051,5.531253978357732,0.08053769725306839,82.46341463414633,997.5711069418385,994.1563477173233,16
2020-01-04,7.607590569292697,12.375330649798734,2.8466935020126507,5.266072455434157,1.8576066199872692,6.921387651177594,0.07568533969010727,79.16072545340838,997.9020012507816,994.8771106941839,16
2020-01-05,8.164864864864866,14.316158711903393,1.9712478435882692,7.995974698102358,1.7884150222788033,5.996690006365371,0.005014925373134329,74.44527829893684,995.2786116322701,990.7951219512194,16
2020-01-06,8.27774583093732,14.889419206440483,1.6642323174238065,7.484473835537665,1.4671546785486949,4.4806492679821766,0.03229228049499116,74.71106941838646,994.8419011882426,990.950469043152,16
2020-01-07,8.504887866589995,15.291661874640598,1.7174813110983325,7.78154111558367,1.443029917250159,5.583386378103118,0.015085444902769593,72.08255159474672,995.9496560350216,992.7313946216386,16
2020-01-08,8.981023576768258,15.813053479010925,2.1490511788384126,7.577630822311673,1.4208147676639082,4.97447485677912,0.011845888441633123,71.30706691682303,994.9898061288305,991.5250156347716,16
2020-01-09,9.211385853939046,15.103047728579641,3.3291546866014956,7.1015526164462335,1.9592616168045829,7.883131763208146,1.065619335347432,76.06003752345217,993.5043777360851,988.3657911194495,16
2020-01-10,8.620989074180564,13.02507188039103,4.185048878665899,4.674065554916619,2.160725652450668,10.337746658179503,1.2281196089706725,76.08067542213881,993.8854909318325,988.8054409005628,16
2020-01-11,7.54220816561242,13.10615296147211,1.9709028177113284,7.4588269120184005,2.207320178230426,6.506174411203054,0.0029850746268656717,70.37898686679172,995.8324577861164,992.6192620387741,16
2020-01-12,7.111788384128809,13.981023576768258,0.2746981023576768,8.106785508913168,1.576193507320178,5.124824952259706,0.0022392457277548615,68.36960600375234,995.5419637273294,992.047717323327,16
2020-01-13,6.915583668775158,13.766187464059804,0.09856239217941354,7.16825761932145,1.7561425843411835,6.390961171228516,0.0016499705362404242,66.26328955597248,992.667354596623,986.4285803627267,16
2020-01-14,7.991949396204715,14.25020126509488,1.7086256469235193,7.29683726279471,1.9996817313812858,6.715531508593251,0.0,68.17636022514071,987.5936835522201,984.8254534083802,16
2020-01-15,9.426221966647498,15.73870040253019,3.1327774583093735,5.567337550316274,1.9587523870146404,8.253087205601526,0.06515615431720759,69.64290181363353,991.2288930581615,986.0803627267042,16
2020-01-16,10.892064404830363,17.09430707303048,4.679240943070731,7.252271420356526,2.223806492679821,7.854869509866325,0.3693354683746997,65.2226391494684,992.4070669168233,988.8429643527205,16
2020-01-17,10.5438757906843,15.771535365152387,5.323001725129384,5.525876940770559,2.8840865690642894,11.036028007638444,0.47914373088685014,69.32457786116322,995.9516572858037,990.5333333333333,16
2020-01-18,9.851926394479584,14.53640023001725,5.142955721679126,2.5257619321449107,2.6573520050922976,10.473010821133036,3.3320299022426685,78.88242651657286,995.3611632270167,984.960037523452,16
2020-01-19,8.866417481311098,12.429614721104084,5.344623346751006,3.2750431282346177,4.458370464672183,17.6457670273711,21.921314387211368,66.62914321450906,989.2409005628515,982.5993120700437,16
2020-01-20,6.691086831512363,9.169465209890742,4.20299022426682,1.5117308798159863,6.250350095480584,16.21279439847231,26.537320299022426,64.00312695434647,988.2409631019384,984.0816135084427,16
2020-01-21,7.546060954571593,10.454341575618171,4.650718803910293,1.4301438398999375,3.888160407383831,13.208338637810312,21.123975535168196,80.08755472170107,986.2583489681052,980.5358348968105,15
2020-01-22,8.931799884991374,11.899194939620472,5.994077055779183,1.1592870544090055,2.101082113303628,7.779057924888604,9.464229607250752,87.06191369606005,984.3161350844279,980.8459662288928,15
2020-01-23,8.85181138585394,12.506728004600344,5.198964922369177,3.7834962622196664,1.9313812858052193,7.769828134945893,3.484223758642363,84.80487804878048,985.0621638524078,980.991932457786,16
2020-01-24,9.475733179988499,12.97044278320874,5.947211040828062,2.057044278320874,2.056206238064927,6.488987905792488,5.57171590194846,84.98656429942419,985.7701063164477,982.4898686679174,16
2020-01-25,9.256009200690052,12.467337550316273,6.059574468085106,0.9889591719378953,1.5370464672183324,5.613494589433481,1.3055204140310523,87.223889931207,984.7829893683553,980.6255159474672,16
2020-01-26,9.486946520989074,14.231627372052905,4.780276020701553,5.980851063829787,2.1368555060471035,7.5758115849777194,0.09910767400356932,78.15447154471545,989.0414634146341,983.352157598499,16
2020-01-27,9.363197239792985,13.939620471535365,4.825474410580793,4.837607820586544,2.597835773392743,9.726670910248247,0.20475,73.12382739212008,989.0569105691056,985.1083802376487,16
2020-01-28,11.934330074755607,15.460149511213341,8.441575618171363,2.680621046578493,2.5583068109484404,8.731317632081476,0.20025204788909895,77.02376485303316,987.8993120700437,985.0958724202626,16
2020-01-29,12.59286946520989,17.40626797009776,7.758654399079932,5.05664174813111,2.492616168045831,7.825015913430934,0.5085681426106958,75.55159474671667,988.8005628517824,986.0395247029392,16
2020-01-30,12.581253594019552,17.11725129384704,8.080506037952848,4.230362277170788,2.2581158497772122,7.968427753023551,0.3039540816326531,73.5428392745466,988.8151344590369,986.076110068793,16
2020-01-31,14.101437607820587,18.649971247843588,9.560149511213343,5.906958021851638,2.176320814767664,8.41413112667091,0.2704087858450275,73.95559724828017,989.3056285178235,986.4469043151968,16
2020-02-01,14.83237492811961,20.16843013225992,9.481368602645198,5.805232892466935,2.5937619350732017,8.20693825588797,0.0078205865439908,76.69668542839273,991.5696060037521,986.160913070669,16
2020-02-02,14.866705002875214,20.480851063829785,9.268717653824037,7.397943797121316,2.172183322724379,7.410502864417568,0.011500862564692352,72.75171982489056,993.7056285178237,990.3674171357097,15
2020-02-03,15.536630247268546,22.500690051753878,8.571822886716504,8.56112708453134,1.9416295353278161,7.382367918523234,0.002875215641173088,65.74859287054409,994.2003126954345,990.5682301438397,16
2020-02-04,15.168832662449683,22.03053479010926,8.273720529039679,7.848878665899942,2.675684277530235,8.88294080203692,0.26244186046511625,66.22326454033771,993.5708567854908,988.3712320200125,16
2020-02-05,11.31345600920069,16.972972972972972,5.678435882691202,7.984588844163312,2.2626989178866963,7.565245066836409,0.0,65.7648530331457,993.098186366479,988.2576610381487,16
2020-02-06,10.747211040828063,17.078493387004023,4.393789534215066,7.715986198964923,2.139210693825588,6.536409929980904,0.0,70.32707942464039,990.2040025015635,986.2170731707317,16
2020-02-07,10.824381828637147,15.734272570442783,5.904427832087406,4.937722829212191,1.4785486950986633,5.2739656269891775,0.035422656699252444,75.45153220762977,989.3298311444653,986.2423389618509,16
2020-02-08,11.419551466359977,16.00419781483611,6.847728579643473,3.339965497412306,1.4860598345003182,6.964926798217696,0.2998011928429424,79.43277048155096,991.8384615384615,987.5207629768604,16
2020-02-09,12.002760207015525,17.21345600920069,6.84036802760207,5.844278320874065,1.9194143857415658,8.193189051559516,0.03399734395750332,75.60037523452158,995.110506566604,990.746716697936,16
2020-02-10,14.094709603220242,19.68706152961472,8.551926394479587,8.089787525702533,2.6876511775938887,8.287587523870146,0.003021148036253776,69.3095684803002,995.7361475922451,991.4577861163228,15
2020-02-11,13.609775733179987,18.93588269120184,8.292294422081655,5.949511213340999,1.9833863781031187,6.623169955442392,0.10382089552238805,73.62414008755471,992.6901188242649,987.8349593495934,16
2020-02-12,12.578838412880966,15.822196664749855,9.328177113283497,2.32075905692927,1.8080840229153405,5.95697008274984,0.04411214953271028,79.89368355222012,989.7889305816134,986.3719824890557,16
2020-02-13,13.697297297297297,18.523979298447387,8.827717078780909,5.472685451408855,2.036218968809675,7.88682367918523,0.026287744227353468,70.55722326454033,989.3537836147591,985.3820512820511,16
2020-02-14,12.790971822886718,18.673950546290975,6.905577918343875,7.219896492236918,1.5866327180140036,6.423297262889879,0.0,69.9543464665416,990.5961851156973,987.4137585991243,16
2020-02-15,12.754629097182288,19.54928119608971,5.9684876365727435,7.877285796434733,1.656015276893698,6.597262889879056,0.0,71.45465916197624,991.1749218261413,987.6692307692309,16
2020-02-16,13.747441058079357,20.311155836687753,7.180103507763082,7.791374353076481,2.1750477402928072,8.063702720637025,0.288671650373778,70.92307692307692,991.5433395872419,988.1260162601627,16
2020-02-17,13.464232317423805,19.516101207590566,7.436860264519839,5.3572167912593445,2.0885423297262893,8.894016549968175,0.27505140507196707,73.3652282676673,994.322951844903,988.7190118824263,16
2020-02-18,12.0149511213341,15.972110408280619,8.0551466359977,5.868200115008626,2.1817313812858057,7.924506683640992,0.44787419918462434,72.895559724828,995.331019387117,992.6809881175735,16
2020-02-19,11.385738930419782,17.13122484186314,5.665554916618746,8.01293847038528,1.9730744748567788,6.275111394016549,0.01046578493387004,69.2914321450907,995.7983114446529,990.8259537210756,16
2020-02-20,11.51891891891892,18.551753881541117,4.466359976998275,9.566014951121335,2.3073838319541693,6.808338637810311,0.0,64.6178861788618,991.4801125703566,986.6712320200123,16
2020-02-21,11.855434157561817,19.125014376078205,4.554169062679701,9.398562392179414,2.409611712285169,7.361553150859323,0.007542722451384797,63.28705440900562,994.0190744215132,990.1155722326454,16
2020-02-22,12.615928694652098,20.869120184013802,4.372857964347327,9.826797009775731,2.461553150859325,7.246976448122213,0.0,59.19262038774234,996.8299562226391,993.0139462163852,16
2020-02-23,13.145715928694653,21.495399654974122,4.809315698677401,9.77458309373203,2.7501591343093565,7.860980267345639,0.0,53.84302689180738,997.2073796122578,993.1018761726078,16
2020-02-24,13.49683726279471,22.280793559516965,4.681426106958022,9.611213341000575,1.823360916613622,7.319923615531508,0.041671641791044774,52.2876797998749,994.189305816135,986.219512195122,16
2020-02-25,13.50914318573893,19.73341000575043,7.261299597469811,6.356124209315698,3.3341183959261613,10.369637173774665,0.4368382886149384,59.052532833020635,987.1569105691055,982.5494058786743,16
2020-02-26,12.592926969522715,18.289131684876367,6.899137435307647,8.82409430707303,3.310184595798854,10.27644812221515,0.4815986198964922,57.30018761726079,986.7297686053785,982.8562851782364,16
2020-02-27,12.65894192064405,19.73835537665325,5.530419781483611,8.984933870040253,3.0066836409929976,10.740865690642902,0.31825581395348834,55.93245778611633,987.2721075672296,983.0730456535335,16
2020-02-28,13.60046003450259,20.65330649798735,6.532489936745256,8.59235192639448,2.6544875875238696,8.870846594525782,0.0,59.90931832395246,987.3037523452156,980.5136335209505,16
2020-02-29,13.685681426106958,19.04404830362277,8.314318573893042,4.539045428407131,5.0428389560789295,13.624506683640993,0.30427872860635685,63.51782363977486,982.3327704815509,976.7942464040024,16
2020-03-01,14.716388729154685,18.758251868890166,10.694537090281772,4.174928119608971,4.843220878421388,14.143793761935072,3.4479010925819438,63.9255784865541,980.4161350844278,973.5984990619136,16
2020-03-02,13.461702127659574,18.331627372052907,8.609833237492811,6.630017251293847,7.369000636537237,21.491279439847226,1.7373202990224266,58.98373983739837,982.8320825515947,967.4381488430267,16
2020-03-03,12.003795284646348,17.60782058654399,6.4010925819436455,5.747153536515238,5.211139401654996,16.758497772119668,0.5305816135084428,68.48968105065666,984.4573483427141,978.3948092557847,16
2020-03-04,15.089131684876365,20.585911443358253,9.581023576768258,6.885393904542839,3.314322087842138,10.7475493316359,0.32247104247104247,64.06253908692932,985.5706066291434,981.3147592245153,16
2020-03-05,13.721161587119033,19.17527314548591,8.260839562967222,6.504455106237147,5.7265436028007635,15.663844684914066,1.1598114319387154,64.15384615384616,982.7779862414006,975.1711694809255,15
2020-03-06,11.35399654974123,16.10885566417481,6.59401955146636,7.2735435229609315,5.0791852323360915,15.011075747931251,1.699884991374353,54.62976860537835,986.7539712320199,979.1810506566605,15
2020-03-07,11.63737780333525,18.0428982173663,5.243473260494537,8.481138585393904,2.9523233609166133,10.121387651177594,0.14912808177991582,52.42964352720449,990.0964352720451,985.475297060663,16
2020-03-08,12.4232892466935,20.400690051753884,4.428177113283496,8.531109833237494,2.157288351368555,8.781795035009546,0.2291546866014951,55.37711069418386,990.0923702313947,986.239774859287,16
2020-03-09,14.218516388729157,20.51081081081081,7.919838987924095,8.769867740080507,2.913940165499681,10.323042647994907,0.13814793244030288,53.9537210756723,990.2293308317697,986.0674796747967,16
2020-03-10,14.698447383553766,22.38470385278896,7.001955146635997,8.434962622196664,2.4912157861234876,8.005983450031826,0.0,51.79737335834897,990.6219512195122,987.4845528455285,16
2020-03-11,17.034790109258193,26.448706152961474,7.633294997124785,9.700920069005175,2.1731381285805216,6.780585614258434,0.0,53.91619762351469,988.8622263914947,984.562789243277,16
2020-03-12,16.528579643473257,23.895744680851067,9.156469235192638,8.610810810810811,2.270337364735837,7.6499681731381255,0.16930232558139535,59.53158223889931,986.4075046904314,981.6331457160724,16
2020-03-13,14.703737780333523,19.72196664749856,9.690626797009775,5.910925819436457,2.296244430299172,9.132081476766393,0.003343283582089552,69.89118198874296,984.8287679799873,981.9263914946841,16
2020-03-14,14.566417481311099,20.542783208740655,8.599942495687177,7.6918343875790685,1.7462126034373007,7.102609802673455,0.07360552041403105,68.61288305190743,985.6540963101937,981.8196998123827,16
2020-03-15,14.316963772282921,20.167510063254745,8.4953421506613,6.939102932719954,2.4854232972628894,10.490260980267346,4.374181117533719,69.30581613508441,983.1043777360851,976.9412132582864,16
2020-03-16,10.60080506037953,13.991259344450834,7.209603220241518,3.057619321449109,3.4027371101209423,12.334118395926161,10.882806210465784,74.104440275172,984.5954971857409,976.9615384615382,16
2020-03-17,12.12119328775637,16.242510876320697,7.97482908638906,2.8806210465784936,3.6436028007638446,11.8466581795035,1.705412907702984,75.05253283302063,989.8943714821763,984.0480300187618,16
2020-03-18,14.533996270975761,19.159726538222497,9.957737725295212,5.0788959171937895,3.973583704646721,10.39147040101846,0.16112708453133986,68.89368355222014,989.3710444027519,985.6763602251409,16
2020-03-19,13.982863714778608,18.694939620471537,9.25014376078206,5.660897067280046,3.4762571610439212,9.927689369828137,0.22899444787168413,68.99124452782988,986.6756097560976,981.1567854909317,16
2020-03-20,13.3644623346751,17.228119608970673,9.513398504887867,4.160257159555814,2.3982813494589434,11.702546148949711,5.188269120184014,70.66479049405878,982.056472795497,978.6961225766103,15
2020-03-21,11.10149511213341,14.812535940195515,7.404370327774582,3.6225014611338398,2.328580521960534,10.227243793761934,6.510496543054682,77.68918073796124,979.6669793621012,974.973483427142,15
2020-03-22,11.464749856239218,15.172570442783208,7.767452558941921,3.5976037405026298,2.0901973265436027,7.427943984723105,5.338597525044195,81.64040025015635,979.1010006253908,975.2026266416508,15
2020-03-23,12.600115008625647,16.415698677400805,8.817653824036803,3.208649912331969,2.8173138128580524,10.139719923615532,13.450755287009061,80.34709193245779,981.0106941838648,977.445090681676,15
2020-03-24,12.680320213475651,16.768579052701806,8.559506337558373,4.005610753945061,3.701527689369828,11.2430935709739,3.3087981598619893,69.95217071376013,981.5025015634772,978.068855534709,15
2020-03-25,11.79212808539026,16.418012008005338,7.180587058038692,5.693103448275862,2.69102482495226,8.08790579248886,0.8607245543415756,64.20971302428256,981.779612257661,977.4676672920574,15
2020-03-26,11.613738892686262,17.269309637730682,6.001093643198907,7.443015780245471,3.56957654723127,10.952573289902281,0.7160655737704918,59.17157974300832,978.5727447216891,973.346641074856,15
2020-03-27,9.330220146764509,14.584923282188127,4.092194796531022,6.129095853161114,2.9889879057924884,8.467409293443666,3.2386428982173667,64.94922737306844,979.789305816135,975.1705440900563,14
2020-03-28,11.55803869246164,17.862508338892592,5.2447631754502995,9.02407948568089,2.234691279439847,7.300509229789942,0.014721104082806212,57.83075791022811,983.56272670419,979.4684803001877,15
2020-03-29,12.402334889926616,19.395196797865243,5.394262841894598,9.227235534774984,2.3766390833863777,8.461489497135581,0.3620543806646525,61.71964679911701,983.6252032520324,979.0934959349593,15
2020-03-30,9.720547031354236,13.328152101400933,6.108539026017345,1.5289598912304552,2.5962444302991727,10.320435762584522,7.831972397929845,76.71817512877116,980.3667292057536,974.3961851156972,14
2020-03-31,10.666844563042028,14.500867244829887,6.797198132088059,3.0058445353594387,3.2141947803946533,9.70681094844048,4.544263249854398,83.55040470934512,977.1848030018763,972.0433395872419,15
2020-04-01,11.646430953969313,15.147965310206803,8.145030020013342,4.849386323787257,2.466581795035009,9.600063653723742,6.6924344112263565,76.16114790286977,978.2627267041901,975.1949343339588,15
2020-04-02,11.58705803869246,15.975450300200132,7.184589726484322,5.7343658679135014,2.4910884786760024,8.962444302991722,1.2937696664568912,72.30316409124357,980.116760475297,975.1333333333332,15
2020-04-03,12.057905270180122,18.363909272848566,5.750967311541028,10.106019871420221,2.4736473583704646,8.085614258434118,0.0,64.55114054451802,982.6775484677922,978.2509693558475,15
2020-04-04,13.172515010006672,19.822081387591734,6.495130086724483,8.81823495032145,3.3035009548058563,10.211457670273711,0.008297742525930445,56.96394407652686,982.2737961225766,978.6906191369608,15
2020-04-05,14.791727818545699,20.862841894596396,8.667645096731155,8.621683226183519,3.245894334818587,9.954423933800125,0.7298256163559831,60.209713024282564,983.9241400875547,980.4205128205128,15
2020-04-06,14.70807204803202,18.824216144096066,10.587058038692463,4.9341905318527175,2.3159770846594525,7.538383195416931,1.7489936745255894,78.65562913907284,988.1616635397123,983.2923702313946,15
2020-04-07,15.59595818815331,20.021463414634148,11.17094076655052,6.101402688486265,1.7900063653723743,6.600530856005308,0.7889919604205318,74.1420161883738,989.2419637273296,986.7928080050033,15
2020-04-08,15.922948632421615,21.548098732488327,10.349299533022016,9.38205727644652,2.371228516868237,6.913558243157224,0.0,66.88815305371597,988.8603502188868,984.5284552845528,15
2020-04-09,15.293662441627752,19.57751834556371,10.98272181454303,3.0045422781271833,2.217313812858052,7.601654996817313,3.4918208955223884,70.48344370860926,986.2989368355221,982.9312070043777,14
2020-04-10,15.812608405603733,20.432955303535692,11.181587725150099,5.859088252483926,2.0692552514322085,6.850413749204327,1.5343023255813955,71.97866077998529,986.6592245153217,983.8966854283927,15
2020-04-11,15.897731821214144,20.81827885256838,10.964242828552369,6.626008182349503,2.6433481858688728,8.368300445576065,1.4204140310523288,66.69683590875644,986.1789243277047,982.7491557223267,15
2020-04-12,15.487591727818545,20.805870580386927,10.155303535690459,7.8338398597311505,2.759070655633354,9.620241884150222,2.4925401929260453,59.98160412067697,984.425641025641,976.1203877423388,15
2020-04-13,14.574449633088726,18.674182788525684,10.460840560373581,4.853302162478083,2.9200509229789935,8.971228516868235,3.5143375680580764,73.07064017660045,976.824452782989,972.0030644152596,15
2020-04-14,15.333488992661772,20.333088725817213,10.323615743829219,5.911922852133254,2.7648631444939533,9.812985359643541,5.401035077630822,71.35025754231054,978.568042526579,974.7280175109444,15
2020-04-15,14.985857238158774,19.288458972648435,10.638625750500331,4.443424897720631,3.7803946530872055,12.105219605346916,8.563023255813953,74.18248712288447,982.0144465290805,976.2949968730456,15
2020-04-16,16.248393711551604,20.64326725905674,11.860697197539304,4.863120981881941,3.5506683640992995,11.369828134945895,1.1791744840525324,71.005291005291,982.0958098811756,978.4285803627266,15
2020-04-17,16.61320880587058,20.947164776517678,12.285723815877251,5.149503214494448,2.6751750477402925,9.240802036919158,1.599242865463017,70.10743193524651,981.6424015009381,978.5253908692931,15
2020-04-18,16.55703802535023,21.652101400933955,11.42868579052702,6.178550555230858,2.3503500954805854,8.588669637173775,5.001552616446234,71.0478292862399,980.8631644777987,976.3544715447154,15
2020-04-19,16.091260840560373,19.45883922615077,12.749432955303535,3.5542265669925244,3.0365372374283885,9.243921069382557,8.525256797583081,75.43119941133186,978.0245778611632,973.2006879299563,16
2020-04-20,15.178919279519677,19.555570380253503,10.850833889259507,5.525819436457734,4.074984086569064,12.485486950986633,5.503880597014924,76.76674025018397,976.0060662914321,971.9147592245151,16
2020-04-21,13.725683789192797,17.25230153435624,10.245496997998664,3.3845888441633125,2.990897517504774,8.888542329726288,4.389886295631358,79.4694628403238,976.5096310193869,971.4731081926204,16
2020-04-22,15.0895263509006,19.46017344896598,10.737491661107404,5.8267679719462295,2.5562062380649264,8.073901973265436,0.2677966101694915,70.59455481972037,983.027454659162,975.955534709193,15
2020-04-23,16.422148098732485,21.77104736490994,11.088258839226151,7.5574793125397814,2.3639083386378097,7.110693825588797,0.8741993957703926,66.38778513612951,983.3153220762977,979.7976860537835,14
2020-04-24,17.523415610406936,22.733889259506338,12.311941294196131,8.565873555404485,2.5711648631444937,9.007256524506683,1.109860859044162,59.580573951434886,981.0232020012506,975.3370231394621,14
2020-04-25,16.267845230153434,20.48398932621748,12.031287525016676,5.029222676797194,3.2332272437937624,9.020496499045192,0.6446511627906976,69.53200883002208,978.0232020012508,973.5375859912446,15
2020-04-26,16.29472981987992,21.045096731154104,11.581054036024016,4.835200509229788,2.444748567791216,9.196880967536602,1.8904209884075658,67.69610007358352,978.4087554721701,975.5046904315199,14
2020-04-27,15.13569046030687,19.18519012675117,11.090527018012008,4.851373465809467,2.303755569700827,11.92068746021642,6.606463642013673,74.50625459896983,979.0954971857412,975.72301438399,15
2020-04-28,15.15650433622415,20.020747164776516,10.247498332221483,8.33062536528346,3.496117122851686,10.658879694462126,0.28531722054380665,63.64017660044151,982.4650406504065,977.9979987492181,15
2020-04-29,15.212541694462976,21.501534356237485,8.934489659773181,10.895149035651665,3.9216422660725656,12.121196690006364,0.08456610366919046,59.31420161883739,983.7789243277049,980.5394621638524,15
2020-04-30,16.8819212808539,21.82294863242161,11.920346897931957,7.645528930450029,4.363144493952896,12.417886696371736,0.07145421903052063,60.84841795437823,983.7215759849905,980.2383364602875,15
2020-05-01,18.64142761841228,24.334222815210136,12.933422281521015,9.918702513150203,4.077530235518777,11.263908338637808,0.24301322599194938,63.05003679175865,985.2257035647278,981.5065040650408,15
2020-05-02,20.72901934623082,27.949766511007336,13.529753168779184,12.057568673290474,2.640710156895128,9.703303055326174,0.0,57.598233995585,985.5843652282675,981.6713570981863,15
2020-05-03,21.024749833222153,29.117411607738493,12.955570380253501,12.439918176504966,2.589182493806771,8.25161023947151,0.0,52.74540103016926,983.5903689806129,978.6794246404002,15
2020-05-04,21.25983989326217,28.13842561707805,14.457038025350233,10.00870835768556,3.8175684277530233,12.932399745385105,0.049634065202927485,53.24282560706403,981.3766729205753,975.5527204502814,15
2020-05-05,19.665243495663777,25.684456304202797,13.590126751167446,9.64178842781999,2.370401018459579,8.638192234245702,0.0,53.812362030905085,981.6214509068166,978.500687929956,15
2020-05-06,19.248832555036692,26.471581054036022,12.017478318879252,11.42717708942139,2.3825588796944617,7.733099936346275,0.0,51.596762325239155,983.5876797998748,979.5415259537209,15
2020-05-07,20.69546364242829,27.351501000667113,14.055570380253503,8.259322033898306,3.0455760661998728,10.060852959898156,0.24877750611246943,52.49595290654895,982.3285178236396,978.9809881175736,15
2020-05-08,19.978519012675118,26.06484322881921,13.904402935290193,10.633839859731152,3.411521323997454,10.61126670910248,1.1142686567164177,54.99043414275203,981.8090056285179,977.7243277048153,15
2020-05-09,17.894396264176113,22.757571714476317,13.059639759839891,7.4221507890122735,3.2429026098026736,10.316359007001907,3.860667050028752,68.56291390728478,979.6571607254533,973.9978736710445,15
2020-05-10,16.583589059372915,20.359172781854568,12.773315543695796,6.159462686567165,4.5364735837046455,13.303819223424572,4.757885196374622,72.44812362030905,975.1073796122575,970.9408380237647,14
2020-05-11,17.33809206137425,21.891594396264175,12.775650433622415,7.889313432835822,5.012157861234882,14.049904519414385,1.7112799532437168,65.35467255334804,976.6288305190744,972.1045653533457,14
2020-05-12,15.143428952635091,18.822281521014006,11.424349566377584,3.7436002337814145,3.1340547422024185,10.435837046467219,7.769695227142036,78.13980868285503,976.7332707942462,971.847779862414,15
2020-05-13,15.969713142094733,20.794729819879922,11.175450300200133,7.024254821741671,3.345894334818586,10.06435391470401,5.745289855072463,69.7402501839588,973.1498436522827,969.2711694809256,15
2020-05-14,14.004202801867914,17.028352234823213,10.976984656437624,1.6475745178258325,3.092616168045831,10.5560152768937,9.249143248800548,85.81456953642385,975.1253283302065,969.5440900562851,15
2020-05-15,15.20533689126084,19.99793195463642,10.399132755170113,4.975164179104478,2.9933163590070015,9.444748567791216,2.6591666666666667,73.79617365710081,980.9220137585991,974.8176985616009,14
2020-05-16,16.62268178785857,21.508272181454302,11.766244162775184,5.787025131502046,3.203119032463399,11.826798217695734,3.150871872630781,70.71523178807949,984.9954346466538,979.8979362101313,15
2020-05-17,17.354236157438294,23.0508338892595,11.652101400933955,9.174751607247222,2.1873965626989174,8.314258434118393,0.05113091158327621,60.79690949227374,987.1581613508441,984.1368980612883,15
2020-05-18,18.835890593729154,26.307404936624415,11.349499666444299,12.138398597311514,2.4283895607893062,8.168373245251857,0.0,52.36644591611479,987.399937460913,983.9100062539087,15
2020-05-19,20.362908605737157,28.13168779186124,12.588192128085389,13.1835223880597,2.5983450031826862,7.561616804583068,0.0,49.04194260485651,985.3939337085678,980.7033771106942,14
2020-05-20,21.62761841227485,29.692194796531027,13.594596397598398,13.203392754456583,2.2074474856779123,8.416040738383197,0.0,45.57983811626197,983.4370856785492,979.6452157598499,16
2020-05-21,22.525016677785192,30.328018679119413,14.728752501667781,13.037952846463485,2.5443029917250155,8.011075747931253,0.0,46.84988962472407,986.2836772983114,982.5390869293308,16
2020-05-22,23.375983989326215,31.188258839226155,15.57098065376918,12.820069005175387,2.39439847231063,8.518905155951622,0.11615871190339276,46.41059602649007,988.9671044402752,985.3927454659162,16
2020-05-23,23.151834556370915,30.478185456971314,15.818078719146097,11.785911443358252,3.094302229562344,9.409496284062756,0.08745716244002742,47.04856512141281,991.1869293308317,986.8659787367102,16
2020-05-24,23.16540837336994,29.524502402196294,16.819766643788604,9.165201685731487,2.5485885372112906,8.582378100940973,0.03496262219666475,47.60364464692483,990.0398843930634,986.6401412973667,14
2020-05-25,23.22228152101401,29.47351567711808,16.92948632421615,9.461874640598044,2.1949628406275807,8.587778695293144,0.3944678292242934,51.87049300956586,989.6154471544716,986.159412132583,16
2020-05-26,22.181454302868577,28.724282855236826,15.62775183455637,11.415526164462335,3.4862678450033986,10.041820496499044,0.06762507188039103,47.39955849889625,989.3306441525953,986.1856785490932,16
2020-05-27,22.63569046030687,29.293195463642427,15.917611741160776,13.066244968372628,4.208211330362825,11.205410566518141,0.02484186313973548,44.63723325974983,988.7878048780487,985.8614759224515,16
2020-05-28,22.875783855903936,29.279986657771847,16.43148765843896,12.648854961832058,3.5893698281349455,10.50674729471674,0.0,40.906548933039005,988.1335209505941,982.562789243277,15
2020-05-29,22.646564376250836,29.72988659106071,15.505803869246163,12.583956296722254,2.6054742202418835,9.247167409293443,0.0,47.755702722590144,983.7661663539712,976.9157598499062,16
2020-05-30,22.838158772515005,29.687258172114745,15.964843228819214,11.459401955146635,2.840611075747931,9.759516231699553,0.005279698302954116,48.12362030905077,979.9708567854909,975.7764227642275,16
2020-05-31,21.811607738492327,27.303202134756503,16.32408272181454,8.118918918918919,2.462444302991725,10.008338637810311,1.0538572458543622,52.27814569536424,979.6914321450905,975.3741088180113,16
2020-06-01,21.26330887258172,27.033689126084056,15.455436957971981,9.429066353493836,2.4547422024188412,8.668682367918523,0.0,58.97498160412068,981.1091932457786,977.8213258286428,15
2020-06-02,21.6844563042028,27.372114743162108,16.00753835890594,9.329787234042554,2.753723742838956,11.625716104392106,0.02428174235403151,58.42752023546727,981.2210131332083,977.5559099437148,16
2020-06-03,22.532145305003425,29.04509938313913,16.05503769705278,10.656614119259766,3.9378001549186674,12.340975987606505,3.595681973954764,53.891584533737685,978.2470811220621,971.5376042456405,15
2020-06-04,20.435229609321453,25.14907470870459,15.674160383824535,5.532488005483208,4.803408210689388,12.752827265685514,3.661754626456478,62.984836997725544,977.0341167551176,971.1937073540562,15
2020-06-05,21.265455791638104,27.941192597669634,14.608361891706647,11.913690896259702,3.6629744384198295,11.564291247095275,0.7873554356206632,49.1614859742229,978.4312357846853,975.6426838514024,14
2020-06-06,22.121932830705966,28.689787525702535,15.574366004112404,10.006991089787524,4.021378776142524,11.18210689388071,0.6626523297491039,50.404094010614095,977.9184230477633,971.757619408643,15
2020-06-07,20.656477039067855,25.882111034955447,15.415147361206303,9.008222066057625,4.277691711851277,12.878156467854375,1.5502633559066967,60.5890826383624,978.5736163760423,973.4521607278242,14
2020-06-08,18.450308430431804,23.742220699108973,13.220424948594928,8.61754626456477,3.6662277304415176,11.838264910921765,4.277518848526388,56.839272175890834,981.8273692191053,977.8493555724034,15
2020-06-09,19.004660726525017,25.291706648389304,12.710829335161067,11.066831333803808,3.2811773818745156,9.94492641363284,0.009458533241946539,49.24488248673237,982.8508718726309,980.1019711902957,14
2020-06-10,19.45186889016676,26.178320874065555,12.716848763657275,9.49884991374353,3.178388845855925,9.598915569326104,0.007165504121750158,53.733583489681045,982.5903064415259,977.7717948717949,16
2020-06-11,20.061759631972397,25.71776883266245,14.387809085681425,8.130053034767238,5.258404337722695,15.128505034856698,3.098754098360655,56.879924953095696,978.7270168855534,970.3869918699186,15
2020-06-12,19.388039102932723,24.210523289246694,14.537837837837838,9.02869770182675,5.358326878388846,13.564601084430674,0.7075905692926969,49.02626641651031,976.4844903064414,970.5031269543464,15
2020-06-13,19.23691776883266,25.766302472685453,12.711730879815986,11.68199879590608,3.495894655305964,10.46599535243997,0.07485029940119761,47.061913696060046,983.0359599749843,976.2878674171357,14
2020-06-14,20.33110983323749,26.77245543415756,13.892984473835536,10.767165037377804,3.6122385747482566,10.754918667699457,0.0076784643071385736,46.13758599124453,985.4860537836148,982.0045653533459,16
2020-06-15,21.13872371283539,27.944234952864395,14.35467730239304,9.206423099587509,3.7543501611170784,10.292910848549946,0.7404936624416277,51.54479418886197,976.8326876513316,973.8066989507666,15
2020-06-16,20.88934010152284,26.213560551124,15.589122552574329,6.830456852791877,3.8093447905477977,12.91922663802363,2.7267348429510596,62.58918482647295,975.5171105730425,971.509685230024,15
2020-06-17,19.95750543872371,25.461711385061633,14.48861493836113,9.015010877447427,2.756498388829216,9.601503759398495,1.185790527018012,58.15092816787731,973.4157384987891,969.5593220338981,15
2020-06-18,20.45917331399565,25.61841914430747,15.271501087744744,9.943428132205995,3.1213748657357683,10.654135338345865,0.6370731707317073,59.599677158999185,972.7182405165454,968.9752219531878,13
2020-06-19,21.571428571428573,26.89680928208847,16.25373459028281,10.076794778825237,2.7531686358754026,8.923845327604727,0.0,54.93623890234058,976.6390637610975,972.3285714285713,15
2020-06-20,22.293183466279913,29.117693981145752,15.437490935460477,12.380348078317619,3.160794844253491,9.387110633727174,0.0,51.85794995964486,977.7286521388214,974.9061339790151,15
2020-06-21,23.24858593183467,30.23205221174764,16.286511965192165,12.701377810007251,2.625349087003223,8.55810955961332,0.0,50.38821630347052,979.0947538337368,975.5946731234865,15
2020-06-22,24.337563451776642,31.080783176214645,17.58419144307469,12.967222625090645,2.741522491349481,8.233794694348328,0.0,50.139628732849054,980.0413617021278,974.6541276595746,15
2020-06-23,25.915526164462335,33.492294422081656,18.300805060379528,12.736548223350251,3.049087003222342,9.197744360902258,0.08058705803869246,43.243902439024396,975.0343018563356,970.186521388216,15
2020-06-24,25.625301897642323,31.37360552041403,19.901092581943644,8.608846990572879,3.46906552094522,11.547368421052633,0.34313055365686945,49.14509068167605,973.4330104923324,970.7795803066987,15
2020-06-25,24.990914318573893,30.843530764807362,19.123461759631972,10.902538071065988,3.3935553168635875,10.708378088077335,0.7589059372915278,51.18449030644152,972.9764326069409,969.3767554479416,15
2020-06-26,24.203680276020698,30.024151811385853,18.384588844163314,10.804205946337927,3.392266380236305,10.292910848549946,0.06364251861882195,50.646028767979985,972.2734463276834,968.847619047619,15
2020-06-27,24.556354226566995,31.83956296722254,17.278205865439908,12.520812182741116,3.0691729323308268,9.3031149301826,0.0,49.679174484052524,973.5580306698948,970.2980629539951,15
2020-06-28,25.745155607751027,32.72519083969466,18.78631826189078,11.772951414068164,3.125993555316864,9.174860335195529,0.12194796531020681,49.474671669793615,974.5926553672313,971.6577078288941,15
2020-06-29,26.043703277745834,32.76883266244968,19.345600920069003,11.306656694091249,3.416970998925886,9.835338345864663,0.05403602401601067,51.64727954971857,973.9759483454396,970.2891848264729,14
2020-06-30,26.444968372627947,32.77349051178838,20.10494537090282,10.723132704858594,3.320945220193341,10.219119226638025,0.040562546262028126,51.53846153846153,971.7025827280063,967.127280064568,15
2020-07-01,26.93335250143761,33.8634847613571,19.98516388729155,11.637781000725163,4.058861439312567,11.224274973147153,0.14297297297297296,49.026266416510325,970.5177562550442,966.8569007263919,15
2020-07-02,25.298907418056356,31.67774583093732,18.87607820586544,10.938288614938358,4.282599355531687,11.433297529538132,1.2792528352234822,51.37648530331457,973.9029055690071,969.4522195318804,15
2020-07-03,24.137147786083958,30.383783783783784,17.857734330074756,10.811820159535891,3.4224489795918367,9.43404940923738,0.037358238825883926,47.02126328955597,976.774899112187,973.3711864406779,15
2020-07-04,25.010235767682577,32.364059804485336,17.660839562967222,12.408121827411165,3.2937701396348014,8.802685284640171,0.0,43.210131332082554,977.9993543179979,975.0092009685228,15
2020-07-05,26.437262794709603,34.44013801035078,18.43985048878666,13.320493642483171,3.269817400644469,9.434264232008594,0.05496997998665777,41.24765478424014,977.4288135593218,972.9418079096044,14
2020-07-06,26.999194939620473,34.87389304197815,19.11713628522139,12.121899927483684,3.0176154672395272,8.60794844253491,0.006770480704129993,41.61788617886178,974.6102502017753,971.0954802259886,15
2020-07-07,27.473030477285796,35.122484186313976,19.826624496837262,12.56047860768673,3.9184747583243826,10.209237379162193,0.0132387706855792,40.98950766747377,973.6615012106535,970.1457627118642,15
2020-07-08,27.00667050028752,33.44784358826912,20.572225416906267,9.46474985623922,3.9160042964554247,12.182599355531686,2.524867724867725,43.3552220137586,982.1959349593494,978.1135084427768,16
2020-07-09,26.10891316848764,32.400517538815414,19.823346751006326,9.768060315284442,3.1538131041890445,11.889581095596133,1.352912223133716,50.051282051282044,982.8048155096935,979.1182614133833,15
2020-07-10,25.38470385278896,32.07705577918344,18.725014376078207,10.525991949396206,3.2978357733927433,9.916845582163498,0.04776517678452301,52.0100062539087,981.6972482801751,978.2632270168855,16
2020-07-11,26.55100632547441,33.65112133410006,19.423346751006324,11.574180563542265,3.2126670910248247,11.019859961807764,0.7310445580715852,47.26641651031895,981.8408380237651,978.6000625390868,16
2020-07-12,26.599654974123055,32.599252443933295,20.55365152386429,8.2943645773433,3.3430299172501585,11.952259707192871,0.9758948137326517,54.229518449030635,983.8509693558474,979.7111944965602,16
2020-07-13,26.30862564692352,32.66026451983899,19.964922369177685,11.577158395649217,3.0676639083386372,10.72329726288988,6.687714481811941,53.850531582238894,984.3108818011257,980.8159474671669,14
2020-07-14,25.24169062679701,31.32012650948821,19.171880391029326,9.359731151373465,3.2517504774029278,11.222215149586253,0.6288501742160278,48.34459036898061,982.8207004377734,977.7236397748591,15
2020-07-15,24.87372052903968,31.860207015526168,17.908913168487636,11.452997779422649,3.2052196053469117,9.457097390197326,0.013342228152101402,47.270168855534706,982.5063164477799,979.2905565978735,14
2020-07-16,25.958884416331223,32.38798159861989,19.526682001150085,11.965951147298297,3.039223781998348,9.130883567299751,0.0,43.65165728580362,983.3164477798625,980.1425891181988,14
2020-07-17,26.467050028752155,32.977630822311674,19.978780908568144,11.646990064289888,3.2542329726288983,9.25086705202312,0.0,42.662914321450906,981.9962476547842,978.4907442151346,15
2020-07-18,26.994307073030477,33.804600345025875,20.195284646348476,12.876621858562242,3.235518777848504,9.639274347549332,0.0,43.38774233896185,981.5642901813633,977.879612257661,15
2020-07-19,27.39114433582519,34.898792409430705,19.888326624496838,12.594966691339748,3.496817313812857,9.952832590706556,0.0,42.55409631019387,981.0582238899312,977.7237648530332,14
2020-07-20,27.315468660149513,34.50598044853364,20.11673375503163,9.353444525018128,2.919605346912794,9.826670910248248,0.2161440960640427,43.62539086929332,981.816572858036,978.1181988742964,15
2020-07-21,26.412075905692927,32.22127659574468,20.635250143760782,9.766474985623923,3.6582431572246974,11.83386378103119,0.8780557541100786,51.08067542213884,983.5903064415261,979.9477173233269,16
2020-07-22,26.325359401955147,32.397182288671644,20.245945945945945,9.94801610120759,3.0110757479312533,9.595735200509228,0.02801867911941294,49.37523452157599,984.281238273921,980.8731707317072,16
2020-07-23,27.196597731821214,34.38072048032021,19.99939959973315,11.893064091308165,3.1108189331329834,9.477761081893313,0.448298865910607,44.459161147902876,978.2997056659308,974.3300220750554,14
2020-07-24,27.416043703277744,33.94933870040253,20.8720529039678,11.992168237853516,3.1518141311266703,9.506110757479313,0.08040201005025126,42.44777986241401,980.6254534083803,977.5900562851781,15
2020-07-25,27.311730879815986,34.38688901667625,20.204370327774583,12.436170212765958,3.0811584977721194,8.661298535964354,0.0,41.9537210756723,980.6156973108191,976.9112570356473,16
2020-07-26,27.922599194939618,35.26768257619321,20.58090856814261,12.495802185163889,2.938192234245703,9.130362826225335,0.0,42.6998123827392,981.2509693558476,977.5933708567853,16
2020-07-27,28.816848763657276,35.723461759631974,21.9056354226567,11.54350978970268,3.5124761298535963,10.009484404837682,0.06057371581054036,44.13258286429018,982.035272045028,978.2926829268295,15
2020-07-28,27.607705577918345,34.380908568142615,20.81443358251869,10.997026831036985,3.143348185868873,9.648504137492043,0.114209472981988,46.53033145716072,981.4058161350844,978.4160725453407,15
2020-07-29,27.80103507763082,34.46618746405981,21.08792409430707,11.214088556641748,3.0591343093570966,9.057161043921067,0.02735156771180787,48.97248280175109,981.1993120700437,977.5642276422765,16
2020-07-30,29.19206440483036,36.38855664174813,22.007878090856813,11.562909718228866,3.872246976448122,11.641374920432845,0.4451543431442929,43.594746716697934,980.9585991244527,977.1697936210131,16
2020-07-31,28.633007475560667,36.244278320874066,21.00678550891317,11.91609862218999,2.6449395289624444,8.544557606619986,0.011874583055370248,41.96873045653534,982.0864290181364,978.7269543464665,15
2020-08-01,29.202587694077053,36.948993674525596,21.466877515813685,10.306374228923922,3.521323997453851,10.220496499045192,0.3104736490993996,43.919324577861154,982.7427767354596,979.1897435897434,15
2020-08-02,27.149281196089703,33.72898217366303,20.60281771132835,11.152501437607821,3.5669637173774658,10.342457033736476,0.12674897119341563,44.420262664165094,982.1763602251407,978.4291432145092,16
2020-08-03,25.67061529614721,31.245715928694654,20.12374928119609,10.559205143191113,3.3021005728835133,9.569955442393379,1.9723815877251498,47.868667917448406,980.8487179487179,977.2474671669792,15
2020-08-04,25.735537665324898,31.71213341000575,19.7027027027027,11.604402515723269,3.2183322724379377,8.63163590070019,0.05338983050847458,51.59412132582864,980.3679174484054,976.9968105065665,14
2020-08-05,27.232317423806784,34.41627372052904,20.07032777458309,12.319985196150999,2.6278803309993632,8.811712285168682,0.0,41.76985616010007,979.4252032520325,975.6928080050031,14
2020-08-06,28.57061529614721,35.864002300172515,21.295514663599768,12.363120981881938,2.931063017186505,9.05206874602164,0.0,41.02876797998749,981.5674796747968,977.5357723577235,15
2020-08-07,28.471305347901094,35.3122484186314,21.628637147786083,11.604383401519577,3.180458306810948,10.016677275620625,0.6836112708453134,41.6347717323327,984.145153220763,980.1536585365852,15
2020-08-08,28.57728579643473,35.509545715928695,21.620989074180564,10.522311673375505,3.3234245703373646,10.73564608529599,0.21960897067280044,43.47467166979362,984.8163227016885,980.5255159474673,16
2020-08-09,28.39286946520989,35.59723979298447,21.21707878090857,10.125525743292238,3.2484404837683005,10.607829408020368,0.32923076923076927,42.22576610381489,982.1329580988117,977.5238899312068,15
2020-08-10,27.092639447958597,33.088441633122486,21.104427832087406,7.650201265094882,3.515467854869509,10.001273074474854,0.37239488117001823,49.22013758599124,979.4091932457785,975.9616635397123,16
2020-08-11,25.79815986198965,31.38522139160437,20.170385278895917,6.055779183438758,4.086199864038069,12.376342624065263,5.714836112708453,56.65228267667292,980.3080050031269,976.3348968105066,16
2020-08-12,25.194594594594594,31.336342725704426,19.087291546866016,9.065079365079365,3.3852481305234527,11.637865397688646,0.9958021851638872,53.090681676047524,980.7464040025013,977.3605378361475,14
2020-08-13,25.408740655549163,32.173835537665326,18.637607820586545,10.632994923857867,3.0730108211330363,9.349751243781094,0.1932144910868315,51.65916197623513,981.6135084427766,978.3851782363976,15
2020-08-14,25.195629672225415,31.903622771707877,18.518171362852215,10.90184013801035,2.78924252068746,9.394334818586886,0.7598619896492236,50.58286429018135,981.2868042526577,977.6527829893685,16
2020-08-15,24.75284646348476,31.423634272570443,18.11063829787234,11.432489936745256,3.7442393380012726,10.667854869509865,0.03312248418631397,47.88492808005003,980.4228267667291,976.7537836147593,16
2020-08-16,24.33536515238643,31.566014951121332,17.122311673375503,11.905462909718228,3.0926798217695732,9.53138128580522,0.024151811385853934,42.422764227642276,980.25478424015,977.5514071294558,16
2020-08-17,24.706382978723404,31.710868315123633,17.706670500287522,10.961299597469809,3.1760025461489496,9.395225970719286,0.17521564117308797,44.29455909943714,981.0005628517823,977.7062539086929,16
2020-08-18,25.636457734330076,32.304197814836115,18.98108108108108,9.917820424948594,2.2816677275620623,7.748376830044556,0.0,46.69168230143839,980.4560350218887,977.0006879299563,15
2020-08-19,27.106037952846464,35.035307648073605,19.19074180563542,12.318300205620284,3.3453214513049017,10.748758752387014,0.0,38.11569731081926,978.2094434021262,972.4733583489681,15
2020-08-20,26.620011500862564,34.89936745255894,18.34266820011501,11.051868890166762,3.2934436664544875,10.172310630171864,0.15964179104477613,36.05128205128205,977.4136960600375,973.2439649781113,16
2020-08-21,27.07676825761932,34.435135135135134,19.768200115008625,10.46377228292122,2.98408656906429,10.34239338001273,0.3568142610695802,52.27892432770481,982.8776110068792,976.9581613508443,16
2020-08-22,26.81966647498562,33.6728004600345,19.939447958596894,10.754399079930995,2.3961171228516864,8.651686823679183,0.032238805970149255,50.06629143214508,986.1889931207004,982.2271419637273,16
2020-08-23,26.26612995974698,33.1625071880391,19.442783208740654,10.984531339850488,3.0516231699554424,9.21164863144494,0.0,42.61851156973108,985.6717948717948,981.357473420888,16
2020-08-24,25.995744680851065,32.69965497412306,19.269005175388152,11.783755997258394,2.5378103119032462,8.624633991088478,0.0,47.237648530331455,982.8472795497186,978.3766729205753,15
2020-08-25,27.52340425531915,35.65572167912593,19.384128809660723,12.086291980808772,2.7070655633354543,8.46346276257161,0.0032202415181138582,45.765478424015,982.3175109443401,978.1624765478424,15
2020-08-26,28.007245543415756,35.58332374928119,20.409718228867163,11.124899367452558,2.713749204328453,8.601209420751113,0.0,45.72357723577235,984.0522826766729,981.0908067542213,16
2020-08-27,27.836227717078785,35.32662449683726,20.36331224841863,10.99350201265095,2.6152132399745383,8.823870146403562,0.16311137301119621,45.66041275797374,983.5328330206378,978.1295809881176,16
2020-08-28,25.96595744680851,32.39792984473836,19.55802185163887,9.003377110694183,3.5815404201145764,11.46187141947804,4.661876484560569,50.91682301438399,978.4810506566605,970.9577235772358,15
2020-08-29,21.252673950546292,26.336975273145487,16.176480736055204,8.244508338125359,3.7874602164226605,11.576384468491407,2.091316848763657,50.98749218261412,976.3112570356473,971.1383989993747,16
2020-08-30,20.206555491661874,26.724151811385855,13.655721679125932,9.70301576422207,2.5228516868236794,9.753723742838956,0.29779069767441857,44.028142589118204,982.3366479049405,975.9442776735458,15
2020-08-31,20.95744680851064,28.50126509488212,13.436917768832664,11.246744345442082,2.8958625079567155,9.057033736473581,0.0,40.205128205128204,983.7462163852407,979.5445278298937,15
2020-09-01,22.005635422656702,28.42213916043703,15.611155836687752,6.675051405071967,2.5734563971992355,8.708847867600253,0.010489993098688751,46.772983114446525,981.3166353971232,976.4299562226391,15
2020-09-02,22.603105232892467,29.490109258194362,15.7252443933295,11.41877998629198,2.050541056651814,7.972947167409293,0.10243902439024391,48.89743589743589,983.5926829268291,978.697435897436,15
2020-09-03,23.857389304197817,31.53248993674525,16.1664174813111,11.546192893401015,2.908147676639083,9.106683640993,0.0,45.32770481550969,986.9106316447779,983.273483427142,15
2020-09-04,25.116043703277747,32.45974698102358,17.801495112133413,11.443818286371478,2.998281349458943,9.281985996180776,0.0,45.57285803627268,988.1070669168231,984.1930581613509,16
2020-09-05,24.875215641173085,31.96975273145486,17.77372052903968,10.464749856239218,2.585295989815404,9.42463399108848,0.0019204389574759948,50.868667917448406,986.0143839899937,981.0448405253281,16
2020-09-06,24.778320874065557,31.41995399654974,18.12541690626797,10.397929844738355,2.6725652450668367,8.304710375556969,0.0,48.88492808005003,982.8161976235147,979.1773608505316,16
2020-09-07,23.18786840301576,29.327553118574365,17.07505140507197,8.513296778615489,3.256158017041053,9.74515879163439,2.2076400679117145,49.02880970432145,984.5746777862016,980.1819560272935,15
2020-09-08,22.08453133985049,28.883438757906845,15.274065554916618,9.521966647498562,2.4919159770846586,9.241693189051558,1.6527110501029512,49.89555972482803,987.0596622889306,984.0233896185116,16
2020-09-09,22.853076480736057,29.321449108683154,16.35917193789534,8.87722987672226,2.1716740929344365,7.127880330999362,1.5746497665110073,52.63164477798624,986.7233896185114,983.3497185741088,15
2020-09-10,23.660034502587695,30.816503737780334,16.52587694077056,10.269608416130916,1.9459579885423297,8.765817950350094,0.0,51.8036272670419,985.1589743589744,980.1337085678548,15
2020-09-11,24.42029902242668,32.00040253018976,16.854111558366878,10.587784921098772,2.3398472310630165,8.367791215786122,0.0,46.678549093183236,981.362914321451,977.7622889305815,15
2020-09-12,25.10040253018976,32.7519838987924,17.452903967797585,9.89280223619846,2.189942711648631,8.809993634627626,0.004269513008672449,45.24015009380862,984.7390869293308,980.0879924953094,14
2020-09-13,25.891661874640597,33.030707303047734,18.737262794709604,9.142907058001397,2.9661998726925525,9.551750477402926,0.0,43.6547842401501,986.956597873671,983.7470919324577,14
2020-09-14,25.155549166187463,31.496952271420355,18.855434157561817,8.529959746981023,2.7028007638446847,10.051113940165502,0.594329553035357,50.47029393370857,987.3258286429018,983.5878048780488,16
2020-09-15,24.535825186889014,30.480046003450262,18.593617021276593,9.055257432922405,2.3136855506047103,7.613430935709738,0.0,56.98874296435272,987.094871794872,983.2119449656033,15
2020-09-16,24.424151811385855,30.81443358251869,18.067797584818862,7.985911443358251,2.457670273711012,9.190260980267345,0.4086724482988659,56.063789868667925,984.8961225766105,980.3188242651656,16
2020-09-17,24.104427832087403,29.055894192064407,19.175733179988498,3.248533640023002,2.784786760025461,9.926034373010822,3.2787448194197752,63.657911194496556,981.7714821763601,977.2030018761725,16
2020-09-18,21.259459459459457,24.622024151811388,17.92610695802185,3.2129959746981025,3.754296626352641,12.57396562698918,9.221781574130567,77.39587242026268,981.212507817386,977.1038774233896,16
2020-09-19,21.22392179413456,25.821449108683154,16.623059229442205,6.08882796435915,3.5672819859961806,9.62081476766391,2.2441627751834554,70.61225766103814,982.7235146966855,978.6073796122575,15
2020-09-20,21.575273145485916,26.938470385278897,16.223174238067855,7.910523289246692,2.6727396329027875,9.046906866077498,0.15370246831220816,61.93746091307068,983.2749218261413,980.5313946216385,16
2020-09-21,21.990569292696954,27.627602070155262,16.35566417481311,7.462679700977574,2.3866327180140035,8.03269884432359,0.0380693405846363,57.78361475922452,983.1058786741714,980.4116948092557,16
2020-09-22,21.796089706728004,27.957964347326048,15.621334100057505,9.168471555860178,2.5220878421387654,8.546403564608529,0.10778871978513876,56.76485303314571,981.8581613508443,977.5113821138212,15
2020-09-23,22.259401955146636,27.841058079355953,16.67510063254744,6.386703221384509,3.3632718014003817,10.150795671546783,0.7221480987324884,59.45528455284553,979.697185741088,976.6766729205754,15
2020-09-24,22.191259344450835,27.694307073030476,16.72093156986774,5.204180945853323,3.5098663271801396,12.880012730744747,1.230649798734905,58.78424015009381,981.560850531582,977.587742338962,15
2020-09-25,18.996779758481885,23.726336975273142,14.316503737780334,8.942426319396846,4.697517504774029,14.07205601527689,1.8088556641748132,42.52845528455284,986.2130706691681,980.4135084427766,15
2020-09-26,18.178090856814258,24.758194364577342,11.593502012650948,9.257734330074756,3.084022915340546,11.713558243157227,1.8519637462235645,46.03939962476548,985.5699186991868,977.1060662914322,16
2020-09-27,18.284416331224843,24.09217941345601,12.496779758481885,8.796178343949043,2.8429662635264163,10.996753660089114,0.09826034793041394,48.889931207004366,981.313258286429,975.8515322076297,14
2020-09-28,18.448303622771704,25.96227717078781,10.913916043703276,8.964770390678547,2.4018459579885416,7.22601156069364,0.022081656124209315,47.68042526579112,983.2215759849905,979.3190744215134,15
2020-09-29,19.637607820586545,27.225244393329497,12.045888441633123,9.7095270733379,1.9618077657542965,7.060916613621897,0.0,47.8048780487805,983.703502188868,980.0975609756098,15
2020-09-30,19.800460034502585,27.157561817136283,12.435020126509489,8.080260452364632,2.0575429662635263,8.17358370464672,0.14903112155020554,55.9724828017511,982.5023764853032,978.0272670419009,15
2020-10-01,20.215526164462336,26.356066705002878,14.078205865439909,7.5440483036227715,3.073138128580522,11.52221514958625,2.972776119402985,57.276422764227654,978.8859912445276,970.7711069418385,16
2020-10-02,16.580448533640023,21.49815986198965,11.652443933294997,2.166992524439333,6.050922978994271,19.762380649267982,6.448821161587119,68.9993746091307,971.2636022514071,961.449343339587,16
2020-10-03,14.858884416331225,20.113858539390456,9.624784358826911,8.404455106237148,3.9290897517504773,12.967918523233607,1.6501510574018123,52.692933083176975,975.2212588310854,968.1032755298651,15
2020-10-04,15.3541690626797,21.45301897642323,9.22875215641173,7.003737780333525,4.170273711012094,12.862316995544239,1.077269993986771,58.25641025641026,978.2648530331459,973.2175734834271,16
2020-10-05,16.635997699827488,22.88476135710178,10.402932719953997,8.8776559287183,2.654169318905156,9.346148949713557,0.07059913526868436,52.13445903689807,985.5300187617261,978.1277673545966,15
2020-10-06,18.822311673375502,26.52547441058079,11.14186313973548,8.427142035652674,1.8718014003819223,8.135964353914703,0.41598619896492234,56.812382739212005,987.4293308317698,983.8447154471543,16
2020-10-07,20.867395054629096,27.83254744105808,13.881081081081081,8.73024726854514,2.1016549968173135,7.26053469127944,0.13594019551466358,56.16885553470919,988.4481550969355,984.2638524077549,16
2020-10-08,20.876825761932142,27.835997699827487,13.895227142035653,9.088211615871192,1.718968809675366,6.544557606619986,0.0,55.44715447154473,988.4202001250782,985.0175109443401,16
2020-10-09,20.707533064979874,27.200057504312824,14.213398504887866,8.225131502045587,1.7567154678548698,6.843220878421387,0.3288096607245543,58.90931832395247,987.7976860537837,984.8196372732957,15
2020-10-10,19.850488786659,25.485508913168488,14.223001725129384,6.920338983050848,2.2235518777848506,9.00566518141311,0.5071880391029326,62.90619136960601,988.0570981863665,984.6389618511569,15
2020-10-11,17.225589419206443,22.749051178838414,11.695572167912593,8.339742840444183,2.603246339910884,9.58185868873329,0.2121909143185739,53.85240775484677,988.0869293308317,984.8994996873047,15
2020-10-12,16.30115008625647,22.381828637147784,10.249913743530765,9.635499650593989,2.785996180776575,9.89974538510503,0.7431282346175963,42.17010631644778,988.0447154471544,983.2183864915572,14
2020-10-13,17.51891891891892,25.047786083956296,9.981138585393904,8.75215641173088,2.5807765754296623,9.635009548058562,0.9509921828021647,49.40775484677924,983.7958724202629,977.1786741713571,16
2020-10-14,15.045428407130535,20.596089706728005,9.462507188039105,7.136112708453133,2.4166772756206236,10.345767027371098,1.7242781378903944,58.52095059412131,980.3121951219512,975.6863664790493,16
2020-10-15,13.533122484186315,20.43070730304773,6.63139735480161,8.50862564692352,2.453723742838956,8.87893061744112,0.4762711864406779,53.59787367104441,983.0365853658536,979.329143214509,16
2020-10-16,13.088039102932722,20.268545140885564,5.917193789534214,9.448158971361776,1.6838956078930616,6.8999999999999995,0.013686026451983899,53.86178861788618,983.9782989368355,980.6689180737961,15
2020-10-17,13.718228867165037,21.697412305922946,5.767625071880391,9.182115721800116,1.1934058463630184,6.562762571610437,0.0,53.03752345215759,984.1222639149469,980.5582864290182,15
2020-10-18,15.178493387004025,23.307418056354226,7.0512938470385285,8.390087929656273,1.9055064581917063,6.766689326988444,0.0,55.47404627892433,985.5640400250154,982.4714821763603,13
2020-10-19,17.35664174813111,25.055434157561816,9.65813686026452,7.49085681426107,2.7985359643539143,10.01546785486951,0.28165443629086057,52.594746716697934,984.222013758599,979.3284552845527,16
2020-10-20,18.594249568717654,22.616388729154686,14.548591144335825,0.911213341000575,4.154614894971356,15.423169955442392,6.440158439975625,68.66729205753596,979.862914321451,970.6696685428392,16
2020-10-21,19.073720529039676,23.181828637147785,14.951811385853937,4.9424381828637145,3.432017823042648,10.90318268618714,4.229844738355377,69.90744215134458,978.1070669168229,972.2242651657285,16
2020-10-22,17.103852788959173,20.102127659574467,14.07924094307073,1.8202990224266817,2.2877784850413745,7.936409929980903,5.918056354226567,83.91619762351468,982.4324577861162,977.0646654158847,16
2020-10-23,16.054054054054053,20.684588844163308,11.369867740080506,6.651724137931034,2.562062380649268,9.649140674729471,0.41443358251868895,68.49155722326454,989.1288305190744,982.1151969981237,15
2020-10-24,14.906555491661875,20.737895342150665,9.073375503162737,8.170894213909994,2.4667091024824948,8.351495862507957,0.40931569867740075,65.76047529706065,990.0461538461536,985.0431519699812,15
2020-10-25,15.869810235767682,20.742208165612418,11.027142035652673,5.180161012075906,4.346530872056015,13.416549968173138,2.6343300747556064,67.24890556597873,985.2464665415883,977.0093808630392,16
2020-10-26,13.498332374928118,17.664807360552043,9.362392179413456,7.878263369752731,3.5320178230426476,11.161998726925523,0.056552125800815374,59.09443402126329,984.8095684803002,977.7241400875547,16
2020-10-27,13.009775733179989,18.659229442208165,7.363139735480161,6.877882523567803,2.806365372374284,8.382877148313177,0.143044776119403,60.088180112570356,985.1314571607255,982.2591619762351,15
2020-10-28,15.250258769407706,21.363484761357103,9.126969522714203,6.837607820586544,1.5585614258434115,7.075175047740292,0.05856019358741683,69.19762351469667,988.8116322701688,983.8641025641023,16
2020-10-29,16.392294422081655,22.857734330074756,9.937607820586544,8.885432835820897,2.223742838956079,7.111266709102481,0.0,65.91181988742966,990.9235146966854,987.8696060037524,15
2020-10-30,16.37458309373203,23.947383553766535,8.81943645773433,8.709935710111047,2.1639083386378104,5.675830618892507,0.00516923076923077,66.03627267041902,990.4931207004377,987.5392120075046,15
2020-10-31,16.94468085106383,24.937032777458313,8.905347901092581,9.236119228521336,1.2866327180140038,5.604137492043284,0.0,60.3558474046279,990.2242651657285,986.9015009380863,15
2020-11-01,17.425991949396206,24.813513513513517,10.011500862564692,8.747106954997077,1.5843643779741672,5.854656696125086,0.0,61.29205753595997,989.5519074421511,986.3245778611632,15
2020-11-02,17.68384128809661,24.844278320874068,10.55301897642323,7.368381063705436,2.190007745933385,6.718332272437938,0.8706152961472111,65.64665415884926,988.4502188868042,984.9263914946841,15
2020-11-03,15.749223691776884,19.51828637147786,11.95727429557217,2.2981598619896495,2.0774029280712925,7.035964353914704,5.3829468960359,77.74796747967478,989.9749843652282,987.2040650406503,16
2020-11-04,13.56860264519839,15.9664174813111,11.16509488211616,1.3507763082231168,2.4040101845957986,8.296371737746657,11.798999374609133,83.0093808630394,988.3313320825515,981.8407129455909,16
2020-11-05,14.482346175963196,17.611615871190338,11.348993674525591,2.7186865671641782,3.4857415658816033,11.328898790579249,4.784796700058927,83.60855528652137,985.2854909318324,981.7243902439023,15
2020-11-06,17.49102932719954,20.921564117308797,14.03139735480161,1.9566335476329633,3.8430299172501594,14.144302991725015,6.2618746405980446,77.61097659402743,976.5640032284098,971.2465698143661,15
2020-11-07,15.524899367452559,19.352961472110408,11.677918343875792,4.3603156049094105,2.8271164863144493,12.599236155315085,9.503683806600153,79.93746091307067,987.3844903064414,979.1671044402751,15
2020-11-08,14.907360552041403,20.057044278320873,9.760322024151812,6.427118644067796,2.0393380012730744,6.7141311266709085,1.173991571342565,74.8599124452783,987.767166979362,984.8350218886804,15
2020-11-09,15.193962047153537,20.131109833237492,10.236917768832662,5.8778825235678,1.2718014003819222,6.063335455124124,0.36421961752004933,77.58286429018135,988.8829893683552,984.8293308317699,15
2020-11-10,14.024841863139734,19.537147786083956,8.528809660724555,7.425359401955147,1.5952259707192868,6.1629535327816685,0.025646923519263943,78.71544715447155,991.4093183239524,988.1834271419636,16
2020-11-11,14.317998849913744,20.16676250718804,8.498217366302473,7.584626540971718,2.1903246339910885,6.65518777848504,0.005538832028898254,74.96320206584892,990.5499061913696,985.8742338961848,15
2020-11-12,14.420529039677975,19.557101782633698,9.311443358251868,5.911903392754457,2.036346276257161,6.054360280076383,0.002415181138585394,75.50531582238901,987.7063164477798,984.0205753595998,16
2020-11-13,14.922886716503738,19.600575043128234,10.271535365152385,5.081531268264172,1.6941438574156586,5.25582431572247,0.12208258527827648,75.30393996247655,986.1320200125078,983.6023764853035,15
2020-11-14,15.017826336975272,18.55135135135135,11.50747556066705,2.219637638807715,1.8637810311903245,5.827943984723105,0.8254169062679702,83.35021888680424,986.2906191369605,983.2417135709817,15
2020-11-15,17.255319148936167,22.39649223691777,12.134962622196666,6.1448275862068975,2.3542966263526415,9.402864417568425,0.6602882305844675,76.89931207004378,986.4679174484052,983.0808630393997,15
2020-11-16,16.330764807360552,21.025186889016677,11.586428982173661,5.21530094271211,1.627943984723106,6.256397199236155,0.0263953488372093,79.10506566604127,990.2384615384615,985.0381488430269,15
2020-11-17,15.328464634847613,20.739965497412307,9.888614146060954,7.265497412305923,1.4914704010184594,5.034882240611075,0.020543406229290923,77.68730456535336,991.7308943089431,988.9636647904941,16
2020-11-18,15.430477285796435,21.210810810810813,9.678205865439908,6.745715928694652,1.957797581158498,5.446912794398472,0.056354226566992516,76.15822388993121,992.6927454659161,989.4479674796748,16
2020-11-19,15.181598619896493,21.07682576193215,9.281138585393904,6.885566417481311,2.0713558243157224,7.4172501591343085,0.03744186046511628,75.29268292682926,995.420325203252,991.565415884928,16
2020-11-20,13.045140885566415,18.598044853364,7.4977573317998845,6.990239625949737,2.4046467218332266,7.694525779758115,0.002875215641173088,67.27767354596624,994.3541588492808,989.999937460913,15
2020-11-21,11.864634847613573,17.962564692351926,5.7506612995974695,8.441379310344827,2.129026098026735,6.142266072565245,0.0,63.74796747967479,992.5539086929331,989.7714196372732,15
2020-11-22,10.84519838987924,17.251408855664174,4.43588269120184,7.708882309400444,2.046912794398472,6.032017823042647,0.0,67.80425265791119,992.9027517198249,989.5662288930582,14
2020-11-23,10.822139160437033,17.46325474410581,4.188614146060955,8.046923519263945,1.5192870782940802,5.436511817440913,0.002875215641173088,69.17698561600999,992.6023139462164,988.8749218261411,16
2020-11-24,10.4262219666475,16.958481886141463,3.8896492236917766,6.141633122484186,1.552896244430299,5.522308288148721,0.0042715484363081615,67.8223889931207,989.8983114446529,983.2701063164476,16
2020-11-25,11.30879815986199,16.179355951696376,6.440368027602069,3.8613571017826334,2.3917886696371733,9.35582431572247,6.750332326283986,80.91119449656036,983.510631644778,977.1152595372106,16
2020-11-26,12.131454859114434,15.002530189764231,9.246751006325475,0.36630247268545135,2.8229153405474214,10.14554608830364,3.6730304772857965,86.94559099437149,978.2595997498436,975.1494058786741,16
2020-11-27,12.155721679125936,15.010868315123634,9.28821161587119,0.7274693161893631,2.6809038828771485,9.603872966692485,7.947336191059399,84.46904315196998,976.968105065666,971.3692307692307,15
2020-11-28,11.446233467510062,15.084071305347901,7.771822886716504,2.5706604324956164,1.8924888605983448,6.23958171959721,2.7423806785508913,88.24452782989368,976.1312695434646,970.532958098812,15
2020-11-29,12.162967222541692,16.496492236917767,7.842610695802185,4.9539450613676195,1.8781031190324635,6.751742835011619,2.3137301119622866,84.05128205128203,983.6362726704189,975.76353971232,15
2020-11-30,11.990856814261068,16.717021276595744,7.277113283496262,5.447211040828062,2.1705919796308084,6.475747931253978,0.011841326228537598,80.22076297686054,987.5899312070044,983.1504690431519,16
2020-12-01,11.257504312823462,15.97705577918344,6.526854514088557,5.495342150661299,1.4956715467854866,6.00371335504886,0.3965497412305923,80.96185115697311,987.8012507817384,981.5349593495935,16
2020-12-02,9.406210465784934,14.453191489361704,4.36860264519839,5.28861493836113,2.222533418204965,9.067472947167408,0.09258137774413325,70.05753595997498,982.2140087554722,978.3596622889305,15
2020-12-03,8.174065554916618,14.142725704427832,2.233467510063255,6.64933870040253,2.346085295989815,10.26539768864718,2.045830937320299,65.14133833646028,981.3143839899935,968.2993746091305,16
2020-12-04,8.226509488211617,12.314203565267395,4.151811385853939,2.1711903392754457,4.69544527532291,15.638273283480624,1.7687209302325584,72.400875547217,968.690994371482,961.4365853658535,16
2020-12-05,6.293789534215066,10.158769407705579,2.4467510063254743,5.032269760696156,3.7447994561522777,10.842556084296396,3.2022356495468274,69.99937460913071,973.2064415259534,964.4512820512819,15
2020-12-06,7.681886141460609,11.348246118458885,3.9630247268545142,4.997559487492374,4.048402447314753,11.646227056424202,3.0532489936745253,71.37085678549091,976.9467792370231,972.7267667292057,15
2020-12-07,10.242783208740654,14.064347326049454,6.393271995399655,1.3047135605511238,5.509802673456398,14.538477226376616,3.4430132259919497,75.8505315822389,976.4479674796747,971.7481550969355,15
2020-12-08,9.331972397929846,12.931799884991376,5.685221391604371,4.031799884991374,4.814894971355825,14.008361658735554,2.7330649798734905,70.61538461538461,980.5128830519075,972.0914946841775,16
2020-12-09,8.034675100632548,12.221046578493388,3.8405980448533636,4.909373202990224,2.9827498408656905,10.152957171991844,1.3460034502587694,72.69793621013132,983.7153846153847,979.5257035647279,16
2020-12-10,11.463829787234042,15.751408855664174,7.183323749281197,1.4100632547441057,4.411266709102483,11.958463630183548,3.232144910868315,82.08442776735458,981.5204502814258,975.4098811757347,16
2020-12-11,14.303220241518114,17.704542840713053,10.921909143185738,1.440561075394506,4.796180776575429,14.173555404486745,1.5271995399654974,83.58474046278924,978.0319574734208,973.24052532833,15
2020-12-12,13.620356526739506,17.505520414031054,9.749396204715353,6.403404885270168,4.170273711012094,13.252641629535326,0.4235767682576193,69.58411507191995,981.5280175109442,975.1570356472795,14
2020-12-13,11.943300747556066,16.691259344450835,7.202760207015526,4.904600345025877,1.8592616168045828,6.269509866327179,0.031052328924669352,78.38524077548469,981.7785490931832,977.4756097560975,16
2020-12-14,11.679873490511788,15.462909718228868,7.899597469810235,1.489936745255894,1.9502864417568426,7.283768300445576,2.069695227142036,85.51969981238274,979.3470919324577,975.6587242026267,16
2020-12-15,11.176250833889261,15.461174116077384,6.92234823215477,5.079470960322024,2.381413112667091,8.693316359007001,0.1281231497927768,81.38337012509199,982.7121325828643,977.4677298311443,16
2020-12-16,9.619412941961308,13.682321547698466,5.569446297531687,3.2926394479585968,2.2369191597708467,7.198090388287714,1.9619495008807988,85.41795437821928,983.7721075672295,978.3834271419636,16
2020-12-17,10.42748498999333,14.862441627751831,5.99339559706471,3.6178118745830545,1.3192870782940798,4.9397835773392735,1.118102766798419,86.14495952906549,988.5251407129454,983.5009380863037,15
2020-12-18,9.836917768832661,13.913283496262219,5.760609545715928,3.903774981495188,1.897963080840229,5.975213013168088,0.6864864864864866,85.45153220762977,988.5734834271419,984.5549093183239,14
2020-12-19,10.241946538725154,14.18841672378341,6.255928718300204,2.1604909409701927,1.89713400464756,6.988148721920991,4.280307692307692,88.15542077331312,985.9993176648976,982.6949203942381,15
2020-12-20,11.664564770390678,15.962988348183686,7.365113091158326,6.5596086652690415,1.5624322230828813,6.353911696359409,0.29276934201012295,78.50037907505686,991.454359363154,984.8416224412433,14
2020-12-21,11.341466758053459,16.332556545579163,6.3261823166552436,5.051665692577441,1.7730441518202942,6.438807126258713,0.10190755685986794,81.54435178165276,993.0539044730857,990.143366186505,15
2020-12-22,11.864519838987924,16.95520414031052,6.784876365727429,5.549592894152479,1.6854869509866326,6.2072037180480235,0.028140096618357487,81.55909943714823,992.2656035021888,988.2534709193246,14
2020-12-23,10.756756756756756,15.617251293847039,5.897124784358827,3.268848626534191,1.7530235518777848,6.858243157224696,0.44256716417910447,85.57723577235775,990.1485303314571,986.330018761726,15
2020-12-24,10.570902817711328,14.565094882116158,6.5739505462909715,3.218234950321449,1.756460852959898,6.7174283501161876,1.0481311098332373,80.65103189493435,988.3313946216385,985.1535334584116,15
2020-12-25,7.9965497412305915,12.548246118458884,3.447958596894767,6.763763880771478,3.7474220241884146,12.020751113940163,0.34140681653372007,61.27204502814259,990.7355222013758,985.4272045028141,15
2020-12-26,6.162162162162162,11.466244968372628,0.8543415756181713,6.955523085914669,3.067472947167409,10.300636537237427,0.14433582518688903,54.4108818011257,991.3540337711067,986.1328955597247,15
2020-12-27,5.664519838987924,11.756354226566991,-0.4415756181713629,5.821966647498563,2.796117122851687,13.661735089078233,2.2951641791044777,65.00187617260788,986.4913696060037,967.9191369606003,16
2020-12-28,9.037262794709603,13.216848763657275,4.848763657274295,4.922723908216135,5.148122215149586,17.441629535327817,1.6412880966072454,59.7191994996873,970.7065666041273,964.0014383989995,14
2020-12-29,7.665209890741805,11.954284071305349,3.3588269120184013,5.370601987142023,3.6120942075111393,12.447676639083388,2.5307301587301585,68.93120700437773,976.1006253908693,969.4347091932457,15
2020-12-30,6.610638297872341,11.480563542265669,1.706325474410581,6.8579777907656325,2.5556970082749837,8.641438574156588,0.3808177991581479,67.34646654158848,982.5869293308316,975.8624765478424,15
2020-12-31,6.323404255319149,11.845773433007476,0.7479010925819436,6.254354178842782,2.9012730744748567,10.397831138652208,2.4392880258899674,72.3439649781113,982.2332707942462,975.0386491557222,15
2021-01-01,6.7733179988499135,10.636687751581368,2.855836687751581,4.128349370836417,3.6720371804802476,11.053278166772756,1.524036802760207,71.11944965603502,976.5644777986239,973.3022514071293,14
2021-01-02,4.92708453133985,8.940138010350775,0.9328924669350201,5.213559322033898,2.9309993634627625,10.136855506047104,0.8353949785670545,65.26078799249531,979.0464665415885,975.2917448405252,15
2021-01-03,4.6954571592869465,10.010005750431283,-0.6078780908568142,7.001344243132671,2.6348822406110752,9.020241884150224,2.0216589861751153,65.88930581613508,980.4099437148219,977.0350844277674,15
2021-01-04,4.510580793559517,9.38021851638873,-0.31765382403680265,5.2519838987924095,2.2388852023888517,10.731917717319174,1.9093247588424433,71.66449511400648,979.3901628664495,975.6145276872963,16
2021-01-05,4.428062104657849,9.10414031052329,-0.2083381253594021,5.776621858562245,1.9218968809675367,6.456715467854869,0.33069767441860465,75.31394621638523,977.1848655409628,974.0126328955598,15
2021-01-06,4.170787809085682,9.456009200690051,-1.1360552041403107,6.293264248704662,2.51031190324634,7.244302991725015,4.028776119402986,70.61350844277675,978.4649155722324,974.6373358348968,14
2021-01-07,4.134905117883841,6.331627372052904,1.9700402530189765,0.6407130534790109,2.5913430935709743,7.596562698917885,8.136515238642897,84.59599749843652,977.0557223264539,973.7333333333333,16
2021-01-08,3.496147211040828,5.667165037377804,1.3767107533064977,0.9439509059029807,3.9182049649904513,9.588160407383832,23.70810810810811,88.85928705440901,976.2963101938711,968.9939962476548,15
2021-01-09,4.127314548591144,6.513973548016101,1.7232317423806787,2.306838106370543,2.923233609166136,10.148313176320814,4.656923983500294,86.3458411507192,973.3644777986242,968.4443402126328,15
2021-01-10,4.580506037952846,7.856124209315698,1.292581943645773,2.075647668393782,2.5628262253341827,8.41413112667091,0.8448837209302326,84.40838023764853,981.3792370231394,972.249530956848,14
2021-01-11,4.054859114433582,8.340253018976425,-0.21414606095457156,4.347570703408267,2.1166772756206234,8.673838319541693,0.06686080372743157,76.45153220762974,989.9666041275798,981.1867417135707,15
2021-01-12,3.243128234617596,9.08108108108108,-2.6073605520414036,7.566992524439332,1.7934436664544877,8.431317632081477,0.1177688326624497,73.63289555972483,993.5918073796122,989.7856160100062,16
2021-01-13,5.006382978723403,11.43036227717079,-1.4123059229442207,6.953133985048878,1.6150859325270528,5.452068746021641,0.014721104082806212,70.94621638524077,994.2861788617885,991.5824265165728,16
2021-01-14,5.117711328349626,11.081771132834964,-0.7824036802760208,5.795169637722829,1.7133036282622531,5.486569064290261,0.14638805970149252,74.53971232020012,992.5352095059411,988.8108192620388,16
2021-01-15,6.3897642323174235,12.854744105807935,-0.06722254169062691,7.007890122735242,1.9420114576702736,6.477975811584977,0.043372093023255814,75.35584740462788,991.6273295809881,988.6120700437774,15
2021-01-16,6.667567567567568,13.605922944220817,-0.2332949971247843,7.438193930421909,1.5306174411203055,6.391024824952258,0.0,69.33896185115697,992.9488430268917,989.0435272045028,14
2021-01-17,8.000575043128233,15.38706152961472,0.6055204140310522,7.560198714202219,2.1175684277530236,6.943157224697645,0.36946520989074183,62.918699186991866,992.9619136960599,989.374296435272,15
2021-01-18,7.285451408855664,13.809948246118458,0.7437607820586543,7.156411730879816,1.3943348185868873,4.754423933800126,0.0016990291262135922,72.60037523452158,992.4589743589744,989.3268292682927,16
2021-01-19,7.205980448533639,14.181311098332372,0.2638297872340425,6.6432432432432424,1.5685550604710372,6.187969446212602,0.8357571714476317,73.86741713570981,990.9852407754847,982.7826766729205,16
2021-01-20,8.687636572742957,12.382403680276019,4.999309948246118,1.1948246118458885,3.859325270528325,11.218395926161682,2.7610465116279066,80.1969981238274,982.8347091932457,974.0098811757346,16
2021-01-21,11.609028177113283,15.743760782058654,7.466359976998275,3.8366932559825955,4.658243157224697,14.27352005092298,2.293041978148361,74.4684177611007,980.3802376485302,976.1065040650409,15
2021-01-22,11.7196089706728,15.188096607245543,8.223806785508913,4.640794856808885,5.843793761935072,21.156906429026094,1.5577639751552794,73.22013758599124,981.054846779237,970.5287054409007,15
2021-01-23,10.621391604370327,14.661414606095455,6.543128234617596,3.492051431911163,4.877211966900063,15.426543602800763,1.884,74.14383989993745,981.2298311444655,972.9682301438398,15
2021-01-24,12.87291546866015,15.845485911443358,9.9102932719954,6.236995908825249,4.359007001909611,16.045003182686184,0.9463087248322146,65.71732332707943,980.0287054409006,972.4756722951846,15
2021-01-25,12.407935595169638,16.011155836687752,8.803680276020701,1.7100632547441057,4.262698917886697,12.625461489497132,1.5843013225991949,82.1857410881801,983.6348342714197,976.3350218886803,16
2021-01-26,12.656181713628524,16.449626221966646,8.872742955721678,4.432052211747641,1.866963717377466,7.545894334818586,1.1013731343283581,83.15572232645404,989.1342714196373,983.4558474046279,15
2021-01-27,14.695802185163888,19.960552041403105,9.4392179413456,6.283956296722254,2.23252705283259,7.198535964353915,0.13093732029902244,79.97435897435896,989.6843652282676,986.8587242026266,16
2021-01-28,14.866647498562392,20.73617021276596,9.012305922944222,7.020989074180563,1.947040101845958,7.840420114576702,0.16021964612568637,75.4465290806754,988.7757973733584,985.1009380863039,16
2021-01-29,14.333640023001724,19.184473835537666,9.47492811960897,5.2293980128579785,2.2168682367918513,8.988924252068744,0.9527906976744187,75.04377736085054,986.5204502814261,981.7264540337712,15
2021-01-30,13.294307073030478,17.35963197239793,9.210925819436458,4.859146697837522,5.685614258434118,16.461043921069383,0.792262343404569,67.55534709193245,982.4200750469043,975.5306441525952,15
2021-01-31,12.896147211040828,16.624554341575617,9.142438182863716,3.9250925240562538,5.043029917250158,14.222978994271163,1.3064669843430905,72.26829268292681,979.4818636647907,975.9563477173233,14
2021-02-01,14.356871765382403,18.37757331799885,10.35485911443358,6.491316848763658,5.372374283895607,14.783131763208146,0.1593086719223772,66.45340838023765,982.1495934959348,975.9556597873669,16
2021-02-02,13.343530764807362,18.545658424381827,8.148591144335825,4.604112405757367,2.6838956078930623,8.715213239974538,0.15499046408137318,73.72858036272667,983.1494058786741,978.9462163852407,15
2021-02-03,13.372685451408856,18.02374928119609,8.712880966072456,5.343990799309949,2.466709102482495,8.52380649267982,0.7907993099482462,69.06566604127579,980.6598499061913,976.8846153846152,16
2021-02-04,12.620011500862566,16.830304772857964,8.402415181138585,3.998562392179413,2.2202418841502225,8.38631444939529,3.112870090634441,78.53158223889929,978.358536585366,972.7592245153219,16
2021-02-05,11.99614721104083,15.109430707303048,8.932892466935021,2.853191489361702,2.6702931596091206,9.38879694462126,7.0964922369177685,84.2614133833646,974.5277048155098,968.0067542213883,16
2021-02-06,11.717998849913744,15.264807360552041,8.140138010350777,3.421276595744681,3.331826861871419,9.808465945257797,2.291259344450834,78.35146966854283,972.1106316447778,966.3120700437773,16
2021-02-07,10.167970097757332,13.481311098332375,6.879010925819436,4.330879815986199,3.492425206874602,11.63812858052196,4.926854514088557,71.31769856160098,974.1841776110069,969.8505315822387,16
2021-02-08,11.29005175388154,14.428982173663023,8.162507188039102,4.044825222755311,4.809420751113939,15.591152132399746,1.6324324324324324,74.60725453408381,973.4626016260162,967.1816760475298,15
2021-02-09,10.95733179988499,14.384128809660725,7.519781483611271,0.8485911443358253,4.603500954805856,14.930171865054106,5.55347901092582,78.9606003752345,974.4707317073171,968.3278924327705,16
2021-02-10,12.288901667625073,16.123519263944797,8.407303047728579,4.637354352296093,4.471674092934436,14.802673456397196,0.2612696563774025,70.69480925578486,982.4649155722324,970.3998749218262,15
2021-02-11,12.705462909718229,17.850833812535942,7.5239217941345595,4.5113858539390455,2.2756206238064927,8.007956715467854,0.7619963920625376,77.82614133833646,984.3885553470922,981.8708567854908,16
2021-02-12,13.269465209890743,17.97924094307073,8.53939045428407,5.791700759789596,3.0142584341183953,12.148758752387014,0.7917824773413897,70.85616010006255,987.3749843652283,981.4350844277673,15
2021-02-13,12.101782633697528,18.27159286946521,5.945773433007476,7.858094681472823,2.0579248886059833,7.400763844684913,0.40605707629586485,68.81488430268917,991.426454033771,986.5554721701064,15
2021-02-14,11.296262219666476,17.2372627947096,5.31811385853939,6.8573348918760955,2.664608529598982,8.106041828040278,0.1649970536240424,71.96810506566604,995.0166979362102,990.1738586616633,15
2021-02-15,12.010063254744107,16.847268545140885,7.169867740080505,6.171127995324372,2.4610439210693826,7.6168045830681095,0.0,67.20012507817385,996.0929330831768,992.5536585365852,15
2021-02-16,12.500287521564118,19.212765957446805,5.781771132834963,7.919053185271769,2.01031190324634,8.348185868873328,0.010408280621046578,66.14571607254534,993.6584740462787,987.6714821763602,15
2021-02-17,12.710695802185164,19.626509488211617,5.795342150661299,8.279700977573317,1.7079567154678545,7.338064926798217,0.01610120759056929,68.32520325203252,989.0614133833643,983.1677298311445,16
2021-02-18,11.91742380678551,17.71230592294422,6.108050603795284,6.05646923519264,2.5339274347549328,8.043093570973902,0.13916043703277747,72.88117573483426,984.6307066916825,981.244090056285,16
2021-02-19,12.023001725129387,18.261874640598045,5.781138585393904,6.773348918760959,2.2633991088478673,10.013049013367281,0.0,68.57098186366478,984.6828642901813,980.6856160100062,15
2021-02-20,12.88257619321449,18.66762507188039,7.119723979298447,5.0487434248977205,3.0770210057288345,11.226034373010819,1.4279470960322025,61.91994996873045,981.8548467792368,975.5482801751092,15
2021-02-21,11.14617596319724,14.882806210465786,7.435020126509489,1.7548801870251314,3.7682367918523227,12.329026098026734,5.606325474410581,77.37898686679175,979.8005628517823,970.5908692933083,15
2021-02-22,10.60816561242093,14.778493387004024,6.449281196089706,5.455894192064404,2.2770846594525778,9.005028644175685,3.795572167912593,73.61288305190745,990.6576610381487,976.7426516572858,16
2021-02-23,11.82806210465785,17.266417481311098,6.3657849338700405,8.081850746268659,2.932399745385105,8.458497772119667,0.0,68.73170731707317,999.1491205211724,992.1770684039087,15
2021-02-24,13.185451408855664,18.32708453133985,8.053133985048877,7.7735435229609315,3.594653087205601,10.06376907763769,0.1081081081081081,68.44715447154472,997.2353345841149,991.8969355847406,15
2021-02-25,12.53365318711446,16.733858807402328,8.360589444825221,3.49120184013801,2.2172501591343092,7.30515595162317,0.19638905066977286,75.4814253222138,993.8173233270794,990.3136335209505,16
2021-02-26,12.33122484186314,16.294652098907417,8.344508338125358,3.280070134424314,1.9976448122215147,6.54824952259707,0.022614840989399296,76.15259537210756,993.4105065666042,990.6151344590368,15
2021-02-27,11.398044853364002,16.074353076480737,6.7,5.353769725306839,2.435009548058561,7.480012730744747,0.13985048878665898,72.18323952470293,991.4134459036898,985.952095059412,15
2021-02-28,11.701782633697528,16.656181713628524,6.7259344450833805,6.2705435417884265,2.8917250159134302,9.599045194143857,0.8835890593729152,71.89243277048155,987.0043151969982,983.2575984990619,15
2021-03-01,12.186946520989073,15.551121334100058,8.812420931569868,3.0872915468660147,3.3152132399745384,10.175875238701462,0.03739463601532567,72.66541588492808,987.3571607254536,984.1683552220138,16
2021-03-02,12.566187464059805,16.22656699252444,8.90713053479011,3.9121334100057505,2.305792488860598,7.2240611075747925,0.0,75.73295809881176,992.3311444652908,986.9232645403374,16
2021-03-03,12.898447383553767,17.180621046578494,8.6186313973548,4.074698102357677,1.852005092297899,6.610057288351368,0.010140093395597065,76.07254534083803,993.0155096935584,989.3829893683554,16
2021-03-04,12.49718228867165,17.026164462334677,7.975273145485911,4.1878665899942495,1.9154042011457666,6.830235518777849,0.2889926617745163,72.18073796122577,989.5455909943715,981.9010631644776,16
2021-03-05,11.780678550891317,15.465037377803334,8.102760207015526,2.470368205727644,2.615722469764481,7.56416295353278,4.5139956490210285,77.71419637273294,983.3998123827391,979.8387742338961,15
2021-03-06,11.88453133985049,15.606440483036227,8.17791834387579,2.826417299824664,2.3439210693825587,7.853023551877785,1.5110073382254836,74.35772357723577,985.859974984365,982.759287054409,15
2021-03-07,11.765554916618747,15.079988499137436,8.442495687176539,2.3326709526592637,2.1242520687460216,7.56078930617441,3.441128433556051,79.62976860537835,985.3781738586616,980.1576610381488,15
2021-03-08,10.915813686026452,14.338297872340425,7.489246693502013,2.8410005750431284,2.3415658816040734,7.757288351368555,5.469800569800569,80.1225766103815,981.7745465916196,978.4015009380863,16
2021-03-09,10.505002875215641,15.15100632547441,5.8585393904542835,6.3181631254283745,2.139210693825589,7.511966900063653,0.009097370291400142,68.87367104440277,985.0224515322077,980.8816135084427,15
2021-03-10,10.871707878090858,17.90667050028752,3.8364002300172513,9.557505140507196,1.773456397199236,6.399936346276256,0.0,61.31957473420888,988.8195121951219,984.4222013758597,15
2021-03-11,13.247728579643473,20.62196664749856,5.8944795859689485,9.069752731454859,2.758943348185869,9.380330999363462,0.24877611940298508,60.467100977198704,996.169193659545,991.7607856650585,16
2021-03-12,12.413225991949396,17.731627372052905,7.096779758481887,8.083927323549965,2.929535327816677,10.150541056651816,0.018581907090464547,68.67854909318322,988.3701688555345,984.3565353345841,14
2021-03-13,11.666474985623921,18.59332949971248,4.758539390454284,9.535988819007684,2.9063653723742835,9.17396562698918,0.370615296147211,58.25641025641025,988.1754221388366,984.4545966228892,14
2021-03-14,11.981483611270844,18.784933870040252,5.165842438182864,9.168832983927322,2.9469764481222143,9.975938892425205,0.18211997670355273,58.50656660412758,990.2160100062538,985.7817385866165,14
2021-03-15,12.060379528464637,18.83323749281196,5.284013801035077,9.301576422206992,2.792361553150859,8.334373010821132,0.0025301897642323176,56.44090056285178,989.6170731707318,985.8305190744217,15
2021-03-16,12.267280046003451,19.360552041403103,5.1754456584243815,9.904797806716928,2.7958625079567154,9.829980903882875,0.01437607820586544,58.23952470293933,989.6678549093181,986.6981238273919,15
2021-03-17,13.34284071305348,20.214203565267393,6.467912593444508,10.235366689513365,3.788160407383832,10.521578612348824,0.1198389879240943,55.54784240150094,988.9677923702312,983.0407129455908,15
2021-03-18,10.549971247843589,15.578493387004025,5.535307648073605,6.845370902817711,4.003564608529598,11.63520050922979,5.099482461184588,56.545340838023755,985.1402751719824,979.9639774859287,16
2021-03-19,9.186198964922369,13.865669925244394,4.518401380103508,4.8607966457023055,3.5624443029917257,12.40560152768937,4.705520414031053,61.07379612257661,981.3871169480926,975.6005628517821,14
2021-03-20,8.672685451408856,13.820816561242093,3.536630247268545,7.892802236198461,4.481222151495863,12.948631444939528,0.49004076878276065,51.32082551594747,984.9388993120698,978.3957473420887,14
2021-03-21,9.2242668200115,16.37165037377803,2.087176538240368,9.901677148846959,2.466772756206238,8.339783577339276,0.029581614614024747,50.35772357723577,986.5485303314571,982.185803627267,14
2021-03-22,10.784358826912019,18.208453133985046,3.3553766532489937,9.929266620973268,2.4627625716104387,8.809993634627624,0.0,50.87429643527204,984.9207629768605,981.521200750469,15
2021-03-23,12.1588269120184,20.605520414031055,3.723001725129385,10.990198766278272,2.596562698917886,8.700572883513685,0.0,55.0093808630394,988.1036898061287,984.2205753595996,15
2021-03-24,13.268430132259919,21.255721679125934,5.24151811385854,9.143728581220014,2.4343730108211328,7.85340547422024,0.0,56.542839274546594,990.0919949968729,986.6772983114445,15
2021-03-25,13.89419206440483,21.3673950546291,6.428004600345025,9.339753255654557,2.543666454487588,8.464099299809039,0.0,57.369606003752345,989.1414008755472,985.0899937460913,15
2021-03-26,13.780058013052935,20.340391588107323,7.190427846265409,7.670251315020456,2.9322047894302217,9.854748142031378,0.03140298507462686,62.00645682001613,978.7072639225179,974.0272800645681,15
2021-03-27,13.919033927544566,19.720184013801035,8.134675100632547,5.928988895382818,2.6169955442393387,8.402482495225971,0.24251036116045,62.337085678549094,990.5446529080675,985.877986241401,15
2021-03-28,15.20678550891317,22.070155261644622,8.34519838987924,9.154926624737945,3.018586887332909,10.049777211966902,0.12144910868315123,56.30206378986866,991.8480925578485,988.6125078173858,14
2021-03-29,16.324324324324323,22.352731454859114,10.306382978723404,7.179125934445083,3.409802673456397,10.91005728835137,0.13148036253776432,52.669168230143846,991.697373358349,988.0020637898685,16
2021-03-30,17.12627947096032,22.83737780333525,11.408510638297873,5.210005750431281,3.771865054105665,10.895798854232973,0.0,48.151969981238274,990.8468417761101,986.0851782363977,16
2021-03-31,17.043473260494537,24.23484761357102,9.880046003450259,9.117889587700907,4.203055378739656,11.752450668364098,0.0,40.70168855534709,986.9540963101938,980.1410256410254,14
2021-04-01,15.808108108108108,21.96825761932145,9.646693502012651,6.912448860315603,3.8928071292170587,10.47956715467855,1.1246800731261426,52.15697310819262,983.9060037523451,978.0225140712944,15
2021-04-02,15.653191489361703,21.91926394479586,9.381138585393904,7.407477288609363,2.9639719923615524,9.562189688096755,1.100757134536983,62.685428392745465,982.0260787992495,978.2257035647278,14
2021-04-03,15.169752731454858,21.81811385853939,8.509890741805636,7.008176100628929,2.4298535964353905,9.547040101845958,1.993674525589419,64.19637273295808,980.1592870544089,975.851469668543,14
2021-04-04,14.15566417481311,19.911960897067278,8.39867740080506,8.001227352425483,2.075493316359007,7.577275620623806,0.055204140310523286,61.47404627892433,982.5680425265789,978.3341463414636,15
2021-04-05,14.891086831512363,22.28257619321449,7.515871190339275,10.552443933294995,2.089433481858689,7.544048376830044,0.0,56.035021888680426,983.2974984365227,979.389430894309,16
2021-04-06,15.630707303047728,23.313110983323746,7.895974698102358,9.695407813570938,2.526989178866964,9.190324633991088,0.03662790697674419,53.94934333958723,980.6492182614132,975.3462163852406,15
2021-04-07,13.32006900517539,18.799769982748707,7.886831512363427,7.824880054832077,3.0415022278803305,9.955887969446211,0.20059701492537313,57.520950594121324,986.5590368980613,978.2646654158848,15
2021-04-08,14.255434157561817,19.60845313398505,8.919493962047154,5.322069910897875,2.4024824952259705,8.77381874515879,0.7234289200732154,60.06191369606004,987.154659161976,982.9250156347719,15
2021-04-09,13.263139735480161,17.405347901092583,9.090971822886717,4.19561659848042,2.476893698281349,7.7746707978311385,2.2314548591144336,69.62976860537836,984.3903689806126,980.2698561601,15
2021-04-10,14.547211040828063,18.532489936745257,10.52639447958597,3.742957334891875,2.453914704010184,10.529047250193647,5.694824611845889,75.7191994996873,981.1372732958099,976.1376485303314,15
2021-04-11,14.225531914893619,19.00011500862565,9.457101782633698,4.8302746931618925,3.3508907823392717,10.192873741285824,3.2538147932440302,72.87617260787991,984.8891181988744,977.0463414634146,15
2021-04-12,14.023576768257618,19.317193789534215,8.695974698102358,8.162097326936257,2.574903175832688,8.48590240123935,0.0,59.803627267041904,988.5585365853656,984.4753595997497,15
2021-04-13,14.354456584243817,19.838355376653247,8.884531339850488,6.788154111558367,2.41138652207591,7.611928737412857,0.32330689444783406,63.01876172607879,987.9411507191994,983.4122576610383,16
2021-04-14,14.85698677400805,19.20080506037953,10.547901092581943,4.515526164462335,2.9199236155315087,9.151623169955442,2.3932651834034875,65.88617886178861,984.3670419011881,979.861038148843,16
2021-04-15,13.536860264519838,17.14002300172513,9.934905117883842,3.38671650373778,2.4991725015913424,8.533927434754931,3.9754728492983515,70.77673545966228,982.1581613508442,979.2612883051906,16
2021-04-16,12.73605520414031,18.107590569292697,7.374468085106383,7.992986557568673,2.817823042647994,10.122278803309992,1.4769407705577917,66.65853658536584,983.565415884928,979.4612257661038,15
2021-04-17,12.074698102357678,18.26958021851639,5.897642323174238,8.783459964932788,2.806683640992998,9.747676639083386,0.02121390689451974,56.51156973108193,984.1676672920576,980.6579737335835,15
2021-04-18,12.96843013225992,20.255434157561815,5.674755606670501,11.21132075471698,2.1894971355824313,8.105792488860597,0.0078205865439908,48.16197623514697,985.6153220762974,982.7917448405253,14
2021-04-19,15.07958596894767,22.759171937895342,7.437780333525015,8.654054054054054,2.979312539783577,9.811075747931254,0.11286513362336854,55.415884928080054,984.3263289555973,979.3974984365228,16
2021-04-20,14.909775733179988,20.038297872340426,9.758366877515813,6.565094882116158,2.274793125397835,8.9959898154042,1.491419939577039,66.9624765478424,981.0568480300187,976.9631644777984,16
2021-04-21,14.361529614721105,18.4541690626797,10.258079355951697,3.4376078205865435,2.8927434754933166,9.1569064290261,4.456354226566993,72.42338961851156,979.1193871169482,975.8651031894934,16
2021-04-22,15.320874065554914,19.565037377803336,11.096549741230593,4.98704592186429,2.4447485677912155,8.085996180776576,1.7953996549741231,72.60412757973734,981.9162601626017,977.2093808630394,15
2021-04-23,15.673720529039677,21.5188614146061,9.833582518688901,7.428872004675629,3.5198599618077653,9.607956715467854,0.1012075905692927,61.280800500312694,982.8873671044402,979.9536585365853,15
2021-04-24,15.142150661299596,20.46607245543416,9.82208165612421,5.328755113968439,3.34239338001273,10.516040738383193,1.6996374184191438,63.81988742964352,981.8535959974985,978.3757973733583,15
2021-04-25,15.434042553191489,19.599252443933295,11.254341575618172,3.3818234950321444,2.675175047740293,9.96479949077021,5.660437032777459,70.63227016885553,979.0449030644152,973.469918699187,15
2021-04-26,15.92075905692927,19.974698102357678,11.849856239217942,3.403680276020702,2.663208147676639,9.318077657542965,6.713422818791947,76.49280800500313,974.777923702314,970.1807379612259,16
2021-04-27,16.13956296722254,20.785163887291546,11.497067280046004,4.066359976998275,2.26817313812858,8.758370464672183,3.094626865671642,78.72670419011882,972.7439649781113,969.6951844903065,16
2021-04-28,15.528809660724553,20.161184588844165,10.896952271420355,5.225991949396205,2.948822406110757,9.69172501591343,4.281541115583669,74.15384615384616,973.7310193871168,970.8772357723577,16
2021-04-29,15.37308798159862,19.882116158711902,10.802587694077054,5.587809085681426,3.0183322724379376,9.60611075747931,5.092469687300573,69.40400250156348,975.1896810506568,972.4406504065038,16
2021-04-30,14.891834387579069,19.50212765957447,10.264519838987924,5.230742255990648,2.693761935073201,10.243093570973901,6.012995974698102,66.56973108192621,976.1277048155097,973.2495934959348,15
2021-05-01,14.234962622196665,19.51627372052904,9.005750431282346,8.170309760374051,3.227880330999363,10.746021642266072,1.4555485098287886,58.1682301438399,981.5136335209506,975.303564727955,15
2021-05-02,13.424611845888442,18.969407705577918,7.876940770557793,8.631794272355346,2.5241884150222784,7.9660725652450655,0.0035826524198617218,56.821138211382106,984.4015634771731,980.0315822388993,15
2021-05-03,14.370212765957447,19.854111558366878,8.898562392179414,4.996847155586016,2.4374283895607896,8.682304264799491,0.4876646706586826,63.21575984990619,985.0647904940586,981.6998123827391,15
2021-05-04,16.42691201840138,23.5757331799885,9.254686601495113,11.776559287183002,2.7566518141311267,8.645639719923615,0.08142610695802185,54.61413383364603,984.3657285803628,979.1026266416509,15
2021-05-05,17.805002875215642,25.300747556066707,10.345830937320299,11.497601096641537,2.367536600891152,8.489115213239975,0.04692351926394479,52.9161976235147,982.0440900562851,978.9403377110694,15
2021-05-06,19.046405980448533,26.9598044853364,11.153133985048878,12.058572600492207,2.8830044557606618,9.980458306810945,0.02993593476994759,50.37711069418387,982.5484677923704,978.8083176985616,14
2021-05-07,20.338470385278896,28.238470385278895,12.43174238067855,11.896201052016364,2.758879694462125,9.934754933163587,0.0,47.20637898686678,983.9712945590994,980.1605378361473,15
2021-05-08,20.076480736055203,27.3870040253019,12.752041403105231,10.554061952074807,3.307893061744112,10.641438574156586,0.01885424220449601,48.630393996247655,982.5615384615385,975.2464665415883,15
2021-05-09,18.02570442783209,23.6259919493962,12.39252443933295,5.50040911747516,4.653341820496499,14.565499681731382,4.668430132259919,67.84240150093808,977.3522826766729,970.5216385240775,15
2021-05-10,16.142265669925244,21.14335825186889,11.158251868890167,6.489649223691778,3.3109484404837684,13.601782304264798,2.0034502587694076,65.12570356472797,979.3517823639772,974.0024390243902,16
2021-05-11,14.809833237492814,20.660552041403108,8.98522139160437,11.590335846470182,3.8134945894334815,11.292998090388288,0.10859232175502744,48.65791119449656,985.3906816760474,978.9757348342712,15
2021-05-12,16.21368602645198,23.032892466935017,9.425531914893618,9.252558941920645,4.56168045830681,13.800190961171229,0.2208253968253968,52.920575359599745,984.7959349593497,979.7501563477173,16
2021-05-13,17.224151811385855,23.64054054054054,10.848303622771708,9.030649798734906,4.215085932527052,12.108720560152767,1.600115008625647,53.444027517198236,982.988367729831,977.5373983739837,16
2021-05-14,17.909833237492812,24.50431282346176,11.3205865439908,10.842255990648745,3.203755569700827,10.507256524506682,0.12196664749856237,49.824890556597865,982.7819262038773,978.3284552845528,15
2021-05-15,19.672340425531914,27.77987349051179,11.557216791259343,10.214208021753908,3.646658179503501,11.160343730108211,0.60448533640023,49.51969981238275,981.5651031894934,977.1934333958724,14
2021-05-16,21.680966072455433,28.240253018976425,15.102760207015526,9.971116708648191,4.1238064926798215,11.690706556333545,0.06635997699827487,50.62789243277048,980.7138211382113,976.8289555972483,13
2021-05-17,19.758079355951697,25.45336400230017,14.09085681426107,10.9396847155586,3.2808402291534047,9.807001909611714,0.018171362852213914,48.395872420262656,984.6746716697934,979.8546591619762,15
2021-05-18,20.426854514088554,27.82788959171938,13.033640023001725,11.232625085675119,3.3205601527689366,11.350795671546784,0.197062423500612,47.97811131957474,985.8049405878673,980.2891181988741,15
2021-05-19,19.616848763657273,25.669580218516387,13.58424381828637,11.223461759631974,3.3238701464035643,9.461871419478038,0.00943070730304773,48.420888055034396,987.6582864290181,983.3353971232017,16
2021-05-20,20.459689476710754,27.812075905692925,13.062047153536513,12.757159286946521,2.271483131763208,8.144239338001274,0.03488509133765468,46.093183239524706,987.7495309568479,982.7129455909944,16
2021-05-21,20.47464059804485,27.61828637147786,13.317998849913744,11.041203974284043,3.4976448122215142,10.701336728198598,0.16607245543415752,48.931207004377725,983.8328330206378,977.0619762351467,15
2021-05-22,18.43576768257619,23.751696377228292,13.138297872340425,7.818293395675042,3.768364099299809,10.660852959898154,0.1905671641791045,47.950594121325814,981.7602251407129,977.6433395872419,15
2021-05-23,16.367222541690627,20.720931569867737,12.010925819436459,4.721683226183519,3.438255887969445,9.93029917250159,10.269003021148036,57.304565353345836,985.0959974984366,980.0244527829892,15
2021-05-24,17.51316848763657,24.459056929269696,10.592294422081658,10.694996572995201,3.8312539783577337,10.780585614258433,0.12706674831598286,48.41338336460288,987.6626016260162,982.3056910569104,15
2021-05-25,18.603565267395055,24.978608395629674,12.20598044853364,9.900805060379529,3.472437937619351,10.10763844684914,0.005833861762840837,50.08067542213884,988.6295809881175,983.9612883051907,16
2021-05-26,19.47740080506038,26.259171937895346,12.663772282921217,10.772121566335477,2.7847867600254617,8.935009548058561,0.2820011500862565,50.0100062539087,986.1705440900563,980.2233896185115,15
2021-05-27,19.159344450833814,24.91023576768258,13.39867740080506,6.04436002337814,2.331763208147676,8.627180140038192,0.8407130534790109,58.86178861788617,982.9086929330831,979.1695434646654,15
2021-05-28,21.007015526164462,27.003392754456584,15.02955721679126,9.241320864991232,2.338064926798217,9.893189051559515,0.8074626865671641,55.60350218886804,983.2207629768607,979.7576610381489,15
2021-05-29,22.057389304197816,29.916618746405984,14.20517538815411,11.82805376972531,2.8454487587523873,9.170591979630808,1.4477220077220077,47.7567229518449,984.4378361475921,980.8839899937461,15
2021-05-30,22.5943645773433,29.043933294997125,16.12139160437033,8.10637054354179,2.6520687460216417,9.211775938892425,1.3487061529614721,52.6447779862414,983.6429643527204,978.8258911819886,15
2021-05-31,22.092754456584245,28.3700977573318,15.77791834387579,8.03969252271139,3.7961171228516863,10.931689677843522,1.6010483401281306,55.20075046904315,981.0377110694185,976.8292057535959,14
2021-06-01,20.343128234617595,25.170787809085684,15.512708453133985,5.917653824036803,3.5418841502227876,10.370910248249524,2.156354226566992,62.26579111944966,978.9903689806126,975.34684177611,16
2021-06-02,20.50615296147211,27.244105807935593,13.802357676825762,11.021785085143867,3.0819859961807756,9.609953550099535,0.0902102973168963,55.323327079424644,981.9627892432768,977.713070669168,15
2021-06-03,20.87924094307073,26.902415181138586,14.881656124209314,9.728464634847615,3.4816040738383194,11.491661362189689,1.7183438757906844,58.13445903689806,985.0754846779236,981.1589118198872,16
2021-06-04,20.763427257044277,26.464519838987922,15.0943645773433,6.89760374050263,2.671546785486951,8.580458306810948,0.21656124209315697,57.21575984990619,987.1813633520951,983.3502814258911,15
2021-06-05,19.95169637722829,24.954571592869463,14.925359401955147,5.1666861484511974,3.3391470401018455,10.582113303628262,1.840832666132906,64.7104440275172,988.2748592870544,984.4647279549717,15
2021-06-06,21.752961472110407,28.83755031627372,14.66428982173663,11.25113968439509,2.2143220878421386,8.070591979630807,0.028285209192692985,51.495309568480295,986.9153846153845,982.9764227642276,15
2021-06-07,22.876998274870616,30.765267395054625,14.966417481311098,12.937080191912266,2.934436664544876,10.129344366645446,0.0,45.81175734834271,985.502626641651,982.0522201375861,15
2021-06-08,23.86555491661875,31.816733755031628,15.925934445083382,11.643128234617595,2.578166772756206,9.925716104392107,0.5891291642314436,44.34459036898061,985.5366479049408,982.1712320200124,16
2021-06-09,24.14203565267395,31.822311673375502,16.445485911443356,11.596984235777928,2.752896244430299,9.680140038192233,0.0,43.24077548467792,985.6480925578485,982.3714196372733,15
2021-06-10,24.654859114433584,32.13001725129385,17.159171937895344,12.249511213341002,3.070337364735837,9.352259707192871,0.008740655549166188,42.627267041901185,984.4728580362727,980.4764227642274,16
2021-06-11,24.082001150086256,30.964922369177685,17.20287521564117,11.162361192285214,2.996371737746658,11.571355824315722,0.44634847613571016,45.79424640400251,983.463602251407,979.4332707942466,15
2021-06-12,23.86290971822887,31.114893617021277,16.60299022426682,11.620684835779171,3.425015913430936,10.688160407383831,1.5155409836065572,48.03814884302689,985.6674796747967,981.9636647904941,14
2021-06-13,24.919321449108683,32.10897067280046,17.764519838987923,11.246331236897271,3.7010821133036282,11.199172501591342,0.8370226537216828,46.254534083802376,986.1076297686053,982.3469668542838,14
2021-06-14,25.267050028752156,32.881541115583666,17.662852213916043,11.836227717078781,2.9734563971992363,9.519414385741566,0.3434155141310884,45.72232645403377,986.2220195439739,981.7342019543972,16
2021-06-15,24.91431857389304,31.64008050603795,18.19102932719954,8.894019551466359,3.398281349458943,10.174220241884152,0.16052471018913972,47.37711069418386,982.9501563477173,978.7151969981238,16
2021-06-16,24.400632547441063,29.92558941920644,18.880621046578494,6.838182863714779,3.2963717377466573,11.35697008274984,3.6037377803335247,51.09881175734834,980.258411507192,975.2045028142591,16
2021-06-17,21.593789534215063,25.84272570442783,17.302817711328352,4.440023001725129,3.0962444302991714,12.336346276257164,6.092696952271421,71.39649781113195,978.4464665415884,974.8044402751718,16
2021-06-18,21.194077055779182,26.714376078205866,15.640655549166187,7.396549741230593,3.754742202418842,11.099681731381287,1.7422128683102827,61.98186366479049,981.086616635397,977.1976860537836,16
2021-06-19,21.227544565842436,26.50350776308223,15.928119608970672,5.009234365867913,2.9304901336728197,9.93475493316359,0.6949010197960409,59.70606629143215,981.4654784240149,978.3554096310194,15
2021-06-20,21.067855089131683,26.061069580218515,16.098102357676826,6.534891876095849,4.368364099299809,11.887587523870147,1.5051162790697672,58.293933708567856,979.3393996247654,975.126454033771,15
2021-06-21,20.751236342725704,26.805750431282345,14.696089706728007,10.10448533640023,4.240292807129217,12.219478039465308,1.181812688821752,50.25891181988744,978.7773608505316,975.1100062539088,16
2021-06-22,20.804772857964345,26.620529039677976,14.998792409430706,8.147211040828061,3.7506683640992993,11.11795035009548,2.304126984126984,52.39587242026266,982.3502814258911,978.1366479049406,16
2021-06-23,20.228522139160436,25.95112133410006,14.491086831512362,8.423979298447385,2.503055378739656,8.928771483131761,1.0641748131109834,54.55722326454033,984.5132582864289,980.6459036898059,16
2021-06-24,21.76848763657274,29.053536515238644,14.466474985623922,12.545370902817712,2.920369191597709,9.111012094207512,0.0,44.572232645403375,985.5653533458409,982.7134459036896,16
2021-06-25,23.51512363427257,30.91684876365727,16.063542265669927,13.03091759205143,3.349267982176957,9.222978994271163,0.0,45.27954971857411,985.4602876797999,980.2119449656035,15
2021-06-26,24.276193214491087,31.62576193214491,16.90132259919494,11.88778492109877,3.552577975811585,11.105474220241883,0.27838006230529594,46.58223889931208,982.6370856785492,977.8372107567229,15
2021-06-27,23.41282346175963,30.375790684301325,16.442840713053478,11.75698421975453,4.746976448122215,12.019987269255251,0.15583668775158135,45.08630393996248,980.7850531582237,977.0913696060037,15
2021-06-28,22.16227717078781,29.205635422656698,15.121104082806209,12.106078316773814,3.460725652450668,10.395480585614258,0.12535940195514664,43.761100687929954,982.1646654158849,978.895497185741,15
2021-06-29,22.62277170787809,29.51937895342151,15.692869465209888,11.592460549386322,3.115404201145767,9.975556970082748,0.003680276020701553,47.006879299562215,983.1428392745464,979.791119449656,15
2021-06-30,23.825186889016678,30.5860264519839,17.06112708453134,11.185451408855664,3.1012730744748565,9.66842775302355,0.5038992201559688,47.05378361475923,982.5712945590994,979.539774859287,16
2021-07-01,24.907073030477285,31.806095457159287,18.003392754456584,12.238527889591719,3.400318268618714,10.205919796308082,0.0,47.84990619136961,982.9739212007505,979.9596622889304,16
2021-07-02,25.286313973548015,33.076020701552615,17.46164462334675,13.20490940970193,3.3485041374920432,9.988033099936345,0.14565217391304347,43.4590368980613,982.9011257035647,979.4672295184489,15
2021-07-03,25.76843013225992,33.330592294422075,18.17924094307073,11.964348334307422,3.752514322087842,10.742775302355188,0.0,46.69230769230769,982.1481550969356,978.7539086929329,15
2021-07-04,25.291225525743293,32.21290790427846,18.396446700507614,10.24886031560491,3.6706853839801807,10.712799339388932,0.0,48.11541565778853,972.8055690072637,969.2907183212267,15
2021-07-05,26.07740080506038,33.49401955146636,18.631454859114434,12.754859114433582,4.026225334182049,11.786378103119032,0.02077443146896128,46.679174484052524,981.9946841776109,975.5784865540962,16
2021-07-06,24.607015526164464,30.839850488786656,18.36630247268545,8.506440483036227,3.6881604073838314,12.125206874602164,1.2024203821656052,54.02501563477172,980.6210756722952,976.3454659161976,16
2021-07-07,23.12185163887291,29.11679125934445,17.133812535940194,10.934886908841673,3.260725652450668,10.279503500954807,0.7859302325581394,49.41838649155722,984.4559099437147,979.7260787992495,15
2021-07-08,23.489764232317427,30.054399079930995,16.91880391029327,12.084578478409867,3.6047740292807124,9.41839592616168,0.008740655549166188,39.480781758957654,988.7767426710095,984.6616286644949,15
2021-07-09,25.17297297297297,32.34232317423807,18.00103507763082,11.803563941299785,3.3936982813494585,10.152577975811582,0.007360552041403106,44.945590994371486,986.66272670419,980.8958724202625,14
2021-07-10,26.66296722254169,34.853421506612996,18.52357676825762,11.754856743535987,2.907065563335455,9.414131126670911,0.0,42.31582238899311,983.0018136335208,978.494559099437,14
2021-07-11,27.458999424956872,34.633812535940194,20.268142610695804,9.282524839275277,3.6971992361553148,12.453914704010183,0.23992953611274226,42.97310819262038,981.7425265791119,975.8173233270794,15
2021-07-12,25.815181138585395,32.2421506612996,19.39976998274871,9.774640598044854,4.366263526416295,12.671674092934435,0.28729154686601494,44.74108818011256,982.4544715447153,976.7399624765477,16
2021-07-13,22.74554341575618,29.488556641748133,15.968372627947097,12.09321453050034,3.4660089115213237,9.892234245703373,0.21311098332374928,37.755472170106316,984.5437773608505,980.8557223264539,15
2021-07-14,22.716848763657275,29.96584243818286,15.500805060379527,11.723634272570443,2.6191597708465943,9.63049013367282,0.0,43.078173858661664,984.7354596622888,981.0467166979361,16
2021-07-15,24.401610120759056,31.418286371477862,17.399942495687178,11.110408280621046,2.9815404201145763,8.969382558879692,0.0,44.36585365853659,983.9070043777361,980.5212007504688,16
2021-07-16,25.699654974123057,33.721334100057504,17.643243243243244,13.073654786862335,2.9256524506683634,9.29191597708466,0.0,42.89931207004377,983.6636647904941,979.9415259537209,14
2021-07-17,26.791029327199542,34.573317998849916,19.014031052328924,12.702220923436588,3.23946530872056,9.900381922342456,0.0,41.98874296435272,983.2717948717947,979.5214509068169,15
2021-07-18,26.790799309948248,33.97579068430132,19.610695802185163,12.913033313851551,3.674984086569064,11.266199872692553,0.0,41.74921826141339,981.7051282051283,977.5533458411506,15
2021-07-19,26.083208740655547,33.285221391604374,18.89430707303048,12.68355376653249,3.262316995544239,9.987587523870147,0.0025301897642323176,46.09631019387117,980.000687929956,976.6618511569731,16
2021-07-20,26.08154111558367,33.092754456584245,19.045313398504888,11.517711328349627,3.4873329089751746,9.677721196690007,0.09899348727057432,45.88680425265791,982.0793621013133,977.9804252657912,16
2021-07-21,26.98493387004025,34.597239792984475,19.37326049453709,12.022024151811387,2.9936982813494586,9.896371737746659,0.014560279557367502,43.61413383364603,983.318761726079,980.3162601626016,16
2021-07-22,27.899022426682,36.180851063829785,19.64968372627947,12.025531914893616,3.288033099936346,9.894716740929345,0.011415259172976122,37.541588492808,983.1336460287679,978.4493433395874,16
2021-07-23,27.16009200690052,34.4830937320299,19.851753881541114,10.122443015780245,3.522915340547422,11.389051559516233,0.0708162066940693,38.625390869293305,980.0761100687929,975.2118824265166,15
2021-07-24,26.226682001150085,33.71362852213916,18.76072455434158,11.834311670160725,3.254742202418841,9.884468491406746,0.04048303622771708,42.233270794246394,977.6402126328954,974.565540963102,14
2021-07-25,25.087291546866016,31.527142035652673,18.62558941920644,10.808825248392754,3.735773392743476,10.969891788669639,1.2130232558139533,48.167604752970604,978.3000625390869,974.9838649155722,15
2021-07-26,24.240828062104654,29.85060379528465,18.661184588844165,8.38310929281122,2.993889242520687,9.848949713558243,1.6157561817136283,59.38774233896184,980.8853658536584,977.1252657911197,15
2021-07-27,25.14617596319724,32.437205290396776,17.858884416331225,11.570020964360587,2.985041374920433,9.47218332272438,0.10559811431938716,48.08630393996247,980.9479049405878,976.3595372107566,14
2021-07-28,26.026624496837265,32.571707878090855,19.464059804485338,11.570017533606077,3.148185868873328,10.676639083386377,0.0,49.64853033145715,980.0726078799249,977.2009380863038,15
2021-07-29,26.653552554315908,33.03276570757486,20.316382853787438,11.314395527603072,3.5448758752387004,10.07733927434755,0.002875215641173088,49.7204502814259,980.6497185741086,976.7749843652281,14
2021-07-30,26.821621621621624,34.30350776308223,19.32857964347326,11.686966686148452,3.7056015276893697,10.81705919796308,0.1766532489936745,49.9149468417761,979.5242026266417,975.9242026266413,15
2021-07-31,23.622771707878087,29.376883266244967,17.870902817711325,8.852367036820572,4.0742202418841496,12.033991088478675,1.7166177334116266,50.13696060037523,980.0981238273921,975.888492808005,15
2021-08-01,22.053364002300174,28.31541115583669,15.745083381253593,10.987002096436058,3.123806492679822,9.25716104392107,0.005358182877111241,45.25703564727955,982.043339587242,978.4427767354595,14
2021-08-02,22.990109258194366,29.528177113283498,16.48435882691202,9.749056603773584,2.7168045830681096,9.401718650541058,0.13084786530366804,48.212007504690426,981.7158849280801,978.8488430268918,14
2021-08-03,24.717193789534218,31.77343300747556,17.657216791259344,10.75499707773232,3.0525779758115847,9.597835773392744,1.2809981960312686,47.39837398373984,982.5455284552845,978.063602251407,15
2021-08-04,26.146751006325474,32.953881541115585,19.287119033927546,11.001048218029348,3.6018459579885422,11.139401654996817,0.12870313460356483,49.882426516572856,982.185678549093,978.0559724828016,14
2021-08-05,26.291316848763657,34.31799884991374,18.241288096607242,11.84472396925227,3.256015276893698,9.985550604710376,0.15675675675675677,45.30456535334584,982.0661038148843,976.6562226391494,14
2021-08-06,25.925531914893618,32.637377803335255,19.19735480161012,12.033473095737245,4.019605346912794,11.016613621896878,0.07239792984473836,49.98186366479049,978.0135084427767,973.1719199499688,14
2021-08-07,25.634330074755606,32.13139735480161,19.147268545140882,10.657987763426238,3.858370464672184,11.459134309357095,0.1442160892542572,46.291432145090674,978.5647904940588,972.9883677298312,14
2021-08-08,23.827774583093735,29.79769982748706,17.854859114433584,9.364231443600234,3.184659452577976,9.66078930617441,0.4213916043703278,50.73545966228893,981.4169480925576,977.600875547217,15
2021-08-09,24.78999424956872,31.626969522714205,17.957964347326048,10.468717653824037,2.737810311903247,8.884213876511776,0.0,49.729205753596005,982.3458411507191,979.2589118198874,16
2021-08-10,26.112478435882693,32.47993099482461,19.772800460034503,7.828464634847614,2.300763844684914,9.163080840229155,0.042323174238067855,51.53533458411506,982.3111319574733,978.631081926204,16
2021-08-11,27.759746981023575,34.49539965497412,21.027257044278322,8.622024151811386,2.8213239974538515,10.167091024824952,0.17987349051178841,48.766729205753606,983.0820512820513,979.5591619762351,16
2021-08-12,29.214548591144336,36.8372627947096,21.6223116733755,10.082001150086258,2.762189688096753,9.038701464035645,0.0016101207590569291,43.1219512195122,984.7986866791746,980.7077548467793,16
2021-08-13,29.124324324324327,37.30316273720529,20.95002875215641,10.628287551139687,2.5507320178230426,9.700954805856144,0.0026458208057727004,44.021263289555975,986.0633520950593,982.8890556597872,15
2021-08-14,30.684933870040254,38.91035077630822,22.468487636572746,9.940853302162479,2.8462126034373005,11.956651814131126,0.05669925244393329,42.061913696060046,984.822889305816,980.8055034396497,15
2021-08-15,30.32593444508338,38.22553191489362,22.399309948246117,9.331618936294566,3.450922978994271,12.408147676639082,0.08658448150833938,39.08943089430894,983.0818636647905,979.3764227642274,15
2021-08-16,27.909833237492812,35.152903967797585,20.648993674525588,9.85901302261823,3.1919796308084023,9.941502227880331,0.004600345025876941,38.881175734834265,983.788617886179,979.9691056910569,15
2021-08-17,25.24335825186889,31.313513513513517,19.112880966072456,9.605688827964357,3.4716740929344363,9.316804583068109,0.13801035077630822,47.58974358974358,985.2668542839274,981.8006253908692,15
2021-08-18,25.33473260494537,31.827889591719376,18.872857964347325,10.517957505140506,2.9074474856779124,9.333227243793761,0.1861695730607336,48.27642276422764,984.0276422764227,979.0194496560348,15
2021-08-19,25.029384703852788,31.361357101782634,18.707073030477286,10.208361891706648,2.7430299172501584,9.744302991725014,1.9974405850091406,54.79987492182613,980.9232645403378,977.3238273921198,15
2021-08-20,25.702070155261644,32.75428407130534,18.669292696952272,12.213137665967855,2.8614258434118396,8.986950986632717,0.0,51.14133833646029,981.7307066916823,978.3702313946216,14
2021-08-21,26.58752156411731,34.14077055779184,19.046808510638293,11.786791350087668,2.3784213876511773,8.746785486950985,0.019321449108683147,48.11569731081925,984.148655409631,980.6849280800501,15
2021-08-22,26.33122484186314,33.3916618746406,19.30983323749281,9.958328462887202,2.466709102482495,8.583131763208145,0.024814814814814817,47.88430268918072,985.0673545966227,981.4722326454032,15
2021-08-23,26.598849913743532,32.62564692351926,20.605922944220815,8.603565166569258,2.909357097390197,9.306492679821769,0.18792549775208733,53.220137585991246,983.7015009380862,978.6608505315821,15
2021-08-24,25.66451983898792,30.980908568142613,20.37619321449109,8.468134171907755,3.2105028644175677,10.839719923615531,1.2146060954571591,58.58348968105066,981.1890556597873,976.4738586616636,14
2021-08-25,24.74732604945371,30.60454284071306,18.91845888441633,9.077089421391,2.8576702737110113,10.130999363462761,0.5911443358251869,58.08755472170106,979.9732332707941,976.8035021888679,15
2021-08-26,25.841288096607244,32.986141460609545,18.69781483611271,10.890426275331931,2.739592616168046,9.263908338637808,0.0,54.2995622263915,980.4390869293308,977.3110068792997,14
2021-08-27,26.806210465784932,33.99453709028177,19.67004025301898,11.39801285797779,2.71839592616168,9.379694462126034,0.0,49.94871794871794,980.5953095684803,977.2156347717323,15
2021-08-28,24.865209890741806,31.406785508913174,18.34721104082806,11.148918760958502,3.246582614465826,10.445122760451225,0.0,53.31465798045601,982.6104885993485,979.4573941368076,15
2021-08-29,24.58085106382979,30.012190914318573,19.125474410580793,10.876939203354292,3.1823042647994906,10.022024188415024,0.08112074716477652,55.465916197623514,980.794684177611,977.2457160725453,14
2021-08-30,23.757676825761934,29.409660724554342,18.101955146635998,8.986428982173663,2.4124124761298535,9.422851686823678,0.010140093395597065,60.164477798624134,980.4874921826141,977.2719199499687,16
2021-08-31,24.486946520989076,30.636687751581366,18.349051178838412,8.932432432432432,2.7417568427753025,9.964417568427752,3.2285918513223737,58.829268292682926,981.8566604127581,978.4220137585991,16
2021-09-01,22.920011500862564,27.68453133985049,18.135480161012072,4.38205865439908,3.203246339910885,11.248058561425843,9.78487636572743,68.7936210131332,982.7335209505942,979.0928705440901,16
2021-09-02,22.97521564117309,28.4487636572743,17.50879815986199,7.418401380103508,2.3812221514958627,9.34996817313813,1.3025906735751296,65.72357723577235,983.0727329580989,980.0814884302687,16
2021-09-03,23.80885566417481,30.11046578493387,17.4786658999425,9.884628872004674,2.608147676639083,8.679248886059833,0.8007164179104478,61.19699812382739,982.6603502188868,979.1047529706066,15
2021-09-04,24.5083381253594,30.894882116158712,18.103622771707876,10.394199860237597,2.5004455760662,8.150413749204327,0.0,55.890556597873676,981.3386491557224,978.1598499061913,14
2021-09-05,26.237205290396776,33.417366302472686,19.030017251293845,10.97197763801537,2.1003819223424567,10.507383831954169,0.0,51.60787992495309,982.9228893058162,979.2712320200125,14
2021-09-06,27.169637722829215,33.19884991374353,21.152328924669348,5.9704592186429055,2.713812858052196,9.245257797581157,0.0,51.145090681676045,983.9050031269543,980.2460287679799,15
2021-09-07,25.90350776308223,31.17211040828062,20.639562967222542,7.6098772647574515,3.3912157861234875,10.159070655633355,0.12075905692926968,56.415884928080054,983.4224515322073,979.5996247654784,15
2021-09-08,24.86532489936745,30.736975273145486,18.960092006900517,10.005241090146749,3.567154678548695,10.43971992361553,0.10701552616446233,57.33771106941838,982.1994996873045,977.7492808005003,14
2021-09-09,24.090454284071306,29.671305347901093,18.50454284071305,7.026279470960322,2.883577339274347,9.672374283895607,7.4739063699155786,59.60412757973733,981.5320200125078,978.8392745465916,16
2021-09-10,23.924841863139736,30.139275445658427,17.73317998849914,9.982535684298908,2.818459579885423,9.738192234245703,2.532202415181138,58.18011257035647,984.4038774233895,980.4935584740463,13
2021-09-11,23.72374928119609,30.003910293271996,17.48752156411731,8.379427235534774,2.1516868236791846,8.394016549968173,0.0010925819436457735,55.838023764853034,984.2048780487805,980.2950594121326,15
2021-09-12,24.643703277745832,31.90149511213341,17.40379528464635,10.435918937805727,2.1835773392743474,8.125397835773393,0.13135261923377636,53.053783614759226,981.3913070669165,977.2677298311445,14
2021-09-13,24.275675675675675,28.82225416906268,19.71075330649799,1.9916043703277746,2.68160407383832,9.835391470401017,5.975618171362853,62.35772357723577,980.7893058161352,977.288430268918,16
2021-09-14,22.602828136330672,26.68963016678752,18.50007251631617,2.6745255894192064,2.4826589595375714,10.505862923203964,6.519976703552709,72.54075867635189,970.8296206618239,967.1935431799837,16
2021-09-15,22.819206440483036,27.613398504887865,18.027889591719376,6.102587694077056,2.5965626989178863,10.314704010184595,3.2918902058640045,69.0375234521576,982.1076297686053,977.420200125078,16
2021-09-16,21.664684554024653,26.546047860768674,16.735968092820883,5.818812541694462,1.9565881604073838,8.570602807597025,2.957209302325581,70.34771732332707,983.9480300187616,980.6481550969355,15
2021-09-17,22.409718228867163,28.629844738355374,16.189131684876365,9.816631726065689,2.3150222788033097,8.145385105028643,0.6371037911746427,62.278924327704814,983.051344590369,977.904502814259,14
2021-09-18,21.964577343300746,27.506555491661874,16.468717653824037,8.522033898305084,2.7086569064290256,8.805919796308084,1.7901188242651653,62.69981238273921,981.8068792995622,978.2284552845528,15
2021-09-19,20.768372627947095,26.89332949971248,14.599654974123059,10.075611460517118,1.93386378103119,7.681031190324632,0.2150966183574879,54.12820512820513,984.7665415884928,981.2522826766728,14
2021-09-20,20.66497987349051,26.584301322599195,14.751926394479586,8.546607265250172,2.8840229153405468,10.401400381922343,4.018516388729154,60.69793621013133,986.1398999374608,982.0729831144465,15
2021-09-21,18.910178263369755,24.043243243243246,13.804887866589993,6.925186889016677,2.7612348822406103,11.1444302991725,2.9226071638285376,63.422764227642276,986.1441525953721,983.3276422764227,16
2021-09-22,19.599597469810234,24.74818861414606,14.49137435307648,6.532488005483207,2.624252068746021,8.259134309357096,16.07550058892815,65.70168855534709,985.1475297060662,980.9213883677298,15
2021-09-23,20.321334100057506,24.76687751581369,15.853939045428408,5.497875257025359,3.4098026734563973,10.153978357733925,2.8443933294997126,75.11382113821139,983.0422138836773,979.8417135709818,15
2021-09-24,20.675330649798738,24.683438757906842,16.667510063254745,2.7461718293395676,2.4688733290897518,8.06123488224061,1.3554766133806988,72.68792995622263,982.7462789243278,978.7399624765478,15
2021-09-25,21.517826336975276,26.682231167337548,16.387464059804486,7.936060783167737,2.9320178230426475,9.683768300445577,1.4359401955146636,67.35334584115074,984.0752345215758,980.2400250156347,15
2021-09-26,21.183438757906842,27.38470385278896,15.012650948821161,10.007756813417192,1.7578612348822404,6.9194143857415655,0.003383685800604229,59.18574108818011,986.2939962476546,983.375046904315,14
2021-09-27,21.5382403680276,28.679988499137433,14.401897642323172,9.30904729266621,1.786505410566518,7.001082113303626,0.0,58.01250781738587,987.5190118824265,984.0068792995622,15
2021-09-28,20.989649223691778,27.189419206440483,14.77027027027027,8.133640023001725,2.4777211966900055,7.828898790579248,0.00450281425891182,63.96310193871168,987.5986866791744,983.9894308943088,16
2021-09-29,20.722886716503737,26.625531914893617,14.788039102932721,8.866963673749142,2.26212603437301,7.767345639719922,0.20575043128234619,61.42651657285805,990.2848030018761,986.1988117573482,15
2021-09-30,20.922081656124206,26.577573317998848,15.25865439907993,8.534612748457846,1.9029280712921703,6.453214513049013,0.02041403105232893,60.809255784865535,990.0261413383364,985.5545340838025,15
2021-10-01,20.980161012075904,27.591259344450833,14.347441058079356,7.8945492662473775,1.9239338001273074,6.927116486314448,0.01610120759056929,60.269543464665404,986.9860537836148,982.7796747967479,14
2021-10-02,21.592984473835536,27.691776883266243,15.522024151811385,8.308474576271186,2.6375556970082745,9.201654996817314,1.2751581368602645,59.424640400250155,983.7906816760476,976.5404002501563,15
2021-10-03,19.097412305922944,24.529614721104082,13.681023576768258,4.465692577440094,4.099427116486314,12.574729471674093,5.375963197239793,66.63414634146342,981.9043777360848,974.2133208255159,15
2021-10-04,16.250546290971823,21.969867740080506,10.537090281771132,7.747429746401644,2.364863144493953,8.455569700827498,1.1848338368580058,60.94871794871794,985.745903689806,981.1105065666042,15
2021-10-05,17.610005750431284,24.385968947671074,10.841978148361127,8.11987662782728,2.540356460852959,9.20006365372374,0.34951121334100055,59.74421513445903,986.8602251407128,982.8394621638523,15
2021-10-06,19.661069580218516,25.718401380103504,13.608740655549168,9.838382453735436,2.3371737746658177,8.285614258434117,0.0,60.53595997498436,988.0934959349593,985.0971232020012,15
2021-10-07,19.416561242093156,26.383093732029902,12.464634847613572,9.889924605894446,2.193380012730744,6.784595798854232,0.0,57.74546591619762,986.8779237023138,982.2515322076297,15
2021-10-08,19.12461184588844,25.915526164462335,12.379815986198967,9.459088252483927,2.0614258434118398,6.894207511139402,0.0,60.07629768605378,984.7889305816134,982.1080675422139,15
2021-10-09,18.50086256469235,24.61949396204715,12.365267395054628,7.658094681472825,1.9056015276893696,6.841693189051558,0.01218274111675127,66.28392745465916,985.6515947467168,982.9060037523452,15
2021-10-10,18.840885566417484,24.595974698102356,13.084646348476134,7.293850454227811,2.4105028644175683,7.943666454487587,0.637607820586544,64.4577861163227,985.7006253908693,983.2414634146342,14
2021-10-11,18.94088556641748,25.105750431282345,12.789304197814834,8.662054507337524,2.8229789942711645,8.194016549968174,0.0,61.749218261413375,985.8289555972484,982.9757973733582,14
2021-10-12,18.51943645773433,25.09603220241518,11.938355376653249,9.540740740740741,1.9969446212603432,6.429789942711647,0.0,60.75422138836773,984.7876172607878,980.4234521575985,14
2021-10-13,17.73720529039678,24.98096607245543,10.514433582518688,9.698149417409184,1.8138765117759388,7.496308084022916,0.0,57.922451532207624,985.2457786116322,981.852032520325,15
2021-10-14,18.035652673950548,25.000747556066706,11.090971822886717,9.50411240575737,1.8436028007638445,6.754614894971355,0.0,59.04815509693559,986.9651031894934,984.0108192620387,15
2021-10-15,18.413916043703278,25.559056929269694,11.318056354226567,9.015838690824078,1.907065563335455,7.085359643539148,0.0,56.85178236397749,985.8075672295186,981.111382113821,15
2021-10-16,18.15135135135135,24.637837837837836,11.616676250718804,6.406487434248976,1.7400381922342456,6.9791215786123475,0.47913520933424847,62.23952470293933,983.3953721075673,980.7307066916823,15
2021-10-17,19.509833237492813,24.645945945945943,14.375733179988499,5.289362945645821,1.5532145130490131,6.1217695735200515,0.06878402903811254,65.0556597873671,985.705378361476,981.7887429643527,15
2021-10-18,20.22242668200115,26.016101207590566,14.384358826912017,8.267402985074627,1.282113303628262,5.967982176957351,0.0,64.51907442151345,988.581300813008,984.9876797998749,15
2021-10-19,20.94353076480736,27.022829212190913,14.914203565267396,9.018746405980448,2.1430935709739014,7.353469127943985,0.043473260494537085,59.03627267041901,989.7889305816134,986.2994996873044,16
2021-10-20,20.222541690626798,26.450431282346173,13.99401955146636,8.476020701552617,2.049458943348186,8.428644175684276,0.03312248418631397,57.836772983114436,988.2769856160099,982.8257035647279,16
2021-10-21,18.67924094307073,24.29465209890742,13.065324899367452,7.039160437032778,2.3826225334182047,7.83500954805856,1.858489425981873,62.574734208880535,984.5704815509691,981.3136335209505,16
2021-10-22,15.99033927544566,21.054399079930995,10.920241518113858,6.235593220338983,2.736282622533418,8.390706556333544,7.5089108910891085,67.24890556597875,985.5365228267666,981.7332707942463,15
2021-10-23,15.593789534215066,21.84134560092007,9.361242093156987,8.86023759608665,1.9450668364099295,6.503946530872056,0.014721104082806212,62.55722326454034,987.4814884302689,984.1328955597248,14
2021-10-24,15.495744680851065,22.834157561817136,8.180218516388729,9.523340321453528,1.5646721833227244,6.195480585614257,0.05612420931569867,58.09818636647905,988.1474671669791,985.1258286429018,14
2021-10-25,15.517366302472686,22.82535940195515,8.213743530764807,8.728238519533928,1.6784213876511775,6.299809038828772,0.01978148361127085,60.72107567229518,987.0874921826141,983.483176985616,15
2021-10-26,16.186889016676254,22.183151236342727,10.154111558366877,6.199246058944483,1.9632718014003818,7.278739656269891,0.8066339066339067,64.541588492808,987.8285803627267,984.8484677923703,15
2021-10-27,16.02392179413456,22.854399079930996,9.174008050603796,8.825359401955147,2.2251432208784214,7.209611712285168,0.010235767682576193,62.4752970606629,987.3632895559725,983.2792370231396,16
2021-10-28,15.97061529614721,22.261587119033926,9.670327774583093,7.551841028638224,2.027116486314449,7.338192234245703,0.3049905243209097,61.38336460287679,983.9589118198874,978.8161976235148,15
2021-10-29,16.868775158136863,20.836802760207014,12.879873490511788,1.8485096434833432,3.67848504137492,12.407956715467856,8.652574329224077,72.38711694809255,979.6873671044402,973.9890556597874,15
2021-10-30,17.560333575054386,20.397824510514862,14.702248005801305,0.511279953243717,4.5497772119669,13.721514958625079,7.539063699155793,81.91444713478609,977.883114446529,971.7806128830518,15
2021-10-31,19.361638868745462,23.857849338700404,15.027411167512687,3.8244886031560488,4.44684914067473,13.179248886059835,6.000690051753882,76.85391444713478,979.097248280175,975.7546591619763,15
2021-11-01,18.047671075330648,21.985393904542843,14.15618171362852,4.431656184486373,4.189115213239974,13.02718014003819,1.333605125218404,68.88180112570357,979.5375234521576,975.448655409631,14
2021-11-02,14.433640023001725,18.090971822886715,10.785623921794135,3.2826417299824664,3.0810948440483763,11.014831317632082,2.7801035077630827,68.03439649781113,979.9332707942464,972.7951844903064,15
2021-11-03,12.028522139160437,15.883208740655549,8.195284646348476,5.018688901667625,3.4338637810311905,10.951304901336728,2.451811385853939,66.32958098811758,976.864602876798,971.6200125078174,16
2021-11-04,10.805865439907993,15.843760782058654,5.768660149511213,6.6142563399588745,2.1061107574793128,7.6514450867052,2.0952265861027186,69.43277048155095,983.1833020637899,976.2926203877421,15
2021-11-05,10.349051178838414,15.932489936745256,4.790626797009776,7.184206848357791,2.3345003182686184,8.899618077657543,4.044450833812536,65.24265165728579,988.1917448405251,982.5905565978736,14
2021-11-06,10.2448533640023,16.02909718228867,4.454054054054054,7.4863032844164925,2.7085295989815408,9.063144493952896,0.033812535940195516,60.661038148843026,989.9983114446529,987.0257661038147,14
2021-11-07,10.060667050028751,16.81196089706728,3.308338125359402,8.085814116002794,2.002355187778485,8.02558879694462,0.11461352657004831,58.82363977485929,988.626516572858,984.2930581613508,14
2021-11-08,12.241978148361126,19.57257044278321,4.884358826912019,8.409252912954075,1.846976448122215,8.152132399745383,0.01811805961426067,60.17198248905566,984.8609756097559,980.9914946841776,15
2021-11-09,11.626566992524442,18.152443933294997,5.128694652098908,7.5447958596894775,1.8089115213239972,7.261425843411839,0.58953421506613,63.26516572858036,983.7446529080675,980.8103189493434,16
2021-11-10,12.40500287521564,17.735480161012077,7.070040253018976,6.087464059804486,1.5013367281985994,5.979758115849776,0.6319723979298447,67.86178861788618,983.9906191369604,980.8060662914322,16
2021-11-11,12.715468660149511,18.887924094307074,6.52507188039103,6.29649223691777,1.6960534691279439,6.486823679185232,0.7685497961560863,69.6810506566604,983.8696685428392,981.3156347717323,16
2021-11-12,13.185508913168487,18.451926394479585,7.959171937895341,5.541437755698421,1.8646721833227242,6.0238701464035636,0.3015725101921957,73.9155722326454,983.2152595372108,980.344277673546,15
2021-11-13,13.461932144910868,19.148706152961473,7.797814836112709,7.000701344243133,1.7871419478039468,6.26505410566518,0.025408348457350276,70.82614133833646,984.1604127579735,981.7377110694183,15
2021-11-14,12.80350776308223,18.585968947671077,7.066359976998275,6.599766218585621,1.5597071928707829,6.135327816677275,0.5391029327199539,70.95247029393371,983.6751719824889,980.1145090681674,15
2021-11-15,11.700880798590722,17.280504991192014,6.162184380504991,6.13755031627372,2.10071661237785,7.828078175895766,0.07981873111782478,67.65770953294947,983.9470293933707,981.0829893683552,16
2021-11-16,10.139620471535366,15.361587119033928,4.894422081656124,5.914491086831513,2.084850413749204,6.576830044557605,0.3231167337550316,71.36835522201378,984.2628517823638,981.5731081926205,16
2021-11-17,10.630304772857965,16.23024726854514,5.026106958021851,6.7758481886141455,2.7396562698917886,8.466900063653723,1.1944088526499708,68.27704815509695,987.4998123827393,982.9876172607879,16
2021-11-18,10.715066129959746,15.921104082806211,5.558711903392754,5.230362277170788,2.7868873329089747,8.02692552514322,1.2935769004124924,71.39524702939336,990.2006253908692,986.5740462789242,16
2021-11-19,12.485163887291547,17.748476135710177,7.217596319723979,5.455345911949685,3.3602800763844685,9.06117122851687,0.621046578493387,69.00375234521576,990.1625390869293,986.7347091932456,14
2021-11-20,11.901207590569292,15.197584818861415,8.58021851638873,1.324313267095266,1.8170591979630806,8.367791215786124,11.064864864864866,82.6441525953721,988.4223889931206,982.6933083176986,15
2021-11-21,12.921851638872916,16.964462334675098,8.859919493962048,3.801327742837176,1.1541693189051556,5.780649267982176,1.7232317423806784,81.1494684177611,982.809443402126,976.8073170731708,14
2021-11-22,10.790569292696953,14.484243818286371,7.0897067280046,2.3353076480736057,2.256015276893698,8.558677685950412,5.206670500287522,82.17260787992494,977.8932457786116,973.8152595372107,16
2021-11-23,8.862967222541691,12.541288096607245,5.184991374353076,3.3996549741230595,2.2234245703373645,9.032336091661362,7.22392179413456,81.57661038148842,979.1744215134458,975.4968730456534,16
2021-11-24,8.387694077055778,12.385163887291549,4.392926969522714,3.245198389879241,2.2697644812221514,9.056842775302355,4.242955721679126,80.08818011257036,979.854534083802,974.866353971232,16
2021-11-25,8.985681426106959,12.779873490511788,5.227027027027027,3.600548320767649,2.711712285168682,8.935136855506048,3.8344590368980613,79.83427141963726,975.8858036272668,971.675234521576,15
2021-11-26,8.799654974123058,12.797297297297298,4.805002875215641,5.8791754018169105,2.171419478039465,8.790324633991089,3.485034535686876,73.5809881175735,976.0440275171981,972.2993746091306,14
2021-11-27,8.138182863714778,12.867740080506037,3.4182863714778606,4.821624780829922,4.026225334182049,13.850732017823042,3.5010925819436456,69.76610381488429,976.362038774234,969.6550969355848,15
2021-11-28,7.3321449108683145,11.333294997124785,3.295917193789534,6.07309573724668,4.141629535327817,13.22845321451305,4.7280966767371595,63.55284552845527,981.0527204502813,976.1303939962478,14
2021-11-29,10.525186889016675,15.153191489361703,5.914433582518689,5.442769019876627,3.3618714194780392,11.445894334818588,1.197124784358827,69.33458411507192,987.6475922451532,979.4359599749845,15
2021-11-30,9.440253018976424,14.629902242668198,4.239275445658424,6.558327621658671,1.3217695735200505,5.684468491406746,0.16239217941345602,74.02939337085678,991.4297060662914,987.2533458411507,15
2021-12-01,8.601725129384704,14.162334675100633,3.0161587119033926,5.416216216216217,2.847040101845958,9.531954169318903,3.493387004025302,76.23327079424641,989.6029393370858,977.9585365853659,16
2021-12-02,9.428062104657851,13.17740080506038,5.669580218516388,4.947224126113776,3.581604073838319,11.660216422660724,0.9845313398504888,61.767354596622894,983.4081926203876,975.8188242651656,15
2021-12-03,8.980448533640024,14.54169062679701,3.39551466359977,7.611747516072472,2.0611075747931253,8.31884150222788,0.22024169184290027,64.92557848655409,987.9773608505316,982.5319574734208,15
2021-12-04,9.827487061529617,15.225186889016676,4.4550891316848755,5.670580013976241,3.5255251432208783,11.642775302355185,3.1825540823447316,72.20012507817385,988.0319574734208,983.7974358974359,14
2021-12-05,9.64933870040253,13.82173663024727,5.453133985048879,6.5146051712089434,4.547422024188415,14.747867600254613,1.3204833836858005,63.10131332082551,986.6627267041902,982.2881801125704,14
2021-12-06,9.71776883266245,15.178895917193788,4.266820011500862,6.924722384570427,2.5902609802673453,9.862698917886696,0.49091431857389306,67.11382113821136,989.0873045653532,985.4801751094434,15
2021-12-07,10.853191489361702,16.196779758481885,5.521564117308798,5.0053769725306845,2.9133036282622533,11.738956078930617,2.028809660724554,76.96747967479676,988.0180737961224,977.362101313321,15
2021-12-08,10.124151811385856,13.573202990224267,6.686256469235192,4.758350803633822,5.4696371737746645,15.946085295989816,2.7536977491961414,63.99249530956847,983.1188868042525,976.1023139462161,14
2021-12-09,9.65646923519264,14.310868315123635,4.981943645773433,4.830362277170788,4.343793761935072,13.740292807129215,3.682922429344558,72.27392120075045,986.0464665415885,982.351282051282,16
2021-12-10,12.056871765382404,16.274813110983324,7.86262219666475,2.57124488603156,4.603946530872055,13.867218332272436,1.8724752475247524,70.78173858661664,984.6479674796747,980.0569731081927,15
2021-12-11,11.840828062104658,17.140368027602072,6.534272570442783,7.047866744593804,2.394334818586887,8.629471674092935,0.4639807576668671,72.26641651031893,989.3031894934335,983.1128205128205,15
2021-12-12,11.386831512363427,17.175790684301322,5.605347901092581,7.138281706604325,2.0649267982176958,6.720878421387651,0.0,75.49155722326454,990.6904315196998,987.4165103189492,15
2021-12-13,10.061644623346753,16.155894192064405,3.953191489361702,7.414318573893041,1.3998090388287712,5.041183959261616,0.002415181138585394,74.88117573483427,990.1682926829267,987.1270168855533,16
2021-12-14,9.740310523289248,16.053594019551465,3.415641173087981,7.391834387579069,1.8754933163590068,5.407001909611712,0.30897067280046003,74.4571607254534,990.5744840525327,987.4923702313946,16
2021-12-15,10.244738355376654,16.08786658999425,4.410293271995399,6.943473260494537,2.539719923615531,6.839338001273074,0.14571592869465208,68.9537210756723,990.080612883052,987.2721075672293,16
2021-12-16,10.021966647498562,15.335997699827487,4.702587694077056,5.510465784933871,2.59102482495226,7.990388287714831,0.0,69.78111319574732,991.1908067542215,988.7547842401502,16
2021-12-17,9.236975273145486,14.17343300747556,4.2997124784358824,5.162770309760373,2.0581795035009547,6.417568427753023,0.0,71.04502814258912,991.9130081300813,989.1202001250782,15
2021-12-18,9.340655549166186,13.546118458884415,5.11661874640598,4.524254821741671,2.2779121578612345,6.703182686187141,0.19666474985623922,74.76235146966853,992.001563477173,989.4199499687304,15
2021-12-19,9.918458884416332,14.510580793559518,5.288211615871191,4.537638807714786,2.307956715467855,6.300381922342456,0.03677611940298508,77.40525328330207,990.8479049405878,985.5239524702938,15
2021-12-20,9.314433582518689,14.492754456584242,4.119838987924094,4.084128809660724,1.7903882877148314,6.861298535964354,1.8625233064014914,77.77986241400875,986.7529706066291,983.6393370856786,16
2021-12-21,11.448533640023003,16.133525014376076,6.793271995399655,3.0420356526739503,1.9269891788669633,7.122915340547421,3.2990224266820016,79.53908692933084,985.2048155096936,982.0455284552844,16
2021-12-22,11.407015526164464,15.423864289821736,7.387176538240368,3.6423231742380677,2.2831317632081474,7.206174411203056,3.5196228638774305,85.56035021888681,985.2330831769855,982.5860537836147,16
2021-12-23,11.792409430707302,15.087349051178839,8.470960322024151,1.2289304500292226,1.861171228516868,6.703755569700826,1.8089686098654707,85.73233270794248,984.9712945590994,980.8076297686051,15
2021-12-24,11.77686729514141,15.309934735315446,8.200435097897026,1.2638223261250727,2.0801816680429397,7.374318744838975,0.923195084485407,82.09927360774817,971.6127522195317,963.9351089588375,15
2021-12-25,12.53306497987349,16.013225991949398,9.06728004600345,1.7305084745762709,3.4257797581158504,10.355506047103754,2.256955223880597,81.90368980612882,975.0598499061914,970.6932457786115,15
2021-12-26,12.651983898792409,16.06244968372628,9.207360552041402,2.32104032729398,3.0917886696371735,10.616868236791852,2.6009200690051757,84.18136335209505,982.8322112211222,973.7865540963103,15
2021-12-27,15.132604945370902,18.663772282921215,11.599654974123059,4.693220338983052,4.480585614258434,13.681476766390833,0.06228537596210775,72.99687304565352,987.4293729372939,979.6808580858085,15
2021-12-28,14.48522139160437,18.52489936745256,10.49787234042553,4.842372881355931,3.132845321451305,11.08523233609166,0.11132834962622197,71.69480925578486,987.7966228893057,986.8052145214522,15
2021-12-29,13.364232317423806,18.42081656124209,8.31230592294422,7.1838690824079485,2.092807129217059,7.273265436028007,0.008014142604596345,76.30456535334584,989.5524702939338,986.1019387116947,15
2021-12-30,12.119148936170212,18.487119033927545,5.753651523864289,7.558679135008767,1.5089115213239976,5.303755569700828,0.0030456852791878176,75.21888680425265,989.6066291432146,986.6290181363352,15
2021-12-31,11.981713628522138,19.052673950546293,4.887521564117309,7.7016364699006425,1.8625079567154676,5.445257797581157,0.03220241518113858,68.95559724828018,992.2003126954346,988.7452782989369,15
2022-01-01,12.472518227706113,19.571396522714526,5.356253505328098,7.341481481481482,1.6254489164086685,5.619071207430341,0.18754907459338194,64.7748021911138,993.3153377967133,990.2670115642118,16
2022-01-02,11.647784632641617,18.418676388109926,4.828715647784633,6.723532763532765,1.4835913312693494,5.09046439628483,0.0,70.02373706634205,994.4073645769932,991.3314668289713,16
2022-01-03,11.949074593381939,18.942849130678635,4.959506449803702,7.587525423728812,1.6926934984520123,6.467739938080495,0.5341559169938306,69.49421789409615,992.8869750456481,984.8004869141813,15
2022-01-04,12.15103127079175,17.447571523619423,6.806919494344643,3.9511864406779655,3.0594756554307105,15.440597954366643,5.648293963254594,73.79750550256787,985.9752017608217,977.1027146001469,15
2022-01-05,8.817610768367919,12.938586651710601,4.70431856421761,5.065299145299145,3.0517027863777093,11.134674922600619,2.5249472944483484,67.83505782105904,984.7232501521605,978.4550821667681,16
2022-01-06,6.825014021312395,11.758384744812114,1.8610207515423445,7.694237288135593,1.8113312693498451,7.25640866873065,0.5120022434099831,68.2258064516129,987.8952525867315,981.5118685331711,15
2022-01-07,7.347223780145821,13.114413909141895,1.570499158721256,6.873694915254237,2.22953560371517,8.053808049535602,0.33604436229205176,70.28727936701155,993.1693244065733,987.5989044430919,15
2022-01-08,7.768648345485138,13.76045989904655,1.7246775098149187,6.266510812390415,2.5247058823529405,8.907492260061918,1.6840157038698822,68.86183810103469,993.5727936701157,987.4909920876445,15
2022-01-09,9.966573191250701,14.87358384744812,5.0974761637689285,5.516422082459817,4.5458823529411765,12.189040247678017,3.090185081323612,68.79610468654899,988.3234936092513,984.3335970785149,14
2022-01-10,11.78945597307908,15.776836791923726,7.831183398766124,5.2703309029725185,2.5515170278637767,9.74061919504644,0.6524397083567022,76.35483870967741,988.3179549604381,986.5084028223221,17
2022-01-11,9.906561974200786,14.923611890072909,4.903196859226023,5.43346640053227,2.547739938080495,7.826996904024767,0.19383062254627031,77.36883749239196,990.911503347535,986.6856968959221,16
2022-01-12,8.720022434099832,13.952103196859225,3.4805945036455417,7.308524957936064,2.3629721362229104,7.034860681114549,0.03414940364092906,70.53134510042605,994.7483262325014,990.5451004260499,17
2022-01-13,7.909310151430175,13.634604598990466,2.1942232192933253,7.345642049234862,2.9199999999999995,7.738018575851393,0.003895313451004261,66.0973828362751,996.6662811929396,994.0052951917224,16
2022-01-14,7.312955692652832,13.134941110487942,1.4974200785193492,6.369966101694915,2.530340557275541,7.095665634674924,0.0,63.45283018867924,996.735423006695,993.2767498478394,15
2022-01-15,6.9825014021312395,13.412394840157038,0.5533370723499721,8.357861635220125,2.134303405572756,6.40061919504644,0.0,63.284844796104686,993.9718198417529,989.9282410225197,14
2022-01-16,7.084352215367359,13.918844643858664,0.2616937745372967,8.443396226415095,1.8874303405572754,6.180495356037152,0.1497989661114302,63.994522215459526,996.6303104077906,990.891844187462,14
2022-01-17,6.9213123948401565,13.887436904094221,-0.0024116657319124546,8.093080505655355,2.2118885448916403,7.026377708978329,1.6188446438586652,66.41205112598905,998.3520998174072,994.1150943396226,16
2022-01-18,7.239820527201346,14.430902972518226,0.022658440830061653,8.159842961301177,1.8043343653250772,5.729102167182663,0.0,64.54534388314059,996.0709068776629,993.0290322580645,17
2022-01-19,7.378575434660684,13.745372966909702,1.0111048794167132,7.419181155356141,1.3380185758513932,5.248421052631579,0.010936591041303083,66.14485696895922,996.3457699330493,992.7157029823493,17
2022-01-20,6.907234997195737,13.32271452607964,0.4891755468311835,7.313460459899046,2.0758513931888545,7.738018575851393,0.2887421022400919,69.31710286062082,993.6700547778453,989.3336579427876,17
2022-01-21,6.3231071228266975,11.775546831183398,0.8612450925406617,6.673390313390314,1.8314551083591328,6.984705882352942,0.4824453168816601,69.23980523432743,992.0795496043822,988.3080949482653,16
2022-01-22,7.034324172742569,12.799831744251263,1.2668536174985978,6.4580056980056995,2.6123839009287924,7.037770897832817,0.16791923724060573,67.21606816798538,993.7250152160681,990.4271454656116,16
2022-01-23,7.3618620302860345,13.075210319685922,1.716208637128435,5.299999999999999,2.3203095975232193,6.401671826625386,0.2546270330902973,71.51065124771759,991.9807060255629,988.4589774802191,15
2022-01-24,7.904879416713405,12.704879416713405,3.136231071228267,3.8604067796610164,2.256222910216718,6.165325077399381,2.0111048794167132,74.20146074254411,993.8076688983566,989.8060255629945,15
2022-01-25,8.937969713965227,14.213067863151991,3.6308468872686483,4.496203389830509,2.740319488817891,8.241919504643963,0.581491867638811,68.33475349969567,995.3645769933049,992.8736457699331,15
2022-01-26,8.957431295569265,14.766404935501964,3.149915872125631,5.073423728813559,2.5713931888544885,7.609535603715169,0.7022994952327538,67.32988435788192,994.0529519172245,990.8866707242847,15
2022-01-27,8.944475602916432,15.246831183398765,2.6566461020751544,6.864672364672364,2.3456346749226005,7.373560371517026,0.05881677197013211,63.22641509433962,993.637674984784,990.7230066950699,16
2022-01-28,9.081267526640493,16.133090297251822,2.0684800897363993,8.534033898305083,3.1360371517027863,8.624829721362229,0.010768367919237241,53.34144856968959,995.7412659768714,992.7107729762628,15
2022-01-29,9.581828379136288,17.632697700504767,1.560852495793606,8.575389830508472,2.772631578947368,7.981547987616097,0.0035894559730790805,48.34388314059647,997.3147900182591,994.1002434570908,15
2022-01-30,10.07801458216489,18.298485698261356,1.877621985417835,7.96094915254237,2.1639628482972135,7.450650154798762,0.05530005608524958,45.40170419963481,995.1370054777844,989.6736457699328,15
2022-01-31,10.017498597868759,18.299383062254627,1.7284352215367358,8.124151696606784,2.3065634674922606,8.396904024767801,0.3179472798653954,53.27388922702373,992.5454047474133,988.0977480219111,16
2022-02-01,9.841054402692091,16.658160403813795,3.027818283791363,8.179041916167664,2.8348606811145514,10.69774339136041,0.11148297749567225,55.463177115033474,994.1155172413793,989.5977832512314,16
2022-02-02,11.904318564217611,20.497812675266406,3.3048233314638256,8.977378576180971,2.28891640866873,7.173869969040246,0.178397212543554,57.96348143639683,993.6897783251233,987.9247536945812,16
2022-02-03,11.451430173864274,20.264105440269212,2.648401570386988,7.4994952327537865,1.3792569659442724,6.075356037151705,0.04246079613992763,55.552647595861224,989.358251231527,985.113054187192,17
2022-02-04,11.115984296130119,16.614021312394836,5.589736399326977,3.471228266965788,1.6734984520123835,6.504582043343653,0.4671453187823091,67.43944004869141,988.8492610837438,985.4926108374383,17
2022-02-05,10.754234436343241,15.274369040942233,6.234885025238363,5.038690824079485,1.3940557275541794,5.8784520123839,0.1884494664155681,71.81375532562384,991.5929802955665,987.7979064039409,15
2022-02-06,9.809478407178911,16.20785193494111,3.4014582164890634,7.112565751022793,2.090526315789474,6.772755417956657,0.0,66.24710894704808,994.1343596059113,990.6259852216748,15
2022-02-07,10.432529444756028,17.79270891755468,3.0762759394279304,8.739055222887556,2.3735603715170273,7.94705882352941,0.04363001745200698,59.535471930906844,994.6350985221674,990.360344827586,16
2022-02-08,11.196859226023557,18.883847448121145,3.520975883342681,9.072188955422487,2.341671826625387,7.500866873065016,0.0,61.05477784540474,995.3437192118225,992.0577586206895,16
2022-02-09,11.458104318564216,17.730173864273695,5.237464946719013,6.839454424484364,2.2088544891640867,6.373003095975233,0.0,63.27814972611077,995.5976600985219,992.3491379310345,16
2022-02-10,10.557936062815479,17.722826696578796,3.4260235558048233,7.6847638057218886,1.5950464396284827,6.104891640866873,0.5026780279975653,64.52465003043213,994.0805418719211,990.0581280788178,16
2022-02-11,10.982557487380818,17.72551878855861,4.207851934941111,7.315726495726496,1.5576470588235294,5.912507739938081,0.10913884007029877,63.447352404138755,992.3467980295566,989.0014778325123,16
2022-02-12,10.845316881660123,16.293045429052157,5.422770611329221,5.325014611338398,1.9030959752321985,7.302043343653252,0.06767371601208459,72.34753499695677,991.0848522167486,987.5018472906403,15
2022-02-13,11.352888390353336,16.553897924845767,6.19826135726304,5.006487434248978,3.109102167182662,10.392383900928793,1.2323374340949034,70.04017041996347,988.916502463054,981.6530788177341,15
2022-02-14,11.00964666292765,15.712507010656196,6.29209197980931,7.3550898203592805,3.7850154798761606,12.68018575851393,1.0786760398359694,63.271454656116845,988.6697044334974,981.2653940886698,16
2022-02-15,9.797195737521031,16.329388670779583,3.260684240044868,8.334941110487941,2.217523219814242,8.758080495356038,0.10914189568143579,57.059038344491775,992.7437192118226,988.4958128078817,17
2022-02-16,11.523275378575434,17.627874369040942,5.428266965787998,6.829052159282109,2.639628482972136,8.58674922600619,0.1367863449087699,60.32684114424832,993.3245073891626,989.9481527093593,17
2022-02-17,13.328996074032528,20.477453729669094,6.21132922041503,9.018496340652028,1.6155417956656346,6.558575851393188,0.0542905215928211,65.24406573341449,992.6391625615762,986.5891625615762,16
2022-02-18,12.649803701626473,20.831856421761074,4.486315199102636,8.719389830508474,2.3906501547987613,8.922043343653248,0.3004120070629782,66.47230675593426,987.6779556650248,980.8130541871919,15
2022-02-19,10.629220415030845,14.499775659001683,6.753056646102076,3.871566951566952,2.7860681114551085,8.836904024767804,1.470917484131564,71.0127814972611,990.9918719211823,983.0931034482759,16
2022-02-20,10.856533931575992,16.82389231632081,4.890689848569826,8.42535593220339,2.1674303405572757,8.215232198142415,0.30274693161893623,63.32136335970785,994.2646551724135,990.5482758620689,15
2022-02-21,12.09377453729669,19.969938306225462,4.207066741446999,8.9806017418844,2.7710216718266247,9.350712074303404,0.01587119033927545,55.05356055995131,993.4878078817735,988.7465517241378,15
2022-02-22,12.465283230510376,20.489287717330342,4.44907459338194,10.24278110445775,2.5191331269349844,8.821424148606813,0.0,42.11138161898965,993.5985221674878,989.5078817733992,16
2022-02-23,11.715143017386428,19.686483454851377,3.717218171620864,7.859226023555805,2.0091021671826623,6.84123839009288,0.040885860306643956,49.16920267802799,990.929064039409,985.2357142857143,17
2022-02-24,12.025855300056085,18.198878295008413,5.851934941110487,5.141783510936624,2.1310835913312687,7.581795665634675,0.5289473684210526,60.81558125380401,988.2048029556648,983.6020935960589,17
2022-02-25,11.516713404374649,15.242624789680313,7.810992708917555,2.1960683760683763,3.031331269349845,8.714736842105262,1.1743796884016158,72.77967133292756,989.0305418719211,986.0580049261084,16
2022-02-26,11.471396522714526,15.230959057767807,7.730902972518228,2.9357834757834764,2.9610526315789474,8.91486068111455,0.8549796156086197,69.51978088861839,987.9759852216748,984.3437192118225,16
2022-02-27,11.98149186763881,16.289399887829504,7.6790241166573185,4.910769230769231,1.9813622291021673,6.924582043343652,0.030952380952380953,69.80523432744978,989.0864532019704,985.5745073891626,16
2022-02-28,11.856870443073472,17.94234436343242,5.795288839035333,7.352307692307693,2.2156037151702783,6.823715170278638,0.014721104082806212,64.90505173463177,992.2905172413793,988.6620689655172,16
2022-03-01,11.93359506449804,19.686146943353897,4.171676948962423,8.867065527065527,2.2398761609907125,8.199318885448916,0.8924845765563656,60.94765672550213,991.7297017650639,987.5799147900182,16
2022-03-02,12.087941671340438,18.24312955692653,5.921704991587213,6.700712896953985,2.574427244582043,9.51671826625387,1.2834089436163316,65.9622641509434,989.5531345100426,984.6720632988436,16
2022-03-03,11.309983174425126,16.62215367358385,5.983006169377454,3.8466629276500277,2.849102167182662,10.367987616099072,7.4456533931576,74.08399269628728,986.5198417528909,978.6737674984784,17
2022-03-04,10.665395401009532,14.994840157038698,6.317947279865395,4.137207977207978,3.3656346749226005,11.83857585139319,1.0794167134043746,65.78758368837492,984.6807060255629,980.0617772367619,16
2022-03-05,9.703701626472236,14.637016264722376,4.766573191250701,4.742431326709526,2.1583281733746134,7.842043343653251,2.674694589877836,64.2075471698113,984.0725502130249,979.2624467437613,15
2022-03-06,9.288782950084128,13.137184520471116,5.43510936623668,3.9980128579777903,2.4604953560371507,7.715046439628484,6.3244897959183675,71.40353012781497,980.7564820450395,978.0475349969568,15
2022-03-07,9.835501962983736,13.846775098149186,5.815030846887269,3.8796410544026916,2.8056346749226,9.988297213622289,2.710207515423444,70.54351795496044,981.8174680462567,977.5746195982957,17
2022-03-08,10.173976444195176,14.79388670779585,5.576051598429614,4.296186203028603,2.3170897832817334,8.283219814241486,0.8753115727002966,72.08642726719415,985.6273280584296,979.9120511259889,17
2022-03-09,10.842400448681996,17.258384744812115,4.432865956253505,6.282108805384183,2.1729411764705886,7.711331269349846,0.9050359712230214,68.61594643944005,986.9312233718806,983.5386488131467,17
2022-03-10,12.08513740886147,17.486595625350535,6.654234436343241,6.546662927650027,2.5770897832817337,9.281857585139319,0.6385121790651745,68.98113207547169,986.8051125989044,981.4909920876445,17
2022-03-11,11.37442512619181,14.891082445316881,7.86309590577678,1.4659001682557486,2.7695356037151697,10.46235294117647,9.845821648906337,81.91600730371272,983.1538040170419,978.2293365794278,17
2022-03-12,11.636623667975323,16.199663488502523,7.061581604038138,5.55848188614146,3.1582043343653243,10.92433436532508,5.274481211441391,71.62142422398051,982.3309190505173,978.1268411442481,16
2022-03-13,12.133482893998876,16.82097588334268,7.416432978126753,6.789649223691777,2.3590092879256965,10.040990712074304,4.365985003408315,67.45709068776628,982.3001217285453,976.3208155812538,16
2022-03-14,11.718564217610767,14.962030286034773,8.443634324172743,0.5189007291082446,4.411517027863777,13.575417956656343,4.045755022683084,80.07790626902008,980.4485088253194,975.0029214850882,17
2022-03-15,14.002355580482334,16.78334268087493,11.196971396522713,0.20280426247896804,3.5449535603715168,12.419256965944271,1.7420609202851585,76.26719415702982,982.7780279975653,978.1013998782714,17
2022-03-16,12.6106001121705,14.839371845204711,10.392372406057206,0.19719573752103198,3.0911455108359136,12.0825386996904,3.201972386587771,82.15216068167985,984.5668289713938,978.6877662811928,17
2022-03-17,12.366348850252386,14.89371845204711,9.810544026920919,0.37577117218171624,4.15671826625387,12.174489164086687,3.127481919789612,75.39744370054777,988.1298843578818,982.24692635423,17
2022-03-18,11.827033090297252,14.989624228827816,8.622434099831743,1.8307692307692307,3.0941176470588236,9.576718266253868,0.22410887880751776,74.04930006086427,989.8486305538648,986.4864272671941,16
2022-03-19,12.17083567021873,15.752551878855863,8.621592821088054,2.8778347578347585,3.543653250773994,10.198452012383902,0.017055296469020653,72.34692635423006,988.9451004260499,986.2112598904441,16
2022-03-20,13.20527201346046,16.759786876051596,9.626472237801458,2.6123076923076924,4.166191950464396,11.219752321981426,6.896400846859562,74.00608642726719,987.2265976871577,983.6229458307972,16
2022-03-21,12.808020190689847,15.941110487941673,9.666965787997757,2.238250140213124,3.6294736842105264,12.268668730650155,5.474256870443074,81.12964090079123,987.0173463177114,983.9936092513694,17
2022-03-22,12.000897363993271,14.991643297812676,9.050869321368479,1.8758272574312957,3.857647058823529,10.754179566563465,3.2860874503123227,76.85149117468046,988.2906269020084,985.4063907486304,17
2022-03-23,11.373079080201906,14.20431856421761,8.526640493550197,2.268255748738082,4.85046439628483,12.417770897832817,12.235077630822312,77.86670724284843,987.238770541692,982.6976871576384,17
2022-03-24,11.19125070106562,13.905945036455414,8.479248457655638,1.2658440830061692,3.6427863777089784,9.68390092879257,4.639252908756889,81.94643944004868,984.7209373097991,982.3164333536214,17
2022-03-25,12.796634885025236,15.720695457094784,9.850476724621423,2.347464387464388,3.254241486068111,10.727801857585137,3.727054589082184,75.51065124771759,983.947108947048,979.9224589166158,16
2022-03-26,12.030959057767808,15.26859226023556,8.826920919798093,3.138518518518519,2.600061919504644,8.497151702786377,5.690170688640377,75.79671332927572,985.1486305538649,981.0297626293366,16
2022-03-27,13.376948962422883,18.335558048233313,8.455804823331464,6.446495726495726,3.531888544891641,10.173188854489167,0.0628154795288839,67.9908703590992,987.6790018259281,984.1410833840536,16
2022-03-28,13.669882220975882,18.84812114413909,8.485417835109365,4.169657879977565,3.1583281733746125,10.222291021671825,0.27345497351383163,63.58429701765064,987.1407790626902,979.4177115033475,17
2022-03-29,13.397083567021873,17.217666853617498,9.610712282669656,2.0209758833426807,2.4520123839009282,7.944829721362229,5.688699602498581,75.323189287888,980.0194157029823,971.4490566037734,17
2022-03-30,13.134664005322687,16.708250166333997,9.532667997338656,3.801064537591483,3.607340823970037,9.962921348314607,6.635329341317364,75.70506236243581,973.2804842259721,969.33110785033,16
2022-03-31,12.380538418395961,17.13819405496354,7.635782389231632,5.715213675213676,4.103653250773994,12.506377708978329,2.799383062254627,65.69324406573341,974.5485696895922,969.7665246500303,16
2022-04-01,10.046102075154234,14.761245092540662,5.305832865956254,8.972421652421653,3.4649258542875567,12.660090264345584,0.8018160515524313,50.050517346317704,982.9221659278023,975.3026599113363,16
2022-04-02,8.586038394415358,14.391306786315198,2.910994764397906,10.20905902980713,4.24803352675693,12.543584784010312,0.6399887829500841,43.709309689677006,984.8009499683344,980.6516782773907,15
2022-04-03,7.801177790241167,13.436231071228269,2.2095344924284914,9.23892460549386,4.297399380804952,12.44142414860681,3.1662154208357856,49.446135118685326,982.1997565429093,977.351917224589,15
2022-04-04,8.513292204150307,12.938979248457656,4.1082445316881655,4.574649467190128,4.753312693498452,13.40996805111821,2.2152706552706554,57.617772367620205,980.4095556908095,976.860073037127,17
2022-04-05,8.201121704991587,12.542680874929893,3.87633202467751,3.6545709478407176,4.039133126934985,10.828110896196005,8.76836791923724,70.2258064516129,981.1027997565428,976.5075471698112,17
2022-04-06,11.385081323611889,17.78435221536736,5.01402131239484,7.374481211441391,2.7552321981424144,9.950773993808049,0.0854739203589456,62.57029823493609,983.9709068776627,977.6061472915399,17
2022-04-07,13.713292204150308,21.267807066741447,6.150925406618059,9.927145260796411,3.4141176470588226,11.081671826625385,0.06093479515291403,57.65489957395009,985.6478393183202,982.4320146074253,17
2022-04-08,14.284800897363995,20.534548513740887,8.013460459899047,7.999415546464056,4.308111455108359,12.524086687306502,0.5638233514821537,58.00182592818015,985.0479001825927,980.4636031649421,15
2022-04-09,15.148065058889513,20.696971396522713,9.616320807627593,9.257218001168907,2.5426006191950465,9.40297213622291,0.0028392958546280527,64.39561777236761,985.0900791235545,979.8464394400487,15
2022-04-10,15.156814357823892,21.702916432978125,8.622546270330902,8.343132670952661,2.960495356037151,10.065263157894737,0.2763881099270892,63.53682288496651,983.1427267194156,976.0398052343273,15
2022-04-11,14.76836791923724,20.015703869882223,9.502019068984858,5.495120583286595,3.994241486068111,12.729287925696593,2.4637689287717333,66.07121119902617,977.5053560559951,972.7525258673157,17
2022-04-12,13.96584408300617,17.421200224340996,10.494223219293326,3.0603988603988608,2.5648916408668727,10.190278637770897,4.989748096074986,77.38405356055995,978.005356055995,973.9772976262932,16
2022-04-13,14.087324733595063,18.454290521592824,9.736174985978687,5.427692307692308,2.772879256965944,9.942105263157895,4.12363396971692,73.12355447352404,981.5284844796105,976.7296409007913,16
2022-04-14,15.678743690409421,21.58334268087493,9.774761637689286,8.112934472934473,2.7286068111455113,9.625325077399381,0.066404935501963,60.807060255629935,985.1934875228242,980.6812538040169,16
2022-04-15,17.094391475042062,24.186539540100956,10.013684800897364,10.304615384615387,2.300557275541796,8.270588235294117,0.0,55.04686548995739,987.1346317711503,984.2419354838709,16
2022-04-16,18.576051598429615,26.788726864834548,10.336679753224901,11.500740740740742,2.072879256965944,7.83907120743034,0.0,53.08642726719415,986.9659768715762,982.3811929397443,16
2022-04-17,18.210095344924284,25.783679192372407,10.618900729108244,11.171617161716172,2.479999999999999,8.551578947368421,0.0,52.97078514911746,984.1122945830796,980.6231284236153,15
2022-04-18,17.112619181155353,23.508805384183958,10.723107122826697,10.320919798093101,3.2123839009287924,9.516037151702786,0.6699252443933295,57.52099817407182,982.4112598904443,977.6818624467437,17
2022-04-19,13.936399326977005,18.590521592821087,9.309029725182278,5.174088614694336,3.3934365325077405,10.351145510835911,4.995513180033652,68.8527084601339,979.57881923311,974.5054777845405,17
2022-04-20,11.276500280426248,15.003028603477286,7.530005608524957,2.8386427369601797,4.580743034055727,14.42297213622291,11.849051178838412,67.65368228849664,976.2471698113206,971.8142422398053,17
2022-04-21,12.472630398205272,17.757823892316317,7.177678070667414,6.77975322490185,3.0726934984520122,10.10625386996904,2.694208037825059,63.29701765063908,975.4479610468654,970.3851491174679,17
2022-04-22,12.34273696017947,16.69983174425126,8.004038137969713,2.3776068376068373,4.305077399380806,12.855789473684208,11.254458777341558,71.12720632988436,971.0178940961654,963.9755934266584,16
2022-04-23,12.14290521592821,16.06500280426248,8.192372406057206,5.310655270655271,4.6978947368421045,14.775294117647059,4.375289105295191,69.9939135727328,975.1037735849056,964.146743761412,16
2022-04-24,14.246102075154235,20.103028603477288,8.355075715086931,10.28866096866097,2.9193808049535597,9.039256965944274,0.004988662131519275,57.880706025562986,979.0068776628118,974.4713937918441,16
2022-04-25,14.79994391475042,21.91811553561413,7.67111609646663,11.056085249579361,2.2803095975232197,7.684148606811146,0.3318797878609311,59.21485088253195,978.9832014607425,976.0401704199635,17
2022-04-26,15.885473920358944,21.984071789119458,9.74901850813236,8.298373527762198,2.5938699690402474,10.17034055727554,1.2979896611143023,61.33840535605599,980.6291539866098,977.1482045039561,17
2022-04-27,15.334941110487941,20.15933819405496,10.543578238923164,4.509254066180595,2.4252631578947366,9.131950464396283,4.622168963451169,68.48813146682897,983.9884357881923,979.9932440657333,17
2022-04-28,15.074369040942232,19.773808188446438,10.335726303982053,4.994503645541222,2.058018575851393,10.502414860681114,3.0112090680100745,68.94217894096165,988.8032866707241,983.0107121119902,17
2022-04-29,16.4543466068424,23.229613011777904,9.649242849130678,11.340970192869667,2.993746130030959,9.157708978328175,0.0,56.552038953134506,989.8622641509434,986.5169202678028,15
2022-04-30,17.5980931015143,24.856029164329787,10.346719012899607,9.778433664523668,2.2217337461300306,9.289907120743035,0.5273690406121249,58.68167985392574,988.8983566646377,984.2603773584905,15
2022-05-01,18.17655636567583,24.872910824453168,11.433482893998878,10.471420222092341,2.769411764705882,10.686687306501549,0.5908163265306123,56.94765672550213,985.9891661594645,981.058247108947,15
2022-05-02,15.645316881660124,19.8508132361189,11.443914750420639,5.777720797720798,3.228235294117647,10.388854489164087,4.15079365079365,72.43883140596469,981.6284236153377,976.912051125989,16
2022-05-03,15.202355580482335,19.35844083006169,11.071228266965788,4.807403252944476,2.874613003095975,10.153808049535602,4.937402752842609,76.02799756542908,981.0343883140595,976.4461959829579,17
2022-05-04,15.228154795288841,19.450532809871003,10.997812675266402,3.705776780706674,2.80625386996904,10.079195046439628,4.106806282722513,74.14363968350577,984.8757151552038,979.9231284236153,17
2022-05-05,16.828266965787996,23.28356702187325,10.390185081323613,10.528210880538419,2.3167182662538695,8.829349845201238,0.12114413909141895,59.02008520998174,987.8077297626294,984.0093730979913,17
2022-05-06,17.39994391475042,24.781267526640494,9.98081884464386,11.967971946230273,2.2469349845201236,7.943219814241485,0.0035894559730790805,50.96409007912355,987.762507608034,984.1831405964698,15
2022-05-07,18.05967470555244,26.071340437464947,10.038194054963546,12.235827001753359,2.2775851393188855,8.427863777089783,0.0,47.39440048691418,986.5405356055994,982.8930614729154,15
2022-05-08,18.764666292765007,26.82226584408301,10.696242288278182,12.169491525423728,2.147554179566564,8.224953560371516,0.0,49.370054777845404,985.9889835666463,982.3942787583687,15
2022-05-09,19.643409983174422,27.66960179472799,11.65182277061133,12.540773976444195,2.1578328173374612,7.614922600619195,0.0,47.61533779671333,987.011138161899,984.1518563603164,17
2022-05-10,20.405215928210882,28.521256309590576,12.277621985417834,12.488558609085809,2.4142414860681116,8.232074303405573,0.0,44.23128423615337,987.6188070602556,983.9358490566037,17
2022-05-11,20.58766124509254,28.31144139091419,12.843970835670216,11.624060572069547,3.0144891640866875,9.19857585139319,0.06034188034188035,45.14850882531953,985.7348143639683,981.7259890444309,17
2022-05-12,20.512899607403252,27.261245092540662,13.756253505328099,10.199663488502525,2.574798761609907,9.087678018575854,0.15361749859786877,47.51673767498478,986.4114424832622,983.0600121728544,17
2022-05-13,20.802916432978126,28.74492428491307,12.849355019629837,11.536524216524217,2.2983281733746126,8.117089783281735,0.0016403046280023433,48.44309190505173,986.543396226415,983.2824102251977,16
2022-05-14,21.565507571508693,28.8067863151991,14.350364554122265,10.174871794871795,3.038142414860681,11.045758513931887,1.0727427597955708,51.96652465003043,984.5869750456482,979.9679853925745,16
2022-05-15,20.762871564778465,27.23381940549635,14.298934380257993,10.147806267806269,3.532941176470588,10.192631578947367,0.18418395961862033,52.55386488131467,984.3463785757759,980.0450395617772,16
2022-05-16,21.22624789680314,28.89551318003365,13.572518227706112,11.815367358384744,2.4242724458204328,9.09003095975232,0.2122265844083006,47.86792452830188,985.9999391357272,982.9454047474132,17
2022-05-17,22.32080762759394,30.438250140213125,14.202804262478969,12.49467190128996,2.634763636363636,8.748218181818181,0.20235558048233315,47.85575167376749,986.2119902617162,982.0612903225806,17
2022-05-18,23.31228266965788,31.27375210319686,15.360964666292764,11.38401570386988,3.127616099071207,9.780159362549798,0.01222658440830062,48.814972611077295,984.4161290322579,980.6646378575775,17
2022-05-19,23.489063376332023,31.069153112731357,15.889287717330342,11.637745372966908,2.8244582043343653,9.270650154798762,0.0,46.87461959829579,985.7411442483262,981.9777845404747,17
2022-05-20,25.21054402692092,32.742232192933265,17.68053841839596,9.444924284913066,3.053931888544891,9.823343653250772,0.0,41.94704808277541,986.8841752891052,983.3872793670115,17
2022-05-21,24.21121704991587,31.678575434660683,16.739203589455972,8.71811965811966,2.9351083591331273,11.059999999999999,0.19988782950084127,45.21302495435179,985.9716981132075,980.3784540474741,16
2022-05-22,23.214189568143578,30.56062815479529,15.851710600112172,8.095897435897436,3.527678018575851,10.47424148606811,0.3287922152261019,48.128423615337795,981.8844796104686,976.2401095556908,16
2022-05-23,22.507347167694896,29.199383062254626,15.822882781828381,10.980033651149748,3.526934984520124,10.113498452012383,0.3067806267806268,49.65794278758369,978.7058429701764,974.3846013390139,17
2022-05-24,18.605720695457098,23.557992148065058,13.632529444756031,6.537913628715648,3.486501547987616,10.855603715170277,7.274229203025014,57.186244674376134,980.5827145465611,975.6062690200852,17
2022-05-25,17.449467190128995,23.336960179472797,11.584408300616937,9.776668536174986,3.1848916408668724,10.085510835913311,0.32091979809310156,47.9622641509434,987.4498478393183,980.5010346926354,17
2022-05-26,19.551093662366796,27.400224340998314,11.708805384183961,12.659001682557486,2.9936222910216714,9.063281733746129,0.0,43.44430919050517,988.3041996348143,984.8227632379793,17
2022-05-27,22.160515984296133,30.912955692652833,13.4279865395401,12.312221514958622,2.856656346749226,8.417585139318886,0.0,40.44796104686549,986.5915398660985,981.5063298843578,14
2022-05-28,23.257431295569265,31.997756590016827,14.540717891194614,12.561542957334892,3.240061919504644,9.42315789473684,0.0,39.238587948874006,982.8869750456481,975.7611077297624,15
2022-05-29,21.97930454290522,28.2801458216489,15.672966909702748,11.117650496785501,3.5099071207430343,10.897275541795667,0.0022886204704386523,48.215459525258666,976.6121119902615,972.3606816798539,15
2022-05-30,21.152888390353336,27.26130117779024,15.024901850813235,8.527762198541783,3.0326315789473686,9.715975232198144,0.03454851374088615,52.99269628727936,978.2897139379183,973.531527693244,17
2022-05-31,21.495064498037017,29.247223780145823,13.735950644980372,12.395905776780706,3.0184520123839005,9.49517027863777,0.5049403747870528,48.35849056603773,980.5990870359099,976.9584905660377,17
2022-06-01,22.56477846326416,29.23079080201907,15.924397083567023,10.98782714546561,3.294055727554179,10.548421052631577,0.19966348850252386,51.01765063907486,981.6389531345098,978.1278149726111,16
2022-06-02,21.94632641615255,28.34649467190129,15.55602916432978,10.041503084688728,3.2486068111455104,10.041981424148608,0.0840023269342641,53.604382227632385,980.6706025562993,977.7712111990261,17
2022-06-03,22.647896803140775,28.663264161525518,16.62198541783511,10.810286382232613,3.326625386996904,10.446315789473687,0.33310657596371884,52.2258064516129,980.7758368837491,978.132075471698,15
2022-06-04,21.923107122826696,28.591587212563095,15.254627033090298,11.257977790765633,3.165882352941176,10.96204334365325,0.09270158917010006,52.11077297626293,983.6589166159464,979.4600730371271,15
2022-06-05,22.751037577117216,30.58149186763881,14.951093662366798,12.214669783752191,2.528421052631579,9.040309597523219,0.015042735042735043,44.255021302495436,986.2802799756543,982.459525258673,15
2022-06-06,22.997980931015142,30.968760515984297,15.041278743690409,11.547504206393718,2.7942414860681115,9.21876160990712,0.18272574312955694,44.279367011564204,985.6377967133292,982.0457699330492,17
2022-06-07,23.730229949523274,31.35961862030286,16.114582164890635,12.566461020751543,3.3665015479876166,9.976408668730649,0.3250701065619742,46.18441874619598,984.891844187462,980.4753499695678,17
2022-06-08,24.379136287156477,31.383454851374086,17.389119461581604,8.701458216489064,3.338823529411764,10.799009287925696,0.3618775042930738,51.61229458307972,983.620754716981,979.4191722458916,17
2022-06-09,25.119854178351098,32.11374088614694,18.117779024116658,12.97100392596747,2.9546749226006193,9.963900928792569,0.0,47.867924528301884,985.1218502738891,981.1777236762019,17
2022-06-10,25.784520471116096,34.01974200785193,17.5315199102636,13.065754985754989,3.0648297213622286,9.441981424148606,0.003676048248133257,42.43517954960438,985.0895313451003,981.552099817407,16
2022-06-11,26.46999439147504,34.63056646102075,18.339764441951765,11.575975232198145,2.6748575047498413,9.379924002533247,0.9988816951147735,40.52831362787802,985.9360298693217,982.2581829495955,15
2022-06-12,27.12697700504767,35.41559169938306,18.83875490745934,11.091452991452993,3.1352941176470583,10.140247678018577,0.01749845964263709,36.38953134510042,985.520024345709,981.4303712720632,16
2022-06-13,27.037240605720694,35.230959057767805,18.830061693774535,11.018788558609085,2.5998761609907124,8.984334365325077,0.0,35.30797321972002,984.0360925136944,979.6312233718805,17
2022-06-14,27.39871003925967,34.874369040942234,19.946719012899607,10.14217610768368,2.7858204334365326,9.727182662538699,0.0,39.257455873402314,982.2259890444308,978.7750456482045,17
2022-06-15,28.96376892877173,36.85058889512059,21.142400448681997,8.730510375771171,2.6669349845201236,11.72674922600619,0.07358384744812115,38.410225197808884,983.7925136944613,979.2779671332928,17
2022-06-16,28.06034772854739,35.917947279865395,20.198822209758834,10.17148412184057,3.1510545454545453,10.434763636363632,0.08567931456548347,42.973219720024346,985.3762020693852,981.2122337188069,16
2022-06-17,28.590016825574875,37.2013460459899,19.98681996634885,11.194586894586894,3.245386996904024,9.717275541795665,0.043410852713178294,38.60986001217285,985.0951308581863,981.3555690809494,16
2022-06-18,27.697363993269768,35.497251822770615,19.894054963544583,11.822678062678063,3.9240866873065015,12.137894736842105,0.2541746335245379,40.02860620815581,983.2818624467437,976.7211199026169,16
2022-06-19,24.123443634324175,30.06247896803141,18.15221536735838,11.107635327635329,3.9465634674922594,11.1302786377709,0.10215241419429902,50.68837492391966,979.0922093730978,975.0351186853316,16
2022-06-20,23.587549074593383,29.35114974761638,17.817947279865393,9.464554122265843,3.6630340557275543,11.947925696594426,0.2453168816601234,50.00486914181376,979.1798539257455,976.0799147900183,17
2022-06-21,23.094279304542905,29.532136848008975,16.67549074593382,7.830622546270332,3.192843326885881,11.417601547388779,4.232753785754347,48.319189360354656,980.5436985433818,976.1744775174162,17
2022-06-22,21.942624789680316,27.521929332585525,16.359057767807066,9.396074032529445,3.6611145510835907,10.624829721362227,0.6072716695753345,53.33779671332927,979.1644552647595,976.1203286670725,17
2022-06-23,22.13673583847448,28.175042063937187,16.151430173864274,9.785137408861468,3.8778947368421055,11.130897832817336,0.832809871003926,52.46074254412659,981.3748021911138,977.6524041387705,17
2022-06-24,22.4662927650028,29.155300056085245,15.803252944475602,12.192343658679132,3.568730650154799,10.295232198142413,0.541240666283745,47.31588557516738,982.1885575167375,978.3651247717589,15
2022-06-25,22.051598429613012,28.747840717891194,15.339876612450924,10.979953243717127,3.5587616099071213,11.17547987616099,0.5313616759088108,49.56786366402922,979.9990870359098,975.7160681679853,15
2022-06-26,21.69040942232193,27.662535053280987,15.738810992708917,11.832495616598477,3.758204334365325,10.558204334365323,0.07709750566893424,46.37553256238588,979.1535605599513,975.6558734023127,15
2022-06-27,21.424004486819964,27.718900729108245,15.14122265844083,9.121200224340999,2.9912693498452017,10.423343653250772,0.24849517319704714,51.06451612903225,985.0722458916614,978.8965916007302,17
2022-06-28,22.953168816601234,30.952103196859227,14.950420639371844,12.945242165242167,2.7096594427244582,9.352941176470589,0.07919237240605721,42.4704808277541,984.8135727328058,980.2330493000608,16
2022-06-29,23.617049915872126,31.384071789119464,15.874593381940551,12.36985754985755,3.6019814241486063,10.619938080495356,0.19603174603174603,42.3323189287888,982.2827754108337,976.7463177115033,16
2022-06-30,22.585978687605163,29.149467190128995,16.021200224340998,11.448121144139092,3.678266253869969,9.880247678018575,0.21004039238315061,44.46804625684723,981.4463177115033,977.2689592209373,17
2022-07-01,23.537913628715646,31.198541783510937,15.885586090858103,11.717416715371126,2.743584784010316,9.641715022566085,0.15075715086932137,43.388853704876496,984.7673844205191,980.9669411019632,15
2022-07-02,25.162759394279306,32.00723499719574,18.29209197980931,11.59988310929281,3.112136222910216,10.640557275541795,0.01839863713798978,47.611077297626295,984.596104686549,981.3774193548387,15
2022-07-03,25.598653954010096,31.72933258553001,19.467302299495234,9.512363427257043,3.6342414860681114,10.769349845201239,0.3843089921544961,50.2696287279367,984.9867924528302,981.4158247108946,16
2022-07-04,25.560067302299494,32.484744812114414,18.620527201346047,11.24116657319125,2.9634674922600617,9.90297213622291,0.04777841892671667,46.071211199026166,984.5696895922093,980.7225197808885,17
2022-07-05,25.37397644419518,31.736287156477847,19.053168816601236,9.574985978687604,3.8576470588235288,10.85046439628483,0.1473345049794962,50.73524041387705,985.8213633597078,981.6071819841752,17
2022-07-06,24.865395401009536,30.437296690970275,19.27885586090858,7.85703869882221,3.1503405572755416,11.109287925696592,0.43230490018148815,57.622641509433954,987.8286062081557,983.5322580645161,17
2022-07-07,25.58250140213124,32.98659562535054,18.198429613011776,11.97986539540101,2.7109597523219815,9.683777089783282,0.0,44.399878271454654,988.3260499087035,985.3062690200852,17
2022-07-08,26.35984296130118,34.37588334268087,18.348065058889514,13.46985754985755,2.909969040247678,9.023839009287926,0.03140773976444195,39.0973828362751,988.5440657334145,984.6278758368836,16
2022-07-09,27.501570386988224,35.71267526640493,19.26500280426248,13.504330484330486,2.7868730650154796,9.41733746130031,0.0,37.18441874619598,987.5288496652464,983.0552038953134,16
2022-07-10,28.061581604038135,36.40067302299495,19.72877173303421,13.43720797720798,2.9330030959752316,9.58421052631579,0.0,34.72671941570298,984.4772367620205,979.0891661594644,16
2022-07-11,28.416937745372966,36.49315759955132,20.314582164890634,12.146324786324787,3.53405572755418,10.391888544891641,0.0,34.71880706025563,982.0807668898356,977.9506999391358,16
2022-07-12,29.329220415030846,37.0521592821088,21.59932697700505,12.038176638176639,3.593560371517027,10.751826625386999,0.386315199102636,31.23554473524041,984.9138161898965,981.0374315276931,16
2022-07-13,29.936062815479534,38.80802019068985,21.07515423443634,12.901025641025642,3.1164086687306503,9.680681114551083,0.0,29.149726110772974,985.531527693244,982.3149117468046,16
2022-07-14,29.182389231632083,37.69366236679754,20.694896242288277,12.838461538461537,3.0487306501547984,9.511826625386995,0.05922602355580482,32.915398660986,985.0291539866099,980.613511868533,16
2022-07-15,29.54369040942232,37.69517666853617,21.395401009534492,12.894188034188033,3.464458204334365,9.961547987616099,0.0,32.264150943396224,982.5095556908095,979.0293365794278,16
2022-07-16,29.548289399887828,37.78339876612451,21.284296130117777,12.90985754985755,3.1882352941176464,10.147863777089784,0.006281547952888391,30.61351186853317,982.6311016433352,979.344674376141,16
2022-07-17,29.196803140773977,37.23656758272575,21.143353897924843,12.612991452991455,3.1829721362229093,9.855170278637772,0.0015703869882220977,32.31771150334753,983.8208155812538,980.6883140596469,16
2022-07-18,28.674032529444755,35.92927650028043,21.36719012899607,12.651339031339031,3.844272445820433,10.192817337461301,0.028831908831908837,38.68046256847231,983.8954960438223,980.1972611077297,16
2022-07-19,27.376668536174986,34.79786876051599,19.954402692091982,12.627122507122507,3.451269349845201,10.071517027863775,0.010232558139534885,38.63298843578819,983.9223371880705,979.8640900791236,16
2022-07-20,27.433763320246772,35.07044307347167,19.769265283230514,12.702108262108263,2.5734365325077393,8.446068111455109,0.0028392958546280527,40.34996956786367,984.86287279367,981.4591600730371,16
2022-07-21,28.462703309029727,35.70459899046551,21.217947279865395,12.743532763532764,2.8006811145510833,9.36842105263158,0.0606842400448682,41.889227023737064,984.9755934266585,980.8054169202678,16
2022-07-22,28.519125070106565,36.31727425687044,20.741783510936624,11.812857977790765,2.9972136222910217,9.860123839009285,0.004038137969713966,40.50273889227023,983.5841144248325,979.85581253804,15
2022-07-23,28.248121144139088,36.297924845765564,20.23174425126192,12.60227936879018,3.1936222910216716,9.700928792569659,0.0,39.40900791235545,983.9769324406573,980.9294583079732,15
2022-07-24,29.505720695457097,38.184071789119464,20.831744251261917,11.997194623027468,2.803157894736842,9.516656346749224,0.0,35.25684723067559,984.0797930614729,979.882166768107,15
2022-07-25,29.877734155916993,37.693886707795855,22.060515984296128,11.017264957264958,3.4856965944272447,10.421176470588238,0.06102075154234436,35.60316494217894,983.5160681679854,980.0201460742544,16
2022-07-26,27.933595064498043,34.60403813796971,21.256365675827258,12.062450142450146,3.5069969040247675,10.985448916408668,0.0024943310657596376,41.77845404747413,983.0569080949481,978.7440657334145,16
2022-07-27,26.791362871564775,32.689119461581605,20.84632641615255,12.320330033003298,3.740557275541795,10.501424148606809,0.0,44.927571515520384,981.2468046256847,977.2918441874618,15
2022-07-28,26.884464385866515,33.25316881660123,20.55866517106001,10.621652421652422,3.302414860681115,9.633065015479877,0.042581503659347965,48.3353621424224,980.2858186244674,976.8472915398661,16
2022-07-29,27.072237801458215,33.897195737521024,20.303084688726862,10.87457627118644,3.1094117647058814,11.261547987616101,6.942120022434099,50.59342665855142,982.6452221545952,978.8096774193548,15
2022-07-30,27.796242288278183,33.81402131239484,21.748850252383622,9.796201052016364,3.0830959752321974,10.127120743034054,0.6167590881084412,52.0377358490566,984.3769933049299,980.7409007912355,15
2022-07-31,28.593494111048795,35.14610207515423,22.058777341559168,11.348451198129748,2.5352321981424146,9.986501547987617,0.2544009085746735,48.67255021302495,984.2565429093121,980.2110164333535,15
2022-08-01,28.550084127874367,35.34772854739204,21.738081884464385,11.314700854700856,3.156656346749226,9.30513931888545,0.0,48.74132684114424,982.9576993304929,979.6946439440047,16
2022-08-02,29.34296130117779,36.89882220975883,21.7967470555244,11.834472934472934,3.300371517027864,10.618142414860682,0.19975186104218362,43.53804017041996,981.9982349360924,978.0234327449787,16
2022-08-03,28.862030286034773,36.49781267526641,21.182220975883343,11.864216524216527,2.941238390092879,10.508792569659441,0.011097410604192356,41.30127814972611,980.41071211199,976.8923311016432,16
2022-08-04,28.22406057206955,35.135838474481204,21.331912507010657,11.572307692307692,3.309473684210526,10.224953560371514,0.25002804262478967,44.55934266585514,980.8273280584297,977.3226415094339,16
2022-08-05,27.61615255187885,34.36124509254066,20.894840157038697,11.575099715099716,2.782786377708977,10.586563467492258,3.646397188049209,49.05173463177115,982.5996956786364,979.1183201460742,16
2022-08-06,27.384071789119464,34.364554122265844,20.40689848569826,11.995897435897437,2.877523219814241,9.29312693498452,0.008524957936062815,48.404138770541685,983.3562385879488,979.8301886792451,16
2022-08-07,27.060684240044868,34.00510375771172,20.116657319125068,11.091566951566953,2.926687306501547,9.99405572755418,0.49585462805224306,48.846622032866705,982.6026171637249,978.7370663420571,16
2022-08-08,26.4790802019069,33.43303421200224,19.559226023555805,11.54980056980057,2.6993808049535595,9.640495356037151,0.09296102385107621,46.698113207547166,982.9520998174071,979.6935483870966,16
2022-08-09,27.605455755156353,34.48995342648037,20.71250831669993,11.428474576271185,3.18689138576779,10.385992509363295,0.30552228875582166,48.56199559794572,982.7315480557593,979.407556859868,15
2022-08-10,27.91290751829674,33.90365934797072,21.9065868263473,11.065966101694912,3.058052434456928,10.072059925093633,0.0322022621423819,50.29200293470284,981.992002934703,978.1463683052092,15
2022-08-11,27.846102075154235,34.521536735838474,21.173079080201905,11.206666666666667,2.7442105263157894,9.931207430340558,0.0,48.0535605599513,981.8028606208154,978.4174680462568,16
2022-08-12,28.71744251261918,36.915591699383064,20.513011777902413,10.700968660968663,2.6879876160990706,10.540804953560373,0.0,41.884966524650025,981.3211807668897,976.8741935483871,16
2022-08-13,27.804206393718452,33.86029164329781,21.765395401009535,4.1011965811965805,4.137647058823528,15.848297213622288,1.0460980036297638,50.88009738283627,981.2113816189895,976.192209373098,16
2022-08-14,26.664441951766687,33.89276500280426,19.482220975883344,11.037094017094018,3.6399999999999997,11.592693498452013,0.0,42.59768715763846,978.4442483262324,974.1410833840534,16
2022-08-15,25.45720695457095,32.041615255187885,18.878519349411103,11.585413105413107,3.6077399380804946,10.246501547987616,0.22564102564102567,47.85514303104077,977.1645161290321,973.669385270846,16
2022-08-16,25.105776780706673,31.568928771733034,18.609814918676385,9.924615384615386,3.6245201238390092,11.443219814241486,0.8818844643858665,47.61229458307973,977.0996956786366,973.2590992087644,16
2022-08-17,23.97521031968592,30.50560852495794,17.471452607964107,9.490142450142452,2.7130650154798754,10.787058823529414,1.415728977616455,50.437614120511256,979.6199634814363,975.2017041996347,16
2022-08-18,23.261581604038142,29.996017947279864,16.534716769489624,10.392535612535614,2.501486068111455,9.885758513931888,0.89736399326977,47.14607425441265,983.3949482653682,978.9162507608033,16
2022-08-19,24.663544587773416,32.774705552439706,16.505272013460463,12.396493278784336,2.830773993808049,8.946377708978327,0.0,42.22824102251978,984.6443700547777,981.3124771758977,15
2022-08-20,26.31755468311834,34.83684800897364,17.81418956814358,11.812624196376388,2.3569040247678017,8.496408668730648,0.0,41.513694461351186,984.7703590992087,980.8346317711502,15
2022-08-21,27.465171060011215,35.44251261918115,19.485081323611887,11.277831036548829,3.0337461300309596,9.96260061919505,0.04258943781942079,42.710894704808275,983.4064516129031,978.7961655508216,14
2022-08-22,26.573191250701065,33.56416152551879,19.571508693213687,10.835327635327637,2.882167182662539,9.273746130030956,0.04331065759637188,47.05051734631771,981.1167376749847,977.5343883140596,16
2022-08-23,27.07549074593382,34.19209197980932,19.966180594503644,11.784330484330486,2.70891640866873,9.030216718266255,0.0034355828220858893,50.80340839926963,980.7441874619598,977.2930614729153,16
2022-08-24,27.72361189007291,34.313404374649465,21.12882781828379,10.58843304843305,2.9863157894736845,10.262105263157896,0.33037080635668037,51.92270237370663,981.7180766889834,977.611868533171,16
2022-08-25,26.744868199663486,32.95288839035334,20.576444195176666,9.266495726495727,3.2185139318885447,10.779318885448918,3.1749712973593573,57.92757151552039,982.762690200852,978.5867924528301,16
2022-08-26,25.28278182837914,31.939988782950085,18.620471116096464,9.47457627118644,3.983157894736842,13.396222910216718,3.7789412449098316,57.22398052343274,981.7261716372489,976.6400486914181,15
2022-08-27,25.098485698261356,31.935558048233315,18.26399326977005,10.404500292226766,2.8622910216718265,9.28470588235294,0.0,54.07729762629336,978.8335362142423,975.2624467437613,15
2022-08-28,26.57521031968592,32.854458777341556,20.243073471676947,10.913734658094679,2.6289783281733747,9.305882352941175,0.2787436904094223,53.94583079732197,979.9348143639683,976.1182592818016,15
2022-08-29,26.285810431856422,32.052944475602914,20.518059450364554,8.40860398860399,2.9550464396284823,9.849597523219815,0.3563131313131313,57.36092513694461,982.3522215459525,978.1450395617771,16
2022-08-30,26.52299495232754,32.941671340437466,20.06404935501963,8.240284900284902,3.0541795665634672,10.399876160990713,1.0039238315060588,55.23432744978697,983.7512074303405,979.8691640866871,16
2022-08-31,25.42299495232754,31.761076836791922,19.09725182277061,9.210712250712252,2.7765944272445817,11.321795665634673,2.8959672706019868,49.29032258064516,984.3079123554472,980.2867924528301,16
2022-09-01,24.297924845765564,31.18160403813797,17.439764441951766,7.9262678062678065,2.6119504643962843,9.484953560371519,0.029500841278743695,54.33110164333536,982.1891661594643,978.5522824102251,16
2022-09-02,25.171789119461582,31.672686483454846,18.691643297812675,8.630940170940171,3.1850154798761605,10.25795665634675,0.07582725743129556,49.21180766889835,980.543578819233,976.8554473524041,16
2022-09-03,23.8086932136848,30.201065619742007,17.400392596747054,9.115441595441595,3.0208668730650157,9.838947368421053,0.6532809871003925,51.9342665855143,980.7644552647596,977.377175897748,16
2022-09-04,23.460123387549075,30.594391475042066,16.349186763881097,10.989629629629631,3.0257585139318883,9.907925696594429,0.28625911385305663,49.28910529519172,984.2738892270236,980.2877662811928,16
2022-09-05,24.280482333146384,31.106842400448684,17.45703869882221,10.94843304843305,3.1257124762507917,9.934613003095976,0.11351654514862591,51.83262325015215,985.5262933657941,982.3462568472306,16
2022-09-06,24.52170499158721,31.790353337072354,17.266236679753224,10.218290598290599,2.58061919504644,9.40922600619195,0.009871003925967473,47.98600121728545,984.8398052343273,980.7774193548387,16
2022-09-07,23.780257992148066,30.799495232753788,16.78166012338755,8.665299145299146,2.7285448916408668,9.961857585139319,0.17762155828939663,45.611077297626295,982.5524650030432,979.0100426049909,16
2022-09-08,24.02198541783511,30.779921480650593,17.23954010095345,8.782564102564102,2.621052631578947,9.139876160990713,0.4179386823222439,48.58125380401704,983.1090687766281,979.7826536822884,16
2022-09-09,25.083903533370723,32.00257992148065,18.16595625350533,10.527977207977209,2.5019814241486067,8.548421052631578,0.0,52.59342665855142,984.8622032866706,981.1584905660376,16
2022-09-10,25.604711160964666,32.449691531127314,18.779304542905216,10.599658119658121,2.7118266253869963,8.746501547987616,0.0,51.39013998782714,984.6430919050517,980.7412051125989,16
2022-09-11,26.767021873247334,34.1681996634885,19.3842400448682,10.1191452991453,2.627554179566564,9.027368421052632,0.019599109131403118,50.37918441874619,982.7674376141205,976.7859403530127,16
2022-09-12,26.06775098149187,31.13589455973079,20.948738081884464,3.9819041986989947,3.004024767801858,13.772445820433436,1.9578231292517008,60.29275715155204,978.6722458916615,973.9182592818015,15
2022-09-13,23.721088053841836,27.227481772293885,20.223667975322492,3.3500284900284902,4.409907120743034,13.658390092879259,2.7103405572755417,70.56238587948874,977.4224589166159,973.6997565429092,16
2022-09-14,23.03039820527201,27.528098710039256,18.548457655636568,5.030541310541311,3.4568421052631573,9.785448916408669,0.5739764441951767,63.80766889835665,979.1693852708459,975.0026171637248,16
2022-09-15,23.206730229949525,28.94969153112731,17.470667414469993,6.976581196581197,2.4310322989233693,8.32172260924636,1.1417891373801918,62.9315494710641,981.173304293715,977.9576228998133,16
2022-09-16,22.821592821088053,29.087885586090856,16.544419517666853,9.305730258560445,2.290959752321981,8.337089783281733,0.044868199663488505,60.54351795496043,980.8673158855751,977.1337188070602,14
2022-09-17,22.559394279304538,28.710600112170496,16.418788558609084,9.396434833430744,2.543715170278637,8.511640866873066,1.7385305664610207,56.431527693244064,980.3065733414485,976.7618381010346,15
2022-09-18,23.63903533370723,29.658889512058327,17.636231071228266,8.20789306174411,3.0504643962848297,10.140743034055726,0.14729444834855937,57.584297017650634,980.8217285453438,977.7429093122337,14
2022-09-19,23.525911385305662,29.311890072910828,17.77178911946158,8.174643874643875,2.593003095975232,9.591083591331268,1.3768928771733036,60.69689592209373,982.7795496043822,979.2025562994522,16
2022-09-20,23.27638810992709,29.447672462142453,17.096242288278184,9.74011396011396,1.9356656346749224,8.68947368421053,0.0,59.13024954351795,983.9502130249542,980.8292148508824,16
2022-09-21,22.744195176668537,28.3244531688166,17.144868199663485,7.667122507122508,2.4896594427244585,8.402414860681114,0.373864273696018,56.32684114424832,983.9638466220329,980.773097991479,16
2022-09-22,22.271676948962423,28.56051598429613,15.955075715086931,8.74843304843305,2.384024767801858,8.161052631578947,0.0281524926686217,61.34083992696286,984.262507608034,981.3061472915399,16
2022-09-23,22.46674144699944,28.584183959618617,16.339820527201347,8.330917592051431,2.540557275541796,10.441486068111454,1.6894559730790804,56.98600121728545,983.961229458308,979.5590992087643,15
2022-09-24,21.069994391475042,26.238194054963547,15.926977005047672,7.3766218585622445,2.6242105263157893,10.496965944272446,4.089201608271108,60.094948265368224,980.6404747413268,976.9293365794277,15
2022-09-25,18.376219854178352,23.46309590577678,13.275771172181715,6.8944476914085335,2.8243962848297213,10.123467492260064,7.604935501962983,59.446135118685326,979.3911746804625,976.1961046865489,15
2022-09-26,18.473696017947276,23.870779584969153,13.066292765002803,7.917150997150998,2.8375232198142415,9.211528822055136,0.4527693244065733,59.480219111381615,981.5885575167378,977.5015216068168,16
2022-09-27,18.924397083567023,25.61581604038138,12.244980370162647,9.051851851851852,3.0471826625386993,11.183529411764706,0.25876940770557794,53.0596469872185,982.3715155203895,979.4319537431527,16
2022-09-28,19.26163124641011,25.78437679494543,12.735669155657668,8.911111111111111,3.6677050222504763,12.24437380801017,1.2910824453168817,57.00874453466583,980.7865708931917,974.8986883198002,16
2022-09-29,18.034492428491305,22.822321929332585,13.249579360628156,5.168376068376069,3.770835913312693,13.063653250773992,4.565451486259113,62.68046256847231,976.7608034083993,971.7048691418137,16
2022-09-30,17.185193494111047,22.902355580482332,11.516208637128434,9.194358974358975,2.5546749226006185,9.157708978328172,0.6527543745949448,54.60377358490565,985.3512477175898,975.1939135727328,16
2022-10-01,17.993494111048793,25.984856982613575,9.960515984296132,10.163361823361825,2.151393188854489,8.033188854489163,0.0012846517917511832,47.969567863664025,991.1251978088862,985.189227023737,16
2022-10-02,20.378799775659004,28.9035333707235,11.838194054963543,9.6597150997151,2.614055727554179,7.88780185758514,0.0012846517917511832,47.9403530127815,991.1681679853925,986.050821667681,16
2022-10-03,21.512058328659563,28.38637128435222,14.638698822209758,7.591168091168093,2.1088544891640866,7.359133126934984,0.004536616979909268,52.33962264150943,988.1073037127205,984.4613511868532,16
2022-10-04,21.880089736399324,28.797027481772293,14.978126752664048,8.147806267806269,1.9226625386996903,6.494798761609907,0.0029935851746258025,55.54656116859403,987.539135727328,984.4270846013388,16
2022-10-05,21.39181155356141,28.08317442512619,14.718676388109927,8.591623931623932,2.1183900928792565,8.358390092879258,4.555570380253502,57.40353012781497,989.6777236762019,985.7355447352404,16
2022-10-06,20.835109366236683,26.273079080201907,15.43252944475603,6.756068376068376,2.5099071207430335,9.548173374613004,2.024783477681545,63.810712111990256,990.9326232501521,987.5332318928788,16
2022-10-07,20.006618059450364,24.68878295008413,15.301177790241166,6.806039886039887,2.1652631578947363,6.9889164086687305,1.6654855643044617,67.4954351795496,988.4091905051735,983.1378575776021,16
2022-10-08,20.643409983174422,25.985081323611887,15.312563095905778,7.450997150997151,2.4502786377708974,8.344334365325077,0.0,64.29214850882532,984.4987218502738,981.1550213024955,16
2022-10-09,20.76399326977005,26.090072910824453,15.467246214245653,7.494644067796608,2.2929411764705887,8.476532507739936,0.7530386740331492,66.22641509433961,983.3247108947047,979.6062690200852,15
2022-10-10,20.204935501962982,24.551374088614693,15.84026920919798,4.95019943019943,2.326377708978328,10.009102167182661,3.0734283862605314,73.82531953743151,984.4233110164332,981.0727936701155,16
2022-10-11,19.808581043185637,24.008188446438588,15.60695457094784,3.7621082621082627,2.1835294117647055,7.249226006191951,1.3145990404386567,76.2635423006695,985.4330493000608,982.56195982958,16
2022-10-12,19.566629276500283,25.209758833426807,13.939203589455973,7.993162393162394,2.081609907120743,7.972321981424147,0.2068027210884354,69.11077297626292,987.9852708460133,984.089592209373,16
2022-10-13,19.73073471676949,26.067638810992705,13.397083567021873,9.021253561253562,1.8188854489164084,8.158575851393188,0.31871412169919633,60.40109555690809,989.5332927571515,986.4889227023737,16
2022-10-14,20.927201346045987,28.19416713404375,13.638698822209758,9.541595441595442,2.2678018575851393,6.968544891640867,0.11547952888390353,56.31892878880096,988.5344491783322,983.3034083992695,16
2022-10-15,20.2054402692092,27.676051598429616,12.73673583847448,9.336353009935712,2.2980185758513927,9.130897832817336,0.16082711085582999,59.93365794278758,983.6435179549603,978.6996348143639,15
2022-10-16,20.63881099270892,27.424397083567023,13.827930454290522,6.0691992986557555,2.4349845201238387,9.241547987616096,1.5278650378126817,61.33657942787583,984.3782105903834,979.4711503347534,15
2022-10-17,21.809197980931014,27.26561974200785,16.3456533931576,6.846324786324788,2.1904643962848294,8.29739938080495,0.44890510948905105,62.956786366402916,988.577358490566,983.744309190505,16
2022-10-18,21.96472237801458,27.84683118339877,16.11671340437465,6.512706552706554,2.9034674922600616,9.424334365325077,0.663600673022995,63.288496652465,989.3166159464395,985.977175897748,16
2022-10-19,21.67150869321368,25.788334268087496,17.548513740886147,2.9545868945868947,3.624767801857585,11.895294117647058,0.4302299495232754,68.19720024345708,986.4524041387705,980.9217894096165,16
2022-10-20,19.88581043185642,22.98687605159843,16.75103757711722,1.076923076923077,3.6528173374612996,11.786253869969041,7.705623901581721,74.46074254412659,982.0163724893487,978.2600730371271,16
2022-10-21,19.70689848569826,23.34391475042064,16.07111609646663,2.488376068376068,2.932445820433436,9.408668730650156,1.6497949619214998,74.203895313451,982.050821667681,979.0542300669506,16
2022-10-22,19.81581604038138,24.671452607964106,14.938418395961863,4.976446522501461,3.056842105263158,11.29894736842105,2.5952888390353337,69.12355447352402,982.2822276323799,977.9928788800972,15
2022-10-23,19.320471116096467,23.061245092540663,15.586595625350535,3.0252483927527765,3.4682972136222907,10.890909090909089,0.618,72.11868533171028,982.8864881314668,978.2553864881313,15
2022-10-24,19.05367358384745,24.098373527762195,14.058777341559171,5.533903133903134,1.8858204334365325,6.928297213622289,0.05968454258675079,68.11685940353013,984.3801582471089,981.2241631162506,16
2022-10-25,19.928771733034214,25.934772854739208,13.960123387549075,5.205470085470086,2.615975232198142,9.41640866873065,0.24548211036992115,63.72915398660985,983.7559342665854,979.6704808277541,16
2022-10-26,21.47616376892877,28.085417835109364,14.862142456533931,4.464216524216525,1.93578947368421,7.592693498452012,0.28595953402820357,58.66768107121119,986.020754716981,981.8039561777235,16
2022-10-27,21.428087306145894,28.357668006892588,14.542274554853533,6.504045584045584,2.485077399380805,8.654100445009535,0.3109366236679753,51.39744370054778,988.4208155812538,984.8326841144246,16
2022-10-28,21.073980470993682,27.402469844916716,14.766973004020679,6.722108262108263,1.889001907183725,7.275969485060392,1.2897363993269773,54.71205496564647,988.7023735165521,985.078888194878,16
2022-10-29,19.547448121144136,25.926752664049356,13.168031407739765,7.363760683760685,2.2678018575851397,7.647554179566562,0.5065735892961024,58.448569689592205,987.2147291539865,983.5682288496652,16
2022-10-30,18.55782389231632,23.623051037577117,13.483342680874928,5.049458689458689,1.4557275541795665,6.005882352941176,0.7793204452255418,69.42422398052342,985.8965916007303,983.0600121728545,16
2022-10-31,17.755973079080203,21.8945597307908,13.606393718452049,2.246894586894587,2.0263777089783277,7.7743653250774,0.8489063376332024,73.08338405356056,986.711503347535,981.4390139987827,16
2022-11-01,18.41906898485698,23.96023555804823,12.851934941110489,7.350484330484331,1.5008668730650152,6.404210526315789,0.0,69.9537431527693,989.4539257455872,985.9287888009738,16
2022-11-02,17.769377453729668,23.235389792484575,12.249859786876051,7.187806267806268,1.6338699690402478,6.830464396284831,0.12651026392961878,70.91661594643944,989.9772367620207,985.2293974437005,16
2022-11-03,16.76483454851374,20.99803701626472,12.532080762759394,2.8730484330484334,3.10953560371517,10.037770897832816,0.9104879416713404,70.37492391965915,986.8601947656725,982.1393791844187,16
2022-11-04,15.363039820527199,20.85429052159282,9.879304542905215,6.548148148148147,3.0126934984520126,10.326625386996904,0.5208637128435221,60.93061472915399,986.9635423006694,982.9555082166767,16
2022-11-05,13.72540661805945,20.906057206954568,6.517722938867077,9.220222092343656,1.338080495356037,6.396532507739938,0.3598639455782313,55.9561777236762,987.4539866098598,983.8206329884357,15
2022-11-06,14.213236118900728,22.656870443073466,5.808356702187325,8.765517241379312,1.693312693498452,6.714736842105262,0.028719126938541065,56.280584297017654,986.0005477784539,982.2836275106512,15
2022-11-07,14.49035333707235,21.849130678631518,7.0832305103757705,8.23931623931624,1.9398142414860684,7.556718266253869,0.41784358390280946,63.60620815581254,986.1890444309189,981.6492391965915,16
2022-11-08,15.852383623107123,21.353841839596186,10.362535053280988,4.435555555555556,2.265139318885449,8.823839009287925,2.8797647058823532,73.3323189287888,983.2524650030431,980.1304321363359,16
2022-11-09,15.842288278182837,20.611104879416715,11.088334268087491,3.644672364672365,1.8598142414860679,9.501547987616098,0.8277061132922042,77.85514303104077,987.120572124163,981.709433962264,16
2022-11-10,15.085530005608526,20.639652271452608,9.528042624789679,7.681082621082621,2.169473684210526,7.3982043343653245,2.197476163768929,72.90018259281801,990.4019476567254,986.3628119293974,16
2022-11-11,14.92893998878295,20.241951766685364,9.61918115535614,5.350672121566335,3.0240247678018575,8.76705882352941,4.087829500841279,71.39135727328059,989.9926354230067,986.6976871576384,15
2022-11-12,17.27521031968592,22.436455412226586,12.09725182277061,6.688369374634717,2.2003715170278637,8.910092879256965,0.5948892674616696,71.23311016433354,988.7552647595861,985.2301278149725,15
2022-11-13,16.377678070667415,22.158328659562535,10.581267526640493,7.3145528930450014,1.651702786377709,6.597523219814241,0.6564625850340137,68.71393791844187,987.0128423615338,982.7098600121728,15
2022-11-14,15.997980931015142,20.412282669657877,11.563881099270892,3.42917378917379,2.3820433436532507,7.846130030959751,0.9782389231632082,74.84479610468654,985.4178332318928,982.1347534996955,16
2022-11-15,17.180257992148064,21.202972518227707,13.11217049915872,2.8129914529914535,4.2554179566563475,13.684024767801855,3.4601794727986537,72.07364576993305,982.3763846622031,976.3730371272063,16
2022-11-16,16.023219293325855,18.8978126752664,13.145653393157598,2.131794871794872,3.4284210526315784,11.303529411764707,1.3625737898465171,73.45891661594644,978.269567863664,975.0208764455263,16
2022-11-17,17.279416713404373,21.203084688726864,13.359842961301178,3.462279202279203,4.766811145510837,13.946191950464398,1.9071385359951605,71.93061472915399,977.4629945222155,974.0163724893487,16
2022-11-18,12.506113292204152,16.22299495232754,8.766404935501964,2.2503133903133907,3.2813622291021667,11.19721362229102,2.6783510936623673,71.93244065733414,981.8536214242239,976.2618989653073,16
2022-11-19,10.704486819966348,14.812787436904093,6.608861469433538,5.998518518518519,3.371331269349845,11.116904024767802,1.7256870443073473,65.00426049908704,986.3562385879488,981.2535605599512,16
2022-11-20,11.621985417835107,17.32136848008974,5.900336511497476,6.103076923076923,2.53405572755418,8.644829721362228,1.5781267526640494,73.4668289713938,988.9653073645768,985.2277541083383,16
2022-11-21,12.831407739764442,17.27005047672462,8.3980931015143,1.0774928774928776,4.544520123839009,16.92266253869969,5.054602951510892,81.65368228849664,987.1468046256847,976.0673158855751,16
2022-11-22,12.074705552439708,15.640661805945037,8.500504767246214,2.1212535612535612,4.453622291021671,13.587863777089781,2.8646102075154234,70.54777845404747,982.9528910529518,977.7718198417527,16
2022-11-23,15.712058328659563,20.123275378575435,11.284576556365677,3.7904273504273505,4.213003095975232,13.232755417956655,1.2417884278199884,73.82775410833841,984.0432744978697,976.8856360316494,16
2022-11-24,14.251598429613011,18.811833987661245,9.672966909702748,2.8394301994301996,2.2229102167182657,7.19108359133127,2.493662366797532,76.70967741935483,985.5385879488739,981.7874619598294,16
2022-11-25,13.038194054963546,18.382052720134606,7.671564778463265,5.597378917378918,2.3320743034055726,10.143281733746129,0.20768367919237243,69.46743761412051,992.7813146682896,984.3052951917223,16
2022-11-26,11.220807627593942,17.55171060011217,4.927818283791363,7.296011396011396,1.7828482972136224,6.6242724458204325,0.004655075715086932,65.01460742544126,994.1813146682896,990.7634205721241,16
2022-11-27,11.004598990465508,18.087829500841277,3.9208637128435226,7.223703703703704,1.3700928792569658,7.0336842105263155,2.0953475014359566,63.7242848447961,991.5769324406573,984.3766889835665,16
2022-11-28,10.946045989904654,16.0086932136848,5.885698261357263,6.737378917378917,3.206501547987616,10.490588235294116,1.4072349971957374,64.4485696895922,987.8866098600121,984.1094948265368,16
2022-11-29,10.417722938867078,15.807683679192372,4.991755468311835,7.13954415954416,1.9977084659452573,7.727120743034055,0.473015873015873,66.77673545966229,987.1917224589166,982.8351795496044,16
2022-11-30,9.533595064498037,15.438979248457656,3.615367358384744,6.028148148148149,1.230402476780186,5.492631578947368,1.581073283323716,71.11807668898356,983.6093122337186,979.3309799147899,16
2022-12-01,9.640157038698822,13.779921480650588,5.502019068984858,3.2660398860398865,2.0390092879256962,6.915975232198142,7.865507571508694,75.66220328667072,981.3185027388922,978.9068167985392,16
2022-12-02,8.817049915872126,13.364946719012899,4.265956253505328,5.021196581196581,1.846315789473684,6.678390092879255,2.9592821088053842,76.2848447961047,980.3838101034694,975.4020693852708,16
2022-12-03,8.08519349411105,13.555524397083566,2.66758272574313,4.621766381766382,1.534922600619195,6.157894736842106,1.977005047672462,77.07364576993305,975.6668289713938,971.7312233718807,16
2022-12-04,10.25086932136848,14.885698261357263,5.597083567021874,4.434131054131054,1.5589473684210524,6.487368421052631,0.9658744667885435,78.52525867315885,978.5236762020693,972.5604990870359,16
2022-12-05,10.122209758833428,13.748850252383622,6.468648345485137,1.9438176638176639,2.233374613003096,7.17547987616099,6.503350515463917,84.17833231892878,980.1223980523432,976.889592209373,16
2022-12-06,12.328771733034213,15.52523836231071,9.134380257992147,1.7585754985754989,1.259876160990712,4.893188854489164,0.21033028812368232,85.33171028606208,981.7295800365184,978.1398052343275,16
2022-12-07,12.028379136287157,15.533595064498037,8.554739203589456,2.1168660968660973,1.9549226006191953,5.610154798761608,2.936428571428571,85.91661594643944,980.9451612903225,974.3746195982958,16
2022-12-08,12.266517106001121,14.847840717891195,9.662142456533932,0.8290598290598291,2.4598142414860678,9.959318885448917,10.39427549194991,88.35849056603773,974.5508825319538,966.6683505782104,16
2022-12-09,13.280818844643859,16.119125070106563,10.4668536174986,1.929059829059829,2.5456965944272447,10.739133126934982,7.169109947643979,85.19659160073036,970.3052343274496,964.7283018867925,16
2022-12-10,11.195961862030286,14.799663488502523,7.616320807627595,4.364289888953828,2.5618575851393186,9.294055727554179,7.27899255867201,75.75715155203895,977.7148508825319,969.6004260499086,15
2022-12-11,10.700336511497476,13.852215367358385,7.559899046550758,1.3651081239041492,3.3833436532507735,10.726130030959753,2.976847004072135,84.73767498478392,976.6302495435178,970.0454047474132,15
2022-12-12,13.15277621985418,16.922938867077956,9.369489624228827,1.0996011396011398,4.195851393188853,12.62780185758514,9.827627800114877,85.14059646987218,976.9814972611076,970.3077297626294,16
2022-12-13,15.056702187324733,17.69113853056646,12.466236679753225,0.4477492877492878,4.46,13.71628482972136,11.142063937184522,87.23432744978697,973.4906269020084,967.9479610468654,16
2022-12-14,14.321368480089738,17.970723499719575,10.665339315759955,2.5655840455840453,3.1807430340557277,11.15325077399381,9.186427369601796,82.7151552038953,972.8194157029823,965.7486305538648,16
2022-12-15,12.320807627593943,15.527033090297252,9.126079641054401,2.798461538461539,3.0359752321981426,11.147616099071211,1.926247896803141,81.04138770541692,970.717224589166,964.3755934266585,16
2022-12-16,11.196971396522715,15.30263600673023,7.136343241727426,3.7952706552706554,2.044520123839009,8.357770897832816,0.6927283304246654,79.99999999999999,979.2637248934874,970.066768107121,16
2022-12-17,11.012563095905778,15.257150869321372,6.723948401570387,4.149678550555231,1.6461300309597524,5.565015479876162,0.04845765563656758,81.95313451004259,988.050821667681,979.04692635423,15
2022-12-18,11.286493679308048,16.277511643379906,6.335861610113106,5.796610169491524,2.1037770897832817,6.823970037453184,0.14916833000665336,82.91965916007302,990.7597212032282,987.0659574468084,15
2022-12-19,11.59352580927384,16.456605424321957,6.728083989501312,6.179999999999999,2.4800749063670406,7.409538461538459,4.008892763731474,78.28539985326488,990.9066764490094,987.9195891415993,15
2022-12-20,11.899270891755467,16.936287156477846,6.854963544587773,3.344843304843305,2.1936222910216716,9.72173374613003,3.0308443423319935,80.32318928788801,990.1329884357881,984.9903225806452,16
2022-12-21,13.188222097588335,17.056646102075156,9.336343241727425,3.6870085470085474,2.4534984520123833,8.893498452012386,0.28170940170940173,79.7212416311625,991.0659160073036,987.3722458916615,16
2022-12-22,13.22181716208637,17.12793045429052,9.35518788558609,4.496980056980057,2.816160990712074,8.0353560371517,0.19169938306225462,80.58490566037734,992.4637248934876,989.9086427267192,16
2022-12-23,13.80179472798654,18.850308468872687,8.722434099831743,5.908091168091168,2.378266253869968,8.199318885448916,0.3111735769501054,78.1533779671333,990.8457090687766,987.4140596469873,16
2022-12-24,12.916657319125068,18.505328098710038,7.358104318564218,6.269743589743591,1.9017337461300308,7.167801857585139,2.536013125512716,77.52465003043213,988.1475958612293,984.2212416311625,16
2022-12-25,13.010992708917552,18.850420639371844,7.202579921480651,6.780341880341881,2.311269349845201,8.532321981424149,1.0438475952529667,73.40413877054169,987.401278149726,983.1293365794279,16
2022-12-26,12.835558048233315,19.13090297251823,6.5898485698261355,7.17897435897436,1.6274922600619195,5.896965944272445,0.6726627981947131,72.9440048691418,993.000253968254,986.3497777777778,16
2022-12-27,11.750869321368482,17.90499158721256,5.589736399326977,7.4201139601139605,2.116222910216718,5.790216718266253,0.004935501962983736,74.71089470480827,995.738587948874,991.9714546561167,16
2022-12-28,11.1877734155917,17.556646102075156,4.825126191811553,7.373675213675214,1.952198142414861,7.020928792569658,1.1246428571428568,72.30310407790626,992.9225197808885,987.3041996348143,16
2022-12-29,11.124340998317443,16.21463825014021,6.042568704430735,3.1985185185185188,2.7716408668730654,8.916656346749226,1.7515878159429679,77.70176506390749,989.2090687766281,986.1346926354229,16
2022-12-30,12.851822770611328,17.537408861469434,8.16124509254066,3.3709401709401714,3.275913312693498,10.410092879256965,0.060904407555809975,70.01825928180159,990.4956177723675,986.3444309190505,16
2022-12-31,12.671845204711163,19.085025238362313,6.255636567582726,7.112934472934473,2.3249535603715166,8.621424148606811,1.4527055516514407,63.9214850882532,990.788861838101,987.9698113207546,16
2023-01-01,11.578519349411104,17.176051598429613,5.982781828379136,4.56923076923077,1.9306501547987616,8.155046439628482,3.436703044227456,64.80645161290323,990.0873402312841,985.7592818015823,16
2023-01-02,10.21054402692092,14.32720134604599,6.1037577117218165,2.494301994301994,1.7004334365325078,5.845572755417955,1.228491306786315,80.5045648204504,992.1566037735848,986.8148508825318,16
2023-01-03,10.334604598990465,15.082613572630397,5.59562535053281,6.051339031339031,1.5918266253869966,5.510092879256966,0.3455485353245262,80.35483870967741,996.9326232501521,991.7541692026779,16
2023-01-04,10.014806505888952,15.32966909702748,4.714133482893999,6.164216524216524,1.718513931888545,5.21219814241486,0.002355580482333147,79.59646987218503,998.7562385879487,995.8628119293974,16
2023-01-05,9.43757711721817,15.406618059450363,3.493942793045429,7.562222222222222,1.327739938080495,5.250835913312693,0.0036281179138321997,77.06877662811928,996.3507608034083,990.7944004869141,16
2023-01-06,8.940549635445878,15.70426247896803,2.1525518788558613,7.496581196581197,1.4300928792569656,5.051207430340557,0.491564863292612,77.06390748630554,991.8104686548993,988.2962264150942,16
2023-01-07,8.646550757150868,14.444475602916432,2.8340998317442514,4.0978375219170085,2.2835913312693488,10.377647058823529,4.728435221536736,79.00304321363359,990.0621424223979,984.7824710894704,15
2023-01-08,13.088726864834548,16.667638810992706,9.497307908020192,0.816832261835184,4.862910216718266,13.92848297213622,4.026864834548514,83.03286670724285,985.6602556299451,979.7219111381619,15
2023-01-09,12.366741446999438,16.805608524957933,7.912394840157039,5.416980056980058,3.6713931888544895,12.346934984520125,0.10072910824453168,71.25319537431527,992.731710286062,982.8751673767497,16
2023-01-10,11.055019629837352,16.677958496915313,5.437240605720696,6.594245014245014,1.6336222910216718,6.753622291021671,0.9560798548094376,75.72854534388313,994.9368228849664,991.4084601339013,16
2023-01-11,10.097710360618203,14.732684602175159,5.480709788208357,3.5672364672364667,1.768397720075997,6.473274224192527,1.1957835558678847,81.87181082762912,995.4173615432483,990.8172370877412,16
2023-01-12,9.89478407178912,15.359450364554123,4.4081884464385865,6.819544159544161,2.0991950464396285,7.126068111455107,0.1526640493550196,76.72002434570906,995.3281192939742,991.0667072428485,16
2023-01-13,9.830846887268647,15.220863712843524,4.426135726303983,6.056809116809117,1.6953560371517022,5.640061919504643,0.11405895691609977,76.64150943396226,993.8822276323798,990.3208764455264,16
2023-01-14,9.817891194615816,16.170274817722937,3.4749298934380257,6.95499707773232,2.071764705882353,7.465944272445819,0.7693577981651376,74.32014607425441,993.0284844796106,987.1790018259281,15
2023-01-15,10.019781483611272,15.254054054054055,4.772857964347326,5.102222222222222,2.739974538510503,10.428580521960532,2.582257126236184,74.5515947467167,990.3759341355286,985.5101628664495,16
2023-01-16,8.995232753785753,13.330005608524957,4.649803701626472,2.6674643874643875,5.252817337461299,16.80160990712074,8.218453427065025,73.84479610468654,986.4379184418746,971.2559951308581,16
2023-01-17,10.741446999439146,14.931688166012338,6.579584969153113,4.89002849002849,7.625944272445819,21.416827852998065,3.677734155916994,66.30919050517346,972.1082775410833,966.4416920267803,16
2023-01-18,7.402523836231071,10.91480650588895,3.8871003925967473,6.18894586894587,4.213188854489164,13.59857585139319,2.3163944343617664,61.84114424832623,983.0723676202068,969.2748021911136,16
2023-01-19,7.1580995993131085,11.793589009730969,2.5099026903262738,5.953504273504274,4.224520123839008,12.450474984167196,1.9599516031457958,66.51491174680463,986.2457090687765,979.2293974437005,16
2023-01-20,10.394279304542904,15.25945036455412,5.552944475602916,6.073732193732194,3.1681114551083596,10.918637770897833,0.6453548759376804,67.92878880097382,986.0824710894703,979.1522215459524,16
2023-01-21,7.4339876612450935,12.95171060011217,1.9219293325855302,6.920740740740741,2.053065015479876,9.414117647058823,0.12204150308468872,65.74071819841751,987.2455873402312,983.8451004260498,16
2023-01-22,5.166012338754907,10.758272574312956,-0.4037016264722378,8.072820512820513,2.866068111455108,10.037089783281731,0.23567021873247335,50.18441874619599,990.2917833231893,986.4793670115642,16
2023-01-23,4.682220975883342,10.332192933258554,-0.9578238923163209,6.736296296296297,2.3512693498452006,8.940681114551083,1.117750439367311,58.17954960438223,989.5539257455873,984.9417528910528,16
2023-01-24,4.488726864834549,8.33595064498037,0.677790241166573,4.453447293447294,2.3197523219814236,7.772445820433436,0.6666666666666665,69.16737674984785,990.690139987827,987.0391357273279,16
2023-01-25,5.47195737521032,10.691082445316882,0.2703309029725182,6.150598290598291,2.3602476780185757,9.333808049535605,0.581491867638811,65.34144856968959,991.7353621424222,987.774010955569,16
2023-01-26,5.372742568704432,10.941278743690408,-0.17835109366236684,5.0488448844884495,1.947244582043344,7.5128792569659435,1.0175746924428823,65.92391965916008,988.6687157638465,981.1356055995129,15
2023-01-27,5.723724060572069,11.509254066180596,-0.07408861469433539,7.250883190883191,2.580866873065015,9.27547987616099,0.81644623346751,61.961046865489955,983.9765672550212,980.5297017650639,16
2023-01-28,5.255580482333146,10.773864273696017,-0.2316320807627594,7.462849002849003,2.5656346749226,9.123405572755416,0.6126191811553562,62.412659768715756,987.4672550213023,983.1350578210589,16
2023-01-29,4.8475602916432985,10.254627033090298,-0.5804823331463825,6.4019373219373215,2.4141176470588235,8.291269349845201,0.4639494833524685,66.13877054169203,991.411868533171,986.6850273889227,16
2023-01-30,5.69298934380258,11.816208637128437,-0.44655075715086917,8.45931623931624,2.431888544891641,7.594984520123838,0.03230510375771172,63.50091296409008,994.2167985392574,990.2479001825928,16
2023-01-31,6.751542344363432,13.988109927089173,-0.4517666853617498,8.563703703703704,1.7460681114551084,6.880866873065016,0.2835726593911545,61.65429093122337,994.4706634205721,991.4573950091295,16
2023-02-01,7.028379136287157,14.217330342120023,-0.14806505888951202,8.693504273504274,1.6698452012383898,5.903219814241487,0.0052040212891780015,63.30736457699331,993.9695069993911,990.9838101034693,16
2023-02-02,7.565339315759955,14.972293886707796,0.1518227706113292,9.119658119658121,1.7352941176470589,5.785758513931889,0.0,63.124163116250756,995.1769324406573,992.0898356664636,16
2023-02-03,8.41744251261918,16.718227706113293,0.0983735277621986,9.109914529914532,1.5923219814241485,5.8922600619195045,0.0,57.145465611685935,997.1362751065125,994.1543517954958,16
2023-02-04,8.642849130678632,17.426079641054404,-0.15653393157599546,8.833781414377558,1.653250773993808,6.162476780185758,0.09449176604202159,52.51004260499087,996.8715763846621,992.9023737066341,15
2023-02-05,8.90274817722939,16.710095344924284,1.067807066741447,8.549386323787258,1.7424767801857586,7.1923839009287915,0.05482174167153712,58.90870359099209,997.147474132684,992.4536822884966,15
2023-02-06,6.995120583286595,12.873864273696016,1.1013460459899045,6.2722033898305085,3.1886687306501544,10.66185758513932,5.988764044943819,68.03104077906268,992.8826536822885,986.9888009738283,15
2023-02-07,7.246887268648346,10.437296690970275,4.050140213123949,2.484672364672365,3.0186377708978323,10.60643962848297,6.455174875089222,78.39013998782713,988.3830797321971,984.2527084601338,16
2023-02-08,8.34784606547961,11.899138426191845,4.832165422171166,2.5674643874643874,2.72892561983471,8.801907183725366,4.885249579360628,76.65146783260462,990.4655215490317,985.894940662086,16
2023-02-09,8.799214806505889,13.163488502523837,4.416432978126753,6.406039886039887,2.8715170278637774,7.877523219814242,1.0187074829931972,68.81984175289105,998.0941570298235,990.947474132684,16
2023-02-10,7.768872686483454,12.460011217049916,3.053168816601234,6.256923076923078,3.6114551083591326,10.097151702786377,0.708693213684801,65.16981132075472,999.2890444309189,996.0267802799756,16
2023-02-11,8.316320807627594,14.27790241166573,2.3841278743690406,7.166510812390413,3.458513931888545,10.189721362229102,0.04284913067863152,59.69750456482044,997.2622641509433,992.8309190505174,15
2023-02-12,9.158272574312956,15.140325294447559,3.140157038698822,7.248217416715371,2.643343653250774,7.714489164086689,0.0,59.986609860012166,995.762325015216,993.0492391965915,15
2023-02-13,9.458496915311272,15.936735838474481,2.9667975322490188,7.642393162393164,3.232321981424149,8.839256965944271,0.0,61.98965307364577,997.2594643944005,994.0416920267801,16
2023-02-14,10.382613572630397,15.518732473359504,5.243297812675266,4.622165242165242,3.044272445820433,8.566439628482973,0.39484015703869885,63.91418137553256,995.4846622032866,990.7891661594642,16
2023-02-15,10.933819405496354,16.10117779024117,5.744363432417273,5.8331054131054145,3.0874303405572756,8.039681274900396,0.2907459338194055,64.66828971393792,993.015763846622,989.5511259890443,16
2023-02-16,10.94863606121091,16.975382568196938,4.963473053892215,7.913423728813559,2.65191011235955,8.640449438202248,0.06240851630073185,63.24578136463683,993.8917828319883,990.612252384446,15
2023-02-17,11.057879977565902,17.775098149186768,4.337464946719012,7.057094017094018,3.560309597523219,9.344705882352944,0.2646754738655945,57.200243457090686,995.1693852708461,991.901095556908,16
2023-02-18,12.311946158160405,18.611609646662927,6.035894559730792,5.821025641025641,2.406625386996904,7.425510835913314,0.04049355019629838,54.68654899573949,994.1303104077906,990.1756542909311,16
2023-02-19,12.992540661805943,19.544812114413908,6.444307347167695,6.994017094017094,2.6721981424148598,7.668792569659441,0.03676048248133257,57.2069385270846,991.6944613511868,987.7289713937919,16
2023-02-20,13.665068049254698,19.854504212572905,7.489695398574205,5.258415841584159,2.6338909090909093,8.829963636363637,0.05877734155916994,54.83036350677121,984.9962223806132,980.5102637205989,15
2023-02-21,12.706842400448684,19.008581043185643,6.389399887829501,6.0962962962962965,2.1020433436532504,7.722724458204335,0.892204150308469,62.145465611685935,986.8202678027998,982.126293365794,16
2023-02-22,12.335614133482895,18.18951205832866,6.454178351093662,6.951566951566952,1.8010526315789475,7.888978328173375,2.878799775659002,70.42544126597687,984.2178332318929,980.4025562994522,16
2023-02-23,9.765339315759956,13.753449242849129,5.7625350532809865,4.615156695156696,2.7839009287925696,10.62520123839009,5.550332728372654,73.35849056603773,980.670115642118,973.9814363968351,16
2023-02-24,7.422041503084688,12.780987100392599,2.08418395961862,6.92991452991453,2.4552941176470586,9.518513931888544,0.5134965473948525,61.11503347534996,976.9450395617771,972.9410225197807,16
2023-02-25,7.575659001682558,12.756702187324734,2.417442512619181,6.1706552706552715,2.429226006191951,8.955046439628479,0.4234997195737521,62.05599513085818,974.113146682897,970.2267194157029,16
2023-02-26,8.514862591138531,13.688951205832867,3.3565339315759952,6.412592592592592,3.2609907120743027,10.314303405572753,0.36601607347876003,63.209373097991474,975.5673158855752,970.8271454656116,16
2023-02-27,5.805945036455413,10.403252944475604,1.2106561974200785,7.460056980056981,3.3077399380804953,11.614613003095974,0.2873305833824396,50.821059038344494,982.4326841144248,975.3763846622032,16
2023-02-28,6.433426808749299,12.626584408300616,0.2514301738642737,8.284558404558407,2.425015479876161,8.967554179566564,0.04772854739203591,48.6804625684723,985.9594035301278,981.857881923311,16
2023-03-01,5.496915311273135,11.67375210319686,-0.6423443634324173,8.331282051282052,2.460371517027863,8.649040247678018,1.0613349368610943,54.48752282410225,984.4557516737675,979.7343274497869,16
2023-03-02,6.4101514301738645,12.631912507010655,0.19074593381940547,7.2162962962962975,1.8884210526315783,7.182291021671827,0.12154195011337869,51.84175289105295,985.2096774193549,981.3687766281192,16
2023-03-03,7.494503645541223,14.955860908581045,0.057936062815479375,8.875862068965514,1.7224148606811147,7.157523219814241,0.23796971396522712,53.87218502738892,986.2477175897748,982.4997565429093,15
2023-03-04,8.726640493550198,15.80527201346046,1.6330342120022439,8.478492109877264,1.8553560371517026,6.365820433436531,0.0,54.46622032866708,986.6139379184418,982.9105295191721,15
2023-03-05,9.067414469994391,15.848906337633201,2.2592821088053836,4.793921683226183,1.6435294117647057,8.355541795665633,1.4342120679554773,64.65672550213024,984.2278758368835,977.5615946439439,15
2023-03-06,11.31043185642176,16.122153673583846,6.489848569826137,5.000398860398861,2.8299071207430337,9.803281733746129,1.0338568935427574,72.98843578819233,979.0017650639074,975.3502738892269,16
2023-03-07,13.203701626472238,18.33875490745934,8.067919237240606,5.1137321937321945,3.772409408773044,11.899226305609284,0.5382780686445607,68.44909431605245,977.473391630231,973.3340412242349,16
2023-03-08,16.03062254627033,20.995457094784072,11.057599551318004,5.8383475783475784,4.733993808049536,13.305572755417954,2.9008839127872723,68.14607425441264,979.2443700547777,975.9599513085819,16
2023-03-09,16.5051598429613,20.55344924284913,12.46584408300617,4.056239316239316,4.470402476780185,15.276222910216719,0.7081680280046675,68.61351186853317,982.5993304930005,977.2381010346926,16
2023-03-10,16.23426808749299,21.691643297812675,10.754122265844083,8.523817663817665,3.795417956656346,11.675356037151701,0.09506314580941447,59.32684114424832,986.5584905660377,982.0216068167986,16
2023-03-11,17.254514862591137,22.902355580482332,11.599551318003366,7.669433080070134,3.832074303405573,11.415541795665634,1.1417835109366237,63.13451004260499,986.865489957395,983.0827754108338,15
2023-03-12,18.193550196298375,25.28917554683118,11.095120583286597,9.704149620105198,2.078699690402477,8.379442724458203,0.17811945594322887,61.50030432136336,987.0167376749847,982.0363968350576,15
2023-03-13,17.349803701626474,24.75945036455412,9.973135165451485,9.30136752136752,4.237337461300309,15.836842105263159,0.26634885025238364,61.430919050517346,984.8338405356055,977.3709068776628,16
2023-03-14,14.57184520471116,20.74469994391475,8.372686483454851,9.63988603988604,3.4857585139318887,10.9128173374613,0.04099943214082908,48.12903225806451,986.550273889227,981.4349360925136,16
2023-03-15,14.570106561974203,22.62187324733595,6.500953449242848,10.67982905982906,2.251950464396284,7.552569659442725,0.0,48.32075471698113,985.4339013998781,979.7268411442483,16
2023-03-16,14.918395961862032,22.972125630959052,6.872069545709479,8.94888888888889,2.9666873065015475,11.364148606811144,0.7064498037016266,52.429701765063896,980.6651856360315,975.8163724893487,16
2023-03-17,14.65945036455412,19.338081884464387,9.982277061132923,7.157663817663818,3.8986996904024767,10.509164086687306,0.549298934380258,62.080340839926954,981.2035909920876,977.2486305538648,16
2023-03-18,13.49814918676388,18.805945036455412,8.18429613011778,5.640398860398861,2.547801857585138,9.639380804953563,0.5678070667414471,62.77480219111381,983.7782714546561,979.3783323189288,16
2023-03-19,13.679977565900167,19.96926528323051,7.403982052720135,9.544387464387466,2.3295975232198147,8.6112693498452,0.011016467915956844,57.412659768715756,987.7306755934264,983.1231284236153,16
2023-03-20,13.888951205832868,21.774369040942233,6.013965227145261,10.36980056980057,1.894984520123839,7.979195046439628,0.019742007851934945,53.01339013998783,987.6464394400487,983.0035301278149,16
2023-03-21,14.755356141334829,22.468704430734718,7.055860908581043,9.670427350427351,2.1528173374613004,7.902910216718267,0.0,55.64333536214242,984.6440048691418,980.6861229458308,16
2023-03-22,15.23073471676949,23.533875490745935,6.983623107122826,9.55116809116809,2.187739938080495,7.584396284829722,0.060796410544026916,55.81436396835058,982.6460742544125,978.8488740109556,16
2023-03-23,16.508524957936064,24.566068424004488,8.47016264722378,9.221595441595442,3.052383900928792,10.616160990712075,0.5396160558464224,50.65185636031649,981.5325015216067,977.965672550213,16
2023-03-24,15.974088614694335,22.805272013460463,9.13168816601234,7.307407407407409,2.716965944272446,9.686934984520121,0.13611890072910826,54.3511868533171,986.6618989653073,980.5867924528301,16
2023-03-25,16.17706113292204,23.548513740886147,8.783623107122827,10.112478632478634,2.983777089783281,9.388421052631582,0.10294287362954413,55.15520389531345,988.2190505173462,983.5066342057212,16
2023-03-26,16.785866517105998,23.86741446999439,9.708524957936064,10.091908831908832,4.475294117647058,13.35783281733746,0.08362779740871615,45.60012172854533,986.8203286670724,982.0443700547778,16
2023-03-27,15.361525518788557,22.76999439147504,7.980257992148065,10.357207977207977,2.3284829721362224,8.70470588235294,0.0,40.68046256847231,988.4732805842968,984.009068776628,16
2023-03-28,15.626696578799775,24.135894559730794,7.093662366797532,10.326609686609688,1.86953560371517,7.776160990712074,0.09422321929332585,43.58368837492391,989.0690809494826,985.9450395617771,16
2023-03-29,17.36876051598429,26.09304542905216,8.635950644980369,10.45823361823362,2.8961609907120747,9.364520123839007,0.014806505888951205,42.09616555082167,989.1461959829579,984.231162507608,16
2023-03-30,18.35423443634324,26.80549635445878,9.91772293886708,9.154643874643877,3.601547987616099,11.46235294117647,0.09603676048248135,48.636640292148506,988.9943396226415,985.008703590992,16
2023-03-31,18.256029164329778,24.38137969713965,12.11048794167134,7.68877492877493,4.487306501547987,12.695294117647059,0.13998878295008416,49.45039561777237,987.773645769933,983.3431527693242,16
2023-04-01,16.837352776219856,22.79893438025799,10.883006169377454,7.642723553477499,3.795170278637771,13.95009287925697,0.7208637128435222,49.42787583688374,987.7222763237978,982.6362142422397,15
2023-04-02,14.939988782950087,21.395793606281547,8.49742007851935,10.10572764465225,3.1628482972136225,11.027739938080494,0.11845204711160966,44.27145465611686,988.1664637857576,983.9174680462568,15
2023-04-03,13.706674144699944,21.105888951205834,6.306001121704991,9.641367521367522,2.764024767801857,9.522414860681113,0.04441951766685362,40.4327449786975,986.240231284236,977.736518563603,16
2023-04-04,13.741559169938308,20.664441951766687,6.843970835670219,8.675099715099716,3.238080495356036,9.893869969040246,0.12922041503084689,47.09129640900791,983.0116250760803,977.3779671332926,16
2023-04-05,13.97532249018508,22.461749859786874,5.511609646662928,10.851851851851853,3.2415479876160984,9.51188854489164,0.007178911946158161,40.82227632379793,983.8127206329883,979.7900791235544,16
2023-04-06,14.744251261918118,22.864722378014584,6.595849691531127,10.704387464387466,2.9874303405572755,8.969969040247678,0.0,40.13572732805843,983.7795496043823,980.7960438222764,16
2023-04-07,15.60358945597308,24.78726864834549,6.429388670779585,11.371478667445936,2.3500928792569655,8.130959752321981,0.0,37.25197808886183,983.0440048691418,978.1859403530127,15
2023-04-08,15.986146943353898,24.86388109927089,7.122209758833427,11.099999999999998,2.5089164086687306,8.82,0.0,41.15885575167376,983.6569080949481,979.9419354838709,15
2023-04-09,17.308973639932695,25.841895681435783,8.76057206954571,10.22238457042665,2.5955417956656337,9.416470588235294,0.0,46.53256238587949,986.6893487522823,982.3723676202069,15
2023-04-10,18.339203589455973,26.17307908020191,10.539820527201346,8.966780626780627,2.3171517027863775,9.731764705882355,0.049355019629837356,44.454047474132686,988.9462568472306,985.1606816798538,16
2023-04-11,17.973079080201906,25.988334268087492,9.957655636567583,10.32940170940171,2.849102167182662,9.497770897832817,0.25303804656445206,50.67194157029823,988.5419963481435,981.83097991479,16
2023-04-12,16.95086932136848,24.06388109927089,9.851149747616377,8.155897435897437,3.9730030959752316,13.816037151702783,0.4758833426808749,52.346926354230064,982.7606208155812,977.1662203286669,16
2023-04-13,14.283903533370722,20.245989904655076,8.36836791923724,9.638974358974359,4.030030959752322,12.660185758513931,0.9111609646662927,44.42178940961655,983.8743152769324,980.2805234327449,16
2023-04-14,15.651710600112173,23.185530005608523,8.133707234997194,9.395269071555292,3.8377708978328178,13.807801418439716,0.4695457094784071,48.813146682897134,984.1423615337796,979.317041996348,15
2023-04-15,18.38250140213124,25.615255187885587,11.148008973639934,10.893021880544058,3.1245201238390092,11.30080495356037,0.2152186257808064,47.786975045648205,985.8690200852097,980.6446135118684,15
2023-04-16,17.129556926528327,24.16130117779024,10.074312955692653,11.826079243051451,3.550959752321982,11.1328173374613,0.0,38.59951308581862,985.3985392574557,980.3586122945829,15
2023-04-17,16.032192933258553,23.88541783510936,8.154010095344924,12.032170313424011,3.4260061919504645,11.045139318885449,0.13011777902411664,40.76262933657943,981.3766889835666,977.0519172245891,15
2023-04-18,16.21334828939989,23.18738081884464,9.217722938867078,9.976182336182337,3.08266253869969,9.446315789473683,0.0,44.7839318320146,979.2150943396225,975.2201460742543,16
2023-04-19,16.709702748177225,24.588053841839596,8.806393718452046,11.055213675213675,2.849783281733746,9.62736842105263,0.0,45.239196591600724,979.8042604990869,975.5541083384053,16
2023-04-20,17.924733595064495,26.63673583847448,9.18766124509254,10.552022792022793,2.650092879256966,9.828235294117647,0.0,43.34936092513694,978.3502738892271,972.1698721850273,16
2023-04-21,17.365339315759954,24.09641054402692,10.649467190128997,9.182507122507122,3.6238390092879245,11.526934984520125,2.6567021873247336,57.63177115033476,976.0625076080339,971.1748630553864,16
2023-04-22,17.37986539540101,23.381267526640492,11.363768928771734,7.592649572649572,2.6559752321981422,10.262600619195043,0.7559730790802018,56.032866707242846,979.4875836883749,974.402008520998,16
2023-04-23,18.053280987100393,25.803701626472236,10.32899607403253,10.785242165242167,3.044767801857585,10.215665634674925,0.8767246214245654,47.188070602556294,981.6013390139988,977.4981740718197,16
2023-04-24,19.464161525518794,26.693157599551316,12.254234436343244,11.110142450142451,2.7573374613003097,9.070588235294116,0.03975764570109637,50.02617163724893,982.708338405356,979.3088253195374,16
2023-04-25,20.98855860908581,29.421368480089736,12.60269209197981,10.35823361823362,2.925634674922601,9.811455108359135,0.13611890072910826,47.01704199634814,982.092574558734,978.1188070602554,16
2023-04-26,20.882557487380815,28.52759394279304,13.26225462703309,10.482564102564103,2.831269349845201,9.583653250773995,0.0,47.78271454656116,981.8616555082167,978.405538648813,16
2023-04-27,21.87829500841279,29.704374649467187,14.035726303982056,10.14957264957265,2.714860681114551,8.99721362229102,0.0,45.32197200243457,981.3407181984174,977.9221545952526,16
2023-04-28,22.25014021312395,29.114189568143576,15.377061132922043,7.536645236703682,2.9744272445820434,10.022600619195044,0.030626780626780623,46.516129032258064,982.5172245891661,978.4413877054168,15
2023-04-29,22.28401570386988,28.570947840717892,16.000336511497473,6.10718877849211,3.2445820433436534,11.069040247678018,0.8433651344319166,52.60559951308581,983.7158855751672,979.4334753499694,15
2023-04-30,20.5543466068424,26.697756590016827,14.40100953449243,7.66019871420222,2.635417956656347,9.193993808049534,0.8489494605337877,55.223371880706026,983.7480827754107,979.8260499087035,15
2023-05-01,20.040044868199665,26.88154795288839,13.190577678070666,10.936980056980058,2.6148606811145507,9.3697213622291,0.0,51.31789023521027,984.15307364577,980.6968959220936,16
2023-05-02,20.51817162086371,28.908076275939425,12.136567582725743,11.335156695156694,2.799318885448917,8.635913312693498,0.0,39.57091945830364,983.3068167985392,978.9234936092513,16
2023-05-03,21.388782950084128,29.341951766685362,13.37386427369602,9.643190883190883,3.4870588235294115,12.217894736842105,0.42811791383219955,39.68353528153957,983.8213633597079,978.0978088861839,16
2023-05-04,20.233538979248458,27.08513740886147,13.36556365675827,11.378518518518518,3.628235294117647,10.529287925696595,0.06214245653393158,48.791161796151115,985.7264759586124,982.0242239805234,16
2023-05-05,20.31934941110488,27.90975883342681,12.724621424565338,12.225599064874345,2.984210526315789,9.901795665634673,0.755356141334829,44.58588738417677,985.0345100426049,979.9404138770542,15
2023-05-06,20.38143578238923,27.500112170499158,13.281828379136288,11.158796025715954,3.4524458204334363,11.407863777089785,0.8920267802799757,46.55595153243051,982.7069993913572,978.4976262933657,15
2023-05-07,20.390689848569828,26.428603477285474,14.331463825014021,9.586499123319694,3.3855727554179564,10.400247678018578,1.188098016336056,51.77690662865289,987.2174680462567,981.543761412051,15
2023-05-08,20.747616376892875,28.45558048233315,13.032305103757711,10.467350427350429,3.099876160990712,8.989287925696592,0.19899046550757152,47.428367783321455,987.8235544735238,984.4766281192939,16
2023-05-09,21.87145260796411,29.417049915872123,14.319461581604038,9.528376068376069,3.7846439628482966,12.836965944272444,0.36047058823529415,52.419814682822526,986.8065733414485,981.7711503347534,16
2023-05-10,20.26831183398766,26.517835109366235,14.031183398766125,11.405641025641028,3.445820433436532,11.15969040247678,0.19882220975883344,44.43478260869566,985.4409007912354,981.3888618381009,16
2023-05-11,18.39753224901851,24.4038137969714,12.398710039259672,9.749743589743591,3.2234674922600615,10.39894736842105,1.589316484778863,45.60228082679971,983.3615946439439,979.2699330493001,16
2023-05-12,16.517554683118338,21.96662927650028,11.048008973639933,8.137492877492878,3.834551083591331,11.82359133126935,2.054780517137703,49.07555238774056,982.1402921485087,978.087401095557,16
2023-05-13,16.078407178911945,22.14111048794167,9.959394279304542,9.307329842931937,3.6517416086130456,10.05598480050665,0.9291643297812675,47.818580833942946,984.5446135118684,981.3590992087644,15
2023-05-14,17.192652832305104,23.87650028042625,10.523836231071227,10.083475783475784,3.2763467492260063,10.886315789473684,0.40249858035207275,53.94440484675696,984.9628119293973,981.9880706025561,16
2023-05-15,17.988895120583287,24.929164329781273,11.062478968031407,10.000626780626781,3.064396284829721,10.979380804953559,0.3279304542905216,45.53029223093371,984.2076080340839,979.6892270237371,16
2023-05-16,17.94655075715087,24.806001121704995,11.091923724060573,10.672535612535613,3.9523219814241477,10.84396284829721,0.059674705552439714,38.39629365645046,982.2660986001215,977.6195374315275,16
2023-05-17,17.28625911385306,24.14032529444756,10.462478968031409,8.751851851851853,3.971517027863777,13.130588235294116,0.09332585530005609,40.06414825374198,982.6147291539863,978.396469872185,16
2023-05-18,17.038923163208075,23.468480089736396,10.557150869321369,8.623418803418804,3.6525696594427237,13.026811145510836,2.6993269770050476,52.33713471133287,984.3826536822883,980.7347534996954,16
2023-05-19,16.59349411104879,22.10880538418396,11.083062254627032,8.246609686609688,2.876470588235294,11.481547987616098,2.1499999999999995,55.35495367070565,984.1958003651855,980.4805842970177,16
2023-05-20,16.74660684240045,22.86545148625911,10.647111609646663,7.255555555555556,3.1526934984520127,10.589287925696594,2.560652818991098,55.36136849607984,981.6475958612295,976.738587948874,16
2023-05-21,16.666404935501962,22.277902411665732,11.053505328098712,5.8128205128205135,2.9552941176470586,9.974922600619193,0.45855143031040774,60.699928724162504,978.5160073037126,975.5921485088254,16
2023-05-22,17.296915311273132,21.18065058889512,13.395176668536175,2.0794301994302,2.451702786377709,9.464520123839009,9.192476851851852,65.74982181040629,979.5740109555691,976.901643335362,16
2023-05-23,17.33719228210246,20.73952095808383,13.926546906187623,2.8426440677966096,2.9242696629213483,10.531385767790262,22.151093613298332,73.62422083704364,979.8667644900953,976.7156272927365,15
2023-05-24,18.543111720356407,23.55188485263879,13.576247504990018,6.149830508474575,2.2995505617977523,8.856554307116108,3.0013037809647978,63.30583873957367,981.6333822450476,978.6650036683786,15
2023-05-25,18.47349319507453,24.158716785482824,12.800648088139987,7.156303630363037,2.6736842105263157,10.137309090909092,11.890589569160998,65.87740555951534,978.9578759800428,974.5106913756239,15
2023-05-26,18.798429613011773,24.07857543466068,13.50443073471677,7.177615429573348,3.391269349845201,10.76513931888545,0.741671340437465,65.32359230220955,983.3252586731588,979.7248934875226,15
2023-05-27,19.15827257431296,24.206001121704986,14.121256309590578,6.087258912916424,2.2788235294117647,10.92462927143778,4.979472798653954,67.3528153955809,983.217041996348,979.598113207547,15
2023-05-28,19.076163768928772,23.924957936062818,14.245821648906338,4.351899473991818,2.706377708978328,10.181300309597523,5.946256847230675,71.64148253741982,981.3911746804625,977.9833231892878,15
2023-05-29,19.371620863712845,25.135894559730794,13.59046550757151,7.903019943019943,2.787616099071207,10.427554179566563,0.8966524650030432,62.75481111903066,980.7200243457091,977.5824102251977,16
2023-05-30,19.409478407178913,25.2247335950645,13.638418395961862,7.88917378917379,2.9226006191950464,10.346068111455109,1.6185081323611892,64.70206699928724,982.3931223371881,979.6824710894704,16
2023-05-31,19.80078519349411,25.95524397083567,13.62720134604599,9.083874643874644,2.498575851393189,9.430464396284828,3.034660684240045,60.55508216676811,982.0105295191722,978.401095556908,16
2023-06-01,19.945148625911383,25.109534492428487,14.765395401009533,5.717094017094017,2.529969040247678,9.493065015479877,1.0041213508872353,62.842970176506384,980.0018867924528,976.6237979306147,16
2023-06-02,20.157150869321367,25.829556926528323,14.49826135726304,6.936469900642899,2.426934984520124,10.869102167182662,0.977894124490983,65.48021911138161,979.5237370663419,976.3341448569688,15
2023-06-03,20.512282669657882,26.228771733034215,14.799326977005046,9.706604324956164,2.3391950464396283,10.219999999999999,0.4491867638810993,62.84601339013998,980.0900791235542,977.2933049300061,15
2023-06-04,21.146045989904653,27.084071789119463,15.22108805384184,9.146171829339568,2.412321981424148,9.71213622291022,0.27190128996074037,59.71515520389531,981.2010955569081,978.2035909920876,15
2023-06-05,21.84834548513741,27.74576556365676,15.93853056646102,9.177321937321938,2.758947368421053,10.856160990712075,1.0642176107683678,61.92209373097992,981.2168594035301,977.8494217894095,16
2023-06-06,22.857206954570948,29.630117779024115,16.077061132922044,10.076068376068378,2.710835913312693,8.618637770897834,1.3628715647784633,55.037127206329885,980.0686548995739,975.9653682288496,16
2023-06-07,21.137857543466072,24.984744812114414,17.31777902411666,1.6452421652421654,2.66266253869969,8.750728309056365,5.73527762198542,71.16433353621423,979.3041387705416,976.7477175897748,16
2023-06-08,20.64812114413909,24.52478968031408,16.771340437464946,3.1485470085470086,2.7928173374613,8.586193793540215,4.564441951766685,76.68948350964529,978.3960438222763,974.4535605599513,16
2023-06-09,21.931239484015705,26.810992708917553,17.025462703309028,8.615384615384617,3.8492260061919503,10.956656346749226,2.3129251700680276,63.402312842361525,979.4173463177115,974.8845404747412,16
2023-06-10,22.65928210880538,28.455748738081883,16.88827818283791,8.967692307692309,2.4325696594427244,9.7,3.9500841278743692,60.581862446743756,980.7121728545343,977.6925136944612,16
2023-06-11,22.32467750981492,28.11783510936624,16.581099270891755,8.330427350427351,2.8310835913312693,11.112941176470587,2.0929017603634303,60.83262325015215,981.2987827145464,978.3983566646377,16
2023-06-12,22.327986539540102,28.078968031407737,16.568704430734716,8.81903133903134,2.848544891640867,10.719566563467493,2.2208637128435225,60.904443091905044,980.2332927571515,975.9893487522822,16
2023-06-13,21.653168816601234,26.971957375210316,16.351991026360068,7.708774928774929,3.359442724458204,11.91938080495356,8.698429613011779,65.51491174680461,978.6783323189287,974.6654899573949,16
2023-06-14,22.338642736960175,28.98300616937745,15.671003925967469,10.969515669515673,2.3030340557275544,8.417337461300306,0.0025272831705916146,54.89653073645769,982.6328667072428,977.9997565429094,16
2023-06-15,23.970611329220418,31.247392035894556,16.716208637128435,13.005982905982908,2.3413003095975227,8.22730650154799,0.0,45.769933049300064,983.9581253804016,981.2194157029824,16
2023-06-16,25.450588895120585,33.00398205272013,17.90510375771172,12.125242165242167,2.214674922600619,8.329040247678018,0.023107122826696583,44.804017041996346,983.5438222763237,979.5468654899572,16
2023-06-17,25.972574312955693,33.4089736399327,18.587549074593383,11.708148148148151,2.8040866873065013,10.617090909090907,1.2740109555690808,44.477784540474744,976.7505345687812,972.4039914468998,16
2023-06-18,24.307178911946156,29.367077958496914,19.236623667975323,7.263874643874644,3.3068730650154796,9.953993808049534,1.58128078817734,56.17954960438222,979.4249543517955,976.2205112598905,16
2023-06-19,23.63101514301739,29.020358945597305,18.240325294447562,7.4484900284900295,3.509783281733746,9.941795665634675,1.8791157649796395,56.93852708460133,978.6642118076688,974.901460742544,16
2023-06-20,23.69136287156478,29.359842961301176,18.016376892877172,8.385698005698005,2.897894736842106,8.89343653250774,1.1858276643990928,57.63116250760803,979.7269628727936,975.8191722458914,16
2023-06-21,23.675771172181715,29.148401570386984,18.20628154795289,7.33977207977208,3.3947368421052624,11.862105263157897,4.299883653286795,62.67194157029823,982.3270237370663,977.5374923919658,16
2023-06-22,24.66219854178351,31.511553561413344,17.820471116096464,12.3985754985755,2.3497213622291016,7.965325077399381,0.0,51.460742544126596,987.2303712720632,981.538770541692,16
2023-06-23,25.671003925967472,32.90919798093102,18.406057206954568,13.281823495032144,2.748792569659442,8.895294117647058,0.0,46.72185027388922,988.0525258673158,984.1903225806452,15
2023-06-24,26.928547392035895,34.594727986539546,19.254234436343243,13.476680303915838,2.554489164086687,9.058575851393188,0.0,42.90079123554473,985.3542909312233,980.5309799147899,15
2023-06-25,27.966012338754904,36.029164329781274,19.875659001682557,12.009643483343073,2.8302167182662537,10.864520123839009,0.22998296422487227,42.12355447352404,984.5523432744978,980.551369446135,15
2023-06-26,27.527025275437452,34.73616331821127,20.351134154244974,11.123168316831682,3.066006191950464,9.174763636363636,0.0072685973878478145,44.04443091905051,980.4987883107628,977.307982893799,15
2023-06-27,27.037913628715646,33.851318003365115,20.239035333707236,11.196011396011396,2.531021671826625,8.169907120743032,0.0,46.93244065733415,983.845648204504,979.553804017042,16
2023-06-28,26.94916833000665,33.765136393878905,20.174184963406518,10.023186440677962,2.499628482972135,8.900299625468167,0.018363273453093812,49.57881923311017,981.7076302274394,978.659427732942,15
2023-06-29,25.613180033651147,31.837240605720694,19.405608524957938,9.133447293447295,4.046625386996904,11.599752321981425,13.040157038698823,59.36457699330492,983.6449178332318,979.2066950699939,16
2023-06-30,23.61660123387549,29.305552439708357,17.970330902972517,9.433736473583703,3.158266253869969,9.387306501547986,0.01805945036455412,52.7650639074863,984.1577601947656,981.2331101643335,14
2023-07-01,25.01519910263601,31.704094223219293,18.306674144699944,12.189059829059829,2.4684829721362225,8.93405572755418,0.005054566341183229,48.81984175289105,983.6481436396834,979.8654290931222,16
2023-07-02,26.29467190128996,33.06724621424565,19.526640493550197,11.972991452991455,3.219814241486068,9.72080495356037,0.030959057767807073,51.60681679853925,982.9586731588557,979.8621424223979,16
2023-07-03,26.482669657879978,32.629052159282104,20.33600673022995,11.064957264957265,3.3492879256965944,12.634241486068111,0.7092540661805945,52.499087035909916,983.2890444309189,980.4928788800974,16
2023-07-04,25.973191250701067,32.17229388670779,19.771733034212,11.591566951566953,3.4720123839009283,9.955665634674924,0.03463940942646224,53.911138161898954,983.6849056603774,980.6682288496652,16
2023-07-05,25.193830622546272,31.164498037016262,19.210039259674705,8.002735042735043,3.2777708978328173,9.773126934984521,0.002467750981491868,51.03651856360316,983.5432744978698,979.6488131466829,16
2023-07-06,25.725294447560287,31.242793045429053,20.242905215928214,9.046153846153848,3.191393188854489,9.88705882352941,1.470611329220415,56.79549604382227,980.9810712111989,977.4155203895313,16
2023-07-07,25.717106001121707,31.879192372406056,19.557543466068424,10.590826210826211,3.7193188854489168,11.488916408668729,0.3851374088614694,51.902008520998166,981.9369446135117,977.6816798539257,16
2023-07-08,26.027930454290523,33.22428491306786,18.80835670218732,12.731950464396283,2.774427244582043,9.324520123839008,0.04228827818283792,49.274497869750455,984.3063907486305,980.5298234936092,15
2023-07-09,26.889231632080765,34.0347728547392,19.794279304542904,12.080683760683762,2.731083591331269,8.747244582043342,0.017274256870443074,46.5173463177115,986.3717589774802,982.6781497261106,16
2023-07-10,28.257319125070108,35.629220415030844,20.921031968592263,12.122621082621084,2.5642105263157897,8.54786377708978,0.03724060572069546,44.846622032866705,986.2796104686548,981.9918441874618,16
2023-07-11,28.870667414469995,35.48440830061694,22.29029725182277,10.88894586894587,3.452383900928792,10.833869969040247,0.05398487492728331,47.65489957395009,983.3215459525259,979.0558125380402,16
2023-07-12,27.91934941110488,34.78917554683119,21.033651149747616,10.940683760683761,3.3908978328173376,9.979133126934986,0.12243409983174425,46.619598295800365,983.1293974437006,979.7032866707242,16
2023-07-13,27.86174318030605,34.50479041916168,21.199733865602123,11.786324786324787,3.156284829721362,9.9569040247678,0.0,44.895922093730974,984.6891661594643,981.0715155203894,16
2023-07-14,28.079641054402693,34.73527762198542,21.450532809871,12.68780626780627,3.7047678018575843,10.55374613003096,0.288951205832866,45.5989044430919,983.0093122337188,978.1176506390748,16
2023-07-15,26.61261918115536,32.79641054402692,20.409310151430173,11.943418803418805,3.7274303405572757,11.272198142414862,0.07773415591699384,50.38222763237979,981.4587948874012,977.4799147900181,16
2023-07-16,26.157319125070106,32.54638250140213,19.79573752103197,9.842279202279203,3.0541176470588227,9.380557275541797,0.01090289608177172,48.81010346926354,982.6055386488131,978.9841144248326,16
2023-07-17,27.849635445877734,35.285137408861466,20.398653954010094,11.03846153846154,2.9094736842105267,9.43609907120743,0.0,46.17650639074863,983.5184418746195,980.2535605599512,16
2023-07-18,29.616545148625914,37.10078519349411,22.12602355580482,10.445698005698006,3.3395046439628486,10.530030959752322,0.0,45.84601339013999,984.9635423006694,980.6438831405965,16
2023-07-19,29.392596747055528,36.43634324172742,22.320022434099833,11.003988603988605,3.519256965944272,10.980990712074302,0.7268648345485138,46.908703590992076,983.970480827754,980.0125989044429,16
2023-07-20,27.470667414469997,33.58738081884464,21.394727986539543,10.238062678062679,4.090030959752322,11.347430340557272,0.26573191250701067,49.97748021911137,981.4449178332318,977.2282410225197,16
2023-07-21,26.124284913067864,32.880089736399334,19.3437464946719,10.506723646723648,4.050588235294117,10.784396284829722,0.008,48.85149117468046,981.8655508216677,977.9061472915399,16
2023-07-22,26.007627593942797,32.19725182277061,19.842176107683684,10.246780626780627,3.397832817337461,9.396842105263154,0.0,49.61898965307364,982.7465003043213,979.8898356664638,16
2023-07-23,26.92260235558048,34.00185081323612,19.845036455412224,10.845470085470087,3.5745510835913303,10.382848297213622,0.25810431856421767,47.74315276932441,982.1538040170419,976.9205721241631,16
2023-07-24,26.985754346606843,33.62697700504768,20.346606842400448,9.827635327635328,3.874179566563467,11.78433436532508,0.06954570947840719,46.73584905660377,979.531527693244,975.5290931223371,16
2023-07-25,24.86954570947841,31.10117779024117,18.65602916432978,12.089572649572649,3.7938699690402475,10.863095975232197,0.14111048794167136,45.17163724893487,982.5790018259281,978.2898965307363,16
2023-07-26,25.07464946719013,31.578743690409425,18.588278182837914,11.736980056980059,3.2106501547987616,9.52049535603715,0.0,49.36822884966524,983.5964698721848,980.0707242848448,16
2023-07-27,25.66489063376332,31.628266965788,19.70768367919237,10.388547008547008,3.7311455108359137,11.77034055727554,1.0350776308223117,54.74984783931832,982.5419354838709,977.9024954351795,16
2023-07-28,25.97616376892877,33.290353337072354,18.65445877734156,11.99675213675214,2.8585139318885444,9.334427244582042,0.3446189645142525,51.82227632379792,981.4606816798539,977.7594035301278,16
2023-07-29,27.47975322490185,35.29753224901851,19.66399326977005,12.42888888888889,2.914365325077399,10.853560371517025,0.08662131519274377,47.61716372489349,981.8319537431528,977.7714546561168,16
2023-07-30,27.436791923724062,33.821648906337636,21.056421761076837,11.032763532763534,3.0533126934984516,9.848544891640866,0.0,51.33597078514911,984.3551430310407,981.4494826536823,16
2023-07-31,27.49220415030847,34.28996074032529,20.680089736399328,11.993960113960114,3.6616099071207424,10.79969040247678,0.08143578238923165,47.78575776019476,984.269567863664,980.0797930614729,16
2023-08-01,27.157711721817165,34.165956253505335,20.138418395961857,11.915669515669517,3.205201238390093,9.922724458204334,0.12521539345203908,50.16737674984783,981.8572732805842,977.7981740718199,16
2023-08-02,28.106210826210827,35.63253561253561,20.575669515669517,11.913675213675216,3.485015479876161,11.922538699690401,0.19145299145299147,49.66159464394401,979.2710216718267,974.1003095975232,16
2023-08-03,25.844307347167693,31.586259113853057,20.10914189568144,10.65880341880342,3.92266253869969,11.726006191950463,2.087528344671202,50.350578210590385,981.6531953743151,977.1336579427875,16
2023-08-04,23.77375210319686,30.257431295569265,17.305945036455412,11.318005698005699,3.4440247678018574,11.337213622291019,0.07783595113438045,40.603164942178935,985.6479610468655,981.1791235544734,16
2023-08-05,24.596186203028605,33.16096466629276,15.979304542905215,12.750769230769231,3.344272445820433,9.88613003095975,0.19169938306225462,38.60620815581254,985.680523432745,980.5527693244067,16
2023-08-06,25.83230510375771,33.847335950644975,17.83409983174425,12.289401709401709,3.1393808049535603,9.839938080495354,0.0,42.17346317711503,983.6437614120512,980.1785149117468,16
2023-08-07,26.348513740886148,33.80482333146383,18.92265844083006,12.314188034188035,2.467554179566563,9.357708978328175,0.0,40.52404138770542,983.8939135727327,980.2678027997565,16
2023-08-08,27.963881099270893,35.02877173303421,20.92103196859226,11.205754985754986,2.620371517027864,9.800619195046439,0.0,46.64333536214242,982.9715763846622,979.5798539257455,16
2023-08-09,28.656533931575996,35.71256309590578,21.590689848569827,9.275270655270655,2.821114551083591,10.330712074303404,0.0,50.58064516129032,984.6107729762628,980.7558734023128,16
2023-08-10,29.917442512619186,37.77767807066741,22.06730229949523,11.655099715099716,3.039814241486068,10.586501547987618,0.0,44.99026171637249,986.5220328667071,982.1163116250759,16
2023-08-11,29.026808749298933,37.50555243970836,20.574088614694336,12.304843304843306,2.605015479876161,9.496099071207432,0.022658440830061695,38.4954351795496,986.8822276323797,983.6441874619597,16
2023-08-12,28.631127313516547,36.053168816601236,21.183174425126193,11.695669515669517,2.9928173374613,9.966501547987615,0.047818499127399654,44.35605599513086,985.8648204503954,981.7479001825927,16
2023-08-13,27.75176668536175,34.64228827818284,20.846158160403814,11.705470085470086,3.6946130030959745,10.20606811145511,0.0,46.725502130249545,983.386427267194,978.8770541692027,16
2023-08-14,26.864049355019635,33.663208076275936,20.0652271452608,11.771680911680914,2.934365325077399,9.746749226006193,0.0,45.07973219720024,981.0763846622032,978.214485696896,16
2023-08-15,26.749411104879417,33.994840157038695,19.515030846887267,10.84923076923077,3.116965944272445,9.77925696594427,0.12641615255187885,45.62264150943396,981.7064516129033,978.7874619598296,16
2023-08-16,26.490072910824452,32.86971396522714,20.063768928771733,10.336581196581196,3.2756037151702784,9.34452012383901,0.0015703869882220977,49.94339622641509,981.4858186244674,978.5744370054776,16
2023-08-17,27.024901850813233,34.22725743129556,19.821200224341,11.395897435897437,3.1160371517027854,9.524891640866873,0.0,48.99269628727937,981.0540474741326,977.7650030432135,16
2023-08-18,27.310263600673025,34.98188446438587,19.64559730790802,10.824615384615385,3.1281733746130023,10.364086687306502,1.21652123327516,46.53499695678637,981.2055995130856,978.1880097382837,16
2023-08-19,27.994167134043746,35.91205832865956,20.085417835109368,11.636809116809118,2.665758513931888,8.797337461300307,0.23892316320807627,45.92391965916007,984.3737674984783,980.5951308581862,16
2023-08-20,29.490016825574873,36.82658440830062,22.18754907459338,11.06968660968661,2.2582043343653253,8.304643962848298,0.027690517742873764,45.09981740718198,985.5410225197809,982.4562994522214,16
2023-08-21,30.242624789680317,38.124397083567025,22.35799214806506,11.794131054131055,2.731207430340557,9.074179566563467,0.0,40.790018259281794,985.5926354230066,981.8083992696287,16
2023-08-22,30.273527762198544,38.15933819405497,22.388614694335388,11.53834757834758,3.1267492260061918,10.642414860681113,0.0015703869882220977,37.390748630553865,983.9878271454656,980.1328667072428,16
2023-08-23,30.77498597868761,39.03707234997196,22.534099831744253,11.247977207977208,2.688421052631579,9.480866873065015,0.0,36.05051734631771,982.0145465611685,978.5891661594643,16
2023-08-24,30.23264161525519,38.30364554122266,22.163656758272573,11.533504273504274,2.718390092879257,9.301486068111453,0.009871003925967473,35.457699330493,981.5729153986609,978.0898965307363,16
2023-08-25,29.224116657319126,37.259394279304544,21.150364554122266,10.196752136752137,2.9291640866873063,10.959938080495355,0.1525518788558609,38.956786366402916,981.205173463177,977.5972611077295,16
2023-08-26,26.581491867638807,32.786427369601796,20.3877734155917,5.672193732193733,3.5897213622291018,13.237027863777088,6.905485789821546,49.240413877054166,980.4173463177115,976.2752891052951,16
2023-08-27,21.619068984856984,26.68311833987661,16.586876051598427,8.118860398860399,3.744829721362229,12.939133126934983,2.354795288839035,50.91600730371272,983.986062081558,976.962690200852,16
2023-08-28,22.4771733034212,29.497476163768926,15.476163768928771,10.60968660968661,3.2105882352941175,10.824148606811146,0.9295008412787437,42.380401704199635,984.5156421180766,980.1080340839926,16
2023-08-29,23.323836231071226,30.678519349411108,15.96045989904655,10.456581196581197,2.7170897832817333,8.95950464396285,0.8820835718374357,44.71880706025563,981.5143639683504,976.6365794278757,16
2023-08-30,23.26287156477846,29.58693213684801,16.922434099831744,10.032991452991453,2.815294117647059,9.857399380804955,0.029931972789115645,50.003043213633596,980.747474132684,976.9759586122944,16
2023-08-31,24.188551803091016,31.487635947338298,16.92215226101889,11.483646723646723,2.509626345788473,8.745725142495251,0.0,47.14623522090852,983.7955818294959,980.3673304293713,16
2023-09-01,24.743331425300518,31.37492989343803,18.1909559244419,9.123760683760684,3.0730650154798758,10.452260061919501,2.4812675266404933,51.58490566037736,982.9772976262933,978.3454656116859,16
2023-09-02,21.936623667975326,25.97532249018508,17.945316881660123,2.360569800569801,3.497708978328173,11.528235294117646,14.74043746494672,68.7181984175289,981.3160681679852,977.4730979914789,16
2023-09-03,20.942456533931576,25.013684800897366,16.838250140213123,2.069059829059829,2.9024767801857583,12.114798761609908,11.023495032144947,79.58794887401095,981.2379184418746,976.8768715763846,16
2023-09-04,23.82002243409983,28.55367358384745,19.097363993269767,7.128660968660969,3.3323839009287926,10.550340557275543,1.478351093662367,65.49665246500304,981.7047474132684,977.924284844796,16
2023-09-05,24.3771733034212,29.89641054402692,18.879809310151426,8.333903133903135,2.486068111455108,8.121981424148606,0.06937607326846022,60.005477784540474,982.9989653073645,980.0171028606208,16
2023-09-06,24.596074032529447,30.33056646102075,18.843466068424007,8.784330484330484,2.035913312693498,7.84094132817537,0.0,61.50517346317711,983.6262325015216,980.8326841144246,16
2023-09-07,24.57263039820527,30.028771733034212,19.120863712843523,8.21994301994302,2.2060681114551084,8.898513931888543,0.22914691943127957,59.33718807060255,983.557881923311,981.0112598904443,16
2023-09-08,24.476500280426247,30.396410544026924,18.5842400448682,9.685868945868947,2.412012383900928,8.6471826625387,0.34603903559127436,61.68411442483262,983.2347534996957,980.0382227632379,16
2023-09-09,23.904094223219293,29.159057767807067,18.656141334828938,8.61139601139601,2.789349845201238,9.462291021671826,1.7945036455412224,64.58490566037736,982.9407181984175,980.256360316494,16
2023-09-10,23.84733595064498,29.60257992148065,18.051205832865957,9.702838283828383,2.523157894736842,9.784024767801856,1.0581604038137968,65.82288496652464,983.3959220937309,980.5167376749848,15
2023-09-11,23.187167854828253,28.161827608554756,18.23123784834737,8.867986798679867,2.7957430918595967,9.132509090909092,1.378351093662367,63.6708119970739,978.4903064861013,975.0213114754099,15
2023-09-12,23.01788723266364,28.390213869086192,17.618146467919633,8.52,2.3361454545454547,9.5272,9.653463079564968,62.825374198146825,978.6699215965789,975.448039914469,15
2023-09-13,23.123836231071223,28.810824453168816,17.43056646102075,9.234719471947196,2.1027244582043343,8.902105263157894,0.9145939806927883,64.56482045039562,984.1748021911137,981.2699330492999,15
2023-09-14,23.97257431295569,29.26247896803141,18.679528883903533,8.306864686468648,2.2669349845201237,8.566315789473686,3.202355580482333,64.20876445526476,983.8946439440048,978.9468046256846,15
2023-09-15,22.67117218171621,26.679753224901855,18.64901850813236,5.072211221122112,3.0957275541795664,10.785634674922601,8.571029668411867,79.85088253195374,980.4173463177115,975.6465003043213,15
2023-09-16,22.048794167134044,26.474032529444752,17.625014021312396,4.2070627062706265,2.7553560371517025,8.36346749226006,3.029276500280426,71.74923919659159,978.4303712720632,975.6976871576384,15
2023-09-17,21.84655075715087,26.535389792484576,17.163712843522156,4.886138613861386,3.5199380804953564,13.53362229102167,4.601514301738643,72.46500304321363,980.9958003651855,975.8416311625076,15
2023-09-18,21.04722378014582,25.18973639932698,16.90471116096467,6.302970297029702,2.2640247678018577,7.775541795665634,0.07830133798720186,66.18624467437613,984.7052951917224,980.028362751065,15
2023-09-19,20.604262478968035,26.290914189568145,14.91660123387549,8.006204620462045,1.8739318885448912,7.781052631578949,3.785193494111049,66.64333536214242,984.9219111381618,980.6398052343275,15
2023-09-20,21.01491867638811,26.884576556365673,15.176500280426248,9.321782178217822,2.8004953560371515,9.571826625386997,0.6893542757417104,63.92209373097991,981.5829580036518,976.6529519172245,15
2023-09-21,20.30773976444195,25.257206954570947,15.350869321368478,4.566864686468648,4.07671826625387,12.897275541795665,1.7740886146943353,67.67620206938527,978.2247717589773,973.5903834449177,15
2023-09-22,19.018732473359506,23.86859226023556,14.157263039820526,8.616765676567658,2.9860681114551078,9.882600619195047,0.9780045351473923,57.484479610468654,982.6655508216676,976.3430919050517,15
2023-09-23,18.97408861469433,25.80852495793606,12.129725182277063,10.631155115511552,2.2913312693498447,7.812136222910215,0.015130023640661941,56.53073645769932,986.6200243457091,982.2388922702373,15
2023-09-24,20.993325855300057,28.613460459899045,13.383735277621986,10.803762376237623,2.359195046439628,7.293003095975232,0.0,55.163116250760794,986.9589774802191,983.6408399269628,15
2023-09-25,21.39893438025799,28.99226023555805,13.80874929893438,10.805082508250827,1.9205572755417952,7.441486068111454,0.0179472798653954,56.70419963481436,986.363968350578,983.5434570906878,15
2023-09-26,21.984408300616938,28.780426247896806,15.164778463264161,10.417293729372936,1.8985758513931885,7.129040247678018,0.0,59.13451004260499,986.3071211199026,983.0536214242238,15
2023-09-27,22.413348289399888,29.407403252944476,15.42535053280987,9.806666666666667,2.0455108359133125,7.2360990712074305,0.004935501962983736,58.76445526475958,985.8035909920876,982.2516737674983,15
2023-09-28,22.80863712843522,30.155019629837355,15.478014582164892,9.992211221122112,1.9050773993808048,7.758142414860681,0.008524957936062817,57.13024954351795,985.9896530736456,982.5546561168593,15
2023-09-29,23.567694896242287,31.228435221536735,15.930005608524958,10.478481848184817,2.0781424148606815,7.361919504643963,0.0,54.526475958612295,988.6544735240414,985.3180766889835,15
2023-09-30,24.37896803140774,32.27801458216489,16.517498597868762,10.656699669966997,2.2550464396284826,7.410712074303405,0.0,50.47169811320755,989.520024345709,985.7959829580036,15
2023-10-01,24.514750420639373,32.98154795288839,16.03264161525519,10.754059405940593,1.9952321981424146,7.462105263157896,0.0,49.2665855143031,988.4376141205111,984.9110772976262,15
2023-10-02,23.791026360067303,31.745989904655076,15.821761076836793,9.86792079207921,2.0699690402476776,6.921486068111454,0.046887268648345484,52.52708460133901,988.220024345709,984.9605599513085,15
2023-10-03,23.325294447560292,30.22765002804262,16.429725182277064,9.0196699669967,1.6985139318885447,7.21907120743034,0.2891156462585034,57.86366402921484,990.5748630553862,986.8880706025562,15
2023-10-04,23.796522714526077,30.21822770611329,17.38485698261357,9.41069306930693,1.777832817337461,7.254798761609907,0.0,58.7930614729154,991.3831405964698,987.8119293974437,15
2023-10-05,23.598429613011778,30.753897924845763,16.44885025238362,9.683432343234324,2.0362229102167184,7.759636363636363,0.0,57.18320146074254,990.1057821059039,986.6033475349968,15
2023-10-06,24.264554122265846,31.703533370723502,16.82030286034773,9.281584158415841,2.058823529411765,7.205139318885449,0.001065619742007852,54.07303712720633,989.4146682897139,986.4218502738893,15
2023-10-07,24.38440830061694,31.488109927089177,17.319012899607404,9.434719471947197,2.2805572755417955,7.233684210526316,0.0,50.713329275715154,989.1892878880097,986.4315885575166,15
2023-10-08,23.610880538418396,31.086988222097588,16.122602355580483,10.072013201320132,1.9230340557275543,7.657832817337461,0.0,51.25441265976871,989.7304321363358,986.9249543517953,15
2023-10-09,22.84750420639372,29.864385866517104,15.829613011777901,9.838019801980197,1.8338080495356035,7.115913312693498,0.0,52.592818015824705,990.107790626902,986.6489957395008,15
2023-10-10,22.00588895120583,29.407403252944476,14.574537296690968,9.79953795379538,1.5810526315789475,6.676037151702786,0.0,53.6238587948874,988.4842970176505,985.2143031040778,15
2023-10-11,21.799551318003363,29.357767807066736,14.260796410544026,9.815181518151814,1.5509597523219811,6.450897832817337,0.0,55.25867315885575,987.6889835666464,984.398478393183,15
2023-10-12,22.113067863151986,29.823275378575435,14.420415030846888,9.621386138613861,1.833250773993808,6.44656346749226,0.07380818844643859,53.49786975045648,987.2263542300669,983.5146682897139,15
2023-10-13,21.8578799775659,28.595681435782385,15.061637689287716,6.842376237623763,2.44030959752322,7.811455108359134,1.612471655328798,57.52404138770541,986.5027997565428,982.6207547169811,15
2023-10-14,20.848794167134045,25.764498037016264,15.942344363432417,4.659141914191419,2.232631578947368,8.454922600619195,0.7995308835027365,67.96104686548995,986.6245891661594,983.6629336579427,15
2023-10-15,20.0453729669097,25.22871564778463,14.854290521592821,5.452475247524751,2.201671826625387,8.351331269349846,0.7699825479930194,70.20511259890444,984.8970785149116,979.9550213024954,15
2023-10-16,20.652215367358384,24.571396522714526,16.75692652832305,3.318547854785479,2.1081114551083586,7.654922600619194,0.41652021089630936,72.57516737674985,980.0649421789409,975.2284236153378,15
2023-10-17,21.469265283230513,25.972798653954012,16.916376892877174,4.097623762376237,3.9730030959752316,13.337151702786377,4.711273135165452,69.90505173463177,976.0523432744977,971.2580036518563,15
2023-10-18,21.204823331463828,25.2874929893438,17.10549635445878,5.147722772277229,4.3559752321981415,13.673746130030962,2.793185689948893,67.43213633597078,975.2181984175288,971.0124771758977,15
2023-10-19,18.55513180033651,22.816096466629272,14.304262478968033,1.1784818481848187,4.876842105263159,18.973250773993808,25.419012899607402,78.1351186853317,971.3721850273888,956.9617163724893,15
2023-10-20,16.928491306786313,20.563544587773414,13.29298934380258,6.09049504950495,5.199318885448915,15.244086687306503,1.1174985978687606,65.66463785757759,972.1868533171028,959.5527084601338,15
2023-10-21,14.635501962983733,19.627089175546832,9.676556365675827,8.168712871287129,2.2536222910216717,10.332631578947368,0.7135727328058431,64.22398052343274,976.5060864272671,970.9572732805842,15
2023-10-22,14.538979248457656,19.31996634885025,9.747784632641617,2.3852145214521454,3.8126934984520124,14.223157894736843,10.619125070106563,72.28180158247108,975.6631771150335,965.3143639683506,15
2023-10-23,16.979416713404376,21.323051037577116,12.623892316320806,4.0448844884488455,2.5626625386996906,11.031207430340556,4.045485137408861,74.95678636640292,978.1700547778454,970.0525867315885,15
2023-10-24,15.731968592260236,20.145821648906338,11.359730790802018,6.780594059405941,3.5224148606811143,12.981981424148604,2.6250000000000004,68.93609251369446,981.0677419354838,976.8966524650031,15
2023-10-25,18.06124509254066,21.988334268087495,14.112002243409982,4.138613861386138,3.935851393188854,11.905634674922599,3.4752783964365253,71.73097991479001,980.5063298843577,977.3726719415702,15
2023-10-26,18.842624789680315,22.92512619181155,14.792821088053842,1.9488448844884487,5.340247678018575,16.425448916408666,4.8526640493550195,77.65550821667681,979.0985392574559,971.2698721850272,15
2023-10-27,16.345148625911385,20.570443073471676,12.122097588334269,5.375181518151814,3.5521981424148596,12.449102167182662,1.1815192743764173,68.09799147900182,978.0794887401095,974.3651856360316,15
2023-10-28,16.798766124509257,21.489624228827815,12.084520471116097,6.998613861386138,3.700557275541795,11.422724458204334,1.6230510375771174,68.49726110772977,977.2964090079124,973.2814972611077,15
2023-10-29,16.99467190128996,21.954907459338195,11.992260235558048,3.670327272727273,3.2722600619195044,11.136780185758514,10.297321972002432,70.7431527693244,974.5671941570299,970.3958003651856,14
2023-10-30,15.918676388109924,20.296017947279864,11.54122265844083,6.373267326732673,3.1854489164086686,12.902910216718267,0.7534613147178593,70.48691418137552,979.5880097382835,968.9259281801582,15
2023-10-31,13.807066741447,17.911833987661247,9.732697700504767,2.541848184818482,2.178142414860681,7.505696594427245,0.20930232558139536,71.73645769933049,982.5730371272062,978.5394400486913,15
2023-11-01,15.240942232192932,20.83763320246775,9.643409983174426,4.654851485148515,4.05219814241486,13.550402476780185,2.2829253731343284,73.27875836883749,982.4505173463176,975.8388922702374,15
2023-11-02,16.221200224340997,21.608524957936066,10.84369040942232,2.677161716171618,7.814613003095975,23.25783281733746,4.195961862030287,69.71089470480828,976.9562385879487,966.9605599513085,15
2023-11-03,13.785642176107684,17.439035333707235,10.15524397083567,4.796897689768977,5.398637770897833,15.135541795665635,2.6624228827818284,68.034692635423,976.2750456482045,972.0495435179548,15
2023-11-04,16.117779024116658,20.503028603477286,11.703084688726866,3.6836303630363036,5.993003095975233,18.23424148606811,1.1851934941110487,71.66950699939136,974.4514911746804,964.7281801582471,15
2023-11-05,14.741839596186203,18.83309029725182,10.644980370162648,7.4817821782178235,4.192383900928792,13.392136222910215,0.882725743129557,62.67011564211807,980.040231284236,969.950273889227,15
2023-11-06,12.406730229949524,17.23079080201907,7.568816601233875,7.6052805280528055,2.795665634674922,9.611517027863776,0.1709603220241518,63.639074863055384,986.7455873402312,979.9030432136335,15
2023-11-07,10.865426445334862,16.398822209758833,5.235432169433315,6.860396039603961,2.5632045598480055,8.347941735275493,0.4072094468614046,66.41194772868701,990.1561916614811,986.7506533914124,15
2023-11-08,11.450364554122265,17.11284352215367,5.780314077397644,5.628514851485147,1.9873065015479878,7.789845201238389,1.8812675266404935,68.10407790626901,990.3334144856967,984.3810103469262,15
2023-11-09,13.870106561974202,17.97459338194055,9.787212563095904,4.576765676567657,2.355232198142415,10.338823529411764,0.5135661133371495,77.39379184418746,985.49202678028,982.1712111990261,15
2023-11-10,14.452047111609646,18.877734155916993,9.988502523836232,6.703564356435643,2.8465015479876157,10.62869116698904,2.442456533931576,68.38709677419354,984.8202678027997,981.59908703591,15
2023-11-11,16.72108805384184,20.922321929332586,12.511217049915873,3.6893729372937303,3.0479256965944272,10.61170278637771,0.5776219854178352,76.65489957395008,984.1930614729152,981.3183810103468,15
2023-11-12,17.845429052159282,22.66040381379697,13.029949523275377,7.234851485148516,2.3566563467492263,9.473003095975232,0.04856982613572631,72.56542909312233,988.2247717589773,982.7097991479,15
2023-11-13,17.46864834548514,23.21671340437465,11.723331463825014,6.809702970297029,2.313931888544891,8.56896770107663,0.07582725743129558,73.94643944004868,989.5643944004869,986.6636640292147,15
2023-11-14,17.309254066180596,23.748569826135725,10.901682557487382,7.53036303630363,2.2892879256965943,8.454613003095975,0.2878090856814261,70.09494826536822,990.1665246500304,986.6281192939744,15
2023-11-15,16.77818283791363,22.493381940549636,11.103813796971398,6.471551155115512,1.8816099071207428,6.2983900928792576,0.04151811385853939,72.72976262933656,990.4751673767497,987.0738892270238,15
2023-11-16,16.064666292765004,21.910263600673023,10.210207515423445,4.625742574257425,1.939752321981424,7.350340557275541,0.08887507768800497,74.33049300060864,990.3536822884967,986.6413268411441,15
2023-11-17,15.931351654514861,21.39141895681436,10.496017947279865,7.033069306930693,1.6469969040247674,5.9114551083591325,0.00832313341493268,74.8058429701765,991.4920876445526,988.0830188679245,15
2023-11-18,15.872798653954009,22.25182277061133,9.500616937745374,7.898283828382839,1.6239009287925694,5.465944272445821,0.0,68.98052343274497,991.6307364576993,988.8359707851489,15
2023-11-19,15.026808749298935,21.961693774537295,8.082220975883343,8.762376237623764,1.3526934984520123,5.693746130030959,0.015278575531303849,70.53743152769324,989.2724893487522,985.4690200852099,15
2023-11-20,13.682220975883343,20.089343802579922,7.311497476163769,7.257293729372937,2.001671826625387,7.0632817337461296,1.4167145318782308,74.86427267194156,987.42483262325,983.3842970176505,15
2023-11-21,12.821648906337634,17.277621985417838,8.377397644419517,6.396501650165016,2.5678637770897836,9.778513931888542,1.6055923473142018,65.796104686549,986.5292757151551,983.1728545343882,15
2023-11-22,12.322490185081323,17.526752664049354,7.138698822209758,7.529681978798588,3.2659442724458194,12.702538699690402,0.06326416152551878,56.865489957395,988.6643335362143,984.3768107121119,14
2023-11-23,10.416376892877173,16.792428491306786,4.052383623107123,8.66240652617267,2.3430959752321985,8.077585139318884,0.0,58.44126597687156,990.6393791844187,986.558977480219,14
2023-11-24,10.609590577678071,17.82697700504767,3.357431295569265,7.348580858085807,1.9270588235294115,6.232260061919504,0.014196479273140262,62.93061472915398,987.1969567863664,980.7905051734631,15
2023-11-25,11.112226584408301,18.14391475042064,4.107683679192372,7.37036303630363,1.8279256965944268,6.525325077399379,0.06640493550196298,66.8527084601339,983.2078514911746,979.3005477784541,15
2023-11-26,10.720695457094784,17.148794167134046,4.235221536735838,6.073333333333332,1.0809287925696593,4.937089783281733,0.03651149747616377,73.59160073037125,984.1231284236153,980.887522824102,15
2023-11-27,11.264161525518789,16.209646662927653,6.375827257431296,3.627986798679868,2.208606811145511,8.120185758513932,1.5335389792484575,75.51004260499087,983.4223371880704,979.2291539866098,15
2023-11-28,12.415703869882222,16.12187324733595,8.703533370723498,2.122772277227723,2.3105263157894735,7.7805572755417955,1.6807863031071653,80.28727936701155,980.593122337188,976.4495435179549,15
2023-11-29,13.812899607403253,17.354346606842398,10.257711721817161,2.073135313531353,2.8168421052631576,10.045201238390092,2.4953449242849133,85.94278758368837,977.4589166159464,971.8114424832622,15
2023-11-30,15.390914189568143,19.591475042063934,11.200729108244532,1.7639603960396042,4.51609907120743,14.067058823529411,17.91076836791924,80.11746804625685,972.9987218502738,966.075289105295,15
2023-12-01,12.293101514301739,16.34127874369041,8.241503084688727,3.116699669966997,3.3872445820433437,14.22656346749226,3.088166012338755,75.5331710286062,975.7850882531953,964.4141813755325,15
2023-12-02,9.275042063937185,13.764722378014582,4.809197980931015,6.228184818481847,2.2069969040247672,8.529783281733746,0.5312394840157039,73.02251978088862,986.2329275715156,975.7528301886791,15
2023-12-03,8.081435782389232,13.333314638250142,2.841390914189568,6.023564356435643,2.220990712074304,6.87486068111455,1.2961648540354898,74.78575776019476,987.9746195982958,982.5298843578818,15
2023-12-04,9.392821088053841,13.248906337633203,5.5509254066180596,2.6106270627062704,2.771517027863777,10.611083591331269,1.8105903834449177,80.07486305538649,984.7304321363359,980.1418137553255,15
2023-12-05,8.961020751542344,12.468255748738082,5.4183398766124515,2.802772277227723,2.697151702786378,8.352198142414862,0.8255242660275616,77.70785149117468,984.8528910529518,979.6252586731589,15
2023-12-06,9.644307347167695,13.40196298373528,5.9091418956814366,2.88996699669967,1.5776470588235294,5.779071207430341,1.1954393024815562,81.44370054777845,985.321302495435,979.459525258673,15
2023-12-07,10.967246214245653,15.82922041503085,6.122602355580483,2.7013861386138616,1.8742414860681116,9.039009287925698,5.249130678631521,80.18441874619597,985.957334144857,981.2027388922702,15
2023-12-08,11.598878295008413,15.684800897363994,7.511104879416713,3.9899669966996707,3.37188854489164,10.218513931888545,0.44237526352775824,72.93365794278756,988.8722458916616,981.7683505782104,15
2023-12-09,12.189119461581605,17.357206954570945,7.020639371845205,5.090033003300331,2.5743653250774,9.139380804953559,0.786315199102636,78.49300060864272,990.6329275715154,987.2261107729762,15
2023-12-10,14.07801458216489,19.220975883342682,8.912955692652833,5.101980198019801,1.9339938080495351,7.471764705882352,0.0839035333707235,81.82410225197809,990.8888009738283,987.7460742544126,15
2023-12-11,13.802243409983173,18.90880538418396,8.680145821648907,5.545082508250825,2.038266253869969,7.11046439628483,0.20710659898477154,77.0973828362751,988.3509433962263,984.5132075471697,15
2023-12-12,13.522417427969078,19.14012649332396,7.884680252986648,3.9225742574257425,2.335417956656347,12.266055776892427,1.7217366302472685,76.3572732805843,985.6625684723067,980.2312842361534,15
2023-12-13,11.994659170765987,15.341531974701336,8.646591707659873,2.7059740259740255,3.950438247011951,13.591771620486988,1.2773415591699382,64.87061574434918,975.7196414653157,969.4052221356195,14
2023-12-14,10.082624369142032,15.083129055515498,5.091564527757751,7.0416501650165015,2.2998065764023212,9.481,0.2564778463264162,64.98543381887269,995.698506533914,985.9449906658367,15
2023-12-15,9.5841180604357,15.566549543218553,3.6323963457484187,6.927722772277228,1.972272354388843,7.818608414239481,0.136519748139668,68.68724939855652,991.2025720966484,986.1844894777863,15
2023-12-16,8.641166573191251,14.707066741446999,2.5374088614694337,7.746534653465346,2.5130650154798757,6.914674922600619,0.002467750981491868,71.22398052343274,1000.9147291539864,998.0808886183809,15
2023-12-17,8.383903533370724,14.44481211441391,2.307178911946158,8.147458745874586,2.2075541795665634,6.184396284829721,0.001065619742007852,72.46439440048691,1001.34692635423,998.9804625684724,15
2023-12-18,7.923163208076275,14.531463825014022,1.304711160964666,7.5100990099009906,1.5138699690402477,5.617647058823529,0.0,72.82531953743153,1001.0343883140595,997.5090079123554,15
2023-12-19,8.120751542344363,15.578014582164888,0.6440830061693773,7.666138613861387,1.51343653250774,6.642848297213621,0.8268892794376099,64.7900182592818,1000.6860012961764,994.7452365521711,15
2023-12-20,7.898093101514301,13.463600673022997,2.3143017386427367,3.7378877887788784,2.038080495356037,8.434489164086687,0.8359695371997655,74.30614729153986,993.6538040170419,990.0319537431527,15
2023-12-21,9.34301738642737,15.400224340998319,3.256421761076837,6.605214521452145,2.4624767801857583,8.59108359133127,0.2283230510375771,70.23311016433354,993.5906877662812,990.3309190505173,15
2023-12-22,10.414133482893998,16.844307347167693,3.987829500841279,7.192541254125413,2.2190092879256964,8.441052631578946,0.18639455782312925,70.53377967133292,992.6345709068776,988.8315885575166,15
2023-12-23,8.950196298373529,15.401177790241166,2.475042063937185,7.1283168316831675,1.45015479876161,5.883715170278638,0.22129629629629627,74.73889227023736,991.8390139987827,989.0972611077297,15
2023-12-24,7.665563656758272,14.067919237240606,1.2667975322490186,6.657491749174918,1.1762848297213624,4.8245820433436535,0.0,80.30249543517954,991.0985392574559,987.9011564211806,15
2023-12-25,7.656309590577678,14.559001682557488,0.7155916993830621,7.532409240924093,1.1790712074303407,4.393622291021671,0.008133971291866028,77.10529519172245,989.5344491783324,986.4033475349969,15
2023-12-26,7.284464385866517,14.147616376892877,0.43752103196859227,6.920528052805279,1.403467492260062,5.283777089783282,0.006842400448681998,73.24528301886791,989.6230675593425,986.2707242848446,15
2023-12-27,7.417722938867078,14.403701626472236,0.46247896803140776,6.740858085808581,1.631702786377709,5.752879256965945,0.4367604824813326,69.70663420572123,992.5548930654568,989.1237200259235,15
2023-12-28,7.209254066180595,12.772574312955692,1.6532249018508132,2.681452145214521,1.627987616099071,5.95733746130031,0.6652705061082025,70.87705416920268,991.3835057821058,988.314242239805,15
2023-12-29,8.537184520471117,12.680482333146381,4.375266404935502,0.6421122112211222,1.4120743034055725,4.895913312693498,0.19021179164281626,72.82897139379183,989.7168594035301,985.9721241631162,15
2023-12-30,9.567807066741446,15.734828939988784,3.3867638810992706,7.086072607260726,1.5133126934984518,6.4567801857585145,0.726423049894589,71.09555690809495,987.1808886183809,982.4966524650031,15
2023-12-31,9.293325855300056,14.51037577117218,4.059562535053281,2.582442244224422,2.6410526315789467,9.684272445820435,0.06430750457596096,76.1412051125989,985.3373706634204,981.0224589166157,15
2024-01-01,9.710375771172183,14.587212563095905,4.824845765563657,5.42013201320132,1.756284829721362,6.697894736842105,0.020861678004535148,73.58247108947049,987.3850882531952,983.2856360316495,15
2024-01-02,10.141446999439149,16.044083006169377,4.265339315759955,4.021518151815181,2.3761609907120746,10.083962848297213,0.8554122265844084,72.60438222763237,987.2307364576992,982.8282410225197,15
2024-01-03,12.72978126752664,17.3404935501963,8.07980931015143,2.228316831683168,2.3026006191950463,8.849845201238388,0.9650373778033353,78.42787583688374,985.4939135727328,981.8423006695068,15
2024-01-04,12.240942232192936,16.087156477846328,8.404094223219294,1.6335313531353137,1.669659442724458,8.206501547987616,4.99222156747201,84.89166159464394,984.435240413877,975.3188679245283,15
2024-01-05,9.466068424004487,12.593157599551319,6.368984856982614,4.336039603960396,3.531702786377709,11.592755417956655,3.1701998788612964,77.37127206329885,979.6019476567255,973.055082166768,15
2024-01-06,8.443297812675267,12.432136848008973,4.464273696017947,6.164752475247525,2.718266253869969,10.45814241486068,1.6498545666084934,70.80949482653682,984.6948874010956,978.8500304321362,15
2024-01-07,7.52978126752664,12.431407739764442,2.6656758272574312,7.106204620462044,2.3237770897832815,9.229226006191949,0.5751542344363433,66.08886183810102,986.0558125380402,983.4627510651246,15
2024-01-08,6.323836231071228,11.717722938867078,0.9053280987100393,5.583828382838283,2.0766563467492256,7.06984520123839,0.7650959860383943,65.95069993913572,986.3597078514911,982.383688374924,15
2024-01-09,7.307122826696578,10.890970274817724,3.7148065058889514,2.8513531353135315,1.696470588235294,4.78470588235294,1.1389594676346038,77.119293974437,985.358794887401,982.5989653073643,15
2024-01-10,8.057543466068424,10.869994391475043,5.271789119461582,1.790891089108911,1.549907120743034,7.03405572755418,2.9351654514862595,86.696287279367,986.1398052343275,982.797382836275,15
2024-01-11,7.664385866517106,11.509871003925966,3.8037016264722374,4.565478547854785,1.6121362229102167,6.452445820433437,0.23338018271257904,79.93487522824103,988.5864881314668,983.3150943396226,15
2024-01-12,7.59113853056646,12.902467750981492,2.290745933819405,6.742330877427997,1.8333126934984516,7.464086687306501,0.0,74.5045648204504,990.0440657334144,986.9284236153378,14
2024-01-13,8.750588895120583,14.025294447560292,3.4748738081884465,2.9230363036303633,2.2144272445820437,7.80829721362229,0.48854599406528193,71.11442483262324,989.6976871576384,985.2037127206329,15
2024-01-14,11.35440269209198,17.130342120022437,5.574649467190129,3.0907590759075907,2.14594427244582,8.971331269349843,1.9422321929332587,70.09799147900182,985.7230066950699,980.6181984175288,15
2024-01-15,13.529108244531686,17.046270330902974,10.00426247896803,0.3884795713328868,3.1352321981424143,10.228049535603713,2.6879797248370747,85.2416311625076,981.1508825319536,977.6942787583687,14
2024-01-16,14.130902972518228,18.337913628715647,9.946045989904656,1.8100330033003298,3.095108359133126,13.668792569659443,5.308553016988869,75.26597687157638,979.7553864881314,972.6551430310407,15
2024-01-17,14.711721817162084,18.221031968592257,11.158272574312956,3.961188118811881,5.834241486068111,17.46315789473684,3.500730371272063,75.82958003651856,974.3713937918441,966.7516129032258,15
2024-01-18,14.74475602916433,18.50633763320247,10.974425126191813,3.978877887788779,4.610773993808049,15.666811145510836,5.295232753785754,73.42909312233719,977.350456482045,971.4803408399268,15
2024-01-19,9.944475602916432,13.172125630959057,6.655636567582725,1.4322112211221123,3.786377708978328,12.7769040247678,10.363881099270891,86.59586122945828,981.7009738283626,972.3115033475349,15
2024-01-20,7.665058889512058,11.872349971957375,3.464778463264161,6.52930693069307,1.6138080495356035,7.431950464396284,0.062030286034772855,75.78575776019477,994.8701765063906,981.5057212416311,15
2024-01-21,8.882277061132921,14.193381940549637,3.5853056646102077,7.239207920792079,2.034489164086687,6.415170278637772,0.0,74.67802799756541,998.9469872185026,994.5770541692027,15
2024-01-22,9.681323611890072,15.989904655075716,3.3770611329220417,6.754257425742574,2.4178328173374615,7.607863777089782,0.09959746981023576,75.7522824102252,1005.0221295702373,1000.9876202694034,15
2024-01-23,12.19820527201346,18.602355580482335,5.826079641054403,8.05815181518152,1.9061919504643963,6.201981424148606,0.0,77.90444309190505,1006.2462475946119,1003.1574727389352,15
2024-01-24,13.451934941110485,20.55647784632642,6.387156477846326,8.492079207920792,2.2325696594427242,6.106400000000002,0.0,74.77967133292756,1002.2724033358605,998.8354814253223,15
2024-01-25,13.945821648906337,21.512731351654516,6.390689848569826,8.39128712871287,1.9904024767801858,6.613374613003097,0.0,72.08642726719415,999.0403530127815,994.4406573341448,15
2024-01-26,13.015928210880539,20.406786315199103,5.580370162647223,8.165082508250823,1.21640866873065,5.220185758513932,0.0,71.48752282410224,997.0181984175289,993.9373097991478,15
2024-01-27,12.811553561413348,19.885361749859786,5.70257992148065,8.19148514851485,1.344829721362229,6.2263157894736825,0.01340437464946719,69.9939135727328,995.0277541083384,991.4356055995131,15
2024-01-28,11.817386427369604,18.09523275378575,5.569770050476726,7.1847524752475245,1.8401857585139312,6.381547987616098,0.03180011357183419,72.7900182592818,993.5975045648204,991.1412051125989,15
2024-01-29,12.160179472798653,15.978687605159841,8.34812114413909,3.741980198019802,1.533065015479876,5.425696594427244,0.0,76.22154595252586,995.2449786975044,992.281436396835,15
2024-01-30,11.61390914189568,15.825462703309029,7.4357823892316315,6.283432343234324,1.9362848297213617,5.9984520123839005,0.0,75.96652465003042,997.335057821059,994.3548387096773,15
2024-01-31,10.952888390353337,15.933258553000561,5.99556926528323,6.3737953795379525,2.267058823529412,6.4197523219814245,0.0,75.76323797930614,999.1277541083383,996.357699330493,15
2024-02-01,10.857655636567582,16.9839596186203,4.737913628715648,7.380792079207921,2.0253250773993807,7.055789473684211,0.03401360544217687,72.45222154595251,999.8659768715762,996.3203286670723,15
2024-02-02,10.318732473359507,16.48564217610768,4.155412226584408,7.90013201320132,1.6665634674922598,6.620928792569659,0.040829074389551384,75.06025562994522,997.6119902617162,994.3520389531344,15
2024-02-03,11.261132922041503,18.33213684800897,4.197363993269771,9.015115511551153,1.778266253869969,6.292879256965945,0.0,68.50030432136336,996.9616555082164,994.0804017041995,15
2024-02-04,11.6385866517106,19.396634885025236,3.84828939988783,8.83062706270627,1.7630340557275541,5.473622291021671,0.004486819966348851,66.38405356055995,996.4530127814973,993.6549604382227,15
2024-02-05,10.89736399326977,18.516993830622546,3.250084127874369,6.991023102310231,1.3125696594427243,4.923653250773994,0.0022471910112359553,66.88922702373705,995.4176506390747,991.3796104686548,15
2024-02-06,11.712450925406618,17.742400448681998,5.634716769489623,5.142508250825082,1.8026006191950463,6.566749226006191,0.023693379790940768,73.39013998782715,992.3440657334144,988.5667681071211,15
2024-02-07,12.291643297812675,17.586539540100954,6.99388670779585,5.024686468646866,2.584582043343653,9.83764705882353,0.374091260634184,73.08338405356056,989.8648204503955,983.9210590383445,15
2024-02-08,12.765731912507013,17.40947840717891,8.121985417835111,2.3450825082508255,3.478575851393189,15.599504643962847,10.78512208972175,67.99817407181983,984.0616555082167,967.9437614120511,15
2024-02-09,13.479416713404373,16.35501962983735,10.575098149186761,1.198019801980198,3.5432198142414864,13.77269349845201,15.147952888390357,82.89166159464394,968.1416920267802,955.6579427875836,15
2024-02-10,11.10701065619742,14.834885025238362,7.414526079641055,5.629772570640938,5.210251450676983,16.473436492585428,0.8972518227706113,69.8466220328667,974.4936668777707,958.5588347055098,14
2024-02-11,9.459899046550758,13.129276500280424,5.755356141334829,2.784092409240924,3.073560371517027,10.354223081882656,3.5140404659717968,74.44430919050517,977.8473524041387,972.1307973219718,15
2024-02-12,13.248681996634884,19.15266404935502,7.360796410544027,7.098613861386139,4.161362229102167,15.07560371517028,0.1235385814497272,73.35544735240413,985.0377967133292,974.1062081558125,15
2024-02-13,14.923163208076275,20.546270330902974,9.32557487380819,6.154257425742575,2.2747194719471953,7.5087788778877895,0.1049915872125631,75.82653682288496,991.5771872974722,986.4738820479586,15
2024-02-14,14.897088532382652,20.810880538418395,8.880867498514558,5.4601413427561845,2.2445544554455448,7.2889768976897695,0.03498012492901761,73.48204503956177,991.6322747893714,986.1430330524952,14
2024-02-15,14.580089736399328,19.179136287156478,9.961189007291082,2.7031023102310225,2.6671826625387,12.64984520123839,4.611077297626293,72.74437005477785,986.8846622032866,979.4024954351794,15
2024-02-16,12.56679753224902,16.915872125630962,8.245989904655076,5.153333333333332,1.7176470588235295,7.536284829721361,0.5350089766606821,75.23311016433352,992.1110772976264,984.0357273280583,15
2024-02-17,11.960852495793606,18.005047672462144,5.9615816040381375,9.272211221122111,1.9784818481848188,7.631089108910893,0.007066741446999439,69.13694461351187,997.4139987827144,991.7367620206937,15
2024-02-18,12.251149747616378,19.287100392596745,5.186707795849691,8.89122112211221,2.042046204620462,6.412211221122113,0.3740886146943354,67.61898965307364,999.5379793061472,996.2800973828363,15
2024-02-19,13.508468872686484,20.035558048233312,7.011946158160404,8.966534653465343,2.068382838283828,7.559471947194721,0.0,66.18015824710895,997.7609860012172,993.8912964090077,15
2024-02-20,13.35715086932137,20.845260796410546,5.878911946158161,9.407128712871287,1.8269969040247678,7.416594427244583,0.0,64.70359099208764,995.4974437005476,990.7768107121119,15
2024-02-21,12.79753224901851,20.157936062815477,5.436623667975323,6.349042904290429,1.9896594427244583,7.239133126934983,0.03032739804709937,65.42787583688374,992.8824710894703,986.0912355447351,15
2024-02-22,14.10095344924285,19.369040942232193,8.833987661245093,4.750165016501651,4.804705882352941,15.357647058823527,2.3327449786975043,67.611685940353,986.2689592209372,975.0049300060864,15
2024-02-23,10.580145821648905,14.594167134043746,6.597027481772293,6.310231023102311,4.923839009287925,16.077337461300306,2.925166364186328,63.3889227023737,978.8292757151551,975.088679245283,15
2024-02-24,9.856085249579358,14.193213684800899,5.542288278182837,6.039273927392739,4.265820433436532,14.219009287925696,2.4950173010380623,64.72671941570297,983.008338405356,976.127814972611,15
2024-02-25,11.695288839035333,16.277902411665732,7.127481772293888,1.626006600660066,5.346811145510836,15.399504643962846,4.221480650588895,74.19537431527694,982.3963481436397,971.7707242848448,15
2024-02-26,11.511890072910825,15.376444195176669,7.62893998878295,5.507062706270628,4.88390092879257,15.174551083591329,4.804497540407589,65.13755325623859,977.0551430310406,969.7575167376749,15
2024-02-27,10.438306225462703,14.881547952888392,5.9840717891194615,7.200858085808581,3.8044582043343653,12.527492260061917,0.5203589455973079,54.456482045039564,984.719476567255,976.7483870967741,15
2024-02-28,10.896971396522716,16.87358384744812,4.9435782389231635,7.74019801980198,2.773312693498452,9.61405572755418,0.34369040942232193,55.0,986.9869750456483,983.4278149726111,15
2024-02-29,10.377545084351366,17.566143106457243,3.184758580570099,8.165742574257427,3.338266253869969,13.27424148606811,3.1588895120583285,62.942178940961654,987.1366054464851,980.7684610512983,15
2024-03-01,10.722657580919932,16.279443498012494,5.178989210675753,7.857029702970298,3.6437770897832817,11.977151702786376,1.5292744479495266,54.77585099550418,985.7991766941101,979.366877770741,15
2024-03-02,9.959450364554122,15.526528323051034,4.405720695457095,3.1697029702970294,5.346191950464396,17.560990712074304,6.590128996074033,68.33353621424223,978.94783931832,967.3559951308581,15
2024-03-03,9.329669097027482,13.791923724060572,4.831912507010656,6.499669966996699,4.823034055727553,15.286563467492261,1.4590577678070669,64.47656725502131,981.6220937309799,970.7494826536822,15
2024-03-04,10.769713965227144,16.506786315199104,4.9901289960740325,3.811089108910891,3.2333126934984513,12.291207430340558,0.7720695457094785,70.84601339013999,985.3180766889835,980.4342665855143,15
2024-03-05,10.713067863151991,16.939147504206392,4.504430734716769,9.402640264026404,2.0346749226006193,9.152198142414857,0.0,59.19050517346317,989.1876445526475,984.8511259890444,15
2024-03-06,10.445653393157599,17.958104318564217,2.9367358384744806,9.599735973597356,1.8918266253869966,7.8756037151702785,0.03275378575434661,61.469263542300666,988.0892878880097,980.7020085209981,15
2024-03-07,11.363600673022994,16.011721817162087,6.715255187885585,4.5384158415841584,3.690216718266253,12.879690402476779,7.820471116096467,70.40292148508826,981.3003651856359,972.2360925136944,15
2024-03-08,10.908848968729206,15.042847638057218,6.770725216234197,5.225610561056106,5.009102167182662,18.790154798761616,8.617368724754762,67.79062690200851,974.2086427267194,966.3877662811929,15
2024-03-09,9.8913067863152,13.181379697139652,6.59910263600673,1.8814521452145214,4.533312693498453,14.432631578947369,11.260011217049916,79.15276932440656,967.4083384053561,961.2148508825319,15
2024-03-10,11.069097027481773,15.545092540661805,6.565451486259114,4.842970297029702,5.036099071207429,14.053684210526315,1.3764397905759163,71.22215459525259,977.3331710286061,964.1398052343274,15
2024-03-11,11.344690516751847,16.95320840431573,5.7528109028960825,8.032541254125412,3.726934984520123,10.976532507739936,0.35967470555243974,64.38803207896359,986.7553864881314,977.2426049908703,15
2024-03-12,11.988699602498581,18.796081771720615,5.2496876774559915,10.004686468646865,2.3802476780185757,8.236284829721363,0.0029086678301337987,64.38124614435534,987.898113207547,983.5934266585514,15
2024-03-13,13.121704991587212,20.761469433538977,5.510600112170499,9.776369636963697,2.1407430340557276,7.192755417956658,0.04353741496598639,62.18259281801582,984.9614729153985,979.8096774193548,15
2024-03-14,13.956870443073472,20.841559169938307,7.073976444195177,7.106798679867988,2.610588235294118,8.204520123839009,0.3665291691219801,68.10529519172245,984.8916007303712,981.1036518563602,15
2024-03-15,15.244980370162647,21.682277061132925,8.814357823892315,7.712871287128713,2.352074303405573,7.64470588235294,0.1995783555867885,70.16494217894095,988.8141813755324,984.2007912355448,15
2024-03-16,15.943185642176108,23.450813236118897,8.462478968031409,8.532079207920791,1.9640866873065013,7.51907120743034,0.0542905215928211,66.15520389531345,990.0197200243457,986.805173463177,15
2024-03-17,17.192877173303422,24.59270891755468,9.813572630398205,8.43993399339934,2.10359133126935,7.031888544891641,0.12765474162407725,64.88253195374315,988.0723676202068,983.6367011564212,15
2024-03-18,17.047504206393718,24.027537857543468,10.091811553561413,6.884686468646864,2.3103405572755413,7.618699690402477,0.1519910263600673,67.55995130858186,984.9536822884966,980.9864272671941,15
2024-03-19,16.994615816040383,23.51721817162086,10.474088614694335,8.36996699669967,2.307368421052631,8.383962848297212,0.03180011357183419,66.3639683505782,982.6730979914789,979.0116250760802,15
2024-03-20,16.16567582725743,20.665058889512057,11.692596747055523,5.433069306930693,2.6897213622291023,10.061176470588233,0.4317442512619181,68.92939744370055,984.1785149117468,979.5438831405964,15
2024-03-21,16.650252383623105,21.95518788558609,11.338306225462704,6.119339933993399,3.5110216718266254,11.628730650154798,0.2518603319977104,68.57699330493,986.8797930614728,982.3943396226415,15
2024-03-22,18.112619181155356,24.929276500280423,11.324004486819966,6.187458745874587,3.025139318885449,10.415851393188852,0.2640995260663507,57.13329275715155,985.5411442483263,980.1167985392574,15
2024-03-23,17.094335389792484,22.911385305664613,11.252776219854178,5.3900330033003305,2.8153560371517026,9.664086687306503,0.19024116657319123,59.1789409616555,983.467498478393,979.9822884966525,15
2024-03-24,15.060235558048234,19.92013460459899,10.211833987661246,4.002772277227723,3.372569659442725,11.302848297213623,1.8524569240587108,65.04990870359099,981.2849056603774,972.3864272671942,15
2024-03-25,12.765171060011218,15.66320807627594,9.873639932697701,1.052013201320132,3.8659442724458204,10.919318885448916,6.928163530175211,85.60742544126596,973.4616555082166,961.2309799147899,15
2024-03-26,10.437128435221537,14.022938867077958,6.854795288839035,3.1688448844884487,4.793312693498451,16.169287925696594,2.239685938615274,68.81314668289713,964.9609860012172,960.0763237979305,15
2024-03-27,12.264722378014582,17.606618059450362,6.895513180033651,4.007194719471947,6.603529411764706,19.30030959752322,7.460749853544228,66.8594035301278,966.6934266585513,962.1996956786364,15
2024-03-28,14.9192933258553,19.080201906898488,10.761637689287717,4.788448844884489,5.259628482972135,17.409287925696596,9.812549687677457,68.04625684723067,969.303530127815,963.2334144856968,15
2024-03-29,13.320919798093101,17.971116096466627,8.679641054402694,3.9425742574257425,3.6459442724458206,14.130464396284827,5.853393157599551,71.02279924002534,966.7269020085209,961.3358490566038,15
2024-03-30,11.665227145260795,16.161918115535613,7.190633763320248,4.566732673267326,4.040866873065016,13.53083591331269,11.335670218732476,71.93000608642726,964.8571515520389,959.5807668898356,15
2024-03-31,11.229276500280427,14.444587773415591,8.033651149747618,2.2622442244224423,3.591950464396285,13.228173374613,6.5273708120386145,78.94278758368837,971.5365794278757,960.6299452221546,15
2024-04-01,11.97375210319686,17.563208076275938,6.387885586090858,8.348844884488448,4.3266873065015465,14.444767801857584,0.6856009070294784,63.56238587948873,983.61503347535,971.463420572124,15
2024-04-02,12.82647223780146,19.205776780706678,6.451710600112171,6.764422442244224,3.200371517027864,10.390464396284829,0.8464385866517106,61.46804625684723,984.8562994522215,980.6397443700548,15
2024-04-03,15.533146382501402,21.596859226023554,9.480931015143018,8.021782178217821,2.5928173374613004,8.841300309597525,0.18754907459338196,63.19537431527693,985.9346926354228,982.1391965916006,15
2024-04-04,16.654963544587773,24.19411104879417,9.127033090297251,9.966534653465347,2.2585139318885448,8.399256965944272,0.16078706957132818,57.667681071211206,985.4409616555082,980.7295191722459,15
2024-04-05,17.835894559730793,25.728323051037577,9.957487380818844,8.576369636963697,2.7716408668730645,10.065386996904026,0.3445877734155917,52.179549604382224,982.9777845404747,977.9732197200243,15
2024-04-06,17.882837913628716,24.389904655075714,11.36758272574313,4.199405940594059,2.604086687306501,9.542910216718267,0.4065058889512058,59.55629945222154,982.4331710286062,976.9047474132685,15
2024-04-07,18.07111609646663,22.811777902411666,13.312899607403255,5.531089108910891,2.1896594427244582,9.464643962848294,0.4592970521541951,65.81862446743762,982.6061472915399,977.4709068776627,15
2024-04-08,16.325687044307347,22.415479528883903,10.240381379697139,5.907326732673267,4.096470588235293,14.005634674922604,1.3849691531127315,67.04686548995738,985.3590383444918,976.0737066342057,15
2024-04-09,13.300560852495794,19.504767246214247,7.091755468311833,10.71135313531353,3.3979566563467487,11.893126934984522,0.23549119818285066,50.1911138161899,993.8833840535606,984.811868533171,15
2024-04-10,14.345821648906337,22.19461581604038,6.49467190128996,11.801188118811881,2.91015479876161,9.211021671826625,0.0,48.96835057821059,998.3990378447721,994.3227068633738,15
2024-04-11,16.82349971957375,24.45339315759955,9.211890072910824,11.811353135313533,2.663467492260062,10.023343653250773,0.0,49.80036518563603,999.3923027581782,994.9947402180884,15
2024-04-12,17.650701065619742,26.027033090297248,9.263993269770053,11.754983498349834,2.275356037151702,8.12222910216718,0.0,45.96348143639683,1000.0794740218088,996.0819114817191,15
2024-04-13,18.99113853056646,27.934380257992146,10.017049915872125,11.816897689768977,2.231145510835913,8.209721362229102,0.0,44.594643944004865,993.2438831405964,988.9328058429701,15
2024-04-14,19.128996074032532,27.879921480650587,10.344083006169377,11.661650165016502,2.3021671826625383,8.571331269349846,0.00919931856899489,44.80523432744978,990.5203286670725,985.8371880706025,15
2024-04-15,19.207571508693214,27.10919798093101,11.317386427369602,10.074719471947192,2.5269349845201226,9.008792569659441,0.06259113853056646,50.84053560559951,987.4698113207546,982.858794887401,15
2024-04-16,18.43039820527201,25.579809310151425,11.260011217049916,11.041254125412538,2.8108359133126926,9.7728173374613,0.20616937745372965,52.46865489957395,984.5547778454046,979.3417528910529,15
2024-04-17,16.757599551318005,22.86326416152552,10.610936623667975,10.442970297029701,2.785139318885449,9.445015479876158,0.17991452991452989,58.291539866098596,981.8412051125988,978.5962264150943,15
2024-04-18,16.245092540661805,22.344643858665172,10.130286034772855,9.698151815181516,2.9260681114551077,9.58061919504644,0.08306225462703308,57.60559951308582,984.7959829580035,979.4751673767497,15
2024-04-19,15.794447560291642,23.068984856982613,8.55187885586091,10.311353135313531,2.3685448916408665,8.571207430340557,0.0,53.90748630553864,985.808520998174,981.0185636031648,15
2024-04-20,15.795064498037018,22.37621985417835,9.2106001121705,9.449768976897689,3.0082972136222903,10.317089783281732,0.025574873808188448,54.65307364576992,982.4614729153986,978.7808886183809,15
2024-04-21,15.719798093101513,22.46382501402131,8.983118339876611,10.304290429042904,2.4497832817337457,9.892321981424148,0.8480089736399327,55.97687157638465,982.2951308581861,978.3065733414485,15
2024-04-22,14.353000560852493,19.873359506449805,8.850308468872687,9.767985865724382,2.973312693498452,10.015170278637768,1.2411130039750142,55.67133292757151,982.8689592209371,979.0948265368229,14
2024-04-23,12.481660123387549,18.63673583847448,6.333707234997196,9.93273927392739,2.758142414860681,9.887244582043342,0.9231625835189309,45.7589774802191,983.6721850273889,979.581253804017,15
2024-04-24,13.028210880538417,20.79988782950084,5.2800897363993275,11.391749174917491,2.77108359133127,8.788049535603713,0.008144269924374637,43.2507608034084,984.1958612294582,978.2284844796104,15
2024-04-25,14.003140773976444,20.15989904655076,7.828379136287157,6.723960396039604,3.078204334365325,9.757213622291022,0.48440830061693774,56.2416311625076,978.965672550213,972.8608642726718,15
2024-04-26,14.439596186203026,20.079304542905216,8.826079641054402,5.767458745874587,3.626377708978328,10.875789473684211,2.381435782389232,63.311016433353615,974.5049300060864,968.8842970176505,15
2024-04-27,15.041166573191251,19.61368480089736,10.453056646102073,5.003432343234323,4.093374613003096,13.582848297213623,3.159803232607168,65.83566646378576,974.7297017650637,966.9826536822885,15
2024-04-28,13.479136287156477,18.245541222658442,8.700616937745373,6.615907590759075,2.4458204334365314,8.657337461300312,2.8895681435782388,62.19293974437005,980.7846013390139,974.2763846622032,15
2024-04-29,13.574200785193494,17.93426808749299,9.233763320246776,5.393201320132012,2.5738699690402473,9.893188854489166,8.709927089175547,67.73097991479001,982.4122337188069,979.4431527693243,15
2024-04-30,14.640269209197982,20.598822209758836,8.678351093662368,6.29861386138614,3.161300309597523,11.23015479876161,4.0618620302860355,66.59281801582472,982.0256238587948,977.6500304321363,15
2024-05-01,13.626135726303982,18.3896803140774,8.882669657879978,6.803234323432343,4.604396284829721,14.275108359133128,1.8358351729212656,57.062081558125385,980.0863664029214,975.1412659768715,15
2024-05-02,13.016264722378015,19.118227706113295,6.855468311833986,10.342508250825082,3.3669349845201233,11.610154798761611,0.15653393157599554,50.45343883140596,984.0252586731588,979.2158855751672,15
2024-05-03,14.436679753224903,21.789343802579925,7.03948401570387,11.37069306930693,2.8460681114551076,10.113003095975232,1.3009456264775414,48.26902008520998,985.3457699330492,981.8036518563603,15
2024-05-04,17.91811553561413,26.079641054402693,9.775659001682556,10.934257425742574,3.5682972136222904,11.530712074303406,0.8508233957978422,48.103469263542294,983.3136944613511,979.5919050517347,15
2024-05-05,18.470443073471674,25.21491867638811,11.734324172742568,7.215973597359736,3.7212383900928794,11.568173374613004,3.5263039820527204,58.6396835057821,981.9316494217893,976.8069385270845,15
2024-05-06,18.098597868760518,23.6739203589456,12.495569265283232,7.6605280528052795,3.29609907120743,10.262043343653248,0.3318237454100367,58.57881923311015,982.7627510651246,977.0824102251978,15
2024-05-07,17.330959057767807,24.15344924284913,10.52641615255188,11.282640264026401,2.295975232198142,8.809349845201238,0.03701626472237801,50.53256238587948,986.0853925745586,981.6373706634205,15
2024-05-08,18.4231071228267,26.105215928210878,10.753729669097027,11.670363036303632,2.879876160990711,9.88606811145511,0.0,44.03043213633597,986.269202678028,982.5974437005477,15
2024-05-09,19.044980370162648,27.70297251822771,10.40342120022434,10.973729372937292,2.9346130030959747,9.039628482972136,0.005608524957936063,41.110772976262936,984.5018867924528,980.2671941570297,15
2024-05-10,19.881996634885027,28.058721256309592,11.691306786315199,12.682706270627062,2.727120743034056,8.572074303405573,0.0031407739764441954,42.763846622032865,982.7620815581251,979.0500912964089,15
2024-05-11,19.758665171060013,27.197700504767244,12.310207515423444,11.23082508250825,3.1361609907120744,10.189473684210524,0.23869882220975883,47.42665855143031,982.8646378575776,979.555629945222,15
2024-05-12,19.826752664049355,26.658440830061693,13.02389231632081,9.857821782178219,3.020495356037152,9.062476780185758,0.06905167518455424,53.827145465611686,982.8370054777845,979.4300060864273,15
2024-05-13,20.1228266965788,27.009366236679753,13.203701626472238,9.985082508250823,3.830959752321981,11.656780185758512,4.075995513180033,55.78940961655508,980.9093730979914,973.904443091905,15
2024-05-14,17.65945036455412,22.770499158721258,12.501570386988224,8.150627062706269,3.8086068111455105,11.227120743034053,7.36660617059891,56.62751065124772,975.6003651856358,972.5020085209981,15
2024-05-15,16.331912507010657,21.675715086932136,10.989624228827818,8.71420802175391,3.645882352941177,10.3471826625387,0.7002332361516035,52.842970176506384,975.9213024954349,973.1102251978089,14
2024-05-16,15.727986539540101,21.505552439708353,9.94026920919798,7.696963696369636,3.4810526315789474,10.96736842105263,1.6724621424565336,54.59038344491783,976.6071211199026,973.7418137553256,15
2024-05-17,17.214301738642735,22.973191250701063,11.463600673022995,8.382112211221122,3.6133746130030957,10.613250773993807,1.3760515984296129,58.272671941570295,977.3569689592209,973.7863664029213,15
2024-05-18,17.350476724621426,23.508468872686482,11.203701626472236,9.124356435643566,2.847739938080495,10.323095975232198,1.157263039820527,58.13633597078514,978.4980523432744,975.4597078514912,15
2024-05-19,17.20796410544027,22.900616937745372,11.486539540100953,8.98897689768977,2.9782043343653246,10.897894736842106,1.8936623667975319,62.60559951308582,977.9437005477785,974.574558734023,15
2024-05-20,17.7472798653954,23.686932136848007,11.826920919798091,10.269174917491748,3.3546749226006187,12.189597523219813,0.39814932992980223,56.279367011564204,979.562142422398,976.1722458916615,15
2024-05-21,17.608356702187322,23.90437464946719,11.335445877734156,9.818019801980197,3.5689164086687306,11.371455108359132,1.5179472798653955,56.27510651247718,983.189774802191,978.9640292148508,15
2024-05-22,18.165114974761636,24.636062815479523,11.717218171620862,10.272607260726073,3.0053250773993803,9.86111455108359,0.613348289399888,52.46439440048692,984.1760803408399,980.4755325623858,15
2024-05-23,18.239932697700503,24.699214806505893,11.743466068424004,10.482772277227722,2.806501547987616,8.670470664087684,0.12181716208637128,53.29519172245891,983.7304321363358,980.4261716372489,15
2024-05-24,19.51048794167134,26.316825574873807,12.675771172181715,11.438679867986796,3.0814241486068115,9.775417956656344,3.4234436343241725,50.58368837492391,983.0908703590991,979.9877662811929,15
2024-05-25,20.71475042063937,28.370499158721255,13.082781828379137,11.28864686468647,3.102600619195046,10.581857585139318,0.3521465369204351,52.003043213633596,983.6538648813146,980.1158855751672,15
2024-05-26,20.7820527201346,27.938642736960176,13.619125070106561,11.042904290429043,3.10266253869969,9.698018575851393,0.08665530948324816,52.0943396226415,984.1351795496042,980.5516129032258,15
2024-05-27,21.116657319125068,27.34767246214245,14.893662366797534,10.836963696369638,3.095232198142414,9.94879256965944,0.030077301475755446,52.153986609860006,984.9105903834449,981.6312233718807,15
2024-05-28,21.375715086932132,28.747728547392033,14.051037577117217,12.874323432343235,2.7191331269349845,8.910092879256965,0.0,50.793670115642115,985.5169202678027,981.9684114424831,15
2024-05-29,23.017049915872125,31.253168816601235,14.812507010656198,12.643432343234323,2.5733746130030957,9.730464396284829,0.13841839596186203,47.684114424832615,983.7601339013997,978.733779671333,15
2024-05-30,23.63707234997196,31.40426247896803,15.853168816601233,10.73049504950495,3.3207430340557273,11.219628482972137,0.08294083859850661,47.758368837492384,980.2101034692635,974.8628119293973,15
2024-05-31,22.17650028042625,28.165395401009533,16.136455412226585,10.999091544374565,3.7355417956656343,10.530402476780186,0.4065040650406503,47.395009129640904,979.5939744370055,976.1898965307363,14
2024-06-01,21.009422321929332,27.17975322490185,14.832305103757712,10.960132013201319,3.3128173374612997,9.870897832817338,1.3932905067808707,52.48508825319537,982.7458307973218,978.6592209373098,15
2024-06-02,21.146831183398763,27.59742007851935,14.695120583286595,12.135709570957095,2.7996904024767795,9.84377708978328,0.04217687074829932,51.60073037127206,983.3720024345707,980.1603164942178,15
2024-06-03,22.044812114413908,28.86135726303982,15.206954570947842,11.426996699669969,3.339442724458204,10.234055727554178,0.3936731107205623,49.833840535605596,982.9132684114425,978.665672550213,15
2024-06-04,22.629613011777906,29.556533931575995,15.706786315199102,12.154785478547854,3.0676160990712074,10.558390092879254,0.0,47.95982958003651,981.5451612903225,978.269202678028,15
2024-06-05,23.379360628154796,31.099663488502525,15.679528883903535,12.459933993399341,2.9248297213622285,9.632755417956654,0.0,48.35362142422398,982.2275715155204,978.7185027388922,15
2024-06-06,24.753561413348287,32.429669097027485,17.1192933258553,10.467590759075907,2.575603715170278,8.75157894736842,0.07293447293447293,45.30919050517346,981.9827754108337,978.4688374923919,15
2024-06-07,24.090745933819402,29.77565900168256,18.393213684800898,6.836303630363036,3.775727554179566,11.850588235294117,0.5008013737836292,52.21363359707851,982.471028606208,977.6493000608641,15
2024-06-08,22.28171620863713,27.32114413909142,17.2456533931576,4.375577557755776,2.986191950464397,11.637585139318883,3.8974701335207302,62.22093730979914,979.9036518563603,974.3407181984176,15
2024-06-09,21.0176668536175,25.77218171620864,16.24217610768368,4.591749174917492,3.380557275541795,10.530712074303404,2.0601794727986538,65.00791235544735,978.3679853925745,974.6857577601947,15
2024-06-10,20.03488502523836,24.500616937745377,15.547728547392035,5.112871287128713,3.130897832817338,10.411455108359133,2.4697700504767246,67.15155203895313,980.3260499087035,977.0418137553256,15
2024-06-11,19.337969713965226,23.745316881660127,14.914694335389793,6.528052805280528,3.333436532507739,9.409597523219812,3.0926108374384236,66.8594035301278,982.9325015216067,979.3663420572124,15
2024-06-12,19.288334268087493,24.462703309029727,14.132809871003927,7.214389438943895,3.545077399380805,11.40953560371517,5.331908831908832,65.37188070602555,985.4969567863664,981.5539257455872,15
2024-06-13,20.27795849691531,28.104655075715083,12.445092540661806,11.674587458745872,2.7777708978328173,9.225696594427243,0.5206954570947842,52.32075471698113,986.0108947048083,981.5278149726109,15
2024-06-14,22.76791923724061,30.77969713965227,14.783006169377455,11.736699669966999,3.7418575851393188,12.19938080495356,0.0839035333707235,47.53864881314668,982.624102251978,977.4227632379793,15
2024-06-15,22.45619742007852,28.98250140213123,15.923163208076275,11.931221122112209,4.062229102167183,11.511764705882351,0.2592204770215242,49.22093730979915,981.1233110164333,977.9064516129031,15
2024-06-16,21.873135165451487,28.423892316320806,15.335950644980372,12.19148514851485,3.0858823529411765,9.560557275541797,0.2306225462703309,50.66524650030432,980.7479001825927,977.2250760803407,15
2024-06-17,23.099887829500844,30.220527201346044,15.981491867638809,11.85716171617162,3.654798761609907,11.57145510835913,0.7771494518176573,51.38344491783323,979.4505782105903,975.6867315885574,15
2024-06-18,22.225911385305665,27.816769489624228,16.65687044307347,7.840462046204621,4.285510835913312,11.303962848297214,1.8988782950084127,62.306755934266576,980.4527084601339,975.916311625076,15
2024-06-19,21.118564217610768,26.278799775659,15.951991026360066,8.034587458745873,3.3141228625712476,12.586253869969042,3.303188228080932,62.12507778469198,981.847474132684,978.2350578210591,15
2024-06-20,20.23348289399888,25.28883903533371,15.216601233875492,7.475643564356436,3.120681114551083,10.912198142414862,1.4847585805700991,60.499087035909916,984.8592209373097,980.3221545952526,15
2024-06-21,21.766461020751546,28.839484015703867,14.682052720134605,12.572937293729373,2.7669969040247677,9.831826625386995,0.032641615255187884,49.65733414485696,987.0657334144856,983.4151552038953,15
2024-06-22,23.03768928771733,30.722321929332587,15.342456533931575,9.634851485148515,2.8058823529411763,9.865263157894736,0.24200785193494112,47.183201460742545,986.538770541692,981.9203895313449,15
2024-06-23,23.971733034212,30.372181716208637,17.54105440269209,11.016105610561056,2.947182662538699,10.452321981424145,0.2263600673022995,49.98174071819842,983.3012172854533,978.4869750456483,15
2024-06-24,24.728098710039262,31.424565339315755,18.02383623107123,12.062640264026403,3.070959752321981,8.89517027863777,0.0,49.581862446743756,981.7349588347053,976.7886003799872,15
2024-06-25,25.375883342680876,32.093213684800894,18.646662927650027,11.913663366336634,3.4931269349845193,10.444809800128949,0.12134962187318209,50.30553864881314,977.9962264150943,973.8280584297015,15
2024-06-26,24.056646102075156,29.157711721817165,18.924789680314078,8.724224422442246,3.684891640866873,11.381176470588237,0.8704779189352692,59.44309190505173,978.5632988435788,974.932258064516,15
2024-06-27,24.03258553000561,29.316489063376334,18.707964105440272,6.916369636963697,3.5196904024767797,10.60452012383901,0.02490185081323612,56.920876445526474,980.2468046256847,977.024102251978,15
2024-06-28,23.095064498037015,28.402243409983175,17.773976444195178,8.256501650165015,3.4432198142414863,11.069349845201238,2.4878855860908584,60.06390748630553,981.7498478393181,978.4335362142422,15
2024-06-29,21.588109927089175,26.156309590577678,17.015591699383066,5.105610561056107,3.7461919504643957,12.499318885448917,2.3675827257431297,64.64516129032258,981.3054169202678,978.4418137553255,15
2024-06-30,22.782837913628715,28.634716769489625,16.910880538418393,9.263102310231023,3.004148606811145,10.667925696594427,0.7146015125072717,60.97565429093122,982.3468046256846,978.8229458307974,15
2024-07-01,22.642793045429055,28.432249018508134,16.85165451486259,9.740198019801978,2.985820433436533,9.116222910216717,0.09697139652271453,59.25562994522215,985.6592209373098,981.4684114424831,15
2024-07-02,23.897812675266405,31.07375210319686,16.775883342680874,12.32996699669967,2.8853869969040247,9.989783281733745,0.0,50.02921485088253,985.227814972611,980.2384662203287,15
2024-07-03,25.35771172181716,33.05019629837353,17.667134043746493,12.41775577557756,2.463962848297213,9.665696594427242,0.0,42.30127814972611,981.8687157638466,977.5379793061472,15
2024-07-04,25.85445877734156,33.62725743129557,18.089063376332025,12.522376237623764,2.889411764705882,9.203653250773993,0.0,44.9281801582471,980.9962872793669,977.4141205112599,15
2024-07-05,26.167807066741446,32.73359506449803,19.600336511497474,12.118283828382838,3.5311455108359135,10.855665634674923,0.9043746494671902,49.05356055995131,980.4981740718198,975.6663420572123,15
2024-07-06,23.92899607403253,29.497588334268084,18.33662366797532,8.453861386138612,3.9702167182662533,12.236099071207429,5.46934264107039,61.62325015216067,979.7912355447352,975.2754108338404,15
2024-07-07,22.707683679192368,28.789119461581606,16.627425687044312,11.855511551155118,3.328544891640867,9.319814241486068,0.026920919798093104,55.40353012781496,981.119841752891,978.0646378575775,15
2024-07-08,24.041390914189567,30.98861469433539,17.091867638810992,12.392079207920792,2.9354798761609904,9.592136222910215,0.18194054963544587,50.07608034083992,981.5057212416311,978.3051125989044,15
2024-07-09,24.912450925406617,31.6790802019069,18.151430173864274,11.167590759075907,3.3441486068111455,10.28984520123839,0.46786315199102635,47.980523432744974,982.7011564211808,978.9870359099209,15
2024-07-10,26.49119461581604,34.255580482333144,18.77347167694896,12.505082508250826,3.0366563467492256,9.51640866873065,0.15883342680874932,52.88618381010346,984.0866707242849,980.80091296409,15
2024-07-11,27.260684240044867,34.04615816040382,20.4720134604599,12.580462046204618,3.8387636363636366,11.416581818181818,0.11297265852239674,51.148508825319524,983.5761412051127,979.8075471698112,15
2024-07-12,25.59534492428491,31.792540661805944,19.409590577678074,11.509306930693066,3.4607272727272727,10.372363636363637,0.01623529411764706,49.98417528910529,981.8367011564211,977.9345100426049,15
2024-07-13,24.93146382501402,30.83768928771733,19.04638250140213,10.786798679867985,3.9820363636363636,10.585963636363635,0.0015703869882220977,50.438222763237974,979.6349969567864,976.0505173463177,15
2024-07-14,25.758945597307907,32.8834548513741,18.626752664049356,11.24112211221122,3.549745454545454,10.529454545454547,0.322378014582165,45.992696287279365,979.7754716981133,976.4579427875838,15
2024-07-15,26.245877734155915,33.446045989904654,19.024845765563658,11.729570957095707,3.8788363636363634,11.749818181818183,0.036187683284457484,48.85757760194765,981.6335362142422,977.281801582471,15
2024-07-16,25.408188446438587,32.13348289399888,18.672406057206953,11.542310231023105,3.208581818181819,9.648872727272728,0.0,49.16129032258064,983.5779671332926,979.7147900182592,15
2024-07-17,25.67077122488658,33.75106934543097,17.604601425793902,12.529768976897689,3.1487272727272724,9.509018181818181,0.0,44.652886671418386,979.5660727013542,976.1647897362797,15
2024-07-18,26.86675307841866,34.23895009721322,19.544718081659102,9.450759075907593,2.9927999999999995,9.14218181818182,0.0,42.704205274411976,980.0907341411261,977.2009265858877,15
2024-07-19,28.665975372650678,36.56014257939079,20.78723266364225,12.373861386138614,3.0630545454545457,11.162763636363639,0.0,39.72202423378475,980.383749109052,976.1319315751961,15
2024-07-20,27.172132209980553,34.68295528191834,19.62825664290343,11.5829702970297,3.981818181818182,12.995636363636363,0.6155916993830622,45.48610121168924,976.8408410548825,970.6618674269423,15
2024-07-21,25.46779001944264,31.694426441996104,19.226182760855473,11.815445544554454,3.650036363636364,10.883636363636366,0.0,46.61368496079831,978.9553813257307,972.7366357804705,15
2024-07-22,25.595204147764093,33.62721970187945,17.51788723266364,12.904884488448843,2.803272727272728,8.727781818181818,0.0,42.282252316464714,980.6645046329296,977.9582323592302,15
2024-07-23,27.74335709656513,35.95022683084899,19.541153596889174,13.163102310231022,2.782400000000001,8.214618181818182,0.0,41.42052744119744,981.6455452601568,978.6011404133999,15
2024-07-24,28.920933246921578,36.87394685677252,20.949384316267007,12.724290429042902,3.1965090909090907,10.417018181818182,0.010992708917554682,39.0192444761226,980.4263720598718,975.4085531004991,15
2024-07-25,27.8200259235256,34.749773169151,20.94445884640311,11.78105610561056,3.6963636363636367,10.886545454545455,0.0015703869882220977,45.48039914468995,976.38153955809,971.131789023521,15
2024-07-26,27.3665731912507,33.89927089175547,20.842793045429055,11.849306930693068,3.154618181818182,9.485454545454548,0.0,49.28788800973828,978.6657942787583,975.8299452221545,15
2024-07-27,27.45860908581043,34.61531127313516,20.35070106561974,11.785742574257425,3.1984,10.234109090909092,0.20549635445877731,48.402312842361525,980.8659160073036,977.118137553256,15
2024-07-28,28.0964666292765,34.87902411665732,21.27728547392036,11.525346534653465,2.843563636363637,10.0584,0.04054246966452534,47.177115033475346,982.4830188679246,979.1815581253804,15
2024-07-29,28.871508693213688,35.529781267526644,22.211104879416713,7.627986798679868,3.3975999999999997,12.2632,0.9689354275741712,49.66585514303104,983.5903834449177,978.8194157029823,15
2024-07-30,29.38671419313026,36.30324044069993,22.456578094620863,10.38237623762376,3.6048727272727272,10.788436363636363,0.019818285065303805,42.92391965916008,978.044832501782,973.998075552388,15
2024-07-31,28.663039820527203,36.69063376332024,20.638698822209758,11.996105610561054,3.3767999999999994,10.04829090909091,0.02303664921465969,40.833840535605596,981.4683505782106,977.704443091905,15
2024-08-01,27.754458777341558,35.256533931575994,20.263208076275937,11.93122112211221,3.8271272727272727,10.244072727272727,0.01294718909710392,46.941570298234936,980.8662811929396,977.2353012781496,15
2024-08-02,26.848233314638247,33.46500280426248,20.216376892877175,10.64739273927393,3.589018181818181,12.2136,7.687960074859637,54.04260499087035,980.6079732197198,976.1998174071819,15
2024-08-03,26.950084127874366,34.748625911385304,19.124397083567022,12.233465346534656,2.6888,8.804436363636365,0.0,46.499087035909916,980.8883140596469,977.7808886183809,15
2024-08-04,27.6562535053281,35.69141895681436,19.62602355580482,12.80079207920792,2.518036363636364,8.988218181818182,0.0,45.698113207547166,981.474741326841,977.5671941570297,15
2024-08-05,28.01704991587212,35.05193494111048,20.992091979809306,12.116303630363035,3.2684363636363636,10.719054545454549,0.10487941671340438,48.56238587948874,979.7801582471088,976.3323797930614,15
2024-08-06,27.844307347167696,34.60830061693775,21.094840157038696,11.346138613861385,3.493745454545455,9.716945454545453,0.22659636789689513,51.673158855751666,978.7919659160071,975.2951917224589,15
2024-08-07,27.589119461581603,34.720863712843524,20.4649467190129,11.598019801980197,2.90669090909091,9.453090909090912,0.10173864273696018,49.19902617163724,979.7183810103468,976.600547778454,15
2024-08-08,27.860123387549073,34.659394279304536,21.052944475602917,11.599471947194719,3.404581818181819,9.713090909090909,0.0,50.81679853925746,982.4771758977479,979.0297017650638,15
2024-08-09,28.38665171060011,35.738867077958496,21.066404935501964,11.971683168316831,3.002981818181818,9.596581818181818,0.0,48.156421180766884,984.2212416311625,981.3147291539865,15
2024-08-10,28.96062815479529,36.37543466068424,21.534604598990466,12.322244224422443,3.5480727272727273,10.545745454545456,0.0,45.33292757151551,983.873828362751,979.6553256238587,15
2024-08-11,29.029108244531688,36.02922041503085,22.0369601794728,12.214587458745873,3.210690909090909,10.793963636363637,0.0,46.32379793061473,981.5197200243456,977.0029823493608,15
2024-08-12,27.99287717330342,34.56472237801459,21.46309590577678,10.666138613861385,3.639781818181818,10.583636363636364,0.10375771172181716,51.92878880097383,980.2228849665246,976.1824102251976,15
2024-08-13,26.205496354458777,32.01503084688727,20.395905776780708,7.705412541254125,3.3849454545454547,11.552000000000003,4.971508693213685,58.42726719415703,979.143944004869,975.3531953743152,15
2024-08-14,24.470050476724623,29.958328659562532,18.92647223780146,8.9223102310231,3.1432,11.212436363636366,1.8230158730158732,59.4796104686549,982.0320146074255,977.6046865489957,15
2024-08-15,24.326864834548513,31.185417835109362,17.507683679192372,10.363696369636964,2.7205818181818175,9.402690909090907,0.19080201906898483,52.02799756542909,983.1664637857577,980.375532562386,15
2024-08-16,25.79310151430174,33.51598429613012,18.101738642736958,11.342640264026402,2.446690909090909,10.201527272727276,0.032165422171166,44.85392574558734,983.338587948874,980.1435179549603,15
2024-08-17,27.236791923724063,35.32495793606281,19.175771172181715,11.148976897689767,2.5067636363636367,8.846181818181819,0.4659001682557487,44.44613511868533,982.8863664029213,978.1556299452221,15
2024-08-18,26.934492428491307,33.46769489624229,20.410992708917554,10.758415841584162,2.8424727272727273,10.328218181818183,0.20420639371845203,52.68776628119294,980.928545343883,977.3273280584297,15
2024-08-19,26.508805384183955,33.05042063937184,19.947335950644977,11.767920792079208,3.511490909090909,9.675345454545456,0.0,50.90261716372489,980.7187461959829,977.1551430310408,15
2024-08-20,26.97700504767246,33.721200224341,20.240100953449243,10.335115511551155,2.990618181818182,9.331927272727274,0.1471655328798186,51.69993913572732,982.1407790626902,978.042300669507,15
2024-08-21,26.98609085810432,33.62361189007291,20.339652271452604,10.594917491749175,3.04973861090366,9.861309090909089,0.08973639932697701,52.978842563783445,983.5186244674376,979.6496652465003,15
2024-08-22,27.239259674705554,33.786371284352214,20.70773976444195,10.722442244224421,3.097090909090909,9.870545454545457,0.0,54.60620815581254,982.3607425441265,978.2006086427266,15
2024-08-23,27.084015703869884,33.915535614133475,20.309197980931014,10.843036303630361,2.849163636363636,10.032072727272725,0.04095404304828389,53.90079123554473,981.5678636640292,978.0189287888008,15
2024-08-24,27.236455412226583,33.915086932136845,20.58637128435221,10.503564356435646,3.533527272727273,10.679127272727275,0.4597505668934241,52.48204503956177,982.0075471698112,977.4329884357882,15
2024-08-25,26.316432978126752,32.12361189007291,20.485081323611894,9.652871287128711,3.4552727272727273,10.084800000000001,0.15984296130117778,54.40535605599513,983.5631162507607,980.5701765063907,15
2024-08-26,26.270330902972518,32.5556926528323,19.981884464385868,10.73326732673267,2.796145454545455,8.871490909090912,0.0,54.480219111381615,983.7920267802799,979.9303104077906,15
2024-08-27,27.34458777341559,33.70319685922602,20.98760515984296,11.333267326732674,2.8907393577296485,8.791127272727273,0.0,52.90603609209708,981.9883749239195,977.9300060864273,15
2024-08-28,26.891418956814356,32.578575434660685,21.151822770611332,10.65914191419142,3.535474234503361,10.416218181818179,0.8772071552221581,56.080896079651524,981.4898965307364,978.3688983566647,15
2024-08-29,25.887380818844644,31.02406057206954,20.76023555804823,7.260726072607261,3.1433454545454547,9.730836363636364,2.3129556926528325,63.621424223980526,982.5637248934875,979.0219720024345,15
2024-08-30,25.63488502523836,31.130229949523276,20.163825014021313,7.941782178217821,2.7306198655713225,10.469236363636362,2.2278130409694175,61.1176104542626,981.7160073037126,978.0919050517347,15
2024-08-31,25.74290521592821,31.019293325855298,20.4983735277622,6.955049504950495,2.996800000000001,10.068218181818182,3.0765672550213026,62.59890444309191,981.4894096165551,978.2398052343274,15
2024-09-01,25.449915872125636,30.38407178911946,20.497420078519344,8.416897689768977,2.9192727272727277,9.01418181818182,0.6973637961335676,62.980523432744974,980.7791235544734,977.6297626293365,15
2024-09-02,24.984183959618623,30.68250140213124,19.258665171060013,9.332739273927393,3.395854545454546,10.435054545454548,1.6220415030846889,61.292148508825306,980.4065124771759,976.7635423006694,15
2024-09-03,23.16920919798093,27.66057206954571,18.634324172742566,7.372211221122112,3.1728,9.67949090909091,6.74559730790802,67.75106512477174,981.355264759586,978.0754716981131,15
2024-09-04,22.016825574873806,26.930398205272013,17.050813236118902,6.884620462046204,3.062109090909091,10.150618181818183,6.296242288278183,68.98843578819232,981.7417528910529,978.248995739501,15
2024-09-05,21.754458777341558,27.416264722378013,16.110936623667975,8.573795379537955,2.9237818181818187,9.711200000000002,1.88681996634885,59.00669506999391,979.6605599513085,972.8329884357881,15
2024-09-06,22.282781828379136,27.870386988222098,16.70723499719574,8.690561056105611,3.208945454545455,10.07410909090909,1.1229871645274212,56.840535605599506,974.6790626902009,971.126171637249,15
2024-09-07,21.958272574312957,28.240157038698822,15.693045429052159,8.278415841584158,2.975636363636364,9.70981818181818,0.7461451247165533,49.29275715155204,978.3312233718807,973.5997565429092,15
2024-09-08,22.643802579921484,28.7508132361189,16.512002243409984,9.782970297029706,2.901381818181818,9.985818181818182,0.22680874929893438,55.115642118076686,981.6222154595253,976.5170419963481,15
2024-09-09,22.373079080201908,29.03252944475603,15.726808749298934,10.59115511551155,2.4413090909090913,8.835636363636365,0.04139091418956815,52.018259281801576,984.8973219720024,981.42391965916,15
2024-09-10,22.30807627593943,28.837464946719013,15.797083567021874,10.149372937293728,2.7188363636363633,8.862618181818181,0.0012471655328798188,57.11990261716372,984.7760803408399,981.0271454656116,15
2024-09-11,21.825238362310714,27.77291082445317,15.835558048233317,9.323630363036305,3.219709090909091,10.00530909090909,1.2206393718452047,57.72063298843578,983.2121728545342,980.1059038344491,15
2024-09-12,22.263544587773417,28.06079641054402,16.45630959057768,7.112409240924092,3.286618181818182,10.101309090909092,0.9004579278763595,59.51491174680463,983.296104686549,979.0045648204504,15
2024-09-13,20.459899046550753,26.661357263039818,14.268928771733036,10.22026402640264,3.405890909090909,10.232872727272731,0.1142857142857143,51.16798539257456,987.1172854534386,981.8063907486304,15
2024-09-14,20.604094223219292,27.750196298373524,13.47818283791363,10.116237623762375,2.7906181818181817,8.417745454545457,0.0,49.42483262325015,987.7018867924528,984.2903225806451,15
2024-09-15,21.364722378014584,29.29310151430174,13.454066180594504,11.005280528052806,2.5648727272727276,8.44029090909091,0.0,45.119293974437,985.6443700547777,981.4249543517953,15
2024-09-16,21.625350532809872,29.82708917554683,13.457992148065061,10.421980198019803,2.650254545454545,8.924872727272728,0.0,44.90687766281193,983.0325623858795,978.8894704808276,15
2024-09-17,20.366124509254064,26.927650028042628,13.82462142456534,8.838745874587458,2.9186909090909094,9.774909090909093,0.7294447560291643,55.51065124771758,980.5133901399878,976.1812538040169,15
2024-09-18,20.930524951393387,26.066040181464675,15.775502268308486,7.382508250825083,2.312872727272727,8.694545454545455,0.029941672067401167,63.43213633597078,975.6682822523167,973.222024233785,15
2024-09-19,20.72734931950745,25.504990278677894,15.936228127025274,4.5233003300330035,2.615636363636364,9.594836363636364,4.78042773817239,69.6521739130435,975.8429793300072,973.3126158232361,15
2024-09-20,20.015554115359684,24.107517822423844,15.875307841866492,4.814323432343234,2.130981818181818,6.793018181818181,2.0506015569709835,74.04062722736992,976.5828225231647,973.9959372772631,15
2024-09-21,20.710239792611794,24.19215813350615,17.21121192482177,4.686336633663366,2.724945454545455,9.57047272727273,5.124982307147913,74.07127583749109,977.249037776194,974.2343549536707,15
2024-09-22,20.87661245092541,25.709197980931012,16.06225462703309,6.577161716171618,2.486545454545455,8.107709090909092,0.3665503199534613,68.67376749847838,982.0416920267802,979.264333536214,15
2024-09-23,20.400224340998317,25.877397644419514,14.907515423443634,8.65089108910891,2.469261083743841,9.17448275862069,0.8731292517006803,61.26422447388932,972.7998441153546,970.0558846453623,15
2024-09-24,19.58934380257992,25.10644980370163,14.04548513740886,5.061650165016501,2.6502613890963405,8.92210909090909,0.6481632653061226,57.51213441194773,981.5124163116251,978.5387096774193,15
2024-09-25,20.71510045366169,25.887167854828252,15.545171743357095,5.024092409240924,4.017527272727274,12.494181818181818,3.8933028048082434,67.99573950091296,977.5684248039917,973.896935138988,15
2024-09-26,22.707459338194052,27.790858104318566,17.61480650588895,6.8159735973597355,5.082545454545454,14.78378181818182,1.656758272574313,66.13451004260499,980.2620206938527,976.1307973219718,15
2024-09-27,19.388334268087494,24.38076275939428,14.397195737521033,9.088118811881188,3.5996363636363644,12.19316363636364,0.5700504767246214,53.29701765063906,985.8974437005477,979.4934266585514,15
2024-09-28,17.454458777341557,24.05165451486259,10.878687605159843,9.743366336633665,2.635709090909091,9.367781818181822,0.0528344671201814,50.31588557516737,989.0729762629335,984.5030432136335,15
2024-09-29,19.20168255748738,27.03219293325855,11.376948962422881,10.155181518151815,2.601672727272727,8.022036363636364,0.07896803140773978,52.00669506999391,988.844126597687,984.7128423615337,15
2024-09-30,20.612787436904092,28.336118900729108,12.889175546831183,10.255907590759074,2.083709090909091,6.8318545454545445,0.26484951731970474,55.603164942178935,986.8536822884967,982.5908703590992,15
2024-10-01,21.68266965787998,28.696242288278185,14.636174985978688,7.3256949661908335,2.4188363636363635,8.703636363636365,3.197980931015143,59.82897139379184,984.0578210590381,978.8276932440656,13
2024-10-02,21.534380257992147,26.96932136848009,16.05894559730791,4.335537190082644,3.2614545454545456,11.167418181818185,7.4112004595060315,68.48569689592209,980.2986001217284,974.5256847230675,13
2024-10-03,21.005720695457093,25.913180033651148,16.099775659001683,8.556145454545456,2.6376000000000004,9.860800000000001,0.0041546451240623205,61.74010955569081,980.435970785149,975.4134510042604,14
2024-10-04,19.248681996634886,25.425743129556928,13.056085249579361,9.069745454545455,2.583490909090909,8.45869090909091,0.10694444444444445,63.31405964698722,981.4848447961047,978.2928788800973,14
2024-10-05,20.23168816601234,26.805608524957936,13.675154234436343,8.377454545454546,2.537963636363636,9.668727272727274,0.8191848208011244,68.22093730979914,980.9777845404747,977.1911138161897,14
2024-10-06,22.153561413348285,28.08323051037577,16.267807066741447,5.196509090909091,2.8575272727272725,10.656145454545456,0.6123472668810289,63.63542300669506,978.5074254412659,974.5383444917833,14
2024-10-07,21.017610768367916,25.961020751542346,16.107459338194055,2.474909090909091,3.944145454545454,16.114545454545457,5.061301177790241,72.87096774193547,975.7848447961046,970.7890444309189,14
2024-10-08,19.07706113292204,23.076948962422883,15.085810431856421,5.468072727272728,3.9428363636363644,12.773236363636366,1.6764150943396228,66.77054169202677,978.3484479610468,973.0604990870359,14
2024-10-09,20.052495793606283,24.721761076836792,15.4,3.9904727272727274,5.869040247678019,17.46804953560371,2.8224901850813238,71.31771150334754,977.2772976262934,967.5059038344491,14
2024-10-10,18.007627593942793,22.64486819966349,13.35249579360628,8.113163636363636,2.2944272445820433,9.782229102167182,0.09049799656554093,62.946439440048685,980.8027388922701,974.4662203286671,14
2024-10-11,17.388334268087494,23.06948962422883,11.717891194615815,4.073309090909091,2.374455445544555,9.893531353135312,10.56142365097589,68.19537431527692,981.2778454047473,976.969567863664,14
2024-10-12,18.52035894559731,22.15945036455412,14.861918115535612,1.5453333333333334,2.673663366336634,9.474851485148514,5.398653954010095,80.33718807060255,981.5066342057212,975.8827145465611,13
2024-10-13,19.86337633202468,24.792260235558047,14.888278182837913,5.807843137254902,2.3845544554455445,8.487128712871286,0.023780145821648908,76.85149117468046,983.5877662811929,980.6217285453438,13
2024-10-14,20.296186203028604,23.845148625911385,16.75047672462143,2.888470588235294,1.8717491749174917,6.99016501650165,3.671177504393673,82.05477784540474,982.7993304930005,978.0241631162507,13
2024-10-15,20.174873808188448,23.74997195737521,16.61463825014021,1.8202909090909092,3.7292260061919507,11.723034055727553,10.726249282021827,81.5989044430919,978.4173463177115,972.657516737675,14
2024-10-16,20.133034212002244,24.833034212002246,15.463768928771731,4.079709090909091,3.7039628482972144,12.301052631578948,9.603196859226024,78.71454656116859,978.9409007912354,972.0897139379185,14
2024-10-17,16.888951205832864,20.529613011777904,13.2720134604599,4.639854545454546,3.134427244582043,12.101795665634674,8.34542905215928,72.98843578819233,986.5279367011562,977.4293974437005,14
2024-10-18,15.550084127874369,20.144868199663488,10.948569826135728,4.024872727272728,2.024829721362229,8.032569659442723,0.523948401570387,69.48995739500913,987.9800973828362,984.6451612903224,14
2024-10-19,17.422658440830062,22.75148625911385,12.114750420639371,6.645018181818183,1.8669349845201235,6.646934984520123,1.3761229314420804,70.72915398660986,987.6252586731587,984.430249543518,14
2024-10-20,18.479416713404376,24.631856421761082,12.328939988782949,8.657381818181818,1.6334984520123839,5.855975232198143,0.11845204711160964,70.0219111381619,989.6994522215459,986.2323797930613,14
2024-10-21,18.95002804262479,24.88418395961862,13.03774537296691,8.839418181818184,1.9883591331269348,7.041609907120742,0.2321995464852608,69.34875228241022,990.5855751673766,987.1194765672549,14
2024-10-22,18.280762759394282,23.103028603477284,13.445092540661808,7.669236363636365,2.240061919504644,7.298513931888545,8.513378684807256,74.70054777845404,991.6457699330492,989.0824102251977,14
2024-10-23,18.553785754346606,22.977509814918676,14.136511497476167,7.642981818181819,2.6675541795665634,8.044891640866872,0.5840605002908668,74.58125380401704,991.6244674376139,987.8501521606815,14
2024-10-24,18.561637689287718,23.565675827257433,13.573359506449805,6.487563636363637,1.904767801857585,7.091331269349846,1.1062015503875968,73.00243457090687,988.9928180158247,984.5344491783321,14
2024-10-25,15.93236118900729,20.25148625911385,11.600729108244533,2.1957090909090913,2.3471826625386996,9.979195046439628,9.942905215928212,79.16737674984785,985.7989653073646,981.5191722458916,14
2024-10-26,12.945597307908018,16.16679753224902,9.70975883342681,2.1888000000000005,2.4438390092879256,10.18111455108359,6.211857229280096,79.7553256238588,983.5533171028605,979.6784540474741,14
2024-10-27,12.448569826135728,15.890185081323612,9.023219293325855,4.567927272727272,2.187987616099071,7.173003095975233,4.133731553056922,80.35483870967741,985.377175897748,980.7762629336579,14
2024-10-28,14.626640493550195,19.29994391475042,9.92540661805945,4.495054545454546,3.0538699690402473,9.657027863777088,6.542737597130903,77.96530736457699,986.573280584297,982.640961655508,14
2024-10-29,16.08323051037577,19.56483454851374,12.625799214806506,2.1943272727272727,3.5673065015479866,13.073684210526315,14.529428736295444,84.91052951917223,984.6169811320754,979.4262933657942,14
2024-10-30,15.831407739764442,19.52265844083006,12.119685922602356,2.768945454545454,2.6995046439628485,11.194736842105263,15.094182664339733,83.95982958003651,983.774376141205,979.1783931832014,14
2024-10-31,16.785473920358946,20.967750981491868,12.578407178911945,3.620290909090909,2.2666253869969037,7.714241486068111,2.6386559448592766,82.15763846622032,986.1480219111381,983.2487522824101,14
2024-11-01,17.201121704991586,21.046382501402128,13.35277621985418,4.945412541254126,1.7887306501547988,7.122167182662538,0.24281625643961077,79.18137553256238,986.3716981132075,983.9122945830795,15
2024-11-02,16.640157038698824,20.938642736960183,12.346214245653393,5.763036303630362,1.8839009287925692,6.652507739938083,0.22811791383219956,79.2294583079732,986.3937309799147,983.1584905660376,15
2024-11-03,16.613067863151993,20.81469433538979,12.392260235558048,6.415973597359735,2.7285448916408668,8.169102167182661,7.902860347728547,79.542300669507,987.1269628727935,984.1109555690809,15
2024-11-04,17.33522153673584,20.97016264722378,13.734604598990465,5.176435643564357,1.5392569659442723,5.990897832817336,2.712843522153673,80.47717589774801,987.1625076080339,984.2836275106512,15
2024-11-05,17.727874369040943,22.50886146943354,13.006169377453729,6.864224422442244,1.16030959752322,5.739318885448915,0.14275092936802974,80.09190505173461,989.2202069385269,986.0236153377966,15
2024-11-06,17.116233309908644,21.94862965565706,12.32283907238229,6.535841584158416,1.5733067729083663,6.734844668345928,5.076,79.9618082618862,981.8521434138737,979.131722525331,15
2024-11-07,16.586647926914967,20.67259311314125,12.458819395643006,6.076171617161716,1.6294023904382464,5.5023107569721095,0.2875283446712018,80.09197194076381,980.3066250974277,977.4914263445049,15
2024-11-08,16.165227145260797,20.383118339876614,11.970443073471678,2.8439603960396043,1.901547987616099,6.199442724458205,1.2377943710511201,79.45100426049908,988.8346317711502,984.5986609860012,15
2024-11-09,16.003606748109366,21.069545709478408,11.305468295520651,5.411485148514852,1.476595744680851,5.673758865248225,0.5018508132361189,79.10639645345155,992.1521849271688,989.0577580747308,15
2024-11-10,15.175154234436341,20.047952888390352,10.314133482893999,6.1479207920792085,1.5255727554179563,6.396904024767801,0.6499719573752104,74.82105903834449,991.2471698113206,988.4012781497261,15
2024-11-11,14.915367358384746,19.836455412226584,9.988446438586651,7.138194945848377,2.538390092879257,8.62297213622291,0.3635445877734156,72.1819841752891,990.8283018867924,987.9197200243457,14
2024-11-12,12.787885586090859,17.37352776219854,8.233819405496355,5.903728560775542,2.5479256965944272,9.989597523219812,5.246831183398766,70.9026171637249,989.0106512477175,980.7616555082166,13
2024-11-13,10.687492989343802,13.719517666853617,7.696017947279865,2.089530685920578,3.143839009287926,10.635603715170278,3.487886597938144,81.18624467437613,983.3717589774801,978.9713937918441,14
2024-11-14,13.378575434660686,17.70874929893438,9.056646102075154,3.6891696750902527,2.539628482972136,8.66829721362229,1.8924284913067864,83.5806451612903,985.147108947048,981.6357881923311,14
2024-11-15,15.332136848008975,19.04256870443073,11.614413909141895,5.478844765342961,2.8222291021671824,8.394674922600618,0.7251700680272108,77.45343883140596,985.2059038344491,982.9360925136943,14
2024-11-16,14.830005608524958,18.943578238923163,10.68603477285474,4.771335740072204,2.330835913312694,7.400371517027864,0.39775659001682556,79.73828362751064,985.4804017041995,982.2362142422397,14
2024-11-17,14.734772854739203,19.40863712843522,10.051037577117217,4.388086642599279,1.9006191950464395,7.163467492260062,0.9004478566858606,80.0852099817407,985.3382836275106,981.9847839318319,14
2024-11-18,14.266068424004487,19.07380818844644,9.465114974761638,4.452762645914397,1.3490402476780183,4.9838943894389445,0.19312452253628726,82.53743152769324,985.4298843578817,982.3923311016433,13
2024-11-19,15.017106001121705,19.971564778463264,10.074312955692653,6.056173285198557,1.8266253869969038,7.194922600619194,0.10963646855164455,79.69836321122368,985.406877662812,981.8442483262324,14
2024-11-20,14.866900913562894,18.93380182712579,10.8232607167955,6.288231046931409,3.1590712074303404,11.014922600619194,1.305776780706674,68.34606391270458,985.321667681071,982.5184418746195,14
2024-11-21,14.08011243851019,17.750035137034434,10.40351370344343,2.9006829268292678,4.0543653250773986,12.600061919504643,2.316881660123388,69.09586905689788,984.2237979306146,977.481801582471,13
2024-11-22,13.75961862030286,17.633651149747617,9.880089736399327,5.0042599277978335,2.9447058823529413,11.986687306501548,0.1115275411697899,69.29640900791236,987.7562385879488,977.7531953743153,14
2024-11-23,14.32809871003926,19.51149747616377,9.128603477285473,7.136823104693141,2.075046439628483,7.122600619195046,0.23714458560193583,73.74802191113815,988.2870967741935,985.3122945830796,14
2024-11-24,15.010992708917554,19.211273135165452,10.829052159282108,3.406642599277978,2.941176470588235,9.582724458204332,2.6826981246218997,75.30797321972001,987.0008520998173,981.1660377358489,14
2024-11-25,14.553673583847448,19.217947279865395,9.893381940549634,2.28115523465704,3.006625386996904,11.432755417956656,2.225518788558609,80.44430919050517,987.7527084601338,979.2821667681071,14
2024-11-26,11.997195737521032,16.43028603477286,7.564554122265844,3.5515523465703973,1.3549845201238389,5.5462046204620465,0.005307599517490953,78.4704808277541,991.4398574206093,988.4403110823073,14
2024-11-27,12.196074032529445,17.892484576556363,6.484800897363993,7.459205776173285,1.4014860681114552,5.0922772277227715,0.0016288539848749275,77.45222154595251,992.8069993519119,989.7026571613738,14
2024-11-28,12.556926528323052,18.72540661805945,6.408637128435221,7.517617328519855,2.019256965944272,5.295232198142414,0.041278743690409424,76.36944613511868,991.2328667072428,988.234875228241,14
2024-11-29,14.236679753224902,20.924397083567023,7.590297251822771,6.551913357400721,1.6916408668730647,5.2389473684210515,0.00997732426303855,70.79306147291538,992.0615337796712,988.613146682897,14
2024-11-30,13.730902972518228,19.80527201346046,7.620471116096468,7.084693140794224,1.4709597523219815,5.4282352941176475,0.012358276643990931,76.83810103469263,993.261777236762,989.8793061472915,14
2024-12-01,13.811217049915873,18.371733034212003,9.26668536174986,2.9629602888086644,1.7302786377708976,6.362291021671825,0.24652498564043657,77.93670115642118,991.0493609251369,987.9013390139987,14
2024-12-02,13.587549074593383,18.28272574312956,8.874705552439709,3.280794223826715,1.7707739938080493,6.950464396284832,0.20330902972518228,80.59646987218503,989.8208764455264,986.7369446135117,14
2024-12-03,12.558833426808748,16.797980931015143,8.378295008412788,4.327653429602889,1.8627863777089781,6.406439628482973,2.0888951205832864,81.46378575776019,988.689044430919,985.5230066950699,14
2024-12-04,11.344363432417277,15.937072349971956,6.73421200224341,4.896245487364621,2.1426625386996903,8.535356037151702,0.04045656309448319,80.22154595252587,993.5784540474741,985.6242848447962,14
2024-12-05,11.647111609646664,17.2054402692092,6.130622546270331,6.205848375451264,1.671269349845201,5.87783281733746,0.5057206954570949,76.04017041996347,994.4611685940353,991.6444917833232,14
2024-12-06,13.793718452047111,19.599607403252943,7.964554122265844,5.30570281124498,1.7128173374613005,6.99783281733746,0.6080762759394279,78.57516737674985,993.8023128423615,990.20182592818,13
2024-12-07,13.021985417835108,18.424901850813235,7.568367919237241,5.0811823480432965,3.7853869969040237,13.86284829721362,1.6420519316022797,72.86731588557517,991.5317711503347,985.5068776628118,12
2024-12-08,9.848457655636567,13.701346045989904,6.001009534492429,6.370099923136047,4.071826625386996,12.944086687306502,2.8331575864089045,59.40474741326841,988.2884966524649,983.8544735240414,13
2024-12-09,7.861918115535613,11.971620863712845,3.7417274256870443,5.428113348247576,2.711089619600258,9.83920051579626,0.8245653393157599,64.25395820139329,985.2801582471088,981.6527693244066,13
2024-12-10,7.330790802019069,12.123051037577119,2.525687044307347,5.844043321299639,1.898080495356037,6.440185758513931,1.1883342680874929,71.8027997565429,984.908155812538,981.6185027388922,14
2024-12-11,6.9633202467750985,10.536287156477846,3.3982613572630402,3.7029602888086646,1.7418575851393188,5.720619195046439,3.369301788805539,76.04260499087036,984.5910529519172,981.9656116859403,14
2024-12-12,7.784015703869883,11.368984856982612,4.176724621424565,3.085546588407923,1.8159133126934983,6.09108359133127,5.21623985009369,83.06755934266585,985.4089470480828,982.902982349361,13
2024-12-13,9.266180594503647,13.966909702748175,4.588390353337072,5.457039711191334,1.3551702786377706,5.32767801857585,0.20006557377049178,81.29397443700547,991.1713329275715,984.1351186853317,14
2024-12-14,8.31396522714526,13.52983735277622,3.12893998878295,4.861337432744042,2.1689164086687307,7.075108359133127,0.7666858127512924,80.373097991479,996.4493609251368,990.6220328667073,13
2024-12-15,8.025911385305665,13.47784632641615,2.567863151991026,6.205992779783393,2.7036421725239617,8.686501547987616,0.16315192743764173,72.19415702982349,1000.9334144856969,995.5811929397443,14
2024-12-16,8.965171060011217,15.049242849130678,2.891082445316882,7.5823826714801426,2.941733746130031,7.579442724458205,0.016152551878855864,70.80401704199633,1002.0519172245891,997.6887401095556,14
2024-12-17,8.871901289960741,14.925070106561973,2.8263039820527203,5.539566787003611,2.189411764705882,6.690712074303405,0.061918115535614146,70.01521606816797,999.0055386488131,994.5848447961046,14
2024-12-18,11.964217610768367,18.304655075715086,5.611721817162087,5.877555726364334,1.9539318885448915,6.856099071207431,1.5704475781729,68.71089470480827,995.7339622641508,990.2087035909921,13
2024-12-19,12.480370162647223,17.511721817162083,7.442176107683679,3.3679422382671484,3.3973374613003093,11.204582043343652,1.4398814563928872,72.32014607425441,992.3766889835667,985.5013998782713,14
2024-12-20,8.633875490745934,13.879304542905217,3.3599551318003367,5.911841155234658,2.1845820433436534,8.299814241486066,0.33090297251822776,72.36944613511866,994.588861838101,990.5169202678028,14
2024-12-21,7.7409983174425125,13.570499158721256,1.9052720134604602,6.971985559566788,2.5460681114551083,8.12458204334365,0.4194038573933373,70.60377358490565,996.1692635423005,993.2823493609251,14
2024-12-22,9.67986539540101,16.584800897363994,2.7583847448121146,6.785342960288809,3.310216718266254,11.15839009287926,0.8576449912126538,67.67620206938525,995.3667072428484,988.5710894704808,14
2024-12-23,9.560179472798655,15.045709478407177,4.03421200224341,6.922310469314079,3.453993808049535,12.444396284829722,0.2670779584969153,57.63542300669507,992.4455264759583,987.8294583079733,14
2024-12-24,9.499439147504207,15.362254627033089,3.6874369040942234,6.2645487364620935,2.7160990712074304,8.326315789473682,0.13084688726864835,68.85453438831405,992.6641509433961,989.7412051125989,14
2024-12-25,10.03853056646102,16.367750981491866,3.6933819405496355,6.39797833935018,1.7407430340557273,6.635356037151704,0.0020190689848569826,76.07668898356664,993.4072428484478,990.0052343274498,14
2024-12-26,10.77543466068424,15.85277621985418,5.7320246775098145,5.858916967509026,1.8530650154798765,5.986811145510836,0.0011289364230540704,79.10955569080949,993.3988435788192,990.681253804017,14
2024-12-27,10.053729669097027,15.538642736960181,4.542456533931576,6.7437545126353795,1.9538181818181817,6.231950464396284,0.005159842961301178,74.2287954383464,994.7155812538039,992.0032258064516,14
2024-12-28,9.060347728547393,14.587829500841279,3.518339876612451,7.136823104693141,1.8378328173374614,5.530216718266253,0.0,74.64394400486914,994.8846622032867,991.8443091905051,14
2024-12-29,8.216040381379697,14.255468311833987,2.180370162647224,7.551913357400723,1.98297213622291,5.336965944272445,0.005945036455412228,75.16494217894096,994.0714546561169,991.4531953743152,14
2024-12-30,8.010992708917556,13.783230510375772,2.2187885586090856,7.115090252707582,1.9938080495356039,5.634303405572754,0.8280426247896802,75.09312233718806,994.8993913572732,992.0300060864273,14
2024-12-31,6.924172742568705,12.349523275378576,1.4865956253505328,5.965054151624549,1.7634055727554179,5.432879256965943,4.574088614694335,79.53073645769933,995.3143639683504,992.6371880706025,14
2025-01-01,8.042067736185384,13.033689839572194,3.0378490790255492,6.652529182879378,1.8594059405940595,5.788646864686469,0.2199643493761141,78.48152948801037,997.4731043421906,994.2676604018146,13
2025-01-02,8.293879976232919,14.239156268568035,2.310635769459299,6.698132295719844,2.101848184818482,7.297557755775578,0.17135892748324189,74.12637718729748,995.8313026571614,992.1394685677252,13
2025-01-03,8.459536541889483,13.74622697563874,3.159536541889483,4.246536964980545,1.9636963696369638,6.772145214521452,1.0479072762395363,73.67790019442643,993.452559948153,989.7706416072585,13
2025-01-04,9.91182412358883,15.061378490790258,4.779679144385027,4.393852140077821,1.967854785478548,7.38970297029703,0.6231936854887674,75.8146467919637,991.2195074530135,985.8195074530136,13
2025-01-05,11.25430778371955,16.255614973262034,6.283600713012477,3.0332295719844353,3.6516171617161715,11.823168316831682,3.265300059417707,72.08295528191836,985.8449125081011,975.4081659105638,13
2025-01-06,10.841830065359478,15.549494949494951,6.149079025549614,3.926381322957199,3.523894389438944,11.7213201320132,0.5209150326797387,74.22747893713546,983.9502268308489,973.2132209980556,13
2025-01-07,9.115389185977422,14.399584076054666,3.810457516339869,5.823813229571984,2.6323432343234328,9.229042904290429,0.6955528846153847,71.7206740116656,989.0903434867141,983.3834089436164,13
2025-01-08,11.482531194295902,17.020974450386216,5.897385620915033,4.4734630350194555,3.176765676567657,12.702970297029703,2.9453738910012675,73.39987038237203,988.0893065456903,983.0933895009721,13
2025-01-09,13.06868686868687,17.493285799168152,8.67278669043375,5.543657587548638,2.903894389438944,11.805346534653467,0.335036496350365,75.72780298120544,991.8237848347376,984.7247569669477,13
2025-01-10,12.261378490790257,17.10190136660725,7.429055258467024,4.5839688715953315,1.9887788778877888,8.668448844884487,2.5140589569161,79.63253402462733,993.8445236552172,990.7592352559947,13
2025-01-11,13.938918597742127,18.409863339275105,9.459239453357101,3.5828015564202333,2.824686468646865,10.04745874587459,0.2684338817794027,75.99287103046014,994.897342838626,990.2445236552171,13
2025-01-12,10.33511586452763,16.243672014260248,4.4796791443850275,7.0072373540856026,2.331419141914192,9.211881188118813,0.0801209372637944,65.550226830849,996.9417368762153,992.7029163966299,13
2025-01-13,7.180095068330363,12.87587641117053,1.475401069518717,7.730194552529182,2.1933333333333334,6.684686468646866,0.0,63.304601425793905,997.158068697343,993.5746597537262,13
2025-01-14,6.508021390374331,12.834402852049912,0.18823529411764706,8.022101167315176,2.60970297029703,7.7070627062706265,0.007572115384615385,59.13869086195724,998.2349319507451,994.4309138042773,13
2025-01-15,6.100415923945336,13.334699940582293,-1.1314913844325611,8.07805447470817,1.8459405940594062,5.87128712871287,0.009140767824497256,62.007777057679846,997.0707064160727,991.4430978613092,13
2025-01-16,6.3638740344622695,13.190255496137851,-0.45906120023767094,5.466054054054055,2.1699669966996695,8.789636963696372,5.454889589905363,66.40829552819184,994.2892417368762,989.4927414128322,12
2025-01-17,8.300059417706478,13.140701128936424,3.463101604278075,7.298677042801557,3.2199339933993407,10.424290429042905,7.018829981718463,68.40699935191185,995.8972780298119,992.3489954633831,13
2025-01-18,7.714141414141415,14.307664884135473,1.163517528223411,7.640856031128405,1.9363696369636962,6.190099009900991,0.0,66.56383668178873,994.749708360337,989.9345430978614,13
2025-01-19,7.181818181818182,13.729292929292932,0.6436125965537731,5.790505836575877,1.3470627062706273,5.851617161716171,0.9567517112632233,69.38237200259235,990.3151004536616,985.4828256642902,13
2025-01-20,9.149376114081996,13.358942364824719,4.938680926916222,1.9865369649805447,1.7609900990099008,7.3422442244224415,14.450386215092099,81.15165262475698,986.544329228775,981.8578742709008,13
2025-01-21,11.240166369578136,14.975103980986336,7.558764111705289,1.1331891891891892,2.748382838283829,8.257293729372938,4.932247964934252,79.60401814646791,982.4324692158134,978.4557355800387,12
2025-01-22,13.345513963161023,18.169637551990494,8.504634581105169,3.4199221789883265,3.5304950495049505,11.967788778877885,5.073248019500305,75.55411535968891,980.0379131561892,975.3710304601425,13
2025-01-23,12.971122994652406,17.83529411764706,8.086571598336304,4.729260700389106,2.683366336633663,8.86079207920792,2.815994881637875,78.9695398574206,987.7080362929358,979.5552171095269,13
2025-01-24,12.901841948900774,18.156268568033276,7.667201426024955,3.9643579766536967,2.328052805280528,9.287854785478547,0.9563520227111427,78.2443292287751,988.4616979909266,983.840570317563,13
2025-01-25,11.38716577540107,16.250802139037432,6.583006535947714,3.514708171206226,3.0373597359735975,11.091947194719472,2.136989640463132,80.01814646791965,988.1237200259234,982.2141931302657,13
2025-01-26,12.14194890077243,17.386987522281643,6.9369578134284025,4.073297297297297,4.114719471947195,13.415841584158416,4.886928104575164,75.7952041477641,988.4200259235256,980.4513933895009,12
2025-01-27,14.525371360665478,19.1144385026738,9.901010101010101,2.5027237354085603,5.833201320132013,18.371881188118813,3.429169308814203,77.08360337005833,983.8583279325989,976.5872326636423,13
2025-01-28,11.162745098039215,14.501960784313727,7.8323232323232315,5.364046692607004,5.302442244224423,16.373399339933993,1.2505644682115271,63.456254050550875,992.3127025275437,981.846986390149,13
2025-01-29,9.798336304218658,13.912240047534166,5.647653000594178,1.6177114427860695,4.331749174917492,15.004620462046205,3.268211527035057,73.87491898898251,992.3066753078418,979.5600777705768,12
2025-01-30,9.695781342840167,14.014557338086751,5.391919191919192,6.810894941634241,4.259207920792079,12.955115511551154,1.5755199049316695,66.45755022683085,993.8120544394038,981.1545042125728,13
2025-01-31,8.424717765894236,13.617647058823529,3.296375519904932,5.8294054054054065,1.9962376237623767,7.467062706270628,0.5464976651100735,67.47764095917043,996.6365521710952,992.8734283862606,12
2025-02-01,8.37344028520499,14.08615567439097,2.6759358288770057,5.500155642023347,2.2475247524752477,8.735643564356435,1.3651812240047536,76.93454309786131,994.5779001944265,987.6767984445885,13
2025-02-02,8.738265002970886,13.967320261437909,3.544147355912062,5.171439688715953,2.0107590759075906,8.247326732673269,1.252764423076923,77.62475696694749,990.1912508101101,986.1441996111471,13
2025-02-03,8.731313131313133,13.940463458110518,3.5167557932263818,6.556342412451361,2.638151815181518,8.7809900990099,0.15380865326020715,72.89500972132208,993.2128321451718,988.4798444588465,13
2025-02-04,9.096850861556744,15.883184789067142,2.2871063576945936,8.668404669260699,1.5866666666666664,6.192541254125413,0.003900060938452163,68.49319507453012,998.6156189241735,992.6585223590407,13
2025-02-05,9.06369578134284,16.27058823529412,1.8724301841948903,8.771906614785994,2.1349174917491744,6.332739273927394,0.007800121876904326,67.54244977316915,1000.7154893065458,997.5396629941672,13
2025-02-06,8.954723707664884,15.994830659536543,1.8946524064171126,8.26108108108108,1.6433663366336633,5.8113531353135315,0.6594800253646163,68.21581335061569,998.7419961114712,991.6037589112119,12
2025-02-07,8.437136066547833,14.506417112299467,2.416458704693999,4.057898832684825,2.8673267326732677,10.334455445544554,5.884729649435532,77.12184057031754,991.7252754374596,984.0320155541152,13
2025-02-08,9.23374925727867,14.11556743909685,4.421390374331551,6.710038910505836,1.9302310231023103,8.481518151815182,0.6880857823669578,75.30330524951394,992.7160725858715,985.5246273493193,13
2025-02-09,9.789245395127748,15.591919191919194,3.9330956625074274,6.380622568093385,1.6145874587458748,6.0803960396039605,0.37956730769230773,76.66882696046662,993.6846403110824,990.5285806869733,13
2025-02-10,11.453119429590018,16.41734997029115,6.4640522875816995,4.654474708171207,1.9043564356435645,5.936633663366337,0.19829652996845426,79.05184705119896,991.3216461438755,986.1862605314321,13
2025-02-11,11.418181818181818,16.64093879976233,6.200118835412954,5.019873317498021,2.758070997990623,9.416409912926992,3.2315661182205973,74.51847051198963,986.8357096565134,982.3232015554115,12
2025-02-12,10.833036244800951,15.196078431372552,6.4442067736185376,2.716324324324325,2.476303630363036,8.385874587458746,2.1802347127856705,79.32469215813352,987.8886584575504,982.5710952689566,12
2025-02-13,10.901247771836008,16.158467023172907,5.644206773618539,6.519221789883269,1.8093069306930694,6.1807920792079205,0.08544266191325016,76.97990926766037,989.502527543746,986.5069345430979,13
2025-02-14,12.29435531788473,19.089245395127747,5.487522281639929,8.98941634241245,1.7636963696369636,6.266534653465347,0.003703703703703704,70.62799740764744,987.5568373298769,982.8845755022681,13
2025-02-15,11.661675579322639,17.37789661319073,5.906120023767083,4.7042801556420235,2.022904290429043,7.172607260726073,0.23033292231812574,74.09008425145818,984.1302009073232,979.339144523655,13
2025-02-16,12.528995840760548,18.650148544266195,6.42174688057041,6.976731517509728,2.0087128712871287,6.595775577557756,0.185496648385131,74.11795204147765,984.4409591704471,979.499092676604,13
2025-02-17,12.552287581699346,18.38478906714201,6.715626856803327,6.364280155642024,2.0192079207920797,7.1970957095709585,0.5226081657525898,77.20220349967595,985.1606610499026,981.11231367466,13
2025-02-18,12.343493761140822,17.545692216280454,7.171004159239454,3.3070270270270274,2.138217821782179,7.967788778877889,0.25430778371954843,74.02527543745947,983.4653272845106,979.1965651328579,12
2025-02-19,13.381342840166369,18.602970885323828,8.199465240641711,6.948949416342413,1.8102310231023104,6.171683168316831,0.0,75.95204147764096,991.9707712248866,983.1782242384965,13
2025-02-20,13.972192513368984,19.068389780154487,8.850267379679146,6.5007782101167315,1.6463366336633667,6.970297029702971,0.008767951625094483,73.62799740764743,994.3717433570964,991.1251458198315,13
2025-02-21,13.198752228163993,17.39815805109923,8.994949494949495,2.6461478599221793,2.6543234323432343,10.542178217821782,3.0289364230540703,77.69863901490604,992.6913156189242,985.9106934543097,13
2025-02-22,12.296732026143793,15.901010101010101,8.644206773618539,3.623735408560311,2.193267326732673,9.171287128712871,4.4898989898989905,79.84316267012314,993.6098509397277,986.5636422553466,13
2025-02-23,11.6767082590612,17.31016042780749,6.019607843137256,7.781634241245137,1.8791419141914194,6.154455445544555,0.06894803548795944,72.29293583927414,997.7836681788724,993.1650032404407,13
2025-02-24,12.3767082590612,18.490196078431374,6.259477124183007,4.600216216216217,2.177425742574258,7.726138613861386,1.1982768865121805,68.19377835385613,997.5603370058326,991.7705767984446,12
2025-02-25,11.436363636363637,16.5222816399287,6.332739156268569,3.090817120622568,2.521188118811881,8.721188118811883,0.9526576895818567,75.61503564484771,994.347180816591,989.4007128969539,13
2025-02-26,10.36833036244801,16.77534165181224,3.9711824123588833,8.657198443579768,2.045148514851485,7.22,0.0050274941084053415,66.64744005184706,994.7616331821129,989.1245625405056,13
2025-02-27,10.652168746286394,16.126856803327392,5.197385620915034,5.482473498233214,2.0238283828382837,7.420924092409242,0.7319686935580976,69.7802981205444,989.6817887232664,984.6799092676605,14
2025-02-28,11.138799762329175,15.477361853832441,6.832144979203804,4.755053003533568,2.9607260726072604,8.935973597359737,1.9173162939297121,75.9151004536617,986.4038237200259,982.2607258587166,14
2025-03-01,10.4126559714795,14.141176470588235,6.706833036244801,3.824028268551237,2.666864686468647,9.179075907590759,7.423172905525847,78.89436163318214,986.1069993519118,981.956578094621,14
2025-03-02,9.810576351752822,12.331134878193701,7.295781342840167,1.7309004739336495,3.1283828382838283,9.564290429042906,11.511679711017461,81.67725210628646,987.203305249514,984.5476344782892,13
2025-03-03,11.870112893642306,14.783719548425431,8.936957813428403,1.1665017667844522,2.633465346534654,8.050231023102311,7.83030303030303,83.08489954633828,986.1065456902137,983.1810110174983,14
2025-03-04,13.246226975638741,16.76197266785502,9.752703505644682,4.257809187279152,3.0447524752475252,9.443168316831683,5.927454659161977,78.6753078418665,985.1527543745949,982.6226182760855,14
2025-03-05,12.83838383838384,16.06322043969103,9.571241830065361,4.290047393364928,3.390759075907591,9.695049504950495,10.853533458411507,78.88399222294231,985.0086843810759,982.20291639663,13
2025-03-06,13.436957813428403,16.333630421865717,10.522935234699943,2.6241696113074204,3.1411881188118818,9.984356435643562,3.5376986649713915,80.68567725210629,984.1969539857422,980.741153596889,14
2025-03-07,13.351277480689244,16.388888888888893,10.326678550207962,2.203604240282685,3.4260066006600662,11.147260726072608,7.202283653846152,80.77770576798443,982.8314970836033,975.1896305897602,14
2025-03-08,12.607011289364232,15.731907308377897,9.473796791443851,1.0310900473933649,5.0561716171617155,15.309768976897688,15.616074653822997,80.48995463383018,975.496565132858,965.9285158781594,13
2025-03-09,11.335591206179442,15.37688651218063,7.295603089720737,4.539363957597174,3.638943894389439,10.524950495049506,3.773262032085562,73.95074530136098,970.2429682436812,966.4902138690862,14
2025-03-10,11.780748663101603,16.340344622697565,7.181699346405228,3.9350530035335693,3.514389438943895,11.474257425742572,10.410516934046347,79.12119248217759,971.3893065456904,968.245171743357,14
2025-03-11,12.838621509209746,16.908496732026144,8.757754010695187,4.245733041575492,3.8193399339933984,11.803630363036307,3.8938799762329177,77.93065456902139,973.801490602722,968.2705119896306,13
2025-03-12,11.610932857991681,15.900534759358289,7.3291146761735,3.720565371024735,3.000660066006601,9.61854785478548,4.612537136066548,77.17692806221645,974.1009721322098,969.4379779650035,14
2025-03-13,10.81426024955437,14.350089126559716,7.24248366013072,2.8514487632508834,3.1823762376237634,11.344158415841587,7.191135397692775,82.53078418664938,970.0771872974725,963.700518470512,14
2025-03-14,9.24385026737968,12.573856209150328,5.908556149732621,3.9936492890995265,2.771683168316832,10.58831683168317,7.604667081518356,80.42773817239144,975.6264419961115,965.9593648736229,13
2025-03-15,8.637433155080215,14.139988116458706,3.12739156268568,6.638657243816255,2.642508250825083,9.904356435643567,1.315264423076923,64.69539857420608,983.8627997407648,975.5686325340246,14
2025-03-16,9.616518122400475,14.567914438502672,4.6884729649435535,5.11321554770318,2.8951155115511553,9.565742574257426,7.306060606060607,73.16202203499677,985.5208036292936,981.7485418016852,14
2025-03-17,10.464943553178848,14.071122994652407,6.863636363636364,3.8754770318021206,3.2573597359735977,10.62871287128713,8.601583113456464,79.81140635126377,984.3309786130915,979.1776409591703,14
2025-03-18,11.602970885323828,15.178906714200833,7.966844919786096,3.6385865724381627,3.5345874587458748,10.420132013201318,8.171892222902633,80.0453661697991,985.3968243681139,978.9215165262475,14
2025-03-19,13.521687462863936,17.87623291740939,9.199405822935235,5.597102473498233,3.448052805280528,10.202574257425743,5.554726688102894,77.23849643551523,986.3544394037588,981.6723914452365,14
2025-03-20,14.784907902554963,17.631966726084375,11.955614973262032,2.3457243816254416,4.225808580858086,13.93762376237624,8.371360665478313,79.22164614387557,984.9233311730395,978.3614387556706,14
2025-03-21,13.509566250742722,17.08371954842543,9.954367201426026,3.043816254416962,4.967722772277227,18.00785478547855,7.22875816993464,76.82825664290343,981.200453661698,975.5245625405055,14
2025-03-22,11.69845513963161,15.73582887700535,7.6412358882947125,4.667844522968198,4.871485148514851,15.080858085808583,3.056922162804516,71.04277381723914,979.4618924173689,974.9172391445237,14
2025-03-23,9.91027926322044,13.858645276292336,5.973024361259656,3.5247349823321557,3.5181518151815183,10.76310231023102,5.557072266831378,74.46143875567077,980.9732987686325,975.7795204147764,14
2025-03-24,10.593285799168154,15.934521687462864,5.236957813428402,6.64904593639576,2.8074587458745874,10.050561056105611,3.1214497920380273,74.0790667530784,987.6841866493842,980.6607906675307,14
2025-03-25,12.348187759952467,17.34551396316102,7.328520499108735,6.208339222614841,1.8334252239834596,8.018745692625775,0.5522875816993464,70.68492224475999,991.8015551048007,988.5326572008115,14
2025-03-26,12.54402852049911,18.65377302436126,6.407843137254902,7.131374407582937,2.7241584158415844,8.779537953795382,0.012925170068027209,66.0447180816591,989.8770576798444,985.3457550226832,13
2025-03-27,12.234699940582296,18.114497920380273,6.3888294711824125,7.351236749116608,2.300792079207921,7.198217821782178,0.2986486486486486,66.41542449773169,986.2305249513936,982.3084899546338,14
2025-03-28,13.375460487225194,19.826143790849674,6.951396316102199,9.528551236749117,2.3102310231023107,9.151155115511548,0.25175282234105767,61.90343486714194,986.2309786130913,982.3452365521711,14
2025-03-29,13.654248366013073,20.569102792632208,6.717171717171718,10.620918727915194,3.3855445544554463,11.696765676567656,0.0044289044289044285,52.57096565132858,988.0377835385613,983.8164614387556,14
2025-03-30,13.066547831253713,20.16678550207962,5.9622103386809275,11.258233215547705,3.0219141914191416,9.703960396039605,0.0,49.61697990926764,988.7179520414777,985.6778353856123,14
2025-03-31,15.746821152703507,25.00849673202615,6.5097445038621515,11.247420494699648,2.6852805280528056,8.846864686468649,0.0,49.48865845755022,987.4293583927414,980.1718081659105,14
2025-04-01,15.215567439096851,22.30540701128937,8.108259061200238,10.11829383886256,2.9092409240924093,9.381716171617164,1.057159833630422,61.052495139338944,981.5510693454308,973.846856772521,13
2025-04-02,14.068805704099823,18.11330956625074,10.002079619726679,3.407137809187279,3.1419801980198017,11.704884488448844,7.401307189542484,78.76928062216459,978.38865845755,972.2905379131562,14
2025-04-03,13.658229352347,17.237551990493166,10.06149732620321,3.3874204946996467,3.2993399339934,12.562046204620462,3.790487658037327,77.44069993519116,980.9092028515876,976.5225534672716,14
2025-04-04,15.931313131313132,19.82020202020202,12.016755793226382,5.711731448763251,4.918217821782178,14.592013201320134,5.2820913461538455,71.06156837329875,981.6217757615036,975.3728451069347,14
2025-04-05,14.982768865121805,20.03036244800951,9.912893642305407,6.261837455830388,2.451023102310231,8.32719471947195,0.191869918699187,68.200907323396,983.2420609202852,979.3860012961763,14
2025-04-06,15.316458704694,21.969994058229354,8.628817587641118,8.501201413427562,2.3930693069306934,7.873069306930693,0.5732620320855616,67.06804925469862,983.699092676604,980.6344782890474,14
2025-04-07,16.414854426619133,23.54058229352347,9.264349376114081,10.897385159010602,1.9751815181518155,7.713069306930693,0.0,63.20155541153596,987.6280622164614,982.9156189241737,14
2025-04-08,16.83422459893048,24.114795008912655,9.52465834818776,11.063392226148412,3.071881188118812,8.941320132013201,0.19429590017825316,61.259883344134806,988.4212572909917,985.0503564484768,14
2025-04-09,17.434343434343436,24.114676173499703,10.767855020796198,9.77088339222615,2.6734653465346536,8.501518151815182,0.5727866904337493,60.950097213221,986.4800388852884,981.1699935191186,14
2025-04-10,17.480451574569223,22.6989898989899,12.27551990493167,8.083745583038871,3.531815181518152,10.734851485148518,2.061853832442068,64.0648088139987,985.4772521062865,982.2972132209982,14
2025-04-11,16.304337492572785,20.247355912061796,12.323172905525848,4.209187279151943,3.3148514851485156,10.794653465346537,1.9599839615076184,70.53726506804925,985.5005832793261,979.0464679196372,14
2025-04-12,16.098395721925137,20.17706476530006,12.016815210932858,2.452791519434629,2.6211221122112214,9.649240924092409,5.4499108734402855,79.27997407647443,980.992611795204,976.5281918340894,14
2025-04-13,15.982174688057043,20.492869875222816,11.429411764705883,2.2417061611374405,2.343102310231023,7.326138613861387,1.2124777183600712,77.71484121840571,979.695009721322,976.8174335709655,13
2025-04-14,15.840938799762329,20.13499702911468,11.53903743315508,4.201413427561837,3.9872607260726074,11.562046204620462,2.534474175482265,72.8697342838626,979.0237848347375,973.0167206740118,14
2025-04-15,12.96030897207368,17.287641117052882,8.651336898395723,4.2785781990521325,4.275313531353135,13.948778877887792,2.0831253713606657,65.50615683732988,979.349837977965,972.8856772521063,13
2025-04-16,12.248722519310755,17.523767082590613,6.947831253713606,6.938293838862558,4.558679867986798,13.051485148514852,0.8852034525277434,63.1399870382372,983.8524303305251,979.0692158133508,13
2025-04-17,14.490017825311941,20.412121212121214,8.563279857397504,7.673356890459364,3.4217161716171627,10.418679867986798,0.7202925045703839,61.38172391445236,985.5554115359687,982.0171743357096,14
2025-04-18,15.612121212121213,21.9212715389186,9.328104575163401,7.183109540636043,3.80970297029703,11.925478547854786,3.158467023172906,67.39403758911213,984.4457550226831,976.6553467271548,14
2025-04-19,13.479263220439691,18.521033868092694,8.447058823529412,5.7660663507109,5.2398019801980205,16.187326732673267,2.6235294117647063,60.13220998055735,978.8281270252753,974.1036941023978,13
2025-04-20,13.032501485442662,18.705050505050504,7.3650623885918005,5.7361130742049475,3.9047524752475247,10.943630363036304,0.48337112622826905,62.7401166558652,983.3368114063513,977.390667530784,14
2025-04-21,14.41354723707665,21.05109922756982,7.766904337492575,8.332226148409895,2.606930693069307,8.7616501650165,1.8613788895668089,65.10304601425794,986.4629293583927,982.6605314322749,14
2025-04-22,15.276530005941773,20.428698752228165,10.128579916815212,6.929116607773852,2.115049504950495,8.176897689768976,1.0601705237515227,71.67206740116654,989.7064160725859,985.1247569669474,14
2025-04-23,16.028520499108737,23.173143196672605,8.892394533571004,11.108127208480566,2.9177557755775583,8.585478547854784,0.0030102347983142685,58.93907971484121,990.2539209332471,986.6587815942968,14
2025-04-24,17.756268568033274,25.42691622103387,10.128579916815212,11.530742049469964,2.6603960396039605,8.051551155115513,0.016339869281045753,57.750486066104976,988.3679196370707,983.4130265716137,14
2025-04-25,18.652287581699348,25.144325609031494,12.155793226381462,8.373744075829382,2.985676567656766,10.360528052805282,1.56096256684492,65.61762799740764,985.7748541801685,980.8089436163319,13
2025-04-26,16.92109328579917,22.967439096850864,10.897207367795605,8.601978798586572,2.571551155115512,9.298019801980198,4.6776589423648245,66.78937135450421,988.1803629293584,982.8720674011665,14
2025-04-27,16.43737373737374,23.012596553773026,9.838978015448605,10.09844522968198,2.6860066006600665,9.3190099009901,0.3055288461538461,58.8399222294232,989.690537913156,985.9885936487364,14
2025-04-28,17.14129530600119,24.29952465834819,9.953060011883542,11.565441696113073,3.639339933993399,10.68640264026403,0.007692307692307692,55.03175631885936,993.0363947909526,988.4607950651127,14
2025-04-29,17.680926916221036,23.116696375519904,12.236185383244207,9.250035335689047,3.91049504950495,11.176039603960396,0.3591836734693877,59.219053791315616,989.974982864976,981.5973428386261,14
2025-04-30,16.110754604872255,20.512477718360074,11.728877005347593,5.835194346289753,3.1983498349834987,10.965874587458744,3.3234105763517534,71.03305249513933,984.8630589760207,981.194296824368,14
2025-05-01,17.55068330362448,23.127332144979206,11.982887700534759,6.723222748815166,2.821848184818482,9.65029702970297,2.9277955271565492,67.66169799092675,984.439468567725,980.10226830849,13
2025-05-02,16.913606654783123,21.096019013666073,12.719667260843734,4.884946996466431,3.721782178217822,12.725742574257424,4.385323826500297,75.65392093324694,984.351717433571,979.3944264419961,14
2025-05-03,18.29162210338681,23.877658942364825,12.680392156862746,8.48862559241706,3.4306930693069306,11.442178217821782,2.1477718360071303,68.36876215165263,983.7395333765392,980.2849643551524,13
2025-05-04,17.26856803327392,21.957100415923946,12.594949494949496,6.464265402843602,4.066468646864687,11.385940594059406,2.8593582887700535,70.65132858068698,981.8042125729097,978.0907971484121,13
2025-05-05,16.643077837195484,21.6650623885918,11.592335115864529,4.2113074204947,3.396699669966997,10.852541254125414,3.4038237200259243,70.76344782890473,981.7580038885287,978.0113415424497,14
2025-05-06,15.247534165181227,20.35840760546643,10.15121806298277,8.37279151943463,2.564818481848185,9.316831683168315,0.6818433818433819,62.53078418664937,983.5727154893066,979.845755022683,14
2025-05-07,15.673440285204991,21.378550207961972,9.96732026143791,9.826057906458797,2.8001320132013205,8.964686468646866,0.16702203269367452,62.74335709656515,983.0093324692158,979.6794556059624,13
2025-05-08,15.270825906120024,20.506535947712422,10.003089720736781,5.246219081272085,2.451551155115512,8.385346534653465,2.205321683876092,71.79390797148413,981.3239792611796,978.5862605314322,14
2025-05-09,16.02020202020202,21.277361853832442,10.806951871657756,6.938374558303887,2.728778877887789,8.626798679867985,1.755776306107432,69.46467919637071,981.1414776409594,977.9672067401165,14
2025-05-10,16.637076648841358,21.466547831253717,11.81455733808675,7.147420494699645,3.4033663366336633,11.293201320132011,4.4638253638253635,71.0103694102398,981.8368762151651,977.7621516526248,14
2025-05-11,16.119786096256682,22.071004159239457,10.168389780154488,8.105653710247351,2.674257425742575,10.281518151815181,0.9828828828828828,61.06351263771873,982.9665586519766,979.3559948152949,14
2025-05-12,15.737075537075539,22.137491337491337,9.35010395010395,10.493922261484101,2.7017161716171616,9.48956862745098,1.3411119239209948,58.52754374594945,979.7542594013813,976.788718342287,14
2025-05-13,16.608318478906714,22.988413547237077,10.21972667855021,7.877819905213269,2.7431683168316834,9.58208132322536,0.903343653250774,67.17757615035646,983.9920384351408,981.2680189317107,13
2025-05-14,16.68395721925134,22.39168152109329,10.944622697563876,8.733427561837459,3.3374257425742573,9.670365265334254,2.4016636957813433,67.70771224886583,984.4535831689678,981.1705456936226,14
2025-05-15,16.97534165181224,23.174272133095663,10.739928698752228,8.219151943462897,3.072805280528053,10.665808580858085,0.728136419001218,63.495139338950096,985.7066104990279,982.592611795204,14
2025-05-16,18.062032085561498,25.37320261437909,10.78817587641117,12.125865724381626,2.2583498349834987,8.630495049504951,0.0,55.83149708360337,985.6138690861958,982.0171095268955,14
2025-05-17,19.126143790849675,26.62436125965538,11.651336898395723,12.43166077738516,2.6918151815181517,8.247524752475247,0.09126559714795009,53.599481529488,984.493000648088,980.606286454958,14
2025-05-18,19.67593582887701,26.992453951277483,12.382828282828283,11.620212014134276,3.350363036303631,10.70765676567657,0.38175876411170534,55.54828256642902,984.4232663642256,980.1337005832794,14
2025-05-19,18.817528223410577,25.14652406417113,12.48544266191325,7.958009478672985,3.7232343234323433,11.095511551155115,1.0502152080344334,57.52106286454958,986.4534516765287,981.1411571334647,13
2025-05-20,19.496613190730837,26.461378490790256,12.549613784907903,11.773851590106009,2.5816501650165016,8.814059405940593,0.0,52.73752430330525,988.8272197018794,985.0189889825016,14
2025-05-21,20.020677361853835,27.520617944147357,12.551099227569818,12.0454412837345,2.865016501650165,8.87821782178218,0.23543428132205993,49.97861309138043,987.8633830200909,983.1677252106285,13
2025-05-22,19.575282234105764,25.585204991087345,13.569578134284018,10.465653710247349,3.400198019801981,10.19821782178218,0.7802139037433155,56.872974724562546,985.5549578742709,982.2729747245627,14
2025-05-23,18.876886512180633,24.58823529411765,13.219964349376117,10.181766784452295,3.3387458745874588,11.017491749174917,0.9300059417706477,56.72585871678548,987.6539209332469,983.0457550226832,14
2025-05-24,19.179084967320264,27.161140819964352,11.19661319073084,12.932367491166076,2.524026402640264,8.854785478547855,0.0,49.86519766688269,988.6101101749837,985.498574206092,14
2025-05-25,20.988354129530602,29.459774212715388,12.548247177658943,12.530106007067138,2.2172937293729373,8.077623762376238,0.07700534759358289,49.572909915748546,988.8452365521711,985.3791963707064,14
2025-05-26,21.211645870469397,28.50629827688651,13.967439096850862,11.741696113074207,3.4572277227722776,9.453597359735976,0.0,54.25858716785483,989.093130265716,986.1202851587816,14
2025-05-27,22.072133095662508,29.422875816993468,14.759417706476533,12.069469964664309,2.8707590759075914,8.955445544554456,0.0,50.73817239144525,990.3237200259235,987.5401814646793,14
2025-05-28,23.566285370258885,32.31505117399158,14.822636965683323,12.952045944005745,2.8024422442244226,9.340321500334896,0.030421865715983366,45.37200259235256,991.146942800789,988.016633793557,13
2025-05-29,24.77706476530006,33.36654783125371,16.217528223410575,12.669611307420494,2.777887788778878,8.731617161716171,0.0,42.31497083603371,990.4954633830199,986.4382372002593,14
2025-05-30,25.45323826500297,33.53107546048723,17.372846108140227,11.71893992932862,2.8911551155115514,9.856567656765678,1.1688057040998219,45.998055735580046,989.0288399222295,985.4764095917045,14
2025-05-31,25.644325609031494,33.69001782531195,17.58407605466429,11.216325088339223,2.696633663366337,10.622772277227721,0.21071643588199881,47.98639014906027,988.754115359689,985.547116007777,14
2025-06-01,24.944563279857398,32.05335710041592,17.832679738562092,9.09964664310954,3.298019801980198,9.747128712871287,1.254248366013072,52.472456254050535,987.4550226830851,982.9797148412183,14
2025-06-02,22.535828877005347,27.31532976827095,17.737195484254308,7.47505300353357,3.516699669966997,10.147524752475249,0.5499108734402852,61.91510045366171,985.7007777057678,982.2275437459496,14
2025-06-03,21.28443256090315,26.685086155674394,15.91729055258467,6.730459363957596,3.857161716171617,11.77042904290429,3.007706201083685,62.721970187945544,984.4029163966297,980.4706416072587,14
2025-06-04,21.216993464052287,27.605941770647654,14.84420677361854,9.795194346289751,3.045478547854786,9.218679867986799,0.1783242258652095,58.68114063512637,985.047699287103,981.4241088788075,14
2025-06-05,22.22079619726679,29.327688651218065,15.140819964349376,11.343180212014133,2.8264686468646865,9.064884488448845,0.09221628045157457,56.156189241736875,985.6825016202204,982.6331821127674,14
2025-06-06,22.786096256684495,29.833986928104576,15.724598930481287,11.731563981042653,3.3803960396039607,9.935115511551157,0.22198455139631612,52.82955281918343,985.6832793259881,983.0186001296175,13
2025-06-07,23.413071895424842,31.565537730243616,15.283125371360665,12.010812720848058,3.0596039603960397,8.938481848184818,0.0,51.23266364225534,986.2757615035647,982.3839922229423,14
2025-06-08,24.416636957813427,31.319667260843733,17.510576351752825,10.337455830388693,2.887128712871288,8.724290429042904,0.0,50.79714841218406,987.6640311082308,984.5191834089436,14
2025-06-09,24.842245989304814,31.550980392156866,18.126381461675578,10.191872791519433,2.8601980198019805,10.631155115511552,0.552833638025594,55.822423849643535,988.6480233311731,984.7690213869085,14
2025-06-10,25.81128936423054,32.369162210338686,19.240344622697563,7.914346289752651,3.4545874587458743,10.360396039603962,0.1329137822529893,59.39144523655217,988.29643551523,983.6440699935191,14
2025-06-11,24.575163398692812,30.962982768865125,18.191206179441476,7.909045936395761,3.1733993399339937,12.380660066006602,2.319726678550208,55.716137394685674,986.1053143227479,979.9565780946208,14
2025-06-12,23.73166963755199,30.849079025549617,16.626678550207963,11.22909952606635,3.1198679867986803,8.85808580858086,0.036601307189542485,54.52300712896954,984.2454957874272,981.0272197018794,13
2025-06-13,24.430184194890078,31.225133689839573,17.62103386809269,10.251943462897525,3.12897689768977,9.436237623762377,0.2581577363034317,54.86195722618276,986.7492546986389,982.9530136098509,14
2025-06-14,25.301128936423055,31.791027926322045,18.788354129530603,10.452014134275618,2.9543894389438954,9.264884488448844,0.7452168746286393,51.418664938431625,987.4955281918341,984.1694750486065,14
2025-06-15,25.295662507427217,31.90612002376708,18.669994058229356,10.613411764705884,2.951023102310232,8.778019801980198,0.00939261114589856,49.7751134154245,989.0946856772522,985.2836033700582,13
2025-06-16,26.03505644682115,33.267082590612006,18.79025549613785,12.21764705882353,2.881452145214521,9.631749174917488,0.0,50.258587167854834,988.9230111768574,984.9820512820514,13
2025-06-17,27.49126559714795,35.09732620320856,19.838086749851456,11.97957597173145,2.7482508250825077,10.900924092409241,1.1556743909685088,48.31237848347375,988.4318869165027,985.1650887573967,14
2025-06-18,27.007130124777184,34.48443256090315,19.536423054070113,12.249857819905213,2.7703630363036305,9.086336633663366,0.09982174688057041,50.9099157485418,989.1096565132859,985.7399222294233,13
2025-06-19,27.788532382650033,34.986987522281645,20.641770647653004,9.699081272084808,2.9563696369636965,10.544026402640267,1.9013398294762485,48.02333117303953,988.8265716137394,984.8452365521711,14
2025-06-20,28.084491978609627,35.63143196672608,20.569043374925727,11.583038869257953,2.8912871287128716,9.373597359735973,0.05875978326309453,43.436811406351254,987.9090729783038,984.1290598290599,14
2025-06-21,27.30944741532977,34.355436720142606,20.289661319073083,11.234134275618374,3.1398679867986803,10.950231023102312,0.5320261437908497,48.13933895009722,987.1913804277382,983.6661697990927,14
2025-06-22,27.31491384432561,34.179322638146175,20.454367201426027,9.806643109540637,3.028712871287129,10.45122112211221,0.9283422459893048,52.780946208684384,988.3999351911858,984.049967595593,14
2025-06-23,26.960665478312542,33.8017825311943,20.11693404634581,10.464360189573457,2.8660726072607265,9.198019801980198,0.9178186429930247,52.94750486066104,987.8392093324693,983.8774465327283,13
2025-06-24,26.218419489007726,33.399821746880576,19.065656565656568,9.784805653710247,3.5295049504950495,12.20910891089109,1.615604128718883,52.81205443940376,986.5535320803629,981.4371354504211,14
2025-06-25,25.27658942364825,32.52644087938206,18.03838383838384,11.242614840989399,3.1631023102310234,10.420000000000002,0.16487000634115406,51.61568373298769,985.8136746597537,981.7166558651978,14
2025-06-26,25.838859180035655,33.44272133095663,18.228877005347595,12.559810426540283,2.5926732673267323,9.116765676567658,0.0030469226081657522,46.24303305249514,989.2822423849643,984.3331821127672,13
2025-06-27,27.457991681521094,35.491325014854425,19.44028520499109,13.262756183745585,2.599009900990099,8.437491749174916,0.0,43.139987038237194,995.3520904729265,987.5652624756966,14
2025-06-28,28.965834818776,37.23731431966726,20.63719548425431,12.834691943127957,2.860660066006601,9.004158415841584,0.0,38.430330524951394,995.4381768334475,987.401685029164,13
2025-06-29,29.460368389780157,37.81247771836007,21.096672608437316,12.752084805653713,2.8776897689768974,9.29980198019802,0.0,36.584575502268315,993.7614119259767,984.549384316267,14
2025-06-30,29.32905525846703,37.463161021984554,21.19643493761141,11.493498233215547,3.160924092409241,12.674917491749174,0.23479831426851297,39.07064160725858,986.4748541801684,982.147051198963,14
2025-07-01,29.062150920974453,36.815448603683905,21.277718360071304,11.173851590106008,3.2317491749174923,11.215907590759077,0.3869017632241813,42.69280622164614,984.635709656513,980.6950097213222,14
2025-07-02,28.15490196078432,35.511527035056446,20.819073083778967,10.582473498233217,3.2718151815181518,10.896171617161716,2.1329326923076923,48.47764095917044,986.0770576798444,981.9068049254698,14
2025-07-03,28.169281045751635,35.0225193107546,21.28954248366013,11.153498233215545,3.182904290429043,11.989438943894388,0.9050505050505051,52.75178224238497,989.0483473752428,985.2809462086844,14
2025-07-04,28.016042780748666,34.80297088532383,21.23131313131313,12.243038869257953,3.0704761904761897,12.27116883116883,1.096447922937989,53.11665586519766,990.0835385612444,986.0866493843164,14
2025-07-05,27.332976827094477,33.80588235294118,20.861200237670825,10.174218009478674,3.4237229437229426,12.075160403299723,0.11499688861232109,55.94750486066105,989.8675456389452,985.2042596348883,13
2025-07-06,26.96393345216875,33.84925727866904,20.086096256684492,11.25957597173145,3.1363696369636966,11.077540106951872,1.3714996888612316,54.884640311082315,985.5585871678547,979.5376539209333,14
2025-07-07,26.52905525846702,32.267260843731435,20.751099227569817,11.81547703180212,3.9051485148514855,10.981848184818483,0.13814955640050697,56.24886584575501,982.6351263771874,978.5947504860659,14
2025-07-08,25.722103386809273,31.62251931075461,19.808615567439098,11.92341232227488,3.7721452145214536,9.766204620462048,0.09079678814082767,55.380427738172386,984.8698639014906,981.2724562540506,13
2025-07-09,26.630184194890077,32.666726084373146,20.55371360665478,9.783462897526501,3.363894389438944,9.955181518151816,0.009982174688057044,56.96824368114064,986.5192482177578,983.4326636422553,14
2025-07-10,26.362448009506835,32.16696375519905,20.564289958407606,10.701908127208482,3.627392739273927,10.18937293729373,0.0,56.622164614387565,986.4883992222943,982.6881399870382,14
2025-07-11,25.5883541295306,31.019786096256688,20.16833036244801,9.840424028268552,3.8640924092409237,11.626270627062707,0.7043559427504666,58.08295528191836,984.2405703175633,979.7502916396628,14
2025-07-12,24.096375519904935,29.40083184789067,18.80065359477124,7.180212014134276,3.587986798679868,11.925478547854784,9.210831234256926,64.36422553467271,982.4132858068698,979.0812054439403,14
2025-07-13,24.95603089720737,32.29168152109329,17.620083184789067,11.434976303317535,2.7777557755775577,8.980858085808581,0.17023172905525846,53.694102397926116,986.0643551523005,980.7799092676602,13
2025-07-14,26.430421865715985,33.418597742127155,19.45965537730244,12.163957597173145,3.1502310231023114,10.025610561056107,0.002614379084967321,52.37394685677253,988.6510693454309,985.2587815942966,14
2025-07-15,27.239758308157093,35.13474320241692,19.357764350453174,12.887279151943465,2.7133993399339937,8.946204620462046,0.0,48.87920792079207,988.3810561056105,984.8858085808581,14
2025-07-16,28.367250755287003,36.370030211480355,20.36392749244712,13.016183745583039,3.0160396039603956,8.753729372937292,0.0,45.20868438107582,987.6978877887788,983.4664686468648,14
2025-07-17,28.301069518716577,36.228223410576355,20.35276292335116,12.559081272084807,3.316171617161716,10.001254125412542,0.026923076923076925,45.418016850291636,985.748088139987,981.4478937135452,14
2025-07-18,26.96767676767677,33.922459893048135,20.000237670825904,12.421413427561834,3.955973597359736,11.053531353135313,0.10433190970103723,49.7349319507453,982.5257939079715,978.1846403110821,14
2025-07-19,26.472251931075462,32.92240047534166,19.99916815210933,9.417156398104265,3.7745874587458754,10.93023102310231,0.3586037966932027,51.468567725210626,981.156902138691,977.4425793907972,13
2025-07-20,26.111467617349973,33.02857991681522,19.255377302436127,11.345371024734982,3.9908910891089118,11.987590759075909,0.007706201083684527,46.816591056383665,979.9095917044717,975.6800388852884,14
2025-07-21,25.59025549613785,32.114022578728466,19.029352346999406,12.158162544169612,3.440792079207921,9.878811881188117,0.007838334353949787,44.68567725210629,983.9020090732338,978.3260531432275,14
2025-07-22,25.526084373143195,32.481818181818184,18.559180035650627,11.564169611307419,3.1144554455445546,9.723366336633664,0.08615567439096852,51.33117303953337,985.2755670771224,982.0518470511989,14
2025-07-23,25.007486631016043,30.66298276886512,19.375816993464056,5.839081272084805,3.165676567656766,10.933729372937293,8.552584670231727,62.09721322099805,984.19319507453,979.80421257291,14
2025-07-24,23.61853832442068,28.97664884135473,18.260011883541296,8.685159010600707,3.550165016501651,10.402178217821783,4.668031306441903,57.920285158781596,984.00874918989,979.761438755671,14
2025-07-25,23.76131907308378,30.297147950089126,17.210754604872253,10.512417061611375,3.163815342837746,10.124422442244228,0.07043949428055388,52.42838626053144,985.4832793259882,982.0823720025926,13
2025-07-26,25.006001188354134,32.58882947118241,17.46333927510398,12.877950530035339,2.761122112211221,8.569042904290429,0.0,49.259883344134806,987.3526247569667,984.053467271549,14
2025-07-27,26.2065953654189,34.028282828282826,18.373499702911467,12.671307420494703,3.116039603960396,9.770891089108911,0.02764127764127764,48.65262475696695,987.6852235904083,983.1742709008427,14
2025-07-28,25.655614973262033,32.403208556149735,18.883660130718958,11.692367491166078,3.647590759075908,11.016501650165017,0.05941770647653001,50.48088139987038,986.5430978613092,982.508295528192,14
2025-07-29,24.87296494355318,31.10855614973262,18.638383838383838,11.612296819787987,2.9165016501650167,8.955181518151816,0.11853832442067737,52.50097213220998,987.1922229423201,983.7691510045364,14
2025-07-30,25.786928104575164,32.355614973262036,19.267676767676768,12.07017667844523,2.8990099009900985,10.23960396039604,0.10060096153846153,50.193778353856125,987.1273493195073,984.10032404407,14
2025-07-31,26.193226381461677,32.76280451574569,19.575103980986334,11.645213270142179,2.7007260726072606,8.609768976897689,0.0,49.71419313026572,986.9927414128321,982.7382372002594,13
2025-08-01,25.859298871063576,32.05163398692811,19.67783719548426,9.860070671378093,3.056699669966997,9.205346534653463,0.4455147501505117,53.53208036292936,984.454374594945,980.4036941023979,14
2025-08-02,26.335234699940585,33.321925133689845,19.371241830065358,11.726713780918729,3.0539273927392747,9.584554455445545,0.015210932857991683,49.4044069993519,983.6748541801686,980.2357096565132,14
2025-08-03,26.797445038621515,33.43969102792633,20.11788472964944,11.540282685512368,2.6413201320132016,9.342310231023102,0.0,48.84834737524302,987.6690861957227,983.0454309786132,14
2025-08-04,27.624301841948903,34.89548425430779,20.36631016042781,12.241272084805654,2.742244224422442,8.812079207920792,0.0,49.098509397278015,989.0183408943617,985.5692806221646,14
2025-08-05,27.751990493166964,34.908377896613196,20.613012477718364,11.919620853080566,2.948778877887789,9.87260726072607,0.01057635175282234,49.315618924173684,988.8578742709008,985.7198963058977,13
2025-08-06,27.528342245989304,34.96179441473559,20.09952465834819,10.9460777385159,2.787128712871288,8.591155115511551,0.0,49.54115359688917,987.8957226182762,983.6285806869734,14
2025-08-07,27.24337492572787,34.542959001782535,19.95870469399881,12.198515901060071,2.8324092409240924,8.546072607260728,0.0,51.15165262475696,986.2850291639662,983.4880103694103,14
2025-08-08,27.74640522875817,34.87789661319073,20.629352346999408,11.77540636042403,2.557953795379538,8.830891089108912,0.0,50.3946856772521,987.3081011017498,984.2361633182112,14
2025-08-09,28.22180629827689,35.8650623885918,20.599108734402854,11.719929328621909,2.5902310231023105,8.460264026402639,0.0,49.29034348671419,988.4048606610497,985.2593648736229,14
2025-08-10,29.52192513368984,37.51907308377897,21.53220439691028,11.665118483412323,2.931287128712871,8.791155115511554,0.0,40.61762799740764,988.8208684381077,985.0701879455607,13
2025-08-11,30.274272133095664,39.04670231729055,21.512834224598933,11.043886925795055,2.7696369636963696,9.287854785478547,0.053238265002970894,40.505508749189886,986.9417368762153,982.3427738172392,14
2025-08-12,30.15828877005348,38.25858585858586,22.052822341057638,9.972720848056538,2.8755115511551157,10.867260726072605,0.0994364433312461,42.12832145171743,984.8027867790021,980.9775113415425,14
2025-08-13,29.16197266785502,36.13309566250743,22.182115270350565,9.658727915194348,2.824092409240924,10.53049504950495,0.14598930481283423,45.30265716137395,984.4119896305897,981.1932598833439,14
2025-08-14,28.719667260843735,36.50635769459299,20.923885918003567,10.675406360424029,2.6353135313531353,8.195643564356436,0.004278074866310161,42.58263123784835,985.5174335709656,982.2333765392094,14
2025-08-15,29.36244800950683,37.980332739156275,20.72311348781937,11.28218009478673,2.4749174917491743,8.587644263408007,0.0,37.94102397926118,987.2792611795204,984.0535968891769,13
2025-08-16,30.193048128342248,39.05103980986335,21.289304812834224,10.775335689045939,2.568514851485148,8.711485148514852,0.0,39.31626701231367,987.4195074530137,983.6304601425793,14
2025-08-17,30.309863339275108,38.96013071895425,21.663279857397505,9.74939929328622,3.067128712871287,9.9796699669967,0.2529411764705882,41.15165262475697,985.3362929358392,981.2078418664938,14
2025-08-18,28.517944147355912,35.41889483065954,21.594177064765304,6.409611307420494,3.2407260726072615,9.5006600660066,0.7617514488087571,46.59688917692805,983.2560815253124,979.9130834976988,14
2025-08-19,25.619251336898397,30.780332739156268,20.41663695781343,8.594628975265017,3.4092409240924098,9.403762376237625,0.43327391562685685,59.04990278677899,983.0183408943618,979.2789371354503,14
2025-08-20,23.73820558526441,29.271360665478312,18.206773618538328,9.285687203791467,3.334653465346535,10.112079207920793,1.476201923076923,57.813648293963254,981.7968891769281,979.0148412184059,13
2025-08-21,23.979560308972076,30.074747474747475,17.883065953654192,10.03851590106007,3.1188778877887797,9.418481848184818,0.2903149138443256,55.95917044718081,984.0252754374596,980.0720674011666,14
2025-08-22,24.193820558526443,30.603683897801552,17.758229352347,10.791095406360427,2.9565676567656767,9.18963696369637,0.059590316573556804,57.692158133506155,984.7721970187944,982.0676604018146,14
2025-08-23,25.071004159239454,32.1891265597148,17.925311942959002,11.390388692579505,2.4934653465346535,7.905940594059405,0.0,55.05703175631886,985.0627997407646,981.1100453661701,14
2025-08-24,25.48877005347594,32.21598336304219,18.80701128936423,10.213498233215546,2.52039603960396,8.755181518151813,0.023885918003565064,56.620220349967596,983.9403110823073,980.8005832793257,14
2025-08-25,26.568983957219253,32.07177658942365,20.99964349376114,5.666445497630331,2.689306930693069,9.03003300330033,0.2637699680511182,59.73882047958522,984.9160077770575,981.8821775761503,13
2025-08-26,27.087522281639927,33.06221033868093,21.113784907902556,9.024946996466433,3.1372277227722773,9.79115511551155,1.8853702588801926,59.22683084899546,982.9856772521064,978.6372002592353,14
2025-08-27,25.96185383244207,31.397860962566845,20.498336304218657,6.600473933649289,3.5275247524752475,10.153069306930693,2.5027926322043967,61.86390149060272,980.9937135450422,976.3705119896306,13
2025-08-28,23.887344028520502,29.720320855614972,18.110160427807486,9.564381625441698,3.8029042904290433,12.156237623762376,0.6391061452513966,50.042125729099155,982.1834737524305,978.1029163966301,14
2025-08-29,22.943113032736253,29.90870907967881,15.98567016676961,9.371378091872792,3.474638180565128,11.772777394900071,0.05927740355174526,47.76538201487491,985.1330628803246,981.5223123732251,14
2025-08-30,24.807843137254903,32.340760546642905,17.278074866310163,11.164664310954064,2.9426402640264024,10.241980198019803,0.556149732620321,51.32404406999352,984.2278029812054,980.6569021386907,14
2025-08-31,24.53820558526441,31.25086155674391,17.807248960190137,8.572155477031805,3.745808580858086,11.324950495049503,1.1460487225193108,55.13739468567726,982.9348671419311,977.8186649384315,14
2025-09-01,22.203208556149733,27.765656565656567,16.628461081402257,10.12636042402827,3.8390759075907592,11.844950495049506,0.05056446821152705,44.98727394507703,985.7248865845754,980.2143875567075,14
2025-09-02,21.901663695781345,29.281164587046938,14.563279857397506,10.023957597173146,2.565676567656766,8.74844884488449,0.0888888888888889,45.82183523107837,986.6832145171744,983.1873622812701,14
2025-09-03,23.79625668449198,32.35401069518716,15.256446821152705,10.973922261484102,3.085544554455446,9.571353135313531,0.17136066547831255,44.899531145344945,985.4827608554764,980.9832145171742,14
2025-09-04,24.210576351752827,31.551633986928106,16.920142602495545,9.76473933649289,2.7161716171617165,9.301254125412541,0.02694427434170239,48.423978566644344,986.3451717433572,981.6357744653272,13
2025-09-05,24.345276292335114,31.25228758169935,17.45395127748069,10.580565371024736,3.1075247524752476,9.886600660066005,0.0,51.597454789015416,987.1419313026573,983.3231367465976,14
2025-09-06,25.239631610219845,32.3027926322044,18.19643493761141,10.106360424028269,3.2920792079207923,10.478745874587458,0.29086195722618274,56.57401205626256,985.6926766040181,980.8225534672716,14
2025-09-07,25.181105169340462,30.964171122994653,19.37843137254902,5.440141342756183,2.4060726072607266,9.144092409240924,0.23752276867030966,58.302076356329536,986.2677252106286,981.3701231367467,14
2025-09-08,23.91907308377897,28.973796791443853,18.85222816399287,6.850600706713781,2.7889768976897695,13.146336633663367,7.069281045751634,64.09578030810448,985.3265716137394,982.3142579390795,14
2025-09-09,21.47997623291741,26.686333927510397,16.232917409387998,7.028197879858658,2.8767656765676564,9.380462046204622,2.80284126003706,62.7903549899531,985.0687621516527,981.3882047958523,14
2025-09-10,22.013309566250747,27.998455139631613,16.038799762329177,8.070318021201414,3.582838283828383,11.764620462046203,0.31723113487819377,56.742129939718694,987.2977011494253,983.4091277890467,14
2025-09-11,23.729233511586454,30.72560903149138,16.734521687462866,9.592227488151657,2.833729372937294,9.124092409240923,0.28444580526638086,55.870730073677166,988.9777705767985,984.698963058976,13
2025-09-12,24.024064171122994,30.270350564468217,17.79512774806893,8.702544169611308,2.554983498349835,8.252475247524753,5.158338350391331,58.00803750837241,988.5303305249514,985.3271548930653,14
2025-09-13,23.90326797385621,29.937670825906125,17.883065953654192,8.781413427561839,2.4044224422442246,8.263960396039604,0.8361259655377302,59.43402545210986,987.706416072586,984.3695398574206,14
2025-09-14,24.713040828762946,31.220597196831196,18.229128580134063,10.005795053003533,2.3063366336633657,8.506245756958588,0.04768211920529802,57.28332217012726,988.723317788141,985.624650233178,14
2025-09-15,25.35412953060012,32.03749257278669,18.67118241235888,10.19250883392226,2.335907590759076,8.027128712871287,0.05671282360024082,56.51707970529136,989.9657161373947,986.046986390149,14
2025-09-16,25.138443256090316,31.289780154486042,19.0048128342246,9.20409893992933,1.8949834983498353,7.143828382838285,0.0,57.862692565304755,990.8084251458199,987.7230719377835,14
2025-09-17,25.654070112893645,33.1843137254902,18.140225787284614,10.343250883392228,2.0346534653465347,7.287590759075909,0.0,55.10716677829873,990.6873622812703,987.551911860013,14
2025-09-18,26.364943553178847,33.61705288175877,19.174212715389185,9.717455830388692,2.5702310231023104,8.333927392739273,0.0,55.61219022103149,990.8853532080363,987.8902138690861,14
2025-09-19,26.292097445038625,32.566191325014856,20.043077837195487,7.902464454976303,2.754587458745875,10.225412541254125,0.2681902408894379,53.833891493636976,990.6312378483473,987.7238496435515,13
2025-09-20,25.115389185977424,31.10909090909091,19.105050505050507,8.795194346289753,2.7848184818481854,9.03920792079208,1.9279972279972282,56.42464835900871,989.5335709656513,983.8134154244979,14
2025-09-21,21.604337492572785,27.054723707664884,16.184016636957814,6.273215547703179,3.141914191419143,12.12983498349835,7.524047124047124,62.771600803750836,985.3637718729746,981.2325988334413,14
2025-09-22,18.595246583481877,24.626322043969104,12.557575757575759,9.67660777385159,2.5314851485148515,9.11788778877888,2.238530838530839,48.11118553248493,985.8136746597538,982.2479585223589,14
2025-09-23,18.360903149138444,24.94165181224005,11.73802733214498,9.540636042402827,2.3415181518151815,9.389438943894389,0.3465696465696466,51.60482250502344,987.1322747893713,983.8058976020737,14
2025-09-24,17.54123354123354,24.373596673596673,10.721413721413722,8.65781990521327,2.374191419141914,8.40792156862745,0.0474012474012474,50.20294708640322,984.0646968534152,980.8685341519571,13
2025-09-25,18.769102792632204,25.563755199049318,12.032144979203803,9.45222614840989,2.2441584158415844,7.619207920792079,0.0,56.35632953784327,987.7601425793907,984.6487362281271,14
2025-09-26,19.537849079025552,27.022519310754603,12.05169340463458,10.057630331753552,2.096567656765677,8.39940594059406,0.0,51.64567983924984,987.650615683733,984.4430330524951,13
2025-09-27,20.48080808080808,27.949970291146762,13.05086155674391,8.000636042402828,2.751683168316832,9.327062706270626,0.30637770897832817,54.38245144005358,987.4827608554764,983.6769928710304,14
2025-09-28,20.704753416518123,24.898752228163996,16.524064171122994,2.9721554770318024,3.635247524752476,10.119075907590757,2.1002970885323826,73.42330877427997,986.0780946208685,981.4322099805573,14
2025-09-29,19.712299465240644,23.730718954248367,15.684313725490195,5.302473498233216,2.644224422442244,8.38858085808581,6.630932999373827,75.1580709979906,986.8688917692805,984.0192482177578,14
2025-09-30,19.716636957813428,25.200059417706484,14.244860368389782,8.049964664310954,2.1519471947194724,7.653333333333335,4.493711967545639,70.40440699935192,988.6386908619571,985.8456254050552,14
2025-10-01,20.67516339869281,27.018954248366015,14.31865715983363,9.442049469964665,1.814917491749175,6.976435643564357,0.024955436720142603,64.29163966299416,989.8048606610499,986.747504860661,14
2025-10-02,20.94218657159834,27.714022578728464,14.168092691622105,9.821978798586574,1.7957095709570954,7.336897689768977,0.0,60.81205443940375,990.2930006480881,986.8353208036292,14
2025-10-03,21.710398098633394,28.476886512180634,14.94967320261438,8.84226148409894,1.6374257425742573,7.224950495049505,0.036601307189542485,61.24303305249514,990.2779001944264,987.1293583927413,14
2025-10-04,22.531966726084374,29.914854426619133,15.154070112893644,9.031519434628976,2.3153135313531354,8.225940594059406,0.5817307692307692,58.04147764095917,989.7727802981203,985.2954633830201,14
2025-10-05,19.65448603683898,25.674450386215092,13.588651218062983,9.485229681978797,2.6849504950495056,8.782574257425743,1.1067307692307693,59.116655865197664,990.8873622812703,985.7026571613737,14
2025-10-06,19.887225193107547,26.327807486631016,13.478312537136068,8.705441696113073,1.8994719471947197,6.148976897689769,0.10559396605908232,62.108230719377836,992.0229423201557,988.7189241736876,14
2025-10-07,20.691146761735,27.929530600118838,13.466013071895425,9.746925795053006,1.818679867986799,8.286666666666667,0.0,61.130913804277384,991.0090732339597,987.5184705119896,14
2025-10-08,20.56770262035344,26.29092017062766,14.814076782449721,8.340777385159013,2.4161056105610563,8.224100475220638,0.037551990493166966,66.26247569669475,989.6053791315618,986.3743357096565,14
2025-10-09,19.6349376114082,24.21669637551991,15.060487225193109,6.392296819787987,2.2937973811164714,8.408201240523777,3.394533571004159,69.50439486139284,992.0067613252198,988.3203515889114,14
2025-10-10,19.23374925727867,23.909685086155676,14.560427807486631,7.995265017667845,2.7191419141914195,8.58105610561056,21.57884729649436,67.38302009073233,991.9425145819832,989.1368762151651,14
2025-10-11,19.589542483660132,24.775876411170533,14.431431966726084,7.930742049469965,2.784752475247525,9.491089108910892,6.762540505508749,64.75178224238496,991.4044718081659,987.8745301360985,14
2025-10-12,19.922519310754605,25.183481877599526,14.698276886512181,6.774346289752651,2.3314191419141914,7.94019801980198,0.24745762711864405,67.79520414776408,988.9615683732986,985.3529488010369,14
2025-10-13,20.41354723707665,24.598633392751044,16.224955436720144,6.380424028268551,1.4053465346534655,6.321056105610561,1.3221206581352831,71.78937135450423,986.4261179520413,983.7186649384317,14
2025-10-14,20.59916815210933,26.46957813428402,14.718775995246585,7.822826855123675,1.403894389438944,6.245214521452145,0.9316696375519904,68.99740764744006,986.7493195074533,983.8928062216461,14
2025-10-15,20.12418300653595,26.0146761734997,14.219667260843732,7.285229681978801,1.4574917491749175,6.137689768976898,0.0038027332144979207,67.73622812702527,987.1179520414777,984.2176928062216,14
2025-10-16,20.02792632204397,25.224420677361856,14.861913250148547,6.852155477031802,1.864158415841584,6.92950495049505,0.0,67.6195722618276,985.8696046662346,982.7228127025274,14
2025-10-17,19.937254901960785,25.74967320261438,14.124717765894239,7.745159010600708,1.8011881188118815,7.735379537953796,0.1799142682180037,66.78677900194425,985.7920285158782,982.745560596241,14
2025-10-18,19.706357694592988,26.288532382650033,13.11871657754011,8.773992932862193,1.7381518151815183,6.7796699669967,0.4387403446226976,64.41931302657161,987.3871030460142,984.4035644847697,14
2025-10-19,19.539988116458705,25.256149732620322,13.798098633392751,5.172791519434631,2.6182178217821788,9.184950495049508,1.4503422526446794,63.005832793259884,986.2618924173687,980.5845106934543,14
2025-10-20,19.975401069518718,24.27344028520499,15.681461675579325,4.92374558303887,3.546666666666667,10.182640264026404,1.357188244638602,71.14776409591707,981.697990926766,977.7769928710305,14
2025-10-21,20.11681521093286,25.237492572786692,15.002852049910874,5.586855123674912,3.4516171617161726,11.086138613861387,1.2655971479500894,71.59429682436812,981.2270252754377,978.4835385612445,14
2025-10-22,20.881996434937612,25.882590612002378,15.907189542483664,6.724734982332156,4.072937293729373,13.198481848184818,0.8463618802318094,67.40764744005185,983.3060920285159,980.0998055735579,14
2025-10-23,20.377064765300062,25.852703505644683,14.881639928698753,7.444664310954065,4.01023102310231,15.183960396039605,0.07917425622343656,56.619572261827614,985.4777057679844,979.6189889825016,14
2025-10-24,18.81200237670826,24.4784907902555,13.132739156268569,7.221042654028434,2.13973597359736,8.385280528052805,0.7450895614576899,65.94556059624108,985.702981205444,982.3735580038885,13
2025-10-25,18.99815805109923,24.104753416518122,13.903683897801546,5.27660777385159,2.7161716171617165,9.096699669966997,3.7585264408793826,74.1600777705768,983.7006480881399,979.7032404406998,14
2025-10-26,16.71336898395722,21.084194890077242,12.322162804515747,4.380070671378092,2.2528052805280527,8.652673267326733,6.905478627332931,76.50162022034996,988.7757615035642,982.4101749837978,14
2025-10-27,15.440879382055853,21.675995246583483,9.264884135472371,7.51434628975265,1.623564356435644,6.526138613861386,0.7139423076923076,68.11730395333764,990.1012961762801,987.1867141931303,14
2025-10-28,15.947237076648843,22.699643493761137,9.205109922756982,7.20226148409894,2.0396699669967,7.311881188118813,9.740745192307692,69.14711600777707,988.20259235256,980.2012961762798,14
2025-10-29,16.34248366013072,20.27878787878788,12.398871063576948,2.983127962085308,2.0114851485148515,9.488646864686466,17.767498514557342,85.37783538561244,981.251198963059,974.6953337653921,13
2025-10-30,17.026143790849673,21.576827094474154,12.43303624480095,4.9450883392226155,2.305940594059406,8.635775577557755,0.4123861566484518,78.7349319507453,983.1825664290343,978.4709656513284,14
2025-10-31,17.411408199643496,22.33654188948307,12.491681521093287,3.579363957597173,2.6782838283828383,9.472871287128713,1.0694769711163155,70.69799092676604,984.2355800388854,981.9642255346726,14
2025-11-01,16.980629827688652,22.364884135472373,11.583363042186573,4.692579505300354,2.0570957095709574,8.546336633663365,0.9248366013071896,74.95593000648087,988.1055735580038,983.3725858716786,14
2025-11-02,16.531372549019608,21.78960190136661,11.280154486036839,7.283462897526503,2.2528052805280527,8.458613861386137,0.011527035056446823,65.54698639014906,991.9093972780298,986.5593000648087,14
2025-11-03,15.722994652406417,22.248781937017235,9.190196078431374,8.86170616113744,1.6842244224422445,6.2502310231023115,0.02671523982999393,65.89695398574206,992.6732987686325,988.8370706416072,13
2025-11-04,16.563755199049318,23.159061200237673,9.995424836601309,7.152155477031803,2.183696369636964,7.461980198019804,0.614569536423841,67.6195722618276,989.9841866493842,985.2793259883346,14
2025-11-05,16.88443256090315,21.893998811645872,11.880570409982175,3.1054028436018957,3.803102310231024,12.142112211221123,6.901782531194296,74.9546338302009,986.1295528191835,978.3174335709656,13
2025-11-06,14.420202020202021,18.142127153891863,10.700950683303624,4.857526501766785,3.827458745874588,12.09102310231023,1.8281390856406954,69.4951393389501,983.9570317563189,979.0472456254049,14
2025-11-07,13.84587046939988,18.790136660724897,8.916696375519905,5.16035335689046,2.6401980198019803,8.90976897689769,2.261378490790256,74.91445236552173,984.3634478289046,980.7637070641608,14
2025-11-08,13.790136660724896,18.402376708259062,9.175103980986334,6.013498233215548,3.201320132013202,9.121452145214523,0.9394230769230768,71.44718081659106,988.5967595593,981.7592352559948,14
2025-11-09,12.852525252525254,18.792394533571006,6.928579916815211,6.889194312796208,1.8945874587458744,6.471683168316832,0.18919925512104285,72.76798444588465,989.2784186649385,985.6534024627348,13
2025-11-10,13.30017825311943,19.6455733808675,6.94931669637552,6.852650176678446,1.4642904290429042,6.086468646864686,0.16819012797074953,71.03888528839923,986.8256642903435,983.9678548282566,14
2025-11-11,14.567676767676769,21.02412358882947,8.108318478906716,7.6532458059810375,1.7791341991341987,6.971089108910891,1.0188909201706275,68.78418664938432,985.6271548930653,979.947958522359,13
2025-11-12,15.55086155674391,22.061081402257877,9.00926916221034,7.850530035335689,2.9733993399339935,10.496699669966995,2.756840077071291,67.5301360985094,982.2985742060921,978.953596889177,14
2025-11-13,16.405585264408796,20.07462863933452,12.72602495543672,2.466713780918728,4.315049504950495,12.806930693069305,10.905484460694696,78.7563188593649,981.6534672715487,975.3286454957874,14
2025-11-14,16.48187759952466,20.112418300653594,12.862388591800357,3.133554502369668,3.596171617161717,14.228712871287131,7.748467792370231,77.55994815294882,979.347504860661,973.4950745301362,13
2025-11-15,15.688354129530602,19.683660130718955,11.66131907308378,2.888551236749117,3.44006600660066,13.653663366336634,8.565478312537136,76.79066753078419,980.1436811406353,975.4132858068697,14
2025-11-16,14.417587641117054,18.623826500297092,10.233808674985145,5.253356890459363,3.032409240924093,11.134851485148516,2.701010101010101,75.59429682436812,980.5608554763446,976.987103046014,14
2025-11-17,13.435294117647059,17.952703505644685,8.926975638740345,4.953427561837456,2.558349834983498,9.205412541254129,3.8748068924539516,79.33635774465327,984.4970187945562,978.8798444588463,14
2025-11-18,11.639691027926322,16.691443850267383,6.581580510992276,5.1989573459715634,1.800726072607261,6.990297029702972,0.07461692205196535,74.20414776409594,987.0073233959818,983.646143875567,13
2025-11-19,10.22673796791444,15.570707070707071,4.876351752822342,6.068409893992934,1.8341254125412545,7.580462046204621,1.5083485679463737,73.11795204147764,985.3406351263772,981.4441996111473,14
2025-11-20,9.37504456327986,14.611942959001782,4.170528817587641,6.118303886925794,1.8025082508250831,8.108778877887788,2.25222816399287,69.31691510045366,986.7428386260531,982.8262475696694,14
2025-11-21,8.211883541295306,12.74165181224005,3.6560903149138446,6.866784452296821,3.044554455445545,10.907326732673267,0.7909685086155676,61.498379779650016,994.2116007777058,986.0104342190538,14
2025-11-22,7.894117647058824,13.270172311348784,2.561853832442068,7.070318021201414,2.6933993399339937,9.442772277227723,0.49562226391494685,59.08295528191835,995.2084899546339,991.4116655865198,14
2025-11-23,10.44159239453357,16.5369578134284,4.345335710041592,6.102190812720847,2.5554455445544555,8.853003300330032,0.885006195786865,66.13804277381723,992.5265068049255,986.0378483473752,14
2025-11-24,12.83767082590612,17.016399286987525,8.686215092097445,1.8024028268551238,4.662772277227723,13.959273927392738,4.854893065456902,73.10434219053789,986.6736228127023,978.2153596889177,14
2025-11-25,11.500000000000002,16.015270350564467,6.974034462269758,6.670742049469966,3.4227722772277227,10.891749174917491,1.2096686950642326,65.40829552819184,987.5412184057031,979.7772521062866,14
2025-11-26,9.308437314319669,14.695424836601308,3.946048722519311,6.523127962085306,3.0708078750848604,10.424779361846571,0.13193685488767457,59.878159429682434,990.0211858760825,986.3151232511658,13
2025-11-27,8.631847890671422,14.993939393939396,2.289364230540701,6.827677725118481,2.2590099009900992,7.4333333333333345,0.006238418777022853,65.81335061568375,991.0044718081657,988.1526247569668,13
2025-11-28,9.53048128342246,16.412418300653595,2.6720736779560315,7.2514691943127945,1.4641584158415843,5.5462706270627065,0.02204396910279264,69.57161373946857,990.4550874918989,986.9763447828904,13
2025-11-29,9.448366013071896,15.777718360071303,3.103980986333928,6.0206360424028285,1.818019801980198,5.766930693069307,3.192097445038622,75.80881399870383,987.5267012313674,981.603694102398,14
2025-11-30,9.930778371954844,14.329233511586454,5.5576351752822335,3.3569611307420493,2.3308250825082513,8.137491749174917,0.8915192190359975,79.47958522359039,987.3847699287102,980.8406351263773,14
2025-12-01,9.296019013666072,14.473440285204992,4.126024955436721,6.686501766784452,1.7183498349834985,7.403463203463202,1.1243018419489008,78.17563188593648,988.7720674011666,983.9103046014259,14
2025-12-02,9.69744503862151,14.795484254307784,4.6210932857991684,4.0674911660777395,2.219075907590759,9.122310231023102,2.5456902138690864,77.41736876215164,984.9970187945559,981.0554115359688,14
2025-12-03,8.892216280451574,13.585620915032681,4.228877005347594,5.758021201413427,2.5687128712871283,9.185808580858085,1.0847923322683704,71.9598185353208,987.8105638366817,981.2378483473751,14
2025-12-04,9.255852644087938,13.334581105169342,5.203862150920975,0.8605687203791468,3.440528052805281,10.595445544554455,3.1328042328042316,80.31173039533375,987.0019442644201,982.5888528839923,13
2025-12-05,11.704931669637551,16.67688651218063,6.761319073083779,3.110530035335689,2.867128712871288,9.323498349834985,1.2936507936507935,76.68891769280621,987.90097213221,983.1295528191835,14
2025-12-06,13.559595959595963,18.310516934046348,8.80207961972668,3.0226855123674907,2.4333333333333336,8.146270627062707,0.10884353741496597,80.30200907323398,990.296824368114,987.0279325988334,14
2025-12-07,12.831134878193701,18.666666666666668,6.996613190730838,5.605795053003532,2.050627062706271,7.102508250825083,0.017349970291146766,74.25599481529487,990.592287751134,987.8961114711601,14
2025-12-08,11.774212715389188,18.004575163398695,5.548128342245989,6.702473498233216,1.3845544554455445,5.916369636963697,0.003506574827802129,76.0758263123785,990.5697342838628,987.0631885936488,14
2025-12-09,11.694474153297683,17.868865121806298,5.5557932263814624,5.139222614840989,2.04983498349835,6.85023102310231,3.981851851851852,73.27997407647439,989.5134154244977,986.0432274789372,14
2025-12-10,11.477718360071302,15.342899584076058,7.588651218062982,2.445795053003533,1.8742574257425744,6.6124092409240935,3.9852222917971187,83.50939727802981,991.3712896953986,986.9176928062217,14
2025-12-11,11.568033273915628,16.489185977421272,6.680867498514558,5.4659363957597185,1.7127392739273928,6.006402640264027,0.5835369774919614,82.04601425793909,991.4723914452366,986.8321451717433,14
2025-12-12,11.258645276292338,14.426024955436722,8.079738562091503,1.0958303886925795,2.570759075907591,7.826930693069308,1.8027332144979207,84.49189889825014,989.1112119248216,984.1247569669478,14
2025-12-13,12.596672608437315,16.80790255496138,8.388235294117647,5.144452296819788,3.0311551155115515,8.386006600660066,2.2469994058229354,77.700583279326,991.7413480233312,987.6895657809463,14
2025-12-14,11.475816993464054,15.42964943553179,7.519904931669639,5.227208480565372,2.5264026402640267,7.405676567656767,5.761938702779758,79.70252754374593,990.6635126377187,984.9019442644202,14
2025-12-15,11.163636363636364,14.8126559714795,7.5181818181818185,2.3915901060070666,2.176633663366337,10.508118811881188,13.57240618101545,84.70447180816589,985.5469863901493,975.0380427738171,14
2025-12-16,9.844325609031493,12.378490790255498,7.333808674985145,0.7454028436018957,2.244620462046205,7.26957095709571,6.289551140544517,89.06156837329878,983.7546986390147,973.9830848995462,13
2025-12-17,10.811764705882354,14.673499702911467,6.942483660130719,4.754840989399294,1.8126732673267327,6.117689768976898,3.444295302013422,86.18859364873624,991.6622812702527,983.4586519766686,14
2025-12-18,11.189839572192515,14.95704099821747,7.430718954248366,4.617455830388693,1.8487128712871288,6.211155115511551,1.973000791765637,83.80816591056384,991.8677900194425,988.2762799740765,14
2025-12-19,10.627688651218063,13.790374331550804,7.461794414735592,1.3694699646643107,1.5194059405940592,5.887392739273928,6.070848182466144,86.55087491898895,989.6085547634478,985.2237200259236,14
2025-12-20,10.528877005347594,13.92192513368984,7.1106357694593,2.930106007067138,2.170627062706271,6.972739273927393,5.3040416411512545,83.88917692806223,986.1183408943617,978.5465975372649,14
2025-12-21,8.3630421865716,12.00136660724896,4.761497326203209,1.5118727915194348,2.9360396039603964,11.645082508250825,4.89435531788473,82.83992222942322,978.6644199611145,972.9012961762799,14
2025-12-22,6.795603089720737,10.303921568627452,3.285323826500297,3.0575355450236965,2.352409240924093,8.644422442244224,1.348076923076923,80.4251458198315,979.3793907971483,974.3493843162672,13
2025-12-23,7.969102792632205,11.097801544860369,4.785680332739156,1.966077738515901,2.6482508250825085,7.970099009900991,3.465439800374298,83.07971484121839,979.6239792611797,974.5655865197667,14
2025-12-24,8.71402257872846,12.917706476530007,4.478609625668449,4.114487632508834,2.3107590759075904,7.4150495049504945,2.5964811260396674,81.27867790019441,978.0304601425793,975.1563188593648,14
2025-12-25,7.105525846702317,9.963101604278076,4.246939988116459,3.227067137809187,1.9760396039603962,7.502406417112299,13.306030150753768,83.63188593648736,980.1522359040829,976.1959170447182,14
2025-12-26,8.768389780154486,12.27551990493167,5.279976232917409,4.071519434628976,1.405082508250825,5.75973597359736,2.8130763416477693,84.23784834737526,983.5747245625405,978.854309786131,14
2025-12-27,8.516815210932858,12.429352346999405,4.638443256090317,2.9699646643109543,2.6709570957095714,9.228712871287131,3.201822916666666,84.85353208036291,984.8138042773817,980.9519118600128,14
2025-12-28,10.474212715389188,14.15175282234106,6.778490790255496,4.246643109540635,2.229372937293729,7.754521452145215,2.5661519456454602,81.44718081659104,985.5642255346726,981.9882696046664,14
2025-12-29,9.503386809269163,13.892453951277481,5.19590017825312,3.0232227488151655,1.1363696369636964,5.442244224422442,2.7866586538461537,84.10239792611793,988.4066104990278,984.7259883344135,13
2025-12-30,8.395603089720737,12.760011883541296,3.980629827688652,4.6992226148409895,1.4349834983498349,6.24871287128713,0.05703454085930918,85.7848347375243,988.9588464031108,986.1618924173687,14
2025-12-31,7.053594771241831,11.685145573380868,2.435650623885918,4.297440758293839,1.9769636963696375,6.290891089108912,0.0,82.1762799740765,988.4449125081011,984.8457550226831,13
2026-01-01,7.405889423076921,11.982572115384617,2.8640624999999997,2.4915472779369625,2.0435828877005346,6.178074866310161,0.33715775749674054,82.00787401574803,986.6589238845143,980.6633858267714,13
2026-01-02,9.825360576923076,13.551442307692307,6.071754807692307,1.2409742120343839,2.5890374331550805,7.85681818181818,1.3478365384615385,81.4212598425197,980.7404199475066,974.270997375328,13
2026-01-03,10.502163461538462,13.725961538461537,7.242908653846153,0.6638968481375358,2.5985294117647055,7.4316844919786105,6.469291338582677,84.8018372703412,975.2734908136483,971.3730971128608,13
2026-01-04,8.758894230769231,11.404567307692306,6.125360576923077,1.1361003861003862,3.3792780748663103,8.299598930481283,5.084287454323995,85.90813648293961,975.6948818897638,970.901312335958,12
2026-01-05,5.992908653846153,9.128846153846151,2.8875,2.5768339768339765,2.3288770053475933,8.93355614973262,4.9234374999999995,78.82939632545931,981.1443569553807,975.4318897637795,12
2026-01-06,4.68016826923077,9.25144230769231,0.1329326923076925,6.19914040114613,2.7739304812834225,9.848395721925133,0.7750962772785622,68.51443569553804,988.7518372703411,980.8263779527558,13
2026-01-07,4.415985576923076,9.328004807692306,-0.5362980769230771,4.505014326647565,2.5038770053475936,8.552005347593584,0.5438650306748466,73.50262467191602,994.5030183727033,987.7658792650919,13
2026-01-08,8.827884615384615,13.222115384615384,4.477764423076923,3.723065902578796,2.7897058823529415,10.865641711229944,1.2303780964797915,76.01574803149607,996.463648293963,991.5509186351705,13
2026-01-09,10.623197115384617,14.981971153846153,6.265624999999999,5.471814671814672,4.533556149732621,13.629411764705882,1.143389423076923,70.94356955380577,992.9639107611547,987.3220472440945,12
2026-01-10,8.785817307692305,13.238942307692309,4.3151442307692305,6.382664756446992,3.0473262032085557,9.552540106951872,0.506875,68.40944881889763,994.2053805774277,990.365091863517,13
2026-01-11,8.70096153846154,14.363942307692305,3.0711538461538463,5.850193050193049,1.5062834224598929,6.55187165775401,0.19643765903307883,75.3464566929134,994.4188976377952,990.6089238845144,12
2026-01-12,9.583413461538463,15.107572115384617,4.036899038461539,5.530945558739255,1.9081550802139036,7.050133689839572,1.0033292231812578,77.35695538057743,991.8156167979002,984.9396325459318,13
2026-01-13,10.063822115384616,15.305408653846154,4.844471153846153,3.6366795366795364,3.0021390374331554,9.437967914438504,1.6451443569553805,75.43700787401575,985.5086614173229,980.913910761155,12
2026-01-14,9.916947115384614,14.965985576923076,4.824879807692307,4.331948424068768,1.4094919786096256,6.061229946524064,0.11702453987730058,82.79002624671917,988.3601049868766,984.0824146981627,13
2026-01-15,8.694471153846154,14.145192307692305,3.2959134615384613,2.935243553008596,2.1705882352941175,7.373930481283423,2.614423076923077,82.46587926509186,988.3027559055118,983.313910761155,13
2026-01-16,9.859254807692308,14.193990384615383,5.5417067307692305,3.267478510028653,2.422058823529411,7.884090909090909,4.506370192307691,81.67716535433073,984.358661417323,979.9891076115484,13
2026-01-17,8.271274038461536,11.460817307692306,5.080889423076923,2.562750716332378,2.227540106951871,7.764705882352941,10.821634615384612,87.06167979002623,980.8610236220471,976.8468503937008,13
2026-01-18,8.080528846153845,11.9453125,4.201201923076923,4.796275071633238,2.606550802139038,7.24264705882353,3.709375,82.50656167979004,983.162467191601,977.1648293963256,13
2026-01-19,8.775600961538462,12.985817307692306,4.513942307692307,4.599283667621777,1.7974219810040706,7.0858887381275455,1.5126884422110551,78.54068241469818,985.1366178428764,982.1362183754995,13
2026-01-20,8.974519230769232,13.065624999999999,4.89483173076923,5.4254730713246,2.033288770053476,8.07807486631016,5.261625,78.52330226364847,985.3654855643045,981.2650918635171,12
2026-01-21,10.179086538461537,13.91322115384615,6.454447115384616,1.1677650429799427,3.626604278074866,12.76911764705882,5.249519230769232,82.99343832020998,982.3456692913386,967.6502624671916,13
2026-01-22,10.63173076923077,13.889783653846152,7.375240384615383,3.5412607449856734,4.082620320855614,13.104946524064172,5.835456730769231,72.08267716535435,974.73687664042,967.3653543307087,13
2026-01-23,9.719831730769233,14.187740384615383,5.269471153846155,5.16862464183381,3.583021390374332,15.681283422459892,5.080446194225721,70.46062992125984,971.4527559055117,966.4297900262468,13
2026-01-24,7.524399038461539,10.730649038461541,4.2778846153846155,4.178080229226361,3.793716577540107,12.365106951871658,4.769951923076922,73.8254593175853,978.5227034120735,967.5534120734907,13
2026-01-25,10.354927884615385,14.74278846153846,5.971514423076922,3.4187679083094555,4.904010695187164,16.6379679144385,2.583653846153846,74.2230971128609,979.9074803149607,974.9220472440946,13
2026-01-26,11.96310096153846,15.55889423076923,8.38485576923077,1.9464183381088824,3.661229946524064,13.758689839572192,5.503245192307691,76.89370078740158,980.6408136482938,974.2904199475066,13
2026-01-27,11.659615384615384,15.373677884615384,7.938942307692308,2.2690544412607454,4.796524064171122,17.25200534759358,12.65432692307692,80.74540682414698,975.7437007874015,966.2069553805774,13
2026-01-28,10.276682692307691,13.762860576923075,6.7882211538461545,2.011461318051576,5.462165775401069,19.02272727272727,4.784134615384614,73.41338582677167,973.6845144356954,962.2807086614173,13
2026-01-29,11.360889570552144,16.39984662576687,6.307208588957055,2.066618911174785,3.096478873239436,13.416197183098589,2.2451923076923075,80.74398625429555,967.1278350515462,960.5725085910651,13
2026-01-30,11.47884615384615,15.865624999999998,7.096514423076923,3.7636103151862463,4.160294117647058,16.599866310160426,2.073918269230769,73.22572178477691,980.0049868766404,971.9345144356953,13
2026-01-31,11.127283653846153,14.730048076923076,7.573076923076922,6.93839541547278,4.792379679144386,14.93235294117647,0.6990384615384615,65.18766404199475,985.3808398950131,974.1262467191601,13
2026-02-01,10.64471153846154,14.752163461538462,6.533413461538459,2.7961318051575934,2.6812834224598934,9.54745989304813,6.35075,82.70997375328083,984.9548556430447,974.0547244094487,13
2026-02-02,10.794230769230769,14.457211538461538,7.111899038461539,1.276061776061776,4.750534759358287,17.273663101604278,3.5089552238805966,78.23228346456692,974.1851706036745,964.138845144357,12
2026-02-03,9.930168269230771,13.968028846153842,5.8772836538461535,4.991415662650604,3.200668449197861,11.129411764705882,6.772350791717418,72.63648293963254,972.225590551181,965.6607611548559,12
2026-02-04,10.883173076923075,15.124038461538461,6.668028846153845,1.5669054441260744,5.135828877005346,14.81831550802139,4.985817307692308,80.94619422572177,968.0249343832024,961.4652230971129,13
2026-02-05,13.207572115384615,17.649879807692308,8.77752403846154,4.185816618911174,6.393716577540107,19.291978609625666,7.7001201923076925,76.49475065616797,968.5555118110236,959.6156167979004,13
2026-02-06,11.987019230769231,15.775961538461539,8.209615384615384,4.917908309455588,5.1693850267379675,14.420053475935829,2.434615384615385,68.50787401574803,976.336220472441,968.0557742782153,13
2026-02-07,10.290264423076922,13.76778846153846,6.752043269230768,4.803281853281853,4.372860962566845,15.479679144385026,12.210096153846154,71.6522309711286,979.5023622047244,971.8292650918635,12
2026-02-08,10.349399038461534,14.292187499999999,6.411298076923076,4.291117478510029,3.796122994652406,12.126737967914439,3.5412259615384607,72.07086614173227,981.2685039370078,973.062467191601,13
2026-02-09,12.023918269230768,16.154567307692307,7.87920673076923,3.286819484240687,3.780882352941177,11.751604278074868,3.533413461538462,80.15223097112863,980.5500000000001,976.6465879265093,13
2026-02-10,15.72764423076923,19.295072115384613,12.156129807692306,1.8393982808022922,4.427272727272727,13.857754010695187,2.6937499999999996,82.31627296587926,981.0782152230971,977.3389763779527,13
2026-02-11,16.064783653846156,19.072596153846153,13.050841346153845,1.985530085959885,5.8021390374331565,18.58328877005348,2.9361778846153843,74.54068241469817,982.4439632545932,976.0448818897639,13
2026-02-12,14.611418269230768,17.91478365384615,11.293149038461538,7.292084942084941,5.832486631016042,17.530213903743316,3.243990384615385,62.11679790026246,983.7530183727033,974.9968503937006,12
2026-02-13,11.699158653846151,15.212980769230768,8.16971153846154,2.649283667621776,6.2106951871657765,20.90494652406417,7.128485576923076,76.02624671916008,978.2593175853019,963.2114173228346,13
2026-02-14,11.165264423076923,15.152524038461541,7.199999999999999,7.934097421203436,5.997058823529412,16.40855614973262,1.3425480769230769,53.473753280839894,990.1738845144357,970.8829396325459,13
2026-02-15,10.56057692307692,15.879687500000001,5.284495192307693,6.688252148997136,3.4518716577540105,11.764304812834224,1.4687499999999998,64.3215223097113,993.0929133858269,989.1586614173228,13
2026-02-16,13.333293269230767,17.735096153846147,8.940865384615384,4.04727793696275,4.671791443850267,12.608823529411765,3.221274038461538,71.55511811023622,992.5477690288712,988.8866141732282,13
2026-02-17,14.446995192307691,19.021875,9.86826923076923,7.191698841698842,2.773128342245989,9.665240641711229,0.15442260442260441,68.95406824146981,992.7143044619423,987.2975065616798,12
2026-02-18,12.714663461538457,18.03810096153846,7.36358173076923,4.394985673352435,3.9558823529411757,12.329946524064171,1.8732171156893813,72.16272965879266,988.606036745407,980.6030183727033,13
2026-02-19,11.039423076923077,15.290384615384614,6.765384615384614,8.746704871060171,4.815374331550801,14.024331550802138,0.34699519230769227,59.81233595800524,992.9813648293964,982.930971128609,13
2026-02-20,10.932692307692307,17.352884615384614,4.503365384615385,8.340257879656162,2.4243315508021386,8.596122994652404,0.00675,62.4501312335958,996.9635170603676,992.0469816272965,13
2026-02-21,11.759975961538458,19.65721153846154,3.8447115384615373,9.8496138996139,1.8635026737967915,5.890374331550802,0.0025240384615384617,62.28083989501312,998.5316272965879,995.3316272965878,12
2026-02-22,13.328846153846156,21.759134615384614,4.874278846153846,9.622393822393821,1.8696524064171127,6.0774064171123,0.0,59.207349081364825,997.3232283464567,993.6202099737533,12
2026-02-23,13.821274038461539,22.445072115384615,5.1649038461538455,9.886676217765043,1.733422459893048,5.626470588235295,0.0,57.3753280839895,994.667060367454,990.1317585301836,13
2026-02-24,14.254206730769228,22.932331730769228,5.590865384615384,9.632168850072782,1.61951871657754,6.268983957219251,0.0813810110974106,56.85564304461942,990.9843832020996,984.7299212598424,12
2026-02-25,13.432211538461539,20.284855769230766,6.559014423076924,7.905967976710334,2.3442513368983957,8.333957219251335,0.34374999999999994,65.31758530183727,990.4750656167979,984.8379265091864,12
2026-02-26,13.901923076923076,21.08762019230769,6.713701923076924,9.657205240174672,2.7548128342245986,7.650133689839572,0.7439903846153846,63.960629921259844,993.9560367454067,989.9599737532808,12
2026-02-27,12.795697522816166,19.13220338983051,6.519947848761408,6.99054054054054,2.6038770053475937,7.9720588235294105,0.35168269230769234,67.68110236220473,993.3332020997374,988.0427821522311,12
2026-02-28,12.152524038461538,16.546153846153846,7.782572115384616,6.032664756446991,2.0233957219251337,7.3260695187165785,0.07534076827757125,73.7782152230971,992.6964566929134,989.4569553805774,13
2026-03-01,11.938341346153845,17.338822115384616,6.553124999999999,7.041260744985673,2.743048128342245,7.702406417112299,0.003846153846153846,71.1259842519685,992.6568241469815,987.0727034120735,13
2026-03-02,12.147196870925685,17.35606258148631,6.944198174706648,6.467335243553007,2.750133689839572,9.281149732620321,0.8543269230769229,72.41338582677166,987.3078740157479,981.140813648294,13
2026-03-03,13.802644230769229,17.45408653846154,10.134495192307691,2.893553008595988,3.995053475935828,11.163101604278074,2.346153846153846,71.61417322834647,985.3334645669293,982.5429133858268,13
2026-03-04,13.248918269230769,16.188341346153845,10.308774038461541,3.571235521235521,3.7183155080213903,11.162700534759358,5.493580246913581,77.22440944881889,986.2048556430448,981.8793963254594,12
2026-03-05,12.319711538461538,15.34074519230769,9.327884615384615,2.634383954154728,2.736764705882353,10.163101604278074,15.372836538461536,84.71391076115485,985.0565616797899,979.6902887139108,13
2026-03-06,11.008533653846154,13.311298076923077,8.711298076923077,1.571919770773639,3.2581550802139034,10.533155080213904,10.375578406169664,83.79002624671914,984.6787401574802,980.6263779527559,13
2026-03-07,11.616105769230769,15.040985576923076,8.18605769230769,2.909885386819484,2.0196524064171126,8.546791443850266,1.1771634615384614,79.88713910761156,988.4555118110236,983.5389763779526,13
2026-03-08,11.975240384615384,15.979927884615382,8.018749999999999,3.666189111747851,1.5947860962566842,6.6975935828877,1.8024038461538459,79.26902887139107,990.0637795275591,987.257217847769,13
2026-03-09,11.073076923076924,15.935456730769234,6.201682692307692,3.9324324324324316,2.2441176470588236,9.73181818181818,3.1703124999999996,79.88451443569555,990.1009186351707,985.4036745406823,12
2026-03-10,10.429807692307692,14.199038461538462,6.688822115384616,3.8965616045845275,2.122326203208556,7.118181818181819,8.646911519198664,79.61679790026244,990.8082677165353,986.007217847769,13
2026-03-11,11.692874999999999,17.157124999999997,6.185249999999999,6.1378223495702,1.9817039106145253,7.469553072625699,0.5784217016029591,77.16712328767125,995.9221917808219,992.0001369863013,13
2026-03-12,12.974038461538463,19.196394230769226,6.738100961538461,8.76189111747851,2.01524064171123,7.354010695187165,0.09302884615384616,69.27690288713912,994.3576115485565,989.9496062992125,13
2026-03-13,13.845793269230766,21.058293269230763,6.616346153846154,9.218767908309456,2.7711229946524067,9.304278074866309,2.2257211538461537,68.34120734908137,990.4879265091864,981.7576115485566,13
2026-03-14,12.243389423076923,16.499639423076918,7.944951923076923,2.238610038610039,3.9998663101604275,12.136764705882355,2.6273749999999993,71.99737532808398,982.480971128609,976.4721784776901,12
2026-03-15,12.216466346153846,17.65432692307692,6.793389423076922,9.333094555873927,3.4568181818181816,11.656550802139037,0.07459926017262637,54.42782152230971,987.4417322834645,979.1611548556431,13
2026-03-16,12.21358173076923,19.640144230769224,4.779567307692306,10.161461318051577,2.77807486631016,8.347727272727273,0.00779537149817296,57.88188976377952,989.7937007874016,985.400131233596,13
2026-03-17,14.746609124537608,23.713440197287294,5.805672009864365,10.483524355300858,2.354607977991747,8.315818431911966,0.06826923076923076,51.670715249662614,985.3267206477733,977.0273954116058,13
2026-03-18,13.657336621454993,20.129346485819973,7.1914919852034505,7.936834319526626,2.3658872077028885,9.634938101788169,0.79375,61.77867746288798,978.8070175438595,973.2846153846152,12
2026-03-19,13.878365384615384,18.492067307692302,9.245552884615384,6.421235521235521,2.9414438502673796,9.831016042780748,2.758653846153846,65.35826771653542,981.2662729658791,977.1843832020999,12
2026-03-20,12.92908653846154,16.998197115384613,8.847596153846155,5.259885386819484,3.315374331550802,10.204411764705881,1.6032451923076925,69.43832020997374,981.2633858267715,977.7715223097113,13
2026-03-21,12.340865384615384,17.30709134615384,7.374399038461537,5.32779369627507,2.014572192513369,7.275668449197861,0.5197115384615385,69.64960629921258,980.2248031496063,977.4141732283464,13
2026-03-22,12.88497596153846,19.635456730769235,6.13701923076923,8.890114613180515,2.343449197860963,7.660294117647058,0.4846625766871165,64.34645669291339,980.3333333333333,976.881627296588,13
2026-03-23,13.018389423076924,19.139903846153846,6.873798076923076,9.30587392550143,2.491577540106951,8.562433155080212,0.06923076923076922,65.20472440944883,987.7918635170604,979.8181102362204,13
2026-03-24,13.295072115384617,20.003365384615382,6.632572115384614,9.803861003861002,2.4481283422459894,8.58475935828877,2.588461538461538,63.3779527559055,990.6729658792651,986.7564304461941,12
2026-03-25,13.646274038461538,21.142427884615387,6.127884615384615,9.397707736389686,2.3302139037433154,9.206417112299464,0.23425480769230766,60.111548556430456,990.2706036745407,983.0129921259843,13
2026-03-26,12.835937499999998,19.049759615384616,6.5896634615384615,10.241260744985672,3.7450534759358294,11.268582887700536,0.0969951923076923,56.59186351706036,985.9577427821522,981.8867454068243,13
2026-03-27,12.271514423076923,18.741586538461537,5.766225961538462,10.040114613180517,3.2121657754010693,10.49144385026738,0.03702801461632156,54.38582677165354,987.0652230971128,982.8408136482938,13
2026-03-28,12.05925480769231,18.75516826923077,5.350600961538461,9.306303724928366,2.6855614973262028,10.262299465240641,0.6637019230769231,61.826771653543304,991.0145721925132,985.6596256684492,13
2026-03-29,10.884855769230768,16.07463942307692,5.72860576923077,9.45096525096525,4.997192513368983,17.86197183098591,0.1876201923076923,41.80756013745705,985.4621478873237,980.1980633802817,12
2026-03-30,11.084134615384615,18.829807692307696,3.3453124999999995,10.19541547277937,3.341310160427808,10.383823529411764,0.16766826923076922,50.38057742782153,1000.7069405099148,994.7229461756373,13
2026-03-31,14.257091346153846,21.428365384615386,7.089182692307691,9.804154727793698,3.454010695187165,11.286898395721925,0.07899262899262897,55.62860892388452,991.6209893048127,987.2124331550801,13
2026-04-01,14.33641826923077,20.780288461538458,7.858173076923076,10.118481375358167,3.281951871657754,12.536229946524063,0.5237499999999999,48.919947506561684,990.2746719160104,985.5020997375328,13
2026-04-02,14.128846153846155,20.621153846153845,7.589663461538461,7.884362934362932,2.945187165775401,10.311229946524064,0.1001201923076923,50.173228346456696,988.1700787401576,983.857217847769,12
2026-04-03,14.281730769230768,21.684254807692305,6.852283653846154,11.08409742120344,2.607887700534759,8.614839572192514,0.007692307692307692,47.36089238845145,991.5803149606298,987.3047244094489,13
2026-04-04,15.97884615384615,24.834975961538458,7.069591346153846,11.287392550143268,2.4818181818181815,8.013235294117647,0.0423076923076923,49.99081364829397,992.1683727034122,988.305905511811,13
2026-04-05,17.183894230769226,25.712860576923074,8.662620192307692,11.384957020057305,2.550534759358288,8.337967914438503,0.0,47.27165354330709,991.9511811023623,988.5250656167977,13
2026-04-06,17.389182692307696,25.143028846153843,9.676201923076922,10.180659025787966,3.2764705882352936,10.857620320855613,0.27656250000000004,48.08530183727034,991.1475065616796,986.2444881889762,13
2026-04-07,15.86298076923077,22.344350961538463,9.407451923076922,5.826934097421203,3.8709893048128343,11.755080213903742,2.521634615384615,60.2992125984252,988.4422572178477,983.9043307086614,13
2026-04-08,15.024639423076923,20.73846153846154,9.295072115384613,7.809459459459458,3.1163101604278074,8.927540106951872,1.4065822784810127,64.67191601049868,988.6900262467192,985.4160104986876,12
2026-04-09,17.310697115384617,24.99423076923077,9.645312500000001,7.980182926829268,2.884625668449198,9.280748663101603,0.6461538461538461,56.813648293963254,988.5639107611551,983.4951443569553,12
2026-04-10,18.693870192307692,26.296875000000004,11.081490384615382,8.479656160458454,2.6255347593582883,10.132486631016041,1.7132764920828258,52.901574803149614,986.2740157480314,980.3080052493439,13
2026-04-11,16.91033653846154,22.37235576923077,11.442788461538461,3.3004297994269343,2.926069518716578,11.170855614973261,1.8034855769230769,62.5485564304462,983.3602362204723,977.8501312335958,13
2026-04-12,13.87548076923077,18.111538461538462,9.6390625,4.524928366762178,3.6037433155080216,10.625802139037432,7.188822115384614,71.46194225721786,982.9784776902886,978.7730971128609,13
2026-04-13,12.819350961538463,18.17764423076923,7.46454326923077,7.524903474903474,3.6736631016042782,11.023529411764706,0.5327500000000001,58.62598425196849,986.8883202099739,981.1229658792653,12
2026-04-14,14.580288461538462,21.929447115384615,7.20625,9.645845272206303,2.6839572192513366,9.015508021390373,0.072125,59.503937007874015,989.5402887139107,985.5392388451444,13
2026-04-15,16.260336538461534,24.205168269230768,8.353605769230768,10.906017191977076,1.939705882352941,7.696925133689839,0.10432692307692307,59.80446194225721,990.3240157480316,986.7603674540683,13
2026-04-16,17.909735576923072,25.506009615384613,10.336298076923073,11.585816618911176,2.2712566844919784,7.78529411764706,0.0,55.26902887139108,989.6938320209972,985.840026246719,13
2026-04-17,18.510697115384616,26.405288461538465,10.566105769230766,11.337106017191978,2.2827540106951867,8.196791443850268,0.0016826923076923078,54.39632545931758,987.9631233595799,984.763779527559,13
2026-04-18,19.026081730769228,27.185697115384613,10.897836538461537,10.541260744985674,2.4356951871657753,8.761764705882353,0.3015625,51.186351706036746,987.4944881889767,984.4797900262465,13
2026-04-19,19.36382211538461,27.48401442307692,11.252884615384614,10.493553008595986,2.348930481283422,9.318181818181817,0.4516129032258065,51.077427821522306,986.5248031496062,982.1069553805775,13
2026-04-20,19.768990384615385,27.656249999999996,11.86983173076923,10.484383954154728,2.5585561497326204,9.29893048128342,1.1046683046683046,56.57086614173228,983.5892388451443,977.6028871391078,13
2026-04-21,19.375625,26.661125000000002,12.148499999999999,6.827077363896848,3.194652406417112,11.446927374301675,0.23159509202453984,54.623359580052494,982.1267123287672,976.4472602739727,13
2026-04-22,19.206971153846155,26.318389423076916,12.104687499999999,9.997707736389685,2.4477272727272728,9.83058659217877,0.015782983970406905,60.93044619422572,984.2573490813649,978.1791338582677,13
2026-04-23,18.226442307692302,23.88185096153846,12.586298076923075,8.498853868194843,3.0668449197860963,9.876737967914437,1.1483173076923077,64.0209973753281,985.8673228346456,982.5081364829394,13
2026-04-24,17.585216346153842,22.906610576923075,12.248437500000001,6.837965616045845,2.454679144385026,9.143315508021391,1.4064436183395292,65.68897637795276,987.2787401574805,983.7503937007873,13
2026-04-25,18.07548076923077,23.835817307692313,12.3171875,6.025787965616046,2.316978609625668,8.041844919786096,0.4848557692307692,66.46062992125984,986.8576115485563,983.5276902887139,13
2026-04-26,18.624639423076925,25.278124999999996,11.984014423076921,10.014756446991404,2.9159090909090906,9.640641711229945,0.21009615384615382,61.800524934383205,986.8223097112863,984.017716535433,13
2026-04-27,19.135456730769228,25.523677884615385,12.762499999999998,9.316905444126075,3.1062834224598928,9.524732620320854,0.2762483130904183,58.53543307086614,986.1940944881889,981.4944881889762,13
2026-04-28,18.67560096153846,24.484735576923075,12.861057692307693,6.858022922636104,3.0483957219251336,10.049598930481284,1.5601023017902815,64.00787401574803,982.5923884514435,977.5795275590554,13
2026-04-29,17.446394230769233,21.934134615384618,12.949399038461536,4.49699140401146,3.105748663101604,9.25855614973262,1.8086419753086418,70.28608923884514,982.4682414698162,977.4892388451444,13
2026-04-30,17.880769230769232,24.33774038461538,11.454567307692306,9.203151862464185,2.2969251336898395,8.253342245989305,0.5245524296675192,63.9514435695538,986.9644356955381,981.9824146981628,13
