date,temp_mean_c,temp_max_c,temp_min_c,precip_mm,wind_speed_ms,wind_gust_ms,sunshine_hours,pressure_max_hpa,pressure_min_hpa,humidity_mean_pct
2015-01-01,4.2,11.7,-3.3,0.0,1.1,6.1,7.4,1001.5,996.5,69.0
2015-01-02,5.0,13.3,-3.3,0.0,1.4,6.9,7.2,1003.3,1000.5,60.0
2015-01-03,6.2,13.8,-1.4,0.0,1.9,6.4,7.3,1001.8,997.1,62.0
2015-01-04,5.4,12.7,-1.8,0.0,0.8,8.1,7.4,998.5,995.9,78.0
2015-01-05,6.0,13.9,-1.9,0.0,0.6,4.2,6.3,997.8,991.8,80.0
2015-01-06,4.3,9.4,-0.8,0.0,1.1,5.8,5.2,994.7,989.9,88.0
2015-01-07,4.7,9.8,-0.4,0.0,1.1,5.6,2.8,999.1,994.7,87.0
2015-01-08,3.6,7.2,0.1,0.0,1.9,8.3,3.5,1006.4,999.0,93.0
2015-01-09,4.2,8.8,-0.4,0.0,1.7,5.8,6.7,1007.3,1002.9,87.0
2015-01-10,7.2,15.0,-0.6,0.0,1.1,8.6,7.7,1002.9,992.9,79.0
2015-01-11,4.2,8.3,0.2,0.0,1.4,5.0,4.5,1000.4,991.6,90.0
2015-01-12,6.2,12.6,-0.2,0.0,1.1,4.4,4.3,1000.7,994.8,88.0
2015-01-13,7.9,15.8,0.0,0.0,0.8,6.7,7.4,994.8,987.7,70.0
2015-01-14,8.2,15.1,1.2,0.0,1.4,8.1,7.7,992.5,988.7,73.0
2015-01-15,7.8,16.8,-1.3,0.0,1.1,6.1,6.7,989.7,977.7,78.0
2015-01-16,5.7,9.9,1.5,2.4,1.4,9.2,0.8,980.8,974.1,86.0
2015-01-17,3.2,7.6,-1.3,0.0,1.1,8.1,4.8,987.4,980.8,85.0
2015-01-18,2.6,7.9,-2.8,3.2,0.8,5.8,2.8,986.5,975.4,83.0
2015-01-19,4.6,6.2,3.0,8.2,1.7,6.1,0.0,976.2,973.2,95.0
2015-01-20,4.4,6.7,2.2,0.2,1.9,6.4,0.6,975.9,973.2,85.0
2015-01-21,2.3,5.9,-1.3,0.0,1.4,5.8,2.4,974.5,970.8,83.0
2015-01-22,3.1,9.4,-3.2,0.0,1.1,8.1,7.7,979.9,972.7,79.0
2015-01-23,3.7,10.5,-3.1,0.0,1.9,11.7,8.0,985.1,979.5,62.0
2015-01-24,3.4,8.9,-2.1,0.0,3.1,11.9,7.8,987.7,983.2,61.0
2015-01-25,9.6,15.1,4.2,0.0,3.3,18.9,8.1,989.0,983.0,15.0
2015-01-26,4.2,10.5,-2.0,0.0,1.7,6.7,6.8,992.5,988.8,58.0
2015-01-27,4.4,9.0,-0.1,0.0,1.9,8.1,1.1,991.7,984.4,83.0
2015-01-28,5.2,11.7,-1.4,0.0,1.4,6.7,7.6,988.2,982.1,72.0
2015-01-29,6.9,13.4,0.4,0.0,2.8,17.2,7.6,982.3,959.5,63.0
2015-01-30,9.7,12.8,6.6,0.0,3.9,18.1,0.3,960.0,954.4,58.0
2015-01-31,7.2,11.7,2.8,0.8,4.4,14.7,5.0,964.8,951.8,67.0
2015-02-01,5.7,9.8,1.6,0.0,4.2,12.5,6.2,975.2,964.1,59.0
2015-02-02,1.4,6.2,-3.3,0.4,1.4,5.0,0.6,976.4,967.4,83.0
2015-02-03,4.4,7.9,0.9,5.6,1.7,7.8,,967.4,962.1,84.0
2015-02-04,2.2,4.1,0.2,8.4,1.7,9.2,0.2,965.0,962.5,85.0
2015-02-05,3.7,9.4,-2.0,0.0,2.8,11.1,7.2,970.9,964.0,37.0
2015-02-06,0.0,5.2,-5.2,0.0,2.5,8.9,8.3,979.0,970.7,57.0
2015-02-07,3.7,10.1,-2.7,0.0,1.9,5.8,8.3,987.9,979.0,60.0
2015-02-08,2.8,7.9,-2.2,0.0,2.2,10.0,8.9,987.9,981.9,71.0
2015-02-09,4.2,11.9,-3.6,0.0,1.4,7.2,9.0,993.2,986.9,62.0
2015-02-10,6.8,16.9,-3.4,0.0,0.8,4.4,9.1,992.3,987.2,56.0
2015-02-11,5.0,13.6,-3.5,0.0,1.1,5.8,5.1,990.6,986.1,55.0
2015-02-12,,,,,0.8,,,,,61.0
2015-02-13,8.6,14.9,2.2,0.0,1.4,9.7,8.8,987.1,982.5,61.0
2015-02-14,7.2,13.4,1.1,0.0,1.9,14.2,2.3,982.5,975.8,68.0
2015-02-15,8.4,13.7,3.0,0.0,1.4,7.5,3.8,978.3,973.4,74.0
2015-02-16,7.2,15.2,-0.7,0.0,1.1,8.6,7.1,984.1,978.3,56.0
2015-02-17,7.6,11.8,3.4,0.0,0.8,5.3,0.5,995.8,984.0,67.0
2015-02-18,8.3,14.9,1.7,0.0,1.1,6.7,8.3,999.0,994.8,61.0
2015-02-19,6.8,14.9,-1.4,0.0,1.7,8.3,9.2,998.9,993.1,65.0
2015-02-20,7.6,14.2,0.9,0.0,1.9,8.3,6.6,993.2,979.0,67.0
2015-02-21,7.0,11.0,2.9,0.0,1.4,7.2,1.2,979.0,967.1,77.0
2015-02-22,7.4,14.1,0.6,0.0,2.2,11.9,9.6,977.5,970.1,36.0
2015-02-23,9.2,18.2,0.2,1.4,3.9,13.6,7.3,977.5,971.9,56.0
2015-02-24,8.2,12.5,4.0,0.0,4.2,15.3,8.8,984.4,974.3,49.0
2015-02-25,10.5,17.7,3.3,0.0,2.8,12.8,8.4,984.2,979.9,35.0
2015-02-26,8.8,16.4,1.3,0.0,1.9,9.7,2.6,985.0,981.3,68.0
2015-02-27,9.2,15.9,2.4,0.0,2.5,11.4,8.5,985.7,977.9,58.0
2015-02-28,6.2,14.4,-2.1,0.0,1.9,9.4,8.7,987.6,983.8,52.0
2015-03-01,13.0,19.5,6.4,0.0,1.4,8.3,8.5,987.5,983.9,56.0
2015-03-02,15.2,21.4,9.1,0.0,3.6,12.2,7.0,989.4,984.0,61.0
2015-03-03,12.7,18.2,7.2,0.0,2.2,10.3,8.2,991.3,988.2,70.0
2015-03-04,8.0,12.7,3.3,2.2,2.2,10.3,2.9,994.4,988.3,61.0
2015-03-05,10.8,18.5,3.1,0.0,3.1,18.1,10.4,993.9,989.3,14.0
2015-03-06,8.2,17.9,-1.6,0.0,1.7,8.1,10.4,998.3,993.9,50.0
2015-03-07,10.4,20.7,0.0,0.0,1.1,9.7,9.2,996.5,990.3,59.0
2015-03-08,9.8,18.3,1.4,0.0,1.9,8.3,9.5,991.5,987.9,56.0
2015-03-09,11.8,19.6,3.9,0.0,1.9,7.5,9.0,991.0,987.6,50.0
2015-03-10,13.0,20.6,5.3,0.0,2.5,8.3,10.3,992.2,988.4,53.0
2015-03-11,14.0,23.9,4.0,0.0,1.1,6.1,8.4,990.7,986.4,52.0
2015-03-12,12.2,20.2,4.2,0.0,3.1,10.0,9.9,988.1,983.6,63.0
2015-03-13,11.6,17.8,5.3,0.0,1.7,10.0,5.7,987.7,984.0,64.0
2015-03-17,8.9,16.9,0.9,0.0,2.2,8.6,7.5,988.2,984.5,65.0
2015-03-18,11.0,16.6,5.3,0.0,2.8,10.0,2.6,987.2,984.2,65.0
2015-03-19,12.9,19.5,6.3,0.0,1.9,8.6,,986.2,982.7,57.0
2015-03-20,13.4,18.8,8.0,2.6,2.5,10.8,3.3,983.6,978.3,51.0
2015-03-21,11.9,14.6,9.2,10.8,2.2,10.3,,978.3,974.9,88.0
2015-03-22,11.9,16.5,7.3,5.6,1.9,9.7,4.5,980.0,974.5,82.0
2015-03-23,12.0,16.2,7.7,1.2,1.9,6.4,1.0,979.8,974.1,69.0
2015-03-24,11.5,14.0,9.0,2.0,,,0.4,974.1,969.5,79.0
2015-03-25,10.2,15.9,4.4,0.0,,,5.1,974.0,966.7,65.0
2015-03-26,7.8,15.8,-0.1,0.0,,,11.0,981.1,974.0,49.0
2015-03-27,14.2,21.4,6.9,0.0,,,10.4,987.1,981.1,54.0
2015-03-28,17.0,22.8,11.3,0.0,,,8.9,989.4,985.8,50.0
2015-03-29,14.1,18.9,9.3,0.0,,,2.8,988.5,985.0,59.0
2015-03-30,16.4,24.1,8.6,0.0,,,5.7,989.2,984.0,53.0
2015-03-31,17.2,25.7,8.8,0.0,,,11.2,989.7,985.4,53.0
2015-04-01,13.4,20.9,5.8,0.0,,,10.1,992.5,988.9,60.0
2015-04-02,13.6,22.2,5.0,0.0,,,11.0,992.1,986.4,57.0
2015-04-03,12.2,20.8,3.7,0.0,,,10.0,988.3,980.9,66.0
2015-04-04,13.6,19.3,8.0,0.0,,,9.0,981.4,976.9,62.0
2015-04-05,12.1,18.9,5.3,0.0,,,8.6,982.7,976.1,65.0
2015-04-06,12.2,18.3,6.0,0.0,,,8.7,990.2,982.7,50.0
2015-04-07,10.2,17.5,2.9,0.0,,,9.3,997.5,990.0,54.0
2015-04-08,9.6,19.4,-0.1,0.0,,,11.6,997.3,992.1,47.0
2015-04-09,10.1,20.2,0.0,0.0,,,11.1,994.7,991.0,49.0
2015-04-10,11.4,19.5,3.3,0.0,,,11.1,993.4,988.3,45.0
2015-04-11,13.6,21.8,5.3,0.0,,,7.9,993.9,989.1,58.0
2015-04-12,15.2,23.1,7.3,0.0,,,11.2,995.3,992.5,48.0
2015-04-13,15.2,25.4,5.0,0.0,,,11.6,996.4,992.7,46.0
2015-04-14,16.0,26.4,5.6,0.0,,,11.2,994.5,988.8,40.0
2015-04-15,13.8,23.7,3.9,0.0,,,7.0,989.9,982.9,35.0
2015-04-16,15.4,21.4,9.5,6.8,,,4.2,983.7,979.0,74.0
2015-04-17,15.5,23.5,7.5,0.0,,,9.4,984.6,981.4,65.0
2015-04-18,16.0,23.8,8.2,1.8,,,9.7,984.6,977.0,55.0
2015-04-19,15.4,20.5,10.2,0.0,,,7.8,985.3,976.7,67.0
2015-04-20,15.0,21.3,8.6,0.0,,,9.8,989.4,985.0,65.0
2015-04-21,16.3,24.4,8.2,0.0,,,9.9,991.2,988.3,57.0
2015-04-22,15.2,21.7,8.8,0.0,,,4.5,990.8,984.4,53.0
2015-04-23,15.9,25.0,6.8,0.0,,,9.7,986.0,981.1,50.0
2015-04-24,16.7,26.2,7.2,0.4,,,9.2,984.2,978.7,57.0
2015-04-25,18.6,23.7,13.6,0.0,,,4.5,981.1,976.8,68.0
2015-04-26,16.2,20.6,11.8,10.0,,,2.9,977.9,969.8,82.0
2015-04-27,16.0,21.3,10.6,1.4,,,3.3,977.3,968.6,65.0
2015-04-28,14.3,22.4,6.2,0.0,,,11.0,985.5,977.3,51.0
2015-04-29,14.0,20.9,7.0,0.0,,,4.5,987.2,982.3,58.0
2015-04-30,15.4,22.5,8.2,0.0,,,8.2,987.2,982.5,59.0
2015-05-01,17.1,24.9,9.3,0.0,,,5.7,983.1,977.2,55.0
2015-05-02,20.9,28.7,13.1,0.0,,,7.8,981.8,977.0,53.0
2015-05-03,22.8,31.7,13.8,0.0,,,9.5,978.1,975.0,44.0
2015-05-04,22.8,28.6,17.0,0.0,,,4.2,977.6,972.8,52.0
2015-05-05,20.6,27.4,13.8,0.0,,,5.3,980.4,972.6,50.0
2015-05-06,18.6,27.4,9.9,0.0,,,12.4,986.8,980.2,50.0
2015-05-07,17.0,25.1,8.9,0.0,,,11.7,987.4,982.3,54.0
2015-05-08,19.0,28.5,9.4,0.0,,,12.4,988.1,980.7,43.0
2015-05-09,20.6,29.9,11.2,0.0,,,12.7,991.2,987.3,45.0
2015-05-10,21.3,30.6,12.0,0.0,,,11.9,992.0,987.1,45.0
2015-05-11,20.6,30.5,10.6,0.0,,,12.1,990.0,986.9,38.0
2015-05-12,19.2,29.6,8.7,0.0,,,12.7,990.6,987.8,35.0
2015-05-13,22.4,33.1,11.7,0.0,,,11.4,990.5,983.5,42.0
2015-05-14,25.4,34.5,16.2,0.0,,,5.2,983.5,974.1,31.0
2015-05-15,18.3,25.7,10.9,0.0,,,12.5,984.6,977.5,26.0
2015-05-16,19.2,29.3,9.2,0.0,,,12.7,989.5,984.2,29.0
2015-05-17,19.0,29.0,9.1,0.0,,,12.9,989.6,984.2,38.0
2015-05-18,19.8,29.3,10.4,0.0,,,12.9,985.8,975.9,41.0
2015-05-19,14.6,17.9,11.4,7.6,,,0.0,980.7,976.4,81.0
2015-05-20,15.4,21.5,9.4,1.0,,,6.5,986.8,980.5,60.0
2015-05-21,16.5,23.8,9.2,0.0,,,10.6,989.5,985.2,35.0
2015-05-22,15.4,24.8,5.9,0.0,,,11.6,989.6,982.7,34.0
2015-05-23,16.4,25.4,7.4,0.0,,,8.9,985.0,979.4,40.0
2015-05-24,17.4,24.2,10.6,0.0,,,6.7,984.2,982.1,39.0
2015-05-25,18.0,28.1,7.8,0.0,,,6.4,984.1,978.9,45.0
2015-05-26,19.1,27.5,10.7,0.0,,,13.4,984.4,979.5,48.0
2015-05-27,18.7,26.5,10.9,0.0,,,13.4,986.4,983.1,48.0
2015-05-28,19.3,28.5,10.1,0.0,,,13.6,986.6,981.7,48.0
2015-05-29,19.0,28.2,9.9,0.0,,,12.0,983.6,978.8,39.0
2015-05-30,18.2,25.5,11.0,0.0,,,13.4,985.3,982.0,41.0
2015-05-31,20.0,27.5,12.4,0.4,,,10.8,985.1,982.5,52.0
2015-06-01,21.6,29.1,14.1,0.0,,,12.3,986.2,982.8,43.0
2015-06-02,21.0,29.8,12.3,0.0,,,12.3,988.1,985.0,42.0
2015-06-03,23.6,31.4,15.8,0.0,,,6.3,989.0,987.1,37.0
2015-06-04,23.5,32.5,14.5,0.0,,,13.7,988.9,985.6,30.0
2015-06-05,22.4,32.7,12.2,0.0,,,13.7,987.9,984.2,25.0
2015-06-06,22.0,31.1,12.8,0.0,,,13.7,988.4,986.4,30.0
2015-06-07,23.6,32.9,14.3,0.0,,,8.9,989.2,985.5,41.0
2015-06-08,22.6,31.1,14.2,3.0,,,7.1,986.9,982.4,55.0
2015-06-09,22.9,29.3,16.5,1.8,,,4.8,983.0,980.1,67.0
2015-06-10,22.6,29.1,16.0,0.0,,,5.3,983.3,980.4,56.0
2015-06-11,22.8,30.8,14.8,2.2,,,6.2,982.6,976.1,60.0
2015-06-12,21.4,27.9,14.8,0.0,,,7.5,979.1,974.3,58.0
2015-06-13,22.1,27.3,16.9,1.2,,,7.2,979.1,974.7,62.0
2015-06-14,20.4,26.3,14.5,0.2,,,8.4,979.9,975.7,52.0
2015-06-15,19.6,24.1,15.0,0.6,,,5.9,984.8,979.6,62.0
2015-06-16,19.8,25.4,14.1,5.0,1.1,8.9,4.1,986.5,983.5,84.0
2015-06-17,21.0,29.2,12.9,0.0,2.2,8.3,10.8,987.4,983.7,50.0
2015-06-18,22.4,31.0,13.8,0.0,2.5,8.3,13.8,987.3,982.3,42.0
2015-06-19,22.0,29.6,14.5,0.0,3.1,9.7,13.0,984.1,980.7,50.0
2015-06-20,23.8,31.8,15.7,0.0,1.9,10.8,13.2,985.6,982.4,39.0
2015-06-21,22.8,30.6,15.1,0.0,3.6,9.2,13.8,986.1,982.9,43.0
2015-06-22,23.6,31.7,15.4,0.0,3.3,10.3,13.5,984.6,978.2,47.0
2015-06-23,22.4,27.7,17.2,3.2,1.7,7.5,3.8,982.7,978.2,54.0
2015-06-24,22.0,29.3,14.7,0.0,2.5,11.1,12.0,987.6,981.8,59.0
2015-06-25,23.6,31.6,15.5,0.0,2.8,9.7,13.5,988.4,986.0,47.0
2015-06-26,25.6,35.3,15.8,0.0,2.2,11.1,13.8,988.1,984.1,44.0
2015-06-27,27.0,36.3,17.8,0.0,2.8,10.0,12.9,986.7,982.6,47.0
2015-06-28,25.6,32.8,18.3,0.0,3.6,10.6,13.8,986.8,983.2,47.0
2015-06-29,26.6,35.3,17.9,0.0,2.8,8.3,13.8,987.3,984.6,40.0
2015-06-30,27.2,36.0,18.5,0.0,2.8,9.2,13.8,986.3,982.3,30.0
2015-07-01,26.2,35.5,16.9,0.0,3.3,8.6,13.4,985.9,982.9,31.0
2015-07-02,25.6,32.8,18.3,0.0,2.5,8.1,4.2,990.0,985.2,30.0
2015-07-03,27.2,36.0,18.4,0.0,2.8,9.4,12.3,990.5,987.8,32.0
2015-07-04,28.3,38.3,18.3,0.0,1.9,9.4,11.7,990.2,985.9,27.0
2015-07-05,29.4,40.3,18.6,0.0,3.1,9.7,12.6,986.7,982.8,25.0
2015-07-06,28.6,38.5,18.6,0.0,2.8,9.4,13.5,986.9,982.7,26.0
2015-07-07,29.9,40.2,19.6,0.0,2.5,10.3,13.1,984.1,978.7,29.0
2015-07-08,28.3,34.3,22.3,0.0,3.1,10.6,12.7,983.5,979.9,47.0
2015-07-09,26.3,34.5,18.1,0.0,2.2,8.6,13.4,985.0,980.8,32.0
2015-07-10,25.8,34.2,17.4,0.0,3.1,9.4,13.7,984.8,980.7,41.0
2015-07-11,25.8,32.3,19.4,0.0,2.8,9.2,13.5,987.0,983.9,54.0
2015-07-12,27.9,34.9,20.9,0.0,2.2,11.7,10.6,986.4,982.6,53.0
2015-07-13,28.0,35.5,20.4,0.0,3.3,10.8,13.6,985.8,983.0,48.0
2015-07-14,27.1,34.4,19.8,0.0,3.1,10.6,13.2,985.6,982.9,43.0
2015-07-15,27.6,35.3,19.9,0.0,2.8,11.1,13.0,984.7,981.5,35.0
2015-07-16,27.5,35.8,19.2,0.0,2.5,10.3,11.7,984.1,981.0,34.0
2015-07-17,28.0,36.2,19.9,0.0,2.8,10.3,11.0,985.2,982.5,39.0
2015-07-18,28.7,36.6,20.8,0.0,2.5,14.7,10.8,985.3,979.7,41.0
2015-07-19,26.8,34.8,18.7,0.0,3.3,10.6,10.6,982.6,979.9,44.0
2015-07-20,28.0,35.1,20.8,0.0,2.8,9.7,8.3,983.3,979.9,60.0
2015-07-21,28.6,35.6,21.5,0.2,2.8,10.3,10.1,982.8,979.6,50.0
2015-07-22,28.9,36.7,21.1,0.0,2.2,11.7,10.8,983.9,979.3,48.0
2015-07-23,26.6,34.2,19.1,0.0,2.5,8.3,9.6,983.5,977.5,48.0
2015-07-24,28.2,35.0,21.5,0.0,3.1,10.0,9.3,979.0,973.2,57.0
2015-07-25,25.9,30.7,21.1,0.0,2.8,10.8,5.7,983.6,978.0,53.0
2015-07-26,25.8,34.2,17.4,0.0,3.1,10.0,10.8,983.4,977.6,39.0
2015-07-27,25.4,30.6,20.2,0.0,3.6,11.9,8.6,981.5,978.2,60.0
2015-07-28,26.1,31.2,21.0,0.0,3.9,11.7,9.9,981.6,977.8,52.0
2015-07-29,28.2,33.4,22.9,0.2,3.1,9.4,7.2,980.4,975.6,64.0
2015-07-30,24.4,28.7,20.2,0.2,3.3,12.8,3.9,980.7,977.4,61.0
2015-07-31,22.4,28.0,16.9,22.6,2.5,15.0,1.9,980.7,975.8,56.0
2015-08-01,22.0,27.5,16.6,0.0,1.4,8.1,5.5,984.6,977.0,65.0
2015-08-02,24.0,31.6,16.5,0.0,2.5,8.9,12.3,984.6,981.1,59.0
2015-08-03,27.2,35.4,19.1,0.0,2.5,10.8,9.0,984.4,981.1,60.0
2015-08-04,28.0,33.7,22.3,0.0,3.3,9.7,11.2,983.9,980.5,47.0
2015-08-05,27.2,35.0,19.3,0.0,2.5,8.9,11.6,982.8,979.4,45.0
2015-08-06,26.6,34.9,18.2,0.0,2.5,9.2,12.2,983.0,979.6,39.0
2015-08-07,29.0,37.5,20.5,0.0,3.1,10.8,11.9,984.3,979.6,49.0
2015-08-08,24.2,30.0,18.4,3.4,1.4,10.3,0.2,987.0,983.2,76.0
2015-08-09,22.7,28.2,17.2,0.0,3.3,,,986.7,983.1,49.0
2015-08-10,24.4,32.3,16.4,0.0,2.2,10.8,12.4,984.1,979.7,48.0
2015-08-11,24.6,32.9,16.2,0.0,2.5,9.4,12.0,983.1,979.3,52.0
2015-08-12,25.8,31.9,19.7,0.0,3.1,8.9,6.9,984.4,981.8,62.0
2015-08-13,27.8,33.6,22.1,0.0,2.5,12.5,8.0,982.7,977.9,51.0
2015-08-14,23.4,29.6,17.2,0.0,2.8,10.6,9.2,981.2,978.3,37.0
2015-08-15,20.0,25.5,14.4,6.4,1.4,8.9,3.1,981.9,978.5,58.0
2015-08-16,20.3,27.7,12.9,0.0,2.2,8.9,9.8,981.5,977.3,56.0
2015-08-17,21.6,26.1,17.1,8.4,2.5,10.3,7.5,980.7,978.1,58.0
2015-08-18,20.0,23.3,16.7,14.8,1.7,7.5,2.6,984.0,979.5,75.0
2015-08-19,21.7,28.2,15.2,0.0,1.9,6.4,9.5,987.3,983.5,61.0
2015-08-20,23.0,30.4,15.5,0.0,2.2,8.6,11.3,988.4,985.6,59.0
2015-08-21,25.4,31.6,19.1,0.0,2.2,11.9,8.7,988.0,983.8,65.0
2015-08-22,24.5,29.8,19.2,0.0,2.5,9.2,6.0,985.6,978.2,65.0
2015-08-23,23.7,30.4,17.0,0.0,2.2,9.7,7.2,978.2,972.3,59.0
2015-08-24,22.4,28.4,16.5,0.0,2.8,12.2,11.4,983.7,973.3,40.0
2015-08-25,21.9,30.6,13.2,0.0,2.8,8.9,11.3,986.8,983.7,49.0
2015-08-26,23.2,30.6,15.7,0.0,2.5,8.9,9.9,986.4,980.7,62.0
2015-08-27,25.2,32.3,18.2,0.0,3.1,10.8,10.5,983.5,980.1,63.0
2015-08-28,24.8,32.5,17.0,0.0,2.8,10.6,11.4,986.7,983.1,58.0
2015-08-29,24.6,32.2,16.9,0.0,3.1,9.2,11.3,987.4,984.8,48.0
2015-08-30,23.8,32.3,15.3,0.0,2.8,8.6,11.1,986.8,983.2,47.0
2015-08-31,25.7,33.4,18.0,0.0,2.2,10.0,8.9,985.1,977.8,54.0
2015-09-01,24.6,30.9,18.3,1.8,2.5,9.2,8.8,983.4,980.0,58.0
2015-09-02,21.5,25.0,18.0,0.2,2.5,8.6,3.0,983.3,980.6,77.0
2015-09-03,21.0,25.8,16.2,0.2,1.9,7.8,2.3,982.6,979.2,72.0
2015-09-04,17.6,19.3,15.9,10.2,1.7,6.7,0.0,983.2,981.1,89.0
2015-09-05,19.2,23.6,14.7,0.0,1.9,7.2,8.9,987.4,982.9,56.0
2015-09-06,20.0,26.4,13.7,0.0,2.2,8.1,9.2,988.4,985.5,58.0
2015-09-07,20.3,27.8,12.8,0.0,1.9,9.4,7.9,988.1,984.8,63.0
2015-09-08,20.5,25.9,15.1,0.0,2.2,7.8,5.7,986.1,982.2,60.0
2015-09-09,19.7,27.6,11.8,,2.5,8.9,10.5,983.5,980.3,58.0
2015-09-10,18.2,21.7,14.6,,1.4,6.4,3.6,983.4,981.1,89.0
2015-09-11,19.6,24.0,15.1,,1.9,5.8,1.1,983.5,981.8,80.0
2015-09-12,22.8,28.6,17.0,,1.9,7.8,6.1,983.4,978.2,63.0
2015-09-13,20.8,27.8,13.8,,1.4,10.8,5.8,979.3,973.1,63.0
2015-09-14,18.7,24.9,12.5,,1.9,8.9,5.3,980.5,975.1,54.0
2015-09-15,19.8,26.0,13.5,0.0,2.2,8.6,6.5,980.5,972.5,62.0
2015-09-16,22.2,29.3,15.0,0.0,3.1,11.4,10.5,972.5,968.6,58.0
2015-09-17,19.8,25.2,14.5,0.0,3.6,11.1,10.4,982.7,969.6,45.0
2015-09-18,18.0,25.7,10.4,0.0,2.5,8.3,10.2,989.0,982.7,57.0
2015-09-19,18.7,26.3,11.1,0.0,2.8,9.4,10.5,989.9,986.7,60.0
2015-09-20,21.0,27.9,14.2,0.0,1.9,7.8,10.1,988.6,984.2,58.0
2015-09-21,21.0,28.8,13.3,0.0,2.2,7.8,10.6,985.7,979.7,56.0
2015-09-22,19.6,28.5,10.6,0.2,2.5,8.6,10.6,980.8,976.0,65.0
2015-09-23,19.6,25.5,13.8,0.0,3.1,9.2,9.4,983.9,977.8,56.0
2015-09-24,17.3,25.9,8.7,0.0,1.9,7.2,9.1,985.4,982.5,50.0
2015-09-25,18.5,27.7,9.3,0.0,2.2,9.2,10.2,985.0,981.0,58.0
2015-09-26,20.1,26.0,14.2,14.6,2.8,10.0,6.7,986.1,982.5,63.0
2015-09-27,17.4,21.9,13.0,0.0,1.4,4.4,1.5,989.2,985.3,72.0
2015-09-28,17.6,24.8,10.4,0.0,1.7,7.2,9.9,990.1,986.8,62.0
2015-09-29,16.0,19.3,12.8,14.6,1.4,7.2,0.7,987.5,984.5,87.0
2015-09-30,15.2,17.6,12.7,0.8,1.9,8.3,0.2,986.8,983.3,85.0
2015-10-01,15.4,20.4,10.3,3.8,1.9,7.2,1.2,988.0,985.7,66.0
2015-10-02,17.2,22.5,11.8,0.0,1.9,5.8,7.9,986.8,981.1,70.0
2015-10-03,17.4,22.7,12.1,0.0,2.2,7.8,3.3,985.0,980.4,63.0
2015-10-04,16.4,23.1,9.6,0.0,1.7,5.3,2.7,986.6,982.6,79.0
2015-10-05,21.3,28.2,14.4,0.0,3.1,14.2,4.7,984.2,976.9,58.0
2015-10-06,20.3,25.9,14.7,0.0,3.3,15.0,9.9,980.0,975.1,52.0
2015-10-07,17.2,23.6,10.9,0.0,2.2,8.3,9.7,984.3,980.0,60.0
2015-10-08,16.1,22.2,10.0,0.0,1.7,6.4,8.8,984.7,981.4,63.0
2015-10-09,16.0,22.4,9.7,0.0,1.9,8.3,7.5,982.9,977.8,69.0
2015-10-10,16.1,24.1,8.1,0.0,1.9,4.7,8.9,980.0,974.3,64.0
2015-10-11,17.0,26.1,7.9,0.0,1.7,7.2,7.6,975.5,972.1,62.0
2015-10-12,20.0,24.5,15.6,0.0,1.4,8.9,5.8,978.9,974.6,74.0
2015-10-13,15.7,17.8,13.6,4.6,1.9,7.2,0.0,980.6,977.8,84.0
2015-10-14,13.5,17.2,9.8,0.0,2.8,7.5,5.9,979.5,976.5,70.0
2015-10-15,10.8,17.8,3.7,0.0,1.4,6.9,8.1,983.2,979.5,63.0
2015-10-16,11.6,19.7,3.5,0.0,1.4,6.1,8.4,984.2,980.9,67.0
2015-10-17,14.4,20.8,7.9,0.0,2.2,6.9,5.6,983.8,979.9,68.0
2015-10-18,16.4,22.1,10.6,0.0,1.7,5.8,4.5,981.7,977.9,82.0
2015-10-19,17.5,20.0,15.0,0.0,1.7,6.1,0.0,979.7,977.1,85.0
2015-10-20,16.0,18.2,13.7,0.0,1.9,6.9,0.0,982.3,979.2,80.0
2015-10-21,13.3,18.0,8.6,0.0,1.7,7.8,4.8,983.7,981.5,67.0
2015-10-22,11.7,19.4,4.0,0.0,1.7,9.4,8.9,986.3,983.4,53.0
2015-10-23,14.4,22.4,6.3,0.0,3.1,7.2,9.0,988.5,984.9,58.0
2015-10-24,12.9,18.0,7.8,0.0,0.6,2.8,1.0,988.5,985.1,83.0
2015-10-25,14.8,20.2,9.5,0.0,1.7,5.8,2.7,988.9,985.3,82.0
2015-10-26,14.6,16.7,12.6,1.8,1.1,3.6,0.2,985.3,980.9,93.0
2015-10-27,17.2,21.0,13.3,2.2,1.1,8.3,1.9,981.3,977.6,87.0
2015-10-28,13.6,19.0,8.1,0.0,3.1,11.7,7.7,984.0,977.9,53.0
2015-10-29,12.3,20.1,4.5,0.0,1.1,5.0,8.8,986.5,982.6,66.0
2015-10-30,14.0,22.2,5.9,0.0,1.4,6.1,8.8,988.9,985.9,72.0
2015-10-31,15.4,22.6,8.3,0.0,1.7,6.4,7.8,991.6,987.1,65.0
2015-11-01,13.8,20.7,7.0,0.0,1.4,6.9,5.0,992.9,990.5,61.0
2015-11-02,15.0,17.5,12.4,27.6,3.3,13.9,0.0,990.8,982.2,83.0
2015-11-03,15.8,19.3,12.4,0.0,1.4,6.9,3.8,988.1,983.2,74.0
2015-11-04,15.0,20.9,9.0,0.0,0.8,6.7,7.5,988.3,985.0,70.0
2015-11-05,15.4,21.6,9.1,0.2,1.1,5.8,8.7,990.5,986.3,74.0
2015-11-06,16.1,23.5,8.7,0.0,1.4,3.6,8.6,993.4,990.2,70.0
2015-11-07,16.1,23.5,8.7,0.0,1.7,6.4,8.6,995.5,991.8,73.0
2015-11-08,14.8,20.3,9.2,0.2,1.7,9.2,8.2,996.8,994.0,87.0
2015-11-09,14.8,19.7,9.9,0.0,1.1,5.0,4.4,998.9,996.5,90.0
2015-11-10,14.6,20.7,8.4,0.2,0.8,3.6,5.4,996.9,992.2,87.0
2015-11-11,13.8,21.7,5.8,0.0,0.6,2.8,7.6,993.5,989.6,77.0
2015-11-12,12.8,20.4,5.3,0.0,1.9,6.4,7.8,993.1,989.9,74.0
2015-11-13,11.8,13.1,10.6,0.2,1.1,3.3,0.0,998.3,993.0,89.0
2015-11-14,10.6,15.3,5.8,0.0,1.4,6.4,4.1,998.9,994.8,87.0
2015-11-15,11.9,20.4,3.4,0.0,1.1,2.8,6.7,994.8,988.1,72.0
2015-11-16,9.8,17.3,2.4,0.0,1.4,4.4,7.6,989.5,986.7,75.0
2015-11-17,9.4,17.3,1.4,0.0,1.4,5.3,7.8,992.8,988.6,78.0
2015-11-18,10.4,19.2,1.6,0.0,1.1,5.0,7.1,994.0,990.7,67.0
2015-11-19,11.2,19.5,2.8,0.0,0.6,5.3,7.8,995.1,992.3,66.0
2015-11-20,10.5,16.1,4.9,0.0,1.9,10.0,5.6,994.6,979.1,74.0
2015-11-21,11.0,16.7,5.4,0.2,3.9,13.6,5.1,979.1,968.7,52.0
2015-11-22,5.3,10.5,0.1,0.0,2.2,9.2,5.2,979.9,974.7,64.0
2015-11-23,4.0,11.3,-3.2,0.0,1.4,8.3,7.7,988.8,979.7,55.0
2015-11-24,2.0,9.4,-5.5,0.0,1.7,7.5,7.7,991.1,987.1,59.0
2015-11-25,7.8,14.5,1.0,0.0,2.8,8.3,4.8,987.1,976.4,66.0
2015-11-26,9.0,17.2,0.9,0.0,2.2,10.0,7.4,978.9,975.3,71.0
2015-11-27,8.2,14.6,1.9,0.0,0.8,5.8,5.0,982.5,978.9,75.0
2015-11-28,7.4,15.3,-0.6,0.0,1.4,4.7,5.6,993.3,982.2,79.0
2015-11-29,5.6,11.7,-0.4,0.0,1.7,5.8,6.4,1000.5,993.3,71.0
2015-11-30,6.9,15.6,-1.8,0.0,1.4,4.4,7.5,1001.7,997.0,68.0
2015-12-01,6.8,15.2,-1.6,0.0,0.6,3.3,7.5,999.8,994.9,73.0
2015-12-02,6.2,13.8,-1.5,0.0,0.8,3.3,5.6,996.1,993.4,72.0
2015-12-03,5.4,13.2,-2.3,0.0,0.8,2.5,6.8,997.7,994.4,82.0
2015-12-04,8.6,14.5,2.8,0.0,1.1,2.8,5.3,1001.0,997.6,74.0
2015-12-05,8.7,13.8,3.6,0.2,0.3,3.1,3.2,999.9,995.9,85.0
2015-12-06,7.6,11.5,3.7,0.0,0.3,3.3,0.6,998.3,995.8,89.0
2015-12-07,9.6,11.5,7.8,0.8,0.6,2.2,0.0,998.0,995.5,93.0
2015-12-08,12.0,16.6,7.3,0.0,0.8,4.2,3.8,1000.0,995.5,91.0
2015-12-09,10.5,16.7,4.3,0.0,1.1,5.8,5.4,1002.9,1000.0,87.0
2015-12-10,7.2,12.0,2.3,0.0,0.8,3.3,4.3,1001.4,998.2,93.0
2015-12-11,7.7,12.6,2.8,0.0,0.8,4.2,4.5,1001.0,996.7,86.0
2015-12-12,5.5,11.3,-0.3,0.0,0.8,2.8,5.6,996.9,990.1,83.0
2015-12-13,6.0,12.5,-0.6,0.0,0.8,3.6,7.1,990.1,985.5,82.0
2015-12-14,3.8,9.6,-1.9,0.0,1.1,3.3,3.4,990.8,986.7,87.0
2015-12-15,7.0,14.6,-0.7,0.0,1.1,6.1,6.0,995.1,990.5,81.0
2015-12-16,9.2,16.0,2.5,0.0,0.8,3.3,6.6,998.3,995.1,83.0
2015-12-17,10.0,16.3,3.6,0.0,0.8,2.2,5.1,996.4,992.0,78.0
2015-12-18,8.8,16.2,1.5,0.0,1.1,2.2,7.1,994.8,991.8,78.0
2015-12-19,8.6,14.9,2.4,0.0,1.7,6.1,7.1,992.8,988.6,80.0
2015-12-20,8.3,9.3,7.3,0.0,0.8,3.3,0.0,994.1,989.8,99.0
2015-12-21,7.8,12.3,3.2,0.0,0.8,4.7,0.0,1000.2,993.8,87.0
2015-12-22,7.0,12.4,1.7,0.0,0.6,3.9,5.5,1000.9,996.5,90.0
2015-12-23,6.1,10.1,2.1,0.0,1.1,3.6,1.6,999.0,995.7,93.0
2015-12-24,9.4,15.0,3.7,0.0,0.8,3.3,3.4,996.8,993.5,82.0
2015-12-25,6.2,12.4,0.1,0.0,0.6,2.5,6.9,1000.3,996.5,90.0
2015-12-26,6.2,13.6,-1.1,0.0,0.8,1.9,7.1,1000.1,996.4,82.0
2015-12-27,6.6,14.3,-1.2,0.0,0.6,3.1,7.1,999.5,995.8,80.0
2015-12-28,7.0,11.3,2.8,0.0,0.8,2.8,2.1,998.0,993.6,87.0
2015-12-29,11.1,16.0,6.2,0.0,0.8,6.7,5.3,996.4,992.8,83.0
2015-12-30,8.7,14.5,2.9,0.0,1.1,6.7,4.6,996.0,988.3,82.0
2015-12-31,8.4,15.5,1.2,0.0,1.1,5.0,6.8,991.7,988.2,77.0
2016-01-01,6.9,11.4,2.4,0.2,0.6,3.3,0.5,991.7,982.7,92.0
2016-01-02,8.0,13.6,2.4,0.0,1.1,12.2,3.5,985.1,980.9,76.0
2016-01-03,6.6,11.8,1.5,0.2,2.2,8.6,1.0,985.0,971.0,69.0
2016-01-04,9.6,11.5,7.7,0.4,1.4,9.7,0.6,971.1,966.0,89.0
2016-01-05,9.4,12.5,6.2,0.0,3.1,9.2,5.7,972.0,967.1,63.0
2016-01-06,6.4,11.1,1.6,0.0,1.9,14.2,4.8,976.7,971.7,64.0
2016-01-07,11.8,17.0,6.5,0.0,0.8,8.6,4.1,976.6,973.4,64.0
2016-01-08,14.7,19.4,10.0,0.0,2.8,12.8,5.2,976.2,972.7,55.0
2016-01-09,12.6,16.2,9.1,0.0,2.2,9.7,4.0,974.2,970.6,68.0
2016-01-10,11.5,18.1,4.9,0.0,3.3,14.7,5.2,974.1,969.1,54.0
2016-01-11,12.2,16.0,8.3,0.0,5.3,16.7,5.9,978.7,967.5,53.0
2016-01-12,9.0,13.3,4.8,0.0,3.3,11.4,7.7,988.1,978.4,48.0
2016-01-13,5.5,12.2,-1.2,0.0,0.3,5.3,7.2,993.3,986.4,64.0
2016-01-14,6.6,11.9,1.2,0.0,2.5,11.7,1.3,986.4,978.3,65.0
2016-01-15,7.0,10.4,3.6,0.0,2.8,9.7,3.3,988.1,983.1,57.0
2016-01-16,4.6,10.9,-1.7,0.0,2.8,10.6,7.8,991.9,987.6,26.0
2016-01-17,1.7,8.6,-5.2,0.0,1.7,5.8,3.9,992.2,985.5,53.0
2016-01-18,5.4,11.8,-0.9,0.0,1.4,7.2,4.0,985.5,976.9,57.0
2016-01-19,6.2,10.6,1.7,0.0,0.8,3.9,5.5,984.0,979.8,71.0
2016-01-20,6.1,13.8,-1.6,0.0,1.1,2.8,7.6,984.7,980.8,67.0
2016-01-21,6.1,14.3,-2.1,0.0,1.4,4.7,7.9,991.9,984.3,69.0
2016-01-22,4.6,11.3,-2.2,0.0,1.1,2.8,5.1,997.5,991.7,77.0
2016-01-23,10.4,18.5,2.4,0.0,1.4,4.4,7.3,1000.7,996.5,66.0
2016-01-24,8.0,14.6,1.4,0.0,2.5,6.1,7.8,1001.2,997.5,87.0
2016-01-25,10.6,14.4,6.7,0.0,1.4,3.1,2.7,998.1,995.3,89.0
2016-01-26,9.2,12.2,6.2,0.0,0.8,4.7,3.6,998.6,995.5,91.0
2016-01-27,10.1,15.4,4.8,0.0,1.4,3.6,4.4,997.1,991.9,85.0
2016-01-28,9.1,15.3,2.9,0.0,1.1,7.5,4.5,996.5,991.8,77.0
2016-01-29,9.4,13.5,5.3,0.0,0.8,3.9,2.3,999.6,996.4,83.0
2016-01-30,8.6,13.1,4.0,0.0,1.9,8.9,5.9,999.0,994.2,82.0
2016-01-31,6.6,11.6,1.5,0.0,1.9,5.8,0.4,995.9,992.2,84.0
2016-02-01,11.0,17.2,4.9,0.0,1.9,7.2,5.0,997.4,994.3,75.0
2016-02-02,8.8,16.3,1.2,0.0,1.9,6.7,3.7,995.5,990.2,81.0
2016-02-03,9.8,15.6,4.1,0.0,1.9,7.2,4.6,997.8,990.1,72.0
2016-02-04,5.6,13.3,-2.1,0.0,1.9,7.2,8.7,1001.5,997.7,49.0
2016-02-05,8.2,18.9,-2.4,0.0,1.1,5.6,8.6,998.8,989.5,50.0
2016-02-06,4.8,8.8,0.9,2.0,0.8,3.6,0.4,990.5,979.1,78.0
2016-02-07,10.4,15.2,5.6,0.0,5.0,12.2,6.2,986.0,972.1,55.0
2016-02-08,8.4,16.1,0.6,0.0,3.1,11.1,8.7,988.8,985.4,59.0
2016-02-09,11.2,16.0,6.5,0.2,4.4,20.0,0.8,985.9,971.2,54.0
2016-02-10,11.2,14.7,7.7,1.0,3.1,14.2,3.2,977.0,972.5,65.0
2016-02-11,10.0,12.6,7.3,1.4,1.7,7.2,1.4,976.9,974.4,94.0
2016-02-12,11.1,15.1,7.1,0.0,3.3,15.8,2.5,976.4,967.8,85.0
2016-02-13,15.5,20.4,10.6,8.4,2.8,13.6,5.4,969.3,963.0,64.0
2016-02-14,11.2,15.1,7.2,0.6,4.2,11.7,7.0,965.1,960.3,57.0
2016-02-15,7.9,15.4,0.4,0.0,1.4,11.4,,983.0,965.1,46.0
2016-02-16,5.0,13.2,-3.1,0.0,1.7,7.8,9.3,989.3,983.0,42.0
2016-02-17,4.0,10.3,-2.2,0.0,1.9,8.1,9.3,989.4,982.0,50.0
2016-02-18,3.6,9.3,-2.1,0.0,0.8,3.9,2.1,987.4,980.8,58.0
2016-02-19,4.9,12.4,-2.6,0.0,1.4,8.1,9.4,994.6,987.4,60.0
2016-02-20,6.4,15.7,-2.9,0.0,1.7,6.7,9.5,998.1,994.1,56.0
2016-02-21,9.1,20.1,-1.9,0.4,1.4,5.8,7.3,997.6,988.9,49.0
2016-02-22,12.6,17.9,7.3,0.0,2.5,9.4,7.5,989.5,981.2,59.0
2016-02-23,10.6,17.5,3.7,0.0,2.5,7.2,9.4,987.6,985.2,60.0
2016-02-24,10.6,18.4,2.7,0.0,1.7,7.2,8.8,986.5,977.0,61.0
2016-02-25,9.6,17.0,2.3,0.0,1.9,9.7,8.4,979.4,976.0,60.0
2016-02-26,7.9,13.7,2.1,14.0,1.7,7.5,4.4,979.4,963.7,70.0
2016-02-27,6.9,8.9,4.9,13.6,1.1,7.5,0.9,963.7,953.3,91.0
2016-02-28,8.3,12.9,3.7,1.2,1.4,7.5,3.8,969.2,959.3,70.0
2016-02-29,8.8,16.2,1.4,0.0,3.1,13.9,9.1,984.2,968.7,53.0
2016-03-01,7.0,14.0,0.1,0.0,2.5,11.1,6.7,988.4,984.2,52.0
2016-03-02,11.6,19.1,4.0,0.0,5.0,17.5,8.8,986.6,976.0,54.0
2016-03-03,10.7,16.7,4.7,0.0,4.7,13.9,9.5,980.3,975.5,46.0
2016-03-04,9.7,17.3,2.1,0.0,3.6,12.2,6.4,979.5,964.5,61.0
2016-03-05,9.2,13.5,5.0,0.0,5.6,15.8,9.1,971.6,964.2,51.0
2016-03-06,7.4,13.8,0.9,0.0,3.3,9.7,6.8,974.2,971.5,47.0
2016-03-07,7.9,13.8,2.0,0.0,2.2,6.4,9.8,975.8,969.6,56.0
2016-03-08,8.4,14.9,1.8,0.0,1.4,9.4,10.4,982.8,975.8,49.0
2016-03-09,2.8,7.7,-2.1,0.4,0.8,7.2,0.6,982.5,971.4,85.0
2016-03-10,6.5,15.4,-2.4,0.0,1.9,6.7,10.1,980.7,972.3,49.0
2016-03-11,7.1,16.1,-1.9,0.0,3.3,8.1,10.5,986.4,980.7,52.0
2016-03-12,7.7,15.5,-0.1,0.0,2.2,6.7,10.5,987.1,983.9,56.0
2016-03-13,7.2,14.8,-0.4,0.0,2.2,8.9,9.6,986.6,982.2,60.0
2016-03-14,8.0,14.0,2.1,3.8,1.7,6.7,2.2,986.4,983.8,80.0
2016-03-15,8.4,14.4,2.4,0.0,1.7,8.1,4.8,986.5,981.3,70.0
2016-03-16,8.6,13.4,3.9,12.6,2.2,10.8,1.6,984.6,978.2,77.0
2016-03-17,8.2,12.9,3.6,0.0,1.9,4.2,3.9,986.1,983.9,68.0
2016-03-18,8.4,15.1,1.6,0.0,1.9,7.8,5.5,985.7,981.4,69.0
2016-03-19,9.0,10.6,7.4,13.8,0.3,3.6,0.0,983.4,980.8,96.0
2016-03-20,12.4,17.3,7.6,0.2,2.2,7.2,6.2,981.3,978.4,78.0
2016-03-21,11.4,16.6,6.2,2.2,1.7,8.9,7.2,980.6,976.0,80.0
2016-03-22,10.4,16.5,4.3,0.0,1.7,9.4,5.2,976.1,967.4,67.0
2016-03-23,11.4,18.4,4.5,0.0,3.1,11.1,10.5,973.6,967.1,47.0
2016-03-24,10.6,19.6,1.5,0.0,1.9,6.9,11.1,983.6,973.6,48.0
2016-03-25,11.6,19.5,3.8,0.0,2.2,7.5,6.7,987.3,983.6,65.0
2016-03-26,14.0,20.6,7.5,0.0,1.7,7.5,8.0,987.2,981.5,65.0
2016-03-27,13.0,19.3,6.7,0.0,2.8,11.1,6.4,982.6,980.4,49.0
2016-03-28,10.6,16.8,4.5,0.0,2.8,9.2,1.0,982.4,980.0,59.0
2016-03-29,13.4,21.6,5.3,0.0,3.3,10.8,9.2,982.7,980.2,56.0
2016-03-30,14.6,23.4,5.8,0.0,3.1,,10.0,982.3,977.1,52.0
2016-03-31,14.6,21.3,7.8,8.2,,,9.7,978.5,970.8,45.0
2016-04-01,10.6,15.0,6.1,12.2,0.8,,2.1,980.6,978.4,85.0
2016-04-02,11.8,16.7,7.0,0.0,0.8,7.5,3.8,980.3,977.1,59.0
2016-04-03,10.7,17.7,3.7,0.4,1.7,8.3,8.4,980.1,976.7,69.0
2016-04-04,11.5,15.4,7.6,21.2,1.4,6.1,0.1,978.3,969.5,86.0
2016-04-05,12.4,14.5,10.2,6.2,2.2,9.2,0.0,978.4,967.5,97.0
2016-04-06,12.5,18.3,6.7,0.0,2.5,8.6,8.9,980.6,977.7,75.0
2016-04-07,13.3,19.4,7.2,0.0,2.2,8.6,10.5,980.3,975.5,55.0
2016-04-08,10.6,15.5,5.7,0.0,2.2,10.0,7.2,977.2,974.1,51.0
2016-04-09,12.2,19.4,5.0,0.0,3.3,11.4,10.6,976.6,973.3,49.0
2016-04-10,12.5,20.2,4.8,0.0,3.6,12.2,10.4,976.6,972.1,61.0
2016-04-11,15.1,20.9,9.3,0.0,1.9,7.8,8.7,978.4,974.1,55.0
2016-04-12,14.4,21.8,7.1,0.0,2.5,8.3,8.9,978.8,974.6,49.0
2016-04-13,13.1,19.9,6.3,0.0,3.6,14.2,11.1,981.1,975.5,51.0
2016-04-14,14.1,23.1,5.1,0.0,2.5,8.6,11.6,982.2,977.4,45.0
2016-04-15,15.2,24.2,6.2,0.0,2.8,9.2,11.6,979.2,974.7,52.0
2016-04-16,15.8,25.0,6.6,0.0,2.8,11.1,10.2,977.0,973.0,48.0
2016-04-17,16.8,21.7,11.8,0.0,3.6,10.8,10.0,983.5,976.1,38.0
2016-04-18,13.6,20.7,6.5,0.0,3.3,11.1,9.8,987.9,983.4,61.0
2016-04-19,13.9,22.9,4.9,0.0,2.2,10.0,8.2,987.9,982.2,57.0
2016-04-20,14.8,22.3,7.4,18.0,2.2,12.2,5.0,985.7,982.5,35.0
2016-04-21,14.8,19.1,10.5,10.2,1.4,6.4,4.5,987.1,983.5,78.0
2016-04-22,14.4,18.8,9.9,0.0,1.4,7.5,0.2,987.0,981.8,73.0
2016-04-23,14.8,21.6,7.9,0.0,2.2,9.7,8.1,982.0,976.5,68.0
2016-04-24,13.5,21.6,5.4,0.0,3.6,9.7,11.9,981.1,975.6,57.0
2016-04-25,12.7,19.6,5.8,0.0,2.8,8.3,11.8,983.6,979.0,45.0
2016-04-26,13.0,22.0,4.1,0.0,3.6,10.6,11.2,980.3,975.1,55.0
2016-04-27,12.9,16.8,9.0,7.2,2.8,10.6,3.3,979.2,977.8,75.0
2016-04-28,10.8,12.3,9.2,5.8,1.9,4.2,0.0,983.5,977.6,94.0
2016-04-29,13.5,19.2,7.8,1.4,1.7,7.2,7.3,985.5,982.4,64.0
2016-04-30,12.8,19.3,6.2,0.0,3.3,9.4,4.5,987.0,981.0,73.0
2016-05-01,10.8,19.0,2.7,0.0,2.5,11.1,12.2,987.4,983.4,37.0
2016-05-02,12.0,21.0,3.1,0.0,2.8,11.4,12.3,987.4,983.4,36.0
2016-05-03,14.5,24.1,4.9,0.0,2.5,9.7,12.3,988.3,985.4,49.0
2016-05-04,15.9,24.8,7.0,0.0,2.2,9.4,12.6,988.0,983.0,50.0
2016-05-05,15.6,24.2,7.0,0.0,2.8,9.7,10.9,984.6,979.2,54.0
2016-05-06,15.5,19.9,11.1,0.8,1.4,7.2,0.7,981.9,977.7,55.0
2016-05-07,15.2,18.5,11.8,0.0,1.9,6.1,0.8,977.7,974.1,64.0
2016-05-08,13.8,16.8,10.7,2.2,1.4,5.3,0.0,975.1,972.3,92.0
2016-05-09,14.6,18.0,11.3,12.2,1.4,9.4,0.0,977.0,971.9,95.0
2016-05-10,13.0,16.2,9.7,6.4,1.1,4.7,0.3,977.0,973.4,89.0
2016-05-11,15.1,20.7,9.5,0.0,2.5,9.4,7.1,973.5,968.9,63.0
2016-05-12,13.6,20.8,6.4,0.0,2.5,10.3,7.4,971.9,969.6,58.0
2016-05-13,14.2,21.1,7.3,0.4,2.5,9.4,7.5,976.0,971.7,70.0
2016-05-14,16.3,24.0,8.6,6.6,2.2,11.1,8.2,982.5,975.9,68.0
2016-05-15,17.0,25.2,8.9,0.0,2.5,9.2,10.7,986.7,981.9,60.0
2016-05-16,17.5,24.1,10.9,0.0,2.8,8.3,11.8,988.2,984.1,46.0
2016-05-17,15.2,21.4,8.9,0.0,2.5,8.9,7.1,986.5,982.6,62.0
2016-05-18,16.8,24.2,9.4,0.0,2.2,10.0,8.9,984.0,977.4,66.0
2016-05-19,19.1,24.2,14.0,0.0,3.1,11.4,11.5,986.7,980.7,51.0
2016-05-20,18.1,25.1,11.1,0.0,2.8,10.6,12.0,987.6,985.4,56.0
2016-05-21,18.3,26.4,10.2,0.0,3.1,10.3,12.4,986.9,982.0,54.0
2016-05-22,17.2,23.9,10.5,6.4,1.7,11.4,7.2,985.4,976.9,56.0
2016-05-23,16.3,24.1,8.5,0.0,2.5,7.8,13.4,988.2,983.9,34.0
2016-05-24,15.7,23.1,8.3,0.0,2.2,8.1,10.5,986.0,976.5,54.0
2016-05-25,18.0,25.6,10.4,0.0,3.1,9.4,10.6,979.3,976.4,56.0
2016-05-26,20.2,27.1,13.4,0.0,2.8,8.9,8.9,979.8,976.9,54.0
2016-05-27,20.8,29.0,12.6,0.0,2.2,9.7,9.4,981.2,978.4,51.0
2016-05-28,20.1,27.9,12.3,1.6,3.3,18.9,11.7,979.7,975.1,61.0
2016-05-29,19.2,25.1,13.4,0.0,4.4,12.8,13.7,981.5,975.9,40.0
2016-05-30,17.8,25.7,9.9,0.0,2.5,9.7,8.2,983.2,979.5,49.0
2016-05-31,17.8,24.7,11.0,0.0,2.8,8.3,9.4,985.4,982.2,52.0
2016-06-01,18.6,26.6,10.5,0.0,2.5,9.2,12.3,984.8,981.1,41.0
2016-06-02,18.9,26.5,11.3,0.0,2.5,9.7,11.0,983.5,978.1,51.0
2016-06-03,20.0,28.7,11.2,0.0,3.1,9.4,12.9,980.3,975.4,43.0
2016-06-04,20.1,28.5,11.7,0.0,2.8,9.4,6.1,982.2,977.4,49.0
2016-06-05,20.3,28.7,11.9,0.0,2.8,9.4,11.7,984.7,980.6,51.0
2016-06-06,21.4,29.3,13.5,0.0,1.9,9.2,7.9,986.7,982.8,46.0
2016-06-07,21.9,30.5,13.3,0.0,2.8,9.2,13.7,988.8,985.3,41.0
2016-06-08,23.0,31.1,14.8,0.0,2.8,11.4,11.0,988.7,982.3,48.0
2016-06-09,23.3,31.1,15.5,0.0,2.8,9.7,12.4,983.4,977.5,44.0
2016-06-10,23.2,29.9,16.5,2.8,2.5,9.2,8.8,979.4,976.0,39.0
2016-06-11,21.2,26.8,15.5,0.0,2.2,10.0,6.2,982.1,978.4,61.0
2016-06-12,22.2,29.3,15.2,0.0,2.8,9.2,8.7,982.4,978.2,46.0
2016-06-13,23.6,31.4,15.9,0.0,3.6,15.0,9.5,979.4,972.5,38.0
2016-06-14,23.0,30.2,15.9,0.0,3.1,14.4,12.3,975.8,970.9,28.0
2016-06-15,,,,,,,5.9,,,
2016-06-16,,,,0.0,,,,,,
2016-06-17,17.9,24.2,11.6,0.4,2.5,10.0,9.6,984.5,977.5,40.0
2016-06-18,17.8,24.4,11.3,0.0,2.2,9.7,9.5,990.4,984.1,47.0
2016-06-19,18.2,27.4,9.0,0.0,2.5,8.6,12.3,990.8,986.1,37.0
2016-06-20,19.6,29.1,10.2,0.0,2.8,9.7,13.1,989.6,986.6,36.0
2016-06-21,23.0,32.4,13.6,0.0,2.8,9.7,13.8,989.5,986.2,31.0
2016-06-22,23.8,32.1,15.6,0.0,2.8,9.7,13.8,988.5,985.5,33.0
2016-06-23,23.5,32.4,14.6,0.0,2.8,10.0,13.9,988.1,984.7,30.0
2016-06-24,23.2,32.7,13.6,0.0,3.1,10.3,13.7,986.7,981.1,32.0
2016-06-25,25.8,32.3,19.3,0.0,2.8,10.0,13.0,983.7,981.1,36.0
2016-06-26,23.6,30.7,16.5,0.0,2.5,11.1,8.5,987.6,982.5,48.0
2016-06-27,24.4,31.2,17.7,0.0,2.8,10.3,13.6,988.2,984.9,41.0
2016-06-28,24.0,31.8,16.2,0.0,2.8,10.3,12.4,986.7,981.6,49.0
2016-06-29,25.6,32.6,18.7,,2.8,8.6,8.8,983.8,979.9,37.0
2016-07-01,24.9,32.3,17.5,0.0,2.8,11.4,13.8,985.0,981.9,43.0
2016-07-02,24.5,32.0,17.0,0.0,3.3,10.6,13.7,987.8,983.6,46.0
2016-07-03,25.4,31.0,19.9,0.0,3.6,10.3,11.9,987.9,984.5,44.0
2016-07-04,25.4,33.4,17.3,0.0,3.1,11.1,12.0,986.8,981.8,50.0
2016-07-05,25.4,31.1,19.8,0.0,1.4,7.8,6.3,985.2,982.5,41.0
2016-07-06,25.6,33.2,18.0,0.0,3.3,10.3,12.5,985.8,982.2,40.0
2016-07-07,26.4,34.1,18.7,0.0,3.3,11.4,10.0,986.4,983.2,44.0
2016-07-08,28.4,35.5,21.2,0.0,3.6,9.7,6.6,988.1,984.3,48.0
2016-07-09,27.4,36.8,18.1,0.0,2.5,11.4,13.3,988.0,983.2,42.0
2016-07-10,28.4,37.3,19.5,0.0,2.8,10.3,13.6,983.9,979.8,34.0
2016-07-11,26.7,34.0,19.4,0.0,2.5,9.7,10.7,982.2,979.3,35.0
2016-07-12,25.2,30.9,19.5,0.0,3.1,11.4,10.5,982.8,979.3,45.0
2016-07-13,23.8,29.5,18.2,0.0,3.6,12.2,10.5,987.6,982.5,38.0
2016-07-14,21.8,28.0,15.5,0.0,3.3,10.3,11.8,988.8,983.8,33.0
2016-07-15,22.2,31.0,13.5,0.0,2.5,8.9,13.4,989.7,985.6,34.0
2016-07-16,22.8,31.9,13.6,0.0,2.2,11.1,13.4,988.5,984.8,46.0
2016-07-17,24.2,33.0,15.3,0.0,3.1,9.7,13.4,987.8,984.6,38.0
2016-07-18,23.4,32.4,14.4,0.0,3.1,10.3,13.5,988.0,985.1,35.0
2016-07-19,24.4,34.9,13.9,0.0,2.5,10.3,13.3,987.3,983.3,31.0
2016-07-20,26.6,37.6,15.6,0.4,2.2,13.6,7.2,985.1,981.2,27.0
2016-07-21,27.0,32.3,21.6,0.0,2.8,9.4,11.1,983.9,979.7,44.0
2016-07-22,25.2,33.2,17.1,17.6,1.7,10.8,6.1,983.2,978.4,64.0
2016-07-23,23.6,31.4,15.8,0.0,1.9,7.5,9.2,985.7,982.4,47.0
2016-07-24,24.2,33.0,15.4,0.0,2.8,10.3,12.8,986.3,982.5,43.0
2016-07-25,26.2,34.0,18.4,0.0,2.8,8.9,12.4,986.3,982.5,37.0
2016-07-26,26.4,34.6,18.2,0.0,2.2,8.3,12.3,986.4,982.6,37.0
2016-07-27,25.6,32.8,18.5,0.0,2.5,10.8,10.5,985.7,981.6,52.0
2016-07-28,25.5,32.2,18.8,0.0,2.2,8.6,12.5,986.0,982.2,53.0
2016-07-29,26.4,34.1,18.6,0.0,2.8,9.7,12.4,984.5,980.5,48.0
2016-07-30,26.7,34.8,18.6,0.0,3.1,10.3,12.6,983.3,978.5,39.0
2016-07-31,27.1,34.9,19.3,0.0,3.9,11.4,12.4,984.4,979.3,44.0
2016-08-01,26.2,33.0,19.3,0.0,3.1,10.3,12.6,987.0,983.2,41.0
2016-08-02,28.2,35.4,21.1,0.0,2.2,9.7,11.9,987.0,983.0,45.0
2016-08-03,27.4,35.3,19.4,0.0,3.1,10.3,12.1,986.0,979.7,46.0
2016-08-04,27.0,35.4,18.6,,2.8,8.9,11.3,982.5,977.1,38.0
2016-08-10,23.2,28.9,17.4,0.0,2.8,10.3,10.7,986.7,983.3,48.0
2016-08-11,22.4,29.6,15.3,0.0,2.5,9.2,11.9,990.7,986.5,44.0
2016-08-12,23.4,31.7,15.2,0.0,1.7,10.3,11.9,992.0,988.8,50.0
2016-08-13,23.5,30.6,16.4,0.0,2.5,9.7,11.9,990.6,988.2,47.0
2016-08-14,23.4,32.4,14.5,0.0,2.5,9.2,11.8,989.4,985.9,38.0
2016-08-15,23.9,32.8,15.0,0.0,2.8,9.4,11.4,987.3,983.1,43.0
2016-08-16,24.0,31.3,16.8,0.4,2.2,10.6,8.9,984.7,980.1,44.0
2016-08-17,25.0,33.9,16.1,7.2,1.7,12.5,8.5,981.1,976.7,68.0
2016-08-18,24.2,30.8,17.6,0.0,2.8,10.8,10.7,979.8,977.4,65.0
2016-08-19,27.8,34.4,21.3,0.0,2.8,9.7,10.1,979.9,975.8,55.0
2016-08-20,25.5,31.4,19.6,11.4,2.5,9.7,7.2,986.1,979.2,68.0
2016-08-21,24.4,30.9,17.9,0.0,3.1,9.2,11.4,989.9,986.1,42.0
2016-08-22,25.4,33.1,17.8,0.0,1.9,9.7,11.4,990.4,987.7,54.0
2016-08-23,24.6,32.8,16.5,0.0,2.5,9.2,11.5,990.5,986.8,45.0
2016-08-24,24.3,34.0,14.6,0.0,2.2,8.9,11.5,988.5,984.5,38.0
2016-08-25,23.8,33.0,14.6,0.0,3.1,9.7,11.4,985.6,982.3,35.0
2016-08-26,23.4,32.5,14.2,0.0,3.1,9.4,11.4,985.7,983.0,45.0
2016-08-27,23.8,32.9,14.7,0.0,2.2,8.6,11.2,986.5,983.9,49.0
2016-08-28,25.4,33.4,17.4,0.0,2.5,9.2,10.7,986.9,983.1,57.0
2016-08-29,24.6,28.6,20.5,0.0,1.7,8.3,3.8,986.6,983.9,66.0
2016-08-30,23.8,28.1,19.4,0.0,2.8,8.1,6.6,986.5,983.5,49.0
2016-08-31,24.8,31.8,17.8,0.0,2.2,10.0,10.4,988.5,985.0,54.0
2016-09-01,26.6,32.7,20.6,0.0,2.8,10.0,10.2,989.2,986.3,42.0
2016-09-02,25.5,34.0,17.0,0.0,1.9,7.8,10.1,988.7,984.2,43.0
2016-09-03,27.0,35.6,18.5,0.0,2.8,11.1,9.6,987.2,982.9,53.0
2016-09-04,27.6,38.2,17.1,0.0,2.2,9.2,9.3,986.4,982.8,45.0
2016-09-05,27.9,35.4,20.4,0.0,3.1,9.7,10.6,986.7,983.1,44.0
2016-09-06,26.4,34.7,18.0,0.0,2.5,10.3,10.9,986.3,981.9,47.0
2016-09-07,24.2,30.5,17.9,0.0,3.1,10.0,10.6,984.2,981.4,55.0
2016-09-08,24.0,30.9,17.1,0.0,2.2,8.6,10.4,983.5,981.3,53.0
2016-09-09,24.7,31.2,18.2,12.8,1.9,7.8,6.1,984.2,980.0,55.0
2016-09-10,23.6,30.1,17.2,0.6,1.9,12.2,10.3,984.5,980.4,62.0
2016-09-11,23.9,32.1,15.7,0.0,1.9,6.9,9.0,984.8,981.7,57.0
2016-09-12,23.7,31.1,16.3,0.0,2.5,8.9,10.8,983.9,981.5,59.0
2016-09-13,23.4,30.0,16.8,11.6,2.5,12.5,10.4,983.2,977.3,58.0
2016-09-14,19.6,24.5,14.8,0.2,3.3,11.1,3.9,978.8,975.3,59.0
2016-09-15,17.0,22.3,11.6,0.0,2.2,8.1,3.4,981.7,978.7,47.0
2016-09-16,18.6,27.2,10.1,0.0,2.2,9.7,9.5,986.6,980.7,51.0
2016-09-17,19.3,24.2,14.4,0.0,1.9,7.8,4.7,986.5,982.0,54.0
2016-09-18,17.6,24.9,10.4,0.0,2.2,6.4,10.3,984.8,981.7,54.0
2016-09-19,19.1,27.3,10.9,0.0,1.7,6.4,10.7,985.6,981.2,49.0
2016-09-20,18.8,25.6,12.0,0.0,1.4,6.1,7.1,983.0,979.2,53.0
2016-09-21,20.5,27.5,13.5,0.0,1.9,8.3,9.4,984.8,980.1,52.0
2016-09-22,19.7,27.1,12.3,0.0,1.9,9.2,9.4,988.4,984.7,65.0
2016-09-23,21.0,26.9,15.1,9.8,2.5,9.4,5.0,992.1,988.2,62.0
2016-09-24,19.6,25.8,13.3,0.0,2.5,6.9,8.8,990.3,986.0,70.0
2016-09-25,19.8,26.0,13.5,2.6,1.7,8.9,6.8,989.0,984.3,75.0
2016-09-26,18.8,25.5,12.1,0.0,1.4,7.5,7.9,988.4,985.1,73.0
2016-09-27,20.0,25.5,14.5,0.0,1.7,6.7,5.6,992.9,988.3,68.0
2016-09-28,21.0,27.8,14.3,0.0,1.7,8.1,10.0,996.1,992.7,59.0
2016-09-29,19.0,27.0,11.0,0.0,2.2,8.6,10.4,995.6,988.1,61.0
2016-09-30,19.4,26.6,12.2,0.0,1.9,8.3,8.4,988.2,982.1,62.0
2016-10-01,20.4,27.3,13.4,0.0,2.2,7.5,7.5,982.4,977.5,68.0
2016-10-02,20.2,24.7,15.7,0.0,1.7,7.8,6.6,986.4,980.9,79.0
2016-10-03,21.6,25.4,17.8,0.0,1.7,7.2,7.2,989.1,986.3,72.0
2016-10-04,21.3,27.0,15.6,0.0,1.9,8.6,8.0,988.1,984.3,74.0
2016-10-05,20.6,26.4,14.9,6.0,1.1,8.9,8.3,987.4,980.9,63.0
2016-10-06,15.7,19.8,11.6,5.4,2.2,13.1,1.5,981.2,976.0,92.0
2016-10-07,17.0,24.3,9.8,0.0,1.7,6.4,8.1,982.9,978.9,77.0
2016-10-08,19.9,25.0,14.8,0.2,1.7,8.3,6.8,985.2,982.3,69.0
2016-10-09,14.8,16.9,12.7,0.0,1.4,6.4,0.2,986.6,984.3,78.0
2016-10-10,14.6,18.0,11.2,0.0,2.2,7.5,3.1,985.5,982.0,73.0
2016-10-11,14.4,19.5,9.3,0.0,1.9,8.6,4.0,982.0,977.4,68.0
2016-10-12,12.0,15.0,8.9,9.4,0.8,4.7,0.5,979.8,970.8,86.0
2016-10-13,15.8,18.5,13.0,12.0,0.8,4.7,0.4,970.8,966.5,95.0
2016-10-14,15.4,19.3,11.4,0.0,0.8,5.6,3.8,977.6,965.8,74.0
2016-10-15,15.7,23.1,8.3,0.0,1.1,5.3,6.3,984.9,977.6,70.0
2016-10-16,14.8,22.5,7.1,0.0,1.1,5.3,9.1,988.1,984.9,69.0
2016-10-17,14.2,17.9,10.6,0.8,0.6,3.9,0.2,989.7,987.2,93.0
2016-10-18,16.4,21.4,11.4,0.0,0.8,3.6,5.4,991.3,988.8,84.0
2016-10-19,15.1,20.5,9.7,0.2,1.9,7.2,3.6,989.9,983.7,81.0
2016-10-20,14.0,19.2,8.9,0.0,2.2,5.8,6.4,983.7,979.8,76.0
2016-10-21,11.2,15.8,6.5,1.0,1.4,5.8,2.8,982.4,980.3,73.0
2016-10-22,13.6,17.0,10.2,0.6,0.8,3.3,1.7,980.7,975.5,92.0
2016-10-23,17.7,22.9,12.5,0.4,1.4,5.8,6.3,977.8,974.1,84.0
2016-10-24,19.4,25.3,13.6,2.8,1.7,5.3,5.3,984.8,977.6,80.0
2016-10-25,17.6,20.0,15.2,0.4,1.9,6.1,0.3,988.1,982.2,94.0
2016-10-26,17.6,22.0,13.1,0.0,0.6,2.8,1.7,991.6,987.5,89.0
2016-10-27,18.2,22.7,13.8,0.0,1.7,5.3,5.6,995.6,990.8,85.0
2016-10-28,17.2,23.6,10.9,0.0,1.4,5.8,7.2,997.7,994.8,79.0
2016-10-29,15.3,23.8,6.8,0.0,0.6,3.1,8.6,996.0,989.9,68.0
2016-10-30,13.9,22.1,5.7,0.2,1.9,6.4,8.9,990.4,986.5,77.0
2016-10-31,15.2,20.4,10.1,0.0,1.1,5.3,5.0,990.8,987.8,84.0
2016-11-01,15.4,21.9,8.9,0.0,1.1,5.3,6.5,990.7,986.5,
2016-11-02,14.3,20.6,8.0,0.0,1.7,4.7,7.8,988.0,983.2,75.0
2016-11-03,13.1,21.4,4.8,0.0,1.7,5.0,8.5,985.0,982.0,75.0
2016-11-04,12.0,15.5,8.6,,0.6,3.9,0.6,985.4,979.3,87.0
2016-11-05,15.9,20.9,10.9,,1.7,10.3,1.9,979.3,968.1,86.0
2016-11-06,10.8,13.9,7.8,,2.2,8.9,2.9,974.8,970.4,64.0
2016-11-07,7.3,12.4,2.2,,0.8,6.4,4.8,977.4,974.5,68.0
2016-11-08,6.6,13.8,-0.5,0.0,4.7,13.3,8.5,982.4,977.4,66.0
2016-11-09,9.9,17.1,2.7,0.0,3.6,11.4,8.1,985.4,978.2,57.0
2016-11-10,9.1,15.7,2.5,0.0,2.2,9.4,7.1,987.5,984.6,67.0
2016-11-11,9.8,16.8,2.7,0.0,2.2,7.8,7.4,987.7,984.6,70.0
2016-11-12,10.6,15.7,5.6,0.0,0.8,3.6,5.0,988.3,985.6,74.0
2016-11-13,10.8,16.8,4.7,0.0,1.1,3.1,3.6,988.7,986.0,71.0
2016-11-14,11.0,17.7,4.3,0.0,1.9,5.8,7.8,992.6,987.4,67.0
2016-11-15,8.6,16.2,1.0,0.0,1.1,5.0,8.0,995.2,992.5,66.0
2016-11-16,8.4,16.8,0.1,0.0,0.8,2.8,7.9,994.1,988.3,69.0
2016-11-17,10.2,18.8,1.7,0.0,0.6,3.1,7.8,988.4,983.4,67.0
2016-11-18,9.3,16.7,1.9,0.0,0.6,2.8,4.0,983.6,978.3,72.0
2016-11-19,9.9,15.5,4.3,0.0,1.7,5.0,6.1,982.5,979.1,84.0
2016-11-20,11.8,17.1,6.6,,1.4,5.3,3.5,979.1,973.0,67.0
2016-11-21,13.7,16.3,11.1,,2.5,10.3,0.2,973.0,969.4,94.0
2016-11-22,13.1,14.4,11.8,,1.1,4.7,0.0,974.8,971.5,96.0
2016-11-24,7.8,12.2,3.3,0.0,1.1,4.7,5.8,977.0,970.6,82.0
2016-11-25,6.4,10.5,2.2,0.0,1.1,4.4,3.3,980.7,976.5,90.0
2016-11-26,,,,,,,0.7,,,
2016-11-28,8.7,14.9,2.5,0.0,0.8,4.7,6.3,982.6,976.9,86.0
2016-11-29,9.1,14.4,3.8,0.0,1.1,3.6,4.0,995.2,982.6,86.0
2016-11-30,8.2,13.9,2.6,,1.1,3.1,,999.0,995.2,78.0
2016-12-01,4.9,10.0,-0.2,0.2,1.1,3.1,3.7,996.6,989.5,95.0
2016-12-02,5.3,12.6,-2.0,0.0,0.8,4.4,7.5,989.5,981.7,
2016-12-03,5.0,12.7,-2.7,0.0,0.8,4.2,7.5,984.0,980.8,80.0
2016-12-04,8.4,12.5,4.3,0.0,1.1,4.7,2.3,985.7,982.5,92.0
2016-12-05,11.2,16.6,5.9,0.2,1.4,5.6,5.2,989.9,985.3,86.0
2016-12-06,10.4,16.9,4.0,0.2,0.3,3.3,7.3,995.0,989.9,80.0
2016-12-07,9.8,16.4,3.1,0.2,0.3,2.5,7.3,1000.0,994.6,79.0
2016-12-08,6.8,14.3,-0.6,0.2,0.3,2.5,7.3,1001.6,998.7,83.0
2016-12-09,8.0,15.9,0.0,0.0,1.1,4.2,7.3,1000.5,995.9,72.0
2016-12-10,7.8,15.1,0.4,0.0,1.1,3.3,7.2,996.4,992.3,83.0
2016-12-11,6.8,13.4,0.2,0.0,0.6,4.2,7.3,992.8,988.5,83.0
2016-12-12,6.8,14.0,-0.5,0.0,0.8,2.8,7.2,990.6,987.4,75.0
2016-12-13,6.6,14.3,-1.1,0.0,0.6,4.7,7.3,992.3,989.1,83.0
2016-12-14,7.0,11.4,2.6,0.0,0.6,3.3,4.5,990.7,986.1,89.0
2016-12-15,3.4,6.6,0.1,,0.8,2.5,1.1,990.0,987.0,93.0
2016-12-16,6.6,9.8,3.4,,1.1,3.6,0.7,993.9,985.8,95.0
2016-12-17,8.0,13.6,2.4,,1.7,8.3,7.3,1000.3,993.9,71.0
2016-12-18,5.6,12.1,-0.9,,0.8,2.2,5.5,999.8,990.5,89.0
2016-12-19,3.4,8.0,-1.2,,0.8,3.9,2.2,990.5,978.5,90.0
2016-12-20,7.8,10.1,5.6,,1.7,7.2,2.0,986.7,978.4,80.0
2016-12-21,7.2,11.6,2.9,0.2,1.1,4.2,5.3,995.6,986.5,81.0
2016-12-22,6.7,13.2,0.2,0.0,0.8,6.1,7.0,1000.5,995.3,
2016-12-23,6.0,12.1,-0.1,0.0,1.4,6.1,7.2,1001.8,999.2,90.0
2016-12-24,6.4,10.3,2.5,0.0,1.1,3.6,3.0,1002.9,1000.0,95.0
2016-12-25,5.2,9.6,0.7,0.0,1.7,4.7,6.1,1001.1,996.1,
2016-12-26,6.1,12.8,-0.6,0.0,1.1,3.3,7.3,997.9,995.2,
2016-12-27,6.4,13.1,-0.3,0.0,0.6,3.1,7.2,1001.4,997.2,
2016-12-28,6.2,14.2,-1.8,,0.8,2.8,7.3,1002.8,999.1,
2016-12-31,5.5,12.5,-1.5,0.0,1.1,3.9,6.2,999.9,994.8,
2017-01-01,2.2,6.9,-2.5,0.0,1.4,3.3,5.7,994.8,987.9,88.0
2017-01-02,,,,,0.6,,,,,78.0
2017-01-03,2.7,7.9,-2.5,0.0,1.1,4.2,4.9,990.4,987.3,88.0
2017-01-04,5.2,10.8,-0.5,0.0,1.4,5.0,6.9,990.1,986.4,84.0
2017-01-05,3.6,9.7,-2.4,0.0,1.1,4.2,7.5,992.4,986.4,68.0
2017-01-06,2.2,9.5,-5.1,0.0,1.1,2.8,7.5,996.0,992.4,73.0
2017-01-07,3.2,10.5,-4.1,0.0,0.6,2.8,6.6,996.6,993.5,70.0
2017-01-08,3.6,10.7,-3.5,0.0,1.1,5.0,5.9,994.9,989.4,65.0
2017-01-09,2.0,7.0,-2.9,0.0,1.9,5.8,4.5,992.8,986.2,87.0
2017-01-10,3.8,9.0,-1.4,0.0,1.4,3.9,2.8,986.2,974.7,84.0
2017-01-11,5.8,13.6,-1.9,0.0,1.1,5.3,7.5,989.2,979.0,70.0
2017-01-12,8.6,12.8,4.4,0.0,1.7,5.0,3.0,989.2,979.7,85.0
2017-01-13,6.2,11.8,0.6,0.0,3.3,11.1,5.1,985.6,976.8,47.0
2017-01-14,3.6,9.7,-2.5,0.0,2.5,10.8,7.7,987.8,985.4,45.0
2017-01-15,3.4,10.6,-3.8,0.0,1.4,7.5,7.7,987.4,984.6,50.0
2017-01-16,5.6,13.2,-2.1,0.0,2.2,8.9,7.7,985.0,977.8,64.0
2017-01-17,2.0,7.9,-3.9,0.0,2.5,13.1,7.8,984.1,978.2,22.0
2017-01-18,0.2,7.4,-6.9,0.0,1.4,5.8,7.4,987.9,984.0,48.0
2017-01-19,2.9,10.2,-4.4,0.0,3.1,11.4,4.5,989.4,986.6,54.0
2017-01-20,7.2,9.3,5.1,0.0,3.9,10.6,1.3,988.1,986.0,65.0
2017-01-21,7.1,9.5,4.7,0.0,4.7,11.9,0.0,986.3,981.6,65.0
2017-01-22,8.2,10.4,6.1,1.8,3.9,12.5,0.8,983.0,980.5,57.0
2017-01-23,6.8,9.2,4.3,0.0,1.4,4.7,0.0,983.5,981.8,85.0
2017-01-24,5.4,10.2,0.6,0.0,1.7,6.7,5.1,986.8,982.1,76.0
2017-01-25,1.7,5.0,-1.6,3.0,0.8,3.6,0.0,986.3,983.7,89.0
2017-01-26,3.4,6.4,0.5,1.2,0.8,3.1,,985.9,982.8,92.0
2017-01-27,5.6,7.8,3.4,31.4,1.4,6.9,0.0,983.5,977.1,98.0
2017-01-28,7.8,10.8,4.9,0.0,1.7,8.9,0.3,989.1,976.9,91.0
2017-01-29,6.8,13.2,0.5,0.0,0.8,6.1,8.4,991.1,987.7,71.0
2017-01-30,6.9,14.4,-0.6,0.0,1.1,3.3,7.9,989.1,984.9,74.0
2017-01-31,9.5,17.2,1.8,0.0,1.9,7.5,8.4,984.9,981.5,83.0
2017-02-01,9.4,13.9,4.8,0.0,0.8,2.8,3.6,984.3,981.1,93.0
2017-02-02,7.3,10.0,4.6,0.6,0.8,6.1,0.4,981.9,977.0,97.0
2017-02-03,8.9,14.5,3.3,0.0,1.4,13.6,3.8,981.8,977.8,73.0
2017-02-04,10.7,16.3,5.1,0.0,1.9,10.0,3.1,979.0,973.7,70.0
2017-02-05,9.2,13.0,5.3,0.0,6.4,18.3,3.9,979.2,970.5,59.0
2017-02-06,9.0,14.4,3.7,0.0,3.9,17.8,7.6,983.6,978.1,57.0
2017-02-07,11.8,17.2,6.5,3.2,1.4,6.9,6.1,984.2,980.9,74.0
2017-02-08,8.0,14.8,1.1,0.0,2.8,8.1,7.9,984.7,979.8,58.0
2017-02-09,5.2,12.7,-2.2,0.0,1.4,5.3,9.0,985.5,981.9,59.0
2017-02-10,5.1,11.0,-0.8,0.0,0.8,4.2,3.2,983.7,981.0,74.0
2017-02-11,5.6,11.4,-0.2,0.2,1.4,5.0,0.3,983.7,978.8,83.0
2017-02-12,11.0,13.3,8.8,0.0,2.5,10.8,0.0,980.4,977.9,75.0
2017-02-13,12.9,15.5,10.3,26.4,1.9,13.3,2.3,980.6,977.1,82.0
2017-02-14,12.3,17.1,7.5,0.0,1.1,6.7,8.0,995.5,980.5,80.0
2017-02-15,11.8,18.0,5.5,0.0,1.7,6.4,8.5,998.9,995.5,78.0
2017-02-16,12.2,17.1,7.4,0.0,1.4,5.8,7.7,998.7,995.0,76.0
2017-02-17,11.8,18.0,5.5,0.0,1.1,4.2,6.5,996.5,989.4,72.0
2017-02-18,9.2,16.8,1.7,0.0,1.9,7.5,9.1,990.2,984.9,77.0
2017-02-19,11.4,17.0,5.8,0.0,1.4,6.1,6.3,992.4,988.4,68.0
2017-02-20,8.6,13.4,3.7,0.0,2.2,6.4,6.0,992.8,989.4,81.0
2017-02-21,8.6,16.8,0.5,0.0,1.7,6.4,9.4,991.8,987.5,68.0
2017-02-22,11.2,20.9,1.4,0.0,1.1,4.4,9.3,989.5,984.9,63.0
2017-02-23,8.0,13.0,2.9,0.0,0.8,3.1,0.3,986.0,979.1,78.0
2017-02-24,8.8,12.9,4.6,6.0,0.8,3.6,0.9,982.5,977.1,94.0
2017-02-25,7.4,14.4,0.4,0.0,1.7,6.9,8.8,987.6,982.5,
2017-02-26,8.8,17.1,0.4,0.0,1.9,6.9,9.4,988.2,983.4,72.0
2017-02-27,11.2,16.8,5.6,0.0,1.7,9.2,7.4,983.6,975.8,72.0
2017-02-28,11.4,15.6,7.1,0.0,3.6,14.7,2.8,980.9,973.5,55.0
2017-03-01,8.4,16.1,0.6,0.0,1.7,7.5,8.4,986.4,980.9,56.0
2017-03-02,10.4,19.4,1.4,0.0,1.4,6.1,9.4,986.7,982.3,62.0
2017-03-03,7.8,13.0,2.5,21.2,1.1,11.7,0.5,983.3,960.9,87.0
2017-03-04,8.4,12.8,4.0,0.2,5.8,18.9,5.5,977.0,957.8,60.0
2017-03-05,7.7,14.8,0.6,0.0,2.8,12.2,9.1,984.1,976.9,67.0
2017-03-06,12.6,20.9,4.2,0.0,4.2,15.0,9.8,985.1,980.6,58.0
2017-03-07,12.0,19.8,4.1,0.0,3.1,9.4,8.7,987.7,982.9,54.0
2017-03-08,12.4,19.3,5.6,0.0,1.4,7.2,2.5,992.0,987.4,74.0
2017-03-09,15.6,25.6,5.7,0.0,0.8,5.3,9.9,991.8,986.6,61.0
2017-03-10,14.4,23.6,5.2,0.0,1.7,6.4,10.4,988.0,983.7,61.0
2017-03-11,14.0,22.9,5.1,0.0,2.2,7.8,9.7,986.4,980.5,59.0
2017-03-12,11.5,15.9,7.1,3.0,1.9,6.1,1.6,982.2,978.6,83.0
2017-03-13,13.6,19.1,8.1,0.0,1.9,7.8,5.4,993.0,980.7,64.0
2017-03-14,13.2,22.5,3.9,0.0,1.9,9.4,10.0,995.3,991.6,66.0
2017-03-15,13.0,21.6,4.3,0.0,1.7,8.9,10.5,994.3,989.9,60.0
2017-03-16,13.4,22.6,4.3,0.0,1.4,7.5,10.7,991.6,987.0,51.0
2017-03-17,13.2,23.4,3.1,0.0,1.7,5.8,10.9,989.3,985.6,51.0
2017-03-18,13.7,23.5,3.9,0.0,2.5,7.5,10.3,987.6,983.5,56.0
2017-03-19,14.8,23.8,5.7,0.0,2.5,7.2,10.8,985.9,980.0,56.0
2017-03-20,13.6,22.0,5.2,0.0,2.5,,11.0,982.1,978.2,48.0
2017-03-21,12.2,19.9,4.5,0.0,,,9.4,981.1,977.6,63.0
2017-03-22,11.0,17.1,4.8,0.2,2.2,,9.4,980.3,974.5,58.0
2017-03-23,10.3,15.3,5.3,0.2,2.5,,5.1,979.7,973.2,51.0
2017-03-24,7.3,12.2,2.4,,1.4,8.9,0.0,981.8,976.1,74.0
2017-03-27,,,,0.6,,,1.1,,,
2017-03-28,11.7,20.5,2.9,0.0,1.9,7.5,9.7,993.0,989.8,62.0
2017-03-29,13.4,22.5,4.2,0.0,1.4,8.1,11.2,993.5,989.2,57.0
2017-03-30,13.6,22.4,4.9,0.0,1.9,7.8,10.6,992.3,988.6,53.0
2017-03-31,12.5,19.5,5.5,0.4,1.7,9.2,4.4,990.1,981.7,69.0
2017-04-01,10.6,15.8,5.3,0.2,2.5,9.2,2.2,983.1,979.5,80.0
2017-04-02,10.8,19.8,1.9,0.4,2.2,8.1,10.1,986.6,980.7,65.0
2017-04-03,12.0,20.7,3.4,0.0,3.1,8.1,11.2,988.7,986.0,53.0
2017-04-04,13.6,22.9,4.3,0.0,1.7,7.8,9.3,988.6,984.8,55.0
2017-04-05,14.2,20.8,7.6,0.6,1.9,8.9,6.3,987.0,983.3,51.0
2017-04-06,12.2,20.8,3.6,0.0,3.1,8.3,11.0,986.3,981.1,58.0
2017-04-07,13.6,22.8,4.5,0.0,1.9,8.6,11.1,987.5,984.6,55.0
2017-04-08,14.4,23.6,5.1,0.0,1.9,8.3,11.2,989.2,985.4,48.0
2017-04-09,13.6,22.8,4.3,0.0,2.2,8.1,11.3,991.0,988.7,48.0
2017-04-10,15.2,25.2,5.3,0.0,2.2,10.0,9.3,991.1,986.5,52.0
2017-04-11,16.7,26.1,7.3,0.0,2.5,9.2,10.2,988.1,983.6,56.0
2017-04-12,15.0,23.1,7.0,0.0,2.2,8.3,11.5,987.6,983.4,56.0
2017-04-13,16.7,26.3,7.1,0.0,1.9,7.8,11.4,984.6,979.6,57.0
2017-04-14,16.9,25.8,8.0,0.0,2.5,10.8,11.2,984.3,980.6,54.0
2017-04-15,16.4,22.9,9.9,0.0,2.2,8.3,7.8,986.5,982.2,66.0
2017-04-16,15.0,23.3,6.7,0.0,2.2,6.9,11.1,988.7,984.0,57.0
2017-04-17,16.0,23.8,8.2,0.0,2.5,8.3,10.6,985.9,981.1,62.0
2017-04-18,16.6,23.7,9.4,0.8,2.5,10.0,9.0,984.2,979.7,71.0
2017-04-19,11.8,17.3,6.4,0.0,2.5,9.2,3.9,989.5,983.8,57.0
2017-04-20,10.4,18.5,2.4,0.0,1.9,9.4,11.1,993.5,989.2,48.0
2017-04-21,10.4,19.1,1.6,0.0,3.1,8.3,11.5,994.2,992.0,42.0
2017-04-22,11.8,21.8,1.8,0.0,2.5,7.8,11.7,994.1,986.0,52.0
2017-04-23,14.0,23.2,4.8,0.0,2.8,8.9,11.7,986.4,982.0,51.0
2017-04-24,15.2,24.5,5.9,0.0,2.5,9.4,11.7,983.9,980.2,47.0
2017-04-25,14.4,22.8,5.9,2.2,2.5,8.9,7.0,980.9,972.0,64.0
2017-04-26,11.7,14.0,9.4,21.2,1.4,6.9,0.0,977.7,971.5,95.0
2017-04-27,7.6,11.0,4.2,4.0,1.9,7.2,1.6,983.3,977.4,88.0
2017-04-28,8.9,17.2,0.6,0.0,1.9,8.1,11.2,983.9,980.6,57.0
2017-04-29,10.2,17.9,2.4,0.0,2.5,9.4,9.0,983.1,979.0,63.0
2017-04-30,14.8,19.1,10.5,2.2,3.1,9.7,3.1,979.2,972.6,70.0
2017-05-01,12.4,18.9,6.0,0.0,2.2,13.1,11.9,986.2,977.3,37.0
2017-05-02,13.0,20.3,5.7,0.0,2.8,7.8,1.3,986.2,982.5,62.0
2017-05-03,13.7,17.2,10.2,1.4,1.9,7.8,3.8,985.0,981.3,85.0
2017-05-04,15.4,22.7,8.0,0.0,2.2,8.9,9.4,982.6,977.3,66.0
2017-05-05,16.6,23.5,9.8,0.0,2.2,11.1,8.8,980.9,975.9,60.0
2017-05-06,17.8,23.9,11.6,0.0,3.9,13.3,12.6,986.1,975.5,44.0
2017-05-07,16.6,25.6,7.5,0.0,1.9,11.4,11.8,986.5,982.7,52.0
2017-05-08,17.2,25.0,9.4,0.0,2.2,9.4,8.6,985.2,980.1,61.0
2017-05-09,15.8,23.4,8.1,0.0,2.5,9.4,10.5,981.4,973.3,57.0
2017-05-10,17.2,23.6,10.7,0.8,2.8,8.9,10.3,974.4,969.7,60.0
2017-05-11,16.8,20.9,12.7,7.6,1.9,9.7,5.5,970.1,966.0,79.0
2017-05-12,16.6,24.1,9.2,0.0,3.1,11.7,11.8,977.6,969.7,50.0
2017-05-13,17.8,25.1,10.4,0.0,2.2,11.1,12.7,985.7,977.3,44.0
2017-05-14,19.2,25.5,13.0,0.0,2.5,8.6,10.5,992.5,985.6,47.0
2017-05-15,19.7,28.7,10.7,0.0,2.2,10.3,12.3,994.5,991.0,47.0
2017-05-16,20.9,29.2,12.6,0.0,2.8,8.9,12.5,993.0,989.0,42.0
2017-05-17,20.0,28.6,11.5,0.0,2.8,8.6,9.5,990.4,982.4,39.0
2017-05-18,18.4,26.2,10.5,2.2,1.7,11.9,6.0,982.5,977.4,59.0
2017-05-19,15.7,22.4,9.0,0.0,2.8,9.2,12.1,987.5,981.8,40.0
2017-05-20,16.4,24.8,8.0,0.0,3.6,9.7,13.0,990.6,987.1,47.0
2017-05-21,17.7,26.8,8.6,0.0,2.5,8.6,12.2,990.4,983.9,52.0
2017-05-22,20.0,27.9,12.2,0.0,2.5,10.6,11.7,985.0,981.7,47.0
2017-05-23,21.6,31.1,12.2,0.0,2.5,8.9,12.1,987.3,984.8,46.0
2017-05-24,22.9,32.2,13.6,0.0,2.2,7.8,13.3,987.5,983.1,41.0
2017-05-25,23.5,33.5,13.5,0.0,2.5,8.9,13.4,984.4,979.0,32.0
2017-05-26,21.8,30.4,13.3,0.0,3.1,10.0,13.4,983.2,980.2,40.0
2017-05-27,21.2,28.3,14.2,0.0,3.3,9.7,11.4,986.6,983.1,49.0
2017-05-28,21.4,30.2,12.6,0.0,3.1,8.9,13.0,987.0,983.9,41.0
2017-05-29,20.4,28.6,12.2,0.0,1.7,8.3,7.4,984.7,981.2,37.0
2017-05-30,18.2,23.1,13.4,1.0,1.9,6.4,0.6,985.5,981.4,50.0
2017-05-31,21.4,29.0,13.8,0.0,1.9,9.4,9.2,987.0,983.7,48.0
2017-06-01,21.8,28.9,14.6,0.0,2.5,10.0,10.6,986.6,983.8,41.0
2017-06-02,22.3,30.9,13.7,0.4,2.5,11.9,10.7,985.5,981.5,54.0
2017-06-03,22.1,27.2,17.0,0.2,1.7,10.3,4.8,984.6,980.7,57.0
2017-06-04,18.2,22.2,14.2,10.6,1.1,7.2,0.4,985.1,980.5,72.0
2017-06-05,20.3,25.7,14.9,0.0,2.5,7.2,7.4,981.7,978.4,60.0
2017-06-06,20.3,28.9,11.7,0.0,3.9,11.1,9.6,985.0,977.8,54.0
2017-06-07,18.9,24.2,13.6,0.0,3.3,10.8,13.3,988.2,984.9,52.0
2017-06-08,22.6,29.6,15.7,0.0,3.1,10.6,12.6,986.2,981.0,54.0
2017-06-09,23.2,30.4,16.0,0.0,2.5,8.9,13.1,984.9,980.6,46.0
2017-06-10,23.8,33.3,14.4,0.0,2.5,9.7,13.8,985.4,982.7,39.0
2017-06-11,25.6,36.0,15.1,0.0,2.5,10.3,13.8,985.0,981.7,26.0
2017-06-12,25.2,34.2,16.1,0.0,2.8,9.4,13.8,984.7,981.5,27.0
2017-06-13,26.6,35.7,17.4,0.0,2.5,10.3,13.8,982.1,979.3,26.0
2017-06-14,25.8,35.5,16.2,0.0,2.8,8.3,13.8,982.5,979.1,26.0
2017-06-15,27.0,36.6,17.3,0.0,2.2,8.9,12.0,985.9,981.7,25.0
2017-06-16,27.7,35.4,20.0,0.0,2.5,9.2,13.8,987.2,983.8,34.0
2017-06-17,27.6,36.1,19.2,0.0,3.1,9.7,13.7,986.0,981.3,41.0
2017-06-18,26.4,34.7,18.1,0.0,2.8,10.0,13.8,985.5,981.1,37.0
2017-06-19,25.0,32.8,17.2,0.0,2.8,9.4,13.9,986.8,984.4,41.0
2017-06-20,25.8,33.9,17.6,0.0,2.2,9.2,12.4,986.6,982.5,43.0
2017-06-21,26.9,35.8,18.0,0.0,1.9,10.0,8.3,984.3,981.2,45.0
2017-06-22,27.4,37.1,17.7,0.0,2.8,10.3,12.6,986.3,982.8,40.0
2017-06-23,27.6,36.7,18.6,0.0,2.8,11.1,13.4,987.1,983.6,40.0
2017-06-24,26.2,34.2,18.3,0.0,2.8,9.2,12.9,986.0,981.4,46.0
2017-06-25,25.6,29.9,21.2,0.4,2.5,6.7,2.0,984.9,980.5,67.0
2017-06-26,26.2,33.3,19.2,0.0,2.5,10.0,7.0,980.6,974.8,44.0
2017-06-27,24.0,30.6,17.5,0.0,2.8,10.8,10.8,977.1,971.2,47.0
2017-06-28,22.8,29.3,16.4,,4.4,19.7,9.9,974.2,968.9,33.0
2017-06-29,20.0,25.8,14.1,0.0,3.6,11.4,13.8,977.6,973.0,31.0
2017-06-30,19.1,25.7,12.5,0.0,3.3,11.7,12.6,983.8,977.5,32.0
2017-07-01,20.0,26.6,13.3,0.4,1.9,8.9,7.0,988.5,983.7,49.0
2017-07-02,22.0,30.5,13.4,0.0,2.8,9.2,13.8,989.5,985.7,35.0
2017-07-03,23.0,32.2,13.9,0.0,2.5,10.6,13.7,989.8,985.3,34.0
2017-07-04,24.2,33.3,15.2,0.0,3.1,9.7,13.7,987.0,983.0,33.0
2017-07-05,22.8,32.1,13.4,0.0,3.6,10.6,13.7,985.6,982.1,36.0
2017-07-06,26.2,36.1,16.4,0.0,1.7,10.3,5.6,986.3,982.5,38.0
2017-07-07,27.4,36.2,18.5,0.0,2.5,10.8,10.0,986.5,982.7,27.0
2017-07-08,26.0,30.9,21.2,2.0,1.4,9.2,4.0,984.1,978.8,45.0
2017-07-09,25.1,32.2,18.0,0.0,2.5,8.6,11.4,981.0,977.8,52.0
2017-07-10,24.8,31.8,17.9,0.0,2.8,10.8,11.4,982.0,978.5,48.0
2017-07-11,25.4,33.1,17.7,0.0,2.8,9.7,10.6,983.9,979.7,47.0
2017-07-12,28.4,36.3,20.6,0.0,3.3,11.9,11.5,986.0,981.4,54.0
2017-07-13,26.7,33.4,20.0,0.0,3.3,12.5,13.5,985.9,980.7,55.0
2017-07-14,27.4,32.1,22.8,0.0,3.3,10.3,9.6,985.0,982.3,60.0
2017-07-15,27.6,34.8,20.4,0.0,2.8,10.0,10.9,986.0,982.2,45.0
2017-07-16,26.2,33.1,19.2,0.0,3.1,12.5,13.4,986.9,984.3,53.0
2017-07-17,25.6,32.3,18.9,0.0,3.1,10.3,11.8,986.6,983.6,41.0
2017-07-18,25.5,33.9,17.1,0.0,2.8,9.7,12.0,985.1,980.9,38.0
2017-07-19,26.9,34.4,19.4,0.0,2.8,11.4,10.3,983.9,978.6,43.0
2017-07-20,25.7,32.0,19.4,0.2,3.1,10.0,10.5,980.2,977.0,50.0
2017-07-21,22.8,27.4,18.3,4.0,1.7,5.0,5.5,980.1,977.1,70.0
2017-07-22,24.6,32.1,17.2,0.0,3.1,10.6,12.6,983.7,979.4,61.0
2017-07-23,24.5,30.0,19.0,1.6,2.8,12.5,6.0,985.4,981.5,72.0
2017-07-24,25.2,33.8,16.6,0.0,2.5,8.9,12.5,983.9,978.8,46.0
2017-07-25,24.6,31.7,17.4,0.0,2.8,10.0,10.7,982.7,978.3,40.0
2017-07-26,23.8,30.9,16.8,0.0,2.2,9.7,12.7,981.8,978.9,39.0
2017-07-27,25.2,33.9,16.5,0.0,3.1,10.6,12.9,982.3,978.1,50.0
2017-07-28,25.9,32.7,19.1,0.0,3.6,9.7,12.6,984.0,980.9,52.0
2017-07-29,26.0,34.0,18.1,0.0,2.8,9.4,12.8,984.0,980.2,47.0
2017-07-30,26.3,34.9,17.7,0.0,2.8,9.7,12.1,981.3,977.4,41.0
2017-07-31,27.8,35.9,19.7,0.0,3.3,10.8,11.9,979.7,975.8,41.0
2017-08-01,25.0,29.9,20.2,0.4,1.9,6.7,3.6,985.7,977.5,58.0
2017-08-02,27.6,37.1,18.1,0.0,2.8,10.0,10.5,985.9,982.3,46.0
2017-08-03,30.4,38.7,22.1,0.0,2.8,10.3,12.4,984.2,980.6,38.0
2017-08-04,30.0,39.7,20.2,0.0,2.8,9.7,12.6,982.5,978.9,31.0
2017-08-05,29.0,36.8,21.3,0.0,2.5,9.7,12.0,982.9,979.7,38.0
2017-08-06,28.3,34.0,22.6,0.0,2.2,8.3,8.1,984.7,982.0,46.0
2017-08-07,26.2,32.1,20.4,0.0,2.5,9.7,6.7,984.0,978.2,55.0
2017-08-08,24.8,29.5,20.1,0.0,3.3,10.6,7.4,983.3,976.6,52.0
2017-08-09,22.0,28.4,15.7,5.6,3.1,8.6,4.1,986.6,981.9,55.0
2017-08-10,20.6,27.9,13.2,0.0,2.5,8.3,11.0,987.4,983.9,43.0
2017-08-11,21.4,28.6,14.1,0.0,2.5,9.7,10.7,988.4,984.9,45.0
2017-08-12,22.0,29.3,14.6,0.0,2.8,10.8,11.9,988.6,985.0,51.0
2017-08-13,22.7,30.5,14.9,0.0,3.1,9.7,11.8,987.1,983.1,53.0
2017-08-14,24.1,32.9,15.3,0.0,2.5,9.7,11.7,985.9,983.1,44.0
2017-08-15,23.1,31.8,14.4,0.0,2.2,10.3,8.6,986.6,983.6,48.0
2017-08-23,,,,0.2,,,,,,
2017-08-24,27.0,34.3,19.7,0.0,3.3,8.9,9.6,984.9,982.2,30.0
2017-08-25,24.6,33.6,15.5,0.0,2.8,8.6,10.1,985.4,981.8,40.0
2017-08-26,26.2,33.7,18.8,0.0,3.1,8.9,10.2,984.3,981.1,54.0
2017-08-27,27.3,34.4,20.2,0.0,2.8,10.0,6.7,983.3,981.0,60.0
2017-08-28,28.1,37.6,18.6,0.0,2.2,10.8,9.4,983.2,979.3,53.0
2017-08-29,26.4,32.9,20.0,1.4,1.7,9.4,4.4,982.3,979.8,50.0
2017-08-30,23.8,29.4,18.3,,2.5,7.8,2.6,983.6,980.0,60.0
2017-08-31,21.0,24.2,17.7,,2.5,10.3,4.1,985.8,980.7,84.0
2017-09-01,21.2,27.4,15.0,0.0,3.1,10.0,7.9,986.1,982.1,52.0
2017-09-02,20.5,28.8,12.2,0.0,3.1,9.7,11.1,987.0,982.9,45.0
2017-09-03,20.8,28.7,12.9,,2.5,8.3,6.6,986.0,978.5,54.0
2017-09-04,23.1,28.7,17.5,,2.8,8.6,6.7,987.6,978.8,64.0
2017-09-05,23.6,32.1,15.0,0.0,2.2,7.2,10.7,988.7,985.0,57.0
2017-09-06,24.2,29.6,18.8,0.6,2.8,11.1,7.5,988.3,984.2,64.0
2017-09-07,22.0,29.0,15.0,0.0,1.9,7.5,10.6,985.9,980.5,55.0
2017-09-08,19.3,26.1,12.5,0.0,2.8,10.6,8.3,982.7,976.8,66.0
2017-09-09,18.2,22.4,13.9,2.4,1.9,9.2,0.8,976.8,970.8,85.0
2017-09-10,17.9,26.5,9.3,0.0,2.8,12.5,10.3,977.0,972.5,46.0
2017-09-11,20.9,29.8,12.0,0.0,3.9,14.7,,978.4,974.2,44.0
2017-09-12,21.2,26.9,15.6,0.0,2.2,8.3,8.4,987.6,978.4,54.0
2017-09-13,22.2,30.5,13.9,0.0,1.7,7.8,10.8,989.4,984.8,51.0
2017-09-14,22.8,31.1,14.5,16.2,2.2,11.1,8.1,985.4,979.8,65.0
2017-09-15,12.6,14.9,10.4,9.2,0.8,4.2,0.0,983.8,979.4,95.0
2017-09-16,14.6,19.8,9.4,0.0,1.4,7.2,5.7,982.7,978.7,65.0
2017-09-17,14.6,22.9,6.2,0.0,2.2,12.5,10.3,985.1,981.9,50.0
2017-09-18,18.1,23.8,12.4,0.6,2.8,8.6,6.4,985.8,981.0,58.0
2017-09-19,17.6,24.3,10.9,0.0,2.8,7.8,10.6,987.8,984.2,53.0
2017-09-20,16.2,24.2,8.3,0.0,1.9,7.8,10.4,987.6,984.1,53.0
2017-09-21,17.8,26.8,8.9,0.0,1.9,6.9,9.9,985.9,982.1,66.0
2017-09-22,19.4,24.8,14.0,2.2,2.8,12.5,3.3,988.5,985.4,85.0
2017-09-23,19.2,26.0,12.3,0.0,2.2,7.8,8.1,988.4,984.3,72.0
2017-09-24,22.6,29.0,16.1,0.0,2.5,7.8,8.9,986.9,983.6,66.0
2017-09-25,20.3,26.0,14.6,4.2,1.9,10.0,4.4,987.0,982.6,79.0
2017-09-26,18.6,24.6,12.7,0.0,1.9,6.9,8.1,988.2,984.9,
2017-09-27,19.4,25.2,13.6,0.0,1.9,7.2,9.5,990.3,986.5,68.0
2017-09-28,20.2,26.5,13.8,0.0,1.7,8.9,8.2,992.0,989.0,66.0
2017-09-29,20.4,27.0,13.7,0.0,1.9,8.3,7.5,990.2,985.8,67.0
2017-09-30,18.2,22.5,14.0,1.8,0.8,6.4,1.5,987.5,984.8,83.0
2017-10-01,18.4,22.2,14.6,0.0,1.9,7.2,3.0,988.6,985.8,83.0
2017-10-02,20.4,25.4,15.3,0.0,1.7,7.2,5.9,990.0,987.9,74.0
2017-10-03,21.0,27.1,15.0,0.0,1.4,7.2,5.8,989.9,985.7,68.0
2017-10-04,20.4,25.6,15.1,0.0,2.2,8.6,9.8,991.3,988.5,81.0
2017-10-05,21.6,29.1,14.2,0.0,1.4,6.7,7.9,990.0,983.8,68.0
2017-10-06,20.8,26.9,14.7,0.0,2.5,6.7,9.2,986.4,982.2,63.0
2017-10-07,17.6,24.4,10.8,0.0,1.9,9.2,8.3,989.9,986.4,63.0
2017-10-08,17.0,25.7,8.3,0.0,1.7,5.6,9.0,988.1,983.6,60.0
2017-10-09,17.0,25.3,8.7,0.0,1.7,8.9,8.6,987.2,984.5,69.0
2017-10-10,19.4,25.6,13.3,0.0,1.7,7.2,9.5,988.4,985.2,67.0
2017-10-11,20.2,26.7,13.6,0.0,1.7,7.2,8.1,990.6,986.5,68.0
2017-10-12,20.5,26.4,14.6,0.0,1.9,6.4,6.6,993.5,990.4,70.0
2017-10-13,20.4,26.7,14.1,0.0,2.2,7.8,7.9,993.0,990.1,70.0
2017-10-14,19.7,24.9,14.5,0.0,2.5,7.2,5.4,994.2,991.6,73.0
2017-10-15,19.5,25.8,13.2,0.0,1.7,6.1,5.5,995.0,991.4,75.0
2017-10-16,19.9,25.4,14.4,,1.7,6.4,8.1,993.9,990.5,67.0
2017-10-18,17.4,20.9,13.9,41.0,1.4,8.9,1.2,985.9,976.7,92.0
2017-10-19,14.6,15.6,13.6,25.2,1.7,5.6,0.0,979.2,974.4,99.0
2017-10-20,17.8,23.2,12.3,0.0,1.4,5.0,6.6,987.0,979.1,
2017-10-21,17.4,24.1,10.8,0.0,1.4,7.2,6.1,989.1,985.4,
2017-10-22,15.3,19.6,11.0,0.0,1.7,11.4,9.0,991.0,988.2,60.0
2017-10-23,14.0,20.3,7.7,0.0,1.4,5.6,8.9,992.0,988.4,67.0
2017-10-24,15.4,23.8,7.1,0.0,1.7,5.3,8.9,991.2,987.7,63.0
2017-10-25,16.6,25.1,8.1,0.0,1.4,6.1,8.9,992.2,989.1,71.0
2017-10-26,16.8,24.4,9.3,0.2,1.7,6.4,7.3,993.6,990.8,81.0
2017-10-27,16.8,23.5,10.0,0.0,2.2,6.7,8.2,993.3,988.7,
2017-10-28,15.8,22.1,9.4,0.0,1.1,4.7,7.0,991.9,988.0,
2017-10-29,13.0,19.5,6.5,0.0,2.5,8.1,8.9,988.7,983.3,62.0
2017-10-30,11.9,17.5,6.3,0.0,1.9,5.8,5.4,986.3,982.1,78.0
2017-10-31,13.6,19.2,7.9,0.0,1.1,5.8,5.6,989.7,986.0,69.0
2017-11-01,12.2,19.2,5.1,0.0,1.1,6.4,5.5,990.6,986.4,81.0
2017-11-02,14.3,20.2,8.4,0.0,0.8,4.4,3.4,987.8,983.3,89.0
2017-11-03,15.4,20.7,10.0,0.0,0.8,5.0,5.2,983.4,978.5,88.0
2017-11-04,15.5,20.1,10.9,8.6,1.1,4.7,2.3,979.9,975.8,90.0
2017-11-05,13.3,18.0,8.6,0.0,3.1,10.8,6.8,983.5,976.1,64.0
2017-11-06,8.0,14.9,1.1,0.0,3.1,13.3,8.7,983.1,979.3,45.0
2017-11-07,5.8,12.7,-1.1,0.0,2.5,8.1,8.7,984.6,981.0,50.0
2017-11-08,4.8,10.5,-1.0,0.0,0.8,3.3,2.2,986.8,984.2,71.0
2017-11-09,7.3,14.1,0.5,0.0,1.7,5.8,7.3,989.8,985.8,69.0
2017-11-10,6.5,13.3,-0.3,0.0,1.4,6.4,5.1,991.3,988.7,69.0
2017-11-11,7.9,14.1,1.7,0.0,1.7,7.2,1.8,989.5,986.0,88.0
2017-11-12,9.9,14.8,5.0,0.0,1.9,6.7,6.9,986.1,975.7,84.0
2017-11-13,9.1,15.0,3.2,0.0,1.9,9.4,8.0,980.9,974.8,45.0
2017-11-14,6.6,14.0,-0.8,0.0,0.8,7.2,7.9,986.7,980.7,49.0
2017-11-15,6.2,15.0,-2.5,0.0,1.1,3.6,7.9,986.7,983.2,59.0
2017-11-16,7.2,16.4,-1.9,0.0,0.8,3.9,7.8,988.0,984.7,59.0
2017-11-17,8.1,17.6,-1.4,0.0,1.1,3.6,7.8,987.4,983.9,59.0
2017-11-18,8.4,17.3,-0.4,0.0,0.8,3.6,7.8,987.5,984.7,66.0
2017-11-19,7.3,15.0,-0.4,0.0,1.1,3.9,7.7,989.2,985.7,75.0
2017-11-20,8.2,17.0,-0.5,0.0,0.8,2.8,7.7,990.1,987.3,72.0
2017-11-21,9.3,18.8,-0.2,0.0,0.8,3.1,7.7,988.7,985.1,67.0
2017-11-22,8.4,17.6,-0.7,0.0,0.8,5.6,7.6,985.7,980.2,78.0
2017-11-23,11.3,17.5,5.1,0.0,0.8,3.3,5.3,985.3,982.0,76.0
2017-11-24,12.0,19.9,4.1,0.0,1.4,7.8,4.0,985.6,982.9,54.0
2017-11-25,10.7,17.0,4.4,0.0,1.7,6.4,3.9,988.4,981.1,66.0
2017-11-26,6.4,12.9,-0.2,0.0,2.5,8.6,7.6,995.3,988.4,58.0
2017-11-27,5.4,12.5,-1.8,0.0,0.8,4.4,7.0,996.0,988.8,66.0
2017-11-28,5.0,12.0,-2.1,0.0,1.9,7.8,7.5,988.8,976.7,66.0
2017-11-29,1.7,5.9,-2.5,0.0,0.8,2.8,0.4,976.7,972.0,78.0
2017-11-30,3.4,9.8,-3.1,0.0,2.2,9.2,7.5,980.4,975.5,59.0
2017-12-01,2.2,7.6,-3.2,0.0,1.7,6.7,1.5,980.1,974.8,70.0
2017-12-02,1.8,9.1,-5.5,0.0,0.8,10.3,4.6,983.6,975.3,40.0
2017-12-03,2.2,8.4,-4.0,0.0,1.7,8.3,7.3,995.5,983.6,43.0
2017-12-04,2.8,11.3,-5.8,0.0,1.1,7.5,7.5,1000.6,995.5,59.0
2017-12-05,2.8,9.9,-4.3,0.0,1.4,4.2,5.1,1002.3,999.1,72.0
2017-12-06,2.8,10.9,-5.2,0.0,0.8,2.2,7.3,1000.9,996.9,73.0
2017-12-07,2.6,9.4,-4.2,0.0,0.8,3.6,5.8,998.1,992.3,72.0
2017-12-08,3.0,7.9,-1.9,0.0,1.4,4.4,2.1,992.3,986.6,78.0
2017-12-09,4.4,11.1,-2.3,0.0,0.8,3.9,7.2,989.3,984.6,72.0
2017-12-10,7.8,13.5,2.1,0.2,1.9,11.1,0.2,984.6,961.8,71.0
2017-12-11,9.0,14.3,3.8,1.8,3.6,12.5,0.7,969.6,955.2,65.0
2017-12-12,4.4,9.9,-1.0,0.0,1.9,6.4,5.0,988.3,969.6,76.0
2017-12-13,2.2,7.8,-3.3,0.0,1.7,7.8,1.4,990.4,984.3,76.0
2017-12-14,7.2,13.0,1.4,1.8,2.8,8.3,1.9,984.3,975.2,76.0
2017-12-15,8.8,13.2,4.4,0.0,1.7,10.8,6.9,976.0,970.7,71.0
2017-12-16,5.8,13.0,-1.3,0.0,1.4,8.6,7.2,988.2,975.9,55.0
2017-12-17,4.2,10.9,-2.6,0.0,2.2,7.5,7.2,995.1,988.1,56.0
2017-12-18,1.4,5.5,-2.6,0.0,1.9,7.2,0.0,995.4,985.7,80.0
2017-12-19,3.1,9.8,-3.6,0.0,0.8,5.8,5.5,998.4,990.3,79.0
2017-12-20,2.8,7.6,-2.1,0.0,1.1,4.2,5.6,999.0,995.2,83.0
2017-12-21,6.2,12.7,-0.4,0.0,0.8,5.6,7.3,1002.0,998.9,72.0
2017-12-22,5.8,11.8,-0.3,0.0,1.4,8.6,6.6,1000.0,996.4,75.0
2017-12-23,4.6,9.0,0.3,0.0,1.7,5.0,3.2,1001.1,998.3,85.0
2017-12-24,4.6,9.7,-0.5,0.0,1.9,4.7,4.7,1000.1,994.1,84.0
2017-12-25,2.0,7.1,-3.1,0.0,0.6,2.5,0.9,994.7,984.7,86.0
2017-12-26,4.4,9.0,-0.3,1.4,1.4,7.5,2.6,984.7,971.2,84.0
2017-12-27,6.8,11.5,2.0,0.2,4.4,16.4,5.2,972.7,963.7,68.0
2017-12-28,6.2,10.7,1.7,0.0,1.9,11.1,6.4,979.5,971.3,69.0
2017-12-29,5.2,10.7,-0.3,0.2,1.7,6.9,4.7,987.6,979.5,81.0
2017-12-30,9.1,17.2,1.0,0.0,1.7,7.5,7.2,990.4,986.7,78.0
2017-12-31,7.6,14.9,0.3,0.0,1.7,11.7,3.8,990.4,981.2,75.0
2018-01-01,9.2,12.7,5.6,0.0,4.2,13.1,6.4,992.9,984.1,52.0
2018-01-02,9.2,15.7,2.6,0.0,1.1,8.1,6.5,991.3,987.6,69.0
2018-01-03,12.6,19.0,6.3,0.0,3.3,13.3,6.2,990.5,986.0,66.0
2018-01-04,13.0,19.1,6.8,0.0,4.2,13.3,7.2,986.5,981.7,65.0
2018-01-05,10.0,16.3,3.6,0.0,2.8,12.2,7.5,981.7,971.5,64.0
2018-01-06,6.8,13.1,0.5,1.8,0.8,9.7,0.3,971.5,963.8,80.0
2018-01-07,8.0,12.3,3.6,12.4,1.9,10.6,0.0,974.1,964.4,86.0
2018-01-08,6.1,9.6,2.6,0.0,1.9,6.9,2.9,979.1,973.9,86.0
2018-01-09,7.0,11.3,2.6,0.0,0.8,5.8,6.1,983.9,979.0,64.0
2018-01-10,6.0,11.4,0.5,0.0,1.4,9.7,7.5,982.5,978.7,75.0
2018-01-11,6.6,11.6,1.5,0.0,3.1,8.6,7.5,985.7,978.6,62.0
2018-01-12,4.8,10.1,-0.5,0.0,1.4,5.0,7.2,989.4,985.4,73.0
2018-01-13,2.0,7.1,-3.1,2.4,0.8,3.1,2.3,989.1,980.5,77.0
2018-01-14,5.0,8.8,1.2,0.0,1.7,7.5,2.0,986.6,979.2,79.0
2018-01-15,4.2,8.0,0.4,0.0,1.9,8.9,2.2,991.0,986.3,83.0
2018-01-16,7.8,14.7,0.8,0.0,1.7,9.4,7.7,988.2,983.0,73.0
2018-01-17,9.8,16.0,3.6,0.0,2.5,9.4,7.7,992.2,981.2,58.0
2018-01-18,6.2,12.6,-0.2,0.0,1.4,5.3,7.4,992.1,985.9,76.0
2018-01-19,6.0,13.0,-1.1,0.0,1.1,4.2,5.6,987.1,982.7,78.0
2018-01-20,6.6,14.1,-0.8,0.0,2.2,8.1,7.4,988.0,982.1,68.0
2018-01-21,10.9,17.1,4.7,0.0,3.1,11.4,3.1,988.5,983.2,73.0
2018-01-22,10.6,16.6,4.7,0.0,2.2,9.4,7.5,990.1,986.7,68.0
2018-01-23,9.6,15.7,3.5,0.0,1.1,5.3,5.8,995.0,989.5,80.0
2018-01-24,9.0,17.5,0.5,0.0,1.1,5.6,7.6,995.0,990.1,73.0
2018-01-25,7.4,10.9,3.9,31.8,1.1,3.1,0.0,990.4,979.8,86.0
2018-01-26,5.9,8.8,3.0,21.2,1.4,7.5,0.0,986.5,976.9,92.0
2018-01-27,6.3,10.0,2.6,0.0,1.1,4.2,4.1,998.7,986.5,82.0
2018-01-28,9.6,17.2,1.9,0.0,0.8,4.7,8.2,1002.6,998.6,68.0
2018-01-29,7.8,15.3,0.3,0.0,1.4,6.1,8.3,1002.2,996.5,74.0
2018-01-30,7.9,16.1,-0.3,0.0,0.8,3.9,8.3,997.6,991.9,74.0
2018-01-31,7.6,16.1,-0.9,0.0,0.8,5.8,7.0,993.2,982.2,75.0
2018-02-01,2.8,5.8,-0.2,3.8,1.1,4.7,0.0,982.2,972.0,88.0
2018-02-02,3.7,9.5,-2.1,0.0,1.4,7.2,4.8,975.4,970.6,67.0
2018-02-03,3.4,10.5,-3.6,0.0,3.1,10.3,6.5,978.1,974.4,66.0
2018-02-04,3.8,5.5,2.1,28.8,1.7,5.3,0.0,978.3,975.8,90.0
2018-02-05,4.8,6.3,3.3,18.8,2.2,5.3,0.0,975.9,973.5,93.0
2018-02-06,7.0,10.3,3.7,0.0,1.7,8.3,1.2,973.9,970.7,82.0
2018-02-07,4.0,8.6,-0.5,0.0,1.7,8.3,8.9,982.1,973.3,59.0
2018-02-08,2.1,7.8,-3.6,0.0,1.9,6.1,4.9,984.6,981.4,73.0
2018-02-09,1.6,7.7,-4.6,0.0,2.5,8.6,6.8,984.6,980.9,68.0
2018-02-10,3.7,10.8,-3.4,0.0,1.1,8.3,9.1,983.9,979.9,47.0
2018-02-11,4.8,12.9,-3.2,0.0,1.9,6.4,7.4,983.9,978.7,65.0
2018-02-12,5.0,9.7,0.3,12.0,1.4,8.9,0.9,984.7,979.8,77.0
2018-02-13,2.6,7.0,-1.7,0.0,3.3,11.9,6.6,985.0,978.8,70.0
2018-02-14,4.3,10.8,-2.2,0.0,0.8,4.2,6.3,984.0,979.9,74.0
2018-02-15,10.3,18.9,1.7,0.2,1.9,5.3,8.0,990.4,984.0,69.0
2018-02-16,11.1,16.2,6.0,0.0,0.8,2.8,0.4,990.3,986.3,76.0
2018-02-17,10.3,14.8,5.8,0.0,1.4,6.7,1.7,988.1,984.8,85.0
2018-02-18,7.5,13.7,1.3,0.0,1.9,8.3,8.3,988.4,983.9,66.0
2018-02-19,8.8,14.2,3.4,0.0,2.2,6.1,4.3,983.9,979.8,75.0
2018-02-20,13.0,18.0,7.9,0.0,2.5,,6.1,979.8,973.1,60.0
2018-02-21,6.7,12.8,0.6,0.0,2.5,12.2,7.9,975.0,971.7,46.0
2018-02-22,4.0,10.9,-3.0,0.0,1.7,7.8,8.6,972.9,969.5,67.0
2018-02-23,5.3,11.4,-0.8,0.0,1.7,6.1,8.8,973.2,970.5,59.0
2018-02-24,5.0,13.1,-3.1,0.0,1.7,6.1,9.4,975.7,972.0,59.0
2018-02-25,8.0,15.4,0.7,0.0,1.4,8.6,9.6,976.2,973.1,53.0
2018-02-26,5.2,11.4,-1.1,0.0,3.1,9.4,2.5,975.3,970.3,74.0
2018-02-27,3.0,6.6,-0.6,3.4,2.5,7.5,2.6,975.0,972.5,74.0
2018-02-28,0.9,2.7,-0.9,27.2,1.4,5.6,0.0,974.5,964.0,96.0
2018-03-01,6.4,11.5,1.3,3.4,0.8,12.8,0.1,964.0,953.9,90.0
2018-03-02,10.2,14.2,6.3,3.2,2.8,18.3,5.6,967.8,955.9,49.0
2018-03-03,10.6,16.9,4.4,0.2,2.5,12.5,8.8,967.5,960.7,64.0
2018-03-04,10.0,16.0,3.9,0.0,0.8,5.3,2.4,965.8,961.8,71.0
2018-03-05,8.2,12.8,3.6,6.8,1.4,10.3,3.0,964.3,956.1,80.0
2018-03-06,9.5,15.2,3.8,0.0,2.8,13.6,8.7,966.8,958.7,61.0
2018-03-07,8.0,14.8,1.3,0.0,3.1,12.2,10.2,977.4,966.8,59.0
2018-03-08,8.5,15.2,1.8,0.0,1.7,7.2,4.7,977.9,973.8,69.0
2018-03-09,11.4,21.1,1.7,0.2,1.9,7.2,9.2,979.2,975.1,66.0
2018-03-10,16.1,23.1,9.1,0.8,2.2,11.1,6.1,975.1,968.7,65.0
2018-03-11,12.6,17.0,8.2,0.2,4.2,15.0,8.4,968.8,964.5,61.0
2018-03-12,12.2,16.8,7.5,0.0,3.9,12.5,9.6,980.5,968.7,52.0
2018-03-13,9.2,14.9,3.4,0.0,1.9,8.1,3.6,982.0,979.0,62.0
2018-03-14,9.6,17.8,1.5,1.2,1.4,6.9,5.2,981.2,966.7,71.0
2018-03-15,12.2,16.8,7.6,0.0,3.1,11.4,7.5,968.8,963.8,57.0
2018-03-16,9.8,16.8,2.8,0.0,3.1,9.7,9.7,970.6,966.4,54.0
2018-03-17,6.4,12.0,0.8,0.6,2.5,9.2,3.8,968.5,962.0,73.0
2018-03-18,9.4,15.2,3.7,0.0,2.8,10.8,8.7,971.5,963.0,56.0
2018-03-19,6.8,13.9,-0.3,8.8,2.2,11.1,5.2,972.7,966.0,68.0
2018-03-20,8.2,15.3,1.0,,3.3,10.0,8.9,980.5,966.0,51.0
2018-03-21,,,,,4.2,,,,,36.0
2018-03-22,6.2,14.8,-2.4,0.0,2.8,11.4,10.6,985.6,978.9,42.0
2018-03-23,9.2,18.3,0.1,3.2,3.6,8.6,8.8,979.1,965.1,46.0
2018-03-24,6.3,7.4,5.2,27.6,1.1,6.1,0.0,968.4,960.0,92.0
2018-03-25,8.7,12.3,5.1,0.8,1.1,6.1,0.6,978.5,968.4,80.0
2018-03-26,10.8,17.9,3.7,0.0,1.9,8.1,7.3,985.9,978.5,69.0
2018-03-27,10.4,19.3,1.4,0.0,1.9,7.8,8.6,987.1,983.2,67.0
2018-03-28,14.1,22.4,5.8,0.0,3.1,11.4,11.0,984.2,975.9,48.0
2018-03-29,13.2,18.7,7.7,0.0,3.3,10.6,9.4,976.5,972.4,60.0
2018-03-30,10.5,16.5,4.5,0.0,2.8,12.2,9.0,972.5,967.2,48.0
2018-03-31,9.0,15.5,2.5,0.0,4.7,22.2,9.2,981.0,965.4,44.0
2018-04-01,9.2,18.9,-0.5,0.0,2.2,7.2,10.3,984.3,979.7,49.0
2018-04-02,11.2,18.8,3.7,0.0,2.2,7.5,7.6,980.5,973.3,56.0
2018-04-03,14.0,22.5,5.5,0.0,1.7,7.2,8.6,976.0,971.6,60.0
2018-04-04,13.6,19.4,7.7,0.0,3.3,15.3,11.3,981.5,973.8,54.0
2018-04-05,13.4,21.7,5.2,0.0,2.8,9.7,10.8,986.2,981.4,58.0
2018-04-06,12.0,20.2,3.7,1.4,1.9,7.8,6.7,983.8,979.0,61.0
2018-04-07,13.6,18.6,8.5,0.6,2.5,10.8,4.2,979.6,972.2,63.0
2018-04-08,10.8,12.3,9.2,14.0,0.8,6.7,0.0,972.4,969.3,88.0
2018-04-09,12.0,18.0,5.9,0.0,3.3,10.8,7.0,973.9,971.6,71.0
2018-04-10,9.0,15.9,2.0,28.4,2.5,9.7,5.3,972.9,963.4,71.0
2018-04-11,9.6,13.2,5.9,3.4,2.2,13.6,1.3,963.5,957.4,76.0
2018-04-12,10.3,17.7,2.9,0.0,1.9,7.5,7.9,971.0,963.3,68.0
2018-04-13,9.8,12.6,7.0,8.2,1.4,3.6,0.0,980.3,970.7,88.0
2018-04-14,11.4,13.3,9.5,8.6,1.1,5.3,0.0,983.4,979.9,91.0
2018-04-15,14.8,21.3,8.2,0.0,3.1,9.4,10.9,982.3,976.8,62.0
2018-04-16,14.6,19.5,9.6,0.0,1.7,7.2,0.7,986.5,978.3,69.0
2018-04-17,16.6,24.4,8.9,0.0,1.7,6.7,9.8,991.4,986.5,61.0
2018-04-18,17.4,26.2,8.7,0.0,1.9,8.9,8.5,992.2,989.8,53.0
2018-04-19,16.2,23.7,8.8,0.0,1.4,8.3,8.2,991.8,989.2,52.0
2018-04-20,15.8,23.9,7.8,0.0,2.2,7.8,11.3,990.4,986.9,55.0
2018-04-21,16.8,25.2,8.5,0.0,2.5,7.2,11.3,987.8,983.9,49.0
2018-04-22,17.4,25.9,9.0,0.0,2.2,8.6,9.3,985.5,981.6,51.0
2018-04-23,17.8,26.2,9.5,0.0,1.9,7.5,6.4,986.2,983.9,52.0
2018-04-24,19.0,27.0,10.9,0.0,1.9,8.3,10.9,986.7,982.7,53.0
2018-04-25,19.4,28.1,10.8,0.0,2.2,10.3,9.5,985.0,982.2,55.0
2018-04-26,19.0,25.1,13.0,0.0,3.1,8.9,10.9,984.5,979.8,59.0
2018-04-27,18.8,27.0,10.5,1.8,1.9,10.6,8.1,980.7,975.5,69.0
2018-04-28,17.5,22.4,12.6,0.0,2.2,7.2,8.3,979.1,973.5,69.0
2018-04-29,12.2,17.1,7.3,9.0,1.9,16.9,3.9,978.2,969.6,72.0
2018-04-30,11.3,17.3,5.3,0.0,2.2,8.6,10.5,979.0,976.9,51.0
2018-05-01,10.2,16.0,4.5,3.4,1.1,9.2,1.7,980.0,978.0,67.0
2018-05-02,12.5,21.2,3.8,0.0,2.2,9.2,10.0,979.2,974.5,52.0
2018-05-03,14.3,21.6,7.0,0.0,3.1,11.9,4.2,976.8,973.0,63.0
2018-05-04,14.4,19.8,9.0,0.0,1.4,10.8,1.8,980.8,976.4,55.0
2018-05-05,15.2,20.0,10.3,2.6,1.1,5.3,1.0,984.0,980.3,73.0
2018-05-06,15.8,22.4,9.1,7.2,1.7,6.1,3.2,985.1,981.7,80.0
2018-05-07,18.9,24.3,13.5,8.6,1.1,5.8,2.8,982.8,978.9,79.0
2018-05-09,17.9,23.2,12.6,0.0,1.1,8.6,4.8,976.9,974.5,73.0
2018-05-10,16.6,20.4,12.8,0.0,1.9,8.6,4.6,984.7,976.3,74.0
2018-05-11,18.2,24.4,12.1,0.0,2.8,7.5,11.4,984.3,980.2,65.0
2018-05-12,15.0,19.4,10.5,20.6,2.2,8.9,0.4,983.1,976.5,84.0
2018-05-13,12.9,18.7,7.1,0.0,3.9,12.2,7.2,982.5,979.4,50.0
2018-05-14,12.1,19.1,5.1,0.0,2.5,8.3,7.4,983.4,979.6,52.0
2018-05-15,14.9,22.6,7.2,0.0,2.2,10.3,9.6,983.5,980.0,52.0
2018-05-16,16.9,24.9,8.9,0.0,1.7,7.8,9.5,983.6,980.3,58.0
2018-05-17,18.5,25.5,11.5,0.0,1.9,10.0,7.9,983.6,980.0,56.0
2018-05-18,17.6,23.6,11.7,0.2,2.2,7.5,5.6,983.6,981.9,65.0
2018-05-19,17.8,25.5,10.2,5.2,1.9,11.9,7.5,983.6,981.3,69.0
2018-05-20,17.6,24.3,11.0,0.0,2.2,8.9,8.2,982.7,979.6,63.0
2018-05-21,17.9,25.0,10.8,4.6,1.7,8.3,9.8,979.9,976.0,59.0
2018-05-22,18.2,23.5,12.8,0.6,1.4,6.1,5.2,983.5,977.7,70.0
2018-05-23,18.8,26.1,11.4,0.0,2.2,8.6,11.3,984.8,981.6,58.0
2018-05-24,20.8,28.2,13.3,0.0,2.2,8.9,12.0,984.6,981.1,49.0
2018-05-25,19.2,26.1,12.3,0.2,1.9,6.9,7.2,983.2,979.2,49.0
2018-05-26,20.0,25.5,14.4,0.0,1.7,11.1,6.2,982.0,979.6,58.0
2018-05-27,20.6,27.3,13.9,0.0,2.2,8.9,7.7,980.6,976.5,63.0
2018-05-28,19.0,23.3,14.7,15.6,1.4,8.9,2.8,982.0,978.0,76.0
2018-05-29,19.8,23.9,15.7,2.6,1.9,7.2,7.1,981.6,978.6,69.0
2018-05-30,17.1,20.9,13.3,19.0,1.4,4.7,1.7,980.6,978.7,85.0
2018-05-31,18.8,25.1,12.5,0.0,1.7,6.7,7.7,986.0,980.6,66.0
2018-06-01,20.4,27.1,13.6,0.0,2.2,10.3,10.9,986.5,983.1,60.0
2018-06-02,19.6,24.7,14.6,0.0,2.5,8.3,8.3,985.6,982.0,62.0
2018-06-03,17.2,20.4,13.9,5.4,0.8,3.6,1.1,983.6,978.5,85.0
2018-06-04,19.0,23.8,14.1,1.2,1.9,5.8,5.4,979.6,976.2,75.0
2018-06-05,18.9,23.6,14.2,15.4,0.8,7.8,5.5,977.9,975.4,85.0
2018-06-06,16.6,19.9,13.3,10.2,1.1,3.9,1.3,982.0,977.7,85.0
2018-06-07,17.8,22.5,13.1,1.6,1.7,10.8,5.0,982.2,980.6,77.0
2018-06-08,19.7,25.7,13.7,2.8,1.9,6.4,5.4,982.0,978.7,68.0
2018-06-09,21.2,27.5,14.9,0.0,2.5,7.8,10.5,980.5,977.8,50.0
2018-06-10,21.6,28.0,15.3,0.0,1.4,7.5,3.0,980.0,975.9,61.0
2018-06-11,22.0,27.4,16.7,1.8,2.2,9.2,10.1,978.1,974.8,48.0
2018-06-12,19.6,23.7,15.6,0.0,4.4,13.1,8.4,978.6,975.4,62.0
2018-06-13,20.8,27.9,13.8,0.0,1.7,7.8,10.3,980.3,977.3,47.0
2018-06-14,20.0,28.1,11.8,0.0,2.2,7.5,12.3,981.3,978.4,53.0
2018-06-15,21.2,28.0,14.4,0.0,2.2,8.3,8.8,982.3,979.2,55.0
2018-06-16,21.6,28.9,14.4,0.0,2.2,8.6,11.9,984.1,980.3,57.0
2018-06-17,21.5,27.7,15.3,0.0,2.5,7.8,12.0,987.1,983.9,49.0
2018-06-18,23.3,31.2,15.4,0.0,1.9,9.2,12.5,987.7,984.5,47.0
2018-06-19,23.0,31.2,14.9,0.0,2.2,8.6,13.8,988.7,984.9,48.0
2018-06-20,23.4,31.3,15.5,0.0,2.2,8.3,13.2,986.7,983.9,45.0
2018-06-21,24.1,32.5,15.7,0.0,2.5,8.3,12.5,985.6,982.2,42.0
2018-06-22,25.4,32.1,18.7,0.0,2.8,10.8,11.1,984.7,981.3,47.0
2018-06-23,23.5,28.7,18.3,0.0,3.1,9.7,12.0,985.3,983.0,58.0
2018-06-24,23.2,29.2,17.3,0.0,3.1,9.2,11.5,985.1,981.6,52.0
2018-06-25,23.6,28.9,18.2,0.0,2.8,8.9,12.1,984.7,981.1,49.0
2018-06-26,24.8,30.0,19.6,0.0,2.2,8.6,12.2,985.0,982.4,47.0
2018-06-27,24.6,32.2,16.9,0.0,2.2,8.6,11.2,984.6,978.9,50.0
2018-06-28,24.6,31.5,17.8,18.8,2.5,18.9,8.0,980.2,975.2,72.0
2018-06-29,22.8,29.2,16.5,0.0,2.8,8.6,11.7,979.2,976.4,64.0
2018-06-30,23.7,30.7,16.7,0.0,2.2,8.6,13.3,978.8,975.6,48.0
2018-07-01,23.4,31.4,15.3,0.0,2.2,9.2,13.0,977.9,975.0,56.0
2018-07-02,25.3,31.2,19.4,0.6,1.9,7.2,8.7,981.8,976.6,65.0
2018-07-03,26.2,32.9,19.4,0.0,2.2,8.6,11.3,983.0,980.7,48.0
2018-07-04,23.8,32.0,15.5,0.0,2.8,8.6,13.7,982.9,978.8,45.0
2018-07-05,23.8,31.3,16.2,0.0,3.1,8.9,11.1,986.1,981.3,51.0
2018-07-06,25.0,32.0,17.9,0.0,3.9,9.7,13.3,987.4,984.4,41.0
2018-07-07,25.0,31.6,18.4,0.0,2.2,10.0,9.5,987.0,982.9,59.0
2018-07-08,24.9,32.9,16.9,0.0,2.2,9.2,13.7,986.3,982.8,45.0
2018-07-09,27.0,36.0,17.9,3.2,2.8,9.4,11.8,985.5,980.8,46.0
2018-07-10,25.2,32.9,17.5,0.0,1.9,8.6,13.5,984.4,979.6,54.0
2018-07-11,24.4,30.4,18.4,1.8,2.8,9.7,9.4,982.6,978.9,60.0
2018-07-12,25.0,32.1,17.9,0.2,1.7,9.7,8.1,984.5,980.0,56.0
2018-07-13,24.1,32.1,16.1,0.0,1.7,11.1,8.6,984.9,982.5,51.0
2018-07-14,25.2,33.3,17.0,0.0,2.2,7.8,12.8,983.9,980.6,41.0
2018-07-15,25.2,33.7,16.6,1.0,2.5,9.2,13.1,982.6,978.0,47.0
2018-07-16,24.8,30.6,19.1,3.8,1.4,12.2,5.5,983.7,976.8,59.0
2018-07-17,23.4,30.8,15.9,0.0,2.8,8.1,12.3,985.7,982.0,51.0
2018-07-18,24.7,32.3,17.1,0.0,2.5,9.7,12.2,984.0,979.3,49.0
2018-07-19,25.0,33.0,17.0,0.0,2.5,9.2,13.2,982.7,979.8,49.0
2018-07-20,24.7,32.9,16.5,0.0,2.2,7.8,9.7,981.8,976.6,45.0
2018-07-21,24.4,29.7,19.0,0.0,2.5,8.3,5.6,982.1,978.3,51.0
2018-07-22,23.2,28.4,18.1,0.0,1.9,8.1,5.2,983.7,979.5,54.0
2018-07-23,23.8,32.3,15.3,0.0,2.5,8.9,12.8,984.2,979.7,54.0
2018-07-24,25.7,32.8,18.6,1.0,2.2,14.7,9.8,982.0,978.3,62.0
2018-07-25,24.9,33.8,16.0,0.0,1.9,8.9,10.6,982.8,979.5,43.0
2018-07-26,26.2,35.7,16.7,0.0,1.9,8.6,12.8,981.2,977.5,38.0
2018-07-27,26.9,36.3,17.5,0.0,2.2,9.7,12.0,980.8,976.9,38.0
2018-07-28,26.4,35.2,17.5,0.0,2.2,10.3,10.3,981.8,978.1,49.0
2018-07-29,26.9,34.8,19.0,0.0,2.2,8.6,12.2,981.8,978.2,55.0
2018-07-30,27.7,34.9,20.5,0.0,2.8,9.4,12.3,982.7,980.2,52.0
2018-07-31,28.0,35.8,20.1,0.0,2.8,8.9,12.8,983.3,981.0,47.0
2018-08-01,28.0,36.6,19.4,0.0,1.9,9.2,12.7,984.7,981.9,43.0
2018-08-02,28.9,37.1,20.7,0.0,2.5,9.7,11.2,985.4,982.4,42.0
2018-08-03,29.2,37.4,20.9,0.0,2.2,9.2,11.2,984.6,982.0,41.0
2018-08-04,29.6,38.6,20.5,0.0,2.2,9.2,11.4,984.5,981.4,39.0
2018-08-05,29.7,38.1,21.3,0.0,2.2,10.3,9.5,984.0,980.8,47.0
2018-08-06,28.0,35.8,20.1,0.0,2.5,10.8,8.6,983.7,979.9,50.0
2018-08-07,27.2,34.1,20.3,0.0,3.1,9.4,9.0,982.4,977.8,52.0
2018-08-08,26.4,33.4,19.5,0.0,2.5,10.0,8.8,982.5,979.3,52.0
2018-08-11,,,,0.0,2.5,9.2,0.0,990.5,985.2,
2018-08-12,,,,0.0,1.9,9.2,0.0,985.9,979.7,
2018-08-13,,,,0.4,2.5,10.0,0.0,981.5,977.9,
2018-08-14,,,,0.6,3.1,10.6,,985.3,981.0,
2018-08-15,25.1,31.7,18.5,0.0,1.9,8.6,11.2,985.7,982.1,47.0
2018-08-16,25.9,32.5,19.3,0.0,1.7,9.2,8.4,984.0,979.7,58.0
2018-08-17,21.4,26.6,16.1,4.2,1.9,6.4,1.8,986.0,981.9,76.0
2018-08-18,21.8,29.6,14.1,0.0,1.9,6.4,8.6,987.1,984.2,60.0
2018-08-19,24.6,33.2,15.9,0.0,1.9,8.1,9.8,987.5,984.3,49.0
2018-08-20,25.6,34.3,17.0,0.0,2.5,8.3,10.4,986.0,981.7,49.0
2018-08-21,25.9,34.0,17.8,0.0,1.9,7.2,10.3,984.8,980.6,45.0
2018-08-22,26.0,34.7,17.4,0.0,1.4,10.3,9.5,984.1,981.1,44.0
2018-08-23,25.8,34.4,17.1,1.6,1.1,10.0,7.8,984.0,980.0,59.0
2018-08-24,24.2,32.0,16.4,0.0,2.8,7.8,11.1,983.6,980.2,58.0
2018-08-25,23.1,28.7,17.5,0.0,2.8,8.6,8.7,982.6,979.6,53.0
2018-08-26,23.2,29.3,17.1,0.0,2.5,7.8,7.7,983.9,979.9,48.0
2018-08-27,23.8,31.4,16.3,0.0,2.2,10.0,10.7,984.5,981.6,63.0
2018-08-28,26.1,32.6,19.6,0.0,1.9,8.3,6.3,984.5,980.5,64.0
2018-08-29,24.8,32.8,16.9,2.4,2.8,10.6,9.3,986.8,981.2,55.0
2018-08-30,23.2,29.6,16.9,0.0,2.2,8.3,6.8,986.4,983.5,67.0
2018-08-31,23.4,25.9,21.0,0.0,3.1,9.2,5.5,986.1,983.6,73.0
2018-09-01,23.3,27.3,19.3,0.0,3.1,10.8,7.2,985.9,983.5,70.0
2018-09-02,24.6,29.7,19.4,0.0,2.2,8.3,8.0,985.4,980.1,62.0
2018-09-03,26.1,30.9,21.3,0.0,2.2,11.7,5.3,981.6,977.5,65.0
2018-09-04,25.0,31.3,18.8,0.0,2.5,9.2,8.5,981.4,978.6,58.0
2018-09-05,23.6,31.0,16.3,1.2,2.8,9.2,6.4,982.1,979.0,61.0
2018-09-06,23.3,30.0,16.6,4.0,2.8,9.2,8.3,982.1,978.0,64.0
2018-09-07,22.0,28.3,15.6,0.0,2.2,8.3,10.4,985.0,981.4,62.0
2018-09-08,22.7,29.0,16.4,0.0,2.5,9.2,6.0,986.3,984.1,68.0
2018-09-09,23.8,29.6,18.1,0.0,2.2,9.7,5.6,988.0,984.9,64.0
2018-09-10,22.8,28.8,16.8,0.0,1.7,6.9,3.0,990.3,986.9,65.0
2018-09-11,23.2,30.4,16.1,0.0,2.5,7.8,10.5,991.4,988.4,59.0
2018-09-13,23.2,30.6,15.7,0.0,1.7,7.2,10.3,986.3,982.8,66.0
2018-09-14,23.6,29.6,17.7,0.0,2.2,7.2,9.9,986.9,983.5,62.0
2018-09-15,22.2,26.2,18.3,0.0,1.7,8.6,1.5,988.4,986.6,69.0
2018-09-16,23.9,29.7,18.1,0.2,1.7,9.4,10.1,988.1,985.0,67.0
2018-09-17,22.9,29.0,16.8,3.6,2.2,8.3,10.0,987.6,983.5,67.0
2018-09-18,20.6,25.2,16.1,4.0,1.7,6.9,3.3,985.6,983.1,81.0
2018-09-19,22.8,29.5,16.0,0.0,1.9,7.2,9.5,988.1,985.2,69.0
2018-09-20,24.4,31.6,17.2,0.0,1.7,7.2,9.7,987.7,983.1,56.0
2018-09-21,24.3,33.2,15.4,0.0,2.8,9.4,10.0,987.3,982.0,62.0
2018-09-22,25.1,32.4,17.8,0.0,1.9,7.2,10.3,989.1,986.0,57.0
2018-09-23,25.0,32.3,17.6,0.0,2.2,6.9,10.5,989.4,984.9,64.0
2018-09-24,23.7,29.3,18.1,0.0,2.2,10.3,9.2,989.5,985.3,68.0
2018-09-25,21.0,27.0,15.1,0.0,1.7,7.2,7.8,994.9,989.5,45.0
2018-09-26,20.7,26.4,15.0,0.0,1.7,8.9,6.8,997.6,994.8,59.0
2018-09-27,19.2,26.8,11.6,0.0,1.7,7.2,8.2,997.5,989.9,64.0
2018-09-28,20.8,30.4,11.2,0.0,1.4,5.8,10.4,989.9,982.4,54.0
2018-09-29,21.1,29.6,12.6,0.0,2.5,9.7,9.7,984.6,980.8,59.0
2018-09-30,22.4,29.4,15.5,0.0,1.7,7.2,9.5,984.5,981.0,57.0
2018-10-01,19.6,25.2,14.0,0.0,2.2,8.6,8.4,985.2,980.8,51.0
2018-10-02,16.0,23.4,8.5,0.0,1.9,10.3,9.9,987.9,984.4,39.0
2018-10-03,18.9,28.4,9.4,0.0,1.9,7.2,10.1,989.0,984.9,44.0
2018-10-04,17.8,26.8,8.7,0.0,1.7,7.2,10.1,988.5,985.4,56.0
2018-10-05,18.0,26.5,9.6,0.0,2.2,6.9,9.9,987.6,982.3,60.0
2018-10-06,19.0,25.7,12.4,0.2,1.9,8.9,8.3,984.0,978.1,73.0
2018-10-07,17.9,22.5,13.3,0.0,2.5,8.9,6.9,983.5,977.4,46.0
2018-10-08,15.6,19.9,11.3,0.0,0.8,4.2,2.2,983.9,981.8,58.0
2018-10-09,16.8,22.1,11.5,10.6,1.7,7.2,2.2,982.4,978.4,65.0
2018-10-10,19.5,24.1,14.9,0.0,1.7,6.4,6.2,978.6,975.0,74.0
2018-10-11,19.9,26.1,13.7,0.0,1.7,6.4,3.6,985.1,978.0,74.0
2018-10-12,19.4,26.1,12.8,0.0,2.2,6.9,8.0,989.1,985.1,75.0
2018-10-13,21.0,24.6,17.4,0.0,1.9,8.6,2.2,988.2,981.6,76.0
2018-10-14,20.4,24.8,16.0,64.2,1.9,12.8,2.1,981.6,969.5,71.0
2018-10-15,15.4,18.7,12.0,0.0,1.7,12.2,2.2,978.9,969.3,77.0
2018-10-16,16.7,22.4,11.0,0.6,0.8,4.7,5.9,984.2,978.8,73.0
2018-10-17,17.8,23.5,12.0,0.2,1.4,5.8,6.2,983.8,979.1,74.0
2018-10-18,16.0,19.4,12.6,0.2,1.7,7.8,1.5,979.8,977.3,83.0
2018-10-19,20.0,23.3,16.7,1.4,2.5,10.0,4.1,985.8,978.8,63.0
2018-10-20,19.4,24.9,13.9,0.0,1.1,4.4,5.2,989.8,985.3,72.0
2018-10-21,18.2,24.5,11.9,0.0,1.4,6.7,8.2,989.5,984.3,77.0
2018-10-22,16.6,21.6,11.5,0.0,1.4,4.7,3.0,991.0,984.9,75.0
2018-10-23,15.4,21.1,9.6,0.0,1.7,5.6,8.9,993.2,990.3,71.0
2018-10-24,14.0,20.8,7.3,0.0,1.7,6.9,8.6,991.1,985.2,71.0
2018-10-25,15.9,24.6,7.2,0.0,0.8,3.9,9.0,985.6,981.7,63.0
2018-10-26,14.2,21.4,6.9,,0.6,5.0,5.5,982.6,975.5,75.0
2018-10-27,10.8,13.7,7.8,,1.1,7.5,0.0,975.5,965.2,90.0
2018-10-28,7.2,9.8,4.7,,0.8,5.0,0.6,967.1,963.4,84.0
2018-10-29,7.9,11.8,4.0,,3.6,12.2,2.6,966.1,956.8,68.0
2018-10-30,7.6,14.7,0.5,,1.9,6.7,7.4,974.1,966.1,69.0
2018-10-31,11.0,14.3,7.7,28.0,2.5,8.3,0.8,974.9,969.4,86.0
2018-11-01,10.8,15.9,5.7,0.0,1.1,5.6,8.2,984.3,974.3,77.0
2018-11-02,11.0,16.8,5.1,0.0,1.1,5.8,4.2,986.8,983.4,79.0
2018-11-03,9.6,16.6,2.6,0.0,1.4,6.1,8.3,987.8,983.4,73.0
2018-11-04,12.1,19.8,4.4,0.0,1.7,3.9,8.4,983.4,974.3,72.0
2018-11-05,12.2,16.2,8.2,21.6,0.8,7.8,1.9,974.4,968.7,85.0
2018-11-06,10.2,14.1,6.3,0.0,1.7,8.9,5.9,979.0,970.6,78.0
2018-11-07,11.5,17.7,5.3,0.0,1.7,8.3,7.7,985.3,977.2,68.0
2018-11-08,10.0,15.1,4.9,18.2,0.6,3.1,2.1,987.1,979.8,80.0
2018-11-09,11.3,14.2,8.4,0.4,1.7,8.9,2.2,981.1,977.3,88.0
2018-11-10,11.9,18.6,5.2,0.0,1.1,8.3,6.3,980.6,976.9,73.0
2018-11-11,15.8,22.7,9.0,0.0,1.7,5.8,7.8,982.9,979.2,72.0
2018-11-12,15.8,21.1,10.6,0.0,0.6,4.7,7.1,987.8,982.5,78.0
2018-11-13,14.5,21.5,7.5,0.0,1.4,4.7,7.3,992.4,987.7,79.0
2018-11-14,14.2,19.8,8.7,5.2,1.1,4.7,6.8,992.1,988.0,79.0
2018-11-15,12.2,13.3,11.0,32.8,0.8,4.4,0.0,988.0,985.9,95.0
2018-11-16,12.7,16.1,9.3,1.6,0.6,4.4,2.1,988.6,985.9,87.0
2018-11-17,11.2,12.3,10.0,1.8,1.4,5.0,0.0,986.2,980.2,90.0
2018-11-18,10.9,13.4,8.4,0.8,1.1,6.4,1.7,980.2,974.7,81.0
2018-11-19,11.0,13.8,8.2,14.8,1.4,6.7,1.6,974.7,965.9,79.0
2018-11-20,9.2,11.2,7.2,7.0,0.8,8.1,0.0,970.6,966.1,90.0
2018-11-21,10.0,15.7,4.4,0.0,0.6,5.8,6.7,981.9,970.4,83.0
2018-11-22,7.2,11.4,2.9,0.2,1.1,2.8,1.2,984.1,981.4,87.0
2018-11-23,7.7,10.2,5.2,4.4,1.4,6.1,0.0,982.1,977.9,91.0
2018-11-24,7.5,12.8,2.2,0.0,1.1,5.3,5.9,983.1,978.3,85.0
2018-11-25,6.9,12.5,1.3,1.6,1.4,8.3,1.2,978.3,972.1,81.0
2018-11-26,8.8,13.2,4.3,2.8,2.2,12.5,4.7,980.9,969.6,76.0
2018-11-27,8.6,13.8,3.4,0.0,1.9,8.9,7.6,987.1,980.6,70.0
2018-11-28,7.2,13.6,0.7,0.0,0.8,3.6,7.0,988.9,986.6,78.0
2018-11-29,6.8,12.4,1.1,0.8,0.8,2.5,6.0,988.1,982.5,82.0
2018-11-30,8.0,12.4,3.5,0.0,1.1,5.0,3.6,986.1,980.5,84.0
2018-12-01,6.0,9.3,2.7,0.0,1.9,5.3,3.8,987.8,985.2,87.0
2018-12-02,9.4,15.9,2.9,0.0,1.4,7.5,7.2,987.5,984.5,77.0
2018-12-03,8.2,12.9,3.6,0.0,1.4,4.7,3.3,988.3,985.3,84.0
2018-12-04,7.3,11.0,3.6,0.0,1.1,4.7,1.7,991.4,988.1,91.0
2018-12-05,10.0,16.6,3.5,0.0,0.6,4.2,5.9,991.4,987.9,82.0
2018-12-06,8.4,13.0,3.8,0.0,0.8,5.3,2.9,993.3,990.1,88.0
2018-12-07,6.5,8.2,4.8,0.0,0.8,5.3,0.0,993.1,988.2,89.0
2018-12-08,7.0,11.0,3.1,0.0,1.9,6.4,4.5,993.2,989.4,83.0
2018-12-09,8.2,15.5,0.9,0.0,2.5,9.2,7.4,993.6,987.3,78.0
2018-12-10,7.0,11.9,2.1,0.0,1.1,5.3,6.6,995.2,991.7,82.0
2018-12-11,5.2,10.3,0.1,0.0,0.8,2.8,4.1,991.7,985.2,87.0
2018-12-12,6.0,11.1,0.8,0.0,0.8,3.6,3.8,986.5,979.6,82.0
2018-12-13,6.6,8.1,5.1,3.4,0.6,2.8,0.0,979.6,969.6,93.0
2018-12-14,8.1,11.0,5.2,0.0,1.1,6.7,1.0,985.4,973.3,85.0
2018-12-15,8.4,11.6,5.1,0.0,1.4,7.8,3.8,988.3,984.3,77.0
2018-12-16,8.2,11.1,5.2,0.4,0.8,7.5,1.1,985.0,980.0,88.0
2018-12-17,6.6,11.6,1.7,0.0,1.7,9.2,6.4,995.2,985.0,78.0
2018-12-18,3.0,6.2,-0.2,0.0,0.8,2.8,1.6,994.6,986.4,93.0
2018-12-19,7.3,12.8,1.8,0.0,2.5,12.5,6.9,987.8,983.0,71.0
2018-12-20,7.0,13.5,0.6,0.0,1.1,5.0,7.1,995.0,987.5,77.0
2018-12-21,6.2,13.1,-0.8,0.0,1.4,5.6,6.7,995.7,993.2,78.0
2018-12-22,8.2,15.2,1.3,0.0,0.8,4.2,7.2,996.7,994.0,80.0
2018-12-23,9.0,16.5,1.6,0.0,0.8,5.0,7.1,997.0,993.1,81.0
2018-12-24,8.1,14.4,1.8,0.0,0.8,3.9,6.5,994.2,991.4,80.0
2018-12-25,4.6,8.8,0.3,0.0,0.3,3.3,4.5,996.2,993.7,88.0
2018-12-26,5.6,7.4,3.8,0.0,0.8,2.2,0.0,996.8,993.7,94.0
2018-12-27,6.4,9.0,3.8,0.0,1.1,3.6,1.2,994.0,991.7,86.0
2018-12-28,5.2,7.7,2.6,0.0,1.4,4.2,2.8,994.8,992.5,90.0
2018-12-29,3.7,7.7,-0.3,0.0,1.7,4.7,3.2,996.4,994.0,88.0
2018-12-30,4.1,9.7,-1.5,0.0,1.1,4.7,5.5,997.0,993.4,82.0
2018-12-31,6.1,14.1,-1.9,0.0,0.8,3.6,7.3,996.5,993.1,72.0
2019-01-01,6.0,13.9,-1.9,0.0,1.1,4.2,7.3,996.8,993.7,74.0
2019-01-02,2.8,7.3,-1.8,0.0,1.4,5.8,7.3,993.9,992.1,80.0
2019-01-03,2.6,8.8,-3.7,0.0,1.1,4.4,7.3,996.5,993.2,74.0
2019-01-04,3.0,10.4,-4.3,0.0,0.8,3.6,7.2,998.2,994.1,77.0
2019-01-05,2.6,7.3,-2.2,0.0,1.4,5.3,7.3,997.5,993.1,72.0
2019-01-06,5.0,12.2,-2.3,0.0,1.4,6.4,7.5,994.7,991.8,60.0
2019-01-07,4.0,9.7,-1.7,0.0,1.7,6.4,6.6,996.2,992.6,66.0
2019-01-08,2.1,7.0,-2.8,0.0,2.2,5.8,5.0,995.8,986.4,78.0
2019-01-09,5.5,12.3,-1.3,0.0,1.9,7.8,7.6,986.6,977.4,73.0
2019-01-10,4.7,11.3,-1.9,0.0,2.5,8.6,7.6,985.8,980.5,43.0
2019-01-11,1.0,7.0,-5.0,0.0,1.9,7.5,7.6,992.1,985.7,59.0
2019-01-12,2.6,9.6,-4.5,0.0,1.7,6.7,7.7,993.5,990.3,70.0
2019-01-13,3.8,9.3,-1.8,0.0,2.2,6.7,3.5,990.9,985.6,76.0
2019-01-14,6.6,12.3,0.9,0.0,3.1,9.7,1.5,986.6,983.0,79.0
2019-01-15,5.0,10.9,-0.8,0.0,1.1,4.7,3.9,988.9,985.4,85.0
2019-01-16,3.1,9.2,-3.0,0.0,0.6,2.2,3.4,986.1,981.6,86.0
2019-01-17,6.9,12.2,1.6,0.0,0.8,6.1,5.7,984.0,980.7,78.0
2019-01-18,3.4,5.7,1.0,0.0,1.1,5.0,0.0,984.8,981.6,79.0
2019-01-19,3.4,9.7,-2.8,3.4,0.6,4.7,4.9,982.5,976.8,78.0
2019-01-20,5.4,9.5,1.3,4.4,0.8,5.0,0.8,980.8,974.3,89.0
2019-01-21,4.0,9.1,-1.1,0.0,1.1,7.5,6.6,983.1,980.6,82.0
2019-01-22,1.4,6.6,-3.9,0.0,1.7,5.6,4.6,982.5,971.1,77.0
2019-01-23,3.6,7.8,-0.5,1.4,2.2,8.9,2.0,971.1,961.6,73.0
2019-01-24,4.8,11.9,-2.2,0.0,1.9,10.6,7.8,975.5,965.7,33.0
2019-01-25,5.8,15.7,-4.0,0.0,1.4,6.1,8.0,980.9,975.3,54.0
2019-01-26,7.2,14.0,0.5,0.0,2.2,7.8,7.6,984.5,977.5,73.0
2019-01-27,7.2,14.2,0.1,0.0,3.6,13.3,7.5,977.5,970.3,67.0
2019-01-28,6.0,12.7,-0.8,0.0,1.7,12.2,5.9,976.8,971.0,68.0
2019-01-29,2.4,6.2,-1.4,0.0,0.8,6.9,0.0,978.7,970.2,83.0
2019-01-30,7.0,11.1,2.9,0.0,2.8,10.6,7.8,974.5,969.7,62.0
2019-01-31,7.9,14.2,1.6,0.0,1.4,9.2,4.9,969.7,961.4,72.0
2019-02-01,10.2,14.5,5.9,0.2,2.2,13.3,5.3,961.5,955.5,68.0
2019-02-02,7.8,12.2,3.4,0.0,3.9,14.2,4.2,973.2,956.8,56.0
2019-02-03,3.8,11.5,-4.0,0.0,1.4,12.8,8.7,987.5,973.2,41.0
2019-02-04,3.8,12.0,-4.3,0.0,2.2,6.1,8.6,992.5,987.1,53.0
2019-02-05,8.6,16.8,0.3,0.0,1.4,5.6,8.7,992.2,989.5,63.0
2019-02-06,9.8,17.4,2.3,0.0,1.4,4.2,6.5,992.0,986.6,72.0
2019-02-07,8.2,16.0,0.5,0.0,0.6,4.7,7.8,989.1,985.4,74.0
2019-02-08,8.6,16.3,1.0,0.0,1.1,5.6,7.4,989.3,984.4,76.0
2019-02-09,9.0,17.3,0.7,0.0,1.1,5.6,8.2,989.2,985.5,69.0
2019-02-10,8.2,16.2,0.2,0.0,3.9,12.2,7.0,985.5,980.5,66.0
2019-02-11,9.1,15.2,3.0,0.0,1.1,5.3,8.1,995.7,985.2,59.0
2019-02-12,7.1,15.1,-0.9,0.0,1.1,7.5,9.2,998.2,995.2,62.0
2019-02-13,6.8,15.9,-2.3,0.0,2.2,7.5,9.2,999.8,996.2,64.0
2019-02-14,7.4,16.6,-1.7,0.0,1.7,6.7,8.5,1001.5,996.1,64.0
2019-02-15,7.5,17.4,-2.4,0.0,1.7,5.0,9.2,997.8,993.2,54.0
2019-02-16,8.2,19.4,-3.0,0.0,1.4,6.4,9.2,997.0,992.7,51.0
2019-02-17,6.8,16.6,-3.0,0.0,2.5,7.2,9.1,994.3,988.9,59.0
2019-02-18,8.7,15.7,1.7,0.0,2.2,6.1,7.6,990.6,985.6,75.0
2019-02-19,8.9,15.3,2.5,0.0,1.9,6.4,8.0,988.8,986.2,71.0
2019-02-20,8.8,14.5,3.0,0.0,1.1,5.3,3.6,993.2,988.4,68.0
2019-02-21,8.6,18.1,-0.9,0.0,1.7,7.8,7.8,996.6,993.1,72.0
2019-02-22,10.4,20.9,-0.1,0.0,2.2,6.1,9.4,996.7,991.5,59.0
2019-02-23,11.2,21.1,1.3,0.0,1.7,6.9,9.4,995.5,990.3,61.0
2019-02-24,10.0,18.8,1.1,0.0,1.9,7.2,9.5,999.0,995.5,57.0
2019-02-25,9.8,19.6,0.0,0.0,1.1,7.2,9.4,999.5,995.2,61.0
2019-02-26,11.4,21.6,1.2,0.0,1.9,8.6,8.9,997.4,993.3,56.0
2019-02-27,12.7,24.1,1.3,0.0,1.4,5.8,9.7,994.0,988.6,50.0
2019-02-28,11.6,20.6,2.5,0.0,0.8,7.2,9.3,992.7,989.5,58.0
2019-03-01,10.7,19.5,1.9,0.0,2.2,6.4,9.7,990.7,985.1,59.0
2019-03-02,12.0,19.8,4.2,0.0,2.5,8.1,7.8,989.5,985.5,64.0
2019-03-03,12.3,22.1,2.5,0.0,1.1,6.1,8.9,989.5,982.2,52.0
2019-03-04,11.8,20.5,3.2,0.0,3.1,13.3,7.0,983.9,979.6,56.0
2019-03-05,12.4,18.3,6.4,0.0,2.2,7.2,8.9,984.9,980.6,61.0
2019-03-06,9.2,14.0,4.4,2.0,2.2,8.1,0.0,980.8,970.9,82.0
2019-03-07,10.0,16.6,3.4,0.0,3.1,9.4,10.2,982.5,974.0,45.0
2019-03-08,9.2,18.7,-0.3,0.0,1.7,6.9,10.1,993.0,982.4,55.0
2019-03-09,11.0,20.2,1.9,0.0,1.1,5.6,10.0,995.9,992.9,57.0
2019-03-10,13.4,22.9,3.9,0.0,2.5,9.4,9.4,994.6,989.5,63.0
2019-03-11,13.6,20.0,7.1,0.0,2.5,7.2,9.8,995.7,991.2,59.0
2019-03-12,12.4,18.9,6.0,0.0,1.9,7.5,7.2,995.7,986.3,69.0
2019-03-13,12.0,18.4,5.7,0.0,2.5,8.1,6.0,990.5,984.7,63.0
2019-03-14,9.6,17.7,1.4,0.0,2.8,9.2,9.3,992.6,987.4,55.0
2019-03-15,13.0,20.2,5.7,0.0,1.7,10.0,10.7,990.8,987.6,52.0
2019-03-16,14.2,26.0,2.3,0.0,1.7,7.8,10.7,989.8,982.3,58.0
2019-03-17,13.6,23.7,3.6,0.0,2.8,10.0,10.6,984.5,978.4,63.0
2019-03-18,11.4,18.0,4.7,0.0,2.2,10.0,10.2,988.9,984.5,46.0
2019-03-19,10.2,15.9,4.6,0.0,1.9,8.1,5.2,992.1,986.8,59.0
2019-03-20,8.4,16.6,0.3,0.0,2.2,9.2,10.8,994.2,990.8,52.0
2019-03-21,8.7,17.7,-0.3,0.0,1.9,7.8,11.0,994.5,990.9,49.0
2019-03-22,11.8,22.5,1.2,0.0,2.2,8.3,10.9,994.0,990.4,46.0
2019-03-23,13.2,24.1,2.2,0.0,1.4,8.1,10.0,993.3,988.2,41.0
2019-03-24,13.8,24.6,3.0,0.0,1.9,8.6,11.0,990.6,986.2,41.0
2019-03-25,12.8,21.7,4.0,0.0,2.2,8.9,11.0,987.8,981.5,47.0
2019-03-26,11.6,20.7,2.4,0.0,1.9,9.7,11.2,989.5,984.0,45.0
2019-03-27,9.8,20.2,-0.5,0.0,1.7,9.7,11.2,992.9,987.8,52.0
2019-03-28,10.4,20.0,0.9,0.0,2.2,10.0,11.2,994.3,990.4,53.0
2019-03-29,10.0,18.0,2.0,0.0,2.5,8.3,10.8,994.2,990.6,51.0
2019-03-30,8.9,17.6,0.2,0.0,2.2,8.3,11.0,991.7,985.5,58.0
2019-03-31,10.6,18.9,2.4,0.0,1.9,7.8,3.6,986.4,980.1,66.0
2019-04-01,14.2,21.4,7.0,0.0,1.9,10.3,10.5,981.6,978.7,47.0
2019-04-02,13.2,20.5,5.8,0.4,1.7,8.3,5.3,981.4,976.5,55.0
2019-04-03,10.6,15.4,5.9,1.6,1.9,8.3,0.5,977.6,967.6,73.0
2019-04-04,8.8,16.0,1.5,0.0,1.9,8.6,11.2,970.1,967.4,44.0
2019-04-05,,,,,1.4,,2.8,,,68.0
2019-04-07,9.8,17.3,2.2,1.0,2.2,9.7,7.2,979.4,968.5,66.0
2019-04-08,11.2,19.2,3.3,0.0,2.5,8.6,9.9,979.2,974.7,60.0
2019-04-09,12.0,17.4,6.5,0.0,1.7,10.0,4.1,976.4,973.4,65.0
2019-04-10,10.6,18.4,2.9,5.0,1.9,10.3,7.0,978.8,974.6,69.0
2019-04-11,12.1,19.8,4.4,0.0,2.5,7.8,7.6,980.3,977.0,57.0
2019-04-12,14.5,21.4,7.6,0.0,3.3,9.2,11.2,983.4,978.6,53.0
2019-04-13,14.2,22.4,5.9,0.0,2.8,7.8,11.4,983.8,979.8,48.0
2019-04-14,12.2,20.6,3.7,0.0,2.5,9.7,9.2,983.8,978.2,57.0
2019-04-15,11.4,17.2,5.7,0.0,2.5,8.3,7.9,984.1,980.9,60.0
2019-04-16,12.9,19.9,5.9,0.0,2.2,8.1,7.3,986.9,982.6,60.0
2019-04-17,13.2,19.2,7.2,0.0,2.5,8.9,8.4,986.5,982.0,69.0
2019-04-18,14.3,20.4,8.2,0.0,2.2,9.7,1.8,985.4,981.6,56.0
2019-04-19,17.2,21.4,12.9,0.0,4.4,11.9,4.0,989.3,984.9,40.0
2019-04-20,14.4,19.6,9.3,10.0,2.5,11.9,1.6,988.7,983.9,51.0
2019-04-21,13.8,18.2,9.5,0.2,3.6,12.5,2.6,983.9,972.8,53.0
2019-04-22,15.0,17.5,12.6,0.8,3.3,10.8,1.1,973.0,964.5,56.0
2019-04-23,16.2,20.8,11.7,0.0,2.2,7.8,4.4,967.6,963.1,68.0
2019-04-24,14.0,18.0,10.1,0.2,2.2,11.4,7.2,976.8,967.4,49.0
2019-04-25,12.0,16.7,7.4,8.8,1.7,8.9,2.0,981.3,974.5,78.0
2019-04-26,12.2,19.9,4.4,0.0,3.9,11.7,11.6,989.9,981.1,52.0
2019-04-27,13.8,22.6,5.0,0.0,1.9,8.6,11.3,991.2,987.8,55.0
2019-04-28,13.6,21.0,6.3,0.0,2.2,10.3,10.7,989.8,985.1,60.0
2019-04-29,15.4,19.0,11.7,1.0,1.9,6.7,4.4,987.0,982.4,65.0
2019-04-30,16.9,22.3,11.5,0.0,2.5,8.6,9.1,984.1,980.3,62.0
2019-05-01,16.4,23.2,9.6,0.0,2.5,10.0,11.8,982.5,978.3,57.0
2019-05-02,16.5,21.7,11.3,0.8,2.5,10.3,6.0,982.0,979.7,57.0
2019-05-03,10.6,13.1,8.1,26.8,1.1,6.1,0.0,981.2,976.4,87.0
2019-05-04,13.2,20.4,6.1,0.0,1.9,8.3,7.0,978.3,974.1,55.0
2019-05-05,13.0,20.5,5.6,0.0,2.8,10.8,12.5,983.4,976.6,28.0
2019-05-06,11.8,19.9,3.6,0.0,2.5,8.6,12.1,985.2,982.2,53.0
2019-05-07,12.7,20.1,5.3,0.0,2.8,9.4,10.7,985.0,980.1,72.0
2019-05-08,19.8,25.6,13.9,0.0,3.6,13.3,6.3,980.1,970.8,52.0
2019-05-09,17.8,24.1,11.4,0.0,2.8,10.8,11.0,978.3,974.1,34.0
2019-05-10,20.0,28.4,11.5,0.0,2.8,9.4,7.6,981.8,976.8,49.0
2019-05-11,17.6,24.2,11.0,0.0,3.1,10.6,6.8,988.5,981.7,62.0
2019-05-12,16.6,25.5,7.6,0.0,3.3,10.0,12.7,990.5,984.3,45.0
2019-05-13,14.2,22.5,5.9,0.0,2.8,10.3,12.8,987.4,984.3,48.0
2019-05-14,15.6,24.8,6.3,0.0,2.8,10.3,12.3,987.1,979.8,47.0
2019-05-15,15.2,22.1,8.3,0.0,3.6,12.2,12.6,982.0,977.4,53.0
2019-05-16,14.2,22.9,5.6,2.8,1.9,8.9,9.8,981.6,972.5,58.0
2019-05-17,13.0,16.8,9.3,8.0,2.5,9.7,0.4,973.6,968.9,77.0
2019-05-18,14.8,20.4,9.2,0.6,2.2,11.9,7.0,975.5,972.1,53.0
2019-05-19,12.7,18.6,6.8,0.6,1.9,8.9,5.9,977.7,973.6,68.0
2019-05-20,15.0,23.4,6.6,0.0,2.2,9.7,7.5,981.3,976.8,62.0
2019-05-21,15.9,24.8,7.0,0.0,2.2,10.0,9.3,983.8,979.9,52.0
2019-05-22,18.2,26.6,9.7,0.0,1.9,9.2,12.9,984.6,981.9,45.0
2019-05-23,18.4,27.9,8.9,0.8,2.5,10.0,10.6,984.6,980.5,47.0
2019-05-24,14.6,16.2,13.0,18.6,1.1,3.3,0.0,982.0,980.6,88.0
2019-05-25,18.1,23.2,13.0,0.2,1.4,6.7,4.2,982.9,980.7,66.0
2019-05-26,18.3,25.2,11.4,0.0,1.9,7.8,10.8,983.3,979.7,53.0
2019-05-27,17.6,25.7,9.6,0.0,2.5,7.2,10.9,980.3,975.6,53.0
2019-05-28,18.5,23.8,13.2,0.0,3.3,10.0,6.1,983.5,978.0,58.0
2019-05-29,17.8,25.1,10.6,0.0,2.5,10.0,13.1,990.0,983.4,46.0
2019-05-30,17.4,25.9,9.0,0.0,2.5,8.9,13.4,991.4,988.2,49.0
2019-05-31,18.8,27.5,10.0,0.0,2.5,8.3,13.6,991.3,987.6,42.0
2019-06-01,20.8,29.9,11.7,0.0,2.5,9.2,13.6,989.1,984.9,38.0
2019-06-02,20.4,29.1,11.8,0.0,3.1,10.3,13.0,986.9,982.8,37.0
2019-06-03,20.6,29.8,11.3,0.0,2.5,8.6,12.9,985.0,981.6,36.0
2019-06-04,20.3,28.9,11.7,0.0,2.8,9.4,13.4,981.9,975.8,36.0
2019-06-05,18.0,25.0,10.9,0.0,3.3,10.6,6.6,979.3,972.1,48.0
2019-06-06,16.4,24.0,8.9,0.0,3.3,10.0,12.0,981.7,978.6,53.0
2019-06-07,19.6,26.2,12.9,0.0,2.8,11.9,12.2,986.9,977.6,36.0
2019-06-08,18.3,27.1,9.5,0.0,2.8,8.9,12.7,990.0,986.1,35.0
2019-06-09,20.6,27.3,14.0,0.0,1.9,8.9,2.9,986.5,977.7,44.0
2019-06-10,20.6,28.0,13.2,0.6,2.2,9.2,10.8,980.7,976.3,41.0
2019-06-11,14.4,17.8,10.9,10.4,1.9,6.4,0.4,980.9,977.5,84.0
2019-06-12,16.4,24.1,8.8,0.0,2.8,8.6,11.7,982.0,979.0,52.0
2019-06-13,17.4,26.8,7.9,0.0,2.2,9.2,11.2,982.0,977.8,43.0
2019-06-14,20.8,28.6,13.0,0.0,1.9,12.2,6.9,980.3,974.2,47.0
2019-06-15,21.3,29.0,13.6,0.0,2.8,9.7,12.9,986.9,979.9,51.0
2019-06-16,20.6,28.5,12.8,0.0,2.8,9.2,11.7,987.0,982.5,52.0
2019-06-17,22.0,31.7,12.4,0.0,2.8,10.0,13.8,984.3,980.4,38.0
2019-06-18,22.0,30.2,13.7,0.0,2.8,9.4,13.2,982.9,979.3,35.0
2019-06-19,22.6,33.0,12.3,0.0,3.3,10.0,13.0,980.6,977.0,42.0
2019-06-20,23.6,30.5,16.6,0.0,2.8,11.1,10.3,980.9,978.5,53.0
2019-06-21,22.0,27.7,16.4,5.4,2.2,7.2,6.3,982.8,980.1,59.0
2019-06-22,23.6,32.5,14.8,0.0,2.5,9.2,13.2,983.3,979.5,43.0
2019-06-23,25.0,34.5,15.4,0.0,2.5,8.9,12.7,982.9,979.0,39.0
2019-06-24,24.4,33.5,15.4,0.0,1.9,8.6,12.2,983.2,980.1,33.0
2019-06-25,25.3,34.5,16.1,0.0,2.8,9.4,12.8,986.3,982.1,46.0
2019-06-26,26.8,36.2,17.3,0.0,3.1,10.3,13.6,988.0,985.6,29.0
2019-06-27,27.4,38.1,16.7,0.0,3.1,9.2,13.7,988.1,984.0,29.0
2019-06-28,30.3,42.4,18.2,0.0,2.2,7.8,13.6,985.1,979.9,26.0
2019-06-29,29.3,39.0,19.6,0.0,2.8,10.3,13.6,983.1,980.3,26.0
2019-07-01,27.2,36.5,17.9,0.0,3.1,10.3,13.7,984.6,981.4,37.0
2019-07-02,26.4,34.4,18.4,0.0,2.8,10.0,12.0,984.0,979.5,39.0
2019-07-03,27.2,35.5,18.9,0.0,2.5,13.3,12.7,983.1,979.4,40.0
2019-07-04,25.9,35.0,16.8,0.0,2.8,9.7,11.9,984.6,981.9,44.0
2019-07-05,27.1,35.7,18.5,0.0,3.3,10.0,13.2,984.7,980.0,40.0
2019-07-06,28.8,39.4,18.1,4.6,2.5,12.5,10.4,982.0,976.9,38.0
2019-07-07,28.8,38.0,19.6,0.2,1.4,13.3,9.0,981.0,976.0,46.0
2019-07-08,24.8,29.8,19.8,4.8,1.4,7.8,3.0,983.4,978.3,64.0
2019-07-09,23.2,28.7,17.7,0.2,3.1,10.3,7.0,981.1,977.0,59.0
2019-07-10,24.8,34.0,15.5,0.0,2.2,7.2,13.7,982.2,978.7,43.0
2019-07-11,27.2,36.5,17.9,0.0,2.5,8.3,13.6,981.9,978.3,37.0
2019-07-12,26.8,35.2,18.4,0.0,3.3,10.8,13.0,982.8,979.3,47.0
2019-07-13,26.4,33.8,19.1,0.0,3.1,10.6,11.0,982.8,978.5,50.0
2019-07-14,24.8,30.7,18.8,59.8,2.2,15.6,8.5,979.4,976.4,70.0
2019-07-15,24.5,30.9,18.1,0.0,2.8,10.3,13.2,982.3,976.1,49.0
2019-07-16,24.2,31.3,17.1,0.0,3.1,10.3,13.2,983.1,980.3,47.0
2019-07-17,24.8,33.0,16.5,55.6,,18.1,,983.0,978.6,
2019-07-18,23.5,30.7,16.3,0.0,2.5,9.7,10.1,983.4,979.6,58.0
2019-07-19,24.0,30.0,18.1,0.0,2.8,9.7,13.0,983.9,981.0,52.0
2019-07-20,25.4,32.8,18.0,0.0,2.8,11.1,12.9,986.5,982.0,51.0
2019-07-21,26.0,33.3,18.6,0.0,2.5,10.0,12.3,988.9,985.7,47.0
2019-07-22,27.0,35.6,18.4,0.0,2.5,11.9,12.7,989.0,986.0,40.0
2019-07-23,27.2,36.9,17.6,0.0,3.1,11.1,12.7,987.0,981.9,37.0
2019-07-24,26.8,35.7,17.9,0.0,2.5,9.7,12.6,984.2,981.0,40.0
2019-07-25,26.4,34.5,18.2,0.0,2.8,10.0,12.6,982.8,979.3,44.0
2019-07-26,26.4,33.4,19.3,0.0,1.7,9.2,5.9,980.4,974.0,45.0
2019-07-27,24.0,28.3,19.6,3.6,2.8,11.9,5.0,975.5,968.9,55.0
2019-07-28,23.0,30.3,15.6,0.0,2.2,8.9,12.9,978.1,972.6,40.0
2019-07-29,24.0,32.6,15.4,0.0,3.1,10.3,12.9,979.1,975.3,52.0
2019-07-30,25.6,31.5,19.6,0.0,3.1,9.7,9.9,984.0,979.1,58.0
2019-07-31,24.6,29.8,19.3,0.0,3.3,9.2,9.4,985.5,981.6,50.0
2019-08-01,25.3,32.5,18.1,0.0,2.5,8.6,12.6,982.9,978.1,45.0
2019-08-02,26.0,35.0,17.0,0.0,2.2,10.8,12.4,982.8,979.6,40.0
2019-08-03,25.2,33.7,16.8,0.0,2.8,10.8,12.1,982.9,978.9,42.0
2019-08-04,26.0,34.0,18.0,0.0,2.8,10.6,11.9,982.3,979.5,42.0
2019-08-05,26.4,34.9,17.9,0.0,2.5,8.9,12.2,982.6,979.3,39.0
2019-08-06,26.6,34.8,18.5,0.0,2.5,8.6,10.5,981.0,975.8,48.0
2019-08-07,27.4,32.3,22.4,0.0,3.1,9.7,6.0,979.2,976.5,64.0
2019-08-08,28.8,36.3,21.4,0.0,2.8,9.4,10.9,979.5,977.0,48.0
2019-08-09,29.8,39.8,19.9,0.0,2.8,9.7,12.4,979.7,976.5,38.0
2019-08-10,29.2,35.8,22.5,0.0,2.5,9.7,11.3,983.9,979.6,44.0
2019-08-11,27.6,35.0,20.1,18.2,1.7,7.8,8.2,983.0,977.6,52.0
2019-08-12,24.7,30.2,19.2,0.0,2.8,8.9,8.8,985.6,979.8,52.0
2019-08-13,22.2,28.3,16.1,0.0,3.3,8.6,10.5,986.8,982.5,37.0
2019-08-14,22.5,31.7,13.3,0.0,2.5,10.3,11.7,986.0,982.5,45.0
2019-08-15,25.2,32.3,18.1,0.0,2.5,10.3,9.1,986.3,982.3,59.0
2019-08-16,25.7,31.3,20.1,0.0,2.5,8.9,11.0,986.2,980.9,61.0
2019-08-17,25.6,33.1,18.1,0.0,2.2,8.9,11.6,983.8,980.1,59.0
2019-08-18,25.9,33.8,18.0,0.0,2.5,11.1,10.5,981.4,977.0,58.0
2019-08-19,24.7,30.2,19.2,0.0,2.5,8.9,7.5,983.9,981.0,60.0
2019-08-20,20.7,24.3,17.1,1.2,1.4,7.8,3.7,988.1,983.3,67.0
2019-08-21,22.9,31.4,14.4,0.0,2.5,10.3,8.2,988.1,983.5,59.0
2019-08-22,25.8,32.7,19.0,0.0,2.2,10.0,10.6,987.4,984.7,54.0
2019-08-23,24.3,32.5,16.1,0.0,2.2,9.2,11.1,987.6,984.4,50.0
2019-08-24,25.3,33.7,16.9,0.0,2.5,10.0,11.2,986.3,983.3,48.0
2019-08-25,26.2,34.9,17.5,0.0,2.2,9.7,11.3,985.2,982.4,43.0
2019-08-26,24.4,33.3,15.5,0.2,2.8,8.6,7.5,984.7,980.7,46.0
2019-08-27,22.4,25.6,19.1,9.0,1.4,7.2,1.0,984.6,981.8,85.0
2019-08-28,24.8,32.0,17.7,0.0,1.9,7.5,9.8,985.3,981.5,57.0
2019-08-29,25.6,33.1,18.0,0.0,2.2,8.3,9.9,987.0,984.1,53.0
2019-08-30,26.0,34.2,17.7,0.0,1.9,7.8,8.0,987.6,983.8,51.0
2019-08-31,26.0,34.6,17.5,27.2,1.7,11.7,6.7,984.5,980.0,61.0
2019-09-01,23.1,30.4,15.8,0.0,1.9,8.9,6.0,983.4,978.8,65.0
2019-09-02,23.6,28.4,18.7,0.0,2.2,8.3,9.9,987.0,983.0,55.0
2019-09-03,23.2,30.1,16.2,0.0,1.9,8.9,10.5,988.3,985.5,48.0
2019-09-04,23.0,31.4,14.5,0.0,2.5,7.5,11.0,987.6,982.1,54.0
2019-09-05,23.0,29.2,16.7,0.0,2.2,8.9,7.7,985.6,982.0,54.0
2019-09-06,20.3,27.1,13.5,0.0,1.9,7.2,10.9,986.8,983.5,42.0
2019-09-07,20.4,27.9,12.9,0.0,1.9,7.5,10.3,988.0,983.2,51.0
2019-09-08,19.4,26.4,12.5,0.0,2.5,9.7,8.9,985.6,981.7,60.0
2019-09-09,,,,,2.5,,6.9,,,64.0
2019-09-11,19.5,25.3,13.7,0.0,3.1,12.2,5.7,991.3,979.8,59.0
2019-09-12,21.8,31.2,12.4,0.0,1.9,8.3,10.6,994.9,991.3,49.0
2019-09-13,20.0,27.4,12.6,0.2,0.8,9.4,2.2,996.4,990.5,53.0
2019-09-14,23.2,30.3,16.0,0.0,1.4,6.1,7.7,992.8,989.1,47.0
2019-09-15,23.8,31.5,16.0,0.2,1.4,6.9,9.5,990.7,986.5,47.0
2019-09-16,22.2,29.9,14.5,0.0,2.2,7.5,8.8,987.7,983.6,47.0
2019-09-17,23.0,31.4,14.5,0.0,1.7,8.9,10.4,984.5,980.4,50.0
2019-09-18,23.6,32.0,15.2,1.6,2.2,8.3,6.6,984.0,980.5,53.0
2019-09-19,22.3,30.0,14.6,0.0,1.1,9.2,8.4,985.8,982.0,56.0
2019-09-20,21.4,28.7,14.0,0.0,2.2,8.3,9.2,986.8,983.0,63.0
2019-09-21,20.4,23.0,17.8,9.8,0.8,5.3,1.5,983.6,978.5,84.0
2019-09-22,22.7,28.6,16.8,0.0,1.9,9.4,7.4,981.8,976.9,60.0
2019-09-23,20.2,25.7,14.7,0.0,2.5,10.8,9.3,986.1,981.8,54.0
2019-09-24,21.0,30.0,12.1,0.0,2.8,8.3,10.5,984.2,978.8,47.0
2019-09-25,21.2,27.1,15.2,0.0,2.5,8.3,7.3,983.9,980.1,57.0
2019-09-26,21.8,29.5,14.0,0.0,1.4,6.9,10.0,986.2,982.7,55.0
2019-09-27,21.1,28.6,13.6,0.0,1.7,8.6,10.3,985.7,982.0,69.0
2019-09-28,21.6,27.0,16.1,0.0,2.2,8.9,9.9,987.9,984.8,64.0
2019-09-29,22.6,32.1,13.1,0.0,2.2,7.8,8.3,985.3,980.3,64.0
2019-09-30,20.6,28.5,12.6,0.0,2.2,9.7,9.7,985.2,980.8,66.0
2019-10-01,24.5,31.5,17.5,0.0,2.2,9.2,8.0,981.3,974.0,59.0
2019-10-02,20.9,27.6,14.2,0.0,2.2,8.6,8.3,982.7,976.4,51.0
2019-10-03,18.4,25.7,11.0,0.0,1.9,6.7,9.6,983.5,980.5,49.0
2019-10-04,18.4,27.4,9.3,0.0,1.7,6.7,10.1,984.3,979.2,56.0
2019-10-05,18.6,26.1,11.2,0.0,2.2,9.4,9.8,983.4,980.6,64.0
2019-10-06,20.6,25.4,15.7,0.0,1.7,8.1,6.5,984.9,981.6,55.0
2019-10-07,19.4,25.9,12.9,0.0,1.9,6.9,8.7,985.5,980.0,42.0
2019-10-08,19.1,26.9,11.3,0.0,1.9,7.2,9.9,986.7,982.1,61.0
2019-10-09,18.4,23.8,13.0,0.0,2.5,7.8,2.7,987.1,982.5,79.0
2019-10-10,19.4,23.5,15.3,0.0,1.9,6.9,4.9,989.3,986.5,57.0
2019-10-11,19.4,25.6,13.1,0.0,2.2,8.1,6.1,989.1,985.0,67.0
2019-10-12,22.0,26.6,17.5,0.0,2.2,8.3,3.7,987.4,984.2,68.0
2019-10-13,21.0,26.9,15.2,0.0,1.7,8.6,9.2,985.6,982.7,69.0
2019-10-14,20.3,26.5,14.1,3.2,1.7,7.2,5.1,983.7,977.2,75.0
2019-10-15,14.5,19.8,9.2,0.0,3.3,11.4,9.1,986.2,977.4,52.0
2019-10-16,14.6,22.5,6.7,0.0,2.2,8.6,9.1,986.1,981.3,52.0
2019-10-17,16.4,25.9,6.9,0.0,1.4,7.8,7.6,983.8,980.8,51.0
2019-10-18,17.0,25.1,8.9,0.0,1.7,7.5,5.2,982.9,979.0,61.0
2019-10-19,17.8,25.6,10.0,2.0,2.2,8.6,6.0,979.0,972.8,68.0
2019-10-20,16.3,20.9,11.7,4.4,1.1,10.6,0.3,980.5,971.4,87.0
2019-10-21,12.7,15.5,9.9,9.2,1.1,3.9,1.0,985.5,980.5,83.0
2019-10-22,,,,,1.7,,0.1,,,86.0
2019-10-23,,,,0.4,,,3.0,,,
2019-10-24,12.6,16.8,8.3,0.0,1.7,9.7,6.9,987.4,976.6,77.0
2019-10-25,14.0,21.0,7.1,0.0,1.1,5.3,9.1,989.1,986.0,68.0
2019-10-26,14.6,23.0,6.2,0.0,1.4,6.4,9.0,989.4,985.9,65.0
2019-10-27,15.7,23.4,8.0,0.0,1.4,5.8,8.8,988.9,985.4,70.0
2019-10-28,13.3,17.1,9.5,0.0,0.8,2.5,0.1,986.2,982.0,82.0
2019-10-29,15.4,22.2,8.7,0.0,0.6,2.5,6.4,985.6,981.8,79.0
2019-10-30,15.4,22.5,8.3,0.0,1.1,5.6,8.5,987.3,984.5,75.0
2019-10-31,16.4,21.0,11.7,0.2,1.1,5.3,4.3,985.8,983.9,76.0
2019-11-01,14.4,20.2,8.5,0.0,1.4,3.3,5.0,985.6,976.9,76.0
2019-11-02,17.2,22.5,12.0,0.2,1.9,11.1,7.0,977.0,965.7,71.0
2019-11-03,14.8,17.8,11.8,0.0,3.6,16.4,6.3,972.8,960.6,53.0
2019-11-04,16.0,21.3,10.8,0.2,1.9,13.9,8.4,972.9,968.5,54.0
2019-11-05,12.5,16.0,9.0,0.0,3.6,15.0,7.8,973.4,968.1,56.0
2019-11-06,11.4,16.9,6.0,0.0,2.8,9.2,8.1,977.4,973.4,65.0
2019-11-07,9.8,15.7,4.0,0.0,1.1,8.3,2.3,976.2,972.1,70.0
2019-11-08,8.2,12.7,3.8,0.0,3.6,13.9,6.2,977.7,971.6,66.0
2019-11-09,8.0,13.8,2.1,0.2,2.5,10.3,6.4,981.6,974.9,68.0
2019-11-10,8.8,13.9,3.7,0.0,2.8,8.9,7.3,978.4,973.2,61.0
2019-11-11,6.4,12.5,0.3,0.0,1.9,7.5,5.9,979.6,975.6,67.0
2019-11-12,8.3,14.9,1.7,0.0,3.3,12.2,8.2,977.0,971.2,62.0
2019-11-13,8.6,14.0,3.2,0.0,1.1,4.7,4.2,974.9,970.6,76.0
2019-11-14,5.3,9.3,1.3,0.4,1.9,10.8,0.5,972.9,962.4,80.0
2019-11-15,4.4,9.2,-0.4,0.0,1.7,8.9,5.7,971.9,965.2,77.0
2019-11-16,4.8,10.0,-0.3,0.0,1.9,8.9,7.6,978.1,971.9,74.0
2019-11-17,5.2,11.4,-0.9,0.0,2.2,8.6,5.4,976.9,973.4,73.0
2019-11-18,7.5,13.4,1.6,0.0,1.1,8.9,7.8,980.5,973.3,73.0
2019-11-19,4.7,10.9,-1.5,0.0,1.9,5.6,7.8,982.2,979.8,71.0
2019-11-20,4.1,11.2,-3.0,0.0,0.6,4.2,5.6,981.4,974.9,76.0
2019-11-21,6.2,12.6,-0.3,,1.1,7.8,7.6,974.9,972.4,73.0
2019-11-22,7.0,13.1,0.8,,0.8,10.3,1.3,974.6,957.0,87.0
2019-11-23,10.4,13.7,7.1,,3.3,12.8,4.4,968.5,955.4,75.0
2019-11-24,8.8,14.5,3.2,0.0,1.4,10.3,7.7,977.0,968.4,70.0
2019-11-25,8.5,14.4,2.6,0.2,1.1,5.6,7.2,980.5,975.6,78.0
2019-11-26,9.2,16.8,1.7,0.0,0.8,4.2,6.4,980.3,971.8,79.0
2019-11-27,11.6,15.8,7.5,0.0,2.8,10.6,5.8,975.7,970.3,58.0
2019-11-28,12.6,17.0,8.3,0.0,2.8,9.7,6.3,979.5,975.3,64.0
2019-11-29,12.9,18.1,7.7,0.0,1.9,8.1,6.2,987.0,978.6,72.0
2019-11-30,12.2,17.3,7.2,0.0,0.8,3.3,4.6,987.0,978.6,82.0
2019-12-01,10.8,14.8,6.7,0.2,1.1,4.7,3.6,980.3,976.7,76.0
2019-12-02,9.2,15.4,3.0,0.0,1.4,5.8,7.5,984.5,980.0,74.0
2019-12-03,7.0,10.9,3.0,0.0,0.6,6.1,1.7,985.2,981.3,76.0
2019-12-04,10.4,11.6,9.2,53.0,4.2,11.1,0.0,981.3,974.5,81.0
2019-12-05,10.4,12.0,8.8,1.4,1.9,9.2,0.0,988.5,979.1,85.0
2019-12-06,10.6,14.8,6.4,0.0,0.8,4.4,5.6,990.5,987.2,84.0
2019-12-07,8.6,13.0,4.1,0.0,1.4,4.7,4.9,990.0,987.2,79.0
2019-12-08,5.9,9.0,2.8,0.0,1.7,3.9,1.4,989.7,986.2,89.0
2019-12-09,9.6,13.7,5.4,0.0,4.4,14.7,7.4,988.1,984.2,70.0
2019-12-10,6.3,10.7,1.9,0.0,1.9,9.7,2.8,990.3,987.3,74.0
2019-12-11,5.5,10.6,0.4,0.0,1.1,9.7,2.2,988.3,979.8,78.0
2019-12-12,5.6,10.6,0.6,0.0,3.3,11.1,3.5,981.9,969.6,75.0
2019-12-13,13.4,18.1,8.8,0.0,5.8,17.2,5.9,973.5,965.8,68.0
2019-12-14,9.4,13.8,5.0,0.0,1.9,11.4,0.4,981.0,973.4,75.0
2019-12-15,9.2,15.7,2.6,0.0,1.7,8.3,7.3,980.5,978.0,75.0
2019-12-16,5.0,7.9,2.2,0.4,0.3,2.5,0.0,979.0,972.4,88.0
2019-12-17,10.2,14.7,5.7,0.0,0.8,5.3,2.3,979.5,970.8,85.0
2019-12-18,10.4,15.3,5.6,0.0,0.8,4.4,5.9,984.5,979.5,83.0
2019-12-19,8.6,13.4,3.9,14.2,1.4,3.9,2.9,983.9,973.0,85.0
2019-12-20,12.9,16.6,9.2,8.2,3.1,15.0,3.5,973.1,963.2,69.0
2019-12-21,12.9,17.1,8.7,3.4,1.7,19.7,4.3,969.0,960.5,78.0
2019-12-22,12.5,15.1,9.9,0.0,5.0,18.6,6.9,980.5,965.1,60.0
2019-12-23,9.2,14.1,4.3,0.0,3.6,11.1,7.3,991.0,980.5,59.0
2019-12-24,7.8,13.8,1.8,0.0,0.8,5.3,5.3,993.3,990.4,80.0
2019-12-25,8.2,14.5,2.0,0.0,1.1,3.3,5.9,992.1,988.0,83.0
2019-12-26,8.0,13.0,3.0,0.0,0.8,5.6,4.1,995.5,987.7,83.0
2019-12-27,5.6,9.0,2.1,0.0,1.4,4.7,2.9,996.4,993.0,84.0
2019-12-28,6.6,13.2,-0.1,0.0,0.8,4.7,5.4,997.8,994.4,83.0
2019-12-29,7.5,11.2,3.8,0.0,1.4,4.2,5.3,998.8,995.5,80.0
2019-12-30,7.7,12.0,3.4,0.0,1.1,5.0,5.5,999.6,996.7,80.0
2019-12-31,5.9,8.2,3.6,0.0,1.7,4.7,0.8,1000.0,996.7,86.0
2020-01-01,6.3,10.5,2.1,0.0,1.4,4.2,3.1,998.8,995.6,81.0
2020-01-02,2.6,5.4,-0.1,0.0,1.1,3.6,3.6,998.6,995.6,89.0
2020-01-03,3.0,6.3,-0.4,0.0,1.7,3.6,1.8,998.1,995.1,86.0
2020-01-04,4.1,9.6,-1.4,0.0,1.1,6.1,6.4,999.0,995.9,80.0
2020-01-05,4.6,11.0,-1.8,0.0,1.4,5.0,7.4,996.3,992.5,78.0
2020-01-06,5.4,12.9,-2.2,0.0,0.8,2.5,7.5,996.3,992.5,78.0
2020-01-07,4.4,10.5,-1.7,0.0,0.8,4.4,7.5,997.3,993.6,77.0
2020-01-08,6.8,15.3,-1.7,0.0,1.1,3.3,7.6,997.9,994.1,74.0
2020-01-09,6.6,13.7,-0.5,3.2,1.7,5.3,7.5,995.7,989.0,81.0
2020-01-10,6.6,9.8,3.3,3.8,1.7,10.0,2.2,994.9,988.8,88.0
2020-01-11,3.7,8.4,-1.0,0.0,1.4,4.7,3.8,997.1,994.4,78.0
2020-01-12,3.6,10.5,-3.2,0.0,1.7,5.0,7.7,996.9,993.7,74.0
2020-01-13,3.2,9.5,-3.1,0.0,1.1,3.1,6.6,994.0,987.2,73.0
2020-01-14,5.1,13.0,-2.8,0.0,0.8,3.6,7.7,988.6,985.8,71.0
2020-01-15,4.9,12.6,-2.8,0.0,0.6,4.2,7.5,993.3,988.2,74.0
2020-01-16,6.6,14.8,-1.5,0.0,1.1,6.1,7.8,994.7,990.6,75.0
2020-01-17,8.0,14.3,1.7,0.0,3.1,15.8,7.1,995.0,989.6,69.0
2020-01-18,7.0,13.6,0.4,0.2,0.8,5.0,7.0,996.2,985.8,69.0
2020-01-19,8.3,11.9,4.7,0.2,2.2,11.7,1.9,990.0,984.1,47.0
2020-01-20,8.0,9.8,6.2,6.4,6.4,16.9,0.6,993.3,989.0,54.0
2020-01-21,6.8,9.9,3.8,57.6,5.6,16.4,0.0,992.9,987.8,86.0
2020-01-22,9.6,12.6,6.7,39.4,1.4,8.3,0.0,989.5,984.4,88.0
2020-01-23,8.4,13.1,3.8,1.2,0.8,9.7,3.6,989.6,982.3,87.0
2020-01-24,7.6,13.8,1.3,0.0,0.8,3.1,5.3,989.6,985.4,86.0
2020-01-25,6.4,9.9,2.9,0.6,0.8,2.5,0.8,987.7,984.0,88.0
2020-01-26,7.6,11.8,3.5,0.0,1.7,8.1,3.8,988.3,983.8,83.0
2020-01-27,7.8,12.0,3.6,0.0,1.7,8.9,4.3,988.2,983.4,68.0
2020-01-28,10.4,15.7,5.2,0.0,1.7,6.9,5.6,985.5,982.4,71.0
2020-01-29,9.0,16.3,1.6,0.0,1.4,4.7,7.2,988.5,985.0,77.0
2020-01-30,10.0,16.3,3.8,0.0,0.8,7.2,4.4,987.3,984.4,79.0
2020-01-31,11.7,18.5,4.9,0.0,1.4,3.9,6.1,988.8,985.8,77.0
2020-02-01,11.2,18.8,3.6,0.0,1.4,5.8,6.3,991.6,984.6,79.0
2020-02-02,12.4,19.5,5.2,0.0,1.9,6.4,,993.6,990.6,77.0
2020-02-03,14.2,21.6,6.7,0.0,1.4,5.8,8.5,995.2,990.8,73.0
2020-02-04,13.2,20.1,6.2,0.0,2.8,9.7,8.6,993.3,985.0,73.0
2020-02-05,8.0,14.9,1.2,0.0,1.7,7.8,8.8,995.9,991.8,67.0
2020-02-06,7.4,15.8,-1.0,0.0,1.7,6.7,8.8,994.3,989.8,72.0
2020-02-07,7.3,13.2,1.4,0.0,1.1,5.0,3.7,992.1,988.1,76.0
2020-02-08,10.0,14.6,5.5,0.0,1.4,4.2,4.0,993.1,988.5,73.0
2020-02-09,9.0,16.3,1.7,0.0,1.4,8.6,8.3,995.7,992.4,69.0
2020-02-10,12.6,18.3,7.0,0.0,2.8,8.6,,993.9,989.9,68.0
2020-02-11,11.3,15.5,7.1,0.0,1.7,6.1,3.0,991.2,987.6,77.0
2020-02-12,9.1,11.6,6.6,0.0,1.7,6.9,0.0,991.7,988.7,91.0
2020-02-13,12.4,17.1,7.6,0.0,1.9,8.9,7.2,988.7,984.6,76.0
2020-02-14,11.0,16.8,5.1,0.0,0.6,6.1,4.9,992.2,988.1,78.0
2020-02-15,12.6,18.4,6.9,0.0,1.7,6.7,4.7,992.5,989.3,83.0
2020-02-16,12.3,17.3,7.3,0.0,2.2,7.5,5.9,992.6,988.6,80.0
2020-02-17,12.8,18.4,7.3,0.0,0.8,8.3,4.4,994.6,988.0,73.0
2020-02-18,9.2,14.4,4.0,0.0,1.1,6.9,9.0,997.7,994.4,66.0
2020-02-19,8.0,14.0,2.0,0.0,1.7,5.6,9.3,998.1,993.6,68.0
2020-02-20,8.8,18.3,-0.7,0.0,0.8,4.2,9.3,993.6,988.6,70.0
2020-02-21,9.2,18.0,0.4,0.0,1.7,7.2,9.3,996.3,993.1,68.0
2020-02-22,10.2,19.3,1.2,0.0,1.7,5.8,9.1,999.8,995.3,67.0
2020-02-23,11.2,20.5,2.0,0.0,1.1,7.8,9.4,999.6,995.1,65.0
2020-02-24,12.0,21.6,2.4,0.0,1.4,7.5,9.4,996.4,986.0,65.0
2020-02-25,9.6,16.2,2.9,0.0,2.5,7.8,4.3,986.0,979.1,70.0
2020-02-26,10.3,16.8,3.8,0.0,5.6,15.3,9.4,984.5,978.9,50.0
2020-02-27,10.2,17.0,3.3,0.0,3.3,13.9,8.7,984.6,978.9,57.0
2020-02-28,10.2,16.9,3.5,0.0,2.8,8.6,5.8,987.9,982.9,75.0
2020-02-29,12.8,18.8,6.7,0.0,3.1,10.3,4.8,983.6,974.0,58.0
2020-03-01,14.4,18.4,10.3,2.8,3.3,15.0,8.4,976.1,971.0,47.0
2020-03-02,10.8,16.0,5.7,1.6,5.6,20.3,7.0,976.5,958.6,56.0
2020-03-03,8.3,11.9,4.7,0.0,4.2,14.2,5.6,978.3,969.6,66.0
2020-03-04,12.3,19.8,4.8,0.0,3.1,9.2,8.2,982.6,978.2,66.0
2020-03-05,12.4,19.2,5.7,0.0,3.9,14.7,,980.3,968.5,60.0
2020-03-06,8.1,14.3,1.9,0.4,4.2,13.9,,980.5,972.6,53.0
2020-03-07,8.4,17.0,-0.1,0.0,2.8,10.0,9.7,989.2,980.1,53.0
2020-03-08,10.3,18.0,2.6,0.0,1.7,7.8,8.6,989.6,985.5,60.0
2020-03-09,10.4,17.9,2.8,0.0,3.3,11.9,10.4,988.0,982.2,64.0
2020-03-10,9.4,16.0,2.8,0.0,2.5,7.2,4.7,990.3,987.9,68.0
2020-03-11,13.5,24.1,2.9,0.0,1.7,5.8,10.3,990.1,986.3,61.0
2020-03-12,15.2,24.6,5.7,0.0,2.5,7.8,9.9,988.2,982.4,60.0
2020-03-13,14.0,19.9,8.1,0.0,0.8,7.2,4.2,986.5,983.3,68.0
2020-03-14,13.2,18.7,7.8,0.0,1.7,7.5,2.6,986.6,984.0,74.0
2020-03-15,11.4,17.2,5.6,0.0,1.4,7.5,4.4,986.3,981.0,72.0
2020-03-16,11.9,13.4,10.4,36.0,1.9,8.6,0.0,989.5,980.0,81.0
2020-03-17,13.0,16.6,9.3,0.0,1.4,5.8,0.6,995.0,989.5,72.0
2020-03-18,12.7,18.7,6.7,0.0,0.8,6.9,6.1,994.7,990.3,68.0
2020-03-19,10.8,17.9,3.7,0.0,2.5,8.3,9.0,990.9,986.4,69.0
2020-03-20,10.2,17.5,3.0,0.0,1.7,8.9,7.9,987.2,983.6,64.0
2020-03-21,9.2,16.8,1.7,0.0,1.9,7.2,8.9,983.6,977.3,63.0
2020-03-22,11.2,16.4,6.1,2.0,1.4,6.7,4.2,982.4,977.9,73.0
2020-03-23,11.8,14.3,9.4,5.2,0.8,4.7,0.0,986.6,982.2,87.0
2020-03-24,10.8,14.5,7.0,0.0,1.7,7.5,4.7,986.5,983.6,71.0
2020-03-25,7.2,11.4,3.0,0.0,2.5,7.2,2.7,984.8,977.9,57.0
2020-03-26,5.6,11.5,-0.2,0.0,2.2,9.2,4.2,979.0,973.6,67.0
2020-03-27,6.0,13.5,-1.5,0.2,1.1,5.3,2.1,982.2,978.7,62.0
2020-03-28,11.8,18.2,5.3,0.0,1.4,5.6,5.3,983.9,981.2,57.0
2020-03-29,11.6,20.1,3.0,1.4,2.5,8.3,9.1,982.9,977.9,64.0
2020-03-30,8.4,10.6,6.1,0.6,1.4,7.5,0.0,981.2,978.5,73.0
2020-03-31,9.4,12.7,6.1,3.4,0.8,4.2,0.0,981.6,978.7,80.0
2020-04-01,9.7,11.6,7.8,6.8,1.9,8.3,0.0,981.4,978.4,83.0
2020-04-02,12.0,16.5,7.4,0.0,2.5,7.5,5.6,979.8,976.6,65.0
2020-04-03,10.3,17.0,3.6,0.0,2.8,8.9,9.9,984.5,979.3,65.0
2020-04-04,11.6,19.5,3.6,0.0,2.5,8.6,11.4,987.1,983.9,56.0
2020-04-05,10.6,19.1,2.0,0.0,1.9,8.6,11.1,987.9,984.5,54.0
2020-04-06,11.9,19.4,4.4,0.0,2.2,7.8,9.9,991.8,987.3,53.0
2020-04-07,12.2,17.0,7.4,0.0,1.4,4.2,1.7,993.0,991.0,66.0
2020-04-08,13.2,20.8,5.7,0.0,2.2,7.5,11.1,992.6,988.1,52.0
2020-04-09,13.3,21.1,5.5,0.0,2.2,8.6,,989.4,986.0,52.0
2020-04-10,13.2,22.1,4.3,0.0,1.9,7.5,11.0,989.1,986.1,49.0
2020-04-11,12.9,20.3,5.5,0.0,1.9,6.1,7.0,989.1,986.6,52.0
2020-04-12,13.0,20.8,5.1,0.8,1.9,8.3,9.0,988.6,979.7,48.0
2020-04-13,10.6,13.7,7.4,14.6,2.2,6.7,0.0,979.8,974.6,88.0
2020-04-14,15.5,21.5,9.5,0.0,2.2,7.8,10.5,981.8,977.8,68.0
2020-04-15,13.8,20.8,6.8,0.0,2.2,8.3,7.9,986.5,981.8,69.0
2020-04-16,17.2,21.4,12.9,0.0,1.7,8.6,6.6,986.7,982.1,63.0
2020-04-17,17.3,22.9,11.7,0.0,2.5,8.6,7.2,985.1,980.5,69.0
2020-04-18,16.3,22.2,10.4,10.8,3.3,9.7,7.6,983.4,979.5,74.0
2020-04-19,15.0,16.5,13.6,31.8,0.6,4.7,0.0,980.2,973.4,91.0
2020-04-20,16.2,18.7,13.7,20.2,1.4,7.5,0.6,973.6,970.5,85.0
2020-04-21,13.6,15.2,12.1,14.8,1.9,6.9,0.0,973.8,969.8,90.0
2020-04-22,15.0,17.8,12.1,0.0,2.8,8.6,2.0,985.2,973.8,70.0
2020-04-23,16.9,21.8,12.0,1.0,1.4,6.9,7.5,985.9,983.0,67.0
2020-04-24,17.4,22.9,11.8,0.0,2.2,8.6,9.8,984.1,978.8,53.0
2020-04-25,15.1,21.9,8.3,0.0,3.1,9.2,11.4,979.9,973.9,56.0
2020-04-26,16.6,23.1,10.2,0.0,1.9,8.1,7.2,978.8,975.4,62.0
2020-04-27,15.2,19.1,11.2,4.4,1.1,12.8,0.8,978.5,974.7,77.0
2020-04-28,15.3,20.9,9.7,0.2,4.2,13.6,9.9,980.6,975.8,55.0
2020-04-29,14.2,21.5,6.9,0.0,3.3,10.0,11.3,982.7,978.8,51.0
2020-04-30,15.4,21.5,9.3,0.0,3.6,14.7,8.8,980.9,977.7,49.0
2020-05-01,19.2,24.7,13.8,0.0,4.4,12.8,10.0,982.0,978.6,52.0
2020-05-02,20.1,27.4,12.8,0.0,3.6,10.8,12.1,984.3,981.3,54.0
2020-05-03,19.1,26.4,11.8,0.0,2.8,8.3,12.3,985.9,982.6,61.0
2020-05-04,19.4,27.5,11.4,0.0,1.9,7.8,10.7,983.9,980.3,53.0
2020-05-05,19.4,26.4,12.3,0.0,1.9,6.7,3.6,982.3,979.4,62.0
2020-05-06,20.2,28.4,12.1,0.0,2.2,8.9,11.6,985.6,981.1,57.0
2020-05-07,19.6,27.3,11.8,0.0,1.9,8.3,10.2,986.1,984.0,53.0
2020-05-08,18.5,26.3,10.7,0.0,2.2,8.1,12.0,985.7,980.7,47.0
2020-05-09,15.8,22.1,9.5,1.0,1.1,6.9,3.8,981.9,975.6,69.0
2020-05-10,15.6,17.7,13.4,20.8,1.9,9.4,0.8,975.8,966.7,81.0
2020-05-11,18.1,22.7,13.5,0.0,5.0,15.6,6.5,974.9,968.0,55.0
2020-05-12,15.3,21.0,9.6,0.4,1.9,9.2,6.5,978.3,972.2,66.0
2020-05-13,17.6,22.5,12.7,0.0,2.5,8.9,9.4,973.4,969.7,57.0
2020-05-14,14.2,17.9,10.6,,0.6,5.0,1.0,974.3,970.0,86.0
2020-05-15,16.0,21.0,10.9,,1.9,7.2,6.0,982.5,974.3,68.0
2020-05-16,17.4,22.3,12.6,,3.1,10.8,3.4,984.8,980.7,78.0
2020-05-17,17.8,23.9,11.7,,1.9,7.5,10.8,987.0,983.9,64.0
2020-05-18,18.3,26.5,10.1,,1.7,7.8,10.7,987.4,984.1,52.0
2020-05-19,19.5,28.1,10.9,,2.5,6.9,12.9,985.3,980.6,47.0
2020-05-20,20.5,30.2,10.8,,1.7,8.6,12.9,984.7,980.2,42.0
2020-05-21,22.0,31.4,12.6,0.0,1.9,6.9,13.0,987.9,983.9,47.0
2020-05-22,22.9,31.6,14.2,0.0,2.2,9.7,13.1,991.5,987.6,44.0
2020-05-23,21.4,30.2,12.5,,3.1,8.1,10.1,994.2,989.5,50.0
2020-05-24,21.2,25.4,17.0,0.0,2.8,8.3,3.9,994.4,991.4,58.0
2020-05-25,21.2,26.5,15.8,0.0,1.9,6.7,7.8,992.7,989.9,59.0
2020-05-26,21.0,29.4,12.7,0.0,2.5,8.6,12.2,992.7,989.3,46.0
2020-05-27,20.4,27.5,13.2,0.0,3.3,9.7,12.7,993.5,991.2,50.0
2020-05-28,21.0,27.2,14.7,0.0,2.5,10.0,13.4,993.3,986.8,45.0
2020-05-29,20.8,29.0,12.5,,2.2,13.3,9.6,986.8,979.5,63.0
2020-05-30,19.2,24.8,13.5,0.0,2.8,9.2,8.6,983.6,980.1,68.0
2020-05-31,19.5,25.6,13.4,,2.2,10.3,11.3,982.8,978.7,59.0
2020-06-01,20.2,25.6,14.7,,1.9,8.9,4.4,984.5,979.9,66.0
2020-06-02,20.2,26.6,13.9,,2.2,9.7,6.3,983.7,979.6,72.0
2020-06-10,17.2,24.2,10.2,0.0,,,7.0,983.1,978.4,65.0
2020-06-11,18.8,23.1,14.4,10.2,,,1.7,979.1,969.2,69.0
2020-06-12,20.3,24.6,16.0,0.0,,,9.9,974.8,967.8,46.0
2020-06-13,18.6,25.7,11.5,0.0,,,12.3,983.9,974.7,46.0
2020-06-14,18.8,25.5,12.2,0.0,,,8.5,985.2,982.1,53.0
2020-06-15,20.4,26.7,14.2,2.6,,,11.0,986.6,983.1,60.0
2020-06-16,18.7,22.2,15.2,10.8,,,2.5,985.8,980.7,82.0
2020-06-17,19.4,25.8,13.1,4.2,,,7.8,982.9,979.7,57.0
2020-06-18,19.2,24.5,13.8,3.2,,,8.1,984.3,979.9,69.0
2020-06-19,20.2,24.7,15.8,0.0,,,8.9,987.6,983.7,61.0
2020-06-20,20.6,27.2,13.9,0.0,,,9.9,987.8,984.6,70.0
2020-06-21,23.6,30.4,16.9,0.0,,,11.5,988.6,984.7,62.0
2020-06-22,23.4,29.5,17.3,0.0,,,13.0,988.5,984.9,60.0
2020-06-23,23.0,30.1,15.9,0.0,,,13.8,987.0,982.4,56.0
2020-06-24,22.8,30.0,15.6,0.0,,,12.3,984.6,983.0,50.0
2020-06-25,24.6,31.0,18.2,0.0,,,12.9,984.0,981.2,49.0
2020-06-26,24.2,31.4,17.1,0.0,,,12.5,983.1,979.8,44.0
2020-06-27,23.8,30.8,16.8,0.0,,,13.7,983.5,980.7,52.0
2020-06-28,25.8,32.0,19.6,0.0,,,10.5,984.9,982.0,53.0
2020-06-29,24.2,30.6,17.8,0.0,,,10.4,984.3,981.6,62.0
2020-06-30,25.5,30.2,20.8,0.0,,,7.7,983.0,978.8,63.0
2020-07-01,26.6,34.0,19.1,0.0,,,13.0,980.5,976.3,49.0
2020-07-02,25.6,32.0,19.1,6.6,,,11.1,983.9,978.5,58.0
2020-07-03,23.0,29.2,16.8,0.2,,,10.6,986.9,983.0,57.0
2020-07-04,23.0,30.5,15.6,0.0,,,13.7,988.5,985.5,45.0
2020-07-05,24.4,33.2,15.5,0.0,,,13.7,988.1,983.0,44.0
2020-07-06,25.6,34.4,16.9,0.0,,,13.6,984.2,980.5,50.0
2020-07-07,25.2,32.0,18.5,0.0,,,11.9,984.1,981.1,51.0
2020-07-08,25.0,32.0,17.9,0.0,,,10.8,985.5,981.8,51.0
2020-07-09,27.2,36.1,18.4,,,,,985.1,981.6,50.0
2020-07-10,25.0,31.7,18.4,0.0,3.3,10.8,7.7,984.1,981.3,52.0
2020-07-11,25.0,33.6,16.5,0.0,2.2,10.3,13.2,985.3,982.7,50.0
2020-07-12,25.1,32.3,17.9,0.4,1.9,11.7,7.1,986.5,983.6,60.0
2020-07-13,25.4,32.1,18.8,34.8,1.7,11.9,7.2,986.0,982.9,65.0
2020-07-14,23.2,28.9,17.5,0.0,2.2,9.4,8.3,985.0,980.6,49.0
2020-07-15,22.8,30.0,15.7,0.0,2.2,7.5,9.4,985.3,981.8,50.0
2020-07-16,22.9,27.7,18.1,0.0,3.1,9.2,10.6,986.0,983.0,56.0
2020-07-17,24.4,29.8,19.0,0.0,2.8,8.6,10.0,984.1,980.6,58.0
2020-07-18,25.2,31.6,18.8,0.0,2.5,10.6,12.9,983.8,980.2,49.0
2020-07-19,25.2,32.8,17.6,0.0,2.8,8.9,13.1,983.5,980.5,49.0
2020-07-20,23.5,30.2,16.8,0.0,1.7,5.3,5.6,985.6,982.8,55.0
2020-07-21,24.4,32.9,16.0,0.0,3.1,9.2,12.5,986.7,984.5,51.0
2020-07-22,24.8,33.8,15.7,0.0,2.5,9.7,9.2,987.5,982.9,40.0
2020-07-23,26.0,33.6,18.4,2.4,2.5,9.2,12.8,984.0,979.5,43.0
2020-07-24,26.4,33.1,19.7,0.4,2.5,8.3,9.8,982.9,979.0,51.0
2020-07-25,25.4,31.9,18.8,0.0,3.1,8.3,9.7,983.1,979.1,53.0
2020-07-26,25.7,33.3,18.1,0.0,2.5,9.7,12.9,984.5,981.0,53.0
2020-07-27,28.0,36.3,19.6,0.0,2.8,9.2,11.4,984.7,980.6,47.0
2020-07-28,27.5,36.1,18.9,0.0,2.5,7.8,11.6,983.6,981.0,41.0
2020-07-29,26.8,35.3,18.2,0.0,2.2,8.6,12.6,984.3,981.4,46.0
2020-07-30,28.0,37.3,18.7,0.0,2.5,8.6,12.1,984.3,981.7,40.0
2020-07-31,28.0,37.8,18.3,0.0,2.8,9.7,12.6,984.0,980.5,37.0
2020-08-01,28.0,37.1,18.9,0.0,2.8,8.9,,983.1,978.9,38.0
2020-08-02,28.0,34.9,21.1,0.4,3.3,8.9,10.8,982.5,978.3,45.0
2020-08-03,24.6,30.3,19.0,10.2,2.8,8.9,9.3,980.9,977.3,46.0
2020-08-04,23.4,28.6,18.1,0.0,3.3,9.2,,981.6,978.9,53.0
2020-08-05,24.6,32.2,17.1,0.0,2.5,9.7,12.6,982.7,978.6,54.0
2020-08-06,26.4,34.3,18.6,0.0,2.5,9.4,12.6,984.9,981.4,46.0
2020-08-07,26.6,35.8,17.3,0.0,2.5,9.7,11.4,986.5,982.6,44.0
2020-08-08,28.2,36.4,19.9,0.0,2.8,8.9,10.0,987.0,982.4,42.0
2020-08-09,28.8,36.3,21.4,0.0,2.2,11.7,8.1,984.3,981.0,45.0
2020-08-10,26.0,34.1,17.8,0.0,1.9,7.2,6.1,981.9,979.3,42.0
2020-08-11,27.8,36.0,19.5,0.0,3.1,8.9,4.4,982.8,979.4,44.0
2020-08-12,27.2,33.4,21.1,0.0,2.2,12.8,6.1,982.1,978.2,47.0
2020-08-13,25.6,32.9,18.2,1.2,2.2,10.0,7.9,982.8,980.0,60.0
2020-08-14,25.6,32.3,19.0,0.0,2.2,9.2,8.5,983.0,979.5,62.0
2020-08-15,25.2,32.9,17.4,0.0,2.5,10.3,10.5,981.8,977.0,56.0
2020-08-16,25.4,33.0,17.8,0.0,2.2,9.2,9.9,979.8,976.9,57.0
2020-08-17,23.8,30.1,17.6,0.0,2.5,9.7,9.2,981.3,978.2,51.0
2020-08-18,24.6,28.6,20.5,,1.9,6.4,,981.4,978.9,53.0
2020-08-19,25.2,34.1,16.2,0.0,2.8,8.9,,980.4,974.8,49.0
2020-08-20,25.9,34.6,17.2,0.0,2.2,9.4,11.4,980.2,976.5,45.0
2020-08-21,26.6,35.7,17.6,0.0,2.2,9.2,11.1,982.9,978.9,55.0
2020-08-22,27.9,33.2,22.6,0.0,2.8,9.7,7.5,986.6,982.9,59.0
2020-08-23,26.4,32.4,20.5,0.0,3.3,8.6,10.0,987.4,983.4,46.0
2020-08-24,24.2,29.4,18.9,0.0,3.3,10.6,,984.6,981.1,56.0
2020-08-25,25.1,34.1,16.1,0.0,2.8,8.6,,984.4,980.2,61.0
2020-08-26,27.2,34.0,20.5,0.0,2.8,9.2,10.2,986.1,982.8,59.0
2020-08-27,26.5,32.7,20.3,0.0,2.5,8.9,10.5,985.7,979.8,61.0
2020-08-28,25.5,31.5,19.5,23.4,1.9,10.6,7.3,980.2,970.0,67.0
2020-08-29,19.5,23.2,15.8,0.2,1.9,7.5,3.9,975.2,970.8,71.0
2020-08-30,18.6,26.1,11.2,0.2,2.5,8.3,,984.1,974.9,57.0
2020-08-31,18.9,26.9,10.9,0.0,2.2,7.2,,985.4,981.5,46.0
2020-09-01,19.4,26.5,12.3,0.0,2.2,8.6,,983.9,978.0,62.0
2020-09-02,20.6,26.8,14.5,0.0,1.7,7.2,,986.7,980.9,60.0
2020-09-03,22.0,29.3,14.6,0.0,1.9,10.3,11.1,990.9,986.4,60.0
2020-09-04,23.2,31.2,15.3,0.0,2.5,8.3,11.0,991.9,987.8,58.0
2020-09-05,23.8,31.3,16.2,0.0,2.2,8.9,10.0,988.9,983.7,59.0
2020-09-06,24.4,30.8,18.1,0.0,3.1,8.9,10.7,984.4,980.2,51.0
2020-09-08,19.0,27.4,10.6,8.6,1.9,8.9,4.0,990.2,987.8,67.0
2020-09-09,19.9,24.5,15.3,8.4,1.4,5.0,2.0,988.9,986.1,81.0
2020-09-10,21.2,28.8,13.7,0.0,1.4,13.6,6.7,986.6,982.0,71.0
2020-09-11,23.8,31.4,16.2,0.0,1.9,8.9,9.7,983.3,979.7,55.0
2020-09-12,23.5,32.0,15.0,0.0,1.4,7.8,,988.7,983.2,53.0
2020-09-13,23.9,32.5,15.3,0.0,1.9,6.9,,990.7,988.1,49.0
2020-09-14,23.0,31.7,14.4,0.0,1.9,8.3,10.3,991.0,987.5,53.0
2020-09-15,22.2,30.1,14.4,0.0,1.7,6.9,10.2,989.5,985.3,61.0
2020-09-16,23.7,31.4,16.0,0.0,1.9,6.7,9.7,986.8,982.9,59.0
2020-09-17,23.3,30.6,16.0,0.0,1.4,5.8,3.6,984.8,981.4,55.0
2020-09-18,20.4,22.5,18.4,4.6,1.4,5.6,1.0,985.7,981.7,81.0
2020-09-19,21.2,25.9,16.5,7.2,1.4,5.6,,982.8,978.3,80.0
2020-09-20,21.9,27.6,16.2,0.0,2.2,7.8,10.4,982.5,980.0,54.0
2020-09-21,20.5,25.1,15.9,0.2,1.9,8.6,3.6,983.6,981.2,70.0
2020-09-22,20.8,26.5,15.0,0.0,1.4,8.3,,983.0,978.1,67.0
2020-09-23,20.8,28.7,12.9,0.0,2.2,9.4,,979.6,976.1,52.0
2020-09-24,20.6,26.6,14.5,0.0,2.5,10.0,,978.8,975.5,58.0
2020-09-25,16.0,20.6,11.5,0.0,5.8,17.5,,981.8,974.5,39.0
2020-09-26,15.2,23.3,7.1,0.0,3.3,14.2,10.0,981.5,970.9,54.0
2020-09-27,14.8,20.7,8.9,0.0,2.8,10.8,,979.6,970.9,42.0
2020-09-28,16.4,24.1,8.7,0.0,1.7,7.2,,985.2,979.3,49.0
2020-09-29,17.2,25.9,8.4,0.0,1.7,7.8,,986.8,982.2,54.0
2020-09-30,17.3,26.9,7.7,0.0,1.7,7.5,,984.3,978.8,60.0
2020-10-01,19.2,26.8,11.6,0.0,1.7,7.8,6.4,979.1,969.1,65.0
2020-10-02,14.0,18.3,9.6,6.4,1.9,15.3,0.1,969.1,956.3,84.0
2020-10-03,12.5,17.0,8.0,0.0,3.9,13.9,,974.4,963.7,55.0
2020-10-04,12.4,19.4,5.3,0.0,3.6,11.4,7.6,976.0,970.7,57.0
2020-10-05,14.0,21.5,6.5,0.0,2.8,7.5,,985.7,976.0,56.0
2020-10-06,15.6,24.5,6.7,0.0,1.7,8.6,9.3,986.5,983.5,57.0
2020-10-07,18.6,25.3,12.0,0.0,2.8,9.4,7.0,990.3,983.8,71.0
2020-10-08,19.6,25.4,13.8,0.0,1.7,5.6,8.4,991.4,987.5,70.0
2020-10-09,20.1,26.2,14.0,0.6,1.4,6.7,4.9,989.5,986.4,73.0
2020-10-10,18.4,22.8,14.1,0.0,1.7,9.2,4.2,988.8,985.8,77.0
2020-10-11,14.6,21.4,7.7,0.0,1.4,10.8,8.3,987.3,983.3,46.0
2020-10-12,13.2,21.8,4.7,0.0,2.2,8.9,,986.0,982.3,44.0
2020-10-13,15.4,21.9,8.9,0.2,2.2,8.9,8.3,982.7,976.3,57.0
2020-10-14,10.2,15.9,4.4,1.2,1.1,11.4,1.9,977.8,972.9,74.0
2020-10-15,10.5,18.7,2.3,0.0,1.9,8.9,7.8,982.1,977.4,62.0
2020-10-16,10.0,18.6,1.4,0.0,1.7,4.7,9.2,984.2,981.4,56.0
2020-10-17,10.2,19.6,0.9,0.0,0.8,5.8,9.1,985.9,981.5,55.0
2020-10-18,11.4,20.7,2.1,0.0,1.7,5.8,7.9,988.6,985.9,67.0
2020-10-19,11.8,19.6,3.9,0.0,1.1,6.4,4.7,989.4,985.4,73.0
2020-10-20,15.8,20.2,11.4,0.0,1.1,5.8,0.5,986.1,979.5,74.0
2020-10-21,19.3,25.1,13.5,0.2,1.7,6.7,4.1,981.5,977.2,70.0
2020-10-22,16.2,18.7,13.6,2.4,0.8,3.9,0.0,983.3,980.7,86.0
2020-10-23,17.0,21.4,12.5,0.0,3.1,10.3,7.2,987.5,982.1,63.0
2020-10-24,13.2,20.5,6.0,0.0,1.9,8.1,8.9,989.3,984.1,61.0
2020-10-25,15.0,20.2,9.9,0.0,2.5,11.4,6.5,984.1,973.9,53.0
2020-10-26,12.8,17.6,8.1,0.0,4.7,11.4,8.5,981.6,973.0,53.0
2020-10-27,10.6,17.0,4.2,0.0,2.5,7.5,6.7,983.5,981.2,59.0
2020-10-28,13.4,21.6,5.2,0.0,1.1,5.3,8.7,990.1,983.3,60.0
2020-10-29,14.6,21.8,7.4,0.0,1.1,6.7,8.8,993.1,989.9,63.0
2020-10-30,15.2,25.1,5.2,0.0,1.4,4.2,8.8,992.8,989.4,62.0
2020-10-31,15.3,26.1,4.5,0.0,0.8,5.8,8.9,991.5,987.2,59.0
2020-11-01,15.2,25.1,5.2,0.0,0.8,5.0,8.8,990.4,987.4,61.0
2020-11-02,16.0,25.5,6.6,0.0,,7.2,8.8,989.5,985.7,66.0
2020-11-03,14.8,17.9,11.8,15.8,1.1,4.4,0.0,991.4,989.5,81.0
2020-11-04,10.5,11.8,9.2,5.6,1.1,5.0,0.0,991.8,988.2,89.0
2020-11-05,12.5,18.4,6.6,0.2,1.1,5.0,5.5,993.5,991.2,76.0
2020-11-06,15.8,18.8,12.7,0.0,2.2,6.4,0.0,992.9,989.2,75.0
2020-11-07,14.6,17.5,11.8,41.0,1.9,8.3,0.9,989.2,985.3,82.0
2020-11-08,13.8,18.2,9.3,0.2,1.1,3.9,3.8,990.4,987.0,89.0
2020-11-09,13.0,19.7,6.4,0.0,0.8,3.3,7.2,989.5,986.4,75.0
2020-11-10,13.0,19.7,6.4,0.0,0.8,4.2,6.0,993.4,989.5,78.0
2020-11-11,12.9,20.0,5.8,0.0,1.4,4.7,6.6,993.5,988.0,77.0
2020-11-12,11.9,17.6,6.2,0.0,0.6,3.3,6.9,990.4,987.7,77.0
2020-11-13,11.4,17.3,5.6,0.0,0.8,2.8,4.5,989.1,986.4,79.0
2020-11-14,11.4,18.4,4.3,0.0,1.1,2.2,6.7,988.9,985.1,79.0
2020-11-15,13.8,20.0,7.7,0.0,2.2,11.4,7.2,986.1,982.5,73.0
2020-11-16,13.4,16.9,9.8,0.0,1.1,5.0,1.2,991.6,983.7,82.0
2020-11-17,11.8,18.1,5.4,0.0,0.8,3.9,7.8,993.9,990.8,76.0
2020-11-18,11.4,18.2,4.6,0.0,1.4,3.9,6.6,994.7,992.0,81.0
2020-11-19,11.8,17.7,6.0,0.0,1.1,6.4,6.4,996.9,993.4,81.0
2020-11-20,8.6,14.4,2.9,0.0,1.4,6.1,4.9,995.3,990.8,71.0
2020-11-21,6.8,14.5,-1.0,0.0,1.1,3.6,8.0,996.1,993.4,71.0
2020-11-22,6.6,14.7,-1.6,0.0,0.8,2.5,7.9,995.7,991.7,73.0
2020-11-23,7.8,16.1,-0.4,0.0,0.6,,7.3,995.3,991.5,75.0
2020-11-24,7.5,15.4,-0.4,0.0,0.8,,7.5,992.6,986.0,75.0
2020-11-25,8.4,12.7,4.1,0.0,0.8,2.8,0.8,986.6,982.7,84.0
2020-11-26,10.0,13.8,6.2,3.0,0.3,,0.7,984.7,982.3,89.0
2020-11-27,11.9,14.6,9.2,12.2,1.7,,0.1,983.3,975.2,87.0
2020-11-28,10.6,12.0,9.2,3.4,1.4,,0.0,977.6,971.9,89.0
2020-11-29,12.0,17.9,6.1,0.0,0.8,,7.7,986.2,977.6,78.0
2020-11-30,9.9,16.2,3.6,0.0,1.1,4.7,7.2,989.6,986.1,81.0
2020-12-01,7.0,9.7,4.2,0.0,1.4,6.7,0.0,989.1,980.0,87.0
2020-12-02,6.2,10.4,2.0,0.0,2.2,8.6,5.0,980.1,976.5,74.0
2020-12-03,5.0,11.0,-0.9,0.0,1.7,6.7,6.5,980.0,964.8,72.0
2020-12-04,5.2,10.5,-0.1,0.0,2.2,10.0,3.1,964.8,957.5,69.0
2020-12-05,3.2,9.2,-2.8,0.0,1.7,8.9,7.0,967.2,961.4,70.0
2020-12-06,6.2,11.2,1.1,0.0,3.1,10.0,6.1,971.8,967.2,68.0
2020-12-07,4.9,9.7,0.1,1.0,1.7,6.7,0.9,971.8,965.7,81.0
2020-12-08,5.6,9.7,1.4,0.0,3.1,8.3,4.3,974.5,965.3,74.0
2020-12-09,5.2,10.6,-0.3,0.0,2.2,12.2,6.6,978.1,974.3,68.0
2020-12-10,6.6,11.9,1.3,1.6,2.8,9.2,6.2,977.4,970.2,73.0
2020-12-11,6.6,11.6,1.6,0.4,1.4,6.7,2.6,975.5,967.8,89.0
2020-12-12,9.3,14.8,3.8,0.0,3.6,11.7,7.1,978.1,969.1,62.0
2020-12-13,5.4,11.4,-0.5,0.0,1.1,5.3,6.5,982.1,978.1,78.0
2020-12-14,5.9,10.4,1.4,0.0,1.7,3.9,1.5,980.8,977.5,81.0
2020-12-15,11.0,16.8,5.1,0.0,1.1,8.1,4.8,983.0,978.6,77.0
2020-12-16,7.0,11.6,2.4,0.0,0.8,2.8,3.9,986.4,982.3,90.0
2020-12-17,8.1,13.9,2.3,4.8,0.6,2.2,3.4,989.7,985.9,76.0
2020-12-18,10.4,12.2,8.6,1.2,0.6,,0.0,990.0,986.5,90.0
2020-12-19,,,,,,,0.1,,,
2020-12-21,,,,0.0,,,3.7,,,
2020-12-22,9.1,16.0,2.2,0.0,0.6,,6.6,994.1,990.3,81.0
2020-12-23,6.6,10.5,2.6,0.0,0.3,3.6,1.2,991.1,986.2,89.0
2020-12-24,7.8,10.8,4.7,0.0,0.8,,1.1,988.7,985.4,82.0
2020-12-25,6.0,11.0,0.9,0.0,2.5,9.7,7.3,988.1,984.4,49.0
2020-12-26,4.6,10.4,-1.2,0.0,1.9,10.6,5.1,989.0,985.8,39.0
2020-12-27,0.7,5.0,-3.6,0.0,1.4,,2.5,986.4,961.1,79.0
2020-12-28,6.3,10.1,2.5,0.0,3.1,16.1,5.7,964.4,956.1,59.0
2020-12-29,6.4,10.5,2.2,0.0,2.8,12.5,5.4,970.7,964.3,60.0
2020-12-30,4.6,9.7,-0.6,0.0,2.8,9.7,6.2,980.2,970.6,66.0
2020-12-31,4.4,9.8,-1.0,0.0,1.9,,6.9,980.1,972.5,69.0
2021-07-01,25.2,32.0,18.4,0.0,2.8,10.8,11.1,985.0,981.1,57.0
2021-07-02,24.8,32.9,16.7,0.0,2.8,10.6,13.6,984.2,980.4,48.0
2021-07-03,25.3,34.0,16.6,0.0,3.3,11.1,11.3,982.0,978.5,49.0
2021-07-04,25.6,32.6,18.7,0.0,2.8,12.2,11.2,983.1,977.8,54.0
2021-07-05,25.3,33.7,16.9,0.0,3.1,10.6,13.6,983.2,976.2,45.0
2021-07-06,26.2,32.9,19.6,2.4,2.8,10.3,6.9,981.2,975.6,57.0
2021-07-07,23.4,29.7,17.1,1.0,2.2,10.3,,984.3,979.9,56.0
2021-07-08,23.3,29.7,16.9,0.0,4.4,9.2,,990.5,984.2,41.0
2021-07-09,25.0,32.3,17.7,0.0,1.9,10.3,,990.4,983.9,44.0
2021-07-10,25.4,33.9,17.0,0.0,3.3,10.6,,986.6,980.0,45.0
2021-07-11,25.2,32.7,17.8,0.0,2.8,12.2,12.3,984.2,975.4,35.0
2021-07-12,25.3,31.5,19.1,0.0,3.1,9.7,6.5,980.0,975.0,55.0
2021-07-13,21.6,28.7,14.5,0.0,3.1,9.2,,983.4,979.6,32.0
2021-07-14,21.5,29.4,13.6,0.0,2.8,10.8,12.0,986.8,983.0,44.0
2021-07-15,24.2,31.3,17.2,0.0,2.5,9.4,9.3,987.0,982.6,41.0
2021-07-16,24.4,31.8,16.9,0.0,2.5,10.0,,985.9,981.9,50.0
2021-07-17,25.4,34.1,16.6,0.0,2.5,10.0,12.9,985.3,980.9,47.0
2021-07-18,25.9,34.5,17.3,0.0,2.5,11.4,13.0,983.1,977.9,44.0
2021-07-19,26.6,34.7,18.6,0.0,2.8,9.7,11.8,981.2,977.1,41.0
2021-07-20,27.0,35.5,18.4,0.0,3.1,9.7,12.9,984.5,979.3,38.0
2021-07-21,28.0,36.4,19.7,0.0,3.1,10.8,12.9,985.6,982.4,33.0
2021-07-22,28.1,37.8,18.4,0.0,2.5,8.9,12.6,985.6,980.8,33.0
2021-07-23,27.2,36.7,17.8,0.0,2.5,9.7,10.7,982.8,977.2,29.0
2021-07-24,27.4,36.1,18.8,0.0,3.3,10.0,,977.8,974.3,40.0
2021-07-25,25.2,32.0,18.3,0.0,2.8,10.3,10.3,979.1,975.7,48.0
2021-07-26,24.0,29.6,18.5,0.6,2.2,8.1,3.2,982.9,978.4,61.0
2021-07-27,24.8,32.9,16.8,0.0,2.5,8.9,,982.8,978.4,45.0
2021-07-28,25.4,32.5,18.4,0.0,2.2,9.7,11.2,983.2,980.2,52.0
2021-07-29,25.6,32.9,18.3,0.0,2.8,8.3,,983.2,978.6,48.0
2021-07-30,26.6,35.0,18.1,0.0,3.1,11.1,11.4,979.9,975.8,51.0
2021-07-31,23.1,29.6,16.6,6.8,2.5,12.5,3.3,979.0,974.3,57.0
2021-08-01,21.0,27.1,14.8,0.0,2.8,6.7,,982.6,978.1,47.0
2021-08-02,21.8,29.5,14.1,0.0,1.9,10.8,,984.5,981.2,51.0
2021-08-03,23.2,30.2,16.3,0.8,2.8,8.6,8.3,984.3,978.9,57.0
2021-08-04,25.6,32.3,18.9,0.0,3.1,11.7,,983.7,977.8,64.0
2021-08-05,25.2,34.3,16.0,0.0,2.2,8.6,,983.7,976.6,49.0
2021-08-06,24.7,30.2,19.2,0.0,3.6,10.3,,979.0,974.4,62.0
2021-08-07,28.0,34.5,21.4,0.0,2.5,10.0,8.5,979.3,972.2,54.0
2021-08-08,24.0,28.6,19.3,0.0,2.8,10.3,4.8,985.0,979.3,53.0
2021-08-09,23.2,31.2,15.3,0.0,3.1,8.6,9.7,985.4,982.3,49.0
2021-08-10,24.3,32.0,16.6,0.0,3.1,10.0,6.9,984.6,981.6,47.0
2021-08-11,27.1,35.7,18.5,0.0,3.1,8.6,7.3,985.7,982.2,37.0
2021-08-12,32.8,41.0,24.7,0.0,2.5,10.0,10.8,986.2,982.1,26.0
2021-08-13,30.0,40.4,19.7,0.0,2.2,10.8,11.3,988.6,985.2,39.0
2021-08-14,29.8,39.4,20.2,0.0,2.2,11.7,11.3,988.0,981.9,38.0
2021-08-15,29.0,37.0,21.0,0.0,2.8,11.4,11.1,984.2,980.1,40.0
2021-08-16,27.8,34.7,20.8,0.0,2.8,9.7,,985.2,981.3,44.0
2021-08-17,24.4,31.7,17.0,0.0,1.9,8.3,,986.6,982.6,39.0
2021-08-18,24.6,32.4,16.7,0.0,2.5,9.7,,985.9,980.7,46.0
2021-08-19,22.9,29.8,16.0,9.6,2.5,14.4,,983.5,980.4,64.0
2021-08-20,23.4,30.7,16.1,0.0,3.1,10.0,,984.0,981.1,60.0
2021-08-21,26.2,34.5,18.0,0.0,2.5,10.8,11.1,985.9,982.5,57.0
2021-08-22,24.8,32.6,16.9,0.0,2.8,9.4,11.2,987.4,984.0,53.0
2021-08-23,24.6,30.6,18.7,1.0,2.5,9.4,6.1,986.8,981.1,67.0
2021-08-24,24.6,28.6,20.7,0.0,2.8,9.2,,983.2,979.3,65.0
2021-08-25,22.2,28.8,15.7,3.6,3.1,14.2,6.7,982.0,979.0,56.0
2021-08-26,23.6,32.8,14.5,0.0,2.2,9.7,,982.2,977.8,63.0
2021-08-27,28.0,35.3,20.8,0.0,1.7,9.4,9.2,980.2,976.6,57.0
2021-08-28,24.4,29.7,19.0,0.0,2.5,10.0,8.9,982.0,978.2,63.0
2021-08-29,23.6,28.1,19.1,0.0,1.9,8.3,,982.0,979.1,56.0
2021-08-30,21.5,26.1,16.9,0.0,1.9,7.8,4.5,982.3,979.9,69.0
2021-08-31,22.8,28.7,17.0,0.4,1.9,9.4,6.8,985.6,982.0,67.0
2021-09-01,20.7,25.7,15.7,0.8,1.9,8.3,2.0,986.1,983.2,60.0
2021-09-02,22.7,28.8,16.6,0.0,1.4,10.3,4.4,986.4,981.3,58.0
2021-09-03,23.0,30.1,15.8,4.4,2.2,10.3,8.3,984.1,980.3,65.0
2021-09-04,23.8,29.7,17.9,0.0,2.5,10.0,,983.8,980.3,63.0
2021-09-05,25.6,33.2,17.9,0.0,2.5,8.9,,986.1,982.4,59.0
2021-09-06,26.6,33.4,19.9,0.0,2.5,11.1,,988.0,984.5,61.0
2021-09-07,25.1,29.9,20.3,0.0,2.5,7.5,4.4,987.5,983.4,64.0
2021-09-08,24.5,31.7,17.3,0.0,2.2,9.4,,983.9,977.8,59.0
2021-09-09,24.3,30.6,18.0,31.2,1.4,9.4,4.0,981.6,978.0,70.0
2021-09-10,23.1,29.1,17.1,15.6,1.4,11.1,,986.3,980.9,75.0
2021-09-11,21.7,27.6,15.8,0.0,1.4,7.8,5.4,986.4,982.6,73.0
2021-09-12,23.6,29.6,17.6,0.6,1.9,7.5,,983.7,980.9,67.0
2021-09-13,24.7,29.5,19.9,0.0,2.2,7.5,5.1,984.1,980.8,69.0
2021-09-14,25.4,31.1,19.8,0.0,1.4,8.3,7.1,982.1,979.1,64.0
2021-09-15,25.6,32.2,18.9,10.4,1.4,7.5,6.8,982.2,978.1,58.0
2021-09-16,21.4,26.5,16.2,10.2,1.1,6.4,2.6,985.1,980.7,78.0
2021-09-17,21.2,27.8,14.6,0.0,1.7,6.9,,984.9,978.5,58.0
2021-09-18,19.0,24.0,14.0,8.6,1.4,6.9,4.1,981.6,978.5,86.0
2021-09-19,19.2,25.4,13.0,0.0,1.4,7.5,,985.6,981.2,52.0
2021-09-20,19.0,25.3,12.7,0.0,1.9,9.7,,987.5,982.9,67.0
2021-09-21,16.2,21.0,11.5,0.0,1.4,4.2,1.7,989.7,987.1,68.0
2021-09-22,17.8,23.5,12.2,0.0,1.1,3.3,,989.4,985.3,63.0
2021-09-23,17.8,22.4,13.1,1.8,0.8,3.9,,987.6,985.0,76.0
2021-09-24,18.4,24.6,12.2,0.0,1.1,5.0,1.6,985.6,981.7,63.0
2021-09-25,22.8,29.0,16.7,0.0,1.4,6.7,8.3,984.2,981.6,63.0
2021-09-26,21.6,27.7,15.5,0.0,2.2,8.3,,987.2,983.5,53.0
2021-09-27,21.0,29.1,13.0,0.0,1.9,7.5,,989.1,985.1,56.0
2021-09-28,20.2,27.0,13.3,0.0,1.9,6.7,6.1,989.3,984.9,67.0
2021-09-29,20.3,25.8,14.8,0.0,1.7,8.3,,992.3,986.8,72.0
2021-09-30,19.2,25.5,12.9,0.0,1.7,5.0,,992.6,987.5,62.0
2021-10-01,18.1,25.6,10.6,0.0,1.9,7.5,,989.2,984.0,67.0
2021-10-02,20.2,25.8,14.7,0.0,1.7,7.8,5.5,986.1,979.0,70.0
2021-10-03,20.1,25.3,14.9,11.8,3.3,9.4,2.1,979.5,974.7,66.0
2021-10-04,14.6,18.2,11.0,5.0,2.5,8.9,,985.1,979.2,84.0
2021-10-05,15.8,22.6,8.9,0.0,2.2,9.2,,985.9,982.4,62.0
2021-10-06,17.4,22.9,12.0,0.0,1.4,6.4,,989.4,985.8,55.0
2021-10-07,16.1,23.8,8.4,0.0,1.4,5.0,,989.1,983.2,65.0
2021-10-08,16.2,22.8,9.5,0.0,1.1,6.4,8.8,986.8,984.3,69.0
2021-10-09,16.0,21.5,10.4,0.0,2.2,7.8,3.3,988.0,985.7,77.0
2021-10-10,17.1,22.5,11.7,0.0,1.7,8.3,,988.8,986.5,68.0
2021-10-11,15.8,23.0,8.7,0.0,1.1,5.0,,989.7,986.2,65.0
2021-10-12,15.3,23.5,7.1,0.0,1.4,3.9,,987.5,981.4,61.0
2021-10-13,15.4,23.7,7.1,0.0,1.7,8.9,,987.9,983.3,66.0
2021-10-14,15.6,21.8,9.5,0.0,1.7,6.9,,989.9,987.2,67.0
2021-10-15,15.6,22.8,8.5,0.0,1.1,3.9,7.0,987.9,981.6,70.0
2021-10-16,16.0,22.8,9.2,0.0,1.4,8.3,7.0,985.1,982.4,72.0
2021-10-17,17.5,22.9,12.1,0.0,1.4,7.2,5.3,988.1,984.0,73.0
2021-10-18,18.4,24.2,12.5,0.0,1.4,6.4,7.3,992.4,987.9,70.0
2021-10-19,19.2,24.8,13.7,0.0,1.9,7.2,7.0,993.7,990.2,70.0
2021-10-20,17.8,21.8,13.9,0.0,1.4,6.4,3.6,991.3,984.4,76.0
2021-10-21,15.7,20.3,11.1,0.0,1.4,6.7,1.8,984.7,982.6,79.0
2021-10-22,15.0,20.8,9.1,0.0,1.7,4.4,7.4,987.0,983.9,69.0
2021-10-23,13.2,20.4,6.0,0.0,1.9,5.8,,989.9,985.9,66.0
2021-10-24,13.0,21.7,4.2,0.0,1.1,5.6,,990.5,986.9,58.0
2021-10-25,13.8,22.6,5.0,0.0,1.4,6.7,,989.1,985.4,67.0
2021-10-26,14.4,22.4,6.3,0.0,1.1,6.1,,990.9,986.9,60.0
2021-10-27,13.2,21.5,4.8,0.0,1.4,7.2,8.5,990.1,986.3,69.0
2021-10-28,13.6,20.9,6.3,0.2,1.4,6.1,8.2,987.3,982.0,67.0
2021-10-29,14.8,20.4,9.2,2.0,1.1,5.3,1.4,982.1,976.5,73.0
2021-10-30,16.0,18.5,13.4,1.4,1.1,5.6,0.1,976.9,973.1,91.0
2021-10-31,18.4,23.5,13.4,0.0,1.9,9.2,5.8,976.8,973.1,72.0
2021-11-01,15.9,21.6,10.2,0.0,3.9,14.2,,976.6,971.5,55.0
2021-11-02,10.7,16.8,4.6,0.0,1.7,6.9,3.3,978.5,970.0,65.0
2021-11-03,10.2,14.0,6.3,0.0,1.9,8.3,1.1,974.3,968.0,66.0
2021-11-04,8.2,14.1,2.2,0.0,1.1,4.7,,982.3,974.3,69.0
2021-11-05,8.4,16.2,0.7,0.0,1.7,6.1,,988.8,982.2,64.0
2021-11-06,7.4,16.5,-1.7,0.0,1.4,6.4,,990.0,986.5,57.0
2021-11-07,7.6,16.3,-1.1,0.0,2.2,6.4,,987.6,981.8,54.0
2021-11-08,10.2,19.6,0.7,0.0,0.8,6.1,,983.2,978.4,60.0
2021-11-09,9.5,17.4,1.6,0.0,1.9,9.2,5.7,985.2,983.0,58.0
2021-11-10,11.0,13.0,8.9,2.8,1.1,5.6,0.0,984.9,980.4,76.0
2021-11-11,13.4,18.0,8.8,0.8,2.5,7.5,1.5,984.2,981.5,80.0
2021-11-12,12.3,15.0,9.6,0.6,0.6,4.2,0.6,984.0,981.2,83.0
2021-11-13,11.8,17.3,6.3,0.0,1.1,5.8,7.6,985.4,982.8,75.0
2021-11-14,9.4,12.7,6.1,0.0,1.1,4.4,0.8,983.5,979.8,83.0
2021-11-15,9.6,15.1,4.2,0.0,0.6,6.4,3.1,983.3,979.9,72.0
2021-11-16,6.7,9.9,3.5,1.6,1.4,3.9,0.0,985.3,983.0,88.0
2021-11-17,7.7,13.3,2.1,0.0,2.2,7.2,7.8,990.2,984.3,79.0
2021-11-18,7.8,14.8,0.9,0.2,1.4,3.9,6.9,995.4,990.2,72.0
2021-11-19,8.9,17.4,0.4,0.0,1.1,3.6,,995.9,992.7,71.0
2021-11-20,6.7,12.7,0.7,0.0,0.8,2.5,2.6,994.2,985.1,77.0
2021-11-21,10.7,17.0,4.4,0.0,0.8,4.4,,985.1,976.4,71.0
2021-11-22,9.8,13.7,5.9,0.4,0.8,4.7,3.0,980.3,975.2,77.0
2021-11-23,10.4,13.5,7.2,25.8,1.4,8.3,0.0,980.4,977.9,85.0
2021-11-24,7.8,11.4,4.3,8.0,0.8,6.4,0.0,980.2,972.2,92.0
2021-11-25,9.2,13.7,4.8,0.0,1.4,8.3,,972.7,969.2,81.0
2021-11-26,6.2,10.0,2.3,0.0,1.7,8.9,,972.9,969.7,76.0
2021-11-27,6.4,11.6,1.2,0.0,2.8,9.7,2.3,969.8,963.4,70.0
2021-11-28,4.6,9.0,0.1,0.0,3.9,14.2,,972.5,969.4,67.0
2021-11-29,5.6,12.8,-1.5,0.0,2.2,10.3,,986.1,972.0,65.0
2021-11-30,5.7,11.6,-0.2,0.0,0.8,5.3,,992.1,986.1,76.0
2021-12-01,6.4,12.0,0.7,0.0,1.4,6.4,3.0,989.7,974.5,77.0
2021-12-02,7.8,11.7,3.8,0.0,2.2,9.7,,977.3,971.5,57.0
2021-12-03,5.4,12.3,-1.5,0.0,1.1,5.0,7.3,985.8,976.5,65.0
2021-12-04,7.6,13.0,2.1,0.0,3.1,12.5,,985.3,978.4,70.0
2021-12-05,6.4,10.1,2.7,0.0,3.6,12.5,,979.7,974.4,56.0
2021-12-06,6.4,13.3,-0.4,0.0,2.2,8.6,6.2,984.2,979.4,59.0
2021-12-07,6.8,14.1,-0.4,0.0,0.8,6.9,4.8,986.2,973.3,74.0
2021-12-08,8.3,11.5,5.1,0.0,4.4,17.2,,975.2,970.5,50.0
2021-12-09,5.4,9.0,1.7,0.0,3.1,11.7,4.9,980.3,975.2,68.0
2021-12-10,8.9,15.3,2.5,0.0,4.4,13.6,4.3,977.1,971.7,61.0
2021-12-11,6.6,12.6,0.7,0.0,2.2,9.2,7.3,989.2,977.0,73.0
2021-12-12,8.0,13.1,2.9,0.0,1.1,4.7,3.8,993.1,989.1,81.0
2021-12-13,6.6,13.9,-0.7,0.0,0.6,2.5,6.5,993.5,989.9,80.0
2021-12-14,6.6,14.3,-1.1,0.0,0.8,2.5,7.2,993.6,990.5,76.0
2021-12-15,6.6,14.4,-1.2,0.0,1.1,2.5,7.2,994.3,990.7,67.0
2021-12-16,6.5,14.4,-1.4,0.0,0.6,3.3,7.2,996.0,993.3,73.0
2021-12-17,4.5,10.5,-1.5,0.0,0.6,2.8,2.9,997.5,993.8,86.0
2021-12-18,7.0,12.6,1.3,0.0,1.1,3.3,4.7,996.4,993.7,80.0
2021-12-19,5.0,10.6,-0.7,0.0,0.8,3.1,4.2,996.4,989.0,86.0
2021-12-20,3.5,9.8,-2.8,0.0,1.1,6.9,7.0,989.0,985.3,79.0
2021-12-21,3.6,10.2,-2.9,0.0,0.8,3.9,5.6,987.1,984.6,76.0
2021-12-22,6.9,11.7,2.1,0.2,1.4,5.8,5.0,988.3,985.6,83.0
2021-12-23,8.5,12.2,4.8,0.0,0.3,2.2,0.4,987.9,983.6,88.0
2021-12-24,9.2,14.2,4.2,0.4,0.8,4.2,2.7,983.7,974.2,89.0
2021-12-25,10.6,15.6,5.7,0.2,1.1,7.2,4.3,974.2,971.3,80.0
2021-12-26,8.6,14.0,3.1,0.0,1.1,5.6,6.0,977.2,973.2,79.0
2021-12-27,10.6,16.1,5.1,0.0,3.3,14.4,6.7,978.8,972.2,71.0
2021-12-28,12.0,17.4,6.7,0.0,2.8,10.8,6.5,984.2,978.1,64.0
2021-12-29,11.4,16.7,6.1,0.0,1.4,6.4,6.4,989.3,984.1,76.0
2021-12-30,10.1,16.8,3.4,0.0,1.4,4.7,7.2,991.0,988.4,77.0
2021-12-31,8.9,16.9,0.9,0.2,0.6,2.5,7.3,994.5,990.6,74.0
2022-01-01,9.8,19.3,0.2,0.0,1.1,3.3,7.4,994.3,990.9,67.0
2022-01-02,8.6,16.9,0.2,0.0,0.8,4.7,5.7,994.4,991.5,70.0
2022-01-03,9.6,17.9,1.3,0.0,1.1,3.9,,994.1,984.2,68.0
2022-01-05,6.2,13.0,-0.5,0.0,2.8,8.9,4.8,979.5,970.6,49.0
2022-01-06,1.6,8.3,-5.2,0.0,1.1,8.9,,986.8,979.5,61.0
2022-01-07,3.8,10.7,-3.2,0.0,1.1,4.4,,990.0,986.8,62.0
2022-01-08,5.2,11.2,-0.9,0.0,2.2,10.6,3.5,990.3,981.6,73.0
2022-01-09,9.3,13.3,5.3,0.0,5.6,14.2,,981.6,976.9,63.0
2022-01-10,5.5,8.1,2.9,0.0,0.6,4.7,0.0,986.2,976.1,83.0
2022-01-11,6.4,11.1,1.8,0.0,1.7,4.2,,991.7,986.1,81.0
2022-01-12,6.0,11.5,0.5,0.0,1.4,4.2,5.2,998.1,991.7,72.0
2022-01-13,4.6,12.9,-3.7,0.0,0.6,4.7,,1000.9,997.7,59.0
2022-01-14,3.7,12.5,-5.1,0.0,1.1,2.8,,1000.9,995.9,59.0
2022-01-15,2.9,11.5,-5.7,0.0,1.7,6.1,,996.0,990.4,56.0
2022-01-16,3.3,12.8,-6.2,0.0,1.4,5.0,,997.9,992.1,62.0
2022-01-17,3.4,12.7,-5.8,0.0,1.4,7.8,,999.9,995.8,60.0
2022-01-18,4.6,13.5,-4.2,0.0,1.4,4.7,7.8,998.2,994.7,64.0
2022-01-19,5.0,11.5,-1.6,0.0,0.6,2.8,5.8,998.4,993.8,69.0
2022-01-20,4.0,11.2,-3.3,0.0,1.1,6.7,7.9,994.9,990.0,72.0
2022-01-21,2.0,6.5,-2.5,0.0,0.8,4.7,1.8,994.8,989.1,79.0
2022-01-22,1.6,8.5,-5.2,0.0,1.9,4.7,7.9,997.0,993.4,69.0
2022-01-23,3.6,12.7,-5.4,0.0,1.4,4.2,,996.0,991.8,68.0
2022-01-24,4.2,12.3,-3.9,0.0,0.8,2.8,,997.6,993.5,69.0
2022-01-25,5.4,15.0,-4.1,0.0,0.8,3.3,,999.2,996.1,66.0
2022-01-26,6.5,16.6,-3.6,0.0,0.6,4.2,,998.0,993.8,56.0
2022-01-27,5.8,15.4,-3.7,0.0,1.1,5.3,8.1,996.0,992.9,57.0
2022-01-28,5.6,15.3,-4.0,0.0,1.9,6.9,,998.3,994.5,55.0
2022-01-29,6.6,16.9,-3.6,0.0,1.4,5.3,,999.9,996.2,55.0
2022-01-30,7.0,17.3,-3.2,0.0,1.4,7.8,,996.9,989.6,53.0
2022-01-31,6.0,13.7,-1.7,0.0,2.5,8.9,,989.8,984.3,60.0
2022-02-01,7.2,15.1,-0.6,0.0,3.1,11.1,,992.3,985.3,53.0
2022-02-02,8.9,17.1,0.7,0.0,2.8,9.2,,992.3,988.3,61.0
2022-02-03,9.2,20.4,-1.9,0.0,0.3,5.3,6.9,989.7,983.4,53.0
2022-02-04,8.3,15.8,0.8,0.0,1.4,5.6,4.3,988.0,984.1,59.0
2022-02-05,9.5,14.6,4.4,0.0,0.6,3.3,3.6,992.7,988.0,72.0
2022-02-06,6.4,13.1,-0.3,0.0,2.2,7.2,8.0,994.8,991.3,62.0
2022-02-07,7.4,15.9,-1.2,0.0,1.7,6.4,,995.3,990.2,60.0
2022-02-08,8.6,17.8,-0.5,0.0,1.7,6.4,,998.6,995.3,69.0
2022-02-09,10.6,17.9,3.4,0.0,1.4,6.4,,998.4,994.3,64.0
2022-02-10,7.6,17.1,-1.9,0.0,1.7,6.4,,995.4,990.5,67.0
2022-02-11,7.8,16.1,-0.5,0.0,1.1,6.4,7.2,993.3,989.8,62.0
2022-02-12,9.2,13.1,5.2,0.4,1.7,8.6,2.1,992.3,989.5,79.0
2022-02-13,10.3,12.7,7.9,0.2,1.9,6.9,0.2,990.7,981.5,83.0
2022-02-14,10.7,14.6,6.8,0.0,3.6,12.5,,983.3,977.5,61.0
2022-02-15,7.6,15.4,-0.1,0.0,1.9,10.0,7.8,989.2,983.2,55.0
2022-02-16,9.4,15.0,3.8,0.0,1.9,8.3,3.6,989.4,985.9,60.0
2022-02-17,12.5,20.5,4.5,0.0,2.8,6.9,,990.5,987.0,61.0
2022-02-18,13.2,24.4,2.1,0.0,1.4,6.7,,988.0,978.9,59.0
2022-02-19,8.7,10.0,7.4,2.0,2.2,7.2,0.0,990.2,982.9,72.0
2022-02-20,9.2,14.4,3.9,0.0,1.9,8.3,,994.4,990.0,57.0
2022-02-21,10.4,19.5,1.3,0.0,3.3,12.8,,991.4,983.9,55.0
2022-02-22,9.6,17.6,1.6,0.0,1.7,8.3,,993.5,989.9,49.0
2022-02-23,9.0,18.5,-0.5,0.0,1.4,7.5,8.9,993.7,987.7,62.0
2022-02-24,11.2,18.5,4.0,0.0,1.4,6.9,7.5,989.7,985.0,64.0
2022-02-25,9.8,15.2,4.4,0.0,1.1,4.7,3.2,992.0,988.7,71.0
2022-02-26,9.0,13.4,4.7,0.0,2.5,9.7,3.9,991.5,988.9,56.0
2022-02-27,10.4,16.5,4.3,0.0,2.2,7.5,8.8,991.5,986.9,56.0
2022-02-28,9.8,15.3,4.4,0.0,1.9,7.5,4.5,993.5,990.1,62.0
2022-03-01,9.1,18.1,0.1,0.0,2.2,8.1,9.2,992.9,989.7,64.0
2022-03-02,10.2,15.7,4.7,0.0,1.4,6.7,2.2,990.8,983.5,76.0
2022-03-03,11.0,18.0,4.1,0.0,1.9,6.4,6.6,984.6,978.0,67.0
2022-03-04,10.2,16.2,4.1,0.0,2.8,8.9,2.2,981.9,979.1,62.0
2022-03-05,9.9,15.3,4.5,0.0,1.1,6.1,5.2,982.9,979.4,53.0
2022-03-06,9.1,11.4,6.8,0.2,1.7,6.4,1.3,982.3,980.1,74.0
2022-03-07,9.2,12.5,5.9,0.0,2.2,7.5,0.3,983.6,981.0,63.0
2022-03-08,6.4,11.4,1.5,3.0,1.7,7.8,0.7,986.2,982.4,87.0
2022-03-09,10.1,15.5,4.7,0.0,1.7,7.2,6.8,989.3,986.1,72.0
2022-03-10,9.6,14.8,4.4,0.0,1.1,6.9,2.5,989.1,984.9,79.0
2022-03-11,9.4,11.5,7.3,14.4,1.1,6.1,0.0,984.9,980.5,85.0
2022-03-12,9.2,12.4,6.1,7.2,1.9,5.8,1.0,980.7,977.9,85.0
2022-03-13,9.4,15.0,3.8,0.2,1.7,9.2,3.7,986.2,978.2,78.0
2022-03-14,9.8,13.5,6.0,0.0,1.7,7.8,0.0,989.6,985.3,73.0
2022-03-15,12.9,16.6,9.2,0.0,1.9,6.9,0.0,991.1,988.2,73.0
2022-03-16,12.4,17.2,7.6,0.0,1.9,6.9,0.1,988.7,981.8,72.0
2022-03-17,14.0,17.0,11.1,0.0,1.7,9.2,0.0,988.9,984.0,65.0
2022-03-18,12.2,13.7,10.6,0.6,2.8,7.8,0.0,992.9,988.4,63.0
2022-03-19,10.4,12.6,8.3,0.0,3.1,8.9,0.0,993.0,991.1,68.0
2022-03-20,10.6,14.1,7.1,7.8,1.4,4.7,0.0,993.2,991.0,81.0
2022-03-21,10.5,14.6,6.4,0.6,2.8,9.2,1.4,994.8,992.2,76.0
2022-03-22,8.4,13.5,3.3,0.2,2.2,10.3,4.2,995.4,993.4,62.0
2022-03-23,7.6,13.6,1.6,0.0,1.7,6.7,2.3,994.7,990.5,68.0
2022-03-24,7.8,12.5,3.2,0.0,1.4,4.2,0.0,992.1,989.8,70.0
2022-03-25,13.4,19.5,7.2,0.0,1.9,9.2,7.9,989.8,985.2,47.0
2022-03-26,9.8,13.0,6.7,6.8,0.8,4.7,0.0,988.8,986.0,66.0
2022-03-27,13.8,20.5,7.2,0.0,1.7,8.1,8.2,992.3,988.0,55.0
2022-03-28,12.2,20.6,3.7,0.0,1.1,7.5,8.5,992.4,983.5,48.0
2022-03-29,11.4,16.7,6.1,12.4,1.1,4.2,0.7,983.5,971.4,64.0
2022-03-31,11.2,16.7,5.6,0.0,2.8,10.3,5.0,968.1,963.7,62.0
2022-04-01,7.6,12.2,3.0,0.0,3.1,15.8,11.5,976.1,967.1,21.0
2022-04-02,7.7,14.2,1.2,0.0,4.2,13.6,10.8,981.1,974.4,35.0
2022-04-03,4.7,10.7,-1.3,0.0,3.3,10.0,10.1,984.9,980.4,52.0
2022-04-04,6.6,13.2,0.1,0.0,1.9,6.9,10.5,984.8,980.9,57.0
2022-04-05,8.2,17.9,-1.4,0.0,2.2,10.0,10.9,983.8,977.6,47.0
2022-04-06,11.7,18.5,4.9,0.0,2.5,8.6,7.4,980.2,975.3,49.0
2022-04-07,13.0,22.5,3.5,0.0,3.9,12.5,10.4,981.7,978.2,45.0
2022-04-08,14.3,21.2,7.4,0.0,4.7,14.2,9.7,981.0,975.6,43.0
2022-04-09,14.4,18.9,10.0,0.0,3.1,11.1,10.1,986.0,976.4,60.0
2022-04-10,12.5,18.6,6.4,0.0,2.2,7.5,5.2,987.0,982.4,69.0
2022-04-11,12.6,20.3,4.9,0.0,2.2,9.2,9.1,982.9,979.0,53.0
2022-04-12,14.0,17.9,10.1,0.0,1.7,7.2,0.0,980.0,976.4,70.0
2022-04-13,13.4,15.4,11.4,0.0,1.9,8.9,0.0,982.6,977.1,73.0
2022-04-14,16.5,23.3,9.7,0.0,2.5,9.4,5.3,986.1,981.4,41.0
2022-04-15,18.4,27.1,9.6,0.0,1.7,7.8,9.9,986.8,983.7,47.0
2022-04-16,18.6,28.1,9.0,0.0,1.9,8.1,11.4,986.6,980.2,47.0
2022-04-17,17.2,25.5,8.9,0.0,2.8,10.8,11.6,984.3,981.2,47.0
2022-04-18,14.7,22.6,6.8,0.0,2.5,10.0,11.0,983.5,978.5,50.0
2022-04-19,14.2,20.0,8.4,2.6,1.9,7.8,0.2,980.1,974.3,65.0
2022-04-20,12.7,16.8,8.6,5.2,3.3,11.9,2.4,974.3,969.3,71.0
2022-04-21,11.2,13.5,9.0,8.0,1.7,5.8,0.0,971.5,968.7,81.0
2022-04-22,13.7,20.9,6.5,5.0,2.8,7.8,8.3,969.6,965.7,55.0
2022-04-23,12.0,15.8,8.1,1.4,2.8,14.2,3.4,969.6,962.2,65.0
2022-04-24,15.6,21.9,9.3,0.0,3.3,10.3,11.2,978.7,969.4,51.0
2022-04-25,14.6,22.6,6.6,0.0,1.9,6.7,8.6,980.6,977.5,51.0
2022-04-26,14.8,23.9,5.6,0.0,2.2,8.9,12.0,982.0,978.8,44.0
2022-04-27,15.2,23.2,7.3,0.0,2.2,7.5,5.4,985.2,981.4,48.0
2022-04-28,16.8,24.1,9.4,0.0,0.8,8.3,5.0,990.5,984.5,49.0
2022-04-29,17.2,26.5,7.8,0.0,2.2,9.7,10.7,990.7,986.6,50.0
2022-04-30,17.4,24.8,9.9,3.2,2.5,10.8,6.5,988.8,983.6,66.0
2022-05-01,16.8,23.3,10.2,2.2,2.5,9.7,7.2,986.2,981.0,69.0
2022-05-02,15.8,18.9,12.8,0.6,1.7,6.1,3.1,982.4,978.7,72.0
2022-05-03,15.0,18.8,11.3,1.0,1.4,5.6,2.6,982.9,979.0,77.0
2022-05-04,15.0,20.6,9.4,0.8,1.4,7.5,0.0,985.3,982.1,75.0
2022-05-05,16.2,23.4,9.1,0.6,1.9,9.2,7.1,986.8,983.2,64.0
2022-05-06,16.6,25.5,7.6,0.0,2.2,7.5,10.3,986.7,982.3,44.0
2022-05-07,16.6,25.7,7.4,0.0,2.2,9.2,10.0,986.6,982.7,43.0
2022-05-08,16.8,26.1,7.4,0.0,2.8,8.6,9.3,988.1,984.1,44.0
2022-05-09,17.4,26.4,8.5,0.0,2.5,8.9,10.6,990.0,987.1,50.0
2022-05-10,19.0,28.3,9.8,0.0,2.8,10.0,10.9,989.6,986.2,44.0
2022-05-11,18.6,27.5,9.7,0.0,3.1,9.2,12.6,988.3,985.0,41.0
2022-05-12,18.5,27.8,9.2,0.0,2.5,9.4,12.1,989.4,985.9,38.0
2022-05-13,18.4,28.3,8.6,0.0,2.2,10.0,12.4,988.7,985.1,41.0
2022-05-14,20.5,30.1,10.9,0.0,2.5,10.0,11.9,987.2,982.8,36.0
2022-05-15,21.3,30.5,12.1,0.0,2.5,9.2,10.3,984.7,981.4,35.0
2022-05-16,22.0,31.9,12.2,0.0,3.1,9.7,12.0,986.5,983.8,37.0
2022-05-17,22.8,32.0,13.6,0.0,3.1,9.7,12.7,986.5,982.0,43.0
2022-05-18,24.4,33.6,15.2,0.0,2.8,10.3,12.7,986.5,983.4,43.0
2022-05-19,23.2,31.3,15.0,0.0,2.8,8.9,12.4,991.1,986.5,47.0
2022-05-20,24.2,34.4,14.0,0.0,2.2,8.1,12.2,992.5,988.7,33.0
2022-05-21,24.8,36.4,13.3,0.0,2.8,9.2,11.9,989.8,982.5,30.0
2022-05-22,26.0,37.5,14.4,0.0,2.8,9.7,11.6,982.8,975.1,22.0
2022-05-23,23.8,31.0,16.5,0.6,3.3,10.0,11.6,976.4,972.7,38.0
2022-05-24,16.1,19.3,12.9,38.8,1.9,6.4,0.0,978.6,975.8,81.0
2022-05-25,16.5,21.0,12.0,0.0,1.4,8.3,2.0,986.8,978.6,65.0
2022-05-26,20.2,27.7,12.7,0.0,2.2,8.1,12.3,988.4,984.7,39.0
2022-05-27,21.6,30.7,12.6,0.0,2.2,6.7,10.5,986.9,982.4,43.0
2022-05-28,23.7,33.2,14.2,0.0,3.1,8.3,13.3,983.4,974.7,39.0
2022-05-29,21.3,27.5,15.1,0.0,2.8,9.7,13.3,975.3,971.5,45.0
2022-05-30,21.0,28.0,13.9,0.0,2.8,10.8,9.9,978.8,972.7,43.0
2022-05-31,21.5,29.9,13.1,0.0,2.8,9.2,13.1,982.3,978.2,41.0
2022-06-01,23.0,31.6,14.4,0.0,3.1,10.0,12.6,982.4,978.7,41.0
2022-06-02,22.2,29.9,14.6,0.0,2.8,9.4,11.8,980.9,978.5,44.0
2022-06-03,25.2,32.3,18.0,0.0,2.2,9.4,13.4,981.3,978.9,39.0
2022-06-04,24.6,33.3,15.8,0.0,1.9,11.1,12.0,981.7,979.0,43.0
2022-06-05,23.4,32.0,14.9,0.0,2.2,11.4,12.9,986.5,981.4,42.0
2022-06-06,23.4,30.9,16.0,0.0,2.8,9.7,10.7,986.6,982.0,49.0
2022-06-07,23.4,30.3,16.6,0.0,3.3,11.7,11.5,984.8,981.1,50.0
2022-06-08,24.5,31.2,17.8,0.0,1.9,10.6,4.4,982.5,977.3,52.0
2022-06-09,22.1,28.9,15.3,0.0,3.1,11.4,13.6,986.3,981.9,55.0
2022-06-10,24.2,32.8,15.6,0.0,2.8,10.6,12.0,986.7,983.5,50.0
2022-06-11,25.4,34.9,16.0,0.0,2.8,10.0,12.7,988.6,984.9,36.0
2022-06-12,27.2,36.5,17.9,0.0,2.5,10.8,9.9,988.3,984.3,32.0
2022-06-13,26.3,34.9,17.7,0.0,2.2,9.2,12.2,986.5,982.5,28.0
2022-06-14,25.6,34.7,16.6,0.0,2.2,9.4,8.7,984.0,981.3,25.0
2022-06-15,31.0,39.0,23.1,0.0,2.5,11.1,9.4,985.5,980.7,30.0
2022-06-16,29.0,39.5,18.4,0.0,2.8,10.6,12.9,986.5,983.8,27.0
2022-06-17,29.2,38.6,19.8,0.0,3.1,10.0,11.2,986.4,984.2,25.0
2022-06-18,28.6,37.4,19.7,0.0,2.8,9.4,13.1,985.7,980.4,33.0
2022-06-19,25.5,33.6,17.4,0.0,2.8,9.7,13.5,980.9,977.0,40.0
2022-06-20,25.1,32.4,17.8,0.0,2.5,9.7,9.6,979.7,977.2,49.0
2022-06-21,27.3,35.1,19.5,2.8,1.1,11.4,3.0,981.2,975.8,50.0
2022-06-22,24.0,29.7,18.3,1.6,2.5,10.3,10.9,978.5,975.3,58.0
2022-06-23,24.2,31.3,17.2,0.2,2.5,8.6,10.0,978.9,976.8,48.0
2022-06-24,24.0,31.0,17.0,0.0,2.8,9.7,12.6,981.1,977.6,38.0
2022-06-25,23.4,30.9,16.0,0.0,3.1,11.4,12.5,980.5,975.9,45.0
2022-06-26,24.0,31.0,17.0,0.0,3.1,9.2,13.2,978.6,975.0,48.0
2022-06-27,23.9,30.1,17.7,0.0,1.1,9.7,3.1,985.8,978.5,55.0
2022-06-28,24.2,31.0,17.4,0.0,3.1,9.2,11.0,984.8,979.9,44.0
2022-06-29,23.4,32.0,14.8,0.0,2.8,9.7,13.4,983.2,977.2,40.0
2022-06-30,24.1,30.9,17.3,0.4,2.8,8.9,10.1,982.4,977.1,44.0
2022-07-01,24.2,31.3,17.2,0.0,2.8,11.1,13.4,986.9,982.3,38.0
2022-07-02,23.8,32.3,15.3,0.0,2.8,11.1,12.8,986.7,984.0,43.0
2022-07-03,26.5,35.2,17.8,0.0,2.5,10.3,10.2,986.2,981.4,34.0
2022-07-04,27.3,35.2,19.4,0.0,3.1,10.3,13.4,984.6,981.1,31.0
2022-07-05,26.8,34.7,19.0,0.2,3.1,12.5,10.6,988.2,982.2,41.0
2022-07-06,24.2,29.5,18.8,0.4,2.8,16.1,1.9,989.8,984.8,69.0
2022-07-07,25.3,33.2,17.4,0.0,1.9,7.2,10.4,988.4,985.2,45.0
2022-07-08,25.5,34.5,16.5,0.2,2.2,10.3,13.5,989.5,986.3,39.0
2022-07-09,26.0,34.9,17.1,0.0,3.3,10.8,13.5,989.5,984.9,43.0
2022-07-10,27.0,36.0,17.9,0.0,3.1,10.8,13.5,986.6,981.4,34.0
2022-07-11,26.4,34.5,18.3,0.0,2.8,10.8,13.1,985.2,981.3,35.0
2022-07-12,27.3,36.1,18.5,0.0,2.8,11.9,13.4,987.2,984.2,31.0
2022-07-13,27.4,35.6,19.2,0.0,3.1,11.4,13.4,988.0,985.1,33.0
2022-07-14,27.0,35.7,18.3,0.0,3.1,10.3,12.9,987.7,984.0,37.0
2022-07-15,29.3,39.0,19.6,0.0,2.8,10.6,13.1,984.9,981.0,30.0
2022-07-16,28.6,37.3,19.9,0.0,3.1,12.8,13.0,985.0,982.1,29.0
2022-07-17,28.4,37.1,19.7,0.0,2.8,10.0,12.7,986.4,983.8,29.0
2022-07-18,27.9,36.7,19.1,0.0,3.1,10.0,12.6,986.3,982.9,33.0
2022-07-19,27.6,36.7,18.5,0.0,2.8,10.3,11.8,984.6,981.4,32.0
2022-07-20,27.2,34.8,19.5,0.0,3.1,9.7,12.5,987.1,983.8,42.0
2022-07-21,28.1,36.1,20.1,0.0,3.1,10.3,12.9,987.4,982.9,45.0
2022-07-22,28.4,37.9,18.9,0.0,2.8,9.4,12.3,984.6,980.6,41.0
2022-07-23,27.4,34.5,20.4,0.0,3.1,10.6,12.6,985.6,982.8,44.0
2022-07-24,29.2,37.7,20.7,0.0,2.5,9.2,11.8,985.5,980.6,45.0
2022-07-25,26.8,35.3,18.3,0.0,3.1,11.4,11.8,983.5,979.7,47.0
2022-07-26,28.0,35.0,21.0,0.0,3.3,10.0,12.8,983.3,978.7,42.0
2022-07-27,26.4,32.5,20.2,,3.6,10.3,10.9,982.4,977.4,45.0
2022-07-28,25.6,30.3,21.0,,1.1,7.2,4.7,981.9,979.3,64.0
2022-07-29,25.6,33.1,18.2,43.6,2.8,18.1,7.1,985.4,980.6,68.0
2022-07-30,25.4,30.7,20.0,0.0,2.8,8.3,7.4,987.4,983.4,65.0
2022-07-31,27.6,34.3,20.9,1.6,1.7,14.2,9.6,986.9,982.0,60.0
2022-08-01,27.2,35.1,19.3,0.0,2.5,9.7,11.7,984.9,981.1,49.0
2022-08-02,29.0,36.4,21.5,0.0,2.5,9.2,11.2,983.8,980.0,43.0
2022-08-03,28.4,36.6,20.1,0.0,2.8,10.6,12.1,982.7,979.4,45.0
2022-08-04,28.0,36.2,19.8,0.0,2.8,9.7,12.1,982.6,979.7,39.0
2022-08-05,27.2,36.0,18.4,21.6,1.9,15.6,8.6,984.5,980.2,54.0
2022-08-06,26.4,35.7,17.2,0.0,1.7,8.1,10.5,985.0,980.9,48.0
2022-08-07,26.0,33.5,18.5,3.0,1.9,11.1,7.9,984.3,980.1,63.0
2022-08-08,25.6,34.1,17.2,0.0,1.9,10.3,11.1,984.5,981.4,48.0
2022-08-11,26.9,35.8,18.0,0.0,2.2,10.3,11.5,983.7,980.9,45.0
2022-08-12,29.3,39.8,18.8,0.0,1.9,10.3,11.4,982.4,976.9,42.0
2022-08-13,29.6,38.3,20.9,0.0,2.5,12.8,7.8,979.4,976.5,50.0
2022-08-14,27.4,35.3,19.5,0.0,3.3,11.9,10.0,977.5,973.0,44.0
2022-08-15,26.0,32.2,19.9,0.0,2.5,9.2,9.1,976.6,973.5,55.0
2022-08-16,25.4,31.4,19.4,0.0,1.9,9.7,5.0,976.6,972.9,61.0
2022-08-17,24.2,29.8,18.6,0.4,1.4,7.5,4.9,979.0,973.8,62.0
2022-08-18,22.0,28.5,15.6,5.0,1.7,9.4,5.9,983.8,977.8,54.0
2022-08-19,22.2,31.0,13.3,0.0,2.5,7.5,11.7,986.0,982.8,52.0
2022-08-20,24.4,33.3,15.5,0.0,1.9,7.8,11.5,986.1,981.5,51.0
2022-08-21,25.6,32.6,18.7,0.0,2.2,10.6,7.7,983.7,977.9,63.0
2022-08-22,26.0,31.5,20.4,0.0,2.2,8.6,8.3,981.2,978.4,60.0
2022-08-23,26.2,33.2,19.1,0.0,2.2,8.6,11.4,982.0,978.9,55.0
2022-08-24,27.4,34.4,20.4,0.0,2.8,10.0,10.3,983.6,979.3,54.0
2022-08-25,26.0,33.1,19.0,18.6,2.8,11.1,8.5,984.5,980.0,67.0
2022-08-26,25.0,32.1,17.9,0.0,1.9,6.9,10.2,982.8,978.0,61.0
2022-08-27,24.9,30.9,18.9,0.0,2.8,8.9,8.8,980.3,977.4,64.0
2022-08-28,25.0,33.4,16.5,0.0,1.7,8.6,11.3,982.9,979.0,55.0
2022-08-29,24.6,32.0,17.2,1.2,1.4,7.2,7.4,984.8,980.6,56.0
2022-08-30,26.6,35.0,18.1,0.0,1.4,7.5,10.5,984.8,980.1,56.0
2022-08-31,22.5,28.7,16.3,16.8,1.7,12.5,5.3,984.4,981.2,68.0
2022-09-01,22.3,31.0,13.6,0.0,2.5,8.3,11.1,983.3,978.9,59.0
2022-09-02,24.6,31.1,18.2,0.4,1.9,8.9,8.0,980.3,976.0,62.0
2022-09-03,24.2,30.2,18.1,4.0,1.7,7.8,6.7,981.1,977.9,71.0
2022-09-04,24.4,30.8,18.0,0.0,1.9,9.2,11.0,986.0,981.0,63.0
2022-09-05,24.7,31.2,18.2,0.0,1.9,9.2,10.7,986.3,983.0,65.0
2022-09-06,27.0,34.0,20.1,0.0,1.9,8.3,9.6,984.4,980.2,48.0
2022-09-07,23.7,31.4,16.0,0.0,1.7,7.5,8.1,982.0,978.2,55.0
2022-09-08,22.2,28.1,16.2,0.0,2.2,7.5,4.9,983.1,979.7,45.0
2022-09-09,23.8,31.0,16.7,0.0,2.2,9.2,9.5,986.3,981.9,55.0
2022-09-10,24.0,29.8,18.2,0.0,2.5,9.2,8.9,986.6,982.8,60.0
2022-09-11,25.7,31.4,20.0,0.0,2.5,8.6,9.4,984.6,980.3,67.0
2022-09-12,26.6,34.5,18.6,0.0,1.7,9.4,8.8,982.0,977.8,60.0
2022-09-13,24.0,28.9,19.2,2.8,2.2,12.8,1.0,980.5,977.2,69.0
2022-09-14,23.0,28.1,18.0,0.0,1.9,6.7,3.6,979.6,975.6,66.0
2022-09-15,23.2,31.6,14.8,0.0,1.4,8.1,7.6,979.8,976.7,57.0
2022-09-16,22.7,29.7,15.7,0.0,2.5,8.1,,980.2,976.3,59.0
2022-09-17,21.5,27.3,15.7,0.0,2.5,8.6,9.3,982.8,979.0,55.0
2022-09-18,21.2,26.8,15.7,0.0,1.9,8.9,7.6,983.7,981.2,63.0
2022-09-19,21.4,28.4,14.3,0.0,2.5,8.9,8.7,983.5,980.4,63.0
2022-09-20,22.4,28.1,16.8,0.0,1.9,8.9,8.3,985.4,982.2,64.0
2022-09-21,21.0,27.2,14.7,0.0,2.5,9.7,8.0,985.2,982.0,61.0
2022-09-22,20.8,26.3,15.2,0.0,1.4,7.8,7.0,986.0,983.1,57.0
2022-09-23,20.4,26.5,14.4,4.8,2.2,17.2,5.7,985.6,979.5,67.0
2022-09-24,19.0,23.2,14.9,1.2,1.7,7.5,3.8,981.2,977.1,72.0
2022-09-25,18.6,23.6,13.5,0.0,1.9,5.6,8.7,980.5,977.9,59.0
2022-09-26,16.7,23.2,10.2,0.0,2.2,10.8,10.4,980.2,976.8,52.0
2022-09-27,17.2,23.7,10.7,0.0,1.7,10.3,7.8,979.0,975.7,53.0
2022-09-28,18.6,25.9,11.2,0.0,3.3,12.2,9.1,978.7,970.6,51.0
2022-09-29,18.4,23.2,13.7,0.0,2.8,12.2,4.5,972.1,967.3,47.0
2022-09-30,16.8,23.8,9.9,0.0,2.8,8.1,9.8,985.2,971.9,52.0
2022-10-01,16.2,25.8,6.6,0.0,1.1,7.2,9.6,993.4,985.2,47.0
2022-10-02,19.6,30.1,9.0,0.0,1.9,6.7,10.2,993.8,988.0,50.0
2022-10-03,20.0,28.6,11.5,0.0,2.5,9.7,10.0,989.8,984.9,60.0
2022-10-04,20.8,28.1,13.4,0.0,2.2,8.6,9.3,989.9,986.1,62.0
2022-10-05,19.0,26.8,11.3,0.0,2.2,8.9,9.9,992.7,988.7,65.0
2022-10-06,19.6,26.8,12.5,0.0,1.9,8.3,8.2,994.2,991.4,62.0
2022-10-07,15.9,18.0,13.8,9.0,0.6,2.8,0.0,991.9,985.6,87.0
2022-10-08,19.7,24.0,15.4,,1.4,4.7,4.7,986.4,984.4,76.0
2022-10-09,19.2,23.6,14.9,0.0,1.7,8.3,,985.5,981.5,75.0
2022-10-10,19.3,24.4,14.2,0.0,1.4,7.2,5.8,986.1,983.4,70.0
2022-10-11,19.3,23.2,15.4,0.0,1.1,5.3,2.0,987.1,984.9,70.0
2022-10-12,19.6,26.8,12.4,0.0,1.4,8.3,7.9,989.5,985.2,65.0
2022-10-13,18.8,25.2,12.5,0.0,1.9,8.9,8.6,989.6,986.1,58.0
2022-10-14,19.7,27.3,12.1,0.0,1.7,5.8,9.2,988.1,984.6,58.0
2022-10-15,19.8,28.4,11.2,0.0,1.9,8.6,9.2,985.3,979.8,68.0
2022-10-16,20.4,27.2,13.5,0.0,1.9,6.7,7.6,988.7,982.6,67.0
2022-10-17,20.6,26.2,15.0,0.0,1.1,7.8,4.5,993.3,988.6,72.0
2022-10-18,20.0,26.6,13.5,0.0,1.9,7.5,6.0,994.0,989.9,74.0
2022-10-19,21.7,26.9,16.5,0.0,1.9,6.9,4.4,990.1,983.9,73.0
2022-10-20,19.4,22.3,16.5,1.0,0.8,4.7,0.8,985.0,981.7,77.0
2022-10-21,20.6,26.6,14.6,0.0,1.7,8.6,4.2,982.8,979.5,64.0
2022-10-22,19.6,26.9,12.2,0.0,1.4,6.1,6.9,984.9,981.1,55.0
2022-10-23,16.8,19.6,13.9,0.0,0.8,5.0,0.0,984.6,980.9,75.0
2022-10-24,19.0,25.7,12.4,0.0,2.5,8.6,7.6,986.0,983.0,61.0
2022-10-25,20.6,28.5,12.8,0.0,1.7,6.4,7.8,986.0,982.4,60.0
2022-10-26,21.6,31.0,12.2,0.0,1.1,4.7,8.0,989.6,984.2,52.0
2022-10-27,20.3,29.4,11.2,0.0,1.7,5.8,6.5,992.3,989.5,50.0
2022-10-28,19.6,28.3,11.0,0.0,1.4,6.7,8.6,993.4,990.4,55.0
2022-10-29,17.1,25.2,9.0,0.0,2.5,7.2,8.1,991.8,987.2,61.0
2022-10-30,17.6,23.5,11.7,0.0,2.2,5.0,6.7,988.5,985.9,69.0
2022-10-31,17.4,22.5,12.2,0.2,1.4,5.8,3.6,987.7,984.6,72.0
2022-11-01,18.4,25.5,11.2,0.0,1.7,7.8,7.8,990.5,986.1,67.0
2022-11-02,17.0,22.9,11.1,0.0,1.4,7.5,8.1,992.2,987.3,63.0
2022-11-03,14.9,18.8,11.0,0.2,1.1,10.0,1.7,987.3,979.4,76.0
2022-11-04,14.0,19.2,8.7,0.0,3.3,13.6,8.7,982.7,979.0,52.0
2022-11-05,11.8,18.9,4.6,0.0,1.7,8.3,8.7,986.1,982.7,49.0
2022-11-06,12.2,22.4,2.0,0.0,1.1,8.3,8.7,987.2,981.2,49.0
2022-11-07,12.5,21.8,3.2,0.0,1.7,5.6,8.0,988.3,983.5,64.0
2022-11-08,13.6,22.1,5.1,0.0,1.1,5.3,8.3,984.4,980.3,70.0
2022-11-09,14.4,20.7,8.2,0.0,1.4,7.8,2.2,986.7,981.8,66.0
2022-11-10,15.6,21.6,9.6,0.0,1.4,7.2,6.7,993.9,986.6,65.0
2022-11-11,14.9,23.0,6.8,0.0,1.7,6.9,7.7,995.9,993.2,63.0
2022-11-12,16.4,22.9,10.0,0.0,0.8,5.0,8.0,995.7,989.9,67.0
2022-11-13,15.6,23.0,8.2,0.0,1.4,6.1,7.5,989.9,983.7,69.0
2022-11-14,16.0,20.2,11.7,0.0,1.7,5.8,2.9,985.0,981.7,67.0
2022-11-15,15.4,20.7,10.1,0.0,2.2,11.1,2.7,981.7,974.3,63.0
2022-11-16,14.4,19.0,9.7,0.0,1.9,9.2,7.0,975.0,971.4,65.0
2022-11-17,15.6,20.7,10.6,0.0,1.4,10.8,1.4,972.7,969.5,66.0
2022-11-18,11.4,14.5,8.3,0.0,1.4,6.1,0.5,976.6,972.2,67.0
2022-11-19,9.4,14.5,4.3,0.0,2.2,8.3,7.7,981.7,975.5,57.0
2022-11-20,7.6,15.9,-0.8,0.2,1.7,6.7,7.3,985.2,981.5,63.0
2022-11-21,8.6,11.8,5.5,0.4,1.4,13.3,0.1,985.2,968.2,82.0
2022-11-22,9.4,12.8,6.0,0.0,4.7,14.7,5.7,977.0,970.3,54.0
2022-11-23,12.3,19.3,5.3,0.0,1.7,8.6,6.9,982.6,971.5,62.0
2022-11-24,11.0,18.1,3.8,0.0,1.1,4.4,5.9,986.8,982.0,67.0
2022-11-25,11.0,17.3,4.6,0.0,1.7,10.0,4.3,991.8,982.3,66.0
2022-11-26,7.6,13.8,1.3,0.0,1.4,4.7,4.3,995.4,991.8,68.0
2022-11-27,7.7,16.0,-0.6,0.0,0.6,5.6,7.3,993.8,983.5,68.0
2022-11-28,9.0,14.0,4.0,2.8,2.2,8.1,2.8,983.5,979.6,73.0
2022-11-29,7.8,13.8,1.7,0.0,1.9,7.5,7.3,984.1,981.5,74.0
2022-11-30,6.9,14.1,-0.3,0.0,0.6,4.7,7.2,984.0,980.8,77.0
2022-12-01,7.6,13.0,2.2,0.0,1.4,4.2,3.9,983.7,981.2,72.0
2022-12-02,6.0,13.2,-1.2,0.0,0.8,4.4,7.0,983.4,977.3,71.0
2022-12-03,4.4,11.9,-3.0,1.8,0.8,5.8,6.1,977.3,972.5,69.0
2022-12-04,6.1,12.0,0.2,0.2,1.4,6.4,6.5,982.4,974.4,74.0
2022-12-05,5.5,13.3,-2.3,0.0,1.4,6.7,6.3,985.5,981.8,70.0
2022-12-06,8.8,14.4,3.1,0.0,0.8,2.8,3.5,982.4,980.0,73.0
2022-12-07,7.9,12.3,3.5,0.0,1.1,3.6,0.8,981.7,977.7,79.0
2022-12-08,7.4,9.6,5.1,4.8,0.3,5.0,0.2,977.7,967.3,90.0
2022-12-09,12.0,16.0,8.0,1.4,1.9,9.2,6.3,967.4,965.3,76.0
2022-12-10,6.2,10.5,1.8,0.0,2.5,10.0,4.8,975.7,966.2,66.0
2022-12-11,2.8,6.2,-0.7,0.0,1.7,3.6,0.1,976.0,971.1,72.0
2022-12-12,4.7,7.3,2.1,14.4,1.7,3.9,0.5,977.8,968.6,83.0
2022-12-13,7.5,10.6,4.4,8.4,1.1,5.6,0.0,972.1,965.7,91.0
2022-12-14,11.4,15.5,7.2,12.0,0.8,4.2,4.6,971.7,965.1,86.0
2022-12-15,11.2,15.5,6.9,0.6,1.9,8.9,4.1,967.9,962.5,83.0
2022-12-16,9.8,13.7,5.9,0.0,1.7,7.2,3.7,979.5,967.4,78.0
2022-12-17,9.0,14.3,3.6,0.0,0.8,4.2,3.7,989.4,979.5,78.0
2022-12-18,,,,,0.8,,1.8,,,90.0
2022-12-20,9.4,14.5,4.3,0.6,0.6,3.3,4.9,992.4,985.7,81.0
2022-12-21,10.2,14.5,6.0,0.0,1.7,9.4,4.8,988.6,984.7,81.0
2022-12-22,9.8,16.0,3.7,0.0,2.2,8.1,7.1,990.8,987.4,77.0
2022-12-23,12.4,18.6,6.1,0.0,3.3,9.7,6.8,988.9,986.4,73.0
2022-12-24,12.6,19.2,6.1,0.0,1.4,8.9,7.2,987.9,984.2,69.0
2022-12-25,10.3,17.5,3.1,0.0,0.6,5.0,6.7,989.0,984.9,69.0
2022-12-26,10.8,18.8,2.9,0.0,0.6,4.7,7.2,995.1,989.0,68.0
2022-12-27,9.4,16.4,2.4,0.0,0.6,3.3,7.2,997.4,993.8,76.0
2022-12-28,9.2,17.1,1.2,0.0,0.8,5.0,7.2,994.4,987.4,74.0
2022-12-29,8.6,15.2,2.1,0.0,2.2,6.7,3.4,987.9,984.8,69.0
2022-12-30,10.2,15.0,5.4,0.0,2.2,9.7,1.8,990.5,985.0,77.0
2022-12-31,12.4,20.2,4.6,0.0,1.1,4.7,7.2,992.5,989.5,69.0
2023-01-01,8.4,15.2,1.7,0.0,0.8,2.2,6.8,993.0,989.9,73.0
2023-01-02,5.6,10.0,1.3,0.0,0.8,2.8,0.0,992.8,989.5,74.0
2023-01-03,9.2,12.9,5.5,0.0,1.1,5.3,4.0,997.9,992.3,80.0
2023-01-04,7.9,13.1,2.7,0.0,0.8,3.9,4.2,1000.3,997.1,80.0
2023-01-05,7.0,14.4,-0.3,0.0,0.8,5.0,6.8,998.0,991.4,74.0
2023-01-06,6.6,14.7,-1.4,0.0,0.8,4.4,7.5,992.0,988.7,74.0
2023-01-07,4.3,10.6,-2.0,0.0,1.4,10.3,7.4,989.9,983.8,73.0
2023-01-08,7.0,11.6,2.3,1.8,0.8,4.7,0.0,983.8,975.3,90.0
2023-01-09,9.6,13.7,5.4,0.0,3.9,15.3,7.6,989.8,976.8,61.0
2023-01-10,6.6,13.5,-0.2,0.0,1.1,4.7,7.6,994.8,989.7,71.0
2023-01-11,4.8,9.4,0.3,0.0,0.6,3.6,1.5,993.9,989.4,80.0
2023-01-12,6.2,12.9,-0.5,0.0,1.9,7.2,6.3,995.6,990.4,74.0
2023-01-13,7.4,13.7,1.0,0.0,1.1,3.6,6.1,994.1,989.7,74.0
2023-01-14,7.2,14.8,-0.3,0.0,1.1,6.7,6.1,993.9,985.0,74.0
2023-01-15,9.8,15.8,3.7,0.0,2.8,9.7,3.9,985.0,981.0,68.0
2023-01-16,6.2,10.5,1.8,2.2,3.1,12.8,5.0,982.5,961.8,68.0
2023-01-17,8.5,12.0,5.0,0.4,6.9,20.3,7.7,962.1,956.6,58.0
2023-01-18,6.8,11.0,2.6,0.0,1.9,12.2,6.6,975.8,961.1,53.0
2023-01-19,5.3,9.4,1.2,0.0,2.8,10.8,6.8,980.5,969.1,60.0
2023-01-20,6.0,13.1,-1.1,0.0,1.7,9.2,7.9,984.3,969.4,55.0
2023-01-21,1.7,9.4,-6.0,0.0,2.2,11.1,7.9,984.4,981.2,43.0
2023-01-22,1.4,8.6,-5.7,0.0,1.9,8.6,8.0,987.0,982.9,47.0
2023-01-23,1.2,8.0,-5.7,0.0,1.1,6.1,6.1,988.4,983.7,55.0
2023-01-24,0.5,2.4,-1.4,0.4,0.6,3.1,0.0,992.3,988.2,83.0
2023-01-25,2.9,7.4,-1.6,0.0,1.9,9.7,8.0,991.7,985.3,68.0
2023-01-26,1.7,7.6,-4.2,0.0,1.1,5.6,4.8,985.3,978.9,73.0
2023-01-27,2.8,8.5,-3.0,0.0,0.8,6.4,7.2,981.6,978.1,63.0
2023-01-28,2.0,8.4,-4.3,0.0,1.1,5.6,7.6,987.4,981.2,70.0
2023-01-29,4.0,10.8,-2.9,0.0,1.4,5.8,8.2,993.0,987.3,64.0
2023-01-30,2.2,9.0,-4.5,0.0,1.4,8.1,8.2,994.4,990.7,65.0
2023-01-31,4.4,12.0,-3.1,0.0,1.7,5.8,8.4,994.2,991.6,64.0
2023-02-01,4.9,13.3,-3.5,0.0,1.4,4.4,8.3,995.4,992.1,66.0
2023-02-02,5.2,13.2,-2.9,0.0,1.7,5.3,8.6,996.4,992.9,65.0
2023-02-03,6.6,16.2,-3.1,0.0,1.7,5.8,8.6,998.0,994.6,58.0
2023-02-04,6.6,16.4,-3.1,0.0,1.7,5.8,8.7,996.1,991.5,55.0
2023-02-05,6.2,14.1,-1.7,0.0,1.9,7.8,8.7,999.0,993.4,64.0
2023-02-06,5.3,10.8,-0.2,0.0,3.1,12.2,,994.1,990.8,63.0
2023-02-07,5.2,7.7,2.7,18.0,2.2,10.3,0.0,993.5,988.8,79.0
2023-02-08,6.4,10.5,2.4,0.2,1.4,7.5,3.7,995.5,992.7,70.0
2023-02-09,7.2,10.8,3.5,0.0,1.7,6.1,5.5,1001.4,995.0,61.0
2023-02-10,5.9,11.6,0.2,0.0,1.1,6.9,9.0,1003.3,1000.5,63.0
2023-02-11,5.4,13.9,-3.0,0.0,1.4,6.1,9.0,1002.4,997.6,62.0
2023-02-12,5.6,14.5,-3.4,0.0,1.4,5.8,9.0,1000.4,996.9,61.0
2023-02-13,6.5,16.2,-3.2,0.0,1.7,5.8,9.0,1001.8,998.3,62.0
2023-02-14,7.1,15.6,-1.4,0.0,1.7,6.4,7.7,1001.1,995.8,66.0
2023-02-15,8.2,16.3,0.0,0.0,1.9,6.7,8.2,996.5,992.8,64.0
2023-02-17,8.6,18.8,-1.5,0.0,1.7,6.4,9.2,999.5,996.0,54.0
2023-02-18,10.4,21.4,-0.6,0.0,1.4,6.7,9.1,998.2,992.5,51.0
2023-02-19,10.9,21.6,0.2,0.0,1.4,5.8,9.1,994.7,990.6,49.0
2023-02-20,12.2,22.7,1.8,0.0,1.7,8.3,9.1,993.8,988.6,53.0
2023-02-21,11.5,19.8,3.2,0.0,1.4,7.2,5.1,989.8,982.5,51.0
2023-02-22,11.8,18.3,5.2,0.0,1.7,6.9,6.4,984.2,980.7,65.0
2023-02-23,9.4,11.7,7.0,22.4,0.8,10.0,0.0,981.4,973.4,81.0
2023-02-24,6.0,10.0,2.1,0.0,1.7,14.2,2.7,977.2,972.6,78.0
2023-02-25,5.0,9.5,0.6,0.6,1.1,6.4,1.4,973.4,968.3,75.0
2023-02-26,7.2,11.4,3.1,1.2,2.5,6.4,5.8,970.6,966.1,76.0
2023-02-27,5.0,9.1,0.8,0.2,1.4,7.8,4.2,977.8,970.6,54.0
2023-02-28,5.9,11.5,0.3,0.0,3.3,9.4,7.0,983.8,977.0,46.0
2023-03-01,4.0,10.7,-2.7,0.0,2.5,8.6,10.0,983.8,978.3,50.0
2023-03-02,4.3,8.8,-0.2,0.0,1.9,7.8,1.2,983.4,980.6,49.0
2023-03-03,6.2,14.7,-2.2,0.0,1.4,7.8,10.0,986.2,981.8,51.0
2023-03-04,6.9,14.6,-0.8,0.0,1.9,6.9,10.1,987.4,983.1,56.0
2023-03-05,7.3,16.5,-1.9,0.0,1.7,9.7,9.9,985.2,976.5,50.0
2023-03-06,9.4,16.5,2.3,0.0,2.5,10.3,7.9,976.7,973.9,57.0
2023-03-07,8.6,17.2,-0.1,0.0,3.3,10.8,6.3,975.5,970.9,64.0
2023-03-08,14.0,21.1,6.8,0.0,3.1,12.5,7.5,976.0,973.7,54.0
2023-03-09,16.6,20.5,12.6,0.0,2.5,14.2,3.8,977.9,973.6,54.0
2023-03-10,16.5,21.9,11.1,0.0,5.0,14.7,9.8,980.3,975.8,45.0
2023-03-11,18.9,24.6,13.2,0.0,4.4,14.4,10.2,981.1,976.6,47.0
2023-03-12,16.7,24.3,9.1,0.0,2.5,9.7,10.4,985.2,981.0,63.0
2023-03-13,17.0,25.7,8.4,0.0,2.2,13.3,8.6,984.8,973.2,59.0
2023-03-14,14.6,19.6,9.5,0.0,4.7,13.1,9.1,983.2,975.0,39.0
2023-03-15,12.0,20.2,3.8,0.0,1.9,8.3,10.3,985.4,982.0,53.0
2023-03-16,12.6,21.1,4.1,0.0,2.5,9.2,10.5,983.7,980.0,53.0
2023-03-17,10.8,17.8,3.9,0.0,2.8,8.9,9.4,983.1,979.7,65.0
2023-03-18,12.0,19.5,4.4,0.0,1.1,6.4,7.4,982.6,978.1,67.0
2023-03-19,15.0,20.4,9.5,0.0,1.9,7.8,7.4,988.7,982.6,58.0
2023-03-20,12.8,21.1,4.6,0.0,1.7,10.3,9.1,988.5,983.5,63.0
2023-03-21,14.0,21.4,6.5,0.0,1.9,8.6,8.6,986.1,981.7,65.0
2023-03-22,14.4,23.9,5.0,0.0,1.9,6.9,9.7,983.8,979.3,60.0
2023-03-23,16.0,23.7,8.4,0.0,2.8,10.6,10.7,981.7,978.4,57.0
2023-03-24,14.5,22.6,6.4,0.0,2.8,10.0,5.9,985.3,980.0,49.0
2023-03-25,14.2,21.3,7.0,0.0,3.1,9.2,10.4,988.7,983.6,60.0
2023-03-26,14.0,22.3,5.8,0.0,5.6,18.3,10.4,983.6,977.6,42.0
2023-03-27,14.8,21.5,8.1,0.0,3.1,9.7,11.2,990.0,982.2,45.0
2023-03-28,14.2,19.4,8.9,0.6,2.5,9.7,8.1,991.7,989.1,61.0
2023-03-29,14.3,23.9,4.7,0.0,3.1,8.9,11.0,991.6,985.9,57.0
2023-03-30,16.6,27.2,6.1,0.0,3.1,9.4,9.1,987.9,983.6,52.0
2023-03-31,17.2,24.3,10.1,0.0,5.0,13.9,10.1,983.7,979.3,33.0
2023-04-01,15.4,21.1,9.6,0.0,3.6,15.3,8.0,983.4,977.1,36.0
2023-04-02,13.8,21.0,6.6,0.0,2.5,10.6,8.4,984.5,978.4,38.0
2023-04-03,12.9,21.1,4.7,0.0,1.7,10.6,8.6,984.3,978.2,45.0
2023-04-04,10.6,19.2,2.1,0.0,2.8,10.8,10.9,984.5,978.3,56.0
2023-04-05,11.8,21.9,1.7,0.0,1.9,10.3,11.3,985.4,981.2,45.0
2023-04-06,11.9,20.5,3.3,0.0,2.2,8.3,10.0,986.5,983.0,52.0
2023-04-07,13.6,23.8,3.5,0.0,2.2,7.8,11.3,985.6,978.6,47.0
2023-04-08,12.7,20.2,5.2,0.0,2.8,10.8,11.1,986.3,982.3,46.0
2023-04-09,13.4,22.8,4.0,0.0,2.5,9.4,9.8,987.4,983.7,42.0
2023-04-10,16.6,24.1,9.2,0.0,2.2,9.7,6.9,989.5,985.6,36.0
2023-04-11,16.6,27.0,6.2,0.0,2.2,8.1,10.7,989.5,981.1,46.0
2023-04-12,17.1,26.3,7.9,0.0,3.1,14.2,7.8,981.1,973.3,40.0
2023-04-13,13.0,19.0,7.1,0.0,4.4,13.6,9.3,980.1,976.6,36.0
2023-04-14,13.0,22.3,3.6,0.0,3.1,17.5,9.3,980.7,974.2,45.0
2023-04-15,17.3,26.2,8.4,0.0,3.6,12.5,11.0,984.0,976.1,48.0
2023-04-16,14.0,23.5,4.6,0.0,2.2,9.7,11.3,985.0,980.6,32.0
2023-04-17,12.6,21.5,3.6,0.6,2.8,11.4,11.1,982.9,979.4,45.0
2023-04-18,13.4,18.5,8.2,0.0,1.4,9.4,2.6,983.1,980.0,63.0
2023-04-19,13.6,22.9,4.2,0.0,1.9,8.6,11.5,983.1,977.6,48.0
2023-04-20,16.0,26.6,5.3,0.0,2.2,11.7,7.8,979.6,971.2,46.0
2023-04-21,15.2,22.3,8.2,0.0,2.8,10.3,9.5,977.9,973.9,59.0
2023-04-22,17.5,24.0,11.0,0.0,2.5,8.6,7.1,978.8,975.6,49.0
2023-04-23,17.6,25.8,9.4,0.6,2.5,11.1,10.2,981.2,976.5,41.0
2023-04-24,18.2,25.9,10.5,0.0,3.6,10.6,11.4,982.6,978.8,56.0
2023-04-25,19.6,28.0,11.3,0.0,2.8,11.9,7.0,982.3,977.0,54.0
2023-04-26,18.0,24.3,11.8,0.0,2.8,11.1,8.9,983.9,980.2,59.0
2023-04-27,19.0,27.0,10.9,0.0,2.2,10.0,9.5,984.0,979.9,49.0
2023-04-28,19.8,28.4,11.3,0.0,2.8,11.7,9.4,985.1,980.6,41.0
2023-04-29,20.6,27.6,13.6,2.0,3.1,11.1,5.5,982.4,977.7,48.0
2023-04-30,20.5,27.3,13.7,3.8,2.2,10.3,6.3,983.4,979.1,66.0
2023-05-01,18.4,24.2,12.6,0.0,2.8,11.4,8.6,984.8,980.2,63.0
2023-05-02,17.9,26.9,8.9,0.0,2.2,9.7,11.9,985.1,981.5,52.0
2023-05-03,18.2,27.2,9.1,0.0,2.8,11.7,11.3,985.3,981.5,45.0
2023-05-04,18.0,26.4,9.6,0.0,2.8,9.7,11.9,986.4,983.2,41.0
2023-05-05,19.4,28.7,10.0,0.0,2.5,11.1,11.6,986.3,981.5,46.0
2023-05-06,20.2,28.5,11.8,0.0,2.8,11.1,11.1,983.6,979.5,45.0
2023-05-07,19.7,25.8,13.6,6.8,2.8,11.7,6.6,988.1,981.5,59.0
2023-05-08,17.9,24.7,11.1,0.0,2.2,7.5,7.2,987.5,984.5,53.0
2023-05-09,20.4,29.0,11.9,0.2,2.8,12.2,4.5,986.7,980.5,60.0
2023-05-10,18.8,25.2,12.5,0.0,2.5,12.8,12.5,984.9,981.2,44.0
2023-05-11,16.8,22.4,11.1,0.0,2.2,11.1,6.2,983.9,978.8,47.0
2023-05-12,14.5,20.6,8.4,4.0,2.2,9.2,5.5,982.4,978.4,64.0
2023-05-13,13.4,20.2,6.5,0.8,2.5,7.8,2.5,983.9,981.1,67.0
2023-05-14,15.6,22.7,8.5,1.0,2.2,7.8,8.0,983.1,980.3,65.0
2023-05-15,17.4,24.3,10.6,0.4,1.9,9.2,8.0,982.3,977.0,42.0
2023-05-16,17.1,25.7,8.5,0.0,2.8,9.2,9.0,981.1,975.5,41.0
2023-05-17,15.8,25.7,6.0,0.0,2.5,12.8,11.8,983.2,977.9,35.0
2023-05-18,15.4,22.9,7.8,0.0,2.8,11.1,6.4,984.5,981.9,58.0
2023-05-19,16.2,21.4,11.1,9.6,1.1,8.3,6.7,984.3,980.2,76.0
2023-05-20,16.7,23.7,9.7,14.8,1.4,6.1,6.9,981.5,977.1,67.0
2023-05-21,15.2,21.6,8.8,0.4,1.7,6.4,4.7,979.8,977.8,65.0
2023-05-22,17.0,21.4,12.5,7.2,0.8,8.6,0.5,981.2,978.4,81.0
2023-05-24,,,,5.8,,,,,,
2023-05-25,16.0,19.6,12.5,8.4,1.4,6.9,1.0,986.0,980.6,88.0
2023-05-26,18.0,25.0,11.1,0.0,2.5,8.9,12.0,987.2,984.9,61.0
2023-05-27,20.5,29.4,11.6,0.0,1.7,10.3,11.6,986.0,980.9,46.0
2023-05-28,19.8,27.5,12.1,0.0,2.5,9.4,11.7,982.4,977.3,47.0
2023-05-29,19.8,26.5,13.0,0.0,2.5,10.6,11.7,981.5,977.8,48.0
2023-05-30,20.0,27.4,12.7,1.0,1.1,10.8,5.4,982.5,979.9,61.0
2023-05-31,18.2,24.2,12.1,0.4,1.4,8.1,4.1,982.4,980.6,65.0
2023-06-01,18.8,23.4,14.1,1.4,1.4,5.8,5.3,982.2,980.0,61.0
2023-06-02,18.9,26.7,11.1,1.4,1.4,10.8,9.6,981.2,978.0,63.0
2023-06-03,18.6,24.3,12.8,0.2,1.4,12.5,9.0,981.4,979.6,70.0
2023-06-04,19.0,26.2,11.9,0.0,1.9,11.4,7.8,982.7,980.1,61.0
2023-06-05,21.1,27.7,14.5,1.4,3.1,10.6,7.9,982.6,979.8,68.0
2023-06-06,21.2,28.1,14.4,0.0,2.2,8.3,6.2,982.8,979.9,58.0
2023-06-07,20.3,26.3,14.3,0.0,1.9,7.2,3.9,982.6,980.1,55.0
2023-06-08,21.4,27.8,15.0,0.0,2.5,9.7,7.2,980.3,976.5,56.0
2023-06-09,22.8,27.7,17.8,7.0,2.2,10.0,8.0,979.4,974.5,64.0
2023-06-10,22.7,29.8,15.6,23.6,2.5,15.6,9.8,981.2,977.5,69.0
2023-06-11,20.8,25.8,15.9,8.0,1.7,11.4,2.5,982.4,979.4,68.0
2023-06-12,21.6,28.7,14.4,0.0,2.2,10.3,9.7,980.4,976.0,49.0
2023-06-13,21.4,26.9,15.8,24.8,3.1,11.1,2.4,976.6,973.5,79.0
2023-06-14,22.0,28.4,15.5,0.0,2.2,7.5,7.9,982.3,976.1,63.0
2023-06-15,22.2,29.6,14.7,0.0,2.2,8.6,12.6,984.8,982.0,47.0
2023-06-16,23.6,31.5,15.7,0.0,1.7,8.3,10.1,985.3,981.4,45.0
2023-06-17,24.2,32.4,16.1,0.6,2.5,10.6,11.5,982.9,978.9,44.0
2023-06-18,24.0,29.4,18.5,0.0,1.7,7.8,4.4,982.6,978.8,55.0
2023-06-19,22.4,29.7,15.2,0.0,1.7,5.8,4.6,981.7,976.4,46.0
2023-06-20,24.1,31.6,16.6,0.0,2.5,7.5,4.9,981.1,976.2,50.0
2023-06-21,25.8,32.4,19.2,0.0,2.5,8.9,8.2,981.1,977.3,59.0
2023-06-22,26.4,32.1,20.7,0.0,3.1,9.4,10.3,989.1,979.8,44.0
2023-06-23,25.6,33.1,18.0,0.0,1.9,10.0,13.6,990.0,985.7,50.0
2023-06-24,25.5,33.1,17.9,0.0,2.2,11.7,13.8,987.5,982.5,49.0
2023-06-25,26.8,35.6,18.0,0.0,1.9,11.7,13.7,985.8,982.1,43.0
2023-06-26,27.0,34.8,19.3,0.0,2.5,9.4,10.8,985.4,982.8,45.0
2023-06-27,26.8,33.1,20.6,0.0,2.2,9.7,8.5,985.2,981.8,51.0
2023-06-28,,,,,1.4,,,,,55.0
2023-06-29,23.5,29.9,17.1,77.2,2.2,11.9,4.4,985.1,980.5,78.0
2023-06-30,22.8,28.4,17.3,0.0,2.2,8.9,5.5,984.1,980.8,60.0
2023-07-01,23.2,30.8,15.5,0.0,1.1,7.5,13.4,983.9,980.0,42.0
2023-07-02,24.2,31.0,17.4,0.0,2.2,11.7,13.6,984.1,980.9,54.0
2023-07-03,24.6,30.2,19.0,0.0,2.2,10.6,10.1,983.9,982.2,55.0
2023-07-04,23.2,28.3,18.2,0.2,2.5,8.3,7.4,984.1,981.4,61.0
2023-07-05,23.6,27.4,19.8,0.0,2.8,10.6,5.2,985.0,982.1,67.0
2023-07-06,24.6,29.5,19.8,0.8,1.4,7.8,2.9,983.4,980.4,70.0
2023-07-07,25.1,32.2,18.0,0.0,1.9,9.7,6.7,983.8,980.1,58.0
2023-07-08,26.8,35.5,18.0,0.0,2.8,10.6,13.5,985.2,981.5,46.0
2023-07-09,27.4,36.0,18.9,0.0,2.5,9.2,12.9,987.5,984.2,47.0
2023-07-10,27.8,34.9,20.8,0.0,2.5,10.0,13.1,988.1,984.3,50.0
2023-07-11,28.6,35.2,22.1,0.0,2.5,9.2,11.4,985.1,979.0,49.0
2023-07-12,28.2,33.6,22.7,0.0,3.1,10.3,8.0,982.6,979.9,59.0
2023-07-13,,,,0.0,2.8,11.7,10.1,985.3,982.6,53.0
2023-07-14,27.6,33.4,21.8,0.0,2.5,8.9,12.9,985.0,979.8,56.0
2023-07-15,26.7,33.4,20.0,0.0,2.8,10.3,13.3,981.7,977.2,57.0
2023-07-16,28.2,32.8,23.6,0.0,2.8,8.9,9.1,984.1,981.0,57.0
2023-07-17,27.0,33.2,20.7,0.0,2.8,8.6,9.8,986.3,983.6,53.0
2023-07-18,31.0,42.5,19.4,0.0,2.5,10.6,12.7,986.3,980.6,36.0
2023-07-19,31.0,39.0,22.9,0.0,2.5,11.9,12.1,984.2,979.4,40.0
2023-07-20,27.8,34.6,21.1,0.0,2.5,10.8,12.1,981.5,976.0,52.0
2023-07-21,28.4,34.0,22.7,0.0,3.9,11.1,6.3,983.2,977.4,49.0
2023-07-22,27.0,32.0,22.0,0.0,3.1,10.8,7.9,984.3,981.9,53.0
2023-07-23,27.0,34.1,19.9,0.0,2.8,10.6,10.8,984.4,976.9,56.0
2023-07-24,29.2,36.5,21.9,0.0,3.3,11.7,9.7,977.4,973.4,55.0
2023-07-25,24.8,30.0,19.7,0.4,4.4,12.5,12.6,982.3,976.3,36.0
2023-07-26,23.6,29.1,18.1,0.0,3.1,11.4,10.9,984.8,981.9,52.0
2023-07-27,24.5,31.3,17.7,5.4,2.8,15.3,9.4,984.0,977.8,66.0
2023-07-28,24.8,33.2,16.4,0.0,2.2,10.3,12.2,983.0,978.7,60.0
2023-07-29,27.2,34.9,19.5,0.0,2.5,10.6,11.9,982.2,977.8,59.0
2023-07-30,26.7,32.0,21.4,0.0,2.2,10.0,7.9,985.5,982.1,62.0
2023-07-31,27.2,33.5,20.9,0.0,2.8,9.7,10.1,985.2,979.4,58.0
2023-08-01,28.4,35.1,21.6,0.0,3.3,11.7,11.9,980.9,976.4,51.0
2023-08-02,28.2,35.7,20.6,0.0,2.8,11.1,11.0,979.6,973.1,56.0
2023-08-03,26.0,31.3,20.8,0.0,3.3,11.4,8.2,980.6,975.9,48.0
2023-08-04,23.1,30.2,16.0,0.0,2.5,12.8,10.6,985.2,980.2,33.0
2023-08-05,22.4,31.0,13.7,0.0,2.2,9.4,12.6,985.0,980.0,34.0
2023-08-06,23.0,30.0,16.0,0.0,3.3,13.6,11.7,985.2,981.8,58.0
2023-08-07,23.6,29.4,17.8,0.0,2.5,11.1,12.2,986.8,983.6,47.0
2023-08-08,25.0,31.7,18.4,0.0,2.8,12.5,10.5,985.5,982.0,61.0
2023-08-09,26.4,34.7,18.2,0.0,2.8,10.8,11.6,986.2,982.3,59.0
2023-08-10,28.5,35.5,21.5,0.0,3.6,14.2,11.8,987.4,982.1,58.0
2023-08-11,28.0,37.1,18.9,0.0,1.9,9.4,11.8,988.0,985.0,41.0
2023-08-12,27.6,35.6,19.5,0.0,2.2,11.1,11.6,987.4,984.0,52.0
2023-08-13,27.2,34.7,19.8,0.0,2.5,10.0,11.5,985.9,981.7,53.0
2023-08-14,26.6,33.8,19.4,0.0,2.8,10.0,11.4,983.3,981.1,51.0
2023-08-15,26.6,34.8,18.4,0.0,2.8,11.1,11.5,984.0,981.5,39.0
2023-08-16,25.8,33.2,18.4,0.0,1.9,8.3,8.1,983.4,980.5,44.0
2023-08-17,26.5,35.6,17.4,0.0,2.8,10.3,11.2,982.1,978.4,47.0
2023-08-18,26.6,34.5,18.8,0.0,2.8,10.6,9.8,981.4,978.9,53.0
2023-08-19,26.8,34.7,19.0,0.0,2.8,11.1,9.8,985.4,981.3,60.0
2023-08-20,30.2,38.6,21.9,0.0,1.9,10.0,10.2,986.7,984.1,49.0
2023-08-21,31.2,39.6,22.7,0.0,2.5,10.8,10.9,987.4,984.3,44.0
2023-08-22,31.6,39.9,23.3,0.0,1.9,10.3,9.5,986.1,982.6,43.0
2023-08-23,32.0,41.0,23.0,0.0,1.9,9.4,8.1,984.0,981.1,43.0
2023-08-24,31.2,39.9,22.5,0.0,2.2,10.3,11.4,982.8,979.4,39.0
2023-08-25,28.4,35.9,20.9,0.0,2.8,10.3,11.0,981.1,977.9,48.0
2023-08-26,25.8,31.7,19.8,5.8,2.2,8.6,3.6,981.2,976.5,76.0
2023-08-27,18.0,20.6,15.5,6.8,1.4,10.0,0.7,978.5,974.3,75.0
2023-08-28,21.6,29.2,13.9,0.0,2.5,13.9,9.1,979.7,975.8,42.0
2023-08-29,20.6,29.8,11.5,0.0,3.1,10.0,10.3,979.0,975.4,45.0
2023-08-30,21.6,27.9,15.4,0.0,2.2,9.7,10.5,981.4,976.9,58.0
2023-08-31,23.4,30.0,16.8,0.0,1.9,8.6,11.1,985.4,981.2,42.0
2023-09-01,23.0,30.5,15.5,0.0,2.2,8.9,7.5,985.4,981.2,59.0
2023-09-02,23.2,27.6,18.9,0.0,1.9,10.0,2.1,985.4,981.9,59.0
2023-09-03,25.2,30.9,19.5,0.0,1.9,10.0,5.4,987.5,984.0,44.0
2023-09-04,26.9,34.5,19.3,0.0,2.2,10.0,10.0,985.1,981.8,34.0
2023-09-05,26.0,33.9,18.2,0.0,2.5,8.9,10.3,985.5,982.2,41.0
2023-09-06,24.8,32.2,17.3,0.0,1.9,10.8,10.6,986.5,983.3,50.0
2023-09-07,22.8,31.1,14.6,0.0,2.2,10.3,10.7,986.1,983.2,49.0
2023-09-08,22.8,31.6,14.1,0.0,1.9,8.6,10.9,985.8,982.6,53.0
2023-09-09,22.3,30.3,14.3,0.0,2.8,9.4,10.9,985.2,982.6,59.0
2023-09-10,23.8,32.0,15.5,0.0,2.2,8.9,10.6,985.5,982.5,57.0
2023-09-11,23.5,30.8,16.2,0.0,2.5,8.9,9.2,983.7,979.7,59.0
2023-09-12,24.2,31.2,17.1,0.0,1.9,9.7,5.6,983.4,979.8,59.0
2023-09-13,23.8,30.6,17.0,0.0,1.9,12.5,8.5,986.7,983.0,62.0
2023-09-14,22.7,29.7,15.7,0.0,1.9,9.4,7.8,986.8,982.1,64.0
2023-09-15,20.4,24.5,16.4,30.4,1.1,5.8,2.1,983.9,977.7,88.0
2023-09-16,23.0,29.3,16.8,0.0,2.2,7.8,8.9,980.9,978.1,73.0
2023-09-17,24.4,31.3,17.5,0.6,1.7,9.4,5.1,980.9,977.3,68.0
2023-09-18,23.4,27.8,18.9,0.0,2.2,9.7,7.8,984.5,979.1,56.0
2023-09-19,20.4,26.7,14.1,6.2,2.2,8.3,4.4,986.5,982.7,67.0
2023-09-20,21.0,25.4,16.7,0.0,1.9,6.1,5.3,982.7,975.8,73.0
2023-09-21,21.4,28.3,14.6,0.2,2.2,12.5,6.8,976.6,970.5,57.0
2023-09-22,20.0,24.6,15.3,0.0,2.8,12.2,10.6,981.5,973.7,49.0
2023-09-23,18.4,25.4,11.5,0.0,2.2,7.5,10.7,988.7,981.5,53.0
2023-09-24,19.7,27.8,11.6,0.0,1.7,8.3,10.3,989.5,985.1,61.0
2023-09-25,20.1,28.1,12.1,0.0,2.2,9.2,10.5,988.5,985.9,60.0
2023-09-26,20.1,27.7,12.5,0.0,1.9,8.3,10.4,988.3,985.1,61.0
2023-09-27,21.6,29.9,13.4,0.0,1.9,8.9,9.9,987.5,983.1,60.0
2023-09-28,22.2,29.9,14.4,0.0,2.2,8.9,10.3,987.3,983.6,63.0
2023-09-29,23.0,30.8,15.3,0.0,1.9,8.1,10.2,990.8,987.2,54.0
2023-09-30,23.4,32.0,14.9,0.0,1.9,8.9,10.2,991.6,988.1,53.0
2023-10-01,23.4,31.5,15.3,0.0,2.5,10.0,10.2,990.5,987.1,63.0
2023-10-02,22.3,28.8,15.8,0.0,2.2,7.8,7.8,991.1,987.6,72.0
2023-10-03,22.5,29.0,16.0,0.0,2.2,9.7,8.3,993.0,988.9,73.0
2023-10-04,24.0,29.5,18.5,0.0,1.4,9.2,6.4,992.8,989.2,66.0
2023-10-05,22.0,28.3,15.7,0.0,2.5,9.7,7.9,992.4,988.6,71.0
2023-10-06,24.4,29.5,19.2,0.0,2.2,9.2,7.2,991.8,989.1,71.0
2023-10-07,23.6,28.9,18.2,0.0,2.5,8.9,8.2,991.9,989.2,68.0
2023-10-08,22.6,30.5,14.8,0.0,1.9,9.2,9.2,992.1,989.0,66.0
2023-10-09,22.7,30.3,15.1,0.0,2.2,8.9,9.1,992.2,988.3,64.0
2023-10-10,21.5,29.9,13.1,0.0,2.2,8.9,9.5,990.0,986.7,59.0
2023-10-11,20.8,29.4,12.3,0.0,1.7,8.9,9.4,989.2,986.0,63.0
2023-10-12,21.6,29.3,14.0,0.0,2.2,8.3,7.8,989.3,985.5,67.0
2023-10-13,21.2,28.2,14.1,0.0,2.2,7.8,7.3,987.6,982.8,70.0
2023-10-14,21.0,27.9,14.0,0.0,1.4,9.2,5.8,986.8,983.1,59.0
2023-10-15,20.4,24.7,16.0,0.6,2.2,10.0,7.2,984.9,981.0,78.0
2023-10-16,18.2,20.0,16.4,0.6,1.4,6.1,0.0,981.0,978.1,87.0
2023-10-17,20.0,24.5,15.4,0.0,1.4,6.4,2.2,978.9,974.7,80.0
2023-10-18,21.6,26.0,17.1,0.0,2.5,10.8,5.3,974.7,969.4,62.0
2023-10-19,19.6,24.5,14.8,12.2,1.9,14.2,1.8,969.4,954.8,66.0
2023-10-20,17.8,21.2,14.4,0.0,3.3,14.2,7.5,967.5,953.2,61.0
2023-10-21,14.0,19.0,9.1,0.0,2.2,8.9,8.8,977.4,967.5,52.0
2023-10-22,13.2,20.2,6.3,0.0,0.8,6.1,4.9,979.8,974.2,60.0
2023-10-23,19.0,23.7,14.2,4.4,2.2,10.8,5.6,976.6,971.0,55.0
2023-10-24,16.2,19.9,12.6,0.0,3.3,14.7,7.8,977.6,974.4,60.0
2023-10-25,16.8,20.8,12.9,0.0,3.1,10.0,4.6,976.5,974.6,60.0
2023-10-26,20.2,24.7,15.8,0.0,4.2,17.5,2.7,976.3,965.3,60.0
2023-10-27,16.1,20.5,11.7,0.0,2.8,14.2,8.0,975.7,969.4,51.0
2023-10-28,15.3,21.8,8.8,0.0,2.5,11.7,8.3,976.2,973.5,60.0
2023-10-29,16.2,24.3,8.0,0.0,1.7,8.3,7.7,974.7,972.1,62.0
2023-10-30,15.6,21.5,9.7,0.0,1.1,14.4,3.4,977.1,968.0,74.0
2023-10-31,12.4,18.1,6.8,0.0,2.5,6.7,6.1,982.7,977.1,64.0
2023-11-01,11.8,19.0,4.6,0.0,2.8,12.8,7.2,980.8,973.2,66.0
2023-11-02,15.3,20.4,10.2,0.0,4.2,22.2,1.6,973.2,959.7,59.0
2023-11-03,12.2,16.6,7.9,0.0,4.7,17.5,7.5,970.7,965.5,49.0
2023-11-04,14.6,21.1,8.2,0.0,1.1,14.7,3.6,970.8,958.9,58.0
2023-11-05,14.9,18.4,11.4,0.0,4.4,16.1,8.7,977.6,963.5,47.0
2023-11-06,11.8,17.8,5.7,0.0,2.2,9.2,8.7,985.4,977.4,54.0
2023-11-07,8.7,15.8,1.6,0.0,3.1,9.4,8.6,988.4,985.3,58.0
2023-11-08,9.0,16.9,1.1,0.4,1.9,8.3,8.5,990.7,983.3,57.0
2023-11-09,10.0,15.0,5.1,0.0,1.7,10.3,1.7,983.3,979.8,78.0
2023-11-10,13.8,19.0,8.5,0.0,2.8,12.5,7.1,981.0,977.2,58.0
2023-11-11,13.7,19.0,8.4,0.0,0.8,7.2,5.4,980.4,977.6,69.0
2023-11-12,17.8,23.5,12.1,0.0,2.2,10.3,7.5,987.6,977.2,62.0
2023-11-13,15.6,23.0,8.1,0.0,2.8,10.0,6.7,988.5,985.8,68.0
2023-11-14,17.0,24.0,10.1,0.0,3.6,10.0,7.4,988.5,984.1,64.0
2023-11-15,14.1,19.4,8.8,0.0,1.7,7.2,4.2,990.9,986.7,79.0
2023-11-16,14.5,19.6,9.4,0.0,1.9,8.6,2.3,988.8,985.2,78.0
2023-11-17,13.8,19.5,8.0,0.0,1.1,6.1,6.1,992.6,988.1,75.0
2023-11-18,12.8,19.9,5.8,0.0,0.8,3.3,6.6,993.3,989.8,64.0
2023-11-19,13.8,23.6,4.0,0.0,0.6,6.7,7.8,990.5,986.5,65.0
2023-11-20,12.7,20.8,4.6,2.8,1.1,6.1,7.6,988.0,981.0,69.0
2023-11-21,12.4,18.2,6.6,0.0,1.7,9.7,7.8,981.5,978.1,56.0
2023-11-22,10.4,17.3,3.5,0.0,3.6,16.7,7.8,987.2,980.1,46.0
2023-11-23,6.8,14.4,-0.8,0.0,1.7,7.5,7.8,990.4,985.9,57.0
2023-11-24,7.4,13.7,1.1,0.0,2.2,6.4,4.1,986.2,977.5,65.0
2023-11-25,9.2,16.1,2.4,0.0,1.4,8.1,6.1,983.3,977.3,72.0
2023-11-26,10.0,14.6,5.3,0.0,0.8,4.7,1.8,984.4,981.3,71.0
2023-11-27,9.0,14.3,3.8,0.0,1.4,7.8,2.9,981.9,974.1,67.0
2023-11-28,10.3,16.1,4.5,0.0,2.5,6.1,5.9,975.9,972.1,69.0
2023-11-29,6.7,8.8,4.6,0.4,0.6,3.9,0.0,976.0,970.5,90.0
2023-11-30,13.4,21.5,5.4,0.0,2.2,10.3,4.5,970.5,964.9,68.0
2023-12-01,11.4,15.5,7.3,3.0,3.3,12.8,0.0,969.0,962.5,79.0
2023-12-02,8.0,13.3,2.8,0.0,1.7,11.7,7.4,984.6,969.0,63.0
2023-12-03,5.3,12.0,-1.4,0.0,1.1,4.2,7.3,989.1,984.1,71.0
2023-12-04,7.5,13.5,1.5,0.0,2.8,11.7,6.6,984.1,977.8,64.0
2023-12-05,6.1,10.0,2.2,0.0,1.4,5.6,6.5,984.0,980.3,76.0
2023-12-06,7.4,13.5,1.4,0.0,0.8,5.8,7.1,986.1,981.4,69.0
2023-12-07,6.5,14.2,-1.2,1.0,0.6,10.8,6.5,986.4,978.4,67.0
2023-12-08,9.0,13.5,4.5,0.2,1.9,6.4,3.9,985.1,977.1,78.0
2023-12-09,8.6,15.3,1.8,0.0,2.5,9.7,6.6,987.3,984.2,70.0
2023-12-10,9.0,16.2,1.8,0.0,0.8,5.6,6.9,990.3,986.7,80.0
2023-12-11,10.6,15.9,5.2,0.0,1.7,6.1,4.7,986.9,983.5,77.0
2023-12-12,10.6,15.9,5.2,0.0,2.5,11.7,0.0,984.8,977.0,73.0
2023-12-13,11.3,14.3,8.3,0.0,3.6,16.7,1.1,979.0,973.9,57.0
2023-12-14,9.2,16.7,1.6,0.0,2.8,12.8,7.2,993.1,978.8,50.0
2023-12-15,7.2,14.2,0.3,0.0,1.9,8.3,7.2,1000.8,993.1,65.0
2023-12-16,5.8,13.1,-1.5,0.0,0.6,3.9,6.1,1003.4,1000.3,73.0
2023-12-17,6.0,14.1,-2.2,0.0,0.6,3.6,7.1,1004.2,1001.2,68.0
2023-12-18,6.0,15.4,-3.5,0.0,0.8,4.2,7.2,1002.9,998.3,63.0
2023-12-19,6.2,14.7,-2.3,0.0,1.1,8.3,7.2,998.4,989.1,62.0
2023-12-20,4.7,11.1,-1.7,0.0,1.4,6.1,3.9,989.3,985.5,72.0
2023-12-21,6.8,14.4,-0.9,0.0,2.2,11.1,5.2,989.7,986.2,67.0
2023-12-22,11.3,17.9,4.7,0.0,1.9,10.8,6.8,989.4,986.0,63.0
2023-12-23,7.6,13.3,1.8,0.0,1.4,7.2,5.7,991.7,988.9,70.0
2023-12-24,6.0,12.5,-0.6,0.0,1.1,5.3,4.0,991.6,987.8,80.0
2023-12-25,6.6,16.0,-2.9,0.0,1.1,3.1,7.2,989.5,986.0,64.0
2023-12-26,6.5,16.2,-3.2,0.0,0.8,4.7,7.1,990.1,986.7,55.0
2023-12-27,5.8,15.5,-3.8,0.0,0.6,2.8,7.2,991.3,987.7,55.0
2023-12-28,0.9,6.0,-4.2,0.0,0.6,3.3,0.2,992.9,989.7,62.0
2023-12-29,4.6,9.6,-0.5,0.0,0.8,5.0,0.8,990.5,986.3,58.0
2023-12-30,6.8,16.0,-2.5,0.0,0.8,4.7,7.3,987.7,982.9,58.0
2023-12-31,6.6,13.6,-0.4,0.0,2.8,10.3,3.0,983.8,978.5,68.0
2024-01-01,7.2,13.6,0.8,0.0,0.6,4.2,5.2,987.1,983.4,74.0
2024-01-02,5.4,12.2,-1.3,0.0,2.2,11.1,1.6,986.6,981.2,63.0
2024-01-03,12.2,16.0,8.3,0.0,1.9,9.7,0.2,983.2,979.1,67.0
2024-01-04,10.7,15.0,6.4,0.2,0.6,5.8,3.4,984.4,973.6,74.0
2024-01-05,8.6,10.9,6.4,3.4,1.4,7.5,0.0,973.6,967.8,86.0
2024-01-06,7.0,12.7,1.3,0.2,2.2,12.8,7.4,977.0,970.9,59.0
2024-01-07,5.8,12.3,-0.7,0.0,2.8,13.6,7.6,978.9,976.1,43.0
2024-01-08,3.4,10.6,-3.8,0.0,1.9,7.8,7.6,985.0,978.7,50.0
2024-01-09,3.1,10.6,-4.4,0.0,0.8,3.6,7.0,987.5,984.7,59.0
2024-01-10,3.2,5.1,1.3,3.8,0.3,3.1,0.0,986.2,982.8,81.0
2024-01-11,6.1,9.0,3.2,0.2,1.1,8.3,3.2,989.9,983.1,83.0
2024-01-12,3.8,7.9,-0.4,0.0,1.1,8.6,4.4,992.4,989.9,79.0
2024-01-13,4.2,9.9,-1.4,0.0,0.8,5.3,5.1,991.7,985.4,73.0
2024-01-14,6.2,11.7,0.7,0.0,1.4,7.8,1.3,985.4,977.7,70.0
2024-01-15,8.4,14.9,1.9,0.0,1.7,11.1,1.6,978.2,973.6,82.0
2024-01-16,8.8,14.2,3.5,1.2,0.8,5.0,0.6,977.7,974.0,86.0
2024-01-17,12.2,16.7,7.6,0.2,0.8,10.6,2.0,974.4,963.8,85.0
2024-01-18,13.8,18.1,9.5,1.2,4.2,16.1,7.6,975.0,968.3,53.0
2024-01-19,9.0,11.5,6.4,10.6,1.4,10.3,0.0,980.8,974.5,90.0
2024-01-20,6.2,11.9,0.6,0.0,1.1,5.8,7.6,996.8,980.8,75.0
2024-01-21,4.4,11.0,-2.1,0.0,1.7,4.4,7.7,1000.1,996.8,77.0
2024-01-22,5.7,12.7,-1.3,0.0,1.4,7.5,7.7,1000.0,996.0,73.0
2024-01-23,7.6,15.2,0.1,0.0,1.1,4.7,6.8,1002.9,999.6,79.0
2024-01-24,11.6,20.1,3.2,0.0,1.7,4.7,7.9,1002.9,999.5,73.0
2024-01-25,11.4,19.9,2.9,0.0,1.1,7.8,7.8,1000.1,995.1,71.0
2024-01-26,11.7,21.2,2.2,0.0,1.1,3.6,8.0,998.8,995.6,69.0
2024-01-27,10.8,19.5,2.1,0.0,1.1,6.9,8.0,997.9,994.1,68.0
2024-01-28,9.3,16.9,1.7,0.2,1.4,6.9,8.0,997.7,994.9,75.0
2024-01-29,9.2,12.2,6.3,0.0,0.8,3.6,0.0,998.9,996.9,82.0
2024-01-30,10.2,14.7,5.8,0.0,1.4,5.6,5.9,1000.5,997.5,71.0
2024-01-31,9.1,14.5,3.7,0.0,1.9,4.7,4.4,1001.2,998.2,78.0
2024-02-01,7.8,14.7,1.0,0.0,1.4,7.5,5.0,1000.7,996.5,74.0
2024-02-02,8.1,14.1,2.1,0.0,1.7,6.4,5.6,999.3,996.6,79.0
2024-02-03,10.0,18.8,1.1,0.0,0.8,5.3,8.3,998.9,995.3,68.0
2024-02-04,12.0,22.6,1.3,0.0,1.4,4.7,8.6,997.4,994.0,62.0
2024-02-05,11.9,22.2,1.6,0.0,1.1,6.7,8.6,996.0,990.6,57.0
2024-02-06,9.0,15.5,2.4,0.0,1.1,5.8,2.9,991.8,986.7,68.0
2024-02-07,9.2,16.8,1.6,0.0,1.4,11.7,8.3,987.3,982.2,67.0
2024-02-08,10.2,18.0,2.4,0.2,2.2,9.7,6.4,982.3,969.0,61.0
2024-02-09,12.0,14.9,9.0,5.2,0.8,7.5,1.5,969.2,953.2,81.0
2024-02-10,10.2,14.1,6.4,0.8,3.3,15.8,1.9,966.5,950.5,63.0
2024-02-11,9.4,14.7,4.1,0.0,3.6,12.8,9.0,974.7,966.5,54.0
2024-02-12,9.2,17.0,1.5,0.0,3.6,18.3,9.0,982.9,971.7,61.0
2024-02-13,11.2,18.9,3.5,0.0,1.4,6.7,9.2,990.4,982.9,62.0
2024-02-14,12.2,22.0,2.5,0.0,1.4,6.1,8.2,992.5,987.8,61.0
2024-02-15,13.8,20.0,7.6,0.0,1.1,6.1,4.1,988.2,982.7,50.0
2024-02-16,10.4,15.2,5.6,3.0,0.8,7.8,0.1,990.2,982.4,70.0
2024-02-17,12.1,17.1,7.1,0.0,1.1,9.4,7.6,998.3,990.2,70.0
2024-02-18,10.7,18.2,3.2,0.0,1.7,7.8,6.8,999.5,996.6,64.0
2024-02-19,14.0,21.3,6.7,0.0,1.4,7.5,8.0,997.3,993.4,60.0
2024-02-20,12.4,20.6,4.3,0.0,1.7,8.9,8.4,994.7,990.5,64.0
2024-02-21,10.9,18.0,3.8,0.0,1.7,6.7,5.2,993.4,985.6,66.0
2024-02-22,13.4,20.1,6.7,0.0,3.1,12.5,5.9,985.6,969.2,56.0
2024-02-23,9.6,13.8,5.5,0.0,4.7,16.7,9.1,972.6,969.2,48.0
2024-02-24,8.5,14.1,2.9,0.0,2.5,11.9,5.1,979.7,971.2,62.0
2024-02-25,7.0,12.0,2.0,0.0,1.7,8.1,1.7,979.6,966.5,73.0
2024-02-26,11.4,16.5,6.2,0.0,2.5,10.0,8.8,969.1,964.1,57.0
2024-02-27,10.8,16.7,5.0,0.0,2.5,12.2,6.1,977.0,969.1,50.0
2024-02-28,12.1,19.1,5.1,0.0,1.9,9.7,7.5,982.5,977.0,42.0
2024-02-29,9.2,17.4,1.0,10.2,3.1,9.4,9.3,982.4,974.9,53.0
2024-03-01,11.0,16.1,5.9,0.0,3.9,11.1,9.8,978.2,975.0,52.0
2024-03-02,8.6,14.9,2.4,6.2,2.5,12.2,2.5,976.1,962.9,59.0
2024-03-03,9.2,14.1,4.2,1.0,5.0,17.8,6.8,976.1,960.6,61.0
2024-03-04,7.2,14.9,-0.6,0.0,1.9,11.4,6.0,981.8,976.1,51.0
2024-03-05,8.8,16.8,0.9,0.0,1.9,12.2,10.1,987.8,981.8,55.0
2024-03-06,9.0,18.1,-0.1,0.0,1.7,9.2,10.2,989.0,984.0,57.0
2024-03-07,9.6,16.5,2.7,6.4,1.7,9.7,7.3,985.6,975.8,62.0
2024-03-08,,,,7.8,2.8,18.1,4.7,975.9,969.2,68.0
2024-03-09,5.7,8.6,2.8,45.2,1.7,5.0,0.0,970.8,959.2,97.0
2024-03-10,8.4,13.2,3.5,0.0,2.2,9.2,3.1,971.3,961.3,69.0
2024-03-11,9.2,16.6,1.8,0.0,3.9,14.2,10.5,984.0,971.3,64.0
2024-03-12,10.2,18.0,2.5,0.0,2.5,10.3,10.5,988.0,984.0,64.0
2024-03-13,11.6,20.7,2.6,0.0,1.7,7.5,10.6,987.1,981.0,63.0
2024-03-14,12.2,21.0,3.5,0.0,2.5,9.2,10.0,984.2,981.0,68.0
2024-03-15,15.9,22.4,9.4,0.0,2.5,8.3,8.0,988.7,983.3,67.0
2024-03-16,14.6,21.7,7.5,0.0,2.2,8.6,10.4,991.0,988.1,66.0
2024-03-17,16.8,24.9,8.8,0.0,2.2,8.6,9.0,989.6,984.5,62.0
2024-03-18,16.2,23.3,9.2,0.0,2.5,10.0,10.5,985.3,981.7,62.0
2024-03-19,16.4,24.1,8.6,0.0,1.9,10.8,10.1,984.3,980.4,57.0
2024-03-20,14.3,21.0,7.6,0.0,2.2,9.2,8.4,988.7,983.1,62.0
2024-03-21,15.3,23.4,7.2,0.0,2.5,10.6,10.3,990.9,988.3,64.0
2024-03-22,17.4,26.2,8.7,0.0,2.8,10.8,10.7,988.7,983.0,58.0
2024-03-23,16.4,24.0,8.8,0.0,2.8,10.6,10.7,986.3,982.4,65.0
2024-03-24,13.0,18.6,7.4,0.2,2.8,12.2,8.6,983.9,977.5,67.0
2024-03-25,11.0,12.3,9.6,8.4,1.7,5.3,0.0,977.7,960.9,88.0
2024-03-26,10.1,13.2,7.0,0.6,3.1,11.7,0.0,960.9,956.1,68.0
2024-03-27,9.0,14.8,3.1,0.0,2.8,13.9,6.1,963.2,958.8,58.0
2024-03-28,16.4,20.6,12.1,0.0,2.8,13.9,7.3,970.1,960.1,47.0
2024-03-29,16.6,22.0,11.2,0.0,2.2,10.8,7.1,968.9,962.4,57.0
2024-03-30,12.5,16.6,8.4,17.6,2.5,9.7,6.9,964.5,962.0,60.0
2024-03-31,11.8,14.8,8.9,2.8,1.4,11.1,0.6,968.9,961.6,78.0
2024-04-01,11.6,17.0,6.2,0.0,3.9,13.1,10.8,982.8,968.9,55.0
2024-04-02,11.9,19.7,4.1,0.0,2.5,8.6,8.3,986.7,981.7,54.0
2024-04-03,13.3,21.4,5.2,0.0,2.5,8.6,9.4,986.5,981.3,54.0
2024-04-04,15.3,24.7,5.9,0.0,1.9,9.2,10.5,986.5,982.9,54.0
2024-04-05,16.0,23.5,8.5,0.0,2.2,8.9,5.8,987.2,984.3,50.0
2024-04-06,16.4,26.0,6.7,0.0,2.2,10.3,9.2,987.2,983.7,50.0
2024-04-07,17.5,22.5,12.5,0.0,1.1,5.6,0.0,986.1,979.8,60.0
2024-04-08,18.8,26.0,11.7,0.0,1.9,13.6,4.1,980.8,973.1,56.0
2024-04-09,12.4,18.3,6.4,1.4,1.9,13.3,7.8,993.5,978.8,56.0
2024-04-10,12.2,20.9,3.5,0.0,2.8,9.4,11.7,993.4,988.5,49.0
2024-04-11,14.3,23.9,4.7,0.0,1.4,10.6,11.5,997.0,992.5,48.0
2024-04-12,16.9,27.6,6.2,0.0,1.9,9.7,11.3,997.6,993.5,45.0
2024-04-13,19.0,30.3,7.7,0.0,1.7,10.8,11.4,995.2,990.3,40.0
2024-04-14,18.7,29.6,7.8,0.0,1.9,10.0,11.3,992.6,986.2,39.0
2024-04-15,18.2,27.5,9.0,0.0,2.2,8.3,8.5,987.2,981.5,41.0
2024-04-16,16.8,23.8,9.8,0.0,3.1,12.5,11.4,983.5,976.7,52.0
2024-04-17,13.8,20.8,6.7,0.0,3.1,11.7,10.6,981.6,977.7,57.0
2024-04-18,14.4,21.1,7.6,0.0,3.1,13.6,10.3,987.8,978.6,49.0
2024-04-19,12.3,22.0,2.6,0.0,2.2,8.9,11.3,989.5,982.7,49.0
2024-04-20,13.7,22.3,5.1,0.0,2.8,10.8,11.5,983.7,979.9,55.0
2024-04-21,13.7,20.4,7.0,5.4,2.2,13.3,8.0,983.7,978.6,65.0
2024-04-22,11.1,16.6,5.6,0.8,1.7,11.4,5.4,982.9,978.9,70.0
2024-04-23,9.4,15.0,3.9,0.0,1.9,10.6,7.3,982.3,977.1,51.0
2024-04-24,10.2,20.3,0.2,0.0,2.2,9.7,11.6,982.2,976.9,46.0
2024-04-25,11.7,16.1,7.3,0.0,1.9,9.7,2.3,978.8,973.4,65.0
2024-04-26,13.6,20.1,7.2,0.0,2.8,10.3,7.2,974.1,971.4,64.0
2024-04-27,16.1,19.4,12.8,2.4,2.8,11.4,1.1,974.4,969.6,68.0
2024-04-28,13.4,15.3,11.4,5.0,1.1,5.0,0.0,981.8,974.4,89.0
2024-04-29,12.7,14.1,11.3,48.2,2.2,9.4,0.0,981.8,979.0,93.0
2024-04-30,14.7,18.2,11.2,1.0,1.1,5.3,0.7,980.3,974.6,84.0
2024-05-01,14.2,19.0,9.5,0.0,3.3,13.1,6.7,974.6,970.0,60.0
2024-05-02,13.2,19.5,6.8,0.0,4.2,15.3,11.7,982.9,973.6,42.0
2024-05-03,12.4,20.7,4.0,0.0,3.3,13.3,12.1,985.2,981.6,46.0
2024-05-04,16.4,25.3,7.4,0.0,2.8,9.7,11.1,983.3,979.3,51.0
2024-05-05,17.9,26.0,9.8,0.0,2.2,9.2,8.4,981.8,975.9,52.0
2024-05-06,18.2,23.0,13.3,0.0,3.3,12.5,6.0,982.5,975.6,64.0
2024-05-07,16.4,22.8,10.0,0.2,2.8,9.2,8.7,986.4,981.2,55.0
2024-05-08,16.4,25.7,7.1,0.0,2.2,9.4,11.1,987.3,983.8,48.0
2024-05-09,16.4,25.4,7.5,0.0,1.9,9.7,12.7,986.9,983.3,44.0
2024-05-10,17.4,26.1,8.7,0.0,2.2,10.6,12.7,986.1,982.6,44.0
2024-05-11,17.3,26.1,8.5,0.0,2.5,10.0,12.6,985.0,982.2,44.0
2024-05-12,18.2,26.3,10.2,0.0,2.2,8.6,6.9,984.1,980.6,45.0
2024-05-13,18.9,26.7,11.1,0.4,2.5,11.7,9.9,982.3,973.8,48.0
2024-05-14,17.6,21.7,13.4,37.2,1.7,7.8,4.1,973.8,970.2,71.0
2024-05-15,16.2,20.3,12.1,0.0,1.7,7.2,4.2,974.5,971.7,63.0
2024-05-16,14.0,18.9,9.0,6.2,1.9,9.2,7.4,976.3,973.0,67.0
2024-05-17,15.2,21.7,8.8,5.6,1.9,10.8,8.2,977.2,974.4,67.0
2024-05-18,16.2,20.7,11.8,3.4,2.5,10.3,6.0,979.3,976.4,73.0
2024-05-19,16.8,23.7,9.8,0.0,2.2,9.7,8.5,978.7,974.5,70.0
2024-05-20,18.3,23.2,13.4,0.0,2.2,9.7,10.3,977.8,974.6,52.0
2024-05-21,17.0,24.2,9.9,0.0,2.8,11.1,12.1,981.7,977.6,50.0
2024-05-22,17.2,22.0,12.5,1.6,3.1,10.8,8.2,983.3,981.1,64.0
2024-05-23,16.8,22.4,11.1,0.4,2.5,9.7,8.4,985.4,982.8,66.0
2024-05-24,17.4,22.9,11.8,21.8,2.2,9.7,4.9,985.1,982.4,65.0
2024-05-25,17.9,25.1,10.7,0.0,2.5,9.7,8.0,984.9,981.5,66.0
2024-05-26,19.2,27.1,11.2,0.0,2.8,9.4,12.5,985.1,981.5,62.0
2024-05-27,20.0,25.9,14.1,0.0,2.2,9.2,10.1,986.3,982.6,64.0
2024-05-28,21.4,27.1,15.8,0.0,2.5,10.6,13.4,986.8,983.3,54.0
2024-05-29,20.8,28.6,13.1,0.0,2.5,11.9,11.7,985.1,980.3,59.0
2024-05-30,22.3,30.3,14.3,0.0,3.3,11.7,10.0,980.7,974.3,56.0
2024-05-31,20.2,25.4,14.9,1.2,2.8,10.8,10.0,982.0,978.2,50.0
2024-06-01,18.8,24.1,13.4,6.4,2.5,9.4,8.4,985.5,980.8,62.0
2024-06-02,18.8,25.4,12.1,0.0,2.2,10.3,10.4,985.2,982.4,57.0
2024-06-03,20.4,28.0,12.8,2.4,3.3,13.6,11.6,985.1,980.0,51.0
2024-06-04,20.4,26.9,13.9,0.0,2.5,10.8,10.3,983.1,979.1,61.0
2024-06-05,21.2,29.3,13.1,0.0,3.1,12.5,12.9,984.3,981.1,58.0
2024-06-06,23.0,31.7,14.3,0.0,2.2,9.2,13.3,984.9,982.1,43.0
2024-06-07,23.5,32.8,14.2,0.0,2.5,10.0,11.9,985.5,981.7,37.0
2024-06-08,24.4,30.9,18.0,0.0,1.7,7.8,4.6,981.9,971.9,53.0
2024-06-09,22.0,27.1,16.8,3.4,1.4,10.3,3.4,977.0,971.1,71.0
2024-06-10,19.1,22.7,15.5,2.6,2.2,10.6,1.9,980.4,976.7,67.0
2024-06-11,15.9,17.2,14.6,10.8,1.4,5.0,0.0,983.4,979.4,89.0
2024-06-12,17.2,21.6,12.8,7.6,2.5,11.7,3.2,986.9,982.0,77.0
2024-06-13,18.5,25.0,12.0,0.2,2.5,9.7,11.7,987.2,982.8,61.0
2024-06-14,21.0,28.9,13.2,0.0,3.1,11.7,12.4,984.0,977.6,62.0
2024-06-15,20.1,25.9,14.3,0.0,2.5,11.9,11.5,982.5,977.8,60.0
2024-06-16,20.1,26.8,13.4,0.0,2.2,10.3,13.2,982.1,978.4,57.0
2024-06-17,22.5,30.4,14.6,0.0,3.1,11.4,10.2,981.5,978.2,64.0
2024-06-18,23.6,31.7,15.6,0.0,2.8,10.0,13.8,981.3,976.5,50.0
2024-06-19,23.0,29.5,16.4,3.0,2.8,13.3,9.2,982.6,977.2,64.0
2024-06-20,21.4,25.8,17.1,0.0,2.2,10.6,3.3,983.7,979.6,73.0
2024-06-21,22.2,29.1,15.3,0.0,2.8,10.0,13.1,986.9,983.1,53.0
2024-06-22,22.2,29.4,14.9,0.0,3.1,11.4,6.2,986.7,981.9,58.0
2024-06-23,22.0,27.3,16.6,0.0,2.8,12.2,10.8,983.7,979.7,57.0
2024-06-24,23.2,29.1,17.2,0.0,1.9,8.1,9.2,982.6,978.2,55.0
2024-06-25,24.4,30.7,18.0,0.0,3.3,11.7,13.7,980.0,976.4,50.0
2024-06-26,24.0,32.1,15.9,0.0,2.2,11.1,12.0,980.3,976.8,47.0
2024-06-27,25.0,32.6,17.3,0.0,2.8,11.9,11.9,982.0,979.0,46.0
2024-06-28,25.8,33.9,17.8,0.0,1.9,9.7,12.6,982.1,978.9,38.0
2024-06-29,22.0,28.7,15.3,10.8,1.7,18.9,7.3,980.1,976.1,57.0
2024-06-30,23.6,29.6,17.5,2.0,2.8,10.0,9.7,983.8,979.3,64.0
2024-07-01,20.7,24.6,16.8,0.0,1.4,6.7,2.9,984.8,981.5,75.0
2024-07-02,22.8,29.6,16.1,0.0,2.8,10.6,13.1,984.6,980.1,52.0
2024-07-03,23.1,29.2,17.0,0.0,2.2,10.8,9.8,981.7,977.9,53.0
2024-07-04,22.7,29.3,16.1,0.0,2.5,10.3,12.6,983.2,980.2,59.0
2024-07-05,24.6,31.5,17.6,0.2,3.1,10.8,12.0,983.0,977.3,55.0
2024-07-06,23.6,29.2,17.9,25.2,2.8,7.8,4.1,980.0,975.4,66.0
2024-07-07,22.6,28.7,16.6,0.0,2.5,8.3,8.5,982.9,978.9,61.0
2024-07-08,24.0,31.1,16.9,0.0,2.8,10.8,13.2,983.5,980.1,61.0
2024-07-09,25.2,32.8,17.6,0.0,1.9,10.0,12.4,983.2,980.2,53.0
2024-07-10,26.2,34.4,18.0,0.0,2.8,10.0,13.4,984.2,981.0,54.0
2024-07-11,27.4,34.4,20.5,0.0,2.2,10.0,13.6,984.5,979.7,49.0
2024-07-12,25.2,31.0,19.5,0.0,2.8,10.8,9.3,981.2,978.4,58.0
2024-07-13,24.1,28.2,20.0,0.0,2.8,9.7,5.7,981.5,978.1,56.0
2024-07-14,25.0,33.0,17.0,0.0,2.8,10.8,11.4,980.2,976.6,62.0
2024-07-15,27.0,34.5,19.4,0.0,2.8,10.0,12.6,980.7,976.7,60.0
2024-07-16,26.6,32.1,21.0,0.0,3.3,11.1,8.5,984.5,980.4,62.0
2024-07-17,25.9,33.8,18.0,0.0,2.2,10.6,12.8,986.0,982.7,52.0
2024-07-18,26.8,35.3,18.4,0.0,2.8,11.7,12.7,985.5,983.2,49.0
2024-07-19,29.6,37.6,21.7,0.0,2.8,13.3,11.4,985.1,980.6,42.0
2024-07-20,27.8,35.9,19.6,0.0,2.8,11.7,11.6,981.7,972.6,49.0
2024-07-21,26.4,31.9,20.9,0.0,3.1,10.8,10.5,983.8,972.8,38.0
2024-07-22,25.7,34.3,17.1,0.0,2.5,9.2,13.1,986.3,982.6,36.0
2024-07-23,26.4,35.9,16.9,0.0,2.2,10.3,13.1,987.3,983.4,42.0
2024-07-24,27.8,35.8,19.7,0.0,2.8,11.7,12.8,985.8,980.3,45.0
2024-07-25,26.6,34.5,18.8,0.0,3.1,11.1,12.9,981.9,976.7,50.0
2024-07-26,27.1,34.9,19.3,0.0,2.2,10.3,12.7,980.7,977.5,46.0
2024-07-27,27.0,35.5,18.6,0.0,2.5,10.6,12.6,984.0,980.0,44.0
2024-07-28,27.2,35.5,18.8,0.0,2.5,10.0,12.5,985.8,983.9,38.0
2024-07-29,28.4,38.5,18.2,0.0,2.8,10.0,12.6,986.1,981.7,33.0
2024-07-30,30.5,41.4,19.6,0.0,3.1,10.6,10.2,984.6,980.0,27.0
2024-07-31,29.6,40.2,19.1,0.0,2.2,9.7,12.6,982.5,977.5,24.0
2024-08-01,29.4,38.2,20.6,0.0,2.5,10.8,12.6,981.0,976.7,37.0
2024-08-02,27.7,37.0,18.4,44.0,2.5,13.9,9.2,980.9,974.3,64.0
2024-08-03,25.4,33.8,16.9,0.0,2.2,9.7,12.6,981.7,978.1,55.0
2024-08-04,26.8,34.1,19.6,0.0,1.9,10.6,12.5,982.6,978.8,56.0
2024-08-05,26.8,34.1,19.5,0.0,2.5,11.4,12.4,981.0,977.3,59.0
2024-08-06,27.2,34.7,19.7,0.0,2.2,9.4,11.7,979.6,976.4,55.0
2024-08-07,26.7,33.1,20.3,0.0,2.5,10.0,10.9,981.9,978.4,53.0
2024-08-08,27.2,35.0,19.5,0.0,3.1,10.8,11.6,984.1,980.8,57.0
2024-08-09,27.6,35.2,19.9,0.0,2.5,11.7,11.6,986.0,983.6,52.0
2024-08-10,27.9,35.5,20.3,0.0,2.8,10.3,11.7,986.3,983.6,51.0
2024-08-11,27.8,34.7,20.9,0.0,2.8,10.0,11.7,984.5,980.1,56.0
2024-08-12,27.8,34.8,20.8,0.0,2.8,10.8,10.7,981.1,977.6,62.0
2024-08-13,26.8,33.1,20.6,0.0,1.7,11.1,6.3,979.1,975.6,58.0
2024-08-14,23.8,29.0,18.5,5.2,1.4,12.8,4.0,982.9,977.3,67.0
2024-08-15,23.5,29.0,18.0,1.2,1.4,10.3,3.9,984.2,982.2,64.0
2024-08-16,24.2,30.6,17.9,0.2,2.2,10.0,5.7,984.1,981.2,59.0
2024-08-17,26.1,33.1,19.1,0.4,2.2,8.9,10.8,983.3,978.0,54.0
2024-08-18,25.8,31.5,20.0,0.0,2.2,12.8,7.4,981.1,977.7,70.0
2024-08-19,24.9,32.1,17.7,0.0,2.2,9.2,11.0,981.1,977.5,51.0
2024-08-20,25.9,34.0,17.8,0.0,1.7,9.7,10.8,983.3,978.2,50.0
2024-08-21,25.6,33.6,17.7,0.0,2.2,8.9,10.4,985.0,980.8,60.0
2024-08-22,26.6,33.6,19.6,0.0,2.2,11.1,10.8,982.9,978.2,65.0
2024-08-23,27.6,35.1,20.2,0.0,2.2,11.9,8.6,982.6,980.1,61.0
2024-08-24,27.0,34.5,19.6,0.0,2.8,10.0,10.9,983.6,979.3,57.0
2024-08-25,25.4,30.2,20.5,1.0,2.8,10.0,5.1,985.3,982.8,62.0
2024-08-26,25.8,33.2,18.3,0.0,2.2,10.8,9.4,985.0,980.8,61.0
2024-08-27,27.0,32.7,21.3,0.0,2.2,10.3,10.9,983.4,979.3,61.0
2024-08-28,26.1,32.3,19.9,0.0,2.8,11.7,11.0,983.7,981.1,63.0
2024-08-29,26.7,33.7,19.7,0.0,1.9,10.3,10.4,985.2,981.5,57.0
2024-08-30,24.8,32.6,17.1,0.0,2.2,9.2,9.6,984.8,981.1,54.0
2024-08-31,25.6,32.3,19.0,1.2,2.5,8.6,6.1,984.2,981.0,53.0
2024-09-01,24.1,30.0,18.2,4.0,1.9,8.6,6.3,982.9,979.0,67.0
2024-09-02,24.6,33.0,16.3,0.0,1.9,10.0,8.6,981.7,977.9,56.0
2024-09-03,19.7,22.0,17.4,19.0,1.9,8.6,1.1,984.5,979.2,82.0
2024-09-04,18.9,22.1,15.7,25.8,1.1,9.7,0.1,982.6,977.7,88.0
2024-09-05,19.2,24.5,14.0,0.2,1.4,7.5,8.6,979.0,976.1,58.0
2024-09-06,21.8,26.7,16.9,2.2,1.4,10.0,3.3,977.0,973.9,77.0
2024-09-07,24.2,29.9,18.6,3.2,1.4,7.8,7.6,978.8,974.4,58.0
2024-09-08,22.0,27.8,16.2,1.0,2.2,10.6,7.1,979.7,974.9,65.0
2024-09-09,21.1,28.1,14.1,0.0,2.2,8.6,10.8,983.5,979.7,52.0
2024-09-10,20.6,27.7,13.5,0.0,1.9,7.5,10.7,984.2,980.6,61.0
2024-09-11,19.6,25.8,13.3,0.0,1.1,9.2,9.3,983.2,979.6,55.0
2024-09-12,18.8,24.2,13.3,0.0,3.1,11.4,1.6,982.3,976.9,66.0
2024-09-13,16.9,24.1,9.7,0.0,1.9,8.3,10.8,990.3,982.3,51.0
2024-09-14,16.0,25.2,6.9,0.0,1.4,6.9,10.8,990.5,985.8,46.0
2024-09-15,17.4,27.5,7.4,0.0,1.4,6.4,10.8,986.8,981.9,42.0
2024-09-16,18.4,28.1,8.8,0.0,1.4,6.4,9.5,984.0,979.3,47.0
2024-09-17,18.2,25.7,10.7,4.6,1.9,9.4,6.4,983.2,978.3,57.0
2024-09-18,17.9,21.9,13.9,0.0,1.9,8.3,4.0,983.6,981.7,71.0
2024-09-19,19.0,24.4,13.6,0.0,2.2,10.3,7.6,983.4,980.4,70.0
2024-09-20,16.8,19.5,14.0,4.2,0.6,3.3,0.2,984.8,982.6,85.0
2024-09-21,18.6,21.2,15.9,5.8,0.8,4.7,0.8,984.4,982.0,88.0
2024-09-22,19.2,23.0,15.3,0.4,1.1,3.9,1.9,982.5,979.0,83.0
2024-09-23,19.4,25.0,13.7,0.0,1.9,9.7,8.2,981.2,978.6,60.0
2024-09-24,19.6,26.2,13.0,0.0,1.9,8.9,8.5,980.9,976.7,55.0
2024-09-25,19.4,26.9,11.8,0.0,1.7,11.7,8.5,981.3,977.0,59.0
2024-09-26,23.1,30.7,15.5,0.0,2.8,13.1,9.2,977.1,972.9,56.0
2024-09-27,19.2,24.6,13.7,0.0,2.5,13.9,10.0,984.0,976.4,43.0
2024-09-28,15.6,23.3,8.0,0.0,2.2,7.8,10.2,991.1,984.0,54.0
2024-09-29,17.1,25.7,8.5,0.0,2.5,10.3,10.3,991.0,986.3,57.0
2024-09-30,19.2,28.2,10.1,0.0,2.2,7.8,10.1,988.3,984.1,67.0
2024-10-01,22.0,28.0,15.9,0.0,2.2,8.3,5.9,985.6,977.6,69.0
2024-10-02,19.9,24.6,15.2,20.6,1.9,8.3,0.7,978.4,971.1,78.0
2024-10-03,17.7,22.3,13.1,0.0,1.9,9.4,9.9,978.5,971.1,64.0
2024-10-04,15.0,22.0,8.1,0.0,2.2,6.7,9.8,981.1,978.0,62.0
2024-10-05,15.7,23.1,8.3,0.0,1.1,6.7,9.3,981.4,977.2,63.0
2024-10-06,19.5,26.8,12.2,0.0,1.9,9.7,5.6,977.8,975.2,61.0
2024-10-07,19.7,24.8,14.6,6.6,1.4,20.6,2.4,976.1,971.6,75.0
2024-10-08,17.9,22.4,13.4,0.0,3.3,13.1,7.9,976.5,970.0,63.0
2024-10-09,19.6,26.0,13.2,0.2,2.8,11.7,7.6,975.6,965.4,62.0
2024-10-10,17.5,22.9,12.1,0.0,2.5,11.7,9.0,980.5,968.1,60.0
2024-10-11,15.4,22.6,8.2,0.0,1.4,8.6,7.1,983.4,980.3,69.0
2024-10-12,15.8,20.8,10.8,0.2,1.1,3.6,1.3,983.9,979.8,80.0
2024-10-13,18.7,25.7,11.7,0.0,1.9,8.3,7.7,986.0,983.4,76.0
2024-10-14,20.1,24.8,15.4,0.0,1.4,6.4,2.6,985.4,982.4,79.0
2024-10-15,19.2,23.2,15.1,0.0,1.4,8.1,1.8,983.4,977.2,84.0
2024-10-16,19.8,24.5,15.2,0.0,1.9,8.1,2.5,979.6,976.2,76.0
2024-10-17,15.6,18.5,12.8,39.6,1.1,10.6,1.6,980.6,975.1,83.0
2024-10-18,13.2,16.8,9.7,0.2,1.1,8.1,1.0,985.3,980.5,72.0
2024-10-19,14.2,21.4,7.1,0.0,1.1,5.0,8.8,987.1,983.4,68.0
2024-10-20,16.0,24.0,8.0,0.0,1.7,5.0,9.0,991.7,986.5,65.0
2024-10-21,17.0,24.3,9.8,0.0,1.4,6.4,8.0,992.5,989.5,72.0
2024-10-22,17.4,22.8,11.9,0.0,1.7,6.9,7.1,994.6,991.6,77.0
2024-10-23,18.1,23.4,12.8,0.0,1.7,7.5,6.2,994.9,991.1,75.0
2024-10-24,16.6,22.0,11.2,0.2,1.4,8.3,6.1,991.9,987.3,78.0
2024-10-25,15.6,19.6,11.7,42.2,0.8,13.6,0.7,987.3,982.3,86.0
2024-10-26,12.6,15.2,9.9,13.4,1.4,7.8,0.0,983.2,977.3,90.0
2024-10-27,13.6,17.4,9.8,0.8,1.1,3.9,2.5,988.6,981.4,84.0
2024-10-28,16.0,20.4,11.5,0.6,0.8,5.8,0.4,990.0,986.9,85.0
2024-10-29,17.7,22.7,12.7,0.0,1.7,8.1,4.7,990.5,987.1,77.0
2024-10-30,17.2,20.0,14.5,35.2,1.1,6.1,0.5,988.0,985.0,88.0
2024-10-31,18.0,23.1,12.9,0.2,1.4,6.7,5.0,989.2,987.5,78.0
2024-11-01,14.8,19.2,10.4,0.2,0.6,3.6,2.1,989.7,987.2,85.0
2024-11-02,15.0,19.5,10.5,0.2,0.6,6.9,1.5,990.2,985.5,81.0
2024-11-03,14.2,19.4,9.1,24.0,0.6,4.2,3.2,991.9,989.2,87.0
2024-11-04,16.5,19.0,14.0,16.4,1.4,6.1,3.5,991.2,988.8,88.0
2024-11-05,17.8,22.5,13.2,0.0,1.1,5.8,5.2,990.4,987.7,86.0
2024-11-06,17.2,21.6,12.9,26.4,1.1,8.6,4.5,992.8,990.0,83.0
2024-11-07,15.4,19.0,11.7,0.2,0.8,3.6,2.1,991.9,989.2,83.0
2024-11-08,14.2,19.7,8.7,0.0,1.1,4.2,6.9,989.9,986.8,81.0
2024-11-09,14.4,18.4,10.5,0.2,1.1,5.6,4.2,989.8,987.4,84.0
2024-11-10,12.8,16.8,8.7,0.0,1.1,6.4,5.0,990.4,988.1,84.0
2024-11-11,13.2,19.2,7.1,0.0,1.1,6.9,6.6,991.4,988.1,80.0
2024-11-12,9.6,12.4,6.9,0.8,1.7,7.8,0.3,988.9,981.7,80.0
2024-11-13,11.2,15.2,7.3,0.2,1.9,9.4,0.8,987.9,983.6,83.0
2024-11-14,11.8,18.4,5.3,0.0,1.4,6.1,7.9,989.0,985.5,79.0
2024-11-15,13.3,16.4,10.2,0.0,1.9,5.3,2.5,989.8,987.5,78.0
2024-11-16,12.6,18.0,7.1,0.2,1.4,4.4,3.6,989.1,985.4,81.0
2024-11-17,12.1,17.0,7.2,0.0,0.8,6.4,5.2,986.4,983.3,87.0
2024-11-18,9.4,12.4,6.3,0.0,0.8,3.6,0.6,986.1,983.2,91.0
2024-11-19,13.2,18.5,8.0,0.0,1.1,5.8,6.9,983.5,979.3,80.0
2024-11-20,13.0,17.6,8.5,0.0,4.4,14.2,6.6,979.5,975.9,67.0
2024-11-21,11.0,16.1,5.9,0.0,2.8,14.4,2.8,979.4,969.6,71.0
2024-11-22,10.6,15.0,6.3,0.0,2.2,15.3,7.7,990.4,969.4,57.0
2024-11-23,11.1,17.2,5.0,1.4,1.4,5.6,5.9,992.2,989.6,73.0
2024-11-24,12.8,16.3,9.4,1.8,0.8,3.6,2.8,993.3,989.3,94.0
2024-11-25,13.2,17.3,9.1,0.0,1.1,6.7,1.0,989.3,982.0,88.0
2024-11-26,11.2,15.9,6.5,0.0,0.6,6.1,7.2,990.2,985.6,76.0
2024-11-27,9.6,15.3,3.8,0.0,0.6,4.7,7.6,992.5,988.8,79.0
2024-11-28,8.8,16.4,1.3,0.2,1.1,2.8,7.6,993.1,989.7,75.0
2024-11-29,9.6,17.6,1.6,0.0,0.8,3.3,7.5,992.8,988.8,74.0
2024-11-30,9.3,16.5,2.1,0.0,0.6,3.3,7.5,994.9,991.4,82.0
2024-12-01,9.2,13.1,5.4,0.0,1.4,4.7,1.7,992.5,989.5,87.0
2024-12-02,10.3,15.4,5.2,0.0,1.1,9.7,3.1,990.1,985.8,83.0
2024-12-03,8.6,12.3,5.0,0.2,1.1,6.1,2.8,987.4,984.2,81.0
2024-12-04,7.8,11.9,3.6,0.0,1.4,7.8,5.1,992.6,983.3,83.0
2024-12-05,7.2,12.4,2.1,0.0,1.4,5.3,7.2,992.8,990.8,74.0
2024-12-06,10.8,16.5,5.1,0.0,2.2,8.9,3.5,991.0,987.6,82.0
2024-12-07,11.5,17.1,5.9,0.2,4.4,19.4,2.6,988.6,976.6,70.0
2024-12-08,7.6,10.6,4.6,0.0,3.3,16.1,4.6,979.2,975.1,61.0
2024-12-09,4.8,9.2,0.5,0.0,1.7,8.6,4.6,980.5,976.5,75.0
2024-12-10,5.4,10.2,0.5,3.2,1.1,5.3,4.9,984.9,980.3,76.0
2024-12-11,5.8,7.2,4.5,1.0,0.8,3.9,0.0,987.5,984.6,92.0
2024-12-12,7.0,9.9,4.0,24.6,0.6,5.3,0.0,987.9,985.7,91.0
2024-12-13,8.2,12.5,3.8,0.0,0.6,4.2,3.2,991.0,986.1,83.0
2024-12-14,5.7,10.0,1.4,0.0,1.7,7.5,3.6,994.7,990.2,85.0
2024-12-15,4.6,8.7,0.4,0.0,1.7,4.7,6.3,1002.9,994.4,85.0
2024-12-16,5.2,11.9,-1.5,0.0,0.8,3.6,7.2,1005.5,1000.8,84.0
2024-12-17,4.2,11.1,-2.6,0.0,0.6,3.3,7.1,1001.4,995.3,84.0
2024-12-18,7.6,14.9,0.2,0.0,1.4,4.4,6.9,995.7,988.6,73.0
2024-12-19,9.8,16.1,3.4,0.0,2.8,13.6,6.5,988.6,979.5,65.0
2024-12-20,6.2,11.7,0.7,0.0,2.2,9.7,7.2,993.2,985.6,64.0
2024-12-21,4.6,10.9,-1.7,0.0,1.9,9.7,6.5,995.4,992.6,77.0
2024-12-22,7.5,13.8,1.2,0.0,4.2,14.4,5.8,992.9,980.5,78.0
2024-12-23,8.0,15.1,0.8,0.0,1.7,5.8,7.2,989.5,981.7,43.0
2024-12-24,5.0,10.4,-0.3,0.0,2.2,6.4,2.8,991.6,988.4,78.0
2024-12-25,7.0,12.2,1.7,0.0,1.1,6.1,2.1,996.2,991.1,89.0
2024-12-26,11.2,14.8,7.6,0.0,1.1,6.4,5.0,996.5,993.3,87.0
2024-12-27,7.8,14.5,1.0,0.0,0.8,4.2,6.0,998.6,995.1,76.0
2024-12-28,5.8,13.4,-1.9,0.0,0.6,2.8,7.2,996.7,993.2,73.0
2024-12-29,5.8,14.1,-2.4,0.0,0.8,2.2,7.3,996.0,993.0,74.0
2024-12-30,5.1,12.8,-2.6,0.0,0.6,2.5,7.3,996.6,993.6,73.0
2024-12-31,4.4,11.5,-2.8,0.0,0.8,2.8,6.7,998.2,995.1,75.0
2025-01-01,4.9,9.9,-0.1,0.0,0.6,3.1,3.3,997.9,994.0,85.0
2025-01-02,3.6,9.3,-2.1,0.0,2.5,8.3,6.9,994.0,989.1,79.0
2025-01-03,3.8,7.7,0.0,0.0,1.4,5.6,1.1,989.7,985.1,80.0
2025-01-04,7.8,12.2,3.5,0.0,1.4,6.1,4.0,987.7,983.8,83.0
2025-01-05,8.6,14.9,2.4,0.4,1.4,5.0,6.3,983.8,973.6,78.0
2025-01-06,9.3,15.8,2.8,0.0,1.1,8.1,4.5,976.3,969.6,75.0
2025-01-07,6.6,11.5,1.6,0.0,3.1,10.0,7.0,983.8,976.3,67.0
2025-01-08,9.0,15.8,2.2,0.0,1.9,12.8,5.7,983.6,978.6,70.0
2025-01-09,11.8,17.4,6.2,0.0,2.2,11.7,7.6,986.3,979.1,60.0
2025-01-10,9.6,16.8,2.4,0.0,1.1,10.6,7.6,988.4,985.0,72.0
2025-01-11,12.2,18.8,5.5,0.0,1.9,12.2,5.7,986.9,982.2,56.0
2025-01-12,7.2,15.6,-1.2,0.0,1.9,8.6,7.6,993.0,986.9,45.0
2025-01-13,2.6,9.1,-4.0,0.0,1.1,3.9,7.6,995.8,992.4,58.0
2025-01-14,2.2,10.2,-5.8,0.0,1.1,6.1,7.1,997.5,993.0,60.0
2025-01-15,2.3,10.3,-5.7,0.0,1.1,7.2,7.0,995.3,987.7,64.0
2025-01-16,3.6,11.5,-4.2,0.0,1.7,12.2,6.0,994.9,989.7,68.0
2025-01-17,6.3,12.9,-0.3,0.0,2.2,10.8,6.9,996.0,992.9,55.0
2025-01-18,4.0,11.4,-3.3,0.0,1.1,5.8,7.8,992.9,987.7,64.0
2025-01-19,6.4,12.1,0.8,0.0,0.8,3.1,4.0,988.1,983.9,63.0
2025-01-20,5.2,10.6,-0.3,0.0,0.8,4.7,2.0,985.6,981.1,72.0
2025-01-21,3.7,8.8,-1.4,0.0,1.1,3.3,0.0,982.6,978.0,76.0
2025-01-22,9.4,16.0,2.8,0.0,0.8,4.2,3.6,978.0,973.9,74.0
2025-01-23,11.0,17.8,4.1,0.0,0.6,6.4,5.0,985.3,976.7,75.0
2025-01-24,10.9,19.3,2.5,0.0,1.1,8.3,5.9,986.0,981.9,74.0
2025-01-25,8.4,15.3,1.6,0.0,1.1,9.4,3.9,983.8,977.9,76.0
2025-01-26,9.6,15.8,3.5,0.0,1.4,5.8,5.5,985.9,978.1,74.0
2025-01-27,11.6,17.5,5.7,0.4,1.4,19.2,0.5,978.1,969.8,79.0
2025-01-28,10.0,12.9,7.1,0.0,5.3,17.8,7.2,984.4,972.6,50.0
2025-01-29,6.4,12.1,0.6,0.3,1.9,9.7,,985.8,976.3,67.0
2025-01-30,6.7,12.2,1.2,0.0,2.5,12.5,8.2,988.7,975.5,72.0
2025-01-31,5.6,10.6,0.7,0.0,1.4,8.1,4.3,993.2,988.7,75.0
2025-02-01,5.0,9.7,0.2,0.0,0.8,6.4,2.0,991.1,985.5,81.0
2025-02-02,7.2,13.1,1.3,0.0,1.9,7.8,7.7,987.8,983.2,73.0
2025-02-03,5.4,12.3,-1.6,0.0,1.9,8.1,8.7,992.3,987.7,70.0
2025-02-04,6.6,15.5,-2.3,0.0,1.4,6.9,8.7,996.5,991.3,69.0
2025-02-05,7.2,16.3,-1.9,0.0,1.7,5.3,8.8,998.9,995.6,68.0
2025-02-06,7.0,15.6,-1.6,0.0,1.4,6.4,8.8,997.9,990.2,72.0
2025-02-07,6.2,10.5,2.0,17.6,1.4,6.4,1.1,990.2,982.7,81.0
2025-02-08,5.2,9.6,0.9,0.0,0.8,8.3,4.3,990.5,980.5,81.0
2025-02-09,5.0,11.7,-1.8,0.0,0.8,3.3,6.3,992.8,989.8,75.0
2025-02-10,9.2,15.0,3.3,0.0,1.4,5.0,3.2,991.3,986.8,77.0
2025-02-11,9.5,14.3,4.7,0.0,1.1,5.0,2.0,987.4,983.0,79.0
2025-02-12,6.1,9.0,3.2,5.4,0.8,2.8,0.0,983.8,980.3,92.0
2025-02-13,8.6,11.6,5.7,0.0,2.2,5.8,3.2,986.5,983.2,86.0
2025-02-14,10.2,16.8,3.5,0.0,1.9,5.8,8.1,984.5,980.3,78.0
2025-02-15,9.4,11.2,7.6,0.0,1.9,7.2,0.2,982.8,979.9,81.0
2025-02-16,10.6,15.4,5.8,0.0,1.1,3.9,3.9,981.3,978.5,79.0
2025-02-17,11.2,19.1,3.2,0.0,1.9,8.9,9.1,983.5,980.5,71.0
2025-02-18,8.6,14.3,3.0,0.0,0.8,2.8,1.4,983.9,980.8,80.0
2025-02-19,11.2,17.3,5.1,0.0,1.7,6.9,7.2,990.6,983.6,81.0
2025-02-20,12.4,14.9,9.9,0.0,1.4,6.7,1.0,993.4,990.3,81.0
2025-02-21,11.0,11.8,10.2,0.4,1.4,5.3,0.0,993.4,987.3,92.0
2025-02-22,11.2,12.1,10.3,9.8,0.3,4.2,0.0,990.5,985.8,95.0
2025-02-23,11.8,17.1,6.5,0.0,1.4,5.6,6.1,996.1,990.3,77.0
2025-02-24,10.1,16.1,4.1,0.0,1.1,5.3,1.6,995.7,988.9,76.0
2025-02-25,9.2,14.3,4.0,0.8,1.7,5.8,0.1,989.0,984.3,79.0
2025-02-26,8.4,15.4,1.4,0.0,1.9,8.1,9.6,990.1,986.6,66.0
2025-02-27,8.2,16.0,0.5,0.0,0.8,6.1,7.0,988.1,983.5,70.0
2025-02-28,9.6,16.3,2.9,0.0,1.9,8.6,9.6,986.6,982.3,72.0
2025-03-01,9.6,14.5,4.7,3.0,0.8,9.2,3.9,986.5,981.7,74.0
2025-03-02,10.1,14.1,6.1,0.0,2.2,10.6,0.9,989.8,986.5,65.0
2025-03-03,11.0,14.5,7.4,0.2,1.4,6.9,0.5,989.4,987.1,76.0
2025-03-04,12.3,18.1,6.5,0.0,1.7,7.2,7.8,988.3,985.4,67.0
2025-03-05,10.5,17.8,3.2,0.0,1.9,8.6,9.3,989.0,986.2,65.0
2025-03-06,11.6,15.7,7.4,1.6,2.2,9.4,1.1,987.8,983.8,74.0
2025-03-07,11.8,14.6,9.1,12.0,1.1,3.9,0.0,984.4,978.0,86.0
2025-03-08,12.8,14.8,10.8,25.8,1.1,8.6,0.1,978.0,969.4,90.0
2025-03-09,11.7,15.9,7.5,5.6,1.9,7.8,3.6,969.5,963.0,77.0
2025-03-10,10.0,15.5,4.4,1.8,1.1,6.7,2.3,971.1,967.4,82.0
2025-03-11,10.3,15.2,5.4,3.8,0.6,7.5,2.7,970.7,965.5,84.0
2025-03-12,9.7,14.0,5.4,0.0,1.1,7.5,1.4,967.7,964.7,81.0
2025-03-13,8.5,13.2,3.8,13.8,1.1,6.7,2.4,966.3,962.1,84.0
2025-03-14,7.2,8.9,5.5,11.6,1.4,4.7,0.0,970.7,963.7,86.0
2025-03-15,8.0,12.3,3.8,0.0,2.2,10.0,8.2,980.2,970.7,61.0
2025-03-16,6.1,12.1,0.1,2.4,1.4,7.2,4.5,983.0,980.1,75.0
2025-03-17,9.4,14.4,4.4,0.0,1.9,9.4,7.9,984.4,981.5,71.0
2025-03-18,8.6,15.1,2.0,9.2,1.9,9.2,3.0,988.2,983.3,70.0
2025-03-19,10.9,13.3,8.5,11.2,1.4,5.0,0.0,990.1,987.8,95.0
2025-03-20,13.2,15.9,10.5,0.0,2.8,9.2,0.0,990.2,984.1,84.0
2025-03-21,12.2,15.3,9.0,18.0,1.4,18.9,0.4,984.1,973.7,92.0
2025-03-22,11.1,15.6,6.6,1.4,2.5,11.9,4.2,975.5,969.0,68.0
2025-03-23,7.8,10.4,5.2,6.0,2.2,8.6,1.0,976.2,971.2,89.0
2025-03-24,9.2,14.0,4.5,0.6,2.2,9.4,6.4,983.8,976.0,76.0
2025-03-25,11.0,15.6,6.3,0.0,1.1,6.9,4.6,986.0,983.6,76.0
2025-03-26,12.2,18.8,5.6,0.0,1.9,8.6,9.9,985.5,981.1,67.0
2025-03-27,11.6,18.0,5.2,1.4,1.9,5.6,7.5,983.1,978.3,65.0
2025-03-28,13.0,18.4,7.7,0.0,1.4,9.2,9.1,980.9,976.8,58.0
2025-03-29,11.1,17.3,4.9,0.0,2.5,15.3,11.4,982.9,977.2,44.0
2025-03-30,10.9,18.7,3.1,0.0,2.8,9.7,11.4,985.6,982.5,51.0
2025-03-31,14.8,25.2,4.4,0.0,2.2,8.9,11.3,985.0,979.4,56.0
2025-04-01,12.6,20.6,4.6,2.4,2.5,13.1,11.2,980.9,972.4,59.0
2025-04-02,10.0,11.6,8.4,17.8,1.4,7.5,0.0,981.9,973.9,92.0
2025-04-03,12.6,18.8,6.5,0.0,1.4,8.3,7.5,984.2,981.5,62.0
2025-04-04,16.0,20.5,11.5,0.0,2.2,13.3,6.5,982.8,976.7,55.0
2025-04-05,15.2,20.3,10.1,0.0,1.9,8.1,5.3,978.7,976.4,67.0
2025-04-06,15.4,23.1,7.6,0.0,2.5,10.0,11.0,979.7,975.5,62.0
2025-04-07,15.7,23.6,7.8,0.0,2.2,11.4,10.1,987.4,979.7,64.0
2025-04-08,15.2,22.7,7.6,0.0,2.5,9.2,11.4,989.2,985.8,62.0
2025-04-09,14.6,22.0,7.3,0.0,2.2,10.3,10.9,987.5,981.7,71.0
2025-04-10,15.6,20.5,10.8,0.0,2.8,8.9,10.0,988.5,985.0,71.0
2025-04-11,15.2,20.7,9.6,0.0,2.2,7.5,4.5,988.4,980.5,64.0
2025-04-12,14.4,21.1,7.6,0.0,1.9,8.6,5.2,980.7,974.0,64.0
2025-04-13,15.7,20.4,11.0,0.8,2.2,6.9,1.9,977.4,973.9,76.0
2025-04-14,16.5,20.1,12.9,0.0,1.1,8.9,2.0,976.6,969.4,79.0
2025-04-15,13.2,19.3,7.2,2.0,1.7,9.2,4.9,972.3,966.9,73.0
2025-04-16,11.8,17.5,6.0,0.0,2.8,11.4,6.3,976.7,972.2,62.0
2025-04-17,11.2,19.1,3.3,0.0,3.1,10.8,11.6,982.0,975.8,50.0
2025-04-18,13.3,22.0,4.6,0.0,2.8,9.7,10.7,982.2,974.7,60.0
2025-04-19,12.8,19.0,6.5,4.6,2.5,20.0,2.9,974.7,967.8,67.0
2025-04-20,11.0,19.1,2.8,0.0,1.9,6.7,7.3,978.2,973.9,56.0
2025-04-21,12.8,20.9,4.7,0.0,1.7,7.5,9.7,983.8,978.2,63.0
2025-04-22,15.4,21.4,9.4,0.2,2.2,9.7,5.1,986.6,982.4,68.0
2025-04-23,14.1,20.9,7.3,0.0,1.9,8.6,9.8,987.8,983.8,61.0
2025-04-24,15.0,22.9,7.2,0.0,2.2,9.4,11.8,985.8,981.9,65.0
2025-04-25,18.0,23.0,12.9,0.2,2.2,8.6,6.8,984.0,977.9,67.0
2025-04-26,14.0,17.8,10.3,23.6,1.1,6.1,0.5,984.5,978.1,89.0
2025-04-27,15.0,21.4,8.5,1.8,1.1,8.9,5.0,989.4,983.8,81.0
2025-04-28,15.2,22.6,7.8,0.0,1.9,9.7,9.1,989.2,986.4,72.0
2025-04-29,16.2,22.5,9.9,0.6,2.8,9.7,9.0,988.5,984.5,66.0
2025-04-30,15.2,23.0,7.3,0.0,1.9,9.4,11.7,986.8,984.2,58.0
2025-05-01,16.7,23.9,9.5,0.0,2.2,8.3,7.0,986.2,983.4,54.0
2025-05-02,15.6,22.1,9.2,5.2,1.9,7.5,4.5,986.9,981.8,68.0
2025-05-03,19.6,27.5,11.7,3.4,1.7,10.0,7.9,982.4,977.0,65.0
2025-05-04,17.8,23.7,11.8,4.2,2.5,10.8,5.6,977.9,971.6,69.0
2025-05-05,15.4,21.2,9.5,12.4,1.4,8.9,2.2,977.1,972.0,84.0
2025-05-06,12.7,17.4,8.0,3.2,1.9,8.9,4.8,982.0,976.7,73.0
2025-05-07,13.5,21.1,5.9,0.0,2.2,8.1,11.4,982.2,978.0,63.0
2025-05-08,13.4,20.0,6.7,6.6,1.4,7.5,5.0,980.2,977.0,71.0
2025-05-09,16.0,20.2,11.9,0.8,2.2,9.2,5.0,981.4,977.0,77.0
2025-05-10,16.8,21.9,11.7,9.6,2.5,10.3,6.6,981.7,978.0,70.0
2025-05-11,15.2,20.3,10.0,2.0,1.1,11.1,5.5,979.5,976.0,70.0
2025-05-12,14.2,21.5,6.9,0.0,2.2,11.1,11.1,980.7,978.7,67.0
2025-05-13,15.8,23.3,8.2,0.0,2.2,9.7,9.4,981.9,978.5,65.0
2025-05-14,15.2,22.2,8.1,0.6,2.2,8.3,9.4,982.1,979.8,71.0
2025-05-15,16.7,24.5,8.9,0.2,2.2,11.4,9.7,981.3,977.0,62.0
2025-05-16,17.2,24.4,10.1,0.0,2.2,11.4,12.1,983.2,979.0,59.0
2025-05-17,18.4,26.0,10.8,0.0,1.9,8.3,12.8,983.0,980.0,53.0
2025-05-18,18.3,26.5,10.1,0.0,2.2,8.9,12.4,983.0,979.9,54.0
2025-05-19,18.8,26.1,11.4,3.8,2.2,11.1,7.9,983.1,976.4,58.0
2025-05-20,19.0,26.6,11.4,0.0,2.2,10.6,10.5,985.5,979.9,58.0
2025-05-21,18.6,26.4,10.8,0.6,2.2,8.9,11.7,985.3,980.0,49.0
2025-05-22,17.0,22.0,12.1,0.0,3.3,11.4,9.4,983.3,979.6,68.0
2025-05-23,18.2,25.7,10.8,0.0,1.9,8.3,10.2,985.1,980.1,52.0
2025-05-24,17.6,25.9,9.3,0.0,2.2,11.4,12.6,986.6,983.3,56.0
2025-05-25,19.3,27.9,10.7,0.0,2.2,10.0,11.4,986.7,983.1,57.0
2025-05-26,19.0,26.3,11.8,0.0,2.8,11.7,10.3,987.7,984.8,64.0
2025-05-27,20.6,27.7,13.6,0.0,1.9,11.1,12.1,989.0,986.5,53.0
2025-05-28,22.0,31.3,12.8,0.0,1.9,10.8,13.2,989.9,987.1,51.0
2025-05-29,22.5,31.4,13.6,0.0,2.5,10.6,13.3,990.0,986.2,52.0
2025-05-30,24.4,33.4,15.3,0.0,2.8,9.7,13.3,988.1,984.8,45.0
2025-05-31,24.2,32.8,15.5,0.0,2.2,11.1,11.2,988.3,984.9,53.0
2025-06-01,24.7,33.7,15.7,0.0,2.2,10.0,9.0,986.6,982.0,52.0
2025-06-02,22.7,27.6,17.8,0.0,1.7,7.5,3.9,985.8,982.6,56.0
2025-06-03,22.6,31.0,14.3,0.0,1.7,12.5,9.1,982.8,976.1,53.0
2025-06-04,22.4,27.8,17.1,0.0,2.2,8.9,9.5,982.2,977.8,54.0
2025-06-05,22.6,28.6,16.6,0.0,2.2,8.9,10.0,983.8,980.9,60.0
2025-06-06,22.8,30.1,15.5,0.0,3.1,11.4,12.1,984.3,981.5,50.0
2025-06-07,22.2,31.4,12.9,0.0,3.1,11.7,13.3,984.9,980.1,53.0
2025-06-08,22.0,27.3,16.8,0.0,2.5,10.3,5.6,987.9,984.6,66.0
2025-06-09,23.1,30.9,15.3,0.0,2.8,12.5,12.4,988.6,984.6,61.0
2025-06-10,26.4,34.5,18.4,0.0,2.8,9.4,11.3,988.5,983.6,59.0
2025-06-11,26.8,36.5,17.1,0.0,2.2,9.7,11.0,984.5,978.2,43.0
2025-06-12,25.3,32.8,17.8,0.0,2.8,9.4,13.2,982.8,980.5,42.0
2025-06-13,24.7,32.3,17.1,0.0,3.1,10.3,9.7,986.4,982.7,42.0
2025-06-14,27.1,34.9,19.3,0.2,2.5,8.6,10.0,986.5,983.6,35.0
2025-06-15,26.8,33.9,19.8,0.0,3.1,9.7,10.5,988.7,984.8,42.0
2025-06-16,26.0,33.5,18.4,0.0,2.8,11.1,13.4,988.6,984.5,48.0
2025-06-17,25.2,32.7,17.6,0.0,3.1,10.8,13.5,987.9,984.7,53.0
2025-06-18,25.8,33.5,18.1,0.0,2.5,11.1,13.4,988.1,985.2,46.0
2025-06-19,25.6,34.2,17.1,0.0,2.8,10.3,12.9,987.4,984.0,43.0
2025-06-20,27.4,36.3,18.5,0.0,2.2,9.7,10.0,987.4,983.7,44.0
2025-06-21,27.6,35.5,19.8,0.0,2.5,10.8,13.2,985.9,983.3,41.0
2025-06-22,27.6,35.9,19.2,4.8,2.5,12.5,8.6,988.6,983.7,58.0
2025-06-23,27.1,36.8,17.4,0.0,2.2,8.9,13.2,986.5,982.6,46.0
2025-06-24,28.2,37.2,19.3,0.0,2.5,10.8,13.2,984.6,981.3,40.0
2025-06-25,27.8,37.8,17.7,0.0,1.7,9.4,9.6,982.9,979.5,36.0
2025-06-26,27.1,35.1,19.1,0.0,2.2,10.6,12.4,988.3,981.3,43.0
2025-06-27,27.5,36.8,18.2,0.0,2.5,10.6,13.4,990.0,986.7,42.0
2025-06-28,28.6,37.6,19.5,0.0,2.5,10.6,13.5,990.0,986.8,44.0
2025-06-29,29.4,38.3,20.6,0.0,2.5,10.6,13.6,988.7,983.8,38.0
2025-06-30,29.1,38.2,20.0,0.0,2.8,11.1,13.0,985.4,981.7,40.0
2025-07-01,28.5,38.2,18.8,0.0,2.5,16.4,10.1,984.2,980.1,48.0
2025-07-02,27.5,37.9,17.1,0.0,1.9,11.9,10.4,985.6,981.0,46.0
2025-07-03,28.4,36.2,20.5,1.0,2.2,16.1,8.7,989.0,985.3,61.0
2025-07-04,27.4,35.9,18.9,0.4,3.3,19.4,11.4,989.4,985.5,53.0
2025-07-05,26.6,35.2,17.9,0.0,2.2,13.1,7.0,986.9,982.5,55.0
2025-07-06,25.9,33.3,18.5,5.6,2.5,10.8,10.0,983.9,976.4,72.0
2025-07-07,26.1,32.6,19.6,0.0,3.3,11.7,12.6,981.0,976.1,51.0
2025-07-08,24.8,32.3,17.4,0.0,2.8,10.3,13.3,984.7,980.1,49.0
2025-07-09,23.9,28.4,19.4,0.0,2.2,8.6,3.5,985.9,984.0,65.0
2025-07-10,26.4,31.4,21.4,0.0,2.5,11.7,10.1,985.2,981.5,57.0
2025-07-11,25.5,31.4,19.6,0.0,2.2,10.3,6.2,983.0,977.7,62.0
2025-07-12,23.2,29.5,16.9,52.0,1.7,13.3,3.0,981.4,976.1,83.0
2025-07-13,24.5,33.0,16.0,0.0,1.9,9.4,11.8,986.0,978.4,59.0
2025-07-14,26.2,34.5,18.0,0.0,2.2,10.0,13.2,988.1,984.5,49.0
2025-07-15,25.9,33.7,18.1,0.0,2.8,10.3,13.1,987.6,984.1,56.0
2025-07-16,26.8,34.3,19.4,0.0,2.5,9.2,12.5,986.8,982.4,58.0
2025-07-17,27.0,34.0,19.9,0.0,2.5,9.7,12.9,983.7,980.0,58.0
2025-07-18,26.9,33.8,20.0,0.0,2.2,8.3,12.2,980.3,975.3,62.0
2025-07-19,28.4,33.6,23.1,0.0,2.2,10.8,6.5,976.6,974.3,64.0
2025-07-20,28.4,35.2,21.7,0.0,2.2,8.1,11.3,975.9,971.8,50.0
2025-07-21,25.4,31.2,19.6,0.0,2.8,10.6,10.7,983.1,973.7,48.0
2025-07-22,24.8,30.7,19.0,0.0,2.2,9.7,8.6,984.3,980.9,62.0
2025-07-23,22.2,26.3,18.1,47.4,1.4,12.8,0.3,982.2,978.1,90.0
2025-07-24,21.1,25.3,16.9,0.0,2.2,8.3,4.3,983.5,980.0,64.0
2025-07-25,21.6,28.6,14.7,0.4,1.9,8.9,8.3,984.1,981.0,57.0
2025-07-26,23.4,31.1,15.8,0.0,2.5,8.6,12.7,985.5,982.3,52.0
2025-07-27,23.4,31.0,15.7,0.0,2.5,8.6,12.9,985.4,980.2,55.0
2025-07-28,24.2,29.6,18.8,0.0,2.8,11.1,10.1,984.2,980.4,61.0
2025-07-29,23.3,30.0,16.6,0.0,2.2,8.9,12.3,985.0,981.9,50.0
2025-07-30,23.3,29.2,17.4,0.0,1.7,9.2,12.3,986.8,983.7,51.0
2025-07-31,24.2,31.1,17.3,0.0,2.2,7.5,12.6,986.8,982.1,56.0
2025-08-01,24.5,30.3,18.7,0.0,2.5,8.6,7.9,983.6,978.6,63.0
2025-08-02,25.0,31.0,19.0,0.0,1.9,11.1,12.4,983.3,979.6,52.0
2025-08-03,25.2,30.2,20.1,0.0,2.2,9.4,10.2,987.8,983.1,61.0
2025-08-04,25.5,32.6,18.4,0.0,1.9,8.6,12.3,988.3,985.1,62.0
2025-08-05,26.6,33.7,19.5,0.0,2.5,11.1,11.4,987.7,985.4,55.0
2025-08-06,25.2,32.7,17.7,0.0,2.2,8.6,10.9,987.4,983.2,50.0
2025-08-07,25.8,33.1,18.5,0.0,2.5,8.9,12.0,986.0,983.7,53.0
2025-08-08,26.2,34.7,17.8,0.0,2.2,8.9,11.8,986.8,984.5,48.0
2025-08-09,26.4,35.0,17.9,0.0,3.3,9.7,11.1,987.7,985.5,58.0
2025-08-10,29.5,38.2,20.8,0.0,1.7,8.9,10.0,988.0,984.5,51.0
2025-08-11,29.4,38.1,20.6,0.2,2.2,9.4,9.6,985.8,981.5,49.0
2025-08-12,28.8,37.4,20.3,0.0,1.9,8.6,8.5,984.1,981.3,50.0
2025-08-13,28.2,36.6,19.8,0.0,1.9,9.2,10.2,983.6,980.9,51.0
2025-08-14,28.9,37.8,20.0,0.0,1.4,7.8,7.5,985.7,982.1,47.0
2025-08-15,28.4,38.7,18.1,0.0,1.7,10.8,11.4,986.6,983.6,42.0
2025-08-16,29.8,40.1,19.4,0.0,1.7,10.0,10.9,985.9,981.9,39.0
2025-08-17,28.5,38.0,19.0,0.0,2.5,8.9,9.6,983.5,978.9,46.0
2025-08-18,26.9,34.8,19.0,0.0,1.9,9.7,8.2,982.8,979.2,46.0
2025-08-19,26.4,31.2,21.5,2.2,2.5,8.9,4.0,982.4,976.4,69.0
2025-08-20,23.5,28.7,18.3,0.0,1.7,8.1,7.4,978.1,975.2,57.0
2025-08-21,22.8,30.7,15.0,0.8,2.8,9.7,7.4,982.1,976.6,57.0
2025-08-22,23.4,30.9,15.8,0.0,2.2,10.8,10.3,983.5,980.2,61.0
2025-08-23,25.4,33.1,17.7,0.0,1.9,8.3,11.1,983.7,979.8,50.0
2025-08-24,24.3,32.3,16.3,0.0,2.2,9.2,11.2,983.3,980.4,62.0
2025-08-25,24.0,28.9,19.0,0.0,1.7,5.0,2.6,984.6,981.8,75.0
2025-08-26,27.4,35.2,19.7,10.4,2.2,9.4,10.5,982.6,977.5,54.0
2025-08-27,25.6,31.4,19.8,9.4,1.4,6.7,5.2,980.2,973.3,66.0
2025-08-28,23.4,28.5,18.4,1.4,2.2,13.6,4.8,977.9,973.1,62.0
2025-08-29,20.2,27.2,13.1,0.0,2.8,11.7,9.8,979.4,975.5,51.0
2025-08-30,22.2,30.7,13.6,0.0,2.2,11.4,11.2,981.9,979.1,60.0
2025-08-31,23.8,29.6,17.9,0.6,1.9,9.2,5.5,981.8,974.7,67.0
2025-09-01,22.1,27.4,16.8,0.0,3.1,10.6,9.7,981.8,974.2,48.0
2025-09-02,19.8,26.9,12.7,0.0,3.3,11.7,9.5,983.9,981.0,45.0
2025-09-03,22.2,31.9,12.5,0.0,1.9,9.4,11.0,984.2,979.5,53.0
2025-09-04,22.6,29.8,15.5,0.0,2.5,9.7,8.8,985.1,979.8,66.0
2025-09-05,23.3,29.5,17.1,0.0,1.9,10.3,9.9,988.5,985.1,59.0
2025-09-06,22.1,30.3,13.9,0.0,1.9,8.6,10.8,987.7,983.0,60.0
2025-09-07,24.2,32.0,16.3,0.0,2.2,7.5,7.4,985.2,980.1,67.0
2025-09-08,24.0,27.4,20.6,16.0,1.9,10.8,3.3,982.9,980.3,81.0
2025-09-09,20.6,24.7,16.5,11.2,1.7,8.3,2.9,982.8,978.6,78.0
2025-09-10,21.0,26.9,15.1,0.0,3.3,12.2,10.2,981.2,977.4,47.0
2025-09-11,21.2,28.4,13.9,0.0,2.5,9.2,10.3,987.3,981.1,66.0
2025-09-12,22.5,26.6,18.4,30.6,2.8,10.3,5.4,987.8,985.9,80.0
2025-09-13,20.6,23.5,17.6,3.8,1.4,8.1,4.2,986.6,983.2,86.0
2025-09-14,24.0,28.7,19.3,0.0,1.9,10.6,8.3,988.8,985.5,77.0
2025-09-15,24.9,30.6,19.2,0.0,2.2,8.1,10.0,988.7,984.7,70.0
2025-09-16,21.8,24.8,18.9,0.0,1.4,5.8,1.5,990.3,988.0,81.0
2025-09-17,23.6,30.3,17.0,0.0,1.7,7.5,8.4,990.2,987.6,78.0
2025-09-18,24.4,30.9,18.0,0.0,2.2,8.1,10.0,991.2,989.1,73.0
2025-09-19,24.1,30.1,18.1,0.0,2.2,9.7,8.5,992.1,989.3,62.0
2025-09-20,23.2,29.0,17.3,0.0,1.7,7.8,9.7,990.6,983.0,70.0
2025-09-21,21.1,24.4,17.8,30.6,1.4,9.2,1.2,983.0,977.2,91.0
2025-09-22,16.6,22.3,11.0,0.0,1.7,9.2,10.1,982.9,978.6,55.0
2025-09-23,15.5,22.4,8.6,0.0,2.2,7.8,9.9,984.0,981.3,63.0
2025-09-24,15.4,22.0,8.9,0.0,1.9,8.3,10.5,986.4,983.3,51.0
2025-09-25,14.6,21.5,7.8,0.0,1.9,7.8,8.1,986.4,983.4,70.0
2025-09-26,17.2,23.6,10.7,0.0,1.7,9.7,9.9,986.2,983.2,55.0
2025-09-27,18.8,25.0,12.6,0.0,1.9,9.2,8.7,986.3,982.9,71.0
2025-09-28,19.6,23.6,15.7,0.0,1.7,6.7,2.7,984.8,981.9,82.0
2025-09-29,19.0,23.8,14.1,0.0,1.9,5.6,5.7,986.7,984.0,72.0
2025-09-30,19.0,26.3,11.7,0.0,2.2,7.5,8.6,987.4,984.7,67.0
2025-10-01,19.0,25.0,12.9,0.0,1.7,6.9,8.7,988.1,985.2,69.0
2025-10-02,18.0,23.4,12.6,0.0,1.9,9.2,8.4,989.3,986.2,73.0
2025-10-03,19.5,25.1,13.9,0.0,1.1,6.7,7.7,988.3,985.2,75.0
2025-10-04,21.1,28.2,14.0,0.0,1.1,7.2,8.7,986.5,981.1,64.0
2025-10-05,17.8,23.4,12.1,0.0,1.4,9.2,9.7,990.3,982.5,49.0
2025-10-06,15.8,23.4,8.3,0.0,1.4,5.0,9.9,992.5,988.5,66.0
2025-10-07,16.6,25.8,7.3,0.0,1.7,6.4,8.4,990.1,986.2,67.0
2025-10-08,19.9,26.1,13.7,0.0,1.4,7.8,7.9,988.2,984.5,65.0
2025-10-09,19.3,23.5,15.1,0.0,1.9,7.2,3.1,989.2,985.5,76.0
2025-10-10,19.8,24.0,15.7,0.0,1.9,6.4,7.2,992.5,989.0,64.0
2025-10-11,18.4,25.2,11.7,0.0,1.1,8.1,7.6,992.6,990.1,66.0
2025-10-12,17.2,22.7,11.8,0.0,1.4,6.1,4.1,990.9,986.8,76.0
2025-10-13,18.6,22.5,14.7,0.0,1.1,5.3,0.9,987.0,984.1,79.0
2025-10-14,19.9,25.2,14.6,5.6,1.1,7.5,4.2,986.0,983.0,79.0
2025-10-15,17.8,22.9,12.8,0.0,1.7,7.2,4.7,986.5,983.8,80.0
2025-10-16,17.4,22.3,12.6,0.0,1.7,8.6,5.8,985.8,982.7,80.0
2025-10-17,18.3,23.3,13.3,0.0,1.4,7.5,5.4,985.8,982.8,77.0
2025-10-18,18.0,23.4,12.6,0.2,1.4,8.3,6.6,987.1,984.6,79.0
2025-10-19,17.4,22.4,12.3,1.6,2.2,9.2,2.0,986.4,979.0,78.0
2025-10-20,17.8,22.5,13.0,0.0,1.9,8.3,4.5,979.0,972.6,68.0
2025-10-21,17.3,24.1,10.5,0.0,1.9,10.6,8.8,976.0,973.1,64.0
2025-10-22,18.6,25.2,12.0,0.0,2.8,14.4,7.5,976.6,974.5,64.0
2025-10-23,17.6,24.4,10.7,0.0,4.2,22.8,7.7,980.4,971.1,41.0
2025-10-24,12.6,19.7,5.4,0.8,1.9,11.4,8.7,983.2,980.4,54.0
2025-10-25,15.4,21.6,9.3,6.0,2.2,7.8,3.4,980.6,976.7,73.0
2025-10-26,14.0,18.3,9.8,0.6,1.4,9.2,4.9,986.2,979.2,76.0
2025-10-27,10.8,17.4,4.3,0.0,1.9,7.8,8.8,987.2,984.4,67.0
2025-10-28,12.2,20.5,4.0,0.2,0.8,5.0,8.8,987.0,981.6,69.0
2025-10-29,11.8,17.1,6.5,3.2,0.8,3.3,1.1,981.6,974.3,83.0
2025-10-30,14.8,19.8,9.8,0.0,1.4,6.7,5.8,980.7,975.1,81.0
2025-10-31,15.0,21.4,8.6,0.0,1.7,8.3,5.5,982.8,980.2,73.0
2025-11-01,15.4,22.6,8.3,0.0,1.1,6.7,6.3,984.3,981.9,70.0
2025-11-02,14.4,20.0,8.7,0.0,1.7,8.1,8.3,988.6,981.5,60.0
2025-11-03,12.8,20.2,5.4,0.0,1.4,5.8,8.8,991.8,988.6,74.0
2025-11-04,12.6,20.3,4.9,0.0,1.4,6.9,6.7,990.9,986.9,76.0
2025-11-05,13.4,18.2,8.5,7.4,1.1,5.3,1.5,988.3,979.3,84.0
2025-11-06,13.0,16.5,9.4,4.6,3.3,13.9,0.8,979.9,972.8,77.0
2025-11-07,12.4,17.0,7.9,0.0,1.4,6.4,8.0,979.5,976.6,74.0
2025-11-08,11.2,14.9,7.4,0.4,1.9,6.7,2.2,983.8,976.4,84.0
2025-11-09,10.6,16.3,5.0,0.0,1.7,4.7,6.0,986.6,983.6,78.0
2025-11-10,10.5,17.6,3.4,0.2,0.6,3.9,8.1,984.6,981.0,75.0
2025-11-11,11.8,19.9,3.6,0.0,0.3,5.0,7.7,984.9,981.2,75.0
2025-11-12,11.6,19.6,3.5,0.0,0.6,3.6,7.5,986.4,983.1,80.0
2025-11-13,13.0,20.4,5.7,0.0,0.8,5.3,7.2,985.7,980.5,82.0
2025-11-14,15.5,19.7,11.3,0.2,1.1,6.9,0.0,980.5,973.2,85.0
2025-11-15,14.0,19.9,8.1,1.2,1.9,9.2,5.4,979.4,975.6,66.0
2025-11-16,13.2,17.9,8.6,0.0,2.2,9.7,6.6,976.5,973.2,74.0
2025-11-17,11.8,18.3,5.2,0.0,1.4,4.7,7.4,980.8,976.2,75.0
2025-11-18,7.6,13.0,2.1,0.0,1.4,7.2,4.7,984.0,980.5,79.0
2025-11-19,4.8,10.6,-1.1,0.0,1.7,9.2,7.6,983.1,977.9,72.0
2025-11-20,6.0,12.7,-0.7,0.0,1.7,7.8,4.5,980.5,977.8,66.0
2025-11-21,5.0,9.9,0.0,0.0,3.9,13.3,7.8,987.5,978.7,46.0
2025-11-22,5.6,10.3,1.0,0.0,2.8,11.4,6.4,990.0,986.2,49.0
2025-11-23,6.4,13.2,-0.4,0.0,2.2,9.7,5.2,987.8,980.6,66.0
2025-11-24,11.3,16.1,6.5,0.0,2.2,12.8,4.1,980.6,970.3,64.0
2025-11-25,10.0,15.2,4.7,0.0,3.1,11.7,7.0,979.4,971.2,57.0
2025-11-26,6.1,13.4,-1.2,0.0,2.5,12.8,7.6,985.1,979.0,45.0
2025-11-27,4.8,12.6,-3.0,0.0,1.1,5.8,7.6,988.2,984.4,55.0
2025-11-28,5.8,13.9,-2.3,0.0,0.8,5.3,6.4,987.9,984.3,59.0
2025-11-29,7.4,15.3,-0.6,0.0,0.8,5.0,7.3,985.0,978.4,68.0
2025-11-30,6.8,12.6,1.1,0.0,1.1,5.8,4.1,985.7,977.6,76.0
2025-12-01,5.4,10.8,-0.1,0.0,1.4,7.2,6.0,986.8,982.5,80.0
2025-12-02,6.6,13.5,-0.2,0.0,1.4,8.3,5.1,982.5,976.3,72.0
2025-12-03,5.4,10.2,0.7,0.0,1.9,9.4,5.5,981.1,976.4,75.0
2025-12-04,3.3,7.3,-0.7,0.0,1.4,5.3,1.0,980.5,975.2,90.0
2025-12-05,7.5,14.0,1.0,0.0,1.7,6.7,6.7,983.2,975.3,70.0
2025-12-06,8.6,16.5,0.8,0.0,1.4,5.0,5.9,986.1,982.5,75.0
2025-12-07,9.8,18.0,1.7,0.0,1.4,7.8,5.1,987.8,984.3,81.0
2025-12-08,9.9,17.7,2.1,0.0,0.8,3.1,6.3,989.2,985.6,81.0
2025-12-09,8.6,16.9,0.3,0.0,0.6,3.3,7.0,988.4,984.6,82.0
2025-12-10,10.0,17.6,2.3,0.0,1.1,8.3,6.8,991.3,986.0,73.0
2025-12-11,8.0,15.0,1.1,0.0,0.8,2.8,4.0,991.5,987.0,84.0
2025-12-12,7.4,12.0,2.9,0.0,0.3,3.1,0.6,990.9,986.6,84.0
2025-12-13,8.6,15.2,2.1,0.0,0.6,3.3,5.6,994.0,990.7,79.0
2025-12-14,7.4,13.9,0.9,,0.8,2.8,5.0,992.8,986.9,77.0
2025-12-15,9.8,12.6,7.0,,1.1,8.3,0.6,986.9,976.1,95.0
2025-12-16,8.6,10.6,6.7,,0.8,3.6,0.0,982.9,974.8,95.0
2025-12-17,10.0,14.4,5.5,,0.6,2.8,3.5,990.8,982.9,87.0
2025-12-18,7.7,8.7,6.7,,0.8,3.3,0.0,991.5,988.4,98.0
2025-12-19,8.6,11.9,5.2,,0.6,3.9,2.6,988.7,983.7,86.0
2025-12-20,8.6,9.9,7.4,13.0,0.6,2.8,0.0,983.7,976.1,93.0
2025-12-21,8.3,10.3,6.3,11.8,0.8,4.2,0.0,976.1,969.8,95.0
2025-12-22,6.2,7.6,4.8,0.8,0.8,8.3,0.7,972.0,969.3,86.0
2025-12-23,4.6,6.6,2.5,1.2,1.4,5.3,0.0,973.8,969.0,91.0
2025-12-24,6.2,10.8,1.5,0.4,2.2,8.3,4.4,974.6,971.7,83.0
2025-12-25,7.4,9.4,5.5,4.4,0.6,5.6,0.1,978.9,974.1,90.0
2025-12-26,9.4,11.3,7.6,10.4,1.4,8.3,0.0,983.3,975.8,92.0
2025-12-27,8.7,10.5,6.9,10.6,1.7,9.7,0.0,986.9,983.0,94.0
2025-12-28,8.9,14.9,2.9,1.0,0.8,4.7,6.1,986.9,983.7,87.0
2025-12-29,8.6,10.5,6.8,1.2,0.3,3.1,0.0,986.4,984.0,95.0
2025-12-30,7.0,8.4,5.5,0.2,1.4,6.7,0.0,984.8,982.2,86.0
2025-12-31,5.3,9.7,0.9,0.0,2.2,6.4,3.3,987.0,983.1,77.0
2026-01-01,5.2,10.6,-0.1,0.0,1.1,3.6,4.3,986.3,979.7,81.0
2026-01-02,3.3,7.4,-0.8,0.0,1.7,4.7,2.9,979.8,974.1,83.0
2026-01-03,6.5,9.8,3.2,1.2,1.1,4.7,1.5,974.6,971.7,85.0
2026-01-04,5.4,7.4,3.5,0.4,1.7,6.4,0.0,974.0,970.9,87.0
2026-01-05,1.6,3.7,-0.4,2.0,1.1,7.2,0.0,976.6,973.9,86.0
2026-01-06,1.0,5.2,-3.1,0.0,1.4,6.4,7.4,982.1,976.2,77.0
2026-01-07,0.2,5.0,-4.7,0.0,2.2,7.8,4.7,986.7,981.8,71.0
2026-01-08,6.5,13.0,0.0,0.0,2.5,15.0,6.4,988.4,982.7,71.0
2026-01-09,9.2,13.8,4.7,0.0,5.3,16.9,6.6,983.0,976.3,58.0
2026-01-10,6.8,11.9,1.7,0.0,4.2,13.3,7.6,986.1,981.3,64.0
2026-01-11,5.2,10.8,-0.3,0.0,0.8,4.7,7.2,990.8,986.1,75.0
2026-01-12,5.3,11.7,-1.1,0.0,0.8,3.9,5.5,989.9,984.9,82.0
2026-01-13,6.6,12.9,0.4,0.0,0.8,2.8,4.0,985.2,981.2,86.0
2026-01-14,8.0,12.8,3.1,0.0,0.8,3.6,4.9,985.6,982.9,89.0
2026-01-15,7.2,14.1,0.4,0.0,0.8,3.9,4.1,985.0,980.9,87.0
2026-01-16,5.9,11.4,0.4,3.4,0.6,2.8,1.4,981.8,979.0,83.0
2026-01-17,9.2,10.9,7.5,42.8,1.9,6.1,0.0,979.3,974.5,94.0
2026-01-18,8.7,10.5,6.9,8.6,0.6,3.9,0.0,980.0,974.7,96.0
2026-01-19,8.4,11.0,5.7,1.6,0.8,7.2,0.3,981.0,979.1,90.0
2026-01-20,8.0,9.7,6.4,8.8,1.1,8.3,0.0,980.5,978.3,91.0
2026-01-21,10.1,12.9,7.3,0.8,1.4,6.1,1.6,979.4,962.5,84.0
2026-01-22,8.8,13.7,3.9,2.6,1.9,7.2,4.9,967.2,960.1,72.0
2026-01-23,7.8,13.3,2.4,2.2,1.9,12.2,6.9,966.5,962.0,66.0
2026-01-24,3.9,6.2,1.6,22.8,1.1,9.4,0.0,967.3,959.4,88.0
2026-01-25,6.4,11.9,0.9,2.6,2.8,13.1,5.9,970.3,965.5,78.0
2026-01-26,7.4,12.1,2.8,0.0,2.5,9.2,5.1,974.2,968.3,72.0
2026-01-27,7.5,9.8,5.2,9.2,1.1,10.0,0.0,971.4,959.4,92.0
2026-01-28,7.1,9.7,4.5,0.0,2.2,11.4,2.4,967.6,959.5,64.0
2026-01-29,6.4,12.8,-0.1,0.0,2.2,8.6,4.4,969.5,966.0,75.0
2026-01-30,9.4,15.0,3.7,0.0,2.5,12.5,8.1,972.9,963.5,62.0
2026-01-31,8.8,13.3,4.3,0.0,3.3,15.3,8.2,978.0,961.5,61.0
2026-02-01,6.6,12.9,0.3,0.0,2.2,8.3,6.4,978.9,972.9,70.0
2026-02-02,6.0,9.8,2.1,2.6,1.1,6.9,0.0,973.0,960.0,88.0
2026-02-03,7.8,13.9,1.6,0.0,1.7,7.5,8.3,969.3,963.4,66.0
2026-02-04,5.7,11.7,-0.3,0.4,1.4,8.3,3.3,965.6,957.7,81.0
2026-02-05,6.6,11.8,1.4,3.0,1.9,9.4,1.5,961.7,953.6,87.0
2026-02-06,11.4,15.9,6.9,0.2,1.9,10.0,8.0,968.7,959.8,62.0
2026-02-07,9.6,13.4,5.7,3.8,3.6,12.5,7.7,973.4,968.4,62.0
2026-02-08,8.9,14.3,3.5,0.0,1.4,8.1,5.3,974.0,966.9,78.0
2026-02-09,7.9,13.4,2.4,1.0,1.9,9.7,6.3,974.3,972.2,70.0
2026-02-10,12.4,18.2,6.6,0.2,2.2,14.2,3.3,972.5,968.2,81.0
2026-02-11,14.4,18.6,10.3,8.2,5.0,20.6,5.6,973.9,966.0,58.0
2026-02-12,13.2,15.9,10.6,0.0,8.3,23.3,9.0,973.7,965.1,45.0
2026-02-13,8.7,11.1,6.3,17.6,2.2,11.9,0.0,972.5,952.0,89.0
2026-02-14,12.0,17.3,6.8,0.0,3.9,13.6,9.0,978.3,955.2,50.0
2026-02-15,8.9,14.1,3.7,0.0,2.2,10.3,6.5,984.4,978.0,62.0
2026-02-16,11.1,18.5,3.7,0.0,3.6,14.4,6.8,981.9,977.2,72.0
2026-02-17,12.2,18.4,6.1,0.0,2.5,9.4,9.1,985.5,979.5,64.0
2026-02-18,12.3,18.0,6.6,0.0,1.4,7.2,4.9,985.1,973.1,75.0
2026-02-19,10.6,14.3,6.9,0.0,6.7,19.2,8.2,983.6,973.1,55.0
2026-02-20,8.8,15.4,2.3,0.0,3.3,11.9,4.9,993.8,983.6,62.0
2026-02-21,9.6,17.9,1.2,0.0,1.7,4.7,9.3,997.6,993.8,68.0
2026-02-22,11.4,21.3,1.5,0.0,1.1,5.6,8.9,995.6,991.2,62.0
2026-02-23,12.5,22.1,2.9,0.0,1.4,5.3,9.2,992.5,988.1,64.0
2026-02-24,12.8,22.8,2.9,0.0,0.8,3.6,9.5,989.7,983.0,64.0
2026-02-25,10.4,18.0,2.9,0.0,1.7,8.9,9.4,991.2,985.0,73.0
2026-02-26,11.0,19.8,2.1,0.0,1.9,8.3,9.4,994.1,990.8,69.0
2026-02-27,10.2,17.8,2.7,0.0,2.2,7.5,7.7,992.4,986.9,69.0
2026-02-28,10.0,14.0,6.0,0.0,1.4,5.6,0.3,991.6,988.7,77.0
2026-03-01,11.2,16.6,5.7,0.0,1.4,5.6,4.7,991.9,988.0,72.0
2026-03-02,9.4,15.2,3.7,0.0,1.4,6.1,3.5,988.4,984.5,82.0
2026-03-03,12.2,17.5,6.8,0.0,1.7,10.0,1.3,987.8,985.9,71.0
2026-03-04,14.1,17.1,11.1,0.6,3.9,10.0,3.5,987.3,984.3,67.0
2026-03-05,12.5,14.3,10.7,22.8,1.9,10.8,0.0,984.3,977.9,88.0
2026-03-06,11.2,12.7,9.6,15.4,1.4,9.2,0.2,983.4,978.2,93.0
2026-03-07,12.0,15.2,8.8,0.6,1.7,9.2,3.2,987.8,982.9,81.0
2026-03-08,10.4,14.8,6.0,4.8,0.8,4.4,1.8,988.3,986.3,86.0
2026-03-09,10.6,16.1,5.0,2.2,1.1,7.2,5.0,988.3,983.6,79.0
2026-03-10,11.0,15.3,6.7,0.0,1.7,6.7,6.8,989.6,984.9,74.0
2026-03-11,11.6,17.8,5.3,0.6,1.4,9.7,3.8,990.9,988.3,73.0
2026-03-12,11.6,17.9,5.4,0.0,0.8,6.9,5.4,992.2,987.4,71.0
2026-03-13,11.7,20.1,3.3,0.0,2.2,7.5,9.8,988.0,975.2,73.0
2026-03-14,8.8,14.0,3.5,1.2,1.7,10.3,0.4,975.2,967.3,80.0
2026-03-15,9.8,17.7,1.9,0.0,3.1,14.2,10.6,982.9,971.3,30.0
2026-03-16,9.3,18.5,0.1,0.0,1.7,7.8,10.6,987.1,982.8,54.0
2026-03-17,12.2,21.6,2.8,0.0,2.2,8.6,10.7,985.2,978.6,64.0
2026-03-18,11.4,19.2,3.6,0.0,1.9,11.4,10.5,981.9,974.2,71.0
2026-03-19,9.4,14.1,4.6,0.0,1.4,7.8,1.3,983.9,981.7,68.0
2026-03-20,9.2,17.6,0.7,0.0,2.2,9.7,10.6,983.4,979.8,54.0
2026-03-21,9.1,18.4,-0.2,0.0,1.9,9.7,10.9,981.0,976.1,51.0
2026-03-22,10.4,19.2,1.6,0.2,1.7,8.9,8.5,978.0,973.5,63.0
2026-03-23,12.1,17.6,6.6,0.0,1.9,10.0,7.3,987.6,978.0,66.0
2026-03-24,12.0,19.6,4.5,0.0,1.7,7.5,9.5,989.9,985.7,65.0
2026-03-25,11.8,19.9,3.7,0.0,1.7,10.8,11.0,987.6,977.7,56.0
2026-03-26,10.6,17.6,3.5,0.0,3.1,10.8,11.0,982.3,977.4,60.0
2026-03-27,11.0,18.0,4.0,0.0,2.5,11.1,10.2,984.0,978.6,54.0
2026-03-28,9.7,17.1,2.3,0.4,1.9,9.4,9.6,985.8,982.3,57.0
2026-03-29,8.8,14.9,2.6,0.0,4.4,20.8,9.5,990.4,982.5,31.0
2026-03-30,9.2,19.6,-1.2,0.0,3.6,10.8,11.1,991.2,983.1,50.0
2026-03-31,11.6,18.8,4.3,0.0,3.1,12.5,9.3,984.7,981.9,62.0
2026-04-01,11.6,19.6,3.5,0.0,2.8,15.3,9.4,984.0,978.4,46.0
2026-04-02,11.0,18.7,3.3,0.0,2.5,8.9,5.6,982.4,976.4,48.0
2026-04-03,12.6,20.7,4.4,0.0,2.2,8.3,11.3,988.8,981.8,46.0
2026-04-04,14.8,24.5,5.0,0.0,1.9,10.0,11.4,990.2,986.8,54.0
2026-04-05,15.6,25.2,6.1,0.0,2.5,9.7,11.3,991.9,988.4,55.0
2026-04-06,15.5,24.8,6.2,0.0,2.2,8.9,11.4,992.0,988.0,47.0
2026-04-07,14.6,25.3,4.0,0.0,2.5,8.9,10.7,990.0,984.8,45.0
2026-04-08,16.4,27.3,5.4,0.0,2.5,8.3,11.2,987.1,984.3,45.0
2026-04-09,17.4,28.3,6.5,0.0,1.9,8.1,11.0,986.8,982.5,41.0
2026-04-10,18.4,28.3,8.4,0.0,2.5,9.7,10.7,985.3,980.0,42.0
2026-04-11,18.2,27.8,8.6,0.0,2.2,11.7,5.6,981.3,975.2,40.0
2026-04-12,12.7,16.2,9.2,10.0,1.7,7.8,0.0,977.4,973.8,78.0
2026-04-13,12.8,18.5,7.1,0.0,2.5,9.7,6.4,980.3,972.8,63.0
2026-04-14,12.8,20.8,4.7,0.0,2.5,9.4,11.3,985.4,980.3,55.0
2026-04-15,13.7,23.3,4.1,0.0,1.9,8.9,11.4,987.7,983.7,60.0
2026-04-16,16.2,24.5,7.9,0.0,1.9,7.8,11.4,987.9,984.1,55.0
2026-04-17,17.2,26.0,8.3,0.0,2.2,10.3,10.8,986.7,983.4,52.0
2026-04-18,17.2,25.6,8.8,0.0,2.5,8.9,10.3,986.5,983.9,50.0
2026-04-19,18.0,26.5,9.4,0.6,1.9,10.3,6.4,985.9,981.5,63.0
2026-04-20,19.7,27.5,11.9,6.4,2.2,14.2,9.2,982.5,976.5,71.0
2026-04-21,18.6,27.0,10.2,0.0,1.9,9.4,10.1,979.5,975.2,53.0
2026-04-22,18.8,27.2,10.4,0.0,3.1,13.1,10.5,984.6,977.0,57.0
2026-04-23,16.3,22.6,10.0,0.0,1.7,8.3,5.4,986.8,984.5,62.0
2026-04-24,15.0,23.3,6.8,0.0,2.5,10.3,11.1,986.5,983.0,59.0
2026-04-25,17.3,26.0,8.6,0.0,1.9,9.7,9.4,984.9,981.8,55.0
2026-04-26,19.0,26.4,11.6,1.0,1.9,10.8,9.0,985.5,983.3,67.0
2026-04-27,19.5,25.8,13.2,0.0,1.9,9.7,9.3,985.5,982.1,61.0
2026-04-28,18.2,25.6,10.7,0.0,2.2,10.3,9.5,982.9,977.4,56.0
2026-04-29,18.3,23.6,13.0,0.0,2.5,9.7,9.1,981.1,977.9,54.0
2026-04-30,18.6,25.6,11.7,0.0,2.8,9.7,9.6,986.0,980.9,57.0
