date,solar_mwh_day,solar_mean_mw,solar_peak_mw,solar_peak_hour
2015-01-01,,,,
2015-01-02,,,,
2015-01-03,,,,
2015-01-04,,,,
2015-01-05,,,,
2015-01-06,,,,
2015-01-07,,,,
2015-01-08,,,,
2015-01-09,,,,
2015-01-10,,,,
2015-01-11,,,,
2015-01-12,,,,
2015-01-13,,,,
2015-01-14,,,,
2015-01-15,,,,
2015-01-16,,,,
2015-01-17,,,,
2015-01-18,,,,
2015-01-19,,,,
2015-01-20,,,,
2015-01-21,,,,
2015-01-22,,,,
2015-01-23,,,,
2015-01-24,,,,
2015-01-25,,,,
2015-01-26,,,,
2015-01-27,,,,
2015-01-28,,,,
2015-01-29,,,,
2015-01-30,,,,
2015-01-31,,,,
2015-02-01,,,,
2015-02-02,,,,
2015-02-03,,,,
2015-02-04,,,,
2015-02-05,,,,
2015-02-06,,,,
2015-02-07,,,,
2015-02-08,,,,
2015-02-09,,,,
2015-02-10,,,,
2015-02-11,,,,
2015-02-12,,,,
2015-02-13,,,,
2015-02-14,,,,
2015-02-15,,,,
2015-02-16,,,,
2015-02-17,,,,
2015-02-18,,,,
2015-02-19,,,,
2015-02-20,,,,
2015-02-21,,,,
2015-02-22,,,,
2015-02-23,,,,
2015-02-24,,,,
2015-02-25,,,,
2015-02-26,,,,
2015-02-27,,,,
2015-02-28,,,,
2015-03-01,,,,
2015-03-02,,,,
2015-03-03,,,,
2015-03-04,,,,
2015-03-05,,,,
2015-03-06,,,,
2015-03-07,,,,
2015-03-08,,,,
2015-03-09,,,,
2015-03-10,,,,
2015-03-11,,,,
2015-03-12,,,,
2015-03-13,,,,
2015-03-14,,,,
2015-03-15,,,,
2015-03-16,,,,
2015-03-17,,,,
2015-03-18,,,,
2015-03-19,,,,
2015-03-20,,,,
2015-03-21,,,,
2015-03-22,,,,
2015-03-23,,,,
2015-03-24,,,,
2015-03-25,,,,
2015-03-26,,,,
2015-03-27,,,,
2015-03-28,,,,
2015-03-29,,,,
2015-03-30,,,,
2015-03-31,,,,
2015-04-01,,,,
2015-04-02,,,,
2015-04-03,,,,
2015-04-04,,,,
2015-04-05,,,,
2015-04-06,,,,
2015-04-07,,,,
2015-04-08,,,,
2015-04-09,,,,
2015-04-10,,,,
2015-04-11,,,,
2015-04-12,,,,
2015-04-13,,,,
2015-04-14,,,,
2015-04-15,,,,
2015-04-16,,,,
2015-04-17,,,,
2015-04-18,,,,
2015-04-19,,,,
2015-04-20,,,,
2015-04-21,,,,
2015-04-22,,,,
2015-04-23,,,,
2015-04-24,,,,
2015-04-25,,,,
2015-04-26,,,,
2015-04-27,,,,
2015-04-28,,,,
2015-04-29,,,,
2015-04-30,,,,
2015-05-01,,,,
2015-05-02,,,,
2015-05-03,,,,
2015-05-04,,,,
2015-05-05,,,,
2015-05-06,,,,
2015-05-07,,,,
2015-05-08,,,,
2015-05-09,,,,
2015-05-10,,,,
2015-05-11,,,,
2015-05-12,,,,
2015-05-13,,,,
2015-05-14,,,,
2015-05-15,,,,
2015-05-16,,,,
2015-05-17,,,,
2015-05-18,,,,
2015-05-19,,,,
2015-05-20,,,,
2015-05-21,,,,
2015-05-22,,,,
2015-05-23,,,,
2015-05-24,,,,
2015-05-25,,,,
2015-05-26,,,,
2015-05-27,,,,
2015-05-28,,,,
2015-05-29,,,,
2015-05-30,,,,
2015-05-31,,,,
2015-06-01,,,,
2015-06-02,,,,
2015-06-03,,,,
2015-06-04,,,,
2015-06-05,,,,
2015-06-06,,,,
2015-06-07,,,,
2015-06-08,,,,
2015-06-09,,,,
2015-06-10,,,,
2015-06-11,,,,
2015-06-12,,,,
2015-06-13,,,,
2015-06-14,,,,
2015-06-15,,,,
2015-06-16,,,,
2015-06-17,,,,
2015-06-18,,,,
2015-06-19,,,,
2015-06-20,,,,
2015-06-21,,,,
2015-06-22,,,,
2015-06-23,,,,
2015-06-24,,,,
2015-06-25,,,,
2015-06-26,,,,
2015-06-27,,,,
2015-06-28,,,,
2015-06-29,,,,
2015-06-30,,,,
2015-07-01,,,,
2015-07-02,,,,
2015-07-03,,,,
2015-07-04,,,,
2015-07-05,,,,
2015-07-06,,,,
2015-07-07,,,,
2015-07-08,,,,
2015-07-09,,,,
2015-07-10,,,,
2015-07-11,,,,
2015-07-12,,,,
2015-07-13,,,,
2015-07-14,,,,
2015-07-15,,,,
2015-07-16,,,,
2015-07-17,,,,
2015-07-18,,,,
2015-07-19,,,,
2015-07-20,,,,
2015-07-21,,,,
2015-07-22,,,,
2015-07-23,,,,
2015-07-24,,,,
2015-07-25,,,,
2015-07-26,,,,
2015-07-27,,,,
2015-07-28,,,,
2015-07-29,,,,
2015-07-30,,,,
2015-07-31,,,,
2015-08-01,,,,
2015-08-02,,,,
2015-08-03,,,,
2015-08-04,,,,
2015-08-05,,,,
2015-08-06,,,,
2015-08-07,,,,
2015-08-08,,,,
2015-08-09,,,,
2015-08-10,,,,
2015-08-11,,,,
2015-08-12,,,,
2015-08-13,,,,
2015-08-14,,,,
2015-08-15,,,,
2015-08-16,,,,
2015-08-17,,,,
2015-08-18,,,,
2015-08-19,,,,
2015-08-20,,,,
2015-08-21,,,,
2015-08-22,,,,
2015-08-23,,,,
2015-08-24,,,,
2015-08-25,,,,
2015-08-26,,,,
2015-08-27,,,,
2015-08-28,,,,
2015-08-29,,,,
2015-08-30,,,,
2015-08-31,,,,
2015-09-01,,,,
2015-09-02,,,,
2015-09-03,,,,
2015-09-04,,,,
2015-09-05,,,,
2015-09-06,,,,
2015-09-07,,,,
2015-09-08,,,,
2015-09-09,,,,
2015-09-10,,,,
2015-09-11,,,,
2015-09-12,,,,
2015-09-13,,,,
2015-09-14,,,,
2015-09-15,,,,
2015-09-16,,,,
2015-09-17,,,,
2015-09-18,,,,
2015-09-19,,,,
2015-09-20,,,,
2015-09-21,,,,
2015-09-22,,,,
2015-09-23,,,,
2015-09-24,,,,
2015-09-25,,,,
2015-09-26,,,,
2015-09-27,,,,
2015-09-28,,,,
2015-09-29,,,,
2015-09-30,,,,
2015-10-01,,,,
2015-10-02,,,,
2015-10-03,,,,
2015-10-04,,,,
2015-10-05,,,,
2015-10-06,,,,
2015-10-07,,,,
2015-10-08,,,,
2015-10-09,,,,
2015-10-10,,,,
2015-10-11,,,,
2015-10-12,,,,
2015-10-13,,,,
2015-10-14,,,,
2015-10-15,,,,
2015-10-16,,,,
2015-10-17,,,,
2015-10-18,,,,
2015-10-19,,,,
2015-10-20,,,,
2015-10-21,,,,
2015-10-22,,,,
2015-10-23,,,,
2015-10-24,,,,
2015-10-25,,,,
2015-10-26,,,,
2015-10-27,,,,
2015-10-28,,,,
2015-10-29,,,,
2015-10-30,,,,
2015-10-31,,,,
2015-11-01,,,,
2015-11-02,,,,
2015-11-03,,,,
2015-11-04,,,,
2015-11-05,,,,
2015-11-06,,,,
2015-11-07,,,,
2015-11-08,,,,
2015-11-09,,,,
2015-11-10,,,,
2015-11-11,,,,
2015-11-12,,,,
2015-11-13,,,,
2015-11-14,,,,
2015-11-15,,,,
2015-11-16,,,,
2015-11-17,,,,
2015-11-18,,,,
2015-11-19,,,,
2015-11-20,,,,
2015-11-21,,,,
2015-11-22,,,,
2015-11-23,,,,
2015-11-24,,,,
2015-11-25,,,,
2015-11-26,,,,
2015-11-27,,,,
2015-11-28,,,,
2015-11-29,,,,
2015-11-30,,,,
2015-12-01,,,,
2015-12-02,,,,
2015-12-03,,,,
2015-12-04,,,,
2015-12-05,,,,
2015-12-06,,,,
2015-12-07,,,,
2015-12-08,,,,
2015-12-09,,,,
2015-12-10,,,,
2015-12-11,,,,
2015-12-12,,,,
2015-12-13,,,,
2015-12-14,,,,
2015-12-15,,,,
2015-12-16,,,,
2015-12-17,,,,
2015-12-18,,,,
2015-12-19,,,,
2015-12-20,,,,
2015-12-21,,,,
2015-12-22,,,,
2015-12-23,,,,
2015-12-24,,,,
2015-12-25,,,,
2015-12-26,,,,
2015-12-27,,,,
2015-12-28,,,,
2015-12-29,,,,
2015-12-30,,,,
2015-12-31,,,,
2016-01-01,,,,
2016-01-02,,,,
2016-01-03,,,,
2016-01-04,,,,
2016-01-05,,,,
2016-01-06,,,,
2016-01-07,,,,
2016-01-08,,,,
2016-01-09,,,,
2016-01-10,,,,
2016-01-11,,,,
2016-01-12,,,,
2016-01-13,,,,
2016-01-14,,,,
2016-01-15,,,,
2016-01-16,,,,
2016-01-17,,,,
2016-01-18,,,,
2016-01-19,,,,
2016-01-20,,,,
2016-01-21,,,,
2016-01-22,,,,
2016-01-23,,,,
2016-01-24,,,,
2016-01-25,,,,
2016-01-26,,,,
2016-01-27,,,,
2016-01-28,,,,
2016-01-29,,,,
2016-01-30,,,,
2016-01-31,,,,
2016-02-01,,,,
2016-02-02,,,,
2016-02-03,,,,
2016-02-04,,,,
2016-02-05,,,,
2016-02-06,,,,
2016-02-07,,,,
2016-02-08,,,,
2016-02-09,,,,
2016-02-10,,,,
2016-02-11,,,,
2016-02-12,,,,
2016-02-13,,,,
2016-02-14,,,,
2016-02-15,,,,
2016-02-16,,,,
2016-02-17,,,,
2016-02-18,,,,
2016-02-19,,,,
2016-02-20,,,,
2016-02-21,,,,
2016-02-22,,,,
2016-02-23,,,,
2016-02-24,,,,
2016-02-25,,,,
2016-02-26,,,,
2016-02-27,,,,
2016-02-28,,,,
2016-02-29,,,,
2016-03-01,,,,
2016-03-02,,,,
2016-03-03,,,,
2016-03-04,,,,
2016-03-05,,,,
2016-03-06,,,,
2016-03-07,,,,
2016-03-08,,,,
2016-03-09,,,,
2016-03-10,,,,
2016-03-11,,,,
2016-03-12,,,,
2016-03-13,,,,
2016-03-14,,,,
2016-03-15,,,,
2016-03-16,,,,
2016-03-17,,,,
2016-03-18,,,,
2016-03-19,,,,
2016-03-20,,,,
2016-03-21,,,,
2016-03-22,,,,
2016-03-23,,,,
2016-03-24,,,,
2016-03-25,,,,
2016-03-26,,,,
2016-03-27,,,,
2016-03-28,,,,
2016-03-29,,,,
2016-03-30,,,,
2016-03-31,,,,
2016-04-01,,,,
2016-04-02,,,,
2016-04-03,,,,
2016-04-04,,,,
2016-04-05,,,,
2016-04-06,,,,
2016-04-07,,,,
2016-04-08,,,,
2016-04-09,,,,
2016-04-10,,,,
2016-04-11,,,,
2016-04-12,,,,
2016-04-13,,,,
2016-04-14,,,,
2016-04-15,,,,
2016-04-16,,,,
2016-04-17,,,,
2016-04-18,,,,
2016-04-19,,,,
2016-04-20,,,,
2016-04-21,,,,
2016-04-22,,,,
2016-04-23,,,,
2016-04-24,,,,
2016-04-25,,,,
2016-04-26,,,,
2016-04-27,,,,
2016-04-28,,,,
2016-04-29,,,,
2016-04-30,,,,
2016-05-01,,,,
2016-05-02,,,,
2016-05-03,,,,
2016-05-04,,,,
2016-05-05,,,,
2016-05-06,,,,
2016-05-07,,,,
2016-05-08,,,,
2016-05-09,,,,
2016-05-10,,,,
2016-05-11,,,,
2016-05-12,,,,
2016-05-13,,,,
2016-05-14,,,,
2016-05-15,,,,
2016-05-16,,,,
2016-05-17,,,,
2016-05-18,,,,
2016-05-19,,,,
2016-05-20,,,,
2016-05-21,,,,
2016-05-22,,,,
2016-05-23,,,,
2016-05-24,,,,
2016-05-25,,,,
2016-05-26,,,,
2016-05-27,,,,
2016-05-28,,,,
2016-05-29,,,,
2016-05-30,,,,
2016-05-31,,,,
2016-06-01,,,,
2016-06-02,,,,
2016-06-03,,,,
2016-06-04,,,,
2016-06-05,,,,
2016-06-06,,,,
2016-06-07,,,,
2016-06-08,,,,
2016-06-09,,,,
2016-06-10,,,,
2016-06-11,,,,
2016-06-12,,,,
2016-06-13,,,,
2016-06-14,,,,
2016-06-15,,,,
2016-06-16,,,,
2016-06-17,,,,
2016-06-18,,,,
2016-06-19,,,,
2016-06-20,,,,
2016-06-21,,,,
2016-06-22,,,,
2016-06-23,,,,
2016-06-24,,,,
2016-06-25,,,,
2016-06-26,,,,
2016-06-27,,,,
2016-06-28,,,,
2016-06-29,,,,
2016-06-30,,,,
2016-07-01,,,,
2016-07-02,,,,
2016-07-03,,,,
2016-07-04,,,,
2016-07-05,,,,
2016-07-06,,,,
2016-07-07,,,,
2016-07-08,,,,
2016-07-09,,,,
2016-07-10,,,,
2016-07-11,,,,
2016-07-12,,,,
2016-07-13,,,,
2016-07-14,,,,
2016-07-15,,,,
2016-07-16,,,,
2016-07-17,,,,
2016-07-18,,,,
2016-07-19,,,,
2016-07-20,,,,
2016-07-21,,,,
2016-07-22,,,,
2016-07-23,,,,
2016-07-24,,,,
2016-07-25,,,,
2016-07-26,,,,
2016-07-27,,,,
2016-07-28,,,,
2016-07-29,,,,
2016-07-30,,,,
2016-07-31,,,,
2016-08-01,,,,
2016-08-02,,,,
2016-08-03,,,,
2016-08-04,,,,
2016-08-05,,,,
2016-08-06,,,,
2016-08-07,,,,
2016-08-08,,,,
2016-08-09,,,,
2016-08-10,,,,
2016-08-11,,,,
2016-08-12,,,,
2016-08-13,,,,
2016-08-14,,,,
2016-08-15,,,,
2016-08-16,,,,
2016-08-17,,,,
2016-08-18,,,,
2016-08-19,,,,
2016-08-20,,,,
2016-08-21,,,,
2016-08-22,,,,
2016-08-23,,,,
2016-08-24,,,,
2016-08-25,,,,
2016-08-26,,,,
2016-08-27,,,,
2016-08-28,,,,
2016-08-29,,,,
2016-08-30,,,,
2016-08-31,,,,
2016-09-01,,,,
2016-09-02,,,,
2016-09-03,,,,
2016-09-04,,,,
2016-09-05,,,,
2016-09-06,,,,
2016-09-07,,,,
2016-09-08,,,,
2016-09-09,,,,
2016-09-10,,,,
2016-09-11,,,,
2016-09-12,,,,
2016-09-13,,,,
2016-09-14,,,,
2016-09-15,,,,
2016-09-16,,,,
2016-09-17,,,,
2016-09-18,,,,
2016-09-19,,,,
2016-09-20,,,,
2016-09-21,,,,
2016-09-22,,,,
2016-09-23,,,,
2016-09-24,,,,
2016-09-25,,,,
2016-09-26,,,,
2016-09-27,,,,
2016-09-28,,,,
2016-09-29,,,,
2016-09-30,,,,
2016-10-01,,,,
2016-10-02,,,,
2016-10-03,,,,
2016-10-04,,,,
2016-10-05,,,,
2016-10-06,,,,
2016-10-07,,,,
2016-10-08,,,,
2016-10-09,,,,
2016-10-10,,,,
2016-10-11,,,,
2016-10-12,,,,
2016-10-13,,,,
2016-10-14,,,,
2016-10-15,,,,
2016-10-16,,,,
2016-10-17,,,,
2016-10-18,,,,
2016-10-19,,,,
2016-10-20,,,,
2016-10-21,,,,
2016-10-22,,,,
2016-10-23,,,,
2016-10-24,,,,
2016-10-25,,,,
2016-10-26,,,,
2016-10-27,,,,
2016-10-28,,,,
2016-10-29,,,,
2016-10-30,,,,
2016-10-31,,,,
2016-11-01,,,,
2016-11-02,,,,
2016-11-03,,,,
2016-11-04,,,,
2016-11-05,,,,
2016-11-06,,,,
2016-11-07,,,,
2016-11-08,,,,
2016-11-09,,,,
2016-11-10,,,,
2016-11-11,,,,
2016-11-12,,,,
2016-11-13,,,,
2016-11-14,,,,
2016-11-15,,,,
2016-11-16,,,,
2016-11-17,,,,
2016-11-18,,,,
2016-11-19,,,,
2016-11-20,,,,
2016-11-21,,,,
2016-11-22,,,,
2016-11-23,,,,
2016-11-24,,,,
2016-11-25,,,,
2016-11-26,,,,
2016-11-27,,,,
2016-11-28,,,,
2016-11-29,,,,
2016-11-30,,,,
2016-12-01,,,,
2016-12-02,,,,
2016-12-03,,,,
2016-12-04,,,,
2016-12-05,,,,
2016-12-06,,,,
2016-12-07,,,,
2016-12-08,,,,
2016-12-09,,,,
2016-12-10,,,,
2016-12-11,,,,
2016-12-12,,,,
2016-12-13,,,,
2016-12-14,,,,
2016-12-15,,,,
2016-12-16,,,,
2016-12-17,,,,
2016-12-18,,,,
2016-12-19,,,,
2016-12-20,,,,
2016-12-21,,,,
2016-12-22,,,,
2016-12-23,,,,
2016-12-24,,,,
2016-12-25,,,,
2016-12-26,,,,
2016-12-27,,,,
2016-12-28,,,,
2016-12-29,,,,
2016-12-30,,,,
2016-12-31,,,,
2017-01-01,,,,
2017-01-02,,,,
2017-01-03,,,,
2017-01-04,,,,
2017-01-05,,,,
2017-01-06,,,,
2017-01-07,,,,
2017-01-08,,,,
2017-01-09,,,,
2017-01-10,,,,
2017-01-11,,,,
2017-01-12,,,,
2017-01-13,,,,
2017-01-14,,,,
2017-01-15,,,,
2017-01-16,,,,
2017-01-17,,,,
2017-01-18,,,,
2017-01-19,,,,
2017-01-20,,,,
2017-01-21,,,,
2017-01-22,,,,
2017-01-23,,,,
2017-01-24,,,,
2017-01-25,,,,
2017-01-26,,,,
2017-01-27,,,,
2017-01-28,,,,
2017-01-29,,,,
2017-01-30,,,,
2017-01-31,,,,
2017-02-01,,,,
2017-02-02,,,,
2017-02-03,,,,
2017-02-04,,,,
2017-02-05,,,,
2017-02-06,,,,
2017-02-07,,,,
2017-02-08,,,,
2017-02-09,,,,
2017-02-10,,,,
2017-02-11,,,,
2017-02-12,,,,
2017-02-13,,,,
2017-02-14,,,,
2017-02-15,,,,
2017-02-16,,,,
2017-02-17,,,,
2017-02-18,,,,
2017-02-19,,,,
2017-02-20,,,,
2017-02-21,,,,
2017-02-22,,,,
2017-02-23,,,,
2017-02-24,,,,
2017-02-25,,,,
2017-02-26,,,,
2017-02-27,,,,
2017-02-28,,,,
2017-03-01,,,,
2017-03-02,,,,
2017-03-03,,,,
2017-03-04,,,,
2017-03-05,,,,
2017-03-06,,,,
2017-03-07,,,,
2017-03-08,,,,
2017-03-09,,,,
2017-03-10,,,,
2017-03-11,,,,
2017-03-12,,,,
2017-03-13,,,,
2017-03-14,,,,
2017-03-15,,,,
2017-03-16,,,,
2017-03-17,,,,
2017-03-18,,,,
2017-03-19,,,,
2017-03-20,,,,
2017-03-21,,,,
2017-03-22,,,,
2017-03-23,,,,
2017-03-24,,,,
2017-03-25,,,,
2017-03-26,,,,
2017-03-27,,,,
2017-03-28,,,,
2017-03-29,,,,
2017-03-30,,,,
2017-03-31,,,,
2017-04-01,,,,
2017-04-02,,,,
2017-04-03,,,,
2017-04-04,,,,
2017-04-05,,,,
2017-04-06,,,,
2017-04-07,,,,
2017-04-08,,,,
2017-04-09,,,,
2017-04-10,,,,
2017-04-11,,,,
2017-04-12,,,,
2017-04-13,,,,
2017-04-14,,,,
2017-04-15,,,,
2017-04-16,,,,
2017-04-17,,,,
2017-04-18,,,,
2017-04-19,,,,
2017-04-20,,,,
2017-04-21,,,,
2017-04-22,,,,
2017-04-23,,,,
2017-04-24,,,,
2017-04-25,,,,
2017-04-26,,,,
2017-04-27,,,,
2017-04-28,,,,
2017-04-29,,,,
2017-04-30,,,,
2017-05-01,,,,
2017-05-02,,,,
2017-05-03,,,,
2017-05-04,,,,
2017-05-05,,,,
2017-05-06,,,,
2017-05-07,,,,
2017-05-08,,,,
2017-05-09,,,,
2017-05-10,,,,
2017-05-11,,,,
2017-05-12,,,,
2017-05-13,,,,
2017-05-14,,,,
2017-05-15,,,,
2017-05-16,,,,
2017-05-17,,,,
2017-05-18,,,,
2017-05-19,,,,
2017-05-20,,,,
2017-05-21,,,,
2017-05-22,,,,
2017-05-23,,,,
2017-05-24,,,,
2017-05-25,,,,
2017-05-26,,,,
2017-05-27,,,,
2017-05-28,,,,
2017-05-29,,,,
2017-05-30,,,,
2017-05-31,,,,
2017-06-01,,,,
2017-06-02,,,,
2017-06-03,,,,
2017-06-04,,,,
2017-06-05,,,,
2017-06-06,,,,
2017-06-07,,,,
2017-06-08,,,,
2017-06-09,,,,
2017-06-10,,,,
2017-06-11,,,,
2017-06-12,,,,
2017-06-13,,,,
2017-06-14,,,,
2017-06-15,,,,
2017-06-16,,,,
2017-06-17,,,,
2017-06-18,,,,
2017-06-19,,,,
2017-06-20,,,,
2017-06-21,,,,
2017-06-22,,,,
2017-06-23,,,,
2017-06-24,,,,
2017-06-25,,,,
2017-06-26,,,,
2017-06-27,,,,
2017-06-28,,,,
2017-06-29,,,,
2017-06-30,,,,
2017-07-01,,,,
2017-07-02,,,,
2017-07-03,,,,
2017-07-04,,,,
2017-07-05,,,,
2017-07-06,,,,
2017-07-07,,,,
2017-07-08,,,,
2017-07-09,,,,
2017-07-10,,,,
2017-07-11,,,,
2017-07-12,,,,
2017-07-13,,,,
2017-07-14,,,,
2017-07-15,,,,
2017-07-16,,,,
2017-07-17,,,,
2017-07-18,,,,
2017-07-19,,,,
2017-07-20,,,,
2017-07-21,,,,
2017-07-22,,,,
2017-07-23,,,,
2017-07-24,,,,
2017-07-25,,,,
2017-07-26,,,,
2017-07-27,,,,
2017-07-28,,,,
2017-07-29,,,,
2017-07-30,,,,
2017-07-31,,,,
2017-08-01,,,,
2017-08-02,,,,
2017-08-03,,,,
2017-08-04,,,,
2017-08-05,,,,
2017-08-06,,,,
2017-08-07,,,,
2017-08-08,,,,
2017-08-09,,,,
2017-08-10,,,,
2017-08-11,,,,
2017-08-12,,,,
2017-08-13,,,,
2017-08-14,,,,
2017-08-15,,,,
2017-08-16,,,,
2017-08-17,,,,
2017-08-18,,,,
2017-08-19,,,,
2017-08-20,,,,
2017-08-21,,,,
2017-08-22,,,,
2017-08-23,,,,
2017-08-24,,,,
2017-08-25,,,,
2017-08-26,,,,
2017-08-27,,,,
2017-08-28,,,,
2017-08-29,,,,
2017-08-30,,,,
2017-08-31,,,,
2017-09-01,,,,
2017-09-02,,,,
2017-09-03,,,,
2017-09-04,,,,
2017-09-05,,,,
2017-09-06,,,,
2017-09-07,,,,
2017-09-08,,,,
2017-09-09,,,,
2017-09-10,,,,
2017-09-11,,,,
2017-09-12,,,,
2017-09-13,,,,
2017-09-14,,,,
2017-09-15,,,,
2017-09-16,,,,
2017-09-17,,,,
2017-09-18,,,,
2017-09-19,,,,
2017-09-20,,,,
2017-09-21,,,,
2017-09-22,,,,
2017-09-23,,,,
2017-09-24,,,,
2017-09-25,,,,
2017-09-26,,,,
2017-09-27,,,,
2017-09-28,,,,
2017-09-29,,,,
2017-09-30,,,,
2017-10-01,,,,
2017-10-02,,,,
2017-10-03,,,,
2017-10-04,,,,
2017-10-05,,,,
2017-10-06,,,,
2017-10-07,,,,
2017-10-08,,,,
2017-10-09,,,,
2017-10-10,,,,
2017-10-11,,,,
2017-10-12,,,,
2017-10-13,,,,
2017-10-14,,,,
2017-10-15,,,,
2017-10-16,,,,
2017-10-17,,,,
2017-10-18,,,,
2017-10-19,,,,
2017-10-20,,,,
2017-10-21,,,,
2017-10-22,,,,
2017-10-23,,,,
2017-10-24,,,,
2017-10-25,,,,
2017-10-26,,,,
2017-10-27,,,,
2017-10-28,,,,
2017-10-29,,,,
2017-10-30,,,,
2017-10-31,,,,
2017-11-01,,,,
2017-11-02,,,,
2017-11-03,,,,
2017-11-04,,,,
2017-11-05,,,,
2017-11-06,,,,
2017-11-07,,,,
2017-11-08,,,,
2017-11-09,,,,
2017-11-10,,,,
2017-11-11,,,,
2017-11-12,,,,
2017-11-13,,,,
2017-11-14,,,,
2017-11-15,,,,
2017-11-16,,,,
2017-11-17,,,,
2017-11-18,,,,
2017-11-19,,,,
2017-11-20,,,,
2017-11-21,,,,
2017-11-22,,,,
2017-11-23,,,,
2017-11-24,,,,
2017-11-25,,,,
2017-11-26,,,,
2017-11-27,,,,
2017-11-28,,,,
2017-11-29,,,,
2017-11-30,,,,
2017-12-01,,,,
2017-12-02,,,,
2017-12-03,,,,
2017-12-04,,,,
2017-12-05,,,,
2017-12-06,,,,
2017-12-07,,,,
2017-12-08,,,,
2017-12-09,,,,
2017-12-10,,,,
2017-12-11,,,,
2017-12-12,,,,
2017-12-13,,,,
2017-12-14,,,,
2017-12-15,,,,
2017-12-16,,,,
2017-12-17,,,,
2017-12-18,,,,
2017-12-19,,,,
2017-12-20,,,,
2017-12-21,,,,
2017-12-22,,,,
2017-12-23,,,,
2017-12-24,,,,
2017-12-25,,,,
2017-12-26,,,,
2017-12-27,,,,
2017-12-28,,,,
2017-12-29,,,,
2017-12-30,,,,
2017-12-31,,,,
2018-01-01,,,,
2018-01-02,,,,
2018-01-03,,,,
2018-01-04,,,,
2018-01-05,,,,
2018-01-06,,,,
2018-01-07,,,,
2018-01-08,,,,
2018-01-09,,,,
2018-01-10,,,,
2018-01-11,,,,
2018-01-12,,,,
2018-01-13,,,,
2018-01-14,,,,
2018-01-15,,,,
2018-01-16,,,,
2018-01-17,,,,
2018-01-18,,,,
2018-01-19,,,,
2018-01-20,,,,
2018-01-21,,,,
2018-01-22,,,,
2018-01-23,,,,
2018-01-24,,,,
2018-01-25,,,,
2018-01-26,,,,
2018-01-27,,,,
2018-01-28,,,,
2018-01-29,,,,
2018-01-30,,,,
2018-01-31,,,,
2018-02-01,,,,
2018-02-02,,,,
2018-02-03,,,,
2018-02-04,,,,
2018-02-05,,,,
2018-02-06,,,,
2018-02-07,,,,
2018-02-08,,,,
2018-02-09,,,,
2018-02-10,,,,
2018-02-11,,,,
2018-02-12,,,,
2018-02-13,,,,
2018-02-14,,,,
2018-02-15,,,,
2018-02-16,,,,
2018-02-17,,,,
2018-02-18,,,,
2018-02-19,,,,
2018-02-20,,,,
2018-02-21,,,,
2018-02-22,,,,
2018-02-23,,,,
2018-02-24,,,,
2018-02-25,,,,
2018-02-26,,,,
2018-02-27,,,,
2018-02-28,,,,
2018-03-01,,,,
2018-03-02,,,,
2018-03-03,,,,
2018-03-04,,,,
2018-03-05,,,,
2018-03-06,,,,
2018-03-07,,,,
2018-03-08,,,,
2018-03-09,,,,
2018-03-10,,,,
2018-03-11,,,,
2018-03-12,,,,
2018-03-13,,,,
2018-03-14,,,,
2018-03-15,,,,
2018-03-16,,,,
2018-03-17,,,,
2018-03-18,,,,
2018-03-19,,,,
2018-03-20,,,,
2018-03-21,,,,
2018-03-22,,,,
2018-03-23,,,,
2018-03-24,,,,
2018-03-25,,,,
2018-03-26,,,,
2018-03-27,,,,
2018-03-28,,,,
2018-03-29,,,,
2018-03-30,,,,
2018-03-31,,,,
2018-04-01,,,,
2018-04-02,,,,
2018-04-03,,,,
2018-04-04,,,,
2018-04-05,,,,
2018-04-06,,,,
2018-04-07,,,,
2018-04-08,,,,
2018-04-09,,,,
2018-04-10,,,,
2018-04-11,,,,
2018-04-12,,,,
2018-04-13,,,,
2018-04-14,,,,
2018-04-15,,,,
2018-04-16,,,,
2018-04-17,,,,
2018-04-18,,,,
2018-04-19,,,,
2018-04-20,,,,
2018-04-21,,,,
2018-04-22,,,,
2018-04-23,,,,
2018-04-24,,,,
2018-04-25,,,,
2018-04-26,,,,
2018-04-27,,,,
2018-04-28,,,,
2018-04-29,,,,
2018-04-30,,,,
2018-05-01,,,,
2018-05-02,,,,
2018-05-03,,,,
2018-05-04,,,,
2018-05-05,,,,
2018-05-06,,,,
2018-05-07,,,,
2018-05-08,,,,
2018-05-09,,,,
2018-05-10,,,,
2018-05-11,,,,
2018-05-12,,,,
2018-05-13,,,,
2018-05-14,,,,
2018-05-15,,,,
2018-05-16,,,,
2018-05-17,,,,
2018-05-18,,,,
2018-05-19,,,,
2018-05-20,,,,
2018-05-21,,,,
2018-05-22,,,,
2018-05-23,,,,
2018-05-24,,,,
2018-05-25,,,,
2018-05-26,,,,
2018-05-27,,,,
2018-05-28,,,,
2018-05-29,,,,
2018-05-30,,,,
2018-05-31,,,,
2018-06-01,,,,
2018-06-02,,,,
2018-06-03,,,,
2018-06-04,,,,
2018-06-05,,,,
2018-06-06,,,,
2018-06-07,,,,
2018-06-08,,,,
2018-06-09,,,,
2018-06-10,,,,
2018-06-11,,,,
2018-06-12,,,,
2018-06-13,,,,
2018-06-14,,,,
2018-06-15,,,,
2018-06-16,,,,
2018-06-17,,,,
2018-06-18,,,,
2018-06-19,,,,
2018-06-20,,,,
2018-06-21,,,,
2018-06-22,,,,
2018-06-23,,,,
2018-06-24,,,,
2018-06-25,,,,
2018-06-26,,,,
2018-06-27,,,,
2018-06-28,,,,
2018-06-29,,,,
2018-06-30,,,,
2018-07-01,,,,
2018-07-02,,,,
2018-07-03,,,,
2018-07-04,,,,
2018-07-05,,,,
2018-07-06,,,,
2018-07-07,,,,
2018-07-08,,,,
2018-07-09,,,,
2018-07-10,,,,
2018-07-11,,,,
2018-07-12,,,,
2018-07-13,,,,
2018-07-14,,,,
2018-07-15,,,,
2018-07-16,,,,
2018-07-17,,,,
2018-07-18,,,,
2018-07-19,,,,
2018-07-20,,,,
2018-07-21,,,,
2018-07-22,,,,
2018-07-23,,,,
2018-07-24,,,,
2018-07-25,,,,
2018-07-26,,,,
2018-07-27,,,,
2018-07-28,,,,
2018-07-29,,,,
2018-07-30,,,,
2018-07-31,,,,
2018-08-01,,,,
2018-08-02,,,,
2018-08-03,,,,
2018-08-04,,,,
2018-08-05,,,,
2018-08-06,,,,
2018-08-07,,,,
2018-08-08,,,,
2018-08-09,,,,
2018-08-10,,,,
2018-08-11,,,,
2018-08-12,,,,
2018-08-13,,,,
2018-08-14,,,,
2018-08-15,,,,
2018-08-16,,,,
2018-08-17,,,,
2018-08-18,,,,
2018-08-19,,,,
2018-08-20,,,,
2018-08-21,,,,
2018-08-22,,,,
2018-08-23,,,,
2018-08-24,,,,
2018-08-25,,,,
2018-08-26,,,,
2018-08-27,,,,
2018-08-28,,,,
2018-08-29,,,,
2018-08-30,,,,
2018-08-31,,,,
2018-09-01,,,,
2018-09-02,,,,
2018-09-03,,,,
2018-09-04,,,,
2018-09-05,,,,
2018-09-06,,,,
2018-09-07,,,,
2018-09-08,,,,
2018-09-09,,,,
2018-09-10,,,,
2018-09-11,,,,
2018-09-12,,,,
2018-09-13,,,,
2018-09-14,,,,
2018-09-15,,,,
2018-09-16,,,,
2018-09-17,,,,
2018-09-18,,,,
2018-09-19,,,,
2018-09-20,,,,
2018-09-21,,,,
2018-09-22,,,,
2018-09-23,,,,
2018-09-24,,,,
2018-09-25,,,,
2018-09-26,,,,
2018-09-27,,,,
2018-09-28,,,,
2018-09-29,,,,
2018-09-30,,,,
2018-10-01,,,,
2018-10-02,,,,
2018-10-03,,,,
2018-10-04,,,,
2018-10-05,,,,
2018-10-06,,,,
2018-10-07,,,,
2018-10-08,,,,
2018-10-09,,,,
2018-10-10,,,,
2018-10-11,,,,
2018-10-12,,,,
2018-10-13,,,,
2018-10-14,,,,
2018-10-15,,,,
2018-10-16,,,,
2018-10-17,,,,
2018-10-18,,,,
2018-10-19,,,,
2018-10-20,,,,
2018-10-21,,,,
2018-10-22,,,,
2018-10-23,,,,
2018-10-24,,,,
2018-10-25,,,,
2018-10-26,,,,
2018-10-27,,,,
2018-10-28,,,,
2018-10-29,,,,
2018-10-30,,,,
2018-10-31,,,,
2018-11-01,,,,
2018-11-02,,,,
2018-11-03,,,,
2018-11-04,,,,
2018-11-05,,,,
2018-11-06,,,,
2018-11-07,,,,
2018-11-08,,,,
2018-11-09,,,,
2018-11-10,,,,
2018-11-11,,,,
2018-11-12,,,,
2018-11-13,,,,
2018-11-14,,,,
2018-11-15,,,,
2018-11-16,,,,
2018-11-17,,,,
2018-11-18,,,,
2018-11-19,,,,
2018-11-20,,,,
2018-11-21,,,,
2018-11-22,,,,
2018-11-23,,,,
2018-11-24,,,,
2018-11-25,,,,
2018-11-26,,,,
2018-11-27,,,,
2018-11-28,,,,
2018-11-29,,,,
2018-11-30,,,,
2018-12-01,,,,
2018-12-02,,,,
2018-12-03,,,,
2018-12-04,,,,
2018-12-05,,,,
2018-12-06,,,,
2018-12-07,,,,
2018-12-08,,,,
2018-12-09,,,,
2018-12-10,,,,
2018-12-11,,,,
2018-12-12,,,,
2018-12-13,,,,
2018-12-14,,,,
2018-12-15,,,,
2018-12-16,,,,
2018-12-17,,,,
2018-12-18,,,,
2018-12-19,,,,
2018-12-20,,,,
2018-12-21,,,,
2018-12-22,,,,
2018-12-23,,,,
2018-12-24,,,,
2018-12-25,,,,
2018-12-26,,,,
2018-12-27,,,,
2018-12-28,,,,
2018-12-29,,,,
2018-12-30,,,,
2018-12-31,77136.0,3214.0,3214.0,23.0
2019-01-01,87936.3,3664.0125000000003,6460.0,23.0
2019-01-02,202857.5,8452.395833333334,11019.1,10.0
2019-01-03,107545.3,4481.054166666667,5872.0,9.0
2019-01-04,82415.4,3433.975,4534.6,12.0
2019-01-05,149750.6,6239.608333333334,8305.0,21.0
2019-01-06,180065.6,7502.733333333334,8070.2,10.0
2019-01-07,173556.1,7231.504166666667,8623.2,12.0
2019-01-08,194629.0,8109.541666666667,9250.0,19.0
2019-01-09,259933.3,10830.554166666667,12724.1,14.0
2019-01-10,268649.0,11193.708333333334,13392.9,12.0
2019-01-11,230635.39999999997,9609.808333333332,11874.3,11.0
2019-01-12,191316.8,7971.533333333333,9922.4,13.0
2019-01-13,198182.3,8257.595833333333,9524.9,12.0
2019-01-14,197994.90000000002,8249.7875,10322.6,10.0
2019-01-15,75765.0,3156.875,5715.0,0.0
2019-01-16,70614.6,2942.275,3979.7,12.0
2019-01-17,113920.6,4746.691666666667,6893.5,12.0
2019-01-18,106961.0,4456.708333333333,5916.9,14.0
2019-01-19,157344.6,6556.025000000001,7980.0,20.0
2019-01-20,219402.10000000003,9141.754166666668,12470.1,12.0
2019-01-21,197270.3,8219.595833333333,10513.8,12.0
2019-01-22,244953.59999999998,10206.4,13325.0,23.0
2019-01-23,374143.1,15589.295833333332,17800.7,12.0
2019-01-24,316208.3,13175.345833333333,14826.6,13.0
2019-01-25,240259.2,10010.800000000001,12288.7,11.0
2019-01-26,138110.7,5754.6125,9514.0,23.0
2019-01-27,316953.7,13206.404166666667,17364.1,13.0
2019-01-28,326276.1,13594.8375,16818.3,12.0
2019-01-29,308348.6,12847.858333333332,15998.0,13.0
2019-01-30,280236.5,11676.520833333334,13893.0,14.0
2019-01-31,351790.6,14657.941666666666,16083.1,12.0
2019-02-01,359123.1,14963.4625,17020.6,12.0
2019-02-02,356176.1,14840.670833333332,17656.3,12.0
2019-02-03,253769.6,10573.733333333334,13119.1,12.0
2019-02-04,154861.8,6452.575,8471.0,2.0
2019-02-05,116590.3,4857.929166666667,6987.3,12.0
2019-02-06,89644.1,3735.1708333333336,5709.5,13.0
2019-02-07,96321.0,4013.375,5634.5,12.0
2019-02-08,159827.3,6659.470833333333,9713.2,13.0
2019-02-09,162411.9,6767.162499999999,9220.0,23.0
2019-02-10,241694.09999999998,10070.5875,12611.4,11.0
2019-02-11,141100.9,5879.204166666666,7477.4,12.0
2019-02-12,90801.5,3783.3958333333335,5562.9,12.0
2019-02-13,98829.1,4117.879166666667,6244.9,13.0
2019-02-14,153791.1,6407.962500000001,8573.7,12.0
2019-02-15,118953.9,4956.412499999999,6421.8,12.0
2019-02-16,186628.7,7776.195833333334,10354.7,14.0
2019-02-17,180166.4,7506.933333333333,9025.8,12.0
2019-02-18,116633.4,4859.724999999999,6455.0,12.0
2019-02-19,67807.8,2825.3250000000003,4373.0,13.0
2019-02-20,87299.0,3637.4583333333335,5784.6,12.0
2019-02-21,130796.5,5449.854166666667,8187.0,12.0
2019-02-22,116252.0,4843.833333333333,6772.4,11.0
2019-02-23,125465.1,5227.712500000001,6635.3,13.0
2019-02-24,98255.7,4093.9874999999997,6130.3,12.0
2019-02-25,90881.4,3786.725,5854.1,12.0
2019-02-26,131400.2,5475.008333333334,8383.9,13.0
2019-02-27,125176.7,5215.695833333333,7130.8,12.0
2019-02-28,125328.4,5222.016666666666,6519.5,13.0
2019-03-01,111101.9,4629.245833333333,6823.0,23.0
2019-03-02,164686.2,6861.925,9396.3,13.0
2019-03-03,211407.90000000002,8808.6625,11504.2,14.0
2019-03-04,247660.1,10319.170833333334,13943.2,11.0
2019-03-05,193568.9,8065.370833333333,10889.0,23.0
2019-03-06,333423.6,13892.65,16526.7,14.0
2019-03-07,182613.3,7608.8875,11848.0,0.0
2019-03-08,91178.9,3799.120833333333,5998.3,12.0
2019-03-09,91586.8,3816.116666666667,5763.8,13.0
2019-03-10,142443.0,5935.125,7805.2,14.0
2019-03-11,132189.2,5507.883333333334,8483.8,9.0
2019-03-12,177311.8,7387.991666666666,11641.3,14.0
2019-03-13,234810.4,9783.766666666666,13282.0,11.0
2019-03-14,174624.0,7276.0,9053.4,14.0
2019-03-15,115923.69999999998,4830.154166666666,6519.6,12.0
2019-03-16,129322.1,5388.420833333334,8541.2,14.0
2019-03-17,217423.3,9059.304166666667,11874.6,14.0
2019-03-18,188604.3,7858.5125,9537.0,13.0
2019-03-19,208884.7,8703.529166666667,12170.6,13.0
2019-03-20,199668.10000000003,8319.504166666668,9742.6,11.0
2019-03-21,137395.9,5724.829166666666,7253.1,12.0
2019-03-22,111688.7,4653.695833333333,6937.2,12.0
2019-03-23,130480.3,5436.679166666667,7919.9,13.0
2019-03-24,162764.1,6781.837500000001,8417.3,13.0
2019-03-25,261230.89999999997,10884.620833333332,13103.5,14.0
2019-03-26,306115.8,12754.824999999999,14645.1,15.0
2019-03-27,242229.4,10092.891666666666,11851.7,14.0
2019-03-28,188249.9,7843.745833333333,9185.4,11.0
2019-03-29,166562.1,6940.087500000001,9027.3,12.0
2019-03-30,142825.8,5951.075,7215.7,12.0
2019-03-31,97323.8,4055.1583333333333,5311.7,13.0
2019-04-01,63919.90000000001,2663.329166666667,3810.9,13.0
2019-04-02,94692.6,3945.525,5899.5,14.0
2019-04-03,196404.5,8183.520833333333,13598.5,14.0
2019-04-04,178484.80000000002,7436.866666666668,9824.2,13.0
2019-04-05,227819.5,9492.479166666666,11243.9,13.0
2019-04-06,268517.9,11188.245833333334,13255.4,10.0
2019-04-07,222178.2,9257.425000000001,11549.2,11.0
2019-04-08,212939.5,8872.479166666666,11578.5,13.0
2019-04-09,259909.39999999997,10829.558333333332,13105.6,13.0
2019-04-10,220741.3,9197.554166666667,10635.2,10.0
2019-04-11,188378.9,7849.120833333333,10200.6,13.0
2019-04-12,148138.9,6172.454166666666,8351.7,12.0
2019-04-13,99610.9,4150.454166666666,5830.1,13.0
2019-04-14,120296.9,5012.370833333333,7298.1,12.0
2019-04-15,189449.7,7893.7375,13164.0,13.0
2019-04-16,123471.69999999998,5144.654166666666,8757.0,23.0
2019-04-17,252115.2,10504.800000000001,14419.3,12.0
2019-04-18,147183.9,6132.662499999999,7967.1,15.0
2019-04-19,223207.60000000003,9300.316666666668,11657.5,13.0
2019-04-20,237552.2,9898.008333333333,12568.8,12.0
2019-04-21,164959.2,6873.3,9233.2,11.0
2019-04-22,109387.6,4557.816666666667,6636.3,13.0
2019-04-23,203145.59999999998,8464.4,11422.2,14.0
2019-04-24,307650.9,12818.7875,16445.1,14.0
2019-04-25,314753.9,13114.745833333334,16030.3,14.0
2019-04-26,186920.9,7788.370833333333,11267.0,0.0
2019-04-27,111501.69999999998,4645.904166666666,6230.8,12.0
2019-04-28,139005.3,5791.8875,7157.3,12.0
2019-04-29,92838.2,3868.258333333333,5320.1,12.0
2019-04-30,91095.3,3795.6375000000003,5391.7,13.0
2019-05-01,149754.8,6239.783333333333,8556.0,22.0
2019-05-02,212196.2,8841.508333333333,10364.4,10.0
2019-05-03,168132.2,7005.508333333334,9498.0,14.0
2019-05-04,189996.9,7916.537499999999,10321.0,23.0
2019-05-05,194986.6,8124.441666666667,10142.0,0.0
2019-05-06,88546.5,3689.4375,5886.1,14.0
2019-05-07,187794.5,7824.770833333333,11398.8,14.0
2019-05-08,321023.2,13375.966666666667,16865.0,12.0
2019-05-09,228179.2,9507.466666666667,11561.0,0.0
2019-05-10,212639.3,8859.970833333333,12101.7,12.0
2019-05-11,163588.1,6816.170833333334,9447.0,23.0
2019-05-12,219546.2,9147.758333333333,9833.4,14.0
2019-05-13,225774.8,9407.283333333333,10741.5,11.0
2019-05-14,133662.5,5569.270833333333,7393.0,0.0
2019-05-15,120086.30000000002,5003.595833333334,7738.1,14.0
2019-05-16,182388.0,7599.5,12345.0,23.0
2019-05-17,298270.5,12427.9375,16406.8,12.0
2019-05-18,169356.6,7056.525000000001,10987.8,14.0
2019-05-19,157168.3,6548.679166666666,9667.3,14.0
2019-05-20,95813.8,3992.241666666667,5090.5,12.0
2019-05-21,83277.7,3469.9041666666667,4760.5,14.0
2019-05-22,74653.8,3110.5750000000003,4518.8,13.0
2019-05-23,92457.9,3852.4125,5426.5,14.0
2019-05-24,198454.3,8268.929166666667,10925.4,15.0
2019-05-25,213420.10000000003,8892.504166666668,10467.0,14.0
2019-05-26,184187.3,7674.470833333333,9850.2,14.0
2019-05-27,171037.6,7126.566666666667,9540.2,15.0
2019-05-28,206920.0,8621.666666666666,11526.6,15.0
2019-05-29,199651.1,8318.795833333334,10525.1,12.0
2019-05-30,144969.8,6040.408333333333,7284.4,15.0
2019-05-31,117472.1,4894.670833333334,6347.7,12.0
2019-06-01,118042.4,4918.433333333333,6466.7,13.0
2019-06-02,122144.0,5089.333333333333,7254.1,14.0
2019-06-03,113836.9,4743.204166666666,7855.2,14.0
2019-06-04,194108.5,8087.854166666667,11960.0,14.0
2019-06-05,212094.59999999998,8837.275,13777.8,12.0
2019-06-06,234953.2,9789.716666666667,15620.4,14.0
2019-06-07,197257.8,8219.074999999999,11588.0,0.0
2019-06-08,154688.2,6445.341666666667,9099.5,14.0
2019-06-09,119495.19999999998,4978.966666666666,7416.5,17.0
2019-06-10,148123.2,6171.8,7697.9,15.0
2019-06-11,177982.0,7415.916666666667,12035.5,14.0
2019-06-12,114826.1,4784.420833333334,6125.5,14.0
2019-06-13,139852.7,5827.195833333334,8514.7,12.0
2019-06-14,133646.3,5568.595833333333,8927.9,15.0
2019-06-15,118602.29999999999,4941.7625,6175.0,12.0
2019-06-16,89227.3,3717.804166666667,5197.9,12.0
2019-06-17,87712.0,3654.6666666666665,5791.8,13.0
2019-06-18,180847.3,7535.304166666666,12566.9,14.0
2019-06-19,134762.2,5615.091666666667,7158.9,13.0
2019-06-20,119523.6,4980.150000000001,6991.1,15.0
2019-06-21,122790.4,5116.266666666666,6380.2,14.0
2019-06-22,118408.1,4933.670833333334,6500.2,13.0
2019-06-23,140980.2,5874.175,8706.3,12.0
2019-06-24,99041.4,4126.724999999999,6404.0,14.0
2019-06-25,103627.79999999999,4317.825,6917.6,14.0
2019-06-26,172418.7,7184.1125,11002.9,14.0
2019-06-27,184334.0,7680.583333333333,11625.9,14.0
2019-06-28,114073.7,4753.070833333333,7253.2,14.0
2019-06-29,103974.4,4332.266666666666,5883.8,13.0
2019-06-30,125787.4,5241.141666666666,7670.4,14.0
2019-07-01,154157.4,6423.224999999999,8719.1,16.0
2019-07-02,159098.5,6629.104166666667,7188.6,13.0
2019-07-03,138116.6,5754.858333333334,6970.2,14.0
2019-07-04,126899.19999999998,5287.466666666666,7254.5,13.0
2019-07-05,98266.3,4094.429166666667,6710.5,14.0
2019-07-06,98401.6,4100.066666666667,7549.5,14.0
2019-07-07,113552.4,4731.349999999999,7221.0,23.0
2019-07-08,138999.4,5791.641666666666,7599.0,14.0
2019-07-09,131511.6,5479.650000000001,7373.7,15.0
2019-07-10,112369.9,4682.079166666666,5616.0,0.0
2019-07-11,93368.1,3890.3375,5716.4,14.0
2019-07-12,93521.6,3896.7333333333336,5453.0,23.0
2019-07-13,141186.4,5882.766666666666,7852.6,14.0
2019-07-14,142477.2,5936.55,8022.7,14.0
2019-07-15,157987.3,6582.804166666666,8724.0,14.0
2019-07-16,152231.7,6342.9875,8054.9,16.0
2019-07-17,128636.6,5359.858333333334,6378.4,13.0
2019-07-18,104544.0,4356.0,5181.6,15.0
2019-07-19,129075.80000000002,5378.158333333334,7716.2,14.0
2019-07-20,124094.5,5170.604166666667,6629.7,16.0
2019-07-21,133708.6,5571.191666666667,7248.2,13.0
2019-07-22,148329.7,6180.404166666667,8508.2,14.0
2019-07-23,144012.4,6000.516666666666,9521.2,13.0
2019-07-24,134083.3,5586.804166666666,9266.9,14.0
2019-07-25,159810.9,6658.787499999999,9393.9,13.0
2019-07-26,124412.9,5183.870833333333,7518.8,16.0
2019-07-27,184720.4,7696.683333333333,11789.9,14.0
2019-07-28,108253.7,4510.570833333333,6380.0,0.0
2019-07-29,152445.6,6351.900000000001,9317.8,14.0
2019-07-30,144213.3,6008.8875,6931.1,16.0
2019-07-31,173349.3,7222.8875,8760.5,16.0
2019-08-01,128939.30000000002,5372.470833333334,6435.1,13.0
2019-08-02,97896.4,4079.0166666666664,5589.4,14.0
2019-08-03,96551.9,4022.995833333333,6208.1,13.0
2019-08-04,92365.3,3848.554166666667,6015.9,14.0
2019-08-05,92980.0,3874.1666666666665,6418.9,14.0
2019-08-06,106778.8,4449.116666666667,7258.6,14.0
2019-08-07,112512.5,4688.020833333333,7144.4,14.0
2019-08-08,176157.1,7339.879166666667,10092.3,14.0
2019-08-09,223067.09999999998,9294.4625,13795.9,14.0
2019-08-10,106451.1,4435.462500000001,6379.8,14.0
2019-08-11,126882.69999999998,5286.779166666666,7843.7,14.0
2019-08-12,175230.5,7301.270833333333,8635.4,12.0
2019-08-13,137844.3,5743.5125,7106.0,0.0
2019-08-14,98185.1,4091.0458333333336,6321.7,12.0
2019-08-15,107271.69999999998,4469.654166666666,6638.3,14.0
2019-08-16,93773.7,3907.2374999999997,6420.7,13.0
2019-08-17,128192.4,5341.349999999999,8516.4,14.0
2019-08-18,146797.7,6116.570833333334,8558.7,15.0
2019-08-19,169369.0,7057.041666666667,9216.2,15.0
2019-08-20,198109.9,8254.579166666666,9644.5,10.0
2019-08-21,158999.7,6624.9875,7859.0,0.0
2019-08-22,143530.7,5980.445833333334,7564.4,11.0
2019-08-23,124379.9,5182.495833333333,7474.1,12.0
2019-08-24,104081.9,4336.745833333333,6463.7,12.0
2019-08-25,141616.4,5900.683333333333,8436.3,14.0
2019-08-26,132844.9,5535.204166666666,8670.6,13.0
2019-08-27,61197.5,2549.8958333333335,4842.2,13.0
2019-08-28,64132.0,2672.1666666666665,5141.1,12.0
2019-08-29,84454.5,3518.9375,5440.4,12.0
2019-08-30,83137.6,3464.066666666667,6064.8,12.0
2019-08-31,84850.3,3535.429166666667,5529.0,13.0
2019-09-01,159309.0,6637.875,9466.0,23.0
2019-09-02,235883.7,9828.487500000001,11852.3,11.0
2019-09-03,128616.40000000002,5359.016666666667,7638.0,0.0
2019-09-04,155793.4,6491.391666666666,9615.0,22.0
2019-09-05,273974.3,11415.595833333333,14022.6,12.0
2019-09-06,262793.4,10949.725,12430.6,12.0
2019-09-07,226707.0,9446.125,10990.2,10.0
2019-09-08,147744.4,6156.016666666666,7839.2,9.0
2019-09-09,129429.0,5392.875,8463.0,20.0
2019-09-10,309346.7,12889.445833333333,17310.9,12.0
2019-09-11,262440.1,10935.004166666666,13747.4,11.0
2019-09-12,191301.7,7970.904166666667,9422.8,13.0
2019-09-13,205742.09999999998,8572.5875,12123.5,13.0
2019-09-14,169807.3,7075.304166666666,9562.6,13.0
2019-09-15,120754.79999999999,5031.45,6970.3,12.0
2019-09-16,67019.0,2792.4583333333335,4752.2,12.0
2019-09-17,55926.40000000001,2330.266666666667,4607.6,11.0
2019-09-18,61834.90000000001,2576.454166666667,4527.1,11.0
2019-09-19,78099.5,3254.1458333333335,4970.0,12.0
2019-09-20,125092.1,5212.170833333334,7687.6,12.0
2019-09-21,172634.6,7193.108333333334,9278.4,12.0
2019-09-22,179478.8,7478.283333333333,10493.5,13.0
2019-09-23,137683.9,5736.829166666666,8272.5,12.0
2019-09-24,179607.6,7483.650000000001,10812.7,12.0
2019-09-25,123618.1,5150.754166666667,7612.5,12.0
2019-09-26,90325.0,3763.5416666666665,6794.3,12.0
2019-09-27,86543.0,3605.9583333333335,6361.7,12.0
2019-09-28,72178.0,3007.4166666666665,5291.9,13.0
2019-09-29,126161.19999999998,5256.716666666666,8740.2,12.0
2019-09-30,96297.7,4012.4041666666667,6805.1,13.0
2019-10-01,182812.8,7617.2,12178.7,14.0
2019-10-02,185382.8,7724.283333333333,11056.7,12.0
2019-10-03,130534.20000000001,5438.925,8782.8,12.0
2019-10-04,77966.1,3248.5875,5597.2,12.0
2019-10-05,75617.1,3150.7125,5151.4,12.0
2019-10-06,116748.5,4864.520833333333,6918.6,14.0
2019-10-07,136594.5,5691.4375,8883.0,12.0
2019-10-08,104808.1,4367.004166666667,6829.9,12.0
2019-10-09,121762.20000000001,5073.425,7140.3,13.0
2019-10-10,118072.5,4919.6875,6643.1,11.0
2019-10-11,135288.7,5637.029166666667,7921.0,12.0
2019-10-12,195909.9,8162.912499999999,11268.5,13.0
2019-10-13,195208.4,8133.683333333333,11044.9,12.0
2019-10-14,263306.7,10971.112500000001,14942.8,13.0
2019-10-15,216098.09999999998,9004.0875,11656.5,11.0
2019-10-16,171521.5,7146.729166666667,10677.7,11.0
2019-10-17,141248.2,5885.341666666667,8462.4,12.0
2019-10-18,141649.2,5902.05,7644.4,13.0
2019-10-19,164408.1,6850.337500000001,9176.5,13.0
2019-10-20,125104.6,5212.691666666667,7656.0,0.0
2019-10-21,52294.7,2178.945833333333,3868.8,11.0
2019-10-22,154063.2,6419.3,9781.5,14.0
2019-10-23,175476.9,7311.537499999999,9166.7,11.0
2019-10-24,186637.4,7776.558333333333,11209.8,12.0
2019-10-25,125466.1,5227.754166666667,7849.4,11.0
2019-10-26,122906.4,5121.099999999999,7937.8,11.0
2019-10-27,75559.5,3148.3125,5130.8,11.0
2019-10-28,71374.6,2973.941666666667,4474.8,12.0
2019-10-29,82427.0,3434.4583333333335,5618.8,11.0
2019-10-30,122238.5,5093.270833333333,7249.7,12.0
2019-10-31,159028.1,6626.170833333334,8951.2,12.0
2019-11-01,266686.5,11111.9375,14136.4,13.0
2019-11-02,323734.4,13488.933333333334,15705.4,13.0
2019-11-03,393695.5,16403.979166666668,18712.2,13.0
2019-11-04,369722.7,15405.112500000001,18492.6,11.0
2019-11-05,344472.4,14353.016666666668,17878.3,11.0
2019-11-06,262941.5,10955.895833333334,13805.1,12.0
2019-11-07,263441.3,10976.720833333333,13760.5,13.0
2019-11-08,335393.9,13974.745833333334,17909.2,11.0
2019-11-09,279747.8,11656.158333333333,13593.0,23.0
2019-11-10,308253.0,12843.875,16390.9,11.0
2019-11-11,238330.0,9930.416666666666,12586.8,14.0
2019-11-12,253080.4,10545.016666666666,13908.4,12.0
2019-11-13,272686.3,11361.929166666667,13801.6,12.0
2019-11-14,311806.3,12991.929166666667,16077.7,12.0
2019-11-15,235300.8,9804.199999999999,12380.8,11.0
2019-11-16,201927.10000000003,8413.629166666668,11263.5,13.0
2019-11-17,237996.0,9916.5,12545.2,11.0
2019-11-18,203509.60000000003,8479.566666666668,11994.4,11.0
2019-11-19,113256.2,4719.008333333333,7023.9,11.0
2019-11-20,124209.29999999999,5175.3875,7186.6,13.0
2019-11-21,156452.0,6518.833333333333,8273.1,11.0
2019-11-22,287305.4,11971.058333333334,15323.2,14.0
2019-11-23,357386.5,14891.104166666666,17826.1,12.0
2019-11-24,278647.8,11610.324999999999,13956.3,12.0
2019-11-25,236450.8,9852.116666666667,11831.0,0.0
2019-11-26,278984.6,11624.358333333332,14030.0,23.0
2019-11-27,311322.1,12971.754166666666,14985.5,11.0
2019-11-28,251570.5,10482.104166666666,12124.0,0.0
2019-11-29,150294.8,6262.283333333333,9230.0,0.0
2019-11-30,210024.4,8751.016666666666,11531.9,12.0
2019-12-01,158848.0,6618.666666666667,8135.0,0.0
2019-12-02,257642.2,10735.091666666667,13328.7,12.0
2019-12-03,157861.3,6577.554166666666,9309.0,0.0
2019-12-04,142585.5,5941.0625,8198.0,23.0
2019-12-05,177655.0,7402.291666666667,9978.6,11.0
2019-12-06,65317.4,2721.5583333333334,4695.0,11.0
2019-12-07,66716.8,2779.866666666667,4712.8,12.0
2019-12-08,141434.3,5893.095833333333,7319.0,22.0
2019-12-09,201997.3,8416.554166666667,10954.3,13.0
2019-12-10,174156.9,7256.537499999999,8396.2,10.0
2019-12-11,241463.0,10060.958333333334,13662.6,13.0
2019-12-12,359744.7,14989.362500000001,17113.0,13.0
2019-12-13,394661.9,16444.245833333334,17920.9,12.0
2019-12-14,302597.4,12608.225,14681.0,0.0
2019-12-15,201880.9,8411.704166666666,11082.0,0.0
2019-12-16,251821.39999999997,10492.558333333332,12817.5,13.0
2019-12-17,137119.8,5713.325,7968.0,0.0
2019-12-18,219590.5,9149.604166666666,11283.0,22.0
2019-12-19,321538.8,13397.449999999999,15057.8,13.0
2019-12-20,333026.4,13876.1,15139.6,11.0
2019-12-21,355195.4,14799.808333333334,16263.7,11.0
2019-12-22,366024.3,15251.012499999999,17637.9,13.0
2019-12-23,225481.60000000003,9395.066666666668,11794.0,0.0
2019-12-24,127478.5,5311.604166666667,7690.4,10.0
2019-12-25,123881.70000000001,5161.7375,7164.9,12.0
2019-12-26,132251.8,5510.491666666666,7842.7,11.0
2019-12-27,91950.6,3831.275,6301.8,11.0
2019-12-28,84029.5,3501.2291666666665,6442.6,11.0
2019-12-29,73273.2,3053.0499999999997,6067.9,12.0
2019-12-30,66748.5,2781.1875,5526.0,12.0
2019-12-31,59053.4,2460.5583333333334,5315.5,12.0
2020-01-01,52339.0,2180.7916666666665,4819.1,12.0
2020-01-02,101970.0,4248.75,6823.6,13.0
2020-01-03,103390.3,4307.929166666667,5207.7,13.0
2020-01-04,141498.4,5895.766666666666,9023.7,12.0
2020-01-05,80108.4,3337.85,6125.7,11.0
2020-01-06,68522.7,2855.1124999999997,5580.0,12.0
2020-01-07,81202.1,3383.4208333333336,6129.3,12.0
2020-01-08,83687.9,3486.995833333333,5323.9,12.0
2020-01-09,136815.5,5700.645833333333,8799.4,13.0
2020-01-10,202067.7,8419.487500000001,11767.8,12.0
2020-01-11,103218.29999999999,4300.7625,6475.7,11.0
2020-01-12,76931.7,3205.4874999999997,6529.1,12.0
2020-01-13,159569.6,6648.733333333334,9356.0,13.0
2020-01-14,231822.2,9659.258333333333,11778.7,13.0
2020-01-15,194054.0,8085.583333333333,10490.0,2.0
2020-01-16,237097.3,9879.054166666667,13160.7,13.0
2020-01-17,203302.9,8470.954166666666,12902.9,11.0
2020-01-18,186894.8,7787.283333333333,10879.9,14.0
2020-01-19,363803.9,15158.495833333334,17914.0,11.0
2020-01-20,361278.3,15053.262499999999,16603.5,13.0
2020-01-21,318582.1,13274.254166666666,15069.7,12.0
2020-01-22,186772.6,7782.191666666667,10500.0,0.0
2020-01-23,101092.4,4212.183333333333,5629.4,12.0
2020-01-24,85247.4,3551.975,4948.0,0.0
2020-01-25,58350.899999999994,2431.2875,3501.9,12.0
2020-01-26,170278.2,7094.925,11278.4,13.0
2020-01-27,271698.4,11320.766666666668,14904.4,13.0
2020-01-28,244581.2,10190.883333333333,12872.9,12.0
2020-01-29,217519.9,9063.329166666666,11364.0,13.0
2020-01-30,234922.9,9788.454166666666,12476.0,12.0
2020-01-31,204429.5,8517.895833333334,10334.7,12.0
2020-02-01,241488.90000000002,10062.0375,13047.7,12.0
2020-02-02,181857.3,7577.3875,9977.7,12.0
2020-02-03,137649.4,5735.391666666666,7838.8,12.0
2020-02-04,204850.39999999997,8535.433333333332,11489.0,13.0
2020-02-05,177780.3,7407.5125,9314.0,10.0
2020-02-06,147211.3,6133.804166666666,9211.1,12.0
2020-02-07,111979.79999999999,4665.825,7536.9,12.0
2020-02-08,86785.0,3616.0416666666665,5829.8,12.0
2020-02-09,189163.5,7881.8125,10694.9,13.0
2020-02-10,222168.3,9257.012499999999,12849.2,12.0
2020-02-11,113375.30000000002,4723.970833333334,6732.0,0.0
2020-02-12,69941.7,2914.2374999999997,5597.0,23.0
2020-02-13,170220.2,7092.508333333334,10553.8,12.0
2020-02-14,97775.9,4073.995833333333,7074.7,12.0
2020-02-15,165992.4,6916.349999999999,10480.7,13.0
2020-02-16,222594.2,9274.758333333333,12733.7,13.0
2020-02-17,201471.7,8394.654166666667,12042.3,13.0
2020-02-18,136222.6,5675.941666666667,7648.4,11.0
2020-02-19,111532.5,4647.1875,7477.8,11.0
2020-02-20,137011.8,5708.825,8045.0,23.0
2020-02-21,137920.9,5746.704166666666,8359.0,11.0
2020-02-22,92256.6,3844.025,7405.5,12.0
2020-02-23,96155.0,4006.4583333333335,7934.7,12.0
2020-02-24,111440.8,4643.366666666667,7678.2,13.0
2020-02-25,255513.2,10646.383333333333,14780.1,14.0
2020-02-26,250306.0,10429.416666666666,14826.9,12.0
2020-02-27,302667.3,12611.137499999999,18413.2,12.0
2020-02-28,210963.10000000003,8790.129166666668,11850.0,22.0
2020-02-29,352321.7,14680.070833333333,19121.4,13.0
2020-03-01,376573.1,15690.545833333332,19695.5,13.0
2020-03-02,397629.6,16567.899999999998,21045.7,13.0
2020-03-03,357392.2,14891.341666666667,19028.5,12.0
2020-03-04,298779.5,12449.145833333334,14866.9,13.0
2020-03-05,382782.2,15949.258333333333,20971.9,13.0
2020-03-06,386326.3,16096.929166666667,21709.8,12.0
2020-03-07,256202.40000000002,10675.1,15263.4,12.0
2020-03-08,190881.1,7953.379166666667,11082.6,13.0
2020-03-09,247212.5,10300.520833333334,14625.4,13.0
2020-03-10,168324.0,7013.5,8934.2,12.0
2020-03-11,115035.9,4793.162499999999,8312.2,12.0
2020-03-12,148217.9,6175.745833333333,9134.6,14.0
2020-03-13,178240.8,7426.7,9988.1,11.0
2020-03-14,108006.0,4500.25,7917.2,11.0
2020-03-15,192784.6,8032.691666666667,13060.2,12.0
2020-03-16,270000.4,11250.016666666668,14453.6,13.0
2020-03-17,225204.3,9383.512499999999,12179.9,11.0
2020-03-18,180863.9,7535.995833333333,10883.3,12.0
2020-03-19,163145.5,6797.729166666667,10067.1,12.0
2020-03-20,160322.0,6680.083333333333,9353.2,12.0
2020-03-21,103333.9,4305.579166666666,6226.7,13.0
2020-03-22,87500.09999999999,3645.8374999999996,6552.4,13.0
2020-03-23,156752.5,6531.354166666667,8769.5,13.0
2020-03-24,158819.3,6617.470833333333,9271.3,10.0
2020-03-25,99095.1,4128.962500000001,7617.5,13.0
2020-03-26,222318.0,9263.25,15724.4,13.0
2020-03-27,164579.5,6857.479166666667,9669.4,11.0
2020-03-28,87473.1,3644.7125,6400.7,11.0
2020-03-29,200851.5,8368.8125,11417.0,23.0
2020-03-30,281387.2,11724.466666666667,15130.6,11.0
2020-03-31,214605.10000000003,8941.879166666668,11766.9,11.0
2020-04-01,113266.3,4719.429166666667,6849.2,12.0
2020-04-02,157229.5,6551.229166666667,9805.3,12.0
2020-04-03,133732.3,5572.179166666666,7987.0,10.0
2020-04-04,247065.5,10294.395833333334,15011.9,12.0
2020-04-05,253432.60000000003,10559.691666666668,14920.8,11.0
2020-04-06,110706.2,4612.758333333333,6732.6,12.0
2020-04-07,126566.9,5273.620833333333,8753.9,12.0
2020-04-08,110549.4,4606.224999999999,7984.0,12.0
2020-04-09,118721.5,4946.729166666667,8200.8,12.0
2020-04-10,110924.8,4621.866666666667,7270.8,12.0
2020-04-11,108206.8,4508.616666666667,7281.6,12.0
2020-04-12,137109.5,5712.895833333333,9180.7,12.0
2020-04-13,95044.7,3960.195833333333,6750.8,13.0
2020-04-14,141682.5,5903.4375,9099.1,14.0
2020-04-15,218316.3,9096.512499999999,13472.7,11.0
2020-04-16,231337.1,9639.045833333334,14599.7,11.0
2020-04-17,176621.8,7359.241666666666,11443.8,12.0
2020-04-18,65473.0,2728.0416666666665,4975.9,11.0
2020-04-19,106767.69999999998,4448.654166666666,7290.9,15.0
2020-04-20,161036.4,6709.849999999999,10491.6,11.0
2020-04-21,186198.7,7758.279166666667,10763.3,13.0
2020-04-22,156482.1,6520.087500000001,9520.7,9.0
2020-04-23,105035.19999999998,4376.466666666666,7678.2,11.0
2020-04-24,125567.4,5231.974999999999,9354.1,12.0
2020-04-25,76621.5,3192.5625,5912.2,13.0
2020-04-26,103497.80000000002,4312.408333333334,6981.0,12.0
2020-04-27,161090.1,6712.087500000001,10291.1,13.0
2020-04-28,233824.0,9742.666666666666,14253.3,13.0
2020-04-29,306580.8,12774.199999999999,18132.4,14.0
2020-04-30,367415.8,15308.991666666667,20957.7,12.0
2020-05-01,346661.10000000003,14444.212500000001,20161.7,12.0
2020-05-02,191912.7,7996.3625,12491.6,12.0
2020-05-03,132688.7,5528.695833333334,9098.2,13.0
2020-05-04,255094.19999999998,10628.925,16189.3,13.0
2020-05-05,153219.8,6384.158333333333,9980.0,12.0
2020-05-06,112151.0,4672.958333333333,7685.2,12.0
2020-05-07,204187.3,8507.804166666667,12348.6,12.0
2020-05-08,155431.7,6476.320833333334,9922.3,12.0
2020-05-09,158820.6,6617.525000000001,11612.4,13.0
2020-05-10,197649.2,8235.383333333333,13555.9,14.0
2020-05-11,223470.90000000002,9311.2875,13812.6,11.0
2020-05-12,87353.2,3639.7166666666667,5346.3,12.0
2020-05-13,124202.6,5175.108333333334,8151.7,11.0
2020-05-14,174118.0,7254.916666666667,10206.0,12.0
2020-05-15,211803.2,8825.133333333333,11606.2,13.0
2020-05-16,220465.8,9186.074999999999,11835.6,13.0
2020-05-17,166436.6,6934.858333333334,9239.5,10.0
2020-05-18,155838.9,6493.287499999999,10201.8,12.0
2020-05-19,155751.5,6489.645833333333,9666.7,12.0
2020-05-20,120513.1,5021.379166666667,8063.3,13.0
2020-05-21,109236.2,4551.508333333333,7470.2,14.0
2020-05-22,113455.4,4727.308333333333,7864.7,14.0
2020-05-23,222292.8,9262.199999999999,13119.6,15.0
2020-05-24,236838.2,9868.258333333333,12036.3,10.0
2020-05-25,212992.0,8874.666666666666,11640.8,14.0
2020-05-26,244756.9,10198.204166666666,13188.2,12.0
2020-05-27,225706.7,9404.445833333333,12529.7,12.0
2020-05-28,175509.3,7312.8875,10703.6,12.0
2020-05-29,138512.9,5771.370833333333,8690.7,13.0
2020-05-30,153846.2,6410.258333333334,9564.4,13.0
2020-05-31,123333.59999999999,5138.9,8733.0,12.0
2020-06-01,108603.9,4525.162499999999,8084.3,12.0
2020-06-02,93533.5,3897.2291666666665,7177.5,12.0
2020-06-03,143676.2,5986.508333333334,11411.8,14.0
2020-06-04,278493.8,11603.908333333333,17741.3,13.0
2020-06-05,186741.6,7780.900000000001,11958.9,12.0
2020-06-06,145527.2,6063.633333333334,10052.3,14.0
2020-06-07,223969.1,9332.045833333334,14170.0,13.0
2020-06-08,211467.59999999998,8811.15,12271.0,13.0
2020-06-09,192371.8,8015.491666666666,11477.9,11.0
2020-06-10,142375.1,5932.295833333334,9079.2,11.0
2020-06-11,278605.4,11608.558333333334,17269.8,13.0
2020-06-12,328718.9,13696.620833333334,17985.1,13.0
2020-06-13,226701.5,9445.895833333334,14040.8,11.0
2020-06-14,150410.6,6267.108333333334,11329.9,14.0
2020-06-15,157765.8,6573.575,10890.5,14.0
2020-06-16,169608.3,7067.0125,13124.4,14.0
2020-06-17,126062.70000000001,5252.6125,8961.2,14.0
2020-06-18,107553.29999999999,4481.3875,7304.8,14.0
2020-06-19,117729.80000000002,4905.408333333334,7863.4,13.0
2020-06-20,117126.0,4880.25,8550.0,13.0
2020-06-21,151452.9,6310.537499999999,9302.2,13.0
2020-06-22,188248.2,7843.675,10266.1,14.0
2020-06-23,160277.8,6678.241666666666,9658.0,13.0
2020-06-24,135254.6,5635.608333333334,9570.3,11.0
2020-06-25,129249.2,5385.383333333333,9444.1,12.0
2020-06-26,173198.0,7216.583333333333,12372.0,14.0
2020-06-27,160963.1,6706.795833333334,9998.0,13.0
2020-06-28,133119.2,5546.633333333334,8638.7,14.0
2020-06-29,158965.3,6623.554166666666,10119.4,15.0
2020-06-30,160088.3,6670.345833333333,11219.9,14.0
2020-07-01,178190.0,7424.583333333333,13221.3,14.0
2020-07-02,190340.3,7930.845833333333,13329.4,15.0
2020-07-03,190632.5,7943.020833333333,10285.9,14.0
2020-07-04,162699.1,6779.129166666667,9701.7,14.0
2020-07-05,193893.8,8078.908333333333,10636.3,15.0
2020-07-06,278227.4,11592.808333333334,15106.1,13.0
2020-07-07,209956.60000000003,8748.191666666668,10925.1,14.0
2020-07-08,189744.0,7906.0,11003.7,12.0
2020-07-09,152633.30000000002,6359.720833333334,9869.5,12.0
2020-07-10,186907.5,7787.8125,11016.7,16.0
2020-07-11,273651.6,11402.15,13450.7,13.0
2020-07-12,196820.6,8200.858333333334,10390.1,12.0
2020-07-13,240242.6,10010.108333333334,13039.9,15.0
2020-07-14,241190.5,10049.604166666666,12365.5,16.0
2020-07-15,275505.6,11479.4,14091.2,14.0
2020-07-16,262154.1,10923.0875,13413.2,15.0
2020-07-17,271109.0,11296.208333333334,14149.5,14.0
2020-07-18,167952.1,6998.004166666667,9540.7,12.0
2020-07-19,144663.2,6027.633333333334,9242.3,13.0
2020-07-20,200175.90000000002,8340.6625,11120.5,14.0
2020-07-21,205826.6,8576.108333333334,11938.6,14.0
2020-07-22,134072.6,5586.358333333334,8645.0,13.0
2020-07-23,132996.7,5541.529166666667,8903.6,14.0
2020-07-24,162561.9,6773.412499999999,9711.1,14.0
2020-07-25,144120.0,6005.0,9508.1,14.0
2020-07-26,140958.6,5873.275000000001,9108.9,14.0
2020-07-27,174624.0,7276.0,11813.9,14.0
2020-07-28,204969.2,8540.383333333333,12672.9,15.0
2020-07-29,189688.4,7903.683333333333,10821.1,13.0
2020-07-30,177705.0,7404.375,12405.9,12.0
2020-07-31,138508.3,5771.179166666666,9691.4,14.0
2020-08-01,198048.4,8252.016666666666,12503.6,15.0
2020-08-02,236305.60000000003,9846.066666666668,14020.9,14.0
2020-08-03,201862.8,8410.949999999999,11927.3,14.0
2020-08-04,187866.6,7827.775000000001,10632.0,13.0
2020-08-05,138172.5,5757.1875,8933.0,12.0
2020-08-06,173071.1,7211.295833333334,10748.1,13.0
2020-08-07,151070.8,6294.616666666666,10071.7,13.0
2020-08-08,126956.1,5289.837500000001,9307.9,14.0
2020-08-09,142810.7,5950.445833333334,10302.9,13.0
2020-08-10,164002.7,6833.445833333334,10294.5,12.0
2020-08-11,169636.2,7068.175,10482.3,12.0
2020-08-12,138665.3,5777.720833333333,10914.3,13.0
2020-08-13,102218.0,4259.083333333333,7917.8,13.0
2020-08-14,122664.80000000002,5111.033333333334,9068.9,13.0
2020-08-15,184717.9,7696.579166666666,13366.4,14.0
2020-08-16,179797.7,7491.570833333334,11180.3,14.0
2020-08-17,164626.8,6859.45,11334.9,13.0
2020-08-18,142232.1,5926.337500000001,10274.5,13.0
2020-08-19,240543.5,10022.645833333334,16641.8,14.0
2020-08-20,228679.9,9528.329166666666,17280.9,14.0
2020-08-21,174793.4,7283.058333333333,12138.2,13.0
2020-08-22,141405.6,5891.900000000001,9320.2,14.0
2020-08-23,179421.7,7475.904166666667,10738.5,15.0
2020-08-24,157502.5,6562.604166666667,9905.4,10.0
2020-08-25,134111.5,5587.979166666667,9558.2,13.0
2020-08-26,116910.4,4871.266666666666,8293.3,13.0
2020-08-27,141535.3,5897.304166666666,9904.3,14.0
2020-08-28,216514.60000000003,9021.441666666668,14543.4,15.0
2020-08-29,274031.6,11417.983333333332,17091.8,14.0
2020-08-30,210987.90000000002,8791.1625,11934.1,13.0
2020-08-31,148274.0,6178.083333333333,9512.4,11.0
2020-09-01,128266.7,5344.445833333333,7873.3,15.0
2020-09-02,181906.9,7579.454166666666,10300.8,9.0
2020-09-03,139160.0,5798.333333333333,9329.1,12.0
2020-09-04,166272.8,6928.033333333333,10652.4,12.0
2020-09-05,235896.0,9829.0,13249.5,15.0
2020-09-06,289067.9,12044.495833333334,14916.2,12.0
2020-09-07,292278.2,12178.258333333333,15485.2,10.0
2020-09-08,213106.1,8879.420833333334,12176.6,10.0
2020-09-09,149630.7,6234.6125,9084.4,13.0
2020-09-10,160038.6,6668.275000000001,10264.3,13.0
2020-09-11,134850.9,5618.787499999999,8512.2,13.0
2020-09-12,174924.7,7288.529166666667,10336.9,12.0
2020-09-13,197151.8,8214.658333333333,11884.3,12.0
2020-09-14,196962.8,8206.783333333333,12175.8,12.0
2020-09-15,115387.79999999999,4807.825,9015.1,12.0
2020-09-16,96818.1,4034.0875,7423.4,12.0
2020-09-17,147760.6,6156.691666666667,9987.6,13.0
2020-09-18,180911.5,7537.979166666667,11842.7,12.0
2020-09-19,176548.7,7356.195833333334,12194.7,11.0
2020-09-20,123468.69999999998,5144.529166666666,9043.7,12.0
2020-09-21,89581.4,3732.558333333333,7449.4,13.0
2020-09-22,102500.9,4270.870833333333,8629.8,13.0
2020-09-23,161978.6,6749.108333333334,11940.6,13.0
2020-09-24,274223.6,11425.983333333332,18593.0,14.0
2020-09-25,391056.5,16294.020833333334,22689.7,11.0
2020-09-26,323804.7,13491.862500000001,17810.1,14.0
2020-09-27,269709.5,11237.895833333334,14636.6,10.0
2020-09-28,179716.5,7488.1875,10994.1,10.0
2020-09-29,106028.5,4417.854166666667,8359.5,12.0
2020-09-30,125641.1,5235.045833333334,9278.1,13.0
2020-10-01,264462.8,11019.283333333333,15705.7,14.0
2020-10-02,394412.2,16433.841666666667,19145.9,13.0
2020-10-03,342861.5,14285.895833333334,19160.4,11.0
2020-10-04,315332.0,13138.833333333334,18771.2,12.0
2020-10-05,228890.5,9537.104166666666,14911.1,12.0
2020-10-06,192464.3,8019.345833333333,12917.1,11.0
2020-10-07,140183.4,5840.974999999999,10123.0,11.0
2020-10-08,98005.6,4083.566666666667,8352.4,12.0
2020-10-09,111148.3,4631.179166666667,7546.2,12.0
2020-10-10,239683.9,9986.829166666666,14459.7,13.0
2020-10-11,279735.7,11655.654166666667,16512.8,13.0
2020-10-12,214781.89999999997,8949.245833333332,12785.1,11.0
2020-10-13,207636.90000000002,8651.5375,13095.9,13.0
2020-10-14,245153.5,10214.729166666666,16694.9,13.0
2020-10-15,217986.90000000002,9082.7875,13694.8,12.0
2020-10-16,133752.7,5573.029166666667,9575.5,10.0
2020-10-17,86309.90000000001,3596.245833333334,8419.8,11.0
2020-10-18,117781.7,4907.570833333333,9156.6,12.0
2020-10-19,303344.0,12639.333333333334,18147.9,13.0
2020-10-20,335867.4,13994.475,16782.9,13.0
2020-10-21,257483.0,10728.458333333334,15231.0,11.0
2020-10-22,140029.0,5834.541666666667,7997.9,11.0
2020-10-23,201623.8,8400.991666666667,12931.9,12.0
2020-10-24,247784.2,10324.341666666667,14126.3,13.0
2020-10-25,343372.3,14307.179166666667,18214.4,11.0
2020-10-26,318829.4,13284.558333333334,19133.4,12.0
2020-10-27,248966.09999999998,10373.5875,14849.2,12.0
2020-10-28,130234.3,5426.429166666667,9197.3,12.0
2020-10-29,102402.80000000002,4266.783333333334,8820.9,12.0
2020-10-30,131292.8,5470.533333333333,9596.6,11.0
2020-10-31,163701.3,6820.8875,10916.4,12.0
2020-11-01,166069.9,6919.579166666666,10575.9,12.0
2020-11-02,118496.4,4937.349999999999,7731.1,11.0
2020-11-03,197692.3,8237.179166666667,12010.9,12.0
2020-11-04,226850.40000000002,9452.1,12974.0,23.0
2020-11-05,312431.1,13017.9625,15153.3,12.0
2020-11-06,326507.6,13604.483333333332,16148.6,11.0
2020-11-07,259631.5,10817.979166666666,15180.0,11.0
2020-11-08,182725.8,7613.575,11831.0,12.0
2020-11-09,93592.7,3899.695833333333,6949.3,12.0
2020-11-10,71829.9,2992.9125,6264.4,12.0
2020-11-11,172065.0,7169.375,12078.3,12.0
2020-11-12,118040.8,4918.366666666667,7682.2,12.0
2020-11-13,98697.1,4112.379166666667,5961.4,12.0
2020-11-14,156336.2,6514.008333333334,8242.4,11.0
2020-11-15,238626.90000000002,9942.7875,15165.2,11.0
2020-11-16,96708.9,4029.5375,6691.6,12.0
2020-11-17,102478.1,4269.920833333334,7632.4,12.0
2020-11-18,117307.4,4887.808333333333,8569.8,11.0
2020-11-19,235516.5,9813.1875,13839.2,13.0
2020-11-20,256556.2,10689.841666666667,14179.6,10.0
2020-11-21,138400.3,5766.679166666666,8634.0,11.0
2020-11-22,90273.6,3761.4,7486.6,11.0
2020-11-23,80708.6,3362.8583333333336,7224.7,11.0
2020-11-24,148452.3,6185.5125,8778.7,12.0
2020-11-25,144577.9,6024.079166666666,9052.0,23.0
2020-11-26,234097.9,9754.079166666666,11853.0,11.0
2020-11-27,154486.4,6436.933333333333,8346.0,0.0
2020-11-28,96374.3,4015.5958333333333,6082.9,11.0
2020-11-29,79064.5,3294.3541666666665,5647.1,12.0
2020-11-30,126185.70000000001,5257.7375,7796.5,12.0
2020-12-01,199895.5,8328.979166666666,11084.8,13.0
2020-12-02,278576.0,11607.333333333334,16798.5,12.0
2020-12-03,270693.7,11278.904166666667,16331.0,22.0
2020-12-04,336532.3,14022.179166666667,17360.7,11.0
2020-12-05,328533.6,13688.9,18308.2,12.0
2020-12-06,332444.5,13851.854166666666,17691.3,12.0
2020-12-07,393323.1,16388.462499999998,18973.4,13.0
2020-12-08,372118.3,15504.929166666667,19312.2,12.0
2020-12-09,303988.1,12666.170833333332,15598.5,13.0
2020-12-10,346983.9,14457.6625,16332.9,13.0
2020-12-11,387396.4,16141.516666666668,17543.6,13.0
2020-12-12,340917.3,14204.887499999999,18352.0,12.0
2020-12-13,197054.7,8210.612500000001,9853.0,0.0
2020-12-14,176907.0,7371.125,9991.0,22.0
2020-12-15,207471.59999999998,8644.65,12477.2,12.0
2020-12-16,166371.0,6932.125,9943.1,10.0
2020-12-17,74680.6,3111.691666666667,5577.8,12.0
2020-12-18,161803.4,6741.808333333333,9766.4,13.0
2020-12-19,136711.3,5696.304166666666,7960.0,0.0
2020-12-20,153027.6,6376.150000000001,9759.1,12.0
2020-12-21,174703.1,7279.295833333334,10034.2,12.0
2020-12-22,165159.0,6881.625,10035.0,12.0
2020-12-23,147318.8,6138.283333333333,8833.1,12.0
2020-12-24,143905.0,5996.041666666667,8989.0,23.0
2020-12-25,288006.3,12000.262499999999,16890.8,13.0
2020-12-26,231773.40000000002,9657.225,13967.8,11.0
2020-12-27,306629.8,12776.241666666667,17455.1,14.0
2020-12-28,422923.4,17621.808333333334,21713.5,12.0
2020-12-29,342464.5,14269.354166666666,17418.5,13.0
2020-12-30,275067.8,11461.158333333333,15016.5,12.0
2020-12-31,250852.3,10452.179166666667,14281.2,11.0
2021-01-01,280136.3,11672.345833333333,16031.0,12.0
2021-01-02,279917.4,11663.225,15961.4,12.0
2021-01-03,253353.3,10556.387499999999,15292.8,12.0
2021-01-04,166704.7,6946.029166666667,10513.6,12.0
2021-01-05,96267.0,4011.125,6978.3,12.0
2021-01-06,102756.5,4281.520833333333,6552.9,12.0
2021-01-07,126300.4,5262.516666666666,5981.8,9.0
2021-01-08,223672.39999999997,9319.683333333332,10816.0,18.0
2021-01-09,252230.3,10509.595833333333,12580.1,12.0
2021-01-10,259928.89999999997,10830.370833333332,12909.7,12.0
2021-01-11,246301.7,10262.570833333333,13733.3,11.0
2021-01-12,175879.7,7328.320833333334,10198.1,12.0
2021-01-13,172780.9,7199.204166666666,9617.7,13.0
2021-01-14,215570.8,8982.116666666667,12261.4,13.0
2021-01-15,255689.09999999998,10653.7125,14065.6,13.0
2021-01-16,198217.8,8259.074999999999,10278.3,10.0
2021-01-17,169177.1,7049.045833333334,10544.8,12.0
2021-01-18,91198.9,3799.9541666666664,7349.9,12.0
2021-01-19,194672.8,8111.366666666666,10817.6,12.0
2021-01-20,343711.2,14321.300000000001,16781.6,13.0
2021-01-21,396962.5,16540.104166666668,20179.6,12.0
2021-01-22,404760.20000000007,16865.008333333335,20478.1,13.0
2021-01-23,419907.6,17496.149999999998,20352.6,11.0
2021-01-24,385928.9,16080.370833333334,20853.4,12.0
2021-01-25,269034.7,11209.779166666667,13715.6,12.0
2021-01-26,176223.3,7342.6375,9130.8,12.0
2021-01-27,238206.59999999998,9925.275,13109.9,13.0
2021-01-28,248937.8,10372.408333333333,13285.0,13.0
2021-01-29,275261.6,11469.233333333332,14231.2,13.0
2021-01-30,443394.1,18474.754166666666,23344.5,12.0
2021-01-31,436200.30000000005,18175.0125,20677.7,12.0
2021-02-01,409527.30000000005,17063.6375,20686.2,12.0
2021-02-02,310592.6,12941.358333333332,14849.3,11.0
2021-02-03,264496.2,11020.675000000001,14257.7,10.0
2021-02-04,134890.8,5620.45,7656.2,13.0
2021-02-05,215231.8,8967.991666666667,13969.5,14.0
2021-02-06,221336.0,9222.333333333334,12518.4,12.0
2021-02-07,286892.6,11953.858333333332,17104.3,13.0
2021-02-08,397439.3,16559.970833333333,21036.4,13.0
2021-02-09,378612.8,15775.533333333333,18318.1,12.0
2021-02-10,332025.3,13834.387499999999,19169.8,11.0
2021-02-11,222743.0,9280.958333333334,12554.2,11.0
2021-02-12,270675.8,11278.158333333333,16638.8,13.0
2021-02-13,192265.5,8011.0625,11217.5,12.0
2021-02-14,230051.2,9585.466666666667,13813.5,13.0
2021-02-15,282928.8,11788.699999999999,14613.5,13.0
2021-02-16,224446.5,9351.9375,13640.5,12.0
2021-02-17,197666.40000000002,8236.1,13144.5,13.0
2021-02-18,223728.7,9322.029166666667,13412.1,12.0
2021-02-19,271279.2,11303.300000000001,16422.6,13.0
2021-02-20,359109.0,14962.875,20812.9,12.0
2021-02-21,268791.7,11199.654166666667,13011.9,11.0
2021-02-22,220458.3,9185.762499999999,14175.8,12.0
2021-02-23,214750.8,8947.949999999999,14010.3,13.0
2021-02-24,289284.7,12053.529166666667,17127.4,12.0
2021-02-25,191530.5,7980.4375,9835.9,12.0
2021-02-26,197353.9,8223.079166666666,10885.5,12.0
2021-02-27,235898.5,9829.104166666666,13118.0,12.0
2021-02-28,230171.3,9590.470833333333,12900.8,13.0
2021-03-01,229612.60000000003,9567.191666666668,13059.4,12.0
2021-03-02,175388.6,7307.858333333334,11159.8,12.0
2021-03-03,116724.29999999999,4863.5125,8708.1,12.0
2021-03-04,123933.4,5163.891666666666,8424.0,12.0
2021-03-05,178398.5,7433.270833333333,10248.9,14.0
2021-03-06,171581.1,7149.212500000001,9687.3,11.0
2021-03-07,106169.8,4423.741666666667,6430.5,13.0
2021-03-08,180245.2,7510.216666666667,10798.7,13.0
2021-03-09,168164.5,7006.854166666667,10198.9,11.0
2021-03-10,163160.4,6798.349999999999,10720.6,13.0
2021-03-11,248244.7,10343.529166666667,14954.6,13.0
2021-03-12,206961.7,8623.404166666667,14667.3,13.0
2021-03-13,200482.3,8353.429166666667,13642.2,14.0
2021-03-14,233608.1,9733.670833333334,14485.5,12.0
2021-03-15,260482.5,10853.4375,14579.9,13.0
2021-03-16,335825.7,13992.737500000001,18367.1,13.0
2021-03-17,385820.1,16075.8375,21147.3,13.0
2021-03-18,338780.5,14115.854166666666,17870.8,15.0
2021-03-19,359137.0,14964.041666666666,19384.1,13.0
2021-03-20,408456.9,17019.037500000002,22899.0,12.0
2021-03-21,349185.1,14549.379166666666,19225.7,13.0
2021-03-22,290214.9,12092.2875,16666.3,12.0
2021-03-23,132604.1,5525.170833333334,9974.3,13.0
2021-03-24,104295.29999999999,4345.6375,8823.1,13.0
2021-03-25,114924.0,4788.5,8969.4,13.0
2021-03-26,172618.9,7192.454166666666,11317.0,13.0
2021-03-27,210972.3,8790.512499999999,12110.4,11.0
2021-03-28,198068.8,8252.866666666667,12594.6,13.0
2021-03-29,288470.3,12019.595833333333,17602.3,12.0
2021-03-30,255734.6,10655.608333333334,14946.9,13.0
2021-03-31,291734.1,12155.5875,16850.7,13.0
2021-04-01,205301.09999999998,8554.2125,12211.6,12.0
2021-04-02,135560.5,5648.354166666667,9718.4,14.0
2021-04-03,269335.8,11222.324999999999,16471.5,13.0
2021-04-04,241344.5,10056.020833333334,12996.9,10.0
2021-04-05,193762.7,8073.445833333334,11645.0,14.0
2021-04-06,309021.1,12875.879166666666,17832.2,14.0
2021-04-07,277644.9,11568.5375,14686.6,9.0
2021-04-08,198998.5,8291.604166666666,12092.3,12.0
2021-04-09,144340.1,6014.170833333334,8975.4,13.0
2021-04-10,126391.9,5266.329166666666,8562.2,13.0
2021-04-11,266167.1,11090.295833333332,17003.8,14.0
2021-04-12,273593.8,11399.741666666667,15997.6,10.0
2021-04-13,137838.7,5743.279166666667,9878.2,12.0
2021-04-14,178128.0,7422.0,10469.6,12.0
2021-04-15,238551.2,9939.633333333333,11071.5,11.0
2021-04-16,300860.7,12535.862500000001,17169.8,12.0
2021-04-17,287865.5,11994.395833333334,17093.9,14.0
2021-04-18,187306.2,7804.425,11817.7,10.0
2021-04-19,127208.4,5300.349999999999,9404.0,13.0
2021-04-20,101380.6,4224.191666666667,8463.0,12.0
2021-04-21,106330.90000000002,4430.454166666667,8363.1,13.0
2021-04-22,127180.79999999999,5299.2,9336.5,12.0
2021-04-23,245531.8,10230.491666666667,15197.1,13.0
2021-04-24,260768.8,10865.366666666667,15037.2,11.0
2021-04-25,192188.9,8007.870833333333,12487.9,12.0
2021-04-26,104645.9,4360.245833333333,8026.2,13.0
2021-04-27,119998.79999999999,4999.95,9225.4,13.0
2021-04-28,143674.6,5986.441666666667,10494.7,13.0
2021-04-29,154192.8,6424.7,10626.3,13.0
2021-04-30,143066.7,5961.1125,9906.4,13.0
2021-05-01,236409.10000000003,9850.379166666668,15532.3,11.0
2021-05-02,176715.1,7363.129166666667,10119.2,14.0
2021-05-03,175270.0,7302.916666666667,11438.5,10.0
2021-05-04,138585.8,5774.408333333333,10438.4,14.0
2021-05-05,154411.5,6433.8125,11141.1,12.0
2021-05-06,211771.2,8823.800000000001,14447.4,14.0
2021-05-07,180221.5,7509.229166666667,12064.5,11.0
2021-05-08,298277.2,12428.216666666667,19793.3,13.0
2021-05-09,325931.3,13580.470833333333,19781.4,12.0
2021-05-10,249579.7,10399.154166666667,13985.8,13.0
2021-05-11,338738.4,14114.1,20732.8,11.0
2021-05-12,324436.7,13518.195833333333,20863.4,13.0
2021-05-13,297106.2,12379.425000000001,18485.7,13.0
2021-05-14,261984.0,10916.0,15512.9,13.0
2021-05-15,338699.1,14112.4625,20760.3,14.0
2021-05-16,343414.6,14308.941666666666,20700.6,13.0
2021-05-17,176141.9,7339.245833333333,11753.1,13.0
2021-05-18,250763.3,10448.470833333333,17261.7,14.0
2021-05-19,226362.3,9431.762499999999,13501.9,13.0
2021-05-20,172015.3,7167.304166666666,11576.7,13.0
2021-05-21,247098.3,10295.762499999999,17949.0,14.0
2021-05-22,187144.4,7797.683333333333,12271.8,13.0
2021-05-23,170371.8,7098.825,10441.5,14.0
2021-05-24,244584.5,10191.020833333334,15328.1,12.0
2021-05-25,213173.8,8882.241666666667,13114.9,13.0
2021-05-26,177016.6,7375.691666666667,11221.1,13.0
2021-05-27,149814.0,6242.25,10565.7,11.0
2021-05-28,119392.1,4974.670833333334,9280.6,13.0
2021-05-29,160413.1,6683.879166666667,10375.0,14.0
2021-05-30,188847.3,7868.6375,11569.6,13.0
2021-05-31,164922.6,6871.775000000001,10815.0,13.0
2021-06-01,162019.5,6750.8125,12176.7,13.0
2021-06-02,157636.3,6568.179166666666,11567.9,13.0
2021-06-03,194624.1,8109.337500000001,13132.8,13.0
2021-06-04,182558.8,7606.616666666666,11548.3,13.0
2021-06-05,150261.3,6260.8875,8342.3,13.0
2021-06-06,202476.8,8436.533333333333,12532.7,13.0
2021-06-07,184170.8,7673.783333333333,11367.0,13.0
2021-06-08,166485.0,6936.875,10816.3,13.0
2021-06-09,187335.0,7805.625,11522.6,13.0
2021-06-10,201509.89999999997,8396.245833333332,12045.9,13.0
2021-06-11,255927.7,10663.654166666667,15067.7,13.0
2021-06-12,243549.3,10147.887499999999,15101.8,12.0
2021-06-13,169624.3,7067.679166666666,12363.8,11.0
2021-06-14,146979.8,6124.158333333333,10204.9,14.0
2021-06-15,178310.4,7429.599999999999,11184.6,13.0
2021-06-16,163987.9,6832.829166666666,12410.6,13.0
2021-06-17,176406.4,7350.266666666666,13268.8,14.0
2021-06-18,176168.7,7340.3625,12606.4,13.0
2021-06-19,160589.0,6691.208333333333,10881.9,14.0
2021-06-20,305904.6,12746.025,18841.0,12.0
2021-06-21,241341.3,10055.887499999999,14514.5,14.0
2021-06-22,195989.8,8166.241666666666,12244.6,14.0
2021-06-23,211722.5,8821.770833333334,11929.3,12.0
2021-06-24,230289.7,9595.404166666667,12633.2,12.0
2021-06-25,207668.7,8652.862500000001,11803.4,12.0
2021-06-26,201358.2,8389.925000000001,14539.3,14.0
2021-06-27,246913.9,10288.079166666666,17716.4,14.0
2021-06-28,210192.4,8758.016666666666,13262.0,13.0
2021-06-29,169859.6,7077.483333333334,11054.3,15.0
2021-06-30,163668.7,6819.529166666667,10891.6,13.0
2021-07-01,149840.0,6243.333333333333,10711.6,14.0
2021-07-02,176151.4,7339.641666666666,13141.6,14.0
2021-07-03,200710.2,8362.925000000001,13930.5,15.0
2021-07-04,251883.10000000003,10495.129166666668,16891.6,14.0
2021-07-05,275474.7,11478.112500000001,19375.0,15.0
2021-07-06,234545.40000000002,9772.725,15775.6,14.0
2021-07-07,190777.6,7949.066666666667,13074.6,14.0
2021-07-08,192913.5,8038.0625,11522.4,13.0
2021-07-09,198415.9,8267.329166666666,12053.3,13.0
2021-07-10,189257.0,7885.708333333333,12267.7,14.0
2021-07-11,219705.2,9154.383333333333,15519.3,14.0
2021-07-12,331269.7,13802.904166666667,21135.8,14.0
2021-07-13,250628.09999999998,10442.8375,15213.2,13.0
2021-07-14,263930.2,10997.091666666667,15164.7,14.0
2021-07-15,275357.1,11473.2125,14438.8,9.0
2021-07-16,249486.5,10395.270833333334,13843.2,13.0
2021-07-17,199941.0,8330.875,11739.4,13.0
2021-07-18,231012.5,9625.520833333334,14738.2,14.0
2021-07-19,175189.3,7299.554166666666,11075.9,14.0
2021-07-20,151215.1,6300.629166666667,10847.0,13.0
2021-07-21,153455.3,6393.970833333333,11219.2,13.0
2021-07-22,203478.4,8478.266666666666,14286.7,14.0
2021-07-23,258244.1,10760.170833333334,18861.5,14.0
2021-07-24,210835.8,8784.824999999999,13999.6,14.0
2021-07-25,191069.2,7961.216666666667,11882.6,15.0
2021-07-26,161538.9,6730.787499999999,9815.1,12.0
2021-07-27,201478.3,8394.929166666667,13065.9,13.0
2021-07-28,210486.8,8770.283333333333,12034.3,13.0
2021-07-29,204418.9,8517.454166666666,13634.8,14.0
2021-07-30,217873.8,9078.074999999999,14875.5,15.0
2021-07-31,276757.6,11531.566666666666,18068.7,14.0
2021-08-01,174920.1,7288.337500000001,11558.9,13.0
2021-08-02,159329.7,6638.7375,10505.3,12.0
2021-08-03,168611.9,7025.495833333333,12102.8,14.0
2021-08-04,192237.9,8009.912499999999,14305.3,13.0
2021-08-05,200110.9,8337.954166666666,14573.7,14.0
2021-08-06,207700.1,8654.170833333334,14298.9,15.0
2021-08-07,240741.7,10030.904166666667,15831.6,14.0
2021-08-08,176977.5,7374.0625,11275.9,15.0
2021-08-09,166796.9,6949.870833333333,11161.9,13.0
2021-08-10,146012.1,6083.837500000001,10457.5,14.0
2021-08-11,147069.9,6127.912499999999,10563.2,13.0
2021-08-12,166558.0,6939.916666666667,11979.6,13.0
2021-08-13,161813.4,6742.224999999999,11269.0,14.0
2021-08-14,171695.3,7153.970833333333,13332.6,13.0
2021-08-15,198398.40000000002,8266.6,12426.5,14.0
2021-08-16,314343.0,13097.625,18365.8,14.0
2021-08-17,317536.6,13230.691666666666,16825.6,10.0
2021-08-18,248927.6,10371.983333333334,13337.8,12.0
2021-08-19,180953.2,7539.716666666667,10996.4,13.0
2021-08-20,156127.8,6505.325,11889.6,13.0
2021-08-21,152937.0,6372.375,10685.8,13.0
2021-08-22,210937.60000000003,8789.066666666668,12241.8,14.0
2021-08-23,274373.6,11432.233333333332,14871.4,13.0
2021-08-24,265500.0,11062.5,14334.5,11.0
2021-08-25,147131.0,6130.458333333333,10092.8,12.0
2021-08-26,115573.7,4815.570833333333,9125.5,12.0
2021-08-27,157408.0,6558.666666666667,11296.0,14.0
2021-08-28,224902.1,9370.920833333334,14125.0,14.0
2021-08-29,182166.2,7590.258333333334,10901.9,13.0
2021-08-30,151624.8,6317.7,10481.8,13.0
2021-08-31,151314.2,6304.758333333334,10547.4,13.0
2021-09-01,146380.2,6099.175,10643.4,14.0
2021-09-02,107463.2,4477.633333333333,9475.3,12.0
2021-09-03,98398.9,4099.954166666666,9223.3,12.0
2021-09-04,116811.6,4867.150000000001,10376.4,12.0
2021-09-05,154955.4,6456.474999999999,11436.6,12.0
2021-09-06,207699.3,8654.137499999999,12501.6,12.0
2021-09-07,283347.3,11806.137499999999,18455.8,13.0
2021-09-08,202619.5,8442.479166666666,13835.9,13.0
2021-09-09,174796.8,7283.2,12014.8,13.0
2021-09-10,130563.69999999998,5440.154166666666,10190.9,12.0
2021-09-11,104261.9,4344.245833333333,9981.3,12.0
2021-09-12,131154.9,5464.787499999999,10715.8,12.0
2021-09-13,195781.6,8157.566666666667,13426.6,12.0
2021-09-14,124626.69999999998,5192.779166666666,8739.0,12.0
2021-09-15,110606.9,4608.620833333333,8515.6,12.0
2021-09-16,131034.5,5459.770833333333,10395.1,12.0
2021-09-17,124250.8,5177.116666666667,10444.2,12.0
2021-09-18,164204.1,6841.837500000001,11915.4,13.0
2021-09-19,165281.7,6886.7375,11753.0,12.0
2021-09-20,254345.89999999997,10597.745833333332,15944.5,13.0
2021-09-21,280627.4,11692.808333333334,16646.6,11.0
2021-09-22,217174.39999999997,9048.933333333332,13072.8,11.0
2021-09-23,246046.1,10251.920833333334,14997.0,13.0
2021-09-24,161070.0,6711.25,10190.8,11.0
2021-09-25,172887.8,7203.658333333333,13511.8,13.0
2021-09-26,162514.8,6771.45,11763.5,11.0
2021-09-27,140975.6,5873.983333333334,9854.0,12.0
2021-09-28,135805.4,5658.558333333333,10883.5,13.0
2021-09-29,188367.0,7848.625,11949.0,12.0
2021-09-30,145544.2,6064.341666666667,10321.1,12.0
2021-10-01,106576.6,4440.691666666667,10144.3,12.0
2021-10-02,263093.0,10962.208333333334,18762.2,13.0
2021-10-03,269416.6,11225.691666666666,14183.0,14.0
2021-10-04,243508.0,10146.166666666666,15401.3,12.0
2021-10-05,198689.3,8278.720833333333,13280.2,11.0
2021-10-06,181124.0,7546.833333333333,12840.7,11.0
2021-10-07,163955.9,6831.495833333333,11203.9,12.0
2021-10-08,153320.6,6388.358333333334,10870.2,11.0
2021-10-09,189281.2,7886.716666666667,11855.9,13.0
2021-10-10,256245.3,10676.887499999999,14745.1,11.0
2021-10-11,225968.89999999997,9415.370833333332,13259.7,11.0
2021-10-12,226611.7,9442.154166666667,14256.2,12.0
2021-10-13,222035.5,9251.479166666666,13877.6,10.0
2021-10-14,143959.8,5998.325,11115.2,12.0
2021-10-15,125165.8,5215.241666666667,10072.2,12.0
2021-10-16,113143.0,4714.291666666667,8757.3,12.0
2021-10-17,106376.5,4432.354166666667,8566.6,12.0
2021-10-18,136106.2,5671.091666666667,10364.3,11.0
2021-10-19,250961.09999999998,10456.7125,15809.0,12.0
2021-10-20,250136.09999999998,10422.3375,17044.6,13.0
2021-10-21,177688.6,7403.691666666667,11882.3,12.0
2021-10-22,219296.8,9137.366666666667,14094.6,13.0
2021-10-23,126089.70000000001,5253.7375,9360.1,11.0
2021-10-24,120647.9,5026.995833333333,11024.7,11.0
2021-10-25,106139.9,4422.495833333333,9117.0,12.0
2021-10-26,140740.8,5864.2,10679.6,11.0
2021-10-27,111196.79999999999,4633.2,9456.1,11.0
2021-10-28,215926.9,8996.954166666666,14158.6,13.0
2021-10-29,228237.59999999998,9509.9,12662.7,11.0
2021-10-30,299754.4,12489.766666666668,14362.7,11.0
2021-10-31,338656.4,14110.683333333334,18153.2,12.0
2021-11-01,300434.8,12518.116666666667,17721.7,13.0
2021-11-02,318596.5,13274.854166666666,17636.7,11.0
2021-11-03,281709.5,11737.895833333334,18174.9,13.0
2021-11-04,219833.8,9159.741666666667,14528.1,12.0
2021-11-05,281301.8,11720.908333333333,17398.1,12.0
2021-11-06,314094.7,13087.279166666667,19016.0,12.0
2021-11-07,317727.8,13238.658333333333,18667.9,11.0
2021-11-08,317516.9,13229.870833333334,18741.0,12.0
2021-11-09,245455.5,10227.3125,15899.2,10.0
2021-11-10,141284.4,5886.849999999999,9839.1,12.0
2021-11-11,111858.2,4660.758333333333,9058.8,11.0
2021-11-12,152113.4,6338.058333333333,10734.2,12.0
2021-11-13,170928.4,7122.016666666666,11498.6,12.0
2021-11-14,268506.9,11187.7875,15916.6,12.0
2021-11-15,321776.9,13407.370833333334,19909.4,11.0
2021-11-16,254060.6,10585.858333333334,15833.2,11.0
2021-11-17,325473.1,13561.379166666666,19950.3,12.0
2021-11-18,254612.09999999998,10608.8375,14717.6,10.0
2021-11-19,208716.7,8696.529166666667,13067.5,12.0
2021-11-20,106713.6,4446.400000000001,7911.0,0.0
2021-11-21,123145.1,5131.045833333334,8692.2,13.0
2021-11-22,192084.9,8003.537499999999,10301.0,23.0
2021-11-23,249875.2,10411.466666666667,14453.4,11.0
2021-11-24,215083.5,8961.8125,13463.8,13.0
2021-11-25,276978.1,11540.754166666666,14938.1,12.0
2021-11-26,317567.0,13231.958333333334,18173.9,12.0
2021-11-27,410852.9,17118.870833333334,22756.5,12.0
2021-11-28,396871.9,16536.329166666666,21368.0,12.0
2021-11-29,319548.9,13314.5375,18953.1,11.0
2021-11-30,117973.20000000001,4915.55,9323.3,11.0
2021-12-01,277738.1,11572.420833333332,16728.5,13.0
2021-12-02,374848.5,15618.6875,22325.4,12.0
2021-12-03,307470.2,12811.258333333333,17611.6,11.0
2021-12-04,338797.2,14116.550000000001,17774.7,12.0
2021-12-05,420920.2,17538.341666666667,23342.8,12.0
2021-12-06,311745.7,12989.404166666667,18022.7,12.0
2021-12-07,335417.5,13975.729166666666,16926.1,13.0
2021-12-08,456884.6,19036.858333333334,23993.4,11.0
2021-12-09,400212.20000000007,16675.508333333335,19845.4,12.0
2021-12-10,404070.6,16836.274999999998,19816.5,12.0
2021-12-11,279104.4,11629.35,15673.5,12.0
2021-12-12,142779.3,5949.1375,10096.4,11.0
2021-12-13,123939.69999999998,5164.154166666666,9852.2,11.0
2021-12-14,111377.1,4640.712500000001,9237.8,12.0
2021-12-15,144759.0,6031.625,10244.1,13.0
2021-12-16,178612.1,7442.170833333334,11427.5,13.0
2021-12-17,152077.0,6336.541666666667,10463.5,12.0
2021-12-18,126809.70000000001,5283.7375,8236.2,12.0
2021-12-19,152170.8,6340.45,9266.9,11.0
2021-12-20,137155.1,5714.795833333334,7906.5,11.0
2021-12-21,153832.5,6409.6875,8715.2,11.0
2021-12-22,169542.0,7064.25,9704.4,13.0
2021-12-23,179342.3,7472.595833333333,8966.0,22.0
2021-12-24,220193.7,9174.737500000001,10620.1,12.0
2021-12-25,173891.6,7245.483333333334,10506.0,0.0
2021-12-26,232464.3,9686.012499999999,15417.0,23.0
2021-12-27,431345.5,17972.729166666668,22753.1,12.0
2021-12-28,385175.3,16048.970833333333,20306.9,12.0
2021-12-29,244367.8,10181.991666666667,13601.0,12.0
2021-12-30,144973.6,6040.566666666667,10314.3,12.0
2021-12-31,163139.0,6797.458333333333,10481.3,12.0
2022-01-01,180312.1,7513.004166666667,11909.5,11.0
2022-01-02,135996.7,5666.529166666667,9723.3,12.0
2022-01-03,203203.5,8466.8125,12612.7,13.0
2022-01-04,328697.3,13695.720833333333,16079.9,13.0
2022-01-05,310032.6,12918.025,18759.1,11.0
2022-01-06,245354.09999999998,10223.0875,14473.0,12.0
2022-01-07,252412.9,10517.204166666666,16724.3,12.0
2022-01-08,304764.9,12698.5375,17127.9,13.0
2022-01-09,418757.2,17448.216666666667,22183.1,12.0
2022-01-10,312511.0,13021.291666666666,16615.0,13.0
2022-01-11,272505.7,11354.404166666667,15803.6,12.0
2022-01-12,273516.9,11396.5375,16539.5,12.0
2022-01-13,170978.0,7124.083333333333,11249.9,12.0
2022-01-14,135718.9,5654.954166666666,10485.0,12.0
2022-01-15,125106.4,5212.766666666666,10060.6,12.0
2022-01-16,124986.1,5207.754166666667,9619.7,10.0
2022-01-17,129014.9,5375.620833333333,10306.8,12.0
2022-01-18,105032.30000000002,4376.345833333334,9496.5,12.0
2022-01-19,167321.6,6971.733333333334,11644.9,13.0
2022-01-20,261281.09999999998,10886.7125,15166.0,13.0
2022-01-21,339745.7,14156.070833333333,19478.1,11.0
2022-01-22,200268.7,8344.529166666667,11580.3,10.0
2022-01-23,133360.7,5556.695833333334,9876.2,12.0
2022-01-24,132856.9,5535.704166666666,9975.7,12.0
2022-01-25,155256.1,6469.004166666667,11720.5,12.0
2022-01-26,163414.9,6808.954166666666,10646.2,12.0
2022-01-27,192192.8,8008.033333333333,11240.1,12.0
2022-01-28,277245.8,11551.908333333333,16164.8,10.0
2022-01-29,182114.0,7588.083333333333,12459.7,12.0
2022-01-30,148524.7,6188.529166666667,10445.6,13.0
2022-01-31,342274.3,14261.429166666667,19834.5,14.0
2022-02-01,370953.8,15456.408333333333,20778.4,11.0
2022-02-02,165861.9,6910.912499999999,11880.7,10.0
2022-02-03,137179.2,5715.8,10618.9,13.0
2022-02-04,161314.1,6721.420833333334,9829.7,13.0
2022-02-05,231051.0,9627.125,14538.4,12.0
2022-02-06,194460.9,8102.537499999999,11569.2,12.0
2022-02-07,296713.1,12363.045833333332,17373.5,13.0
2022-02-08,183087.3,7628.6375,12154.6,12.0
2022-02-09,149092.2,6212.175,11551.9,12.0
2022-02-10,108247.4,4510.308333333333,9609.9,12.0
2022-02-11,167408.9,6975.370833333333,12950.3,11.0
2022-02-12,118205.30000000002,4925.220833333334,9320.5,12.0
2022-02-13,285808.4,11908.683333333334,18513.2,13.0
2022-02-14,349510.0,14562.916666666666,21959.5,13.0
2022-02-15,284928.9,11872.0375,17805.2,13.0
2022-02-16,337155.9,14048.1625,19938.5,13.0
2022-02-17,223486.9,9311.954166666666,14653.0,11.0
2022-02-18,235861.3,9827.554166666667,13334.1,13.0
2022-02-19,250763.7,10448.487500000001,14512.1,12.0
2022-02-20,189891.3,7912.1375,13326.8,12.0
2022-02-21,264505.3,11021.054166666667,17409.3,12.0
2022-02-22,248241.7,10343.404166666667,15166.9,12.0
2022-02-23,165805.3,6908.554166666666,11301.6,12.0
2022-02-24,194956.0,8123.166666666667,11961.0,23.0
2022-02-25,318627.5,13276.145833333334,16674.8,11.0
2022-02-26,202476.2,8436.508333333333,12686.5,12.0
2022-02-27,114591.9,4774.662499999999,8777.9,12.0
2022-02-28,136252.8,5677.2,12007.7,12.0
2022-03-01,195513.6,8146.400000000001,14120.0,12.0
2022-03-02,243082.8,10128.449999999999,17096.7,13.0
2022-03-03,222281.8,9261.741666666667,13224.0,22.0
2022-03-04,334893.3,13953.887499999999,20048.4,11.0
2022-03-05,217569.90000000002,9065.4125,13395.4,12.0
2022-03-06,173007.8,7208.658333333333,12095.0,11.0
2022-03-07,172864.6,7202.691666666667,11975.6,14.0
2022-03-08,213683.0,8903.458333333334,14542.1,11.0
2022-03-09,243456.4,10144.016666666666,18160.8,12.0
2022-03-10,264851.1,11035.4625,17911.6,13.0
2022-03-11,274123.1,11421.795833333332,15682.5,12.0
2022-03-12,289458.1,12060.754166666666,19960.9,12.0
2022-03-13,210276.0,8761.5,15612.5,11.0
2022-03-14,358903.6,14954.316666666666,19495.5,13.0
2022-03-15,346186.1,14424.420833333332,17697.3,12.0
2022-03-16,254415.7,10600.654166666667,14274.0,23.0
2022-03-17,399477.7,16644.904166666667,21265.2,12.0
2022-03-18,259115.3,10796.470833333333,16177.0,10.0
2022-03-19,225179.8,9382.491666666667,14695.2,11.0
2022-03-20,294538.5,12272.4375,16696.5,13.0
2022-03-21,298497.9,12437.4125,15887.3,11.0
2022-03-22,331729.8,13822.074999999999,18537.2,12.0
2022-03-23,329521.3,13730.054166666667,17642.8,12.0
2022-03-24,292326.2,12180.258333333333,15550.4,12.0
2022-03-25,248321.5,10346.729166666666,14078.2,12.0
2022-03-26,161677.1,6736.545833333334,10442.0,11.0
2022-03-27,193379.9,8057.495833333333,13864.4,12.0
2022-03-28,216430.2,9017.925000000001,14818.7,11.0
2022-03-29,109341.29999999999,4555.8875,7179.4,13.0
2022-03-30,220176.90000000002,9174.0375,13970.9,13.0
2022-03-31,362767.5,15115.3125,21289.0,12.0
2022-04-01,400544.6,16689.358333333334,24007.5,12.0
2022-04-02,352530.8,14688.783333333333,22743.9,12.0
2022-04-03,314543.9,13105.995833333334,20025.7,13.0
2022-04-04,341633.8,14234.741666666667,19521.0,11.0
2022-04-05,191381.6,7974.233333333334,11271.0,0.0
2022-04-06,241986.10000000003,10082.754166666668,18583.0,14.0
2022-04-07,374424.8,15601.033333333333,22323.8,13.0
2022-04-08,401078.79999999993,16711.616666666665,24705.2,12.0
2022-04-09,193936.4,8080.683333333333,13960.4,12.0
2022-04-10,330374.9,13765.620833333334,22551.9,13.0
2022-04-11,392383.9,16349.329166666668,24196.9,12.0
2022-04-12,204805.9,8533.579166666666,12962.0,12.0
2022-04-13,200360.89999999997,8348.370833333332,13403.4,12.0
2022-04-14,185864.1,7744.337500000001,13375.3,11.0
2022-04-15,180658.9,7527.454166666666,13680.6,11.0
2022-04-16,232200.59999999998,9675.025,16413.3,13.0
2022-04-17,203539.60000000003,8480.816666666668,13191.6,13.0
2022-04-18,256685.09999999998,10695.2125,15309.6,13.0
2022-04-19,312819.8,13034.158333333333,18224.7,12.0
2022-04-20,408905.69999999995,17037.7375,24558.8,13.0
2022-04-21,300590.7,12524.612500000001,19808.9,11.0
2022-04-22,236351.5,9847.979166666666,13849.1,13.0
2022-04-23,432866.69999999995,18036.1125,26459.0,12.0
2022-04-24,255804.5,10658.520833333334,16969.2,10.0
2022-04-25,151287.6,6303.650000000001,13179.7,11.0
2022-04-26,151905.3,6329.3875,13655.5,11.0
2022-04-27,120300.9,5012.537499999999,9977.3,13.0
2022-04-28,167857.1,6994.045833333334,12828.1,13.0
2022-04-29,186878.9,7786.620833333333,14467.5,11.0
2022-04-30,197320.0,8221.666666666666,14825.0,13.0
2022-05-01,196189.1,8174.545833333334,14161.9,13.0
2022-05-02,230406.7,9600.279166666667,15069.9,14.0
2022-05-03,257485.39999999997,10728.558333333332,16157.6,13.0
2022-05-04,254798.5,10616.604166666666,14426.7,10.0
2022-05-05,291077.1,12128.2125,17936.6,12.0
2022-05-06,307536.6,12814.025,19035.1,14.0
2022-05-07,253646.09999999998,10568.5875,16239.4,12.0
2022-05-08,205334.7,8555.612500000001,14199.8,13.0
2022-05-09,182186.7,7591.1125,13644.4,12.0
2022-05-10,201187.1,8382.795833333334,14339.9,12.0
2022-05-11,241334.7,10055.612500000001,16717.9,12.0
2022-05-12,231508.8,9646.199999999999,15927.3,12.0
2022-05-13,168609.3,7025.3875,13372.6,12.0
2022-05-14,199648.1,8318.670833333334,15663.3,12.0
2022-05-15,301293.1,12553.879166666666,21073.6,13.0
2022-05-16,241611.4,10067.141666666666,17153.7,13.0
2022-05-17,217922.6,9080.108333333334,17817.4,11.0
2022-05-18,217869.3,9077.887499999999,17744.8,12.0
2022-05-19,295240.1,12301.670833333332,20878.8,13.0
2022-05-20,316113.2,13171.383333333333,18925.3,12.0
2022-05-21,259314.59999999998,10804.775,16809.0,12.0
2022-05-22,252442.7,10518.445833333333,19306.8,13.0
2022-05-23,280082.6,11670.108333333332,17925.2,13.0
2022-05-24,282238.3,11759.929166666667,18488.9,14.0
2022-05-25,333314.7,13888.112500000001,20008.8,13.0
2022-05-26,344587.3,14357.804166666667,20264.8,13.0
2022-05-27,330893.4,13787.225,19252.1,13.0
2022-05-28,263655.7,10985.654166666667,16179.1,13.0
2022-05-29,243819.90000000002,10159.1625,16144.1,14.0
2022-05-30,199203.3,8300.137499999999,14981.7,13.0
2022-05-31,178002.8,7416.783333333333,14037.1,14.0
2022-06-01,213848.6,8910.358333333334,17238.7,13.0
2022-06-02,178483.0,7436.791666666667,14983.0,12.0
2022-06-03,190431.5,7934.645833333333,15611.2,13.0
2022-06-04,198936.2,8289.008333333333,16521.3,13.0
2022-06-05,187431.3,7809.6375,14065.9,12.0
2022-06-06,216581.6,9024.233333333334,16012.7,14.0
2022-06-07,213611.0,8900.458333333334,14849.1,14.0
2022-06-08,244654.2,10193.925000000001,18089.1,13.0
2022-06-09,273396.8,11391.533333333333,18204.8,14.0
2022-06-10,245652.2,10235.508333333333,15316.2,13.0
2022-06-11,274522.5,11438.4375,16560.7,13.0
2022-06-12,285635.4,11901.475,17480.4,12.0
2022-06-13,263698.9,10987.454166666668,16066.5,13.0
2022-06-14,191873.4,7994.724999999999,15350.8,12.0
2022-06-15,180263.80000000002,7510.991666666668,12420.6,13.0
2022-06-16,186631.8,7776.325,13534.6,13.0
2022-06-17,209778.5,8740.770833333334,14348.8,13.0
2022-06-18,298717.6,12446.566666666666,20971.6,14.0
2022-06-19,304914.7,12704.779166666667,20975.2,13.0
2022-06-20,230406.7,9600.279166666667,19102.0,14.0
2022-06-21,203967.10000000003,8498.629166666668,14766.6,14.0
2022-06-22,184156.8,7673.2,13734.8,12.0
2022-06-23,208435.5,8684.8125,16643.2,14.0
2022-06-24,246546.90000000002,10272.7875,17329.2,13.0
2022-06-25,232701.8,9695.908333333333,16888.1,13.0
2022-06-26,229105.2,9546.050000000001,15255.8,14.0
2022-06-27,275920.2,11496.675000000001,16893.8,14.0
2022-06-28,191043.9,7960.162499999999,13483.0,13.0
2022-06-29,225648.10000000003,9402.004166666668,16505.0,14.0
2022-06-30,240364.7,10015.195833333333,15916.8,14.0
2022-07-01,227463.3,9477.637499999999,14410.7,13.0
2022-07-02,251607.0,10483.625,16149.3,13.0
2022-07-03,237891.0,9912.125,15243.0,13.0
2022-07-04,255660.59999999998,10652.525,15553.4,13.0
2022-07-05,302005.1,12583.545833333332,17148.1,14.0
2022-07-06,309618.1,12900.754166666666,17580.9,13.0
2022-07-07,360331.3,15013.804166666667,20476.4,12.0
2022-07-08,303521.1,12646.7125,16672.6,13.0
2022-07-09,249008.40000000002,10375.35,14683.9,12.0
2022-07-10,210047.7,8751.987500000001,13503.5,13.0
2022-07-11,223211.0,9300.458333333334,14461.9,13.0
2022-07-12,223630.8,9317.949999999999,14061.6,13.0
2022-07-13,208476.8,8686.533333333333,13941.8,13.0
2022-07-14,237155.3,9881.470833333333,14457.7,14.0
2022-07-15,242262.7,10094.279166666667,14829.6,12.0
2022-07-16,206162.5,8590.104166666666,14062.0,13.0
2022-07-17,212076.10000000003,8836.504166666668,14610.5,13.0
2022-07-18,261641.09999999998,10901.7125,17676.2,14.0
2022-07-19,255213.3,10633.887499999999,17876.9,13.0
2022-07-20,229809.7,9575.404166666667,14815.0,15.0
2022-07-21,254019.5,10584.145833333334,15616.7,13.0
2022-07-22,248956.2,10373.175000000001,15104.6,15.0
2022-07-23,209352.8,8723.033333333333,13522.9,13.0
2022-07-24,200413.1,8350.545833333334,15295.7,14.0
2022-07-25,236600.8,9858.366666666667,16043.1,15.0
2022-07-26,259109.0,10796.208333333334,15550.3,15.0
2022-07-27,222103.60000000003,9254.316666666668,13515.1,13.0
2022-07-28,186694.6,7778.941666666667,13129.9,14.0
2022-07-29,226414.60000000003,9433.941666666668,14988.3,15.0
2022-07-30,267041.2,11126.716666666667,15490.8,12.0
2022-07-31,239006.5,9958.604166666666,14015.6,13.0
2022-08-01,222037.9,9251.579166666666,14061.1,12.0
2022-08-02,199755.90000000002,8323.1625,13637.7,13.0
2022-08-03,220204.3,9175.179166666667,14681.6,13.0
2022-08-04,259818.90000000002,10825.7875,16504.1,13.0
2022-08-05,284343.5,11847.645833333334,16591.7,12.0
2022-08-06,259126.1,10796.920833333334,15357.3,12.0
2022-08-07,214455.90000000002,8935.6625,14103.7,13.0
2022-08-08,210854.5,8785.604166666666,13966.1,13.0
2022-08-09,224509.5,9354.5625,14410.2,12.0
2022-08-10,196313.6,8179.733333333334,14179.2,12.0
2022-08-11,194715.5,8113.145833333333,14176.2,12.0
2022-08-12,167763.3,6990.1375,13152.5,13.0
2022-08-13,195938.1,8164.087500000001,14760.4,14.0
2022-08-14,227442.5,9476.770833333334,16918.9,14.0
2022-08-15,230367.59999999998,9598.65,15225.6,13.0
2022-08-16,282297.3,11762.387499999999,19188.8,13.0
2022-08-17,257462.8,10727.616666666667,16685.9,14.0
2022-08-18,292750.6,12197.941666666666,18720.6,13.0
2022-08-19,255144.3,10631.012499999999,16019.4,11.0
2022-08-20,195827.5,8159.479166666667,13781.2,13.0
2022-08-21,220758.80000000005,9198.283333333335,15581.7,14.0
2022-08-22,269386.2,11224.425000000001,16772.0,13.0
2022-08-23,214451.09999999998,8935.4625,13910.5,11.0
2022-08-24,193244.8,8051.866666666666,14390.8,12.0
2022-08-25,243998.8,10166.616666666667,15721.2,12.0
2022-08-26,288644.7,12026.862500000001,16991.7,9.0
2022-08-27,199629.5,8317.895833333334,13692.1,12.0
2022-08-28,197676.0,8236.5,14596.4,12.0
2022-08-29,188419.2,7850.8,15424.8,12.0
2022-08-30,166697.1,6945.712500000001,13748.8,13.0
2022-08-31,174235.6,7259.816666666667,14037.4,13.0
2022-09-01,160467.3,6686.1375,12566.8,13.0
2022-09-02,184528.0,7688.666666666667,13704.0,14.0
2022-09-03,199737.0,8322.375,15220.1,14.0
2022-09-04,260588.0,10857.833333333334,19205.6,13.0
2022-09-05,259238.89999999997,10801.620833333332,19258.5,13.0
2022-09-06,241779.10000000003,10074.129166666668,17392.3,12.0
2022-09-07,243257.5,10135.729166666666,18676.7,13.0
2022-09-08,178364.8,7431.866666666666,14234.6,13.0
2022-09-09,157701.9,6570.912499999999,13141.1,13.0
2022-09-10,147726.7,6155.279166666667,12621.1,12.0
2022-09-11,202545.3,8439.387499999999,15211.1,13.0
2022-09-12,244480.1,10186.670833333334,15919.3,11.0
2022-09-13,296806.6,12366.941666666666,17997.8,12.0
2022-09-14,192794.4,8033.099999999999,13804.9,12.0
2022-09-15,143227.6,5967.816666666667,10327.5,13.0
2022-09-16,232781.89999999997,9699.245833333332,14545.7,14.0
2022-09-17,258628.9,10776.204166666666,15608.1,9.0
2022-09-18,199586.6,8316.108333333334,13367.1,11.0
2022-09-19,163388.5,6807.854166666667,11989.7,12.0
2022-09-20,175048.5,7293.6875,12795.0,12.0
2022-09-21,168128.7,7005.3625,11569.9,11.0
2022-09-22,125404.5,5225.1875,10626.3,12.0
2022-09-23,162495.2,6770.633333333334,12561.7,11.0
2022-09-24,237506.09999999998,9896.0875,16505.2,13.0
2022-09-25,256798.8,10699.949999999999,15843.3,11.0
2022-09-26,230232.5,9593.020833333334,14928.6,13.0
2022-09-27,304210.6,12675.441666666666,21531.5,12.0
2022-09-28,320095.5,13337.3125,21670.8,12.0
2022-09-29,330533.6,13772.233333333332,20284.2,11.0
2022-09-30,276498.4,11520.766666666668,18920.9,10.0
2022-10-01,160751.4,6697.974999999999,13620.6,12.0
2022-10-02,191307.0,7971.125,14118.3,11.0
2022-10-03,120691.9,5028.829166666666,9974.7,11.0
2022-10-04,123036.69999999998,5126.529166666666,10916.1,12.0
2022-10-05,183495.7,7645.654166666667,12518.7,11.0
2022-10-06,245522.6,10230.108333333334,15671.1,11.0
2022-10-07,162904.4,6787.683333333333,11484.0,12.0
2022-10-08,202957.0,8456.541666666666,15294.5,10.0
2022-10-09,166302.6,6929.275000000001,12977.9,12.0
2022-10-10,96791.5,4032.9791666666665,7992.4,11.0
2022-10-11,109102.90000000002,4545.954166666667,8727.2,11.0
2022-10-12,141661.2,5902.55,11470.5,10.0
2022-10-13,136773.4,5698.891666666666,12202.7,12.0
2022-10-14,170392.2,7099.675,13904.4,11.0
2022-10-15,205322.40000000002,8555.1,15897.8,13.0
2022-10-16,264287.0,11011.958333333334,16820.7,12.0
2022-10-17,261349.1,10889.545833333334,18265.2,11.0
2022-10-18,314202.9,13091.7875,21115.5,12.0
2022-10-19,318621.2,13275.883333333333,19324.6,11.0
2022-10-20,331276.8,13803.199999999999,18150.4,12.0
2022-10-21,284112.7,11838.029166666667,16442.0,11.0
2022-10-22,315500.7,13145.862500000001,19299.1,13.0
2022-10-23,350625.8,14609.408333333333,21297.1,12.0
2022-10-24,195027.2,8126.133333333334,13815.4,12.0
2022-10-25,297896.6,12412.358333333332,20515.6,12.0
2022-10-26,231596.0,9649.833333333334,14050.8,12.0
2022-10-27,341466.4,14227.766666666668,20000.5,12.0
2022-10-28,294717.4,12279.891666666668,16897.9,12.0
2022-10-29,306263.5,12760.979166666666,18519.9,11.0
2022-10-30,146194.6,6091.441666666667,9472.7,12.0
2022-10-31,233954.89999999997,9748.120833333332,15545.0,11.0
2022-11-01,129520.5,5396.6875,11983.9,12.0
2022-11-02,137469.2,5727.883333333334,12184.9,12.0
2022-11-03,272881.5,11370.0625,16274.5,12.0
2022-11-04,270172.6,11257.191666666666,19689.0,12.0
2022-11-05,182162.6,7590.108333333334,13581.4,11.0
2022-11-06,197620.60000000003,8234.191666666668,14963.5,12.0
2022-11-07,243316.60000000003,10138.191666666668,16285.5,13.0
2022-11-08,257086.39999999997,10711.933333333332,14912.4,12.0
2022-11-09,141096.0,5879.0,9632.5,12.0
2022-11-10,136339.3,5680.804166666666,11238.1,11.0
2022-11-11,239302.9,9970.954166666666,14767.4,12.0
2022-11-12,313816.0,13075.666666666666,19774.9,12.0
2022-11-13,198138.8,8255.783333333333,13678.5,12.0
2022-11-14,208453.9,8685.579166666666,13031.8,13.0
2022-11-15,359043.0,14960.125,19830.8,12.0
2022-11-16,377562.6,15731.775,19861.9,11.0
2022-11-17,382236.2,15926.508333333333,20994.4,12.0
2022-11-18,260927.8,10871.991666666667,15148.9,14.0
2022-11-19,380435.5,15851.479166666666,22762.3,12.0
2022-11-20,286189.6,11924.566666666666,16895.2,12.0
2022-11-21,439324.19999999995,18305.175,21017.2,14.0
2022-11-22,437725.70000000007,18238.570833333335,21997.3,11.0
2022-11-23,362558.8,15106.616666666667,20648.9,12.0
2022-11-24,192830.8,8034.616666666666,11750.5,12.0
2022-11-25,229803.59999999998,9575.15,17197.7,12.0
2022-11-26,193574.9,8065.620833333333,13127.5,11.0
2022-11-27,199853.3,8327.220833333333,12529.4,11.0
2022-11-28,375714.0,15654.75,24442.4,12.0
2022-11-29,241477.39999999997,10061.558333333332,16404.3,11.0
2022-11-30,99773.70000000001,4157.2375,8804.8,11.0
2022-12-01,186860.5,7785.854166666667,12135.6,13.0
2022-12-02,126635.6,5276.483333333334,9799.5,10.0
2022-12-03,118281.1,4928.379166666667,11119.3,11.0
2022-12-04,97219.2,4050.7999999999997,8982.0,12.0
2022-12-05,154195.0,6424.791666666667,8850.5,11.0
2022-12-06,63152.5,2631.3541666666665,5605.0,12.0
2022-12-07,91703.5,3820.9791666666665,6793.5,12.0
2022-12-08,216920.0,9038.333333333334,11936.2,12.0
2022-12-09,208873.1,8703.045833333334,11809.5,23.0
2022-12-10,259709.3,10821.220833333333,15206.0,13.0
2022-12-11,144751.0,6031.291666666667,8985.8,23.0
2022-12-12,349613.6,14567.233333333332,19250.7,13.0
2022-12-13,306489.5,12770.395833333334,15986.3,0.0
2022-12-14,300868.8,12536.199999999999,16242.5,3.0
2022-12-15,186998.3,7791.595833333333,10247.8,0.0
2022-12-16,188163.3,7840.1375,11172.2,12.0
2022-12-17,100757.1,4198.212500000001,8056.9,13.0
2022-12-18,245125.0,10213.541666666666,15793.7,12.0
2022-12-19,301358.1,12556.5875,17000.8,12.0
2022-12-20,299973.5,12498.895833333334,15138.8,12.0
2022-12-21,343651.8,14318.824999999999,19869.0,12.0
2022-12-22,306567.4,12773.641666666668,16437.5,12.0
2022-12-23,289044.39999999997,12043.516666666665,17164.1,12.0
2022-12-24,221100.5,9212.520833333334,13846.3,12.0
2022-12-25,268624.6,11192.691666666666,17419.8,11.0
2022-12-26,97968.2,4082.008333333333,9121.1,12.0
2022-12-27,111642.80000000002,4651.783333333334,10458.5,12.0
2022-12-28,248514.0,10354.75,16552.4,12.0
2022-12-29,288055.7,12002.320833333333,15601.5,12.0
2022-12-30,358904.4,14954.35,19032.9,12.0
2022-12-31,293599.2,12233.300000000001,17463.4,12.0
2023-01-01,279131.9,11630.495833333334,16461.4,12.0
2023-01-02,108628.1,4526.170833333334,8420.3,0.0
2023-01-03,114206.1,4758.587500000001,9664.5,13.0
2023-01-04,123456.0,5144.0,10579.4,12.0
2023-01-05,109231.9,4551.329166666666,10394.9,12.0
2023-01-06,148370.5,6182.104166666667,11590.6,13.0
2023-01-07,303250.89999999997,12635.454166666665,16962.3,12.0
2023-01-08,371851.7,15493.820833333333,18630.2,13.0
2023-01-09,317517.7,13229.904166666667,18349.0,12.0
2023-01-10,233423.8,9725.991666666667,13802.9,13.0
2023-01-11,230018.6,9584.108333333334,14536.0,13.0
2023-01-12,191261.3,7969.220833333333,13390.3,12.0
2023-01-13,191126.9,7963.620833333333,12639.2,12.0
2023-01-14,243971.19999999995,10165.466666666665,15875.4,13.0
2023-01-15,323094.39999999997,13462.266666666665,18442.7,13.0
2023-01-16,446044.9,18585.204166666666,22314.8,12.0
2023-01-17,504545.4,21022.725000000002,25749.4,12.0
2023-01-18,434038.9,18084.954166666666,25347.6,12.0
2023-01-19,426883.0,17786.791666666668,24638.5,12.0
2023-01-20,283352.7,11806.362500000001,15603.2,12.0
2023-01-21,307280.1,12803.3375,19420.1,13.0
2023-01-22,368303.5,15345.979166666666,21616.8,12.0
2023-01-23,361701.0,15070.875,21463.3,12.0
2023-01-24,287488.0,11978.666666666666,17945.8,11.0
2023-01-25,284633.0,11859.708333333334,17792.2,13.0
2023-01-26,354862.1,14785.920833333332,20962.3,12.0
2023-01-27,392439.6,16351.65,24318.4,12.0
2023-01-28,357382.7,14890.945833333333,22643.1,12.0
2023-01-29,272526.2,11355.258333333333,18072.1,11.0
2023-01-30,223267.9,9302.829166666666,15449.2,13.0
2023-01-31,259935.3,10830.637499999999,17243.6,12.0
2023-02-01,260891.8,10870.491666666667,17559.8,12.0
2023-02-02,202255.8,8427.324999999999,14183.9,12.0
2023-02-03,153763.1,6406.795833333334,12306.2,13.0
2023-02-04,256364.19999999995,10681.841666666665,17302.8,13.0
2023-02-05,374680.89999999997,15611.704166666665,22736.6,12.0
2023-02-06,303822.0,12659.25,17111.2,10.0
2023-02-07,250669.60000000003,10444.566666666668,15061.5,11.0
2023-02-08,233289.7,9720.404166666667,13398.7,11.0
2023-02-09,194133.30000000002,8088.887500000001,13298.6,12.0
2023-02-10,206180.5,8590.854166666666,14894.2,12.0
2023-02-11,225564.10000000003,9398.504166666668,15467.3,12.0
2023-02-12,206819.2,8617.466666666667,14060.9,12.0
2023-02-13,235189.3,9799.554166666667,16683.0,12.0
2023-02-14,257741.3,10739.220833333333,16325.0,13.0
2023-02-15,170449.2,7102.05,12759.7,12.0
2023-02-16,157644.4,6568.516666666666,13805.2,13.0
2023-02-17,219036.10000000003,9126.504166666668,16046.9,12.0
2023-02-18,172482.2,7186.758333333334,12410.5,12.0
2023-02-19,199633.7,8318.070833333333,14604.4,12.0
2023-02-20,196255.7,8177.320833333334,14353.7,13.0
2023-02-21,128919.5,5371.645833333333,10879.1,12.0
2023-02-22,162388.7,6766.195833333334,13747.0,13.0
2023-02-23,219015.2,9125.633333333333,16680.9,13.0
2023-02-24,164573.0,6857.208333333333,13184.8,13.0
2023-02-25,177745.7,7406.070833333334,12213.4,13.0
2023-02-26,412153.80000000005,17173.075,25715.8,13.0
2023-02-27,442634.4,18443.100000000002,26799.3,11.0
2023-02-28,407756.5,16989.854166666668,25818.1,11.0
2023-03-01,261433.39999999997,10893.058333333332,16935.5,13.0
2023-03-02,294654.9,12277.2875,19825.1,12.0
2023-03-03,267389.0,11141.208333333334,19092.3,11.0
2023-03-04,203167.0,8465.291666666666,16102.3,11.0
2023-03-05,118524.9,4938.537499999999,9598.3,11.0
2023-03-06,220646.5,9193.604166666666,15888.0,12.0
2023-03-07,377213.0,15717.208333333334,24279.9,13.0
2023-03-08,431641.9,17985.079166666666,24726.4,13.0
2023-03-09,452572.4,18857.183333333334,25641.3,13.0
2023-03-10,492955.5,20539.8125,28440.0,12.0
2023-03-11,439110.89999999997,18296.2875,26966.6,12.0
2023-03-12,259058.09999999998,10794.0875,17127.7,12.0
2023-03-13,416713.1,17363.045833333334,26958.4,14.0
2023-03-14,366290.1,15262.0875,24336.0,12.0
2023-03-15,194604.5,8108.520833333333,15986.2,12.0
2023-03-16,339586.2,14149.425000000001,23030.0,12.0
2023-03-17,343829.3,14326.220833333333,22087.6,12.0
2023-03-18,245286.59999999998,10220.275,16565.1,11.0
2023-03-19,214385.6,8932.733333333334,17016.5,10.0
2023-03-20,171393.5,7141.395833333333,15697.1,12.0
2023-03-21,166128.1,6922.004166666667,14561.8,12.0
2023-03-22,247166.8,10298.616666666667,19219.9,12.0
2023-03-23,300243.4,12510.141666666668,20541.7,13.0
2023-03-24,323733.0,13488.875,22939.9,13.0
2023-03-25,294491.3,12270.470833333333,22726.7,14.0
2023-03-26,411860.39999999997,17160.85,27223.3,12.0
2023-03-27,243274.19999999998,10136.425,18076.1,11.0
2023-03-28,231238.9,9634.954166666666,18016.8,12.0
2023-03-29,339458.8,14144.116666666667,23964.1,12.0
2023-03-30,382714.2,15946.425000000001,24312.7,14.0
2023-03-31,447710.79999999993,18654.616666666665,26825.8,12.0
2023-04-01,387149.3,16131.220833333333,24748.2,13.0
2023-04-02,393733.0,16405.541666666668,24591.5,12.0
2023-04-03,287665.2,11986.050000000001,18515.7,11.0
2023-04-04,357902.39999999997,14912.599999999999,22040.2,12.0
2023-04-05,251577.90000000002,10482.4125,17886.9,11.0
2023-04-06,247519.3,10313.304166666667,17135.3,12.0
2023-04-07,212216.7,8842.362500000001,16793.6,12.0
2023-04-08,200735.7,8363.987500000001,16379.2,14.0
2023-04-09,186894.0,7787.25,15928.2,13.0
2023-04-10,220026.2,9167.758333333333,16453.5,14.0
2023-04-11,252172.8,10507.199999999999,18028.9,14.0
2023-04-12,406209.8,16925.408333333333,25482.9,13.0
2023-04-13,393435.30000000005,16393.1375,27213.8,13.0
2023-04-14,404571.4,16857.141666666666,25596.9,14.0
2023-04-15,400355.0,16681.458333333332,24110.6,13.0
2023-04-16,345945.9,14414.4125,21506.6,10.0
2023-04-17,331882.1,13828.420833333332,19727.2,10.0
2023-04-18,298972.9,12457.204166666668,18325.3,10.0
2023-04-19,240657.0,10027.375,17552.6,10.0
2023-04-20,209085.10000000003,8711.879166666668,17007.8,13.0
2023-04-21,289681.8,12070.074999999999,22599.6,14.0
2023-04-22,262118.09999999998,10921.5875,18031.7,13.0
2023-04-23,325160.3,13548.345833333333,22210.4,12.0
2023-04-24,244932.0,10205.5,19131.1,13.0
2023-04-25,251908.39999999997,10496.183333333332,19811.7,13.0
2023-04-26,194141.1,8089.212500000001,15440.4,13.0
2023-04-27,194094.4,8087.266666666666,16709.7,12.0
2023-04-28,219298.5,9137.4375,16698.1,12.0
2023-04-29,262955.1,10956.4625,19011.1,14.0
2023-04-30,283681.5,11820.0625,17713.6,13.0
2023-05-01,265499.1,11062.4625,18350.5,11.0
2023-05-02,231380.09999999998,9640.8375,16395.7,11.0
2023-05-03,335199.8,13966.658333333333,21308.5,13.0
2023-05-04,281047.6,11710.316666666666,18908.8,13.0
2023-05-05,240189.7,10007.904166666667,17628.5,12.0
2023-05-06,248268.10000000003,10344.504166666668,18209.5,11.0
2023-05-07,267921.9,11163.4125,18210.9,10.0
2023-05-08,253939.39999999997,10580.808333333332,18060.2,12.0
2023-05-09,305925.7,12746.904166666667,23314.9,14.0
2023-05-10,332263.9,13844.329166666668,21417.4,11.0
2023-05-11,340548.6,14189.525,21660.3,15.0
2023-05-12,333009.1,13875.379166666666,21689.0,14.0
2023-05-13,345045.6,14376.9,21667.4,11.0
2023-05-14,355569.3,14815.387499999999,22387.3,13.0
2023-05-15,385255.9,16052.329166666668,24099.6,12.0
2023-05-16,437068.6,18211.191666666666,25111.8,10.0
2023-05-17,452296.70000000007,18845.695833333335,25501.6,11.0
2023-05-18,421869.9,17577.912500000002,25168.7,10.0
2023-05-19,391172.7,16298.862500000001,23261.5,10.0
2023-05-20,319416.7,13309.029166666667,18942.0,10.0
2023-05-21,280680.3,11695.012499999999,17222.9,10.0
2023-05-22,242303.5,10095.979166666666,15215.7,12.0
2023-05-23,279851.4,11660.475,16958.7,12.0
2023-05-24,273227.9,11384.495833333334,16924.1,12.0
2023-05-25,334959.7,13956.654166666667,20870.2,11.0
2023-05-26,326583.7,13607.654166666667,21489.1,11.0
2023-05-27,175443.5,7310.145833333333,13107.5,12.0
2023-05-28,153477.9,6394.912499999999,12469.6,12.0
2023-05-29,178058.9,7419.120833333333,14275.2,12.0
2023-05-30,149451.4,6227.141666666666,12805.5,12.0
2023-05-31,159885.8,6661.908333333333,13912.9,11.0
2023-06-01,164378.3,6849.095833333333,13714.7,12.0
2023-06-02,158140.5,6589.1875,13583.9,11.0
2023-06-03,148790.4,6199.599999999999,13760.1,11.0
2023-06-04,154083.7,6420.154166666667,13974.2,11.0
2023-06-05,161412.4,6725.516666666666,14249.4,11.0
2023-06-06,212119.0,8838.291666666666,16233.6,12.0
2023-06-07,194269.8,8094.575,11993.8,12.0
2023-06-08,200669.3,8361.220833333333,13842.1,12.0
2023-06-09,279550.4,11647.933333333334,19694.3,12.0
2023-06-10,194678.0,8111.583333333333,14911.6,12.0
2023-06-11,168997.1,7041.545833333334,14644.8,12.0
2023-06-12,157758.4,6573.266666666666,13878.0,11.0
2023-06-13,243786.8,10157.783333333333,17977.0,14.0
2023-06-14,307822.4,12825.933333333334,20539.5,10.0
2023-06-15,240091.39999999997,10003.808333333332,17138.9,11.0
2023-06-16,205403.3,8558.470833333333,16416.7,11.0
2023-06-17,225074.3,9378.095833333333,17513.9,11.0
2023-06-18,232210.2,9675.425000000001,17534.5,11.0
2023-06-19,198754.5,8281.4375,16966.3,12.0
2023-06-20,195966.8,8165.283333333333,16295.5,12.0
2023-06-21,166259.9,6927.495833333333,13155.7,11.0
2023-06-22,237037.39999999997,9876.558333333332,17779.2,12.0
2023-06-23,261435.5,10893.145833333334,17810.8,12.0
2023-06-24,245713.8,10238.074999999999,17652.7,12.0
2023-06-25,239865.5,9994.395833333334,17022.1,13.0
2023-06-26,318865.0,13286.041666666666,19360.5,13.0
2023-06-27,333787.8,13907.824999999999,19535.6,12.0
2023-06-28,281463.7,11727.654166666667,17579.8,14.0
2023-06-29,324554.3,13523.095833333333,21492.5,15.0
2023-06-30,354902.4,14787.6,21771.1,12.0
2023-07-01,298734.6,12447.275,19491.9,13.0
2023-07-02,300545.0,12522.708333333334,19264.0,11.0
2023-07-03,234374.89999999997,9765.620833333332,16803.8,13.0
2023-07-04,249886.5,10411.9375,18703.5,14.0
2023-07-05,225181.0,9382.541666666666,15616.0,14.0
2023-07-06,229789.60000000003,9574.566666666668,17186.9,12.0
2023-07-07,303631.4,12651.308333333334,22491.1,13.0
2023-07-08,248928.8,10372.033333333333,18601.6,13.0
2023-07-09,211547.0,8814.458333333334,16419.4,13.0
2023-07-10,227624.8,9484.366666666667,17733.3,12.0
2023-07-11,287866.5,11994.4375,22121.6,14.0
2023-07-12,275169.8,11465.408333333333,19576.2,14.0
2023-07-13,240593.09999999998,10024.7125,16599.3,13.0
2023-07-14,323953.7,13498.070833333333,24133.6,13.0
2023-07-15,310927.7,12955.320833333333,21095.5,15.0
2023-07-16,257921.89999999997,10746.745833333332,17653.3,14.0
2023-07-17,277797.5,11574.895833333334,18971.5,13.0
2023-07-18,272306.7,11346.112500000001,18830.3,14.0
2023-07-19,278067.8,11586.158333333333,18617.2,13.0
2023-07-20,290187.6,12091.15,20654.8,15.0
2023-07-21,300067.2,12502.800000000001,19202.4,14.0
2023-07-22,231990.0,9666.25,16291.7,13.0
2023-07-23,256525.80000000002,10688.575,20516.4,14.0
2023-07-24,313774.1,13073.920833333332,22144.1,15.0
2023-07-25,306993.8,12791.408333333333,20572.7,13.0
2023-07-26,237034.39999999997,9876.433333333332,16806.4,12.0
2023-07-27,252269.0,10511.208333333334,20076.7,13.0
2023-07-28,239024.0,9959.333333333334,18361.1,13.0
2023-07-29,236394.2,9849.758333333333,17450.6,14.0
2023-07-30,245440.8,10226.699999999999,17015.6,14.0
2023-07-31,243284.8,10136.866666666667,17711.0,15.0
2023-08-01,290519.8,12104.991666666667,20545.8,13.0
2023-08-02,330948.1,13789.504166666666,22585.1,15.0
2023-08-03,362625.0,15109.375,23273.3,14.0
2023-08-04,370871.5,15452.979166666666,23446.9,13.0
2023-08-05,327939.5,13664.145833333334,20761.3,13.0
2023-08-06,378727.4,15780.308333333334,22367.5,10.0
2023-08-07,319165.3,13298.554166666667,19747.9,12.0
2023-08-08,247318.1,10304.920833333334,17397.8,13.0
2023-08-09,218726.3,9113.595833333333,18388.3,13.0
2023-08-10,260010.4,10833.766666666666,19593.2,13.0
2023-08-11,221286.3,9220.262499999999,16935.5,13.0
2023-08-12,232225.39999999997,9676.058333333332,17006.0,13.0
2023-08-13,252592.1,10524.670833333334,18748.8,14.0
2023-08-14,255010.7,10625.445833333333,19000.6,13.0
2023-08-15,236371.2,9848.800000000001,18042.9,13.0
2023-08-16,233838.2,9743.258333333333,17689.1,13.0
2023-08-17,216880.9,9036.704166666666,17899.5,13.0
2023-08-18,273906.9,11412.7875,21572.5,13.0
2023-08-19,195968.0,8165.333333333333,16081.4,13.0
2023-08-20,201782.89999999997,8407.620833333332,15955.9,13.0
2023-08-21,250549.8,10439.574999999999,18255.6,13.0
2023-08-22,262581.0,10940.875,19198.7,13.0
2023-08-23,253537.1,10564.045833333334,19140.4,12.0
2023-08-24,240119.2,10004.966666666667,18347.9,13.0
2023-08-25,254306.40000000002,10596.1,20027.7,14.0
2023-08-26,271381.2,11307.550000000001,18735.6,14.0
2023-08-27,432933.8,18038.908333333333,27904.0,12.0
2023-08-28,377673.4,15736.391666666668,25090.1,12.0
2023-08-29,316877.2,13203.216666666667,22170.2,12.0
2023-08-30,255826.2,10659.425000000001,18381.9,13.0
2023-08-31,203310.0,8471.25,16406.5,12.0
2023-09-01,243562.8,10148.449999999999,19642.2,13.0
2023-09-02,240892.8,10037.199999999999,17176.4,15.0
2023-09-03,350164.9,14590.204166666668,21656.8,13.0
2023-09-04,325658.4,13569.1,22904.4,12.0
2023-09-05,228179.89999999997,9507.495833333332,18698.5,12.0
2023-09-06,200810.0,8367.083333333334,17252.8,12.0
2023-09-07,204905.89999999997,8537.745833333332,17342.0,12.0
2023-09-08,203491.7,8478.820833333333,17263.5,12.0
2023-09-09,213966.7,8915.279166666667,18639.3,12.0
2023-09-10,189293.1,7887.212500000001,16921.7,12.0
2023-09-11,158603.9,6608.495833333333,15031.0,12.0
2023-09-12,167620.5,6984.1875,14276.8,12.0
2023-09-13,233368.8,9723.699999999999,16713.2,10.0
2023-09-14,209467.1,8727.795833333334,15790.6,11.0
2023-09-15,167858.9,6994.120833333333,13648.5,12.0
2023-09-16,204927.8,8538.658333333333,15615.7,12.0
2023-09-17,306939.0,12789.125,22320.9,13.0
2023-09-18,225227.69999999998,9384.4875,17513.1,11.0
2023-09-19,164106.3,6837.7625,14636.3,12.0
2023-09-20,284287.5,11845.3125,21212.0,13.0
2023-09-21,339477.2,14144.883333333333,22570.8,11.0
2023-09-22,287392.5,11974.6875,20428.1,12.0
2023-09-23,191217.5,7967.395833333333,16634.6,11.0
2023-09-24,212310.4,8846.266666666666,18707.4,11.0
2023-09-25,183212.1,7633.837500000001,16056.9,11.0
2023-09-26,179579.6,7482.483333333334,15536.0,11.0
2023-09-27,232126.39999999997,9671.933333333332,19699.4,11.0
2023-09-28,204552.3,8523.012499999999,18094.7,12.0
2023-09-29,175196.5,7299.854166666667,15588.6,12.0
2023-09-30,189076.9,7878.204166666666,16423.5,11.0
2023-10-01,187181.7,7799.2375,15823.6,11.0
2023-10-02,230864.5,9619.354166666666,18952.2,12.0
2023-10-03,240753.7,10031.404166666667,18323.9,13.0
2023-10-04,200629.7,8359.570833333333,15723.3,12.0
2023-10-05,168258.0,7010.75,15607.7,13.0
2023-10-06,182102.8,7587.616666666666,16001.5,12.0
2023-10-07,187430.0,7809.583333333333,16167.5,12.0
2023-10-08,172408.2,7183.675,15436.3,11.0
2023-10-09,167816.4,6992.349999999999,15621.1,12.0
2023-10-10,160294.7,6678.945833333334,15361.1,13.0
2023-10-11,162727.5,6780.3125,15682.8,12.0
2023-10-12,196611.59999999998,8192.15,16719.6,12.0
2023-10-13,229227.5,9551.145833333334,16970.2,11.0
2023-10-14,163874.3,6828.095833333333,12467.9,12.0
2023-10-15,136764.7,5698.529166666667,11795.9,11.0
2023-10-16,193728.5,8072.020833333333,14575.6,12.0
2023-10-17,371504.5,15479.354166666666,23474.4,12.0
2023-10-18,433219.1,18050.795833333334,25574.6,12.0
2023-10-19,421185.7,17549.404166666667,19505.8,12.0
2023-10-20,472950.0,19706.25,27217.6,11.0
2023-10-21,263793.1,10991.379166666666,19331.3,10.0
2023-10-22,247380.2,10307.508333333333,15887.3,12.0
2023-10-23,213224.69999999998,8884.3625,15590.2,11.0
2023-10-24,368947.0,15372.791666666666,24342.7,11.0
2023-10-25,431710.29999999993,17987.929166666665,24861.3,11.0
2023-10-26,426405.9,17766.912500000002,23029.1,11.0
2023-10-27,434296.70000000007,18095.695833333335,25851.9,12.0
2023-10-28,397801.29999999993,16575.054166666665,23497.2,12.0
2023-10-29,342492.7,14270.529166666667,20028.2,11.0
2023-10-30,356453.0,14852.208333333334,22395.8,13.0
2023-10-31,212594.3,8858.095833333333,11514.5,0.0
2023-11-01,383540.8,15980.866666666667,21988.5,12.0
2023-11-02,479955.7,19998.154166666667,24756.9,12.0
2023-11-03,473021.5,19709.229166666668,25317.7,11.0
2023-11-04,424965.30000000005,17706.8875,21444.8,12.0
2023-11-05,440895.9,18370.662500000002,25626.7,11.0
2023-11-06,304712.4,12696.35,20310.2,11.0
2023-11-07,230325.10000000003,9596.879166666668,16693.0,10.0
2023-11-08,236762.40000000002,9865.1,16224.8,12.0
2023-11-09,315297.4,13137.391666666668,21026.7,13.0
2023-11-10,358689.8,14945.408333333333,22724.4,12.0
2023-11-11,416487.9,17353.662500000002,23039.7,12.0
2023-11-12,337165.3,14048.554166666667,19142.0,11.0
2023-11-13,279336.3,11639.012499999999,18199.4,12.0
2023-11-14,259428.59999999998,10809.525,18046.7,12.0
2023-11-15,149159.2,6214.966666666667,12494.6,12.0
2023-11-16,190215.2,7925.633333333334,13730.9,12.0
2023-11-17,149622.8,6234.283333333333,13460.4,12.0
2023-11-18,161036.6,6709.858333333334,14767.2,12.0
2023-11-19,113779.4,4740.808333333333,12380.9,11.0
2023-11-20,199948.8,8331.199999999999,16113.3,13.0
2023-11-21,369108.9,15379.5375,23713.4,13.0
2023-11-22,428596.5,17858.1875,25987.8,12.0
2023-11-23,361317.9,15054.9125,22934.3,11.0
2023-11-24,310169.2,12923.716666666667,19521.6,10.0
2023-11-25,211304.0,8804.333333333334,16292.8,10.0
2023-11-26,108837.2,4534.883333333333,11104.6,11.0
2023-11-27,253970.5,10582.104166666666,17372.3,13.0
2023-11-28,253690.5,10570.4375,14544.8,12.0
2023-11-29,321946.4,13414.433333333334,18432.8,13.0
2023-11-30,295476.8,12311.533333333333,15174.6,11.0
2023-12-01,258957.90000000002,10789.9125,14953.5,14.0
2023-12-02,270362.1,11265.0875,18258.9,12.0
2023-12-03,234232.9,9759.704166666666,15434.6,12.0
2023-12-04,310727.0,12946.958333333334,18644.7,13.0
2023-12-05,150413.8,6267.241666666666,9870.4,11.0
2023-12-06,133537.8,5564.075,10522.3,12.0
2023-12-07,262610.7,10942.112500000001,14684.5,12.0
2023-12-08,399722.5,16655.104166666668,23721.1,12.0
2023-12-09,341339.0,14222.458333333334,19653.1,12.0
2023-12-10,283472.4,11811.35,15920.8,12.0
2023-12-11,297112.8,12379.699999999999,17641.7,11.0
2023-12-12,344161.7,14340.070833333333,19860.2,12.0
2023-12-13,405067.1,16877.795833333334,23331.7,13.0
2023-12-14,350310.5,14596.270833333334,22360.4,12.0
2023-12-15,317291.6,13220.483333333332,21899.1,11.0
2023-12-16,179829.1,7492.879166666667,14260.2,10.0
2023-12-17,126631.9,5276.329166666666,13228.9,11.0
2023-12-18,103549.4,4314.558333333333,12047.2,11.0
2023-12-19,173677.2,7236.55,13378.2,13.0
2023-12-20,376745.3,15697.720833333333,21485.2,13.0
2023-12-21,323965.1,13498.545833333332,19824.6,12.0
2023-12-22,307504.2,12812.675000000001,19905.3,11.0
2023-12-23,244565.6,10190.233333333334,17631.1,11.0
2023-12-24,120639.4,5026.641666666666,11611.5,12.0
2023-12-25,109056.40000000002,4544.016666666667,11010.8,13.0
2023-12-26,119259.4,4969.141666666666,11542.7,13.0
2023-12-27,184504.5,7687.6875,15665.3,12.0
2023-12-28,126635.70000000001,5276.4875,10627.8,12.0
2023-12-29,81301.8,3387.5750000000003,8598.1,11.0
2023-12-30,218283.2,9095.133333333333,16513.7,13.0
2023-12-31,278139.6,11589.15,17804.5,12.0
2024-01-01,223172.5,9298.854166666666,17469.2,13.0
2024-01-02,325248.9,13552.0375,19226.4,13.0
2024-01-03,288165.6,12006.9,17105.2,12.0
2024-01-04,175480.3,7311.679166666666,11388.3,12.0
2024-01-05,370881.7,15453.404166666667,24625.7,13.0
2024-01-06,393082.8,16378.449999999999,24166.1,13.0
2024-01-07,336685.6,14028.566666666666,21310.7,13.0
2024-01-08,264092.1,11003.8375,19111.8,10.0
2024-01-09,61622.9,2567.6208333333334,6196.8,10.0
2024-01-10,138533.7,5772.2375,10571.0,13.0
2024-01-11,244481.40000000002,10186.725,16540.2,11.0
2024-01-12,174255.0,7260.625,14046.6,11.0
2024-01-13,169404.8,7058.533333333333,12363.6,11.0
2024-01-14,286169.6,11923.733333333332,16707.5,13.0
2024-01-15,311407.0,12975.291666666666,17254.5,13.0
2024-01-16,321153.89999999997,13381.412499999999,17248.5,12.0
2024-01-17,456715.70000000007,19029.820833333335,24278.2,13.0
2024-01-18,349996.8,14583.199999999999,21160.9,12.0
2024-01-19,320024.5,13334.354166666666,17743.0,12.0
2024-01-20,187217.2,7800.716666666667,11905.7,13.0
2024-01-21,208420.9,8684.204166666666,15548.9,13.0
2024-01-22,280931.3,11705.470833333333,19045.9,12.0
2024-01-23,190701.9,7945.912499999999,15463.9,11.0
2024-01-24,152036.4,6334.849999999999,13748.8,12.0
2024-01-25,151980.3,6332.5125,13841.9,12.0
2024-01-26,135604.3,5650.179166666666,13493.3,11.0
2024-01-27,149823.4,6242.641666666666,13567.4,12.0
2024-01-28,216090.0,9003.75,15803.1,11.0
2024-01-29,189896.5,7912.354166666667,14299.6,12.0
2024-01-30,141298.4,5887.433333333333,13422.8,13.0
2024-01-31,141209.6,5883.733333333334,13685.7,13.0
2024-02-01,236976.4,9874.016666666666,17627.2,13.0
2024-02-02,261717.2,10904.883333333333,18639.1,10.0
2024-02-03,170882.9,7120.120833333333,15521.7,12.0
2024-02-04,130909.20000000001,5454.55,14481.4,12.0
2024-02-05,103027.20000000001,4292.8,12147.7,12.0
2024-02-06,192055.3,8002.304166666666,15581.1,14.0
2024-02-07,338787.8,14116.158333333333,20998.6,13.0
2024-02-08,384074.4,16003.1,19627.7,13.0
2024-02-09,375873.1,15661.379166666666,17510.0,0.0
2024-02-10,500780.2,20865.841666666667,29324.4,12.0
2024-02-11,322931.4,13455.475,17194.7,11.0
2024-02-12,398972.39999999997,16623.85,25414.6,13.0
2024-02-13,226377.5,9432.395833333334,16246.4,13.0
2024-02-14,231817.7,9659.070833333333,15874.1,12.0
2024-02-15,287527.6,11980.316666666666,18390.1,12.0
2024-02-16,264879.8,11036.658333333333,19052.0,12.0
2024-02-17,245611.19999999998,10233.8,19515.7,11.0
2024-02-18,192093.4,8003.891666666666,16522.8,13.0
2024-02-19,308256.1,12844.004166666666,21670.8,13.0
2024-02-20,244345.5,10181.0625,20373.4,10.0
2024-02-21,245755.9,10239.829166666666,19203.1,13.0
2024-02-22,433501.9,18062.579166666666,25822.3,12.0
2024-02-23,512713.1,21363.045833333334,30951.1,11.0
2024-02-24,469172.1,19548.837499999998,29167.3,12.0
2024-02-25,451316.5,18804.854166666668,23816.5,12.0
2024-02-26,511001.5,21291.729166666668,29323.4,12.0
2024-02-27,491871.5,20494.645833333332,30399.5,11.0
2024-02-28,402322.9,16763.454166666666,27059.0,12.0
2024-02-29,413454.1,17227.254166666666,27011.0,13.0
2024-03-01,468525.6,19521.899999999998,28932.9,10.0
2024-03-02,403101.4,16795.891666666666,23484.8,11.0
2024-03-03,441234.9,18384.787500000002,28535.8,11.0
2024-03-04,387522.5,16146.770833333334,23387.9,13.0
2024-03-05,279584.5,11649.354166666666,20885.0,11.0
2024-03-06,227079.90000000002,9461.6625,18396.1,12.0
2024-03-07,384727.3,16030.304166666667,24386.3,12.0
2024-03-08,441135.6,18380.649999999998,27466.8,12.0
2024-03-09,411995.2,17166.466666666667,22091.9,13.0
2024-03-10,458285.3,19095.220833333333,27499.4,12.0
2024-03-11,392871.1,16369.629166666666,26538.8,11.0
2024-03-12,232106.7,9671.112500000001,19988.8,11.0
2024-03-13,212576.8,8857.366666666667,18285.0,12.0
2024-03-14,264682.9,11028.454166666668,19870.9,12.0
2024-03-15,248062.9,10335.954166666666,19221.1,10.0
2024-03-16,215480.5,8978.354166666666,18666.9,12.0
2024-03-17,200078.2,8336.591666666667,17678.0,12.0
2024-03-18,138966.3,5790.2625,14155.2,11.0
2024-03-19,164794.6,6866.441666666667,16261.0,12.0
2024-03-20,234271.0,9761.291666666666,19158.7,12.0
2024-03-21,266250.2,11093.758333333333,19634.0,12.0
2024-03-22,246668.40000000002,10277.85,17780.9,12.0
2024-03-23,363996.0,15166.5,22691.5,11.0
2024-03-24,290735.8,12113.991666666667,20157.3,12.0
2024-03-25,233422.1,9725.920833333334,16124.2,13.0
2024-03-26,373379.8,15557.491666666667,24596.4,12.0
2024-03-27,417341.3,17389.220833333333,23996.9,12.0
2024-03-28,385896.1,16079.004166666666,20814.0,12.0
2024-03-29,281807.6,11741.983333333332,15766.4,12.0
2024-03-30,246186.90000000002,10257.7875,17050.8,11.0
2024-03-31,315218.5,13134.104166666666,20767.6,15.0
2024-04-01,398041.6,16585.066666666666,26827.2,12.0
2024-04-02,295940.9,12330.870833333334,20547.8,12.0
2024-04-03,321210.1,13383.754166666666,22314.6,12.0
2024-04-04,311513.0,12979.708333333334,22171.5,13.0
2024-04-05,389430.8,16226.283333333333,25788.1,12.0
2024-04-06,370394.4,15433.1,25023.2,12.0
2024-04-07,202143.90000000002,8422.6625,16434.0,12.0
2024-04-08,343998.0,14333.25,22193.8,13.0
2024-04-09,344382.9,14349.2875,23859.2,10.0
2024-04-10,309557.7,12898.237500000001,22469.3,12.0
2024-04-11,280584.0,11691.0,20343.0,9.0
2024-04-12,215249.0,8968.708333333334,18549.7,11.0
2024-04-13,207402.90000000002,8641.7875,18079.7,11.0
2024-04-14,213482.7,8895.112500000001,17776.8,11.0
2024-04-15,295053.2,12293.883333333333,21332.0,11.0
2024-04-16,366409.9,15267.079166666668,24504.7,11.0
2024-04-17,359270.1,14969.5875,23403.2,12.0
2024-04-18,329113.2,13713.050000000001,21529.4,11.0
2024-04-19,246090.10000000003,10253.754166666668,17598.4,11.0
2024-04-20,330768.3,13782.012499999999,20999.0,11.0
2024-04-21,367961.3,15331.720833333333,22868.7,15.0
2024-04-22,398237.2,16593.216666666667,24553.0,10.0
2024-04-23,368144.7,15339.362500000001,23196.2,11.0
2024-04-24,315034.6,13126.441666666666,20895.9,9.0
2024-04-25,209229.90000000002,8717.9125,15574.4,11.0
2024-04-26,212748.30000000002,8864.5125,16559.4,11.0
2024-04-27,291652.8,12152.199999999999,22022.6,12.0
2024-04-28,184559.2,7689.966666666667,14192.4,11.0
2024-04-29,187543.0,7814.291666666667,13810.2,11.0
2024-04-30,273873.4,11411.391666666668,18824.6,11.0
2024-05-01,393435.6,16393.149999999998,25619.4,13.0
2024-05-02,368877.89999999997,15369.912499999999,24074.1,11.0
2024-05-03,307459.6,12810.816666666666,20804.0,11.0
2024-05-04,328333.4,13680.558333333334,22369.7,10.0
2024-05-05,291320.8,12138.366666666667,20659.4,12.0
2024-05-06,270728.9,11280.370833333334,19865.5,12.0
2024-05-07,318621.6,13275.9,21419.0,13.0
2024-05-08,316899.7,13204.154166666667,20283.4,10.0
2024-05-09,240811.3,10033.804166666667,18373.8,10.0
2024-05-10,262480.2,10936.675000000001,19162.5,12.0
2024-05-11,262674.0,10944.75,20293.9,12.0
2024-05-12,193978.7,8082.445833333334,15947.4,11.0
2024-05-13,298677.5,12444.895833333334,21599.1,12.0
2024-05-14,386908.3,16121.179166666667,25117.1,12.0
2024-05-15,331658.6,13819.108333333332,23322.1,12.0
2024-05-16,312390.0,13016.25,23062.2,12.0
2024-05-17,243574.2,10148.925000000001,18920.0,12.0
2024-05-18,233522.09999999998,9730.0875,18514.9,12.0
2024-05-19,223843.39999999997,9326.808333333332,17653.7,12.0
2024-05-20,261148.2,10881.175000000001,19898.4,12.0
2024-05-21,271005.3,11291.887499999999,19836.1,12.0
2024-05-22,278982.6,11624.275,20166.3,11.0
2024-05-23,250290.2,10428.758333333333,17375.9,12.0
2024-05-24,243322.5,10138.4375,18246.6,11.0
2024-05-25,265543.2,11064.300000000001,21276.0,13.0
2024-05-26,248562.69999999995,10356.779166666665,18587.3,12.0
2024-05-27,292005.9,12166.9125,19616.5,15.0
2024-05-28,268609.5,11192.0625,18891.5,10.0
2024-05-29,275130.10000000003,11463.754166666668,18903.4,12.0
2024-05-30,354172.9,14757.204166666668,22780.9,14.0
2024-05-31,440335.1,18347.295833333334,26052.5,12.0
2024-06-01,460411.19999999995,19183.8,26886.2,11.0
2024-06-02,441312.4,18388.016666666666,25878.8,10.0
2024-06-03,325601.6,13566.733333333332,20495.0,10.0
2024-06-04,235861.5,9827.5625,17688.1,10.0
2024-06-05,245417.8,10225.741666666667,18976.2,11.0
2024-06-06,288947.6,12039.483333333332,20208.1,12.0
2024-06-07,329298.8,13720.783333333333,22726.0,12.0
2024-06-08,265417.3,11059.054166666667,17187.8,13.0
2024-06-09,360900.6,15037.525,21127.2,12.0
2024-06-10,326841.6,13618.4,19237.7,12.0
2024-06-11,320145.9,13339.4125,19361.1,13.0
2024-06-12,327510.6,13646.275,20893.4,11.0
2024-06-13,272950.7,11372.945833333333,20819.9,13.0
2024-06-14,339221.6,14134.233333333332,24792.7,13.0
2024-06-15,305929.9,12747.079166666668,20505.3,12.0
2024-06-16,307804.5,12825.1875,21295.0,13.0
2024-06-17,324870.6,13536.275,23719.4,14.0
2024-06-18,264199.1,11008.295833333332,19777.7,13.0
2024-06-19,246413.89999999997,10267.245833333332,17635.4,13.0
2024-06-20,251891.5,10495.479166666666,17573.1,13.0
2024-06-21,252018.5,10500.770833333334,19079.7,11.0
2024-06-22,277458.7,11560.779166666667,19514.9,13.0
2024-06-23,342052.7,14252.195833333333,21905.3,11.0
2024-06-24,293758.7,12239.945833333333,19289.2,10.0
2024-06-25,257947.39999999997,10747.808333333332,18891.0,11.0
2024-06-26,262023.59999999998,10917.65,19049.3,11.0
2024-06-27,280223.1,11675.9625,20214.0,14.0
2024-06-28,294608.0,12275.333333333334,20411.0,14.0
2024-06-29,252216.5,10509.020833333334,18193.6,12.0
2024-06-30,203071.7,8461.320833333333,15860.5,13.0
2024-07-01,344879.3,14369.970833333333,23269.6,13.0
2024-07-02,364178.4,15174.1,23295.0,11.0
2024-07-03,317905.3,13246.054166666667,21432.5,12.0
2024-07-04,333183.0,13882.625,21925.8,11.0
2024-07-05,310873.0,12953.041666666666,22291.0,13.0
2024-07-06,334146.3,13922.762499999999,22750.8,13.0
2024-07-07,270458.1,11269.0875,17783.0,11.0
2024-07-08,313473.4,13061.391666666668,22664.5,13.0
2024-07-09,295829.6,12326.233333333332,22151.8,12.0
2024-07-10,261742.9,10905.954166666666,20996.9,12.0
2024-07-11,313139.7,13047.487500000001,23155.2,14.0
2024-07-12,373345.7,15556.070833333333,24207.4,12.0
2024-07-13,301098.6,12545.775,20482.2,14.0
2024-07-14,296689.6,12362.066666666666,21154.4,12.0
2024-07-15,366039.7,15251.654166666667,25690.2,12.0
2024-07-16,288250.0,12010.416666666666,19349.5,14.0
2024-07-17,278539.5,11605.8125,21216.1,13.0
2024-07-18,247110.90000000002,10296.2875,19106.7,14.0
2024-07-19,250865.89999999997,10452.745833333332,20240.8,14.0
2024-07-20,353002.4,14708.433333333334,25591.4,14.0
2024-07-21,384265.4,16011.058333333334,24428.9,12.0
2024-07-22,335537.1,13980.7125,21570.1,12.0
2024-07-23,319727.1,13321.9625,20937.8,11.0
2024-07-24,323234.7,13468.112500000001,21306.9,13.0
2024-07-25,320736.6,13364.025,21570.6,13.0
2024-07-26,291676.9,12153.204166666668,20835.1,12.0
2024-07-27,298788.2,12449.508333333333,21062.5,13.0
2024-07-28,327203.6,13633.483333333332,22757.2,11.0
2024-07-29,245192.40000000002,10216.35,18088.1,13.0
2024-07-30,297825.8,12409.408333333333,22607.2,13.0
2024-07-31,276877.7,11536.570833333333,21825.0,14.0
2024-08-01,296801.60000000003,12366.733333333335,21512.4,14.0
2024-08-02,342905.7,14287.737500000001,24005.1,13.0
2024-08-03,309818.1,12909.0875,21218.9,12.0
2024-08-04,261602.8,10900.116666666667,18796.5,12.0
2024-08-05,261375.4,10890.641666666666,20542.0,13.0
2024-08-06,274283.0,11428.458333333334,20367.4,13.0
2024-08-07,321540.9,13397.5375,21558.8,13.0
2024-08-08,310994.8,12958.116666666667,22091.5,12.0
2024-08-09,299558.1,12481.5875,21849.0,13.0
2024-08-10,321517.8,13396.574999999999,23567.6,12.0
2024-08-11,316901.9,13204.245833333334,23002.9,12.0
2024-08-12,275644.1,11485.170833333332,21358.8,13.0
2024-08-13,238266.5,9927.770833333334,18766.1,14.0
2024-08-14,340399.2,14183.300000000001,23710.1,12.0
2024-08-15,345246.5,14385.270833333334,23514.6,11.0
2024-08-16,294219.60000000003,12259.150000000001,21764.9,12.0
2024-08-17,281787.4,11741.141666666668,20840.2,14.0
2024-08-18,337451.3,14060.470833333333,24350.3,13.0
2024-08-19,301973.0,12582.208333333334,21943.2,13.0
2024-08-20,312576.5,13024.020833333334,22068.0,13.0
2024-08-21,310736.8,12947.366666666667,22910.5,11.0
2024-08-22,221462.69999999998,9227.6125,19205.5,12.0
2024-08-23,240832.60000000003,10034.691666666668,19671.3,12.0
2024-08-24,330769.4,13782.058333333334,22807.7,12.0
2024-08-25,361262.6,15052.608333333332,22712.8,11.0
2024-08-26,284273.7,11844.737500000001,21207.3,11.0
2024-08-27,227839.9,9493.329166666666,20233.6,12.0
2024-08-28,271278.6,11303.275,22249.1,12.0
2024-08-29,236126.5,9838.604166666666,17168.0,13.0
2024-08-30,245212.39999999997,10217.183333333332,18748.2,11.0
2024-08-31,225184.7,9382.695833333333,18309.8,12.0
2024-09-01,182535.9,7605.662499999999,16408.6,12.0
2024-09-02,234899.89999999997,9787.495833333332,18695.9,12.0
2024-09-03,284711.1,11862.9625,21199.3,13.0
2024-09-04,319336.1,13305.670833333332,23232.4,13.0
2024-09-05,256309.5,10679.5625,19518.4,10.0
2024-09-06,314362.3,13098.429166666667,25113.9,13.0
2024-09-07,246734.7,10280.612500000001,21728.4,11.0
2024-09-08,267278.3,11136.595833333333,23139.8,14.0
2024-09-09,306873.8,12786.408333333333,23656.6,12.0
2024-09-10,330227.0,13759.458333333334,23948.7,12.0
2024-09-11,319381.1,13307.545833333332,23478.6,12.0
2024-09-12,333357.2,13889.883333333333,25353.0,12.0
2024-09-13,408490.19999999995,17020.425,27662.3,12.0
2024-09-14,308493.7,12853.904166666667,21360.0,12.0
2024-09-15,357564.0,14898.5,24640.6,12.0
2024-09-16,433099.0,18045.791666666668,28299.9,12.0
2024-09-17,432263.4,18010.975000000002,28070.0,12.0
2024-09-18,279374.2,11640.591666666667,19305.7,11.0
2024-09-19,196048.7,8168.695833333334,15333.7,11.0
2024-09-20,184006.4,7666.933333333333,16098.3,12.0
2024-09-21,177472.0,7394.666666666667,15078.9,12.0
2024-09-22,188266.2,7844.425,17094.2,12.0
2024-09-23,224642.40000000002,9360.1,19884.4,12.0
2024-09-24,225289.9,9387.079166666666,17724.3,12.0
2024-09-25,348250.0,14510.416666666666,22587.9,12.0
2024-09-26,431466.89999999997,17977.7875,27049.6,12.0
2024-09-27,410436.1,17101.504166666666,28285.3,12.0
2024-09-28,286417.9,11934.079166666668,22779.4,10.0
2024-09-29,279914.6,11663.108333333332,22431.2,11.0
2024-09-30,216282.10000000003,9011.754166666668,19437.8,12.0
2024-10-01,239909.09999999998,9996.2125,19183.8,12.0
2024-10-02,294183.2,12257.633333333333,20775.2,12.0
2024-10-03,331263.2,13802.633333333333,22995.7,11.0
2024-10-04,230642.8,9610.116666666667,19905.9,11.0
2024-10-05,287818.5,11992.4375,23352.4,13.0
2024-10-06,330864.9,13786.0375,23997.2,12.0
2024-10-07,354966.8,14790.283333333333,23112.1,12.0
2024-10-08,435756.6,18156.524999999998,27232.8,12.0
2024-10-09,419371.6,17473.816666666666,23753.1,12.0
2024-10-10,263528.4,10980.35,19943.0,11.0
2024-10-11,214680.5,8945.020833333334,13715.5,12.0
2024-10-12,180691.0,7528.791666666667,12006.3,12.0
2024-10-13,188093.4,7837.224999999999,17606.1,12.0
2024-10-14,177028.4,7376.183333333333,15663.2,12.0
2024-10-15,231039.3,9626.637499999999,15839.2,11.0
2024-10-16,312159.7,13006.654166666667,22374.6,12.0
2024-10-17,362428.7,15101.195833333333,25562.5,12.0
2024-10-18,342624.0,14276.0,24133.5,11.0
2024-10-19,252144.0,10506.0,18078.1,12.0
2024-10-20,220959.7,9206.654166666667,17857.0,11.0
2024-10-21,206879.0,8619.958333333334,17480.6,12.0
2024-10-22,272025.5,11334.395833333334,19193.9,11.0
2024-10-23,221596.7,9233.195833333333,16644.6,11.0
2024-10-24,269973.6,11248.9,19490.9,11.0
2024-10-25,219725.5,9155.229166666666,15442.0,12.0
2024-10-26,256514.40000000002,10688.1,18580.0,10.0
2024-10-27,189782.3,7907.595833333333,14281.7,12.0
2024-10-28,273197.0,11383.208333333334,18447.8,12.0
2024-10-29,303231.6,12634.65,17064.4,11.0
2024-10-30,296328.1,12347.004166666666,18848.8,11.0
2024-10-31,185927.0,7746.958333333333,14051.8,11.0
2024-11-01,145532.1,6063.837500000001,13052.4,12.0
2024-11-02,153319.3,6388.304166666666,14442.3,11.0
2024-11-03,219175.5,9132.3125,17818.3,11.0
2024-11-04,198309.2,8262.883333333333,15366.7,12.0
2024-11-05,131207.7,5466.9875,13261.0,11.0
2024-11-06,158015.7,6583.9875,16195.7,11.0
2024-11-07,186416.3,7767.345833333333,16437.8,11.0
2024-11-08,156447.4,6518.641666666666,13245.6,11.0
2024-11-09,200585.8,8357.741666666667,16102.9,13.0
2024-11-10,250351.39999999997,10431.308333333332,19279.6,12.0
2024-11-11,343148.3,14297.845833333333,23737.7,12.0
2024-11-12,403416.5,16809.020833333332,26812.2,11.0
2024-11-13,300146.5,12506.104166666666,18492.5,11.0
2024-11-14,255342.59999999998,10639.275,15806.2,11.0
2024-11-15,212570.89999999997,8857.120833333332,14626.7,12.0
2024-11-16,165762.7,6906.779166666667,12968.9,11.0
2024-11-17,141236.3,5884.845833333333,13239.3,11.0
2024-11-18,139079.0,5794.958333333333,14109.1,12.0
2024-11-19,236779.0,9865.791666666666,18045.4,13.0
2024-11-20,393080.7,16378.362500000001,24588.2,12.0
2024-11-21,445022.2,18542.591666666667,25072.4,11.0
2024-11-22,286780.1,11949.170833333332,18575.7,10.0
2024-11-23,314657.5,13110.729166666666,21145.9,12.0
2024-11-24,371121.0,15463.375,21923.2,11.0
2024-11-25,320149.6,13339.566666666666,19674.1,11.0
2024-11-26,151569.4,6315.391666666666,12030.0,12.0
2024-11-27,166936.0,6955.666666666667,16118.0,11.0
2024-11-28,176119.2,7338.3,15909.0,11.0
2024-11-29,202241.2,8426.716666666667,15595.8,12.0
2024-11-30,189504.4,7896.016666666666,15387.3,12.0
2024-12-01,139435.6,5809.816666666667,12296.3,11.0
2024-12-02,150683.2,6278.466666666667,12832.0,13.0
2024-12-03,210059.09999999998,8752.4625,16222.3,13.0
2024-12-04,290642.7,12110.112500000001,21278.6,11.0
2024-12-05,259394.40000000002,10808.1,19556.5,12.0
2024-12-06,277816.39999999997,11575.683333333332,19167.5,13.0
2024-12-07,414092.6,17253.858333333334,27062.6,13.0
2024-12-08,464426.0,19351.083333333332,26852.3,10.0
2024-12-09,438691.5,18278.8125,27774.1,11.0
2024-12-10,249461.19999999995,10394.216666666665,18726.3,10.0
2024-12-11,132814.3,5533.929166666666,12327.0,11.0
2024-12-12,129122.5,5380.104166666667,11460.8,11.0
2024-12-13,103581.80000000002,4315.908333333334,11119.3,13.0
2024-12-14,157132.9,6547.204166666666,14551.8,12.0
2024-12-15,277553.2,11564.716666666667,20210.8,11.0
2024-12-16,221394.59999999998,9224.775,17948.0,11.0
2024-12-17,219012.0,9125.5,15426.0,11.0
2024-12-18,295905.9,12329.4125,19101.8,13.0
2024-12-19,397801.5,16575.0625,22773.3,13.0
2024-12-20,298123.7,12421.820833333333,20980.3,12.0
2024-12-21,244768.9,10198.704166666666,18553.1,10.0
2024-12-22,343280.2,14303.341666666667,22859.8,14.0
2024-12-23,421791.1,17574.629166666666,26333.8,12.0
2024-12-24,344482.8,14353.449999999999,22213.3,10.0
2024-12-25,194743.1,8114.295833333334,15802.1,10.0
2024-12-26,144057.3,6002.3875,14187.8,12.0
2024-12-27,167319.4,6971.641666666666,15777.8,12.0
2024-12-28,128125.0,5338.541666666667,13974.3,12.0
2024-12-29,115656.59999999999,4819.025,13692.3,12.0
2024-12-30,118064.5,4919.354166666667,13677.6,12.0
2024-12-31,112229.09999999999,4676.2125,12473.1,12.0
2025-01-01,167257.5,6969.0625,14942.3,12.0
2025-01-02,238388.89999999997,9932.870833333332,18668.8,13.0
2025-01-03,309759.7,12906.654166666667,20394.8,12.0
2025-01-04,300816.3,12534.012499999999,18764.8,11.0
2025-01-05,347082.39999999997,14461.766666666665,19828.6,12.0
2025-01-06,359137.2,14964.050000000001,21296.5,13.0
2025-01-07,381725.5,15905.229166666666,23648.3,12.0
2025-01-08,393636.5,16401.520833333332,22915.8,12.0
2025-01-09,401414.5,16725.604166666668,23526.8,12.0
2025-01-10,341191.0,14216.291666666666,20486.8,13.0
2025-01-11,366262.89999999997,15260.954166666665,21706.6,13.0
2025-01-12,375062.0,15627.583333333334,25053.3,13.0
2025-01-13,304792.6,12699.691666666666,21635.3,10.0
2025-01-14,189580.8,7899.2,16997.5,11.0
2025-01-15,239999.89999999997,9999.995833333332,18571.6,14.0
2025-01-16,262920.5,10955.020833333334,18367.0,10.0
2025-01-17,194522.4,8105.099999999999,16856.1,11.0
2025-01-18,156400.3,6516.679166666666,15831.0,12.0
2025-01-19,186777.4,7782.391666666666,16822.8,11.0
2025-01-20,157255.4,6552.308333333333,9563.8,12.0
2025-01-21,243626.3,10151.095833333333,14700.3,12.0
2025-01-22,297284.2,12386.841666666667,18761.3,12.0
2025-01-23,195639.7,8151.654166666667,14806.3,12.0
2025-01-24,302845.2,12618.550000000001,19232.1,13.0
2025-01-25,326830.0,13617.916666666666,19283.6,13.0
2025-01-26,374609.7,15608.737500000001,21351.8,12.0
2025-01-27,469024.9,19542.704166666666,25597.3,13.0
2025-01-28,476937.4,19872.391666666666,27693.3,11.0
2025-01-29,368437.4,15351.558333333334,20421.5,12.0
2025-01-30,435229.0,18134.541666666668,28131.3,11.0
2025-01-31,308004.3,12833.512499999999,21256.8,12.0
2025-02-01,279893.7,11662.237500000001,23292.8,12.0
2025-02-02,183741.0,7655.875,15608.3,11.0
2025-02-03,181838.1,7576.587500000001,16398.8,12.0
2025-02-04,170251.69999999998,7093.820833333332,17450.8,12.0
2025-02-05,253151.40000000002,10547.975,21079.8,12.0
2025-02-06,175394.6,7308.108333333334,17682.6,12.0
2025-02-07,262157.0,10923.208333333334,19124.3,11.0
2025-02-08,249878.8,10411.616666666667,21195.5,12.0
2025-02-09,194975.9,8123.995833333333,17915.0,12.0
2025-02-10,187160.6,7798.358333333334,16721.3,12.0
2025-02-11,251013.5,10458.895833333334,18799.6,12.0
2025-02-12,292056.5,12169.020833333334,22369.8,12.0
2025-02-13,265500.5,11062.520833333334,20918.8,12.0
2025-02-14,218871.5,9119.645833333334,20053.5,12.0
2025-02-15,220032.2,9168.008333333333,19624.6,12.0
2025-02-16,192234.3,8009.7625,19053.3,13.0
2025-02-17,170333.3,7097.220833333333,16554.8,12.0
2025-02-18,260050.0,10835.416666666666,21484.1,12.0
2025-02-19,161992.3,6749.679166666666,15814.0,12.0
2025-02-20,246300.90000000002,10262.5375,20731.3,12.0
2025-02-21,329181.2,13715.883333333333,22373.0,12.0
2025-02-22,235522.0,9813.416666666666,17650.1,12.0
2025-02-23,238577.40000000002,9940.725,20373.3,12.0
2025-02-24,307658.5,12819.104166666666,21648.3,13.0
2025-02-25,323476.39999999997,13478.183333333332,21809.5,13.0
2025-02-26,242006.69999999998,10083.6125,22294.3,12.0
2025-02-27,144364.1,6015.170833333334,15692.8,12.0
2025-02-28,244055.3,10168.970833333333,17673.6,12.0
2025-03-01,336429.5,14017.895833333334,20538.0,14.0
2025-03-02,276002.1,11500.0875,15497.5,12.0
2025-03-03,283316.5,11804.854166666666,16748.6,13.0
2025-03-04,346773.3,14448.887499999999,21629.5,12.0
2025-03-05,336673.5,14028.0625,20721.8,12.0
2025-03-06,288787.2,12032.800000000001,18801.3,12.0
2025-03-07,351368.9,14640.370833333334,22473.8,13.0
2025-03-08,395111.1,16462.962499999998,23871.3,13.0
2025-03-09,282460.8,11769.199999999999,21539.8,11.0
2025-03-10,225368.09999999998,9390.3375,16748.3,12.0
2025-03-11,259884.3,10828.512499999999,18540.8,12.0
2025-03-12,282350.2,11764.591666666667,20691.3,11.0
2025-03-13,234465.0,9769.375,14806.5,14.0
2025-03-14,299029.3,12459.554166666667,21130.1,13.0
2025-03-15,297341.8,12389.241666666667,24982.6,11.0
2025-03-16,208338.7,8680.779166666667,17969.5,13.0
2025-03-17,232018.3,9667.429166666667,17017.5,12.0
2025-03-18,304239.1,12676.629166666666,20265.3,12.0
2025-03-19,408241.0,17010.041666666668,27720.1,13.0
2025-03-20,432248.39999999997,18010.35,25261.8,11.0
2025-03-21,443447.3,18476.970833333333,27537.8,11.0
2025-03-22,405887.5,16911.979166666668,26240.3,11.0
2025-03-23,284110.9,11837.954166666668,18968.6,12.0
2025-03-24,305919.9,12746.6625,22368.6,11.0
2025-03-25,299087.5,12461.979166666666,21518.3,11.0
2025-03-26,344588.1,14357.8375,25661.0,10.0
2025-03-27,312752.89999999997,13031.370833333332,23338.3,11.0
2025-03-28,381990.2,15916.258333333333,27440.6,13.0
2025-03-29,464145.6,19339.399999999998,29609.8,13.0
2025-03-30,410441.39999999997,17101.725,26559.1,10.0
2025-03-31,269759.7,11239.987500000001,21565.3,10.0
2025-04-01,217595.8,9066.491666666667,20745.5,13.0
2025-04-02,280929.39999999997,11705.391666666665,20997.0,12.0
2025-04-03,305903.2,12745.966666666667,17691.1,13.0
2025-04-04,350658.0,14610.75,22175.1,13.0
2025-04-05,283558.0,11814.916666666666,20587.1,11.0
2025-04-06,211108.5,8796.1875,16015.8,11.0
2025-04-07,205364.6,8556.858333333334,16881.3,12.0
2025-04-08,234145.7,9756.070833333333,18753.6,11.0
2025-04-09,252947.0,10539.458333333334,18629.3,11.0
2025-04-10,320598.9,13358.2875,22468.0,13.0
2025-04-11,276112.0,11504.666666666666,19789.1,12.0
2025-04-12,161317.4,6721.558333333333,13589.1,12.0
2025-04-13,177793.3,7408.054166666666,15257.3,13.0
2025-04-14,312416.1,13017.3375,23527.0,13.0
2025-04-15,349752.1,14573.004166666666,21991.3,12.0
2025-04-16,403643.39999999997,16818.475,26525.0,10.0
2025-04-17,335626.39999999997,13984.433333333332,23537.3,11.0
2025-04-18,331105.39999999997,13796.058333333332,21883.3,13.0
2025-04-19,401899.19999999995,16745.8,24378.3,14.0
2025-04-20,278644.5,11610.1875,18939.3,13.0
2025-04-21,197400.3,8225.012499999999,16531.6,10.0
2025-04-22,243802.9,10158.454166666666,19002.3,12.0
2025-04-23,275463.6,11477.65,20357.3,10.0
2025-04-24,269789.5,11241.229166666666,20030.0,10.0
2025-04-25,251267.40000000002,10469.475,18606.6,12.0
2025-04-26,372697.2,15529.050000000001,23692.5,10.0
2025-04-27,317868.4,13244.516666666668,21612.3,9.0
2025-04-28,322551.39999999997,13439.641666666665,22610.6,11.0
2025-04-29,374297.39999999997,15595.724999999999,24735.8,11.0
2025-04-30,317927.3,13246.970833333333,20656.6,12.0
2025-05-01,303271.5,12636.3125,20543.3,12.0
2025-05-02,291234.1,12134.754166666666,19275.0,13.0
2025-05-03,225830.89999999997,9409.620833333332,17480.3,11.0
2025-05-04,246308.09999999998,10262.8375,17284.8,13.0
2025-05-05,343637.39999999997,14318.224999999999,21882.6,15.0
2025-05-06,310932.3,12955.512499999999,19578.8,12.0
2025-05-07,238918.3,9954.929166666667,16881.6,10.0
2025-05-08,187001.19999999998,7791.716666666666,14422.8,12.0
2025-05-09,203791.0,8491.291666666666,16177.6,12.0
2025-05-10,236311.19999999998,9846.3,18295.3,10.0
2025-05-11,287743.3,11989.304166666667,21706.8,11.0
2025-05-12,252186.2,10507.758333333333,20878.1,10.0
2025-05-13,189958.5,7914.9375,16802.0,10.0
2025-05-14,195129.0,8130.375,16201.5,11.0
2025-05-15,285160.2,11881.675000000001,19108.8,15.0
2025-05-16,350672.7,14611.362500000001,22963.3,10.0
2025-05-17,234577.0,9774.041666666666,18171.3,10.0
2025-05-18,238333.9,9930.579166666666,16650.5,11.0
2025-05-19,288210.2,12008.758333333333,21128.3,14.0
2025-05-20,311733.2,12988.883333333333,21305.5,10.0
2025-05-21,283146.89999999997,11797.787499999999,19409.1,15.0
2025-05-22,343629.7,14317.904166666667,21141.8,10.0
2025-05-23,354510.39999999997,14771.266666666665,21284.3,16.0
2025-05-24,277194.2,11549.758333333333,19206.3,11.0
2025-05-25,249219.4,10384.141666666666,17480.3,12.0
2025-05-26,283902.7,11829.279166666667,18817.1,10.0
2025-05-27,257559.4,10731.641666666666,17880.5,11.0
2025-05-28,266958.6,11123.275,18754.5,11.0
2025-05-29,241050.90000000002,10043.7875,17877.5,10.0
2025-05-30,223997.5,9333.229166666666,17885.1,11.0
2025-05-31,221960.8,9248.366666666667,17368.0,11.0
2025-06-01,261837.4,10909.891666666666,19017.3,11.0
2025-06-02,286412.6,11933.858333333332,19484.3,11.0
2025-06-03,239758.7,9989.945833333333,17571.6,12.0
2025-06-04,262787.89999999997,10949.495833333332,19388.6,10.0
2025-06-05,259622.19999999995,10817.591666666665,19519.3,11.0
2025-06-06,259521.69999999995,10813.404166666665,19180.0,11.0
2025-06-07,270311.1,11262.9625,19656.3,15.0
2025-06-08,285275.7,11886.487500000001,18842.3,15.0
2025-06-09,261070.0,10877.916666666666,18982.0,10.0
2025-06-10,224371.1,9348.795833333334,16287.6,12.0
2025-06-11,280152.7,11673.029166666667,20454.1,13.0
2025-06-12,277129.8,11547.074999999999,20930.0,12.0
2025-06-13,267606.0,11150.25,21001.1,12.0
2025-06-14,259593.69999999995,10816.404166666665,19131.8,12.0
2025-06-15,349853.2,14577.216666666667,21913.3,15.0
2025-06-16,312931.3,13038.804166666667,21204.3,10.0
2025-06-17,263137.2,10964.050000000001,20350.1,12.0
2025-06-18,238103.09999999998,9920.9625,19725.3,12.0
2025-06-19,240487.0,10020.291666666666,20195.8,13.0
2025-06-20,242750.8,10114.616666666667,19749.5,11.0
2025-06-21,247580.5,10315.854166666666,20336.1,12.0
2025-06-22,263007.3,10958.637499999999,20510.3,12.0
2025-06-23,272652.89999999997,11360.537499999999,20927.8,11.0
2025-06-24,279263.6,11635.983333333332,22232.1,13.0
2025-06-25,327216.6,13634.025,24869.1,12.0
2025-06-26,297983.39999999997,12415.974999999999,21558.8,10.0
2025-06-27,292109.3,12171.220833333333,21148.5,12.0
2025-06-28,303221.89999999997,12634.245833333332,22446.8,13.0
2025-06-29,274216.7,11425.695833333333,21094.0,11.0
2025-06-30,273329.8,11388.741666666667,22114.5,11.0
2025-07-01,290854.0,12118.916666666666,22800.8,11.0
2025-07-02,372684.0,15528.5,25475.0,15.0
2025-07-03,389551.8,16231.324999999999,25133.0,11.0
2025-07-04,335441.2,13976.716666666667,23425.1,11.0
2025-07-05,316652.5,13193.854166666666,23473.3,11.0
2025-07-06,318803.2,13283.466666666667,22553.3,15.0
2025-07-07,421371.6,17557.149999999998,27505.5,15.0
2025-07-08,429425.0,17892.708333333332,26807.1,12.0
2025-07-09,315540.2,13147.508333333333,23827.1,12.0
2025-07-10,292480.7,12186.695833333333,24158.5,13.0
2025-07-11,308413.0,12850.541666666666,24574.8,13.0
2025-07-12,256330.1,10680.420833333334,20778.0,14.0
2025-07-13,263683.1,10986.795833333332,21154.0,11.0
2025-07-14,303986.8,12666.116666666667,23305.8,12.0
2025-07-15,332098.6,13837.441666666666,23956.8,13.0
2025-07-16,305498.5,12729.104166666666,23875.3,12.0
2025-07-17,314132.39999999997,13088.849999999999,25169.8,13.0
2025-07-18,362344.1,15097.670833333332,27124.8,14.0
2025-07-19,388550.1,16189.5875,27346.6,13.0
2025-07-20,405857.3,16910.720833333333,27237.5,15.0
2025-07-21,314819.1,13117.4625,22720.8,12.0
2025-07-22,306666.39999999997,12777.766666666665,24106.3,12.0
2025-07-23,323194.89999999997,13466.454166666665,23820.1,12.0
2025-07-24,417443.69999999995,17393.4875,26092.8,15.0
2025-07-25,418742.1,17447.587499999998,26004.8,15.0
2025-07-26,357247.7,14885.320833333333,22821.5,11.0
2025-07-27,352600.0,14691.666666666666,23806.8,15.0
2025-07-28,441578.8999999999,18399.12083333333,29000.3,12.0
2025-07-29,438839.1,18284.962499999998,26679.8,11.0
2025-07-30,416047.0,17335.291666666668,26101.0,13.0
2025-07-31,389746.39999999997,16239.433333333332,25263.8,11.0
2025-08-01,378189.89999999997,15757.912499999999,25481.0,11.0
2025-08-02,409502.6,17062.608333333334,27006.3,12.0
2025-08-03,391558.2,16314.925000000001,26530.8,12.0
2025-08-04,306809.1,12783.7125,23971.6,12.0
2025-08-05,405218.3,16884.095833333333,28491.5,12.0
2025-08-06,314475.9,13103.1625,24922.8,12.0
2025-08-07,293071.6,12211.316666666666,24453.8,12.0
2025-08-08,302068.3,12586.179166666667,25724.8,12.0
2025-08-09,324797.7,13533.237500000001,25945.3,12.0
2025-08-10,320605.7,13358.570833333333,25933.3,12.0
2025-08-11,284908.3,11871.179166666667,24140.8,12.0
2025-08-12,275972.7,11498.862500000001,24781.5,12.0
2025-08-13,273475.3,11394.804166666667,23270.1,12.0
2025-08-14,314116.3,13088.179166666667,25049.5,12.0
2025-08-15,301682.0,12570.083333333334,24908.1,11.0
2025-08-16,252280.0,10511.666666666666,22587.3,12.0
2025-08-17,227396.40000000002,9474.85,20556.8,12.0
2025-08-18,252912.8,10538.033333333333,21336.5,12.0
2025-08-19,332549.4,13856.225,26118.3,13.0
2025-08-20,347211.2,14467.133333333333,26424.3,13.0
2025-08-21,339227.39999999997,14134.474999999999,25117.3,13.0
2025-08-22,334423.7,13934.320833333333,23930.8,12.0
2025-08-23,258274.39999999997,10761.433333333332,22016.3,12.0
2025-08-24,237057.3,9877.387499999999,21110.3,12.0
2025-08-25,251418.3,10475.762499999999,22661.3,13.0
2025-08-26,249996.8,10416.533333333333,22268.3,12.0
2025-08-27,283382.8,11807.616666666667,23652.8,13.0
2025-08-28,370989.39999999997,15457.891666666665,26755.0,12.0
2025-08-29,368171.7,15340.487500000001,28889.3,13.0
2025-08-30,293208.5,12217.020833333334,23551.1,11.0
2025-08-31,349297.0,14554.041666666666,26722.5,14.0
2025-09-01,386766.39999999997,16115.266666666665,28204.0,12.0
2025-09-02,312854.9,13035.620833333334,25690.5,12.0
2025-09-03,332358.7,13848.279166666667,26628.3,11.0
2025-09-04,312291.0,13012.125,25218.1,12.0
2025-09-05,327458.89999999997,13644.120833333332,24162.3,14.0
2025-09-06,409091.39999999997,17045.475,29090.1,14.0
2025-09-07,269809.2,11242.050000000001,20686.3,12.0
2025-09-08,278079.2,11586.633333333333,21288.0,13.0
2025-09-09,290876.1,12119.8375,22263.8,13.0
2025-09-10,349145.6,14547.733333333332,27244.3,12.0
2025-09-11,321826.0,13409.416666666666,27174.8,12.0
2025-09-12,244864.9,10202.704166666666,22830.0,12.0
2025-09-13,251781.10000000003,10490.879166666668,23020.5,13.0
2025-09-14,265782.1,11074.254166666666,23673.3,12.0
2025-09-15,291957.5,12164.895833333334,23550.1,12.0
2025-09-16,272981.7,11374.237500000001,23604.8,12.0
2025-09-17,240307.2,10012.800000000001,22984.5,12.0
2025-09-18,268484.3,11186.845833333333,25210.3,12.0
2025-09-19,299535.5,12480.645833333334,25688.1,12.0
2025-09-20,289767.1,12073.629166666666,24291.5,12.0
2025-09-21,338459.6,14102.483333333332,26986.3,13.0
2025-09-22,363026.7,15126.112500000001,27537.1,13.0
2025-09-23,365999.3,15249.970833333333,26436.1,14.0
2025-09-24,326851.6,13618.816666666666,23652.5,11.0
2025-09-25,258474.2,10769.758333333333,22354.8,11.0
2025-09-26,228824.09999999998,9534.3375,23641.8,12.0
2025-09-27,226296.2,9429.008333333333,21884.3,12.0
2025-09-28,239154.4,9964.766666666666,17109.5,12.0
2025-09-29,286762.3,11948.429166666667,20023.8,12.0
2025-09-30,244217.5,10175.729166666666,19470.5,11.0
2025-10-01,255807.4,10658.641666666666,22515.5,11.0
2025-10-02,216306.0,9012.75,21803.3,12.0
2025-10-03,201221.8,8384.241666666667,19961.5,12.0
2025-10-04,310856.3,12952.345833333333,24688.6,13.0
2025-10-05,376441.1,15685.045833333332,26714.8,13.0
2025-10-06,246607.7,10275.320833333333,21252.0,12.0
2025-10-07,211319.6,8804.983333333334,21997.1,11.0
2025-10-08,249772.09999999998,10407.170833333332,21303.1,12.0
2025-10-09,352197.1,14674.879166666666,25031.1,12.0
2025-10-10,309248.6,12885.358333333332,22576.6,10.0
2025-10-11,247089.5,10295.395833333334,20982.1,11.0
2025-10-12,238504.7,9937.695833333333,20897.8,11.0
2025-10-13,165814.4,6908.933333333333,17454.8,12.0
2025-10-14,185961.1,7748.379166666667,20394.3,11.0
2025-10-15,185287.1,7720.295833333334,20114.8,11.0
2025-10-16,179374.9,7473.954166666666,19156.3,12.0
2025-10-17,196158.69999999998,8173.279166666666,21026.8,11.0
2025-10-18,244824.4,10201.016666666666,23000.3,12.0
2025-10-19,341452.89999999997,14227.204166666665,25697.6,11.0
2025-10-20,399164.5,16631.854166666668,29497.3,12.0
2025-10-21,424219.6,17675.816666666666,28166.6,12.0
2025-10-22,490384.6,20432.691666666666,31207.3,12.0
2025-10-23,450676.5,18778.1875,31845.1,12.0
2025-10-24,225204.0,9383.5,20414.8,12.0
2025-10-25,219131.2,9130.466666666667,18368.8,12.0
2025-10-26,277889.0,11578.708333333334,20305.0,12.0
2025-10-27,236722.2,9863.425000000001,21777.8,12.0
2025-10-28,206811.3,8617.137499999999,18886.8,11.0
2025-10-29,194402.6,8100.108333333334,15102.5,11.0
2025-10-30,276976.1,11540.670833333332,23351.5,13.0
2025-10-31,317645.9,13235.245833333334,21361.5,11.0
2025-11-01,274991.1,11457.9625,19984.1,11.0
2025-11-02,302334.39999999997,12597.266666666665,25223.8,11.0
2025-11-03,238500.5,9937.520833333334,21352.0,13.0
2025-11-04,351032.0,14626.333333333334,26089.3,12.0
2025-11-05,421885.9,17578.579166666666,26738.3,11.0
2025-11-06,444341.2,18514.216666666667,29928.6,11.0
2025-11-07,313800.39999999997,13075.016666666665,21409.3,11.0
2025-11-08,394474.1,16436.420833333334,28575.1,12.0
2025-11-09,238553.7,9939.737500000001,20830.0,11.0
2025-11-10,246550.5,10272.9375,22099.0,12.0
2025-11-11,339242.1,14135.0875,25985.5,11.0
2025-11-12,443888.3,18495.345833333333,29826.6,12.0
2025-11-13,416224.80000000005,17342.7,23870.3,11.0
2025-11-14,407150.5,16964.604166666668,23383.8,11.0
2025-11-15,337459.7,14060.820833333333,20713.5,10.0
2025-11-16,278480.7,11603.362500000001,22847.0,11.0
2025-11-17,254081.0,10586.708333333334,20109.0,13.0
2025-11-18,290589.6,12107.9,24381.1,12.0
2025-11-19,246112.0,10254.666666666666,22155.6,12.0
2025-11-20,339341.3,14139.220833333333,25662.6,12.0
2025-11-21,371685.3,15486.887499999999,27106.1,11.0
2025-11-22,351873.2,14661.383333333333,26891.5,11.0
2025-11-23,396913.6,16538.066666666666,26878.5,12.0
2025-11-24,433825.3999999999,18076.05833333333,23937.1,11.0
2025-11-25,423075.20000000007,17628.133333333335,28960.0,12.0
2025-11-26,383957.8,15998.241666666667,28761.8,11.0
2025-11-27,293032.6,12209.691666666666,24436.8,11.0
2025-11-28,196828.9,8201.204166666666,19970.6,12.0
2025-11-29,207489.8,8645.408333333333,19026.0,12.0
2025-11-30,257236.0,10718.166666666666,18893.3,12.0
2025-12-01,242593.3,10108.054166666667,21541.6,12.0
2025-12-02,265486.1,11061.920833333332,19589.1,12.0
2025-12-03,392215.0,16342.291666666666,27824.1,12.0
2025-12-04,410778.20000000007,17115.758333333335,23454.1,12.0
2025-12-05,393952.80000000005,16414.7,23185.3,12.0
2025-12-06,347512.0,14479.666666666666,21203.8,11.0
2025-12-07,297367.2,12390.300000000001,22259.6,12.0
2025-12-08,232683.5,9695.145833333334,20224.3,13.0
2025-12-09,279658.39999999997,11652.433333333332,23604.1,11.0
2025-12-10,92408.6,3850.3583333333336,7630.1,11.0
2025-12-11,210545.19999999995,8772.716666666665,19368.6,12.0
2025-12-12,179971.9,7498.829166666666,13422.6,12.0
2025-12-13,238825.1,9951.045833333334,20925.6,12.0
2025-12-14,213953.3,8914.720833333333,18125.3,12.0
2025-12-15,216753.8,9031.408333333333,16995.3,11.0
2025-12-16,197467.39999999997,8227.808333333332,15145.6,12.0
2025-12-17,195210.19999999998,8133.758333333332,18251.8,12.0
2025-12-18,276670.5,11527.9375,25562.1,12.0
2025-12-19,100012.79999999999,4167.2,10437.1,11.0
2025-12-20,251099.19999999995,10462.466666666665,21242.6,12.0
2025-12-21,276402.2,11516.758333333333,19584.3,12.0
2025-12-22,319591.1,13316.295833333332,23966.1,12.0
2025-12-23,272358.2,11348.258333333333,19006.3,12.0
2025-12-24,291643.8,12151.824999999999,21859.3,12.0
2025-12-25,192498.8,8020.783333333333,16630.0,11.0
2025-12-26,147666.1,6152.754166666667,16535.3,12.0
2025-12-27,240755.69999999998,10031.4875,20325.0,12.0
2025-12-28,209324.5,8721.854166666666,16676.1,11.0
2025-12-29,127001.09999999999,5291.7125,15974.3,12.0
2025-12-30,248528.69999999998,10355.3625,23195.8,12.0
2025-12-31,176636.9,7359.870833333333,18172.5,11.0
2026-01-01,167331.8,6972.158333333333,15735.6,11.0
2026-01-02,190099.1,7920.795833333334,15789.6,11.0
2026-01-03,207947.40000000002,8664.475,12195.3,12.0
2026-01-04,354052.8,14752.199999999999,20472.1,11.0
2026-01-05,323993.9,13499.745833333334,21285.5,13.0
2026-01-06,423906.30000000005,17662.7625,32705.8,11.0
2026-01-07,378283.5,15761.8125,26727.3,12.0
2026-01-08,447888.7,18662.029166666667,29319.3,12.0
2026-01-09,497511.1,20729.629166666666,31974.3,13.0
2026-01-10,407769.6,16990.399999999998,30551.3,12.0
2026-01-11,325267.39999999997,13552.808333333332,26580.0,12.0
2026-01-12,317678.89999999997,13236.620833333332,25594.0,12.0
2026-01-13,299722.0,12488.416666666666,22825.3,11.0
2026-01-14,159051.9,6627.162499999999,15719.5,13.0
2026-01-15,284765.7,11865.237500000001,22800.3,12.0
2026-01-16,198403.7,8266.820833333333,18741.8,12.0
2026-01-17,120940.20000000001,5039.175,14092.8,12.0
2026-01-18,176579.6,7357.483333333334,19261.5,12.0
2026-01-19,279557.8,11648.241666666667,23410.1,12.0
2026-01-20,365289.6,15220.4,27463.0,12.0
2026-01-21,374961.39999999997,15623.391666666665,21727.6,13.0
2026-01-22,470834.69999999995,19618.1125,30333.8,11.0
2026-01-23,462576.5,19274.020833333332,32907.8,10.0
2026-01-24,481095.8,20045.658333333333,31122.1,13.0
2026-01-25,519148.3999999999,21631.18333333333,31441.1,13.0
2026-01-26,428957.3,17873.220833333333,22922.3,12.0
2026-01-27,438140.39999999997,18255.85,22979.8,13.0
2026-01-28,408128.9,17005.370833333334,26093.6,14.0
2026-01-29,435813.20000000007,18158.883333333335,23349.8,13.0
2026-01-30,482026.9,20084.454166666666,28690.3,11.0
2026-01-31,522431.6,21767.983333333334,34711.3,11.0
2026-02-01,284290.9,11845.454166666668,17303.8,12.0
2026-02-02,440269.80000000005,18344.575,27782.8,13.0
2026-02-03,350755.8,14614.824999999999,23343.3,12.0
2026-02-04,374348.8,15597.866666666667,22423.3,12.0
2026-02-05,477909.4,19912.891666666666,30357.3,14.0
2026-02-06,453839.3,18909.970833333333,26620.1,11.0
2026-02-07,380487.7,15853.654166666667,21753.6,10.0
2026-02-08,426654.89999999997,17777.2875,31322.3,12.0
2026-02-09,392678.7,16361.612500000001,25180.1,12.0
2026-02-10,466829.79999999993,19451.241666666665,25492.5,12.0
2026-02-11,467919.89999999997,19496.6625,24832.0,12.0
2026-02-12,561822.4,23409.266666666666,39209.1,12.0
2026-02-13,454047.5,18918.645833333332,27838.0,13.0
2026-02-14,550535.7,22938.9875,36683.3,12.0
2026-02-15,528132.7,22005.529166666664,36402.0,13.0
2026-02-16,511308.5,21304.520833333332,32282.3,12.0
2026-02-17,422863.3999999999,17619.30833333333,30819.6,12.0
2026-02-18,461355.5,19223.145833333332,33564.5,13.0
2026-02-19,533567.8,22231.99166666667,38407.3,11.0
2026-02-20,377579.5,15732.479166666666,32065.0,11.0
2026-02-21,269776.0,11240.666666666666,28685.5,12.0
2026-02-22,246979.8,10290.824999999999,27437.1,12.0
2026-02-23,252372.4,10515.516666666666,27190.0,12.0
2026-02-24,326310.3,13596.262499999999,31562.3,12.0
2026-02-25,260614.39999999997,10858.933333333332,26730.3,12.0
2026-02-26,297614.1,12400.5875,30332.5,12.0
2026-02-27,288206.0,12008.583333333334,27135.6,12.0
2026-02-28,301783.9,12574.329166666668,26213.5,12.0
2026-03-01,340110.2,14171.258333333333,30196.0,13.0
2026-03-02,390125.89999999997,16255.245833333332,31402.8,12.0
2026-03-03,342431.5,14267.979166666666,27634.3,12.0
2026-03-04,302905.4,12621.058333333334,24209.1,12.0
2026-03-05,242365.8,10098.574999999999,19531.6,12.0
2026-03-06,336450.8,14018.783333333333,22173.6,12.0
2026-03-07,238003.7,9916.820833333333,20836.8,12.0
2026-03-08,173911.0,7246.291666666667,19226.5,12.0
2026-03-09,191969.4,7998.724999999999,18451.0,11.0
2026-03-10,188461.3,7852.554166666666,19307.5,12.0
2026-03-11,224078.5,9336.604166666666,23026.1,11.0
2026-03-12,280002.7,11666.779166666667,27761.3,12.0
2026-03-13,406022.0,16917.583333333332,33080.1,12.0
2026-03-14,444229.5,18509.5625,31689.1,12.0
2026-03-15,474489.4,19770.391666666666,35415.3,12.0
2026-03-16,396476.9,16519.870833333334,33062.3,12.0
2026-03-17,360983.0,15040.958333333334,32017.0,12.0
2026-03-18,311866.5,12994.4375,25927.3,12.0
2026-03-19,399879.20000000007,16661.633333333335,30778.0,12.0
2026-03-20,290806.7,12116.945833333333,23988.3,12.0
2026-03-21,207148.7,8631.195833333333,18771.3,12.0
2026-03-22,363002.0,15125.083333333334,31510.6,13.0
2026-03-23,378389.1,15766.2125,30201.5,11.0
2026-03-24,315171.8,13132.158333333333,29841.1,11.0
2026-03-25,460602.0,19191.75,36387.1,12.0
2026-03-26,567120.3,23630.0125,39228.3,11.0
2026-03-27,524603.6,21858.483333333334,37152.3,13.0
2026-03-28,539501.1,22479.212499999998,37575.5,12.0
2026-03-29,607039.8,25293.325,42319.8,12.0
2026-03-30,538363.0,22431.791666666668,38157.5,13.0
2026-03-31,575546.6,23981.108333333334,39952.6,12.0
2026-04-01,547791.8,22824.658333333336,38313.8,12.0
2026-04-02,533316.5,22221.520833333332,37693.6,12.0
2026-04-03,432989.1,18041.212499999998,34138.1,12.0
2026-04-04,355028.89999999997,14792.870833333332,32317.8,12.0
2026-04-05,351230.4,14634.6,32060.6,12.0
2026-04-06,453817.29999999993,18909.054166666665,37134.3,12.0
2026-04-07,336509.3,14021.220833333333,27150.5,11.0
2026-04-08,269796.7,11241.529166666667,26067.1,12.0
2026-04-09,348585.3,14524.387499999999,29853.3,12.0
2026-04-10,355649.3,14818.720833333333,31042.8,12.0
2026-04-11,356636.6,14859.858333333332,28025.5,12.0
2026-04-12,397606.0,16566.916666666668,26483.5,14.0
2026-04-13,507351.5,21139.645833333332,36643.0,10.0
2026-04-14,452855.1,18868.962499999998,35370.3,10.0
2026-04-15,393796.29999999993,16408.179166666665,32477.8,11.0
2026-04-16,321050.9,13377.120833333334,30214.6,12.0
2026-04-17,326253.5,13593.895833333334,29894.1,12.0
2026-04-18,356952.39999999997,14873.016666666665,30033.6,12.0
2026-04-19,341125.2,14213.550000000001,30690.8,12.0
2026-04-20,312037.3,13001.554166666667,28806.6,12.0
2026-04-21,347909.8,14496.241666666667,30188.8,12.0
2026-04-22,357775.4,14907.308333333334,30080.0,12.0
2026-04-23,374786.2,15616.091666666667,31422.3,13.0
2026-04-24,238060.1,9919.170833333334,21753.1,12.0
2026-04-25,284931.1,11872.129166666666,25178.6,12.0
2026-04-26,342722.6,14280.108333333332,28686.5,12.0
2026-04-27,389701.2,16237.550000000001,31660.6,12.0
2026-04-28,334154.0,13923.083333333334,27153.3,12.0
2026-04-29,299481.9,12478.4125,25296.1,13.0
2026-04-30,339751.0909090909,14156.295454545454,28721.8,11.0
