date,demand_mwh_day,demand_mean_mw,demand_peak_mw,demand_peak_hour,wind_gen_mwh_day,wind_gen_mean_mw,wind_gen_peak_mw,wind_gen_peak_hour,solar_pv_mwh_day,solar_pv_mean_mw,solar_pv_peak_mw,solar_pv_peak_hour,wind_penetration,solar_penetration,renewables_penetration
2015-01-01,599875.2,24994.8,24994.8,0,71086.428,2961.9345,6160.27,21,105867.738,4411.15575,5280.111,21,0.11850202842191176,0.17648293845119786,0.2949849668731096
2015-01-02,599875.2,24994.8,24994.8,0,101880.41700000002,4245.017375,7781.209,21,139618.20799999998,5817.425333333333,6288.102,22,0.16983602089234565,0.2327454243816047,0.40258144527395034
2015-01-03,599875.2,24994.8,24994.8,0,82909.961,3454.581708333333,6184.686,21,149788.812,6241.2005,6861.275,20,0.13821201643275136,0.249699957591179,0.38791197402393035
2015-01-04,599875.2,24994.8,24994.8,0,69046.59,2876.94125,6459.418,21,137555.701,5731.487541666666,6504.615,20,0.11510159113095524,0.22930719756375995,0.3444087886947152
2015-01-05,599875.2,24994.8,24994.8,0,104966.237,4373.593208333333,6557.362,10,164316.308,6846.512833333333,7307.328,18,0.17498012419916675,0.27391748817087286,0.4488976123700396
2015-01-06,599875.2,24994.8,24994.8,0,83765.439,3490.226625,7065.895,22,160352.524,6681.355166666667,7574.941,22,0.1396381097268232,0.26730980710654484,0.40694791683336806
2015-01-07,599875.2,24994.8,24994.8,0,127703.52100000001,5320.980041666667,8783.927,20,195596.994,8149.87475,8573.075,20,0.2128834814308043,0.3260628110647015,0.5389462924955057
2015-01-08,599875.2,24994.8,24994.8,0,114568.041,4773.668375,6863.867,9,211566.53499999997,8815.272291666666,9021.558,19,0.19098646018371823,0.3526842499906647,0.543670710174383
2015-01-09,599875.2,24994.8,24994.8,0,94525.591,3938.5662916666665,6555.619,19,210678.938,8778.289083333333,9155.38,14,0.15757542735555663,0.3512046138930231,0.5087800412485797
2015-01-10,599875.2,24994.8,24994.8,0,73398.582,3058.27425,5297.164,19,188276.662,7844.860916666667,8567.21,0,0.12235642013538817,0.31385971948832025,0.4362161396237084
2015-01-11,599875.2,24994.8,24994.8,0,53605.413,2233.558875,6023.285,20,139681.818,5820.07575,7455.311,0,0.0893609420759518,0.23285146310432572,0.3222124051802775
2015-01-12,599875.2,24994.8,24994.8,0,78662.077,3277.586541666667,5168.411,20,179941.415,7497.558958333334,8155.4,19,0.13113073685993354,0.2999647510015417,0.4310954878614752
2015-01-13,599875.2,24994.8,24994.8,0,74575.402,3107.3084166666667,6071.291,20,178337.608,7430.733666666667,8200.458,21,0.12431819485119573,0.29729118323277914,0.42160937808397486
2015-01-14,599875.2,24994.8,24994.8,0,89533.011,3730.542125,6121.796,9,187012.772,7792.198833333333,8536.611,19,0.1492527295677501,0.31175279791529975,0.46100552748304985
2015-01-15,599875.2,24994.8,24994.8,0,64267.334,2677.8055833333333,4804.658,19,159949.612,6664.567166666667,7556.547,20,0.107134507310854,0.26663814740132613,0.37377265471218013
2015-01-16,599875.2,24994.8,24994.8,0,66306.316,2762.763166666667,4967.633,19,147953.959,6164.748291666667,7566.518,20,0.11053351763833547,0.24664123304313967,0.35717475068147514
2015-01-17,599875.2,24994.8,24994.8,0,72127.112,3005.296333333333,5481.443,19,150881.193,6286.716375,6787.841,21,0.1202368626007543,0.2515209713620433,0.3717578339627976
2015-01-18,599875.2,24994.8,24994.8,0,64121.621,2671.7342083333333,5321.673,21,139933.122,5830.54675,6741.102,22,0.10689160178650493,0.2332703902411702,0.3401619920276751
2015-01-19,599875.2,24994.8,24994.8,0,81016.171,3375.6737916666666,6812.894,20,187392.162,7808.0067500000005,9175.906,15,0.13505504311563474,0.31238524613119534,0.4474402892468301
2015-01-20,599875.2,24994.8,24994.8,0,115140.469,4797.519541666667,7544.061,19,207225.188,8634.382833333333,9110.68,8,0.191940705333376,0.3454471663439329,0.537387871677309
2015-01-21,599875.2,24994.8,24994.8,0,85166.271,3548.5946249999997,5559.623,9,198473.854,8269.743916666666,8887.227,18,0.14197331544961353,0.33085857525031875,0.47283189069993226
2015-01-22,599875.2,24994.8,24994.8,0,72147.314,3006.1380833333333,5352.179,19,190394.538,7933.10575,8893.596,20,0.1202705396055713,0.3173902471714117,0.43766078677698295
2015-01-23,599875.2,24994.8,24994.8,0,74303.166,3095.9652499999997,5168.979,19,190809.414,7950.39225,8902.089,21,0.12386437378974827,0.3180818510250132,0.4419462248147614
2015-01-24,599875.2,24994.8,24994.8,0,64195.918,2674.8299166666666,4873.217,19,151328.697,6305.362375,7915.141,0,0.10701545588149002,0.252266966529038,0.35928242241052805
2015-01-25,599875.2,24994.8,24994.8,0,56017.505000000005,2334.0627083333334,5072.146,21,102297.31900000002,4262.388291666667,5406.997,22,0.09338193177514258,0.17053100211510666,0.2639129338902492
2015-01-26,599875.2,24994.8,24994.8,0,88009.533,3667.063875,6737.835,20,172515.999,7188.166625000001,8537.241,17,0.14671307131883432,0.2875864829884616,0.43429955430729594
2015-01-27,599875.2,24994.8,24994.8,0,74328.568,3097.0236666666665,5092.894,20,188345.335,7847.722291666666,8881.07,20,0.12390671926427364,0.3139741982999131,0.43788091756418673
2015-01-28,599875.2,24994.8,24994.8,0,79007.134,3291.963916666667,5322.745,20,174861.554,7285.8980833333335,8231.731,8,0.13170595150457964,0.29149655461669366,0.4232025061212733
2015-01-29,599875.2,24994.8,24994.8,0,64545.439,2689.3932916666668,3842.177,9,110763.541,4615.147541666666,6653.208,0,0.10759811207397806,0.18464430768266468,0.2922424197566427
2015-01-30,599875.2,24994.8,24994.8,0,97003.76699999999,4041.8236249999995,7489.855,21,38437.524,1601.5635,2091.406,0,0.16170657996863347,0.06407586778049834,0.2257824477491318
2015-01-31,599875.2,24994.8,24994.8,0,116597.144,4858.214333333333,6441.154,20,26509.107000000004,1104.546125,1310.301,20,0.19436900208576718,0.04419103673564102,0.2385600388214082
2015-02-01,599875.2,24994.8,24994.8,0,114100.38499999998,4754.182708333333,6507.525,21,27943.161,1164.298375,1328.171,22,0.19020687136257672,0.04658162397778738,0.2367884953403641
2015-02-02,599875.2,24994.8,24994.8,0,132994.86,5541.452499999999,7461.855,8,100141.22899999999,4172.551208333333,5590.233,19,0.22170421447661112,0.16693677118173914,0.38864098565835026
2015-02-03,599875.2,24994.8,24994.8,0,118744.42199999999,4947.684249999999,7020.571,19,116610.73,4858.7804166666665,5605.365,19,0.19794854329700579,0.1943916501298937,0.3923401934268995
2015-02-04,599875.2,24994.8,24994.8,0,120693.291,5028.887125,5974.225,10,115134.204,4797.2585,5579.066,19,0.20119733404548149,0.19193026149439085,0.3931275955398723
2015-02-05,599875.2,24994.8,24994.8,0,121008.29500000001,5042.012291666667,6743.158,19,121480.929,5061.7053750000005,5951.722,21,0.20172244993625343,0.20251033715012726,0.40423278708638066
2015-02-06,599875.2,24994.8,24994.8,0,133762.363,5573.431791666667,7695.974,19,140427.374,5851.140583333334,6117.977,20,0.2229836522663381,0.23409431495084315,0.45707796721718125
2015-02-07,599875.2,24994.8,24994.8,0,145625.114,6067.713083333333,7985.638,11,154568.417,6440.3507083333325,6831.289,21,0.2427590172089128,0.2576676231989587,0.5004266404078714
2015-02-08,599875.2,24994.8,24994.8,0,96710.248,4029.593666666667,5520.479,20,115996.28,4833.178333333333,6132.319,0,0.16121727986087775,0.19336735374291186,0.3545846336037896
2015-02-09,599875.2,24994.8,24994.8,0,111735.17300000001,4655.632208333333,8188.396,20,155249.255,6468.718958333334,8483.494,22,0.18626403125183374,0.2588025892719019,0.4450666205237357
2015-02-10,599875.2,24994.8,24994.8,0,135161.102,5631.712583333334,7800.119,20,210141.772,8755.907166666666,9257.092,21,0.22531536893007084,0.3503091509700685,0.5756245199001393
2015-02-11,599875.2,24994.8,24994.8,0,144168.572,6007.023833333333,7608.059,10,208437.913,8684.913041666667,9080.85,9,0.24033094216930453,0.3474687951760633,0.5877997373453678
2015-02-12,599875.2,24994.8,24994.8,0,146558.759,6106.614958333333,7885.858,9,211656.18,8819.0075,9036.983,8,0.24431541593984882,0.35283368940739673,0.5971491053472455
2015-02-13,599875.2,24994.8,24994.8,0,119468.59099999999,4977.857958333333,6336.532,9,186698.848,7779.118666666666,8738.695,9,0.19915574272782072,0.31122948239900566,0.5103852251268264
2015-02-14,599875.2,24994.8,24994.8,0,102885.367,4286.890291666667,5942.836,20,57448.97,2393.7070833333332,4725.916,0,0.17151128601415763,0.09576820311958222,0.26727948913373983
2015-02-15,599875.2,24994.8,24994.8,0,104232.56899999999,4343.023708333333,6254.646,22,46997.881,1958.2450416666668,2571.476,22,0.17375708980801338,0.07834609765497891,0.2521031874629923
2015-02-16,599875.2,24994.8,24994.8,0,124418.753,5184.1147083333335,6789.857,19,114251.52000000002,4760.4800000000005,5994.042,14,0.20740772914099467,0.19045881543361023,0.3978665445746049
2015-02-17,599875.2,24994.8,24994.8,0,109668.364,4569.515166666667,6672.937,20,93157.081,3881.5450416666667,5034.034,21,0.18281863294231868,0.15529410284005743,0.3381127357823761
2015-02-18,599875.2,24994.8,24994.8,0,130287.04200000002,5428.62675,7384.417,19,121247.416,5051.975666666666,6180.297,21,0.21719024557107883,0.20212106784877923,0.41931131341985806
2015-02-19,599875.2,24994.8,24994.8,0,151799.717,6324.988208333333,8525.57,19,143025.696,5959.4039999999995,6540.417,9,0.2530521631832755,0.23842575255653178,0.49147791573980726
2015-02-20,599875.2,24994.8,24994.8,0,149696.729,6237.363708333333,7700.424,8,146417.262,6100.719249999999,6547.745,9,0.24954645399576447,0.24407953854401715,0.4936259925397816
2015-02-21,599875.2,24994.8,24994.8,0,130262.973,5427.623875,6969.302,9,46534.238,1938.9265833333332,3604.837,0,0.2171501222254229,0.07757319855863352,0.29472332078405644
2015-02-22,599875.2,24994.8,24994.8,0,115181.278,4799.219916666667,6928.101,20,28482.758,1186.7815833333334,1965.577,21,0.19200873448343925,0.04748113941033069,0.23948987389376994
2015-02-23,599875.2,24994.8,24994.8,0,121065.41399999999,5044.39225,7321.98,20,33809.713,1408.7380416666667,1889.772,21,0.2018176680749596,0.05636124480558624,0.25817891288054584
2015-02-24,599875.2,24994.8,24994.8,0,127381.52,5307.5633333333335,7384.48,20,32183.826,1340.9927500000001,2217.431,22,0.2123467014472344,0.05365086938083122,0.26599757082806563
2015-02-25,599875.2,24994.8,24994.8,0,131872.379,5494.682458333333,7538.322,9,43845.053,1826.8772083333333,2349.469,8,0.2198330236022426,0.07309029111388503,0.29292331471612765
2015-02-26,599875.2,24994.8,24994.8,0,141738.677,5905.778208333333,7873.86,20,50732.619,2113.859125,2572.462,23,0.23628027463045648,0.08457195596684111,0.3208522305972976
2015-02-27,599875.2,24994.8,24994.8,0,140301.474,5845.8947499999995,7702.767,20,51697.613,2154.0672083333334,2587.295,21,0.23388443796309633,0.08618061390102474,0.32006505186412104
2015-02-28,599875.2,24994.8,24994.8,0,137213.798,5717.241583333333,7146.623,21,46834.386,1951.43275,2666.175,0,0.2287372406793947,0.07807354929825404,0.3068107899776487
2015-03-01,599875.2,24994.8,24994.8,0,118869.01800000001,4952.87575,7142.348,20,29950.795,1247.9497916666667,1709.051,0,0.19815624649927188,0.049928376769034624,0.2480846232683065
2015-03-02,599875.2,24994.8,24994.8,0,156987.244,6541.135166666667,9422.196,20,67165.529,2798.563708333333,4155.967,23,0.26169984023343523,0.11196583722747665,0.3736656774609119
2015-03-03,599875.2,24994.8,24994.8,0,175683.91700000002,7320.163208333334,8824.601,19,101576.43900000001,4232.351625,4477.799,20,0.29286744476184384,0.16932928549138224,0.46219673025322605
2015-03-04,599875.2,24994.8,24994.8,0,152492.456,6353.852333333333,7757.616,20,55765.20300000001,2323.550125,3723.175,0,0.25420696838275697,0.09296134095891948,0.3471683093416764
2015-03-05,599875.2,24994.8,24994.8,0,150342.737,6264.280708333333,8414.059,20,34132.804,1422.2001666666665,2102.136,21,0.25062335799179564,0.05689984183376809,0.30752319982556375
2015-03-06,599875.2,24994.8,24994.8,0,174629.58,7276.232499999999,9117.185,20,67174.015,2798.9172916666666,3265.458,11,0.2911098508489766,0.11197998350323535,0.40308983435221196
2015-03-07,599875.2,24994.8,24994.8,0,155068.617,6461.192375,8030.292,21,68722.83,2863.45125,3262.801,21,0.25850146330436735,0.11456187887080514,0.3730633421751725
2015-03-08,599875.2,24994.8,24994.8,0,134681.505,5611.729375,7202.838,21,49503.868,2062.6611666666668,2635.216,20,0.22451587430185482,0.08252361157787487,0.3070394858797297
2015-03-09,599875.2,24994.8,24994.8,0,162764.26,6781.844166666667,8770.7,20,120361.48299999998,5015.061791666666,6612.334,20,0.2713302033489633,0.20064420566144422,0.47197440901040755
2015-03-10,599875.2,24994.8,24994.8,0,163766.634,6823.60975,9001.191,20,155583.651,6482.6521250000005,7336.273,11,0.2730011742442428,0.2593600318866325,0.5323612061308753
2015-03-11,599875.2,24994.8,24994.8,0,157633.761,6568.073375,8526.515,20,150138.241,6255.760041666667,6982.518,11,0.2627775927392898,0.2502824604184337,0.5130600531577235
2015-03-12,599875.2,24994.8,24994.8,0,142110.34100000001,5921.264208333334,7865.139,9,120235.93300000002,5009.830541666667,5978.691,10,0.23689984350078153,0.20043491212838943,0.43733475562917096
2015-03-13,599875.2,24994.8,24994.8,0,132224.679,5509.3616250000005,7794.435,20,79568.298,3315.34575,4096.371,20,0.22042031242498442,0.13264141941523838,0.3530617318402228
2015-03-14,599875.2,24994.8,24994.8,0,111191.571,4632.9821249999995,7304.674,21,59921.98299999999,2496.7492916666665,3175.471,21,0.18535783943060158,0.09989074894244669,0.2852485883730483
2015-03-15,599875.2,24994.8,24994.8,0,108250.163,4510.423458333334,7736.078,21,74063.294,3085.9705833333333,4074.901,23,0.18045447286368899,0.12346450395015497,0.30391897681384394
2015-03-16,599875.2,24994.8,24994.8,0,148523.514,6188.4797499999995,8388.194,20,135343.59,5639.31625,6359.408,14,0.2475906888632836,0.22561957887240547,0.4732102677356891
2015-03-17,599875.2,24994.8,24994.8,0,134644.066,5610.169416666667,7777.995,19,142801.864,5950.077666666667,6344.075,15,0.22445346298696797,0.23805262161196197,0.46250608459892995
2015-03-18,599875.2,24994.8,24994.8,0,138316.238,5763.176583333334,8270.147,11,122752.177,5114.674041666666,5828.355,20,0.2305750229381045,0.2046295246077851,0.4352045475458896
2015-03-19,599875.2,24994.8,24994.8,0,91434.128,3809.755333333333,5557.731,20,77287.986,3220.33275,4089.798,0,0.1524219170920885,0.12884010874261848,0.28126202583470694
2015-03-20,599875.2,24994.8,24994.8,0,91157.006,3798.208583333333,6257.313,20,64148.26700000001,2672.8444583333335,3257.72,20,0.151959951003142,0.1069360210257067,0.25889597202884873
2015-03-21,599875.2,24994.8,24994.8,0,113161.422,4715.05925,7230.738,20,61014.763000000006,2542.281791666667,3037.163,0,0.18864160745435052,0.10171242785165983,0.29035403530601034
2015-03-22,599875.2,24994.8,24994.8,0,84769.546,3532.0644166666666,6374.474,22,36355.012,1514.7921666666668,2542.246,23,0.1413119695563344,0.060604292359477445,0.20191626191581186
2015-03-23,599875.2,24994.8,24994.8,0,126964.211,5290.175458333333,7706.917,10,118639.77000000002,4943.3237500000005,5925.239,14,0.21165104175001734,0.19777408701009816,0.4094251287601155
2015-03-24,599875.2,24994.8,24994.8,0,104651.26000000001,4360.469166666667,6494.227,10,117741.01800000001,4905.87575,5704.404,11,0.1744550533177568,0.19627585537791864,0.37073090869567543
2015-03-25,599875.2,24994.8,24994.8,0,84421.528,3517.563666666667,5985.536,20,74393.72,3099.7383333333332,4118.933,21,0.14073181888499475,0.12401532852166586,0.2647471474066606
2015-03-26,599875.2,24994.8,24994.8,0,88537.203,3689.0501249999998,5479.422,21,86209.412,3592.058833333333,4117.562,10,0.14759270428249077,0.14371224548039327,0.291304949762884
2015-03-27,599875.2,24994.8,24994.8,0,94613.284,3942.2201666666665,6089.638,20,84984.976,3541.0406666666663,4074.679,9,0.1577216127621212,0.14167109425427155,0.29939270701639276
2015-03-28,599875.2,24994.8,24994.8,0,83028.182,3459.5075833333335,5912.839,20,50952.907,2123.0377916666666,3160.443,0,0.13840909242455765,0.08493917901590198,0.22334827144045963
2015-03-29,599875.2,24994.8,24994.8,0,77150.20799999998,3214.5919999999996,5039.318,21,29491.44626086956,1228.8102608695651,1791.362,0,0.12861043096964167,0.04916263626312534,0.177773067232767
2015-03-30,599875.2,24994.8,24994.8,0,89505.403,3729.391791666667,5536.566,21,60243.478,2510.1449166666666,3266.734,10,0.1492067066616523,0.10042668541723346,0.24963339207888577
2015-03-31,599875.2,24994.8,24994.8,0,100921.301,4205.054208333334,6280.228,9,70223.38,2925.974166666667,3698.282,11,0.16823716166295927,0.11706331583636065,0.2853004774993199
2015-04-01,599875.2,24994.8,24994.8,0,107786.27600000001,4491.094833333334,6600.941,20,51661.564,2152.5651666666668,2676.362,1,0.1796811670160727,0.0861205197347715,0.2658016867508442
2015-04-02,599875.2,24994.8,24994.8,0,96653.695,4027.237291666667,6537.043,21,42198.598,1758.2749166666665,2215.987,21,0.16112300525175904,0.07034562855740661,0.23146863380916566
2015-04-03,599875.2,24994.8,24994.8,0,86592.406,3608.016916666667,5455.289,21,38664.173,1611.0072083333334,1825.884,0,0.1443507016126021,0.06445369470183132,0.20880439631443343
2015-04-04,599875.2,24994.8,24994.8,0,87222.473,3634.2697083333333,5598.196,21,33306.929,1387.7887083333333,1499.052,3,0.14540103174793692,0.05552309713753794,0.20092412888547487
2015-04-05,599875.2,24994.8,24994.8,0,84949.13,3539.5470833333334,5838.773,21,25382.53,1057.6054166666665,1374.047,0,0.14161133849173962,0.042313017774363734,0.18392435626610337
2015-04-06,599875.2,24994.8,24994.8,0,88610.546,3692.1060833333336,5505.009,21,40157.319,1673.2216250000001,2154.188,21,0.14771496804668707,0.06694278910013284,0.2146577571468199
2015-04-07,599875.2,24994.8,24994.8,0,84007.34300000001,3500.305958333334,4992.325,9,59345.326,2472.721916666667,3209.345,21,0.1400413669376564,0.09892945399309724,0.23897082093075364
2015-04-08,599875.2,24994.8,24994.8,0,84972.216,3540.509,6132.317,21,74069.709,3086.2378750000003,3775.933,21,0.14164982316321795,0.12347519784115098,0.2651250210043689
2015-04-09,599875.2,24994.8,24994.8,0,119723.753,4988.4897083333335,7352.727,21,107917.24900000001,4496.552041666667,5108.624,20,0.19958110120238343,0.17989950076282538,0.37948060196520883
2015-04-10,599875.2,24994.8,24994.8,0,108007.307,4500.304458333333,6784.697,21,126219.32700000002,5259.1386250000005,6067.769,23,0.1800496286560938,0.21040931013650843,0.39045893879260224
2015-04-11,599875.2,24994.8,24994.8,0,101864.737,4244.364041666667,6280.906,11,131246.324,5468.596833333333,5839.278,0,0.16980988212214806,0.21878938152469046,0.3885992636468385
2015-04-12,599875.2,24994.8,24994.8,0,60633.89,2526.412083333333,3896.668,21,57482.9,2395.1208333333334,4079.255,0,0.10107750745488396,0.0958247648844293,0.19690227233931326
2015-04-13,599875.2,24994.8,24994.8,0,70974.864,2957.286,4837.983,21,75177.602,3132.4000833333334,4200.597,21,0.11831604973834559,0.12532207032396073,0.2436381200623063
2015-04-14,599875.2,24994.8,24994.8,0,76465.74,3186.0725,4901.562,21,101563.932,4231.8305,5091.651,19,0.12746941363803674,0.1693084361547202,0.2967778497927569
2015-04-15,599875.2,24994.8,24994.8,0,89415.638,3725.6515833333337,5960.76,21,120960.435,5040.018125,5855.066,13,0.14905706720331163,0.20164266667466835,0.35069973387798
2015-04-16,599875.2,24994.8,24994.8,0,92225.897,3842.7457083333334,5657.878,11,132970.92799999999,5540.455333333332,5909.713,21,0.1537418066291122,0.22166431951179177,0.37540612614090396
2015-04-17,599875.2,24994.8,24994.8,0,101089.111,4212.046291666667,6369.82,21,137003.764,5708.4901666666665,5994.699,16,0.16851690318252865,0.22838711118579333,0.396904014368322
2015-04-18,599875.2,24994.8,24994.8,0,73352.726,3056.3635833333333,4257.8,0,100325.59400000001,4180.2330833333335,5001.852,10,0.12227997756866761,0.16724411010823587,0.28952408767690346
2015-04-19,599875.2,24994.8,24994.8,0,71491.687,2978.820291666667,6121.103,21,80183.894,3340.9955833333333,5137.625,22,0.11917760060759307,0.13366762619958286,0.2528452268071759
2015-04-20,599875.2,24994.8,24994.8,0,97186.846,4049.451916666667,5660.672,9,139003.797,5791.824874999999,6362.186,8,0.1620117751158908,0.2317211930081457,0.39373296812403646
2015-04-21,599875.2,24994.8,24994.8,0,74052.428,3085.5178333333333,4789.058,9,121155.72,5048.155,6032.509,21,0.1234463901824913,0.20196820938755264,0.3254145995700439
2015-04-22,599875.2,24994.8,24994.8,0,87078.737,3628.280708333333,6796.994,21,132502.123,5520.921791666667,6278.535,12,0.14516142190909043,0.22088281529224746,0.3660442372013379
2015-04-23,599875.2,24994.8,24994.8,0,109238.842,4551.618416666667,6803.817,21,153082.208,6378.425333333334,6824.716,21,0.18210261401038086,0.2551900928726509,0.43729270688303173
2015-04-24,599875.2,24994.8,24994.8,0,92013.624,3833.901,5779.883,10,159929.801,6663.741708333334,6992.738,21,0.15338794469249603,0.2666051221987507,0.4199930668912467
2015-04-25,599875.2,24994.8,24994.8,0,66618.056,2775.7523333333334,3992.779,10,75417.758,3142.4065833333334,4805.822,0,0.11105319239735198,0.12572241359536118,0.23677560599271316
2015-04-26,599875.2,24994.8,24994.8,0,66627.98,2776.165833333333,4210.419,21,59895.096999999994,2495.6290416666666,2809.764,0,0.11106973583838772,0.09984592962002763,0.21091566545841534
2015-04-27,599875.2,24994.8,24994.8,0,80405.079,3350.211625,5585.637,21,83643.152,3485.1313333333333,4419.517,12,0.13403634455966842,0.1394342556585103,0.2734706002181787
2015-04-28,599875.2,24994.8,24994.8,0,102725.409,4280.225375,6948.108,21,140681.125,5861.713541666667,6820.103,9,0.17124463388384786,0.23451732126949074,0.40576195515333857
2015-04-29,599875.2,24994.8,24994.8,0,106541.21900000001,4439.2174583333335,6281.762,9,168284.593,7011.858041666666,7265.375,17,0.17760564030651713,0.2805326724625389,0.45813831276905603
2015-04-30,599875.2,24994.8,24994.8,0,93993.129,3916.380375,6258.457,9,165730.172,6905.423833333333,7112.381,0,0.15668780606366126,0.2762744184123631,0.4329622244760244
2015-05-01,599875.2,24994.8,24994.8,0,69939.409,2914.1420416666665,5569.502,21,59403.315,2475.138125,4454.038,0,0.11658993237260018,0.09902612243346617,0.21561605480606635
2015-05-02,599875.2,24994.8,24994.8,0,73690.995,3070.4581249999997,5079.364,21,62219.137,2592.4640416666666,2977.927,0,0.12284387652631748,0.10372013545484128,0.22656401198115877
2015-05-03,599875.2,24994.8,24994.8,0,87788.786,3657.866083333333,7116.931,22,57057.98199999999,2377.4159166666664,2989.389,23,0.14634508311062033,0.09511642088221016,0.2414615039928305
2015-05-04,599875.2,24994.8,24994.8,0,97608.694,4067.0289166666666,5490.065,9,79448.478,3310.35325,3719.893,13,0.16271500138695516,0.13244167786899677,0.2951566792559519
2015-05-05,599875.2,24994.8,24994.8,0,121314.503,5054.7709583333335,7188.242,21,113734.353,4738.931375,5985.158,21,0.20223290277711098,0.18959669111175126,0.39182959388886224
2015-05-06,599875.2,24994.8,24994.8,0,136980.701,5707.529208333333,7764.299,21,155081.286,6461.720249999999,6813.522,23,0.22834866485562333,0.258522582697201,0.48687124755282435
2015-05-07,599875.2,24994.8,24994.8,0,116548.325,4856.180208333333,6016.69,8,136212.956,5675.539833333333,6622.367,0,0.19428762015832626,0.22706882364865227,0.42135644380697856
2015-05-08,599875.2,24994.8,24994.8,0,113811.616,4742.150666666666,7042.398,21,81344.153,3389.3397083333334,4355.128,21,0.1897254895684969,0.13560179350638268,0.32532728307487957
2015-05-09,599875.2,24994.8,24994.8,0,126704.339,5279.347458333334,7262.043,21,110199.133,4591.630541666666,4710.699,10,0.21121783164231497,0.18370343198051864,0.39492126362283364
2015-05-10,599875.2,24994.8,24994.8,0,107451.076,4477.128166666666,7038.427,21,65759.822,2739.992583333333,3831.314,0,0.17912238412256418,0.10962250481433472,0.28874488893689887
2015-05-11,599875.2,24994.8,24994.8,0,125818.986,5242.4577500000005,7253.202,21,127909.29499999998,5329.553958333333,5897.345,21,0.20974193632275515,0.21322650944729837,0.42296844577005355
2015-05-12,599875.2,24994.8,24994.8,0,131584.206,5482.67525,7482.96,10,140997.863,5874.910958333334,5971.585,9,0.21935263534815244,0.23504532776150777,0.4543979631096602
2015-05-13,599875.2,24994.8,24994.8,0,125404.511,5225.187958333333,7381.938,10,128793.82500000001,5366.409375,5943.743,21,0.20905100094152917,0.21470103281482553,0.42375203375635473
2015-05-14,599875.2,24994.8,24994.8,0,112691.206,4695.466916666667,8332.83,9,87300.718,3637.5299166666664,4915.968,0,0.1878577510788911,0.14553146721184673,0.33338921829073787
2015-05-15,599875.2,24994.8,24994.8,0,87587.127,3649.463625,4916.023,12,58239.763999999996,2426.656833333333,2756.512,0,0.14600891485428968,0.09708646731853558,0.24309538217282528
2015-05-16,599875.2,24994.8,24994.8,0,82511.847,3437.9936249999996,5421.964,21,33835.174,1409.7989166666666,2230.976,0,0.13754835505785204,0.05640368863390252,0.19395204369175456
2015-05-17,599875.2,24994.8,24994.8,0,67540.303,2814.179291666667,5861.295,22,23218.608,967.442,1537.001,23,0.11259059050949265,0.03870573079200474,0.1512963213014974
2015-05-18,599875.2,24994.8,24994.8,0,122667.47400000002,5111.14475,7350.213,13,92138.424,3839.101,4605.835,10,0.20448832357130287,0.15359598796549684,0.3580843115367997
2015-05-19,599875.2,24994.8,24994.8,0,91280.482,3803.353416666667,6107.357,9,78084.043,3253.501791666667,3855.918,0,0.15216578715039397,0.13016714643312477,0.28233293358351874
2015-05-20,599875.2,24994.8,24994.8,0,94934.548,3955.6061666666665,6508.603,11,83984.433,3499.351375,3821.997,10,0.1582571641568113,0.1400031756605374,0.2982603398173487
2015-05-21,599875.2,24994.8,24994.8,0,88171.505,3673.8127083333334,5935.039,21,68565.844,2856.9101666666666,3342.666,14,0.14698308081414269,0.11430018110433637,0.26128326191847906
2015-05-22,599875.2,24994.8,24994.8,0,82288.292,3428.6788333333334,5585.559,12,57059.038,2377.4599166666667,2946.195,8,0.13717568587599555,0.09511818124836634,0.2322938671243619
2015-05-23,599875.2,24994.8,24994.8,0,64922.823000000004,2705.1176250000003,4102.92,22,46944.877,1956.0365416666666,2191.048,0,0.10822721626098229,0.07825773927643617,0.18648495553741845
2015-05-24,599875.2,24994.8,24994.8,0,56555.95,2356.4979166666667,3914.252,22,42721.081,1780.0450416666665,2055.451,22,0.09427952680824278,0.07121661472252895,0.16549614153077175
2015-05-25,599875.2,24994.8,24994.8,0,93131.263,3880.469291666667,6201.933,10,67584.228,2816.0095,3444.198,22,0.15525106388795537,0.11266381407332726,0.26791487796128266
2015-05-26,599875.2,24994.8,24994.8,0,80354.395,3348.099791666667,4765.385,10,78546.44,3272.7683333333334,3456.25,10,0.13395185365222634,0.13093796843076694,0.2648898220829933
2015-05-27,599875.2,24994.8,24994.8,0,84366.113,3515.2547083333334,5464.613,13,104943.30799999999,4372.637833333333,5390.55,17,0.14063944133713147,0.17494190124879308,0.3155813425859245
2015-05-28,599875.2,24994.8,24994.8,0,95314.673,3971.444708333333,5862.468,12,138627.382,5776.140916666667,6114.534,16,0.15889083762755987,0.2310937041571314,0.3899845417846913
2015-05-29,599875.2,24994.8,24994.8,0,95161.87299999999,3965.078041666666,6841.594,9,146294.16,6095.59,6577.779,13,0.15863611797920635,0.24387432585977886,0.4025104438389852
2015-05-30,599875.2,24994.8,24994.8,0,73214.605,3050.6085416666665,5347.886,10,143946.358,5997.764916666667,6273.691,0,0.12204972801009277,0.2399605084524248,0.36201023646251757
2015-05-31,599875.2,24994.8,24994.8,0,59539.115999999995,2480.7965,5414.589,22,135693.895,5653.9122916666665,6375.647,22,0.09925250452094035,0.22620354200340337,0.32545604652434373
2015-06-01,599875.2,24994.8,24994.8,0,96435.33,4018.13875,5880.105,11,178613.855,7442.2439583333335,8185.458,22,0.16075898786947687,0.29775169068499585,0.4585106785544727
2015-06-02,599875.2,24994.8,24994.8,0,107144.949,4464.372875,6405.11,12,194443.356,8101.8065,8355.896,18,0.17861206630979243,0.3241396810536592,0.5027517473634516
2015-06-03,599875.2,24994.8,24994.8,0,97711.146,4071.2977499999997,5977.867,12,193595.472,8066.478,8405.125,12,0.16288579024437083,0.3227262470593884,0.48561203730375924
2015-06-04,599875.2,24994.8,24994.8,0,89546.696,3731.112333333333,5034.282,12,182651.835,7610.493125,7857.947,0,0.14927554264620374,0.304483057475955,0.45375860012215874
2015-06-05,599875.2,24994.8,24994.8,0,89785.546,3741.0644166666666,5862.676,12,177585.984,7399.416,7822.633,7,0.1496737087980967,0.2960382159489174,0.44571192474701404
2015-06-06,599875.2,24994.8,24994.8,0,76107.889,3171.1620416666665,4982.676,13,150013.382,6250.557583333334,6967.896,0,0.12687287122388125,0.25007431879164205,0.3769471900155233
2015-06-07,599875.2,24994.8,24994.8,0,67418.71,2809.112916666667,5043.87,22,125238.077,5218.2532083333335,5714.126,0,0.11238789334848318,0.2087735532324057,0.32116144658088885
2015-06-08,599875.2,24994.8,24994.8,0,86486.429,3603.6012083333335,5055.382,11,172057.117,7169.046541666667,8062.445,13,0.1441740365329322,0.28682152054293963,0.43099555707587184
2015-06-09,599875.2,24994.8,24994.8,0,86740.35,3614.18125,5498.661,12,187034.896,7793.120666666667,8390.787,22,0.14459732624385874,0.311789678919882,0.45638700516374076
2015-06-10,599875.2,24994.8,24994.8,0,94163.78199999999,3923.490916666666,5954.701,21,178185.781,7424.4075416666665,8209.765,0,0.15697228690234236,0.29703808558846906,0.45401037249081144
2015-06-11,599875.2,24994.8,24994.8,0,101702.247,4237.593625,6704.465,10,179176.196,7465.6748333333335,7846.591,12,0.16953900911389572,0.2986891206704328,0.4682281297843285
2015-06-12,599875.2,24994.8,24994.8,0,94513.981,3938.0825416666667,5570.145,9,188541.426,7855.89275,8151.217,9,0.1575560733299193,0.31430108462560213,0.4718571579555214
2015-06-13,599875.2,24994.8,24994.8,0,74550.405,3106.266875,4629.417,10,166267.202,6927.800083333333,7668.719,0,0.12427652451709957,0.2771696546214946,0.4014461791385942
2015-06-14,599875.2,24994.8,24994.8,0,69579.578,2899.1490833333332,5976.436,22,159872.537,6661.3557083333335,7798.501,14,0.1159900892719019,0.26650966234310075,0.38249975161500266
2015-06-15,599875.2,24994.8,24994.8,0,87451.822,3643.8259166666667,5841.357,10,185516.396,7729.849833333334,8367.541,13,0.14578335960546462,0.3092583190636986,0.45504167866916323
2015-06-16,599875.2,24994.8,24994.8,0,67589.508,2816.2295,4314.059,12,174798.853,7283.285541666667,8053.925,8,0.11267261590410807,0.2913920312091582,0.4040646471132663
2015-06-17,599875.2,24994.8,24994.8,0,63621.107,2650.8794583333333,3453.936,10,139565.827,5815.242791666667,6841.242,22,0.10605723823888703,0.23265810455241356,0.3387153427913006
2015-06-18,599875.2,24994.8,24994.8,0,67676.852,2819.8688333333334,3942.056,22,144322.621,6013.442541666667,6972.044,17,0.11281821952299412,0.24058774391740154,0.35340596344039565
2015-06-19,599875.2,24994.8,24994.8,0,64881.441000000006,2703.393375,4234.739,12,151040.007,6293.333625,6995.024,11,0.10815823191223777,0.25178571642901726,0.35994394834125504
2015-06-20,599875.2,24994.8,24994.8,0,65890.372,2745.432166666667,4104.327,13,138547.804,5772.8251666666665,6546.005,20,0.10984013341441688,0.23096104656435207,0.34080117997876896
2015-06-21,599875.2,24994.8,24994.8,0,67643.282,2818.4700833333336,5358.578,22,156465.844,6519.4101666666675,7225.855,23,0.112762257882973,0.26083065944383105,0.37359291732680405
2015-06-22,599875.2,24994.8,24994.8,0,105318.04000000001,4388.251666666667,6616.647,13,196109.778,8171.24075,8663.929,18,0.17556658451624607,0.3269176288668043,0.5024842133830504
2015-06-23,599875.2,24994.8,24994.8,0,80526.239,3355.2599583333335,5577.756,9,203203.996,8466.833166666667,8821.361,7,0.13423831990387336,0.3387437853740245,0.47298210527789786
2015-06-24,599875.2,24994.8,24994.8,0,82022.839,3417.618291666667,5072.713,12,199547.144,8314.464333333333,8720.556,15,0.13673317216647732,0.3326477640682596,0.46938093623473687
2015-06-25,599875.2,24994.8,24994.8,0,94440.23,3935.009583333333,5533.047,11,203371.80799999996,8473.825333333332,8631.846,21,0.15743312942425358,0.33902353022762066,0.49645665965187424
2015-06-26,599875.2,24994.8,24994.8,0,93019.083,3875.795125,5948.637,12,201208.826,8383.701083333333,8872.372,12,0.15506405832413142,0.3354178102378628,0.49048186856199427
2015-06-27,599875.2,24994.8,24994.8,0,86957.436,3623.2265,5267.378,12,189667.865,7902.827708333333,8090.89,13,0.14495921151599533,0.31617887353902946,0.4611380850550248
2015-06-28,599875.2,24994.8,24994.8,0,62276.867,2594.869458333333,4471.268,22,192912.347,8038.014458333334,8476.711,13,0.10381637213873819,0.32158746852678693,0.4254038406655251
2015-06-29,599875.2,24994.8,24994.8,0,91919.738,3829.9890833333334,5957.915,10,202907.355,8454.473125,8639.303,22,0.1532314354719115,0.33824928085041694,0.4914807163223285
2015-06-30,599875.2,24994.8,24994.8,0,84172.919,3507.2049583333333,5615.432,10,211624.96000000002,8817.706666666667,9012.576,19,0.14031738434927798,0.3527816452488785,0.4930990295981565
2015-07-01,599875.2,24994.8,24994.8,0,72874.236,3036.4265,5066.265,9,210778.939,8782.455791666667,9066.652,20,0.12148232832429147,0.35137131690058204,0.4728536452248735
2015-07-02,599875.2,24994.8,24994.8,0,84504.245,3521.010208333333,5515.126,10,206272.48199999996,8594.686749999999,8821.566,21,0.14086970923285377,0.3438589926704754,0.4847287019033292
2015-07-03,599875.2,24994.8,24994.8,0,68060.505,2835.8543750000003,4989.339,10,194458.266,8102.42775,8455.632,0,0.11345777421703716,0.3241645362235345,0.4376223104405717
2015-07-04,599875.2,24994.8,24994.8,0,64279.963,2678.331791666667,4587.6,12,189028.037,7876.1682083333335,8148.27,14,0.10715556002315149,0.31511227168584405,0.4222678317089955
2015-07-05,599875.2,24994.8,24994.8,0,56531.994999999995,2355.4997916666666,4797.42,22,182500.084,7604.170166666667,8407.08,23,0.09423959350211511,0.3042300865246638,0.39846968002677896
2015-07-06,599875.2,24994.8,24994.8,0,87421.074,3642.5447499999996,5390.906,12,205419.644,8559.151833333333,8890.482,22,0.14573210227727368,0.34243730029179403,0.4881694025690677
2015-07-07,599875.2,24994.8,24994.8,0,95289.612,3970.4004999999997,6019.985,12,203695.801,8487.325041666667,8896.931,0,0.15884906060460577,0.3395636309018943,0.4984126915065
2015-07-08,599875.2,24994.8,24994.8,0,68042.778,2835.1157500000004,4436.482,11,197191.48199999996,8216.311749999999,8513.999,9,0.11342822307039867,0.3287208439355386,0.44214906700593726
2015-07-09,599875.2,24994.8,24994.8,0,73158.729,3048.2803750000003,4879.854,22,195156.34100000001,8131.514208333334,8605.488,14,0.12195658196904959,0.3253282366065475,0.4472848185755971
2015-07-10,599875.2,24994.8,24994.8,0,71991.517,2999.646541666667,4719.053,10,203780.679,8490.861625,8646.971,2,0.12001082391804165,0.33970512366572253,0.45971594758376416
2015-07-11,599875.2,24994.8,24994.8,0,58062.24900000001,2419.2603750000003,4488.221,13,189454.619,7893.942458333334,8229.691,1,0.09679054743386627,0.3158233895983698,0.4126139370322361
2015-07-12,599875.2,24994.8,24994.8,0,53058.119000000006,2210.7549583333334,4477.879,22,181384.293,7557.6788750000005,7928.917,18,0.08844859564122673,0.3023700479699778,0.39081864361120455
2015-07-13,599875.2,24994.8,24994.8,0,75251.832,3135.493,5289.659,14,189804.726,7908.53025,8184.608,13,0.12544581272904765,0.31640702266071347,0.4418528353897611
2015-07-14,599875.2,24994.8,24994.8,0,74410.52,3100.4383333333335,5671.303,13,195130.478,8130.436583333333,8550.228,13,0.1240433343468775,0.32528512263884224,0.44932845698571977
2015-07-15,599875.2,24994.8,24994.8,0,75084.503,3128.520958333333,5159.609,13,199043.907,8293.496125,8628.113,23,0.12516687304292626,0.33180886124313863,0.45697573428606486
2015-07-16,599875.2,24994.8,24994.8,0,69013.477,2875.5615416666665,4720.645,12,198777.55700000003,8282.398208333334,8727.351,1,0.11504639131606041,0.3313648522225957,0.44641124353865613
2015-07-17,599875.2,24994.8,24994.8,0,74548.784,3106.1993333333335,5262.462,12,202899.94299999997,8454.164291666666,8540.755,9,0.12427382228836932,0.33823692494705565,0.46251074723542496
2015-07-18,599875.2,24994.8,24994.8,0,55285.825,2303.5760416666667,3773.396,23,188573.249,7857.218708333334,8203.059,10,0.09216221140663924,0.31435413399320394,0.40651634539984316
2015-07-19,599875.2,24994.8,24994.8,0,49627.679000000004,2067.8199583333335,4764.143,22,184123.268,7671.802833333334,8639.792,23,0.08273000617461766,0.30693595601218393,0.3896659621868016
2015-07-20,599875.2,24994.8,24994.8,0,79658.43,3319.1012499999997,5546.498,13,205353.599,8556.399958333333,8683.987,8,0.13279167066749883,0.3423272023914308,0.47511887305892964
2015-07-21,599875.2,24994.8,24994.8,0,71971.297,2998.8040416666668,4868.627,12,201043.887,8376.828625,8647.807,0,0.11997711690698334,0.33514285471378047,0.4551199716207638
2015-07-22,599875.2,24994.8,24994.8,0,65330.459,2722.1024583333333,4756.574,12,186668.588,7777.857833333333,8124.715,0,0.10890675093752836,0.3111790385733566,0.42008578951088493
2015-07-23,599875.2,24994.8,24994.8,0,76562.867,3190.119458333333,5105.593,13,194468.665,8102.861041666667,8702.513,22,0.12763132564906834,0.32418187149593786,0.45181319714500623
2015-07-24,599875.2,24994.8,24994.8,0,54572.81300000001,2273.8672083333336,4347.575,12,201689.29699999996,8403.720708333332,8737.241,14,0.09097361084438899,0.33621876183579513,0.4271923726801841
2015-07-25,599875.2,24994.8,24994.8,0,43327.182,1805.29925,3558.5,22,174321.665,7263.402708333334,8641.692,23,0.07222699321458864,0.29059655241623594,0.3628235456308246
2015-07-26,599875.2,24994.8,24994.8,0,42361.092,1765.0455,3488.852,22,169820.617,7075.859041666667,8511.42,0,0.07061650823371261,0.2830932450616395,0.35370975329535215
2015-07-27,599875.2,24994.8,24994.8,0,59546.85800000001,2481.1190833333335,4125.681,13,191744.419,7989.350791666667,8800.645,22,0.09926541053872541,0.31964051689418066,0.41890592743290606
2015-07-28,599875.2,24994.8,24994.8,0,65306.588,2721.1078333333335,4740.451,12,201230.94799999997,8384.622833333333,8559.364,0,0.10886695766052673,0.33545468790841826,0.444321645568945
2015-07-29,599875.2,24994.8,24994.8,0,67057.481,2794.061708333333,5060.604,12,208693.816,8695.575666666666,8872.358,10,0.11178571976304405,0.34789538890755944,0.4596811086706035
2015-07-30,599875.2,24994.8,24994.8,0,50975.664,2123.986,3629.868,12,205738.86,8572.4525,9158.52,14,0.08497711523996991,0.34296943764302973,0.42794655288299965
2015-07-31,599875.2,24994.8,24994.8,0,56927.517,2371.979875,4088.887,12,198330.053,8263.752208333333,9077.958,10,0.09489893397826749,0.33061885705560096,0.42551779103386844
2015-08-01,599875.2,24994.8,24994.8,0,54965.982,2290.2492500000003,3745.01,22,176676.759,7361.531625,8147.414,13,0.09162902883799831,0.29452252568534254,0.3861515545233408
2015-08-02,599875.2,24994.8,24994.8,0,49382.138,2057.5890833333333,4360.42,22,127231.74600000001,5301.32275,6809.05,22,0.08232068603602884,0.21209702618144577,0.2944177122174746
2015-08-03,599875.2,24994.8,24994.8,0,63885.483,2661.895125,4767.387,10,186503.78100000002,7770.990875,8888.047,19,0.1064979565749676,0.3109043030950438,0.41740225967001143
2015-08-04,599875.2,24994.8,24994.8,0,72502.066,3020.919416666667,4521.015,22,206042.53999999998,8585.105833333333,8887.894,14,0.12086191594518328,0.34347567627399833,0.4643375922191816
2015-08-05,599875.2,24994.8,24994.8,0,79045.51699999999,3293.563208333333,4972.036,22,201456.32800000004,8394.013666666668,8854.427,9,0.1317699364801212,0.3358303993897398,0.467600335869861
2015-08-06,599875.2,24994.8,24994.8,0,78061.808,3252.5753333333337,4827.637,13,190384.007,7932.666958333334,8090.048,11,0.13013008039005447,0.31737269185323885,0.4475027722432933
2015-08-07,599875.2,24994.8,24994.8,0,74597.202,3108.21675,5513.643,13,177559.994,7398.333083333334,7745.592,16,0.12435453574343465,0.2959948902705096,0.42034942601394426
2015-08-08,599875.2,24994.8,24994.8,0,61920.748999999996,2580.0312083333333,4516.631,12,154496.82200000001,6437.367583333334,6888.072,12,0.10322271865881437,0.2575482733741952,0.3607709920330096
2015-08-09,599875.2,24994.8,24994.8,0,47588.748,1982.8645,3800.584,22,126442.04199999999,5268.418416666666,6686.348,22,0.0793310808648199,0.2107805790271043,0.29011165989192417
2015-08-10,599875.2,24994.8,24994.8,0,60050.935,2502.1222916666666,3911.272,13,180665.261,7527.719208333333,8256.124,21,0.10010571365510693,0.3011714119870267,0.4012771256421336
2015-08-11,599875.2,24994.8,24994.8,0,57978.806,2415.7835833333334,3887.664,12,195678.867,8153.286125,8555.796,22,0.09665144683427486,0.3261992944532463,0.42285074128752115
2015-08-12,599875.2,24994.8,24994.8,0,53402.26,2225.0941666666668,3617.311,11,199392.25899999996,8308.010791666666,8610.276,10,0.08902228330159341,0.3323895686969556,0.42141185199854897
2015-08-13,599875.2,24994.8,24994.8,0,41536.396,1730.6831666666667,2481.808,12,148178.257,6174.094041666667,7659.87,0,0.0692417289462875,0.24701514081595644,0.31625686976224393
2015-08-14,599875.2,24994.8,24994.8,0,43804.735,1825.1972916666666,2971.556,12,152705.175,6362.715625,7546.576,21,0.0730230804674039,0.25456157380735195,0.32758465427475586
2015-08-15,599875.2,24994.8,24994.8,0,41603.448000000004,1733.477,2887.596,22,134015.5,5583.979166666667,7099.165,0,0.06935350552915008,0.22340563503875474,0.2927591405679048
2015-08-16,599875.2,24994.8,24994.8,0,41389.845,1724.576875,3648.631,21,137041.906,5710.0794166666665,6609.978,0,0.06899742646470466,0.22845069441110416,0.29744812087580885
2015-08-17,599875.2,24994.8,24994.8,0,47640.779,1985.0324583333334,3283.465,13,178641.54,7443.3975,8628.259,12,0.07941781723931912,0.29779784195112585,0.377215659190445
2015-08-18,599875.2,24994.8,24994.8,0,42993.632,1791.4013333333332,2928.298,13,183957.17,7664.882083333334,8599.015,14,0.07167096089319912,0.30665906841956464,0.37833002931276377
2015-08-19,599875.2,24994.8,24994.8,0,51922.171,2163.4237916666666,3353.796,21,189317.457,7888.2273749999995,8589.296,10,0.08655495509732693,0.3155947387056508,0.4021496938029777
2015-08-20,599875.2,24994.8,24994.8,0,56364.960999999996,2348.5400416666666,3884.254,21,199381.189,8307.549541666667,8646.405,22,0.09396114558494834,0.3323711148585573,0.42633226044350564
2015-08-21,599875.2,24994.8,24994.8,0,60799.397,2533.3082083333334,4187.609,10,203482.267,8478.427791666667,8708.682,12,0.1013534098425806,0.3392076668613738,0.4405610767039544
2015-08-22,599875.2,24994.8,24994.8,0,39262.283,1635.9284583333335,2675.591,10,172084.95500000002,7170.206458333334,8553.332,12,0.06545075208976801,0.2868679268621207,0.35231867895188873
2015-08-23,599875.2,24994.8,24994.8,0,33827.917,1409.4965416666666,2629.037,21,47741.642,1989.2350833333333,4423.895,0,0.056391591117619135,0.07958595721243353,0.13597754833005266
2015-08-24,599875.2,24994.8,24994.8,0,41990.532,1749.6055,4240.803,21,117598.698,4899.94575,6971.645,22,0.0699987797461872,0.19603860603005427,0.2660373857762415
2015-08-25,599875.2,24994.8,24994.8,0,49376.431,2057.3512916666664,3029.204,13,180857.722,7535.738416666667,8238.552,14,0.08231117239052389,0.301492247054054,0.38380341944457785
2015-08-26,599875.2,24994.8,24994.8,0,43432.226,1809.6760833333335,3765.664,21,164113.05,6838.04375,8381.116,21,0.07240210297075125,0.2735786543601069,0.3459807573308582
2015-08-27,599875.2,24994.8,24994.8,0,44174.208,1840.5919999999999,4178.021,21,168646.812,7026.9505,8389.492,22,0.07363899691135757,0.28113649639124944,0.354775493302607
2015-08-28,599875.2,24994.8,24994.8,0,59400.111000000004,2475.004625,4048.64,12,192253.805,8010.575208333333,8297.783,7,0.0990207813225151,0.3204896701847318,0.41951045150724686
2015-08-29,599875.2,24994.8,24994.8,0,39885.567,1661.898625,3194.693,21,156622.925,6525.955208333333,7680.371,0,0.06648977487317363,0.26109251557657326,0.3275822904497469
2015-08-30,599875.2,24994.8,24994.8,0,41139.024,1714.126,3221.883,21,148150.359,6172.931625,7103.081,16,0.06857930449533503,0.246968634475971,0.31554793897130606
2015-08-31,599875.2,24994.8,24994.8,0,69492.39,2895.51625,4674.628,11,194249.312,8093.721333333334,8828.378,17,0.11584474570710708,0.32381620710441106,0.4396609528115181
2015-09-01,599875.2,24994.8,24994.8,0,63233.299,2634.7207916666666,3774.834,10,200331.97599999997,8347.165666666666,8790.241,10,0.10541075710414434,0.33395608953328954,0.43936684663743386
2015-09-02,599875.2,24994.8,24994.8,0,56822.672999999995,2367.611375,4114.639,9,200061.537,8335.897375,8853.127,13,0.09472415762478595,0.3335052640949318,0.4282294217197178
2015-09-03,599875.2,24994.8,24994.8,0,53976.173,2249.0072083333334,3859.676,12,182166.699,7590.279125,8489.131,13,0.08997900396615831,0.3036743292604862,0.39365333322664453
2015-09-04,599875.2,24994.8,24994.8,0,51679.339,2153.3057916666667,4123.076,13,169005.749,7041.906208333334,8179.092,10,0.08615015089805347,0.28173484918196323,0.3678850000800167
2015-09-05,599875.2,24994.8,24994.8,0,52413.193999999996,2183.883083333333,3959.541,21,150265.012,6261.042166666666,7167.486,21,0.08737349702071365,0.2504937893748566,0.3378672863955703
2015-09-06,599875.2,24994.8,24994.8,0,41424.814,1726.0339166666665,4042.078,21,142630.659,5942.944125000001,6772.897,21,0.06905572025648002,0.23776722058188107,0.3068229408383611
2015-09-07,599875.2,24994.8,24994.8,0,63553.494999999995,2648.0622916666666,4317.989,12,173889.794,7245.408083333333,8089.521,17,0.1059445281285174,0.28987661766980866,0.39582114579832606
2015-09-08,599875.2,24994.8,24994.8,0,61944.03199999999,2581.001333333333,4069.587,11,191393.816,7974.742333333333,8408.91,21,0.10326153173193357,0.31905605699318795,0.42231758872512154
2015-09-09,599875.2,24994.8,24994.8,0,64335.25199999999,2680.6355,4717.168,21,194172.702,8090.52925,8448.974,21,0.10724772752732568,0.32368849720741916,0.43093622473474485
2015-09-10,599875.2,24994.8,24994.8,0,60215.549,2508.981208333333,4333.159,10,197768.76,8240.365,8448.181,11,0.1003801273998325,0.32968317410021286,0.43006330150004535
2015-09-11,599875.2,24994.8,24994.8,0,41290.078,1720.4199166666667,3384.389,10,178017.612,7417.4005,8062.989,9,0.06883111353828264,0.29675774561108714,0.3655888591493698
2015-09-12,599875.2,24994.8,24994.8,0,44698.5,1862.4375,3564.714,11,143413.17,5975.548750000001,7148.378,12,0.07451299870373038,0.23907167690879708,0.31358467561252745
2015-09-13,599875.2,24994.8,24994.8,0,31920.131,1330.0054583333333,3277.714,21,50229.332,2092.8888333333334,4209.0,0,0.05321128628087976,0.08373296979104988,0.13694425607192964
2015-09-14,599875.2,24994.8,24994.8,0,49443.380000000005,2060.1408333333334,4163.353,21,95943.54400000001,3997.647666666667,5794.978,21,0.08242277727100572,0.1599391740148618,0.24236195128586752
2015-09-15,599875.2,24994.8,24994.8,0,44114.155,1838.0897916666665,3326.1,9,95520.19499999999,3980.008125,4900.075,0,0.07353888775531978,0.1592334455566758,0.23277233331199557
2015-09-16,599875.2,24994.8,24994.8,0,40603.197,1691.799875,3692.202,21,62722.453,2613.4355416666667,3333.981,21,0.0676860737033303,0.10455916997402127,0.17224524367735156
2015-09-17,599875.2,24994.8,24994.8,0,52829.501000000004,2201.2292083333336,4409.568,21,120204.01000000001,5008.500416666667,6722.24,21,0.08806748637049841,0.20038169605944706,0.28844918242994544
2015-09-18,599875.2,24994.8,24994.8,0,58880.853,2453.368875,3953.927,9,160149.315,6672.888125,7136.895,8,0.09815517127562534,0.26697105497943574,0.3651262262550611
2015-09-19,599875.2,24994.8,24994.8,0,51662.064,2152.586,4173.825,21,123523.30299999999,5146.804291666666,5729.866,20,0.08612135324147423,0.20591500198707996,0.2920363552285542
2015-09-20,599875.2,24994.8,24994.8,0,47009.045,1958.7102083333332,4527.33,21,121852.039,5077.168291666667,6573.714,21,0.07836470819263741,0.20312898249502565,0.28149369068766306
2015-09-21,599875.2,24994.8,24994.8,0,59547.797,2481.1582083333333,4404.705,20,174962.553,7290.106375,7867.286,9,0.09926697586431311,0.2916649213036312,0.3909318971679443
2015-09-22,599875.2,24994.8,24994.8,0,53550.77799999999,2231.2824166666664,4090.988,9,151606.603,6316.941791666667,7317.03,9,0.08926986479854476,0.25273023955649443,0.3420001043550392
2015-09-23,599875.2,24994.8,24994.8,0,50961.008,2123.3753333333334,3967.15,20,152816.866,6367.369416666667,7490.717,9,0.08495268349149958,0.25474776420162065,0.33970044769312024
2015-09-24,599875.2,24994.8,24994.8,0,64288.873999999996,2678.7030833333333,5008.909,21,169552.151,7064.672958333334,7734.815,21,0.1071704147796075,0.28264570864073063,0.3898161234203381
2015-09-25,599875.2,24994.8,24994.8,0,61770.2,2573.758333333333,4545.583,20,175995.921,7333.163375,7719.373,7,0.10297175145763653,0.29338755961239943,0.39635931107003597
2015-09-26,599875.2,24994.8,24994.8,0,51872.746,2161.364416666667,3929.867,10,161446.563,6726.940125,7089.261,21,0.0864725629597623,0.2691335847856354,0.3556061477453977
2015-09-27,599875.2,24994.8,24994.8,0,44698.245,1862.426875,2916.527,22,118278.982,4928.290916666667,6171.178,0,0.074512573615312,0.19717264857757083,0.2716852221928828
2015-09-28,599875.2,24994.8,24994.8,0,56937.581999999995,2372.39925,4353.165,20,158816.615,6617.358958333333,8051.027,20,0.09491571246819339,0.26474942621398584,0.3596651386821792
2015-09-29,599875.2,24994.8,24994.8,0,64349.32299999999,2681.2217916666664,4294.487,10,182748.40899999999,7614.517041666666,8249.719,9,0.10727118407295383,0.3046440476285734,0.4119152317015272
2015-09-30,599875.2,24994.8,24994.8,0,69201.909,2883.412875,5049.051,20,188027.026,7834.4594166666675,8324.18,21,0.11536050998607711,0.3134435729298361,0.4288040829159132
2015-10-01,599875.2,24994.8,24994.8,0,69125.856,2880.244,4615.746,9,193453.235,8060.551458333332,8287.723,9,0.11523372861555205,0.32248913607363666,0.4377228646891887
2015-10-02,599875.2,24994.8,24994.8,0,61106.993,2546.1247083333333,4734.822,9,186577.998,7774.08325,8131.081,21,0.10186617649804494,0.31102802382895645,0.4128942003270014
2015-10-03,599875.2,24994.8,24994.8,0,53168.455,2215.3522916666666,4612.164,21,169731.92,7072.163333333334,7720.968,0,0.088632527232331,0.2829453859736159,0.3715779132059469
2015-10-04,599875.2,24994.8,24994.8,0,28210.474000000002,1175.4364166666667,2245.204,0,63238.25600000001,2634.9273333333335,6144.477,0,0.047027238332239776,0.10541902048959519,0.15244625882183496
2015-10-05,599875.2,24994.8,24994.8,0,36999.254,1541.6355833333334,3123.302,20,64762.31199999999,2698.4296666666664,3583.33,20,0.061678252409834586,0.10795964227225929,0.1696378946820939
2015-10-06,599875.2,24994.8,24994.8,0,47495.395000000004,1978.9747916666668,4934.962,21,98131.631,4088.817958333333,6807.378,21,0.07917546016238046,0.16358674437616358,0.24276220453854402
2015-10-07,599875.2,24994.8,24994.8,0,77726.41900000001,3238.600791666667,4755.143,9,192333.983,8013.915958333334,8474.455,20,0.12957098243101234,0.3206233279855544,0.4501943104165667
2015-10-08,599875.2,24994.8,24994.8,0,72461.067,3019.211125,4995.138,20,188459.363,7852.473458333334,8445.31,8,0.12079357006257302,0.31416428450451034,0.43495785456708336
2015-10-09,599875.2,24994.8,24994.8,0,69882.767,2911.7819583333335,4855.497,20,188870.848,7869.618666666666,8342.922,21,0.1164955093992884,0.31485023551565394,0.4313457449149424
2015-10-10,599875.2,24994.8,24994.8,0,50361.976,2098.4156666666668,4044.114,21,112492.03700000001,4687.1682083333335,7222.117,0,0.08395408911720306,0.18752573368594005,0.2714798228031431
2015-10-11,599875.2,24994.8,24994.8,0,44727.669,1863.652875,3724.19,21,88589.507,3691.2294583333332,4368.513,0,0.07456162381775411,0.1476798957516497,0.2222415195694038
2015-10-12,599875.2,24994.8,24994.8,0,46202.482,1925.1034166666668,3278.453,21,95259.829,3969.1595416666664,4352.682,13,0.0770201568592934,0.1587994119443511,0.23581956880364452
2015-10-13,599875.2,24994.8,24994.8,0,50072.78,2086.3658333333333,4300.516,19,123976.994,5165.708083333334,6380.634,12,0.08347199550839908,0.2066713109660143,0.2901433064744134
2015-10-14,599875.2,24994.8,24994.8,0,44337.548,1847.3978333333334,3914.709,20,137185.176,5716.049,6968.624,20,0.0739112868810046,0.22868952742170373,0.30260081430270835
2015-10-15,599875.2,24994.8,24994.8,0,64741.819,2697.5757916666666,5273.718,20,181479.758,7561.656583333333,8526.508,20,0.10792548016654133,0.30252918940472956,0.41045466957127086
2015-10-16,599875.2,24994.8,24994.8,0,72399.461,3016.644208333333,4968.945,9,197807.10499999998,8241.962708333333,8558.393,20,0.12069087203471655,0.329747095729245,0.45043796776396156
2015-10-17,599875.2,24994.8,24994.8,0,39920.097,1663.337375,3958.373,21,91064.853,3794.368875,6490.764,0,0.066547336846064,0.15180633071678912,0.21835366756285313
2015-10-18,599875.2,24994.8,24994.8,0,52409.194,2183.7164166666666,5038.936,20,95137.454,3964.0605833333334,4614.824,21,0.08736682896709183,0.15859541117885856,0.2459622401459504
2015-10-19,599875.2,24994.8,24994.8,0,72365.183,3015.2159583333337,5239.567,19,156741.719,6530.9049583333335,7512.929,20,0.12063373014920438,0.2612905467670609,0.3819242769162653
2015-10-20,599875.2,24994.8,24994.8,0,43161.154,1798.3814166666668,3463.519,20,137692.386,5737.18275,6723.047,12,0.07195022231290776,0.22953505329108456,0.3014852756039923
2015-10-21,599875.2,24994.8,24994.8,0,43528.087,1813.6702916666666,4539.703,20,139908.928,5829.538666666667,6908.414,20,0.07256190454281157,0.23323005851883863,0.3057919630616502
2015-10-22,599875.2,24994.8,24994.8,0,47071.69,1961.3204166666667,4251.836,20,152190.162,6341.2567500000005,7565.551,20,0.07846913824742215,0.2537030402323684,0.3321721784797905
2015-10-23,599875.2,24994.8,24994.8,0,81156.89199999999,3381.5371666666665,5238.482,9,173231.088,7217.9619999999995,7695.27,16,0.13528962690906374,0.28877854593755503,0.4240681728466188
2015-10-24,599875.2,24994.8,24994.8,0,56651.418000000005,2360.47575,4840.941,20,163201.159,6800.048291666667,7640.143,14,0.09443867324403478,0.2720585198387932,0.36649719308282797
2015-10-25,599875.2,24994.8,24994.8,0,33503.451839999994,1395.97716,3144.526,19,130195.44095999998,5424.810039999999,6403.346,19,0.05585070334629602,0.21703754540944514,0.27288824875574114
2015-10-26,599875.2,24994.8,24994.8,0,45872.602,1911.3584166666667,3956.906,19,143565.224,5981.8843333333325,7052.629,19,0.07647024247710191,0.23932515296515008,0.315795395442252
2015-10-27,599875.2,24994.8,24994.8,0,42380.881,1765.8700416666668,3530.465,19,132841.335,5535.055625,6528.927,19,0.07064949676199317,0.22144828624353866,0.2920977830055318
2015-10-28,599875.2,24994.8,24994.8,0,43238.019,1801.584125,4280.273,19,127106.888,5296.120333333333,6497.126,19,0.07207835729831806,0.21188888622166746,0.28396724351998553
2015-10-29,599875.2,24994.8,24994.8,0,55101.005000000005,2295.8752083333334,4479.571,19,139956.981,5831.540875,6746.842,13,0.09185411398904307,0.23331016351401093,0.325164277503054
2015-10-30,599875.2,24994.8,24994.8,0,55149.45300000001,2297.893875,4208.179,19,114529.39600000001,4772.058166666667,5743.068,19,0.09193487745451057,0.19092203845066444,0.28285691590517503
2015-10-31,599875.2,24994.8,24994.8,0,47932.012,1997.1671666666668,4680.422,19,116597.80500000002,4858.241875000001,6049.002,19,0.07990330655443,0.19437010398162824,0.27427341053605825
2015-11-01,599875.2,24994.8,24994.8,0,31575.085,1315.6285416666667,2232.802,20,51004.496,2125.1873333333333,4252.062,0,0.05263608997338113,0.08502517857047599,0.13766126854385713
2015-11-02,599875.2,24994.8,24994.8,0,53037.897,2209.912375,4787.857,18,108358.594,4514.941416666667,6344.823,17,0.0884148852961416,0.1806352287942559,0.2690501140903975
2015-11-03,599875.2,24994.8,24994.8,0,55447.015,2310.2922916666666,5127.109,18,143264.631,5969.359625,7986.98,19,0.09243091729746454,0.23882406040456416,0.3312549777020287
2015-11-04,599875.2,24994.8,24994.8,0,66004.296,2750.179,5525.269,18,170270.624,7094.609333333334,8104.215,16,0.11003004624961993,0.28384341276318814,0.39387345901280807
2015-11-05,599875.2,24994.8,24994.8,0,69196.674,2883.19475,6023.7,18,162122.836,6755.118166666667,7775.163,14,0.11535178317089956,0.27026094094238273,0.3856127241132823
2015-11-06,599875.2,24994.8,24994.8,0,73969.677,3082.0698749999997,5455.991,19,166024.412,6917.6838333333335,7671.614,20,0.12330844315617649,0.27676492043678425,0.40007336359296075
2015-11-07,599875.2,24994.8,24994.8,0,56573.797000000006,2357.2415416666668,4375.311,20,139538.169,5814.090375,6889.851,19,0.09430927799648996,0.2326119982956455,0.32692127629213547
2015-11-08,599875.2,24994.8,24994.8,0,42154.186,1756.4244166666667,5071.358,20,76698.963,3195.790125,4645.447,22,0.07027159315804354,0.12785819950549715,0.1981297926635407
2015-11-09,599875.2,24994.8,24994.8,0,82960.712,3456.6963333333333,6055.349,19,178691.968,7445.498666666666,8639.269,22,0.1382966190300916,0.29788190610313614,0.43617852513322775
2015-11-10,599875.2,24994.8,24994.8,0,86664.332,3611.013833333333,6204.928,19,193201.396,8050.058166666667,8597.498,8,0.14447060321880284,0.32206931708462033,0.4665399203034232
2015-11-11,599875.2,24994.8,24994.8,0,90885.763,3786.906791666667,6181.567,19,190531.899,7938.829125,8253.649,0,0.15150778528600617,0.3176192297997984,0.46912701508580457
2015-11-12,599875.2,24994.8,24994.8,0,88728.754,3697.0314166666667,5813.726,18,189800.352,7908.348000000001,8325.308,18,0.14791202236731907,0.316399731144078,0.4643117535113971
2015-11-13,599875.2,24994.8,24994.8,0,77123.113,3213.4630416666664,5427.081,10,192466.531,8019.4387916666665,8317.342,10,0.1285652632414209,0.32084428727842057,0.44940955051984144
2015-11-14,599875.2,24994.8,24994.8,0,51454.621,2143.942541666667,5066.683,20,164951.426,6872.976083333334,8024.377,20,0.08577554297960643,0.27497623839091867,0.3607517813705251
2015-11-15,599875.2,24994.8,24994.8,0,53425.09199999999,2226.0454999999997,5900.083,20,150925.062,6288.54425,7492.148,21,0.08906034455166674,0.2515941015731272,0.34065444612479395
2015-11-16,599875.2,24994.8,24994.8,0,79102.45,3295.9354166666667,6101.348,19,177950.476,7414.603166666667,8112.492,18,0.13186484455433398,0.29664582899909847,0.4285106735534324
2015-11-17,599875.2,24994.8,24994.8,0,75041.45999999999,3126.7274999999995,5374.976,19,182570.918,7607.121583333334,8076.765,22,0.12509511978491525,0.30434816775222584,0.4294432875371411
2015-11-18,599875.2,24994.8,24994.8,0,80646.903,3360.2876250000004,5849.247,19,185950.258,7747.927416666666,8133.659,13,0.1344394684094292,0.3099815728338161,0.44442104124324533
2015-11-19,599875.2,24994.8,24994.8,0,72528.697,3022.0290416666667,5194.658,20,185063.277,7710.969875,8159.983,11,0.12090631017918395,0.30850296361643226,0.4294092737956162
2015-11-20,599875.2,24994.8,24994.8,0,45184.756,1882.6981666666668,3735.615,10,141187.777,5882.824041666667,7376.008,0,0.07532359397421332,0.23536191694539133,0.3106855109196046
2015-11-21,599875.2,24994.8,24994.8,0,32045.125,1335.2135416666667,3180.613,20,30809.61,1283.73375,1958.099,0,0.0534196529544812,0.05136003288684047,0.10477968584132166
2015-11-22,599875.2,24994.8,24994.8,0,44402.570999999996,1850.1071249999998,4385.54,20,43540.072,1814.1696666666667,3250.709,23,0.07401968109366748,0.07258188369847596,0.14660156479214342
2015-11-23,599875.2,24994.8,24994.8,0,81949.504,3414.5626666666667,6229.13,18,142017.843,5917.410124999999,7345.08,22,0.13661092173838826,0.23674564809480372,0.373356569833192
2015-11-24,599875.2,24994.8,24994.8,0,81052.227,3377.176125,5439.19,8,181382.062,7557.585916666667,7869.941,12,0.1351151489509818,0.30236632886307024,0.43748147781405206
2015-11-25,599875.2,24994.8,24994.8,0,51109.34,2129.5558333333333,3930.433,19,159204.078,6633.503250000001,7629.577,19,0.08519995492395752,0.26539533222910366,0.3505952871530612
2015-11-26,599875.2,24994.8,24994.8,0,46107.201,1921.1333750000001,3970.69,19,172533.402,7188.89175,8401.71,19,0.07686132215500825,0.28761549402275677,0.364476816177765
2015-11-27,599875.2,24994.8,24994.8,0,61697.906,2570.7460833333334,4830.636,18,181037.373,7543.223875,8616.217,20,0.10285123639050257,0.3017917276793573,0.4046429640698599
2015-11-28,599875.2,24994.8,24994.8,0,41560.884,1731.7034999999998,3910.573,21,162920.097,6788.337375,7894.359,19,0.06928255077056028,0.2715899857170292,0.3408725364875895
2015-11-29,599875.2,24994.8,24994.8,0,46106.423,1921.1009583333334,5338.886,20,157146.855,6547.785625,7674.087,19,0.0768600252185788,0.26196591391009333,0.33882593912867215
2015-11-30,599875.2,24994.8,24994.8,0,74646.927,3110.2886249999997,5659.37,19,182892.39,7620.516250000001,8096.795,22,0.12443742798502089,0.30488406588570427,0.42932149387072516
2015-12-01,599875.2,24994.8,24994.8,0,86056.031,3585.6679583333334,5797.128,18,195477.849,8144.9103749999995,8347.458,16,0.14345655729725118,0.32586419475250855,0.46932075204975976
2015-12-02,599875.2,24994.8,24994.8,0,77363.692,3223.4871666666663,6281.678,18,200720.23600000003,8363.343166666667,8644.241,21,0.12896631165949185,0.33460332415809163,0.4635696358175835
2015-12-03,599875.2,24994.8,24994.8,0,46906.792,1954.4496666666666,3813.013,19,198511.96999999997,8271.332083333333,8568.048,22,0.07819425107088943,0.330922115133281,0.40911636620417047
2015-12-04,599875.2,24994.8,24994.8,0,71937.122,2997.3800833333335,5083.28,19,203083.825,8461.826041666667,8713.336,20,0.11992014672385191,0.33854345870607755,0.4584636054299295
2015-12-05,599875.2,24994.8,24994.8,0,44701.336,1862.5556666666669,3655.681,20,197801.46300000005,8241.727625000001,8616.084,0,0.07451772635374826,0.32973769043961154,0.4042554167933598
2015-12-06,599875.2,24994.8,24994.8,0,25674.455,1069.7689583333333,2551.544,20,168150.125,7006.255208333333,8141.295,18,0.04279966066275119,0.2803085125039342,0.3231081731666854
2015-12-07,599875.2,24994.8,24994.8,0,27157.024,1131.5426666666667,2908.908,19,164188.821,6841.2008749999995,8310.603,18,0.04527112306026321,0.2737049656328516,0.31897608869311483
2015-12-08,599875.2,24994.8,24994.8,0,39867.66,1661.1525000000001,4591.026,19,160893.999,6703.916625000001,7739.419,22,0.06645992366412215,0.2682124531902636,0.3346723768543858
2015-12-09,599875.2,24994.8,24994.8,0,58596.58,2441.5241666666666,5616.861,18,179090.693,7462.112208333333,8082.549,18,0.09768128437381643,0.2985465860232262,0.39622787039704266
2015-12-10,599875.2,24994.8,24994.8,0,58356.549,2431.522875,4964.599,20,188960.938,7873.372416666666,8361.963,8,0.09728114947909165,0.3150004167533514,0.41228156623244305
2015-12-11,599875.2,24994.8,24994.8,0,59502.814,2479.2839166666668,4872.803,20,189154.938,7881.45575,8082.305,12,0.09919198860029553,0.31532381735400966,0.4145158059543052
2015-12-12,599875.2,24994.8,24994.8,0,48368.787,2015.3661249999998,4404.769,19,194541.079,8105.878291666667,8448.722,14,0.0806314163345976,0.3243025866046805,0.40493400293927806
2015-12-13,599875.2,24994.8,24994.8,0,25770.457000000002,1073.7690416666667,2570.402,20,165784.12,6907.671666666666,8042.503,0,0.042959697283701685,0.2763643504515606,0.3193240477352623
2015-12-14,599875.2,24994.8,24994.8,0,40114.149,1671.422875,4164.01,19,177078.53,7378.272083333333,8679.401,19,0.06687082413141934,0.29519228332826564,0.36206310745968495
2015-12-15,599875.2,24994.8,24994.8,0,46086.889,1920.2870416666667,4775.067,19,178896.607,7454.025291666666,8672.073,18,0.07682746177871665,0.298223042059415,0.37505050383813165
2015-12-16,599875.2,24994.8,24994.8,0,50154.643,2089.7767916666667,4655.227,19,177105.383,7379.390958333333,8537.427,16,0.08360846222680984,0.2952370476392423,0.37884550986605214
2015-12-17,599875.2,24994.8,24994.8,0,54759.0,2281.625,4387.881,19,183142.817,7630.950708333334,8363.48,18,0.09128398706931043,0.30530153105179214,0.39658551812110254
2015-12-18,599875.2,24994.8,24994.8,0,55340.880999999994,2305.8700416666666,4138.691,19,181595.498,7566.479083333333,8464.187,20,0.09225399049668997,0.30272212953627686,0.39497612003296684
2015-12-19,599875.2,24994.8,24994.8,0,34767.422999999995,1448.6426249999997,2821.403,20,148635.439,6193.143291666667,7103.372,21,0.057957760214124535,0.24777726933868915,0.3057350295528137
2015-12-20,599875.2,24994.8,24994.8,0,38246.788,1593.6161666666667,4195.033,20,134187.645,5591.151875,7338.919,22,0.06375790831159549,0.2236926030614368,0.2874505113730323
2015-12-21,599875.2,24994.8,24994.8,0,59063.022,2460.95925,4662.527,19,154978.337,6457.430708333333,6999.985,8,0.09845884944068367,0.25835096533412283,0.3568098147748065
2015-12-22,599875.2,24994.8,24994.8,0,45216.457,1884.0190416666667,4449.021,20,143748.196,5989.5081666666665,6934.667,19,0.07537643996617964,0.23963016974197301,0.31500660970815264
2015-12-23,599875.2,24994.8,24994.8,0,66295.3,2762.304166666667,4672.806,9,158153.25,6589.71875,7297.819,21,0.11051515381866096,0.26364358786627623,0.3741587416849372
2015-12-24,599875.2,24994.8,24994.8,0,36201.135,1508.380625,3050.83,19,127436.16699999999,5309.840291666666,6377.627,12,0.060347777337686245,0.21243779872880225,0.2727855760664885
2015-12-25,599875.2,24994.8,24994.8,0,26495.824,1103.9926666666668,2142.717,20,71097.688,2962.4036666666666,3867.175,0,0.04416889379657636,0.11852079899285718,0.16268969278943354
2015-12-26,599875.2,24994.8,24994.8,0,25164.555999999997,1048.5231666666666,2575.963,20,52896.422,2204.0175833333333,3068.721,20,0.04194965219432308,0.08817904457460486,0.13012869676892794
2015-12-27,599875.2,24994.8,24994.8,0,20496.271,854.0112916666667,1988.481,20,30456.449,1269.0187083333333,1864.806,0,0.03416755851883859,0.05077130876555657,0.08493886728439516
2015-12-28,599875.2,24994.8,24994.8,0,35349.293,1472.8872083333333,2564.068,20,40415.498,1683.9790833333334,2339.266,19,0.05892774530435664,0.0673731769541398,0.12630092225849643
2015-12-29,599875.2,24994.8,24994.8,0,47392.629,1974.692875,3683.492,20,91196.667,3799.861125,5055.174,20,0.07900414786275546,0.15202606642181576,0.2310302142845712
2015-12-30,599875.2,24994.8,24994.8,0,36757.215000000004,1531.550625,2767.309,20,76319.22,3179.9675,3933.026,11,0.06127477015219167,0.12722516283386945,0.1884999329860611
2015-12-31,599875.2,24994.8,24994.8,0,50628.61499999999,2109.5256249999998,5285.407,19,81462.132,3394.2554999999998,4000.463,19,0.08439857990462016,0.13579846608094484,0.220197045985565
2016-01-01,599875.2,24994.8,24994.8,0,31632.743,1318.0309583333333,2539.963,1,26910.093,1121.253875,2508.772,0,0.05273220663231286,0.044859485773040796,0.09759169240535365
2016-01-02,599875.2,24994.8,24994.8,0,35544.881,1481.0367083333333,3775.981,20,28801.603,1200.0667916666666,1688.186,21,0.05925379312230278,0.04801265829959298,0.10726645142189575
2016-01-03,599875.2,24994.8,24994.8,0,35910.705,1496.279375,2797.341,20,23566.714,981.9464166666667,1129.311,18,0.05986362663433995,0.03928602816052406,0.09914965479486401
2016-01-04,599875.2,24994.8,24994.8,0,65268.886,2719.5369166666665,4986.361,18,38141.154,1589.21475,2085.486,17,0.10880410792111427,0.06358181501752365,0.17238592293863791
2016-01-05,599875.2,24994.8,24994.8,0,79718.832,3321.618,4368.977,18,40585.072,1691.0446666666667,2040.655,9,0.13289236161121512,0.06765585908535643,0.20054822069657155
2016-01-06,599875.2,24994.8,24994.8,0,69268.439,2886.1849583333333,4077.685,21,28221.144,1175.881,1524.364,11,0.11547141638794203,0.04704502536527598,0.162516441753218
2016-01-07,599875.2,24994.8,24994.8,0,77167.509,3215.312875,4470.572,18,32326.88,1346.9533333333334,1811.861,19,0.12863927196856947,0.05388934231653518,0.18252861428510464
2016-01-08,599875.2,24994.8,24994.8,0,98646.877,4110.286541666666,5823.516,19,36753.523,1531.3967916666668,2067.54,20,0.16444566636527064,0.06126861553869872,0.22571428190396936
2016-01-09,599875.2,24994.8,24994.8,0,95610.771,3983.7821249999997,5087.436,11,28146.747,1172.781125,1493.045,12,0.1593844369628883,0.04692100456895035,0.20630544153183863
2016-01-10,599875.2,24994.8,24994.8,0,101256.23800000001,4219.009916666667,5919.46,20,18170.208,757.092,831.756,21,0.16879550613194214,0.03028998031590571,0.19908548644784785
2016-01-11,599875.2,24994.8,24994.8,0,135571.876,5648.828166666666,6934.509,19,23154.189,964.7578749999999,1395.176,19,0.22600013469468316,0.03859834345543873,0.2645984781501219
2016-01-12,599875.2,24994.8,24994.8,0,154935.296,6455.637333333333,7604.821,19,67132.6,2797.191666666667,4555.723,20,0.25827921541013865,0.11191094414304843,0.37019015955318707
2016-01-13,599875.2,24994.8,24994.8,0,153968.761,6415.365041666667,7569.827,18,93497.759,3895.7399583333336,4652.798,19,0.2566679886082972,0.15586201763300103,0.4125300062412982
2016-01-14,599875.2,24994.8,24994.8,0,153801.643,6408.401791666667,7498.192,19,95335.242,3972.30175,4707.199,19,0.2563894006620044,0.1589251264262967,0.4153145270883011
2016-01-15,599875.2,24994.8,24994.8,0,148787.799,6199.491625,7190.951,10,82247.37,3426.9737499999997,4237.104,9,0.24803125550114424,0.13710746835341753,0.38513872385456177
2016-01-16,599875.2,24994.8,24994.8,0,140481.902,5853.412583333334,7060.49,18,54421.869999999995,2267.5779166666666,2846.074,20,0.2341852138578158,0.09072198683992937,0.32490720069774515
2016-01-17,599875.2,24994.8,24994.8,0,139482.075,5811.753125,7207.218,19,54100.445999999996,2254.18525,3210.762,20,0.23251848884567994,0.0901861687230944,0.3227046575687743
2016-01-18,599875.2,24994.8,24994.8,0,143067.429,5961.1428750000005,7245.945,19,93622.441,3900.935041666667,5491.345,19,0.23849532202698165,0.15606986419841995,0.3945651862254016
2016-01-19,599875.2,24994.8,24994.8,0,150435.647,6268.151958333333,7939.383,19,141580.627,5899.192791666667,7050.724,21,0.25077824020729644,0.23601680316172433,0.4867950433690208
2016-01-20,599875.2,24994.8,24994.8,0,145660.182,6069.17425,8936.261,10,163318.027,6804.917791666667,8015.382,21,0.2428174760350153,0.27225334036146187,0.5150708163964772
2016-01-21,599875.2,24994.8,24994.8,0,138599.627,5774.984458333333,7322.57,19,179745.15,7489.381249999999,8131.086,17,0.231047436200063,0.29963757461552004,0.5306850108155831
2016-01-22,599875.2,24994.8,24994.8,0,135308.341,5637.847541666666,7003.495,18,167336.701,6972.362541666666,7361.293,15,0.22556081831687658,0.27895252379161534,0.504513342108492
2016-01-23,599875.2,24994.8,24994.8,0,111816.84,4659.035,6387.306,21,123887.36299999998,5161.973458333333,6214.003,0,0.18640017123561703,0.20652189488746991,0.39292206612308694
2016-01-24,599875.2,24994.8,24994.8,0,94719.157,3946.631541666667,6003.591,19,49912.67600000001,2079.6948333333335,3382.77,0,0.15789810447239694,0.08320509999413213,0.24110320446652905
2016-01-25,599875.2,24994.8,24994.8,0,116387.36600000001,4849.473583333333,7189.25,20,135994.866,5666.45275,7907.36,21,0.19401929934759765,0.2267052646950566,0.42072456404265424
2016-01-26,599875.2,24994.8,24994.8,0,128434.27799999999,5351.42825,7098.822,11,181246.036,7551.918166666666,8047.177,10,0.21410166314593435,0.30213957169757977,0.5162412348435141
2016-01-27,599875.2,24994.8,24994.8,0,124067.79700000002,5169.491541666667,6991.211,9,137229.479,5717.894958333333,6108.856,11,0.20682268078426985,0.2287633811166056,0.43558606190087545
2016-01-28,599875.2,24994.8,24994.8,0,129443.597,5393.483208333333,8023.696,19,142469.57,5936.232083333333,6542.919,18,0.2157842114493148,0.23749868305940972,0.4532828945087245
2016-01-29,599875.2,24994.8,24994.8,0,127022.45,5292.602083333333,7580.336,19,150229.978,6259.582416666667,6758.226,11,0.21174812694373765,0.2504353872272099,0.4621835141709476
2016-01-30,599875.2,24994.8,24994.8,0,100170.37299999999,4173.765541666667,6538.531,10,95836.436,3993.1848333333332,5881.151,0,0.1669853546204277,0.1597606235430303,0.326745978163458
2016-01-31,599875.2,24994.8,24994.8,0,79332.143,3305.505958333333,6403.271,20,46724.109,1946.837875,2531.46,22,0.13224774586447316,0.07788971606094068,0.21013746192541383
2016-02-01,599875.2,24994.8,24994.8,0,128073.656,5336.402333333333,7936.507,19,138314.764,5763.1151666666665,7726.893,20,0.21350050143763238,0.23057256576034482,0.44407306719797723
2016-02-02,599875.2,24994.8,24994.8,0,131499.128,5479.1303333333335,7398.716,9,157129.368,6547.057,7187.647,8,0.21921080918164312,0.2619367628466721,0.48114757202831526
2016-02-03,599875.2,24994.8,24994.8,0,93178.625,3882.4427083333335,5831.162,19,82817.185,3450.7160416666666,4333.414,22,0.15533001697686452,0.13805735759704685,0.2933873745739114
2016-02-04,599875.2,24994.8,24994.8,0,115220.88,4800.87,7311.829,19,91539.75,3814.15625,4512.201,22,0.19207475154832207,0.15259799038199948,0.34467274193032155
2016-02-05,599875.2,24994.8,24994.8,0,126246.302,5260.262583333333,7385.15,19,101888.351,4245.347958333333,4831.64,20,0.21045427782312054,0.1698492469767045,0.38030352479982504
2016-02-06,599875.2,24994.8,24994.8,0,90102.007,3754.2502916666667,5703.146,10,34124.781,1421.8658750000002,2884.623,0,0.15020125352740038,0.05688646738521613,0.2070877209126165
2016-02-07,599875.2,24994.8,24994.8,0,64556.784,2689.866,5823.986,20,25852.974,1077.20725,1572.282,20,0.10761702434106295,0.043097254228879604,0.15071427856994254
2016-02-08,599875.2,24994.8,24994.8,0,86760.249,3615.010375,5431.597,21,35123.537,1463.4807083333333,1980.703,11,0.14463049814361387,0.05855140702599474,0.2031819051696086
2016-02-09,599875.2,24994.8,24994.8,0,94575.357,3940.6398750000003,6335.117,19,39654.071,1652.2529583333335,1986.589,19,0.1576583879446925,0.06610386793786442,0.22376225588255694
2016-02-10,599875.2,24994.8,24994.8,0,103981.978,4332.582416666667,6545.923,19,36216.817,1509.0340416666668,1980.232,19,0.17333935125172703,0.060373919441910597,0.23371327069363762
2016-02-11,598689.6000000001,24945.400000000005,24945.4,0,124747.07499999998,5197.794791666666,7238.938,19,35227.975,1467.8322916666666,1927.368,12,0.20836686489960735,0.05884180216258975,0.2672086670621971
2016-02-12,598689.6000000001,24945.400000000005,24945.4,0,128037.20500000002,5334.883541666667,6803.285,19,32938.671,1372.444625,1643.559,13,0.21386241718580046,0.0550179441901112,0.26888036137591165
2016-02-13,598689.6000000001,24945.400000000005,24945.4,0,142493.66,5937.235833333333,7355.752,20,24512.874,1021.36975,1290.65,20,0.23800924552556113,0.04094421215935603,0.27895345768491714
2016-02-14,598689.6000000001,24945.400000000005,24945.4,0,145782.612,6074.2755,7318.003,20,24156.862,1006.5359166666667,1097.359,6,0.24350283018111551,0.04034956010593803,0.28385239028705356
2016-02-15,598689.6000000001,24945.400000000005,24945.4,0,155084.337,6461.847375,7888.913,19,27992.125,1166.3385416666667,1560.333,10,0.25903963756844944,0.046755656019413054,0.3057952935878625
2016-02-16,598689.6000000001,24945.400000000005,24945.4,0,170414.107,7100.587791666666,8622.344,19,56298.964,2345.7901666666667,3835.082,19,0.2846451767326507,0.09403698343849633,0.37868216017114703
2016-02-17,598689.6000000001,24945.400000000005,24945.4,0,171734.855,7155.6189583333335,8365.524,19,104147.00399999999,4339.4585,5685.505,20,0.2868512414446484,0.1739582648504333,0.4608095062950817
2016-02-18,598689.6000000001,24945.400000000005,24945.4,0,178965.363,7456.890125000001,8845.701,9,120450.307,5018.762791666667,5818.127,19,0.2989284647670512,0.20118991043104806,0.5001183751980993
2016-02-19,598689.6000000001,24945.400000000005,24945.4,0,175023.93,7292.66375,8325.737,19,120049.845,5002.076875,6047.101,20,0.29234503154890273,0.20052101289215643,0.4928660444410592
2016-02-20,598689.6000000001,24945.400000000005,24945.4,0,161057.417,6710.7257083333325,7863.583,20,67800.036,2825.0015,3881.992,0,0.2690165605014685,0.11324739230479364,0.38226395280626213
2016-02-21,598689.6000000001,24945.400000000005,24945.4,0,155690.6,6487.108333333334,8296.0,20,25892.28,1078.845,2151.565,23,0.26005228752929727,0.043248254187144716,0.303300541716442
2016-02-22,598689.6000000001,24945.400000000005,24945.4,0,166340.805,6930.866875,8646.253,9,73307.262,3054.46925,3915.472,21,0.2778414807940542,0.12244619248438589,0.40028767327844006
2016-02-23,598689.6000000001,24945.400000000005,24945.4,0,163330.204,6805.425166666667,9001.472,20,68802.765,2866.781875,3491.959,10,0.2728128298871401,0.1149222652272563,0.3877350951143964
2016-02-24,598689.6000000001,24945.400000000005,24945.4,0,171889.926,7162.08025,8247.502,19,66273.026,2761.376083333333,3477.261,11,0.2871102588052306,0.11069680515579357,0.39780706396102417
2016-02-25,598689.6000000001,24945.400000000005,24945.4,0,174055.337,7252.305708333333,8647.375,21,46866.252,1952.7605,2651.374,20,0.2907271764867804,0.07828138654822131,0.36900856303500174
2016-02-26,598689.6000000001,24945.400000000005,24945.4,0,181145.311,7547.721291666666,8905.747,19,51746.553,2156.106375,2557.641,19,0.30256966381243294,0.08643302472600158,0.3890026885384345
2016-02-27,598689.6000000001,24945.400000000005,24945.4,0,154590.791,6441.282958333333,8020.389,20,25539.677000000003,1064.1532083333334,1448.964,0,0.2582152604621827,0.04265929623631344,0.3008745566984961
2016-02-28,598689.6000000001,24945.400000000005,24945.4,0,131857.547,5494.064458333333,7120.786,20,27007.568,1125.3153333333332,1303.079,13,0.2202435903346241,0.0451111360544763,0.2653547263891004
2016-02-29,598689.6000000001,24945.400000000005,24945.4,0,166165.346,6923.556083333333,8495.23,20,38634.354,1609.76475,2116.848,22,0.2775484090587175,0.06453152685465055,0.34207993591336805
2016-03-01,598689.6000000001,24945.400000000005,24945.4,0,175189.537,7299.564041666667,8456.966,9,52224.263999999996,2176.011,2546.523,9,0.29262164734446694,0.08723095240004167,0.3798525997445086
2016-03-02,598689.6000000001,24945.400000000005,24945.4,0,163547.242,6814.468416666667,8078.962,10,46355.727,1931.488625,2153.362,8,0.2731753516346367,0.0774286491697868,0.3506040008044235
2016-03-03,598689.6000000001,24945.400000000005,24945.4,0,173171.363,7215.473458333334,8687.816,19,46557.725,1939.9052083333333,2296.141,9,0.2892506617786579,0.07776604938519058,0.3670167111638485
2016-03-04,598689.6000000001,24945.400000000005,24945.4,0,168689.607,7028.733625,7996.256,21,30165.78,1256.9075,1592.664,5,0.28176471914661616,0.050386343774804165,0.3321510629214203
2016-03-05,598689.6000000001,24945.400000000005,24945.4,0,122065.212,5086.0505,8013.27,22,22780.718,949.1965833333334,1063.964,20,0.20388730988478834,0.03805096664448488,0.24193827652927322
2016-03-06,598689.6000000001,24945.400000000005,24945.4,0,131339.413,5472.475541666667,7966.768,22,23357.282,973.2200833333333,1260.033,20,0.21937814353214083,0.03901400993102268,0.2583921534631635
2016-03-07,598689.6000000001,24945.400000000005,24945.4,0,162615.72699999998,6775.655291666666,8363.46,12,39489.249,1645.385375,2360.238,12,0.27161942849850734,0.06595947048353604,0.3375788989820434
2016-03-08,598689.6000000001,24945.400000000005,24945.4,0,178285.793,7428.574708333334,9434.545,20,51653.395,2152.2247916666665,2789.963,21,0.2977933690513414,0.08627742155534351,0.3840707906066849
2016-03-09,598689.6000000001,24945.400000000005,24945.4,0,159564.254,6648.510583333333,7877.339,9,32289.103,1345.3792916666666,1800.431,0,0.26652250849187953,0.053932961254045494,0.32045546974592504
2016-03-10,598689.6000000001,24945.400000000005,24945.4,0,155696.933,6487.372208333333,8880.496,20,30276.364,1261.5151666666668,1756.511,20,0.2600628656318733,0.050571053848271284,0.31063391948014457
2016-03-11,598689.6000000001,24945.400000000005,24945.4,0,165426.887,6892.786958333333,8520.255,20,41006.713,1708.6130416666667,2159.945,8,0.2763149501845363,0.06849411280904161,0.3448090629935779
2016-03-12,598689.6000000001,24945.400000000005,24945.4,0,140157.027,5839.876125,7409.436,19,33953.589,1414.732875,1726.756,21,0.23410633323177818,0.05671317657764557,0.2908195098094237
2016-03-13,598689.6000000001,24945.400000000005,24945.4,0,113705.686,4737.736916666667,7426.483,20,24907.265,1037.8027083333334,1327.194,20,0.18992427127513153,0.04160296921810567,0.2315272404932372
2016-03-14,598689.6000000001,24945.400000000005,24945.4,0,160469.759,6686.239958333333,8915.225,20,86292.349,3595.514541666667,4845.385,20,0.26803498674438303,0.1441353733220019,0.41217036006638497
2016-03-15,598689.6000000001,24945.400000000005,24945.4,0,168936.229,7039.009541666666,8357.433,20,118213.37100000001,4925.557125,5273.85,21,0.2821766554822398,0.19745352349531375,0.47963017897755356
2016-03-16,598689.6000000001,24945.400000000005,24945.4,0,141334.105,5888.921041666667,8456.762,20,101529.617,4230.400708333334,4978.708,21,0.23607242384033394,0.16958640504194492,0.4056588288822789
2016-03-17,598689.6000000001,24945.400000000005,24945.4,0,164465.41,6852.725416666667,8967.489,9,121331.882,5055.495083333333,5403.816,21,0.2747089810813483,0.20266241805436402,0.4773713991357123
2016-03-18,598689.6000000001,24945.400000000005,24945.4,0,167934.504,6997.271,8797.362,20,123942.09,5164.25375,5425.664,17,0.2805034595556695,0.2070222866740962,0.48752574622976574
2016-03-19,598689.6000000001,24945.400000000005,24945.4,0,136011.328,5667.138666666667,7886.189,20,107280.14800000002,4470.006166666667,4771.125,11,0.22718171152463645,0.17919160112352042,0.4063733126481569
2016-03-20,598689.6000000001,24945.400000000005,24945.4,0,122667.079,5111.128291666667,7249.928,22,87122.704,3630.1126666666664,4239.48,21,0.20489261714250587,0.14552232742977325,0.3504149445722791
2016-03-21,598689.6000000001,24945.400000000005,24945.4,0,139271.498,5802.979083333333,7535.629,20,95918.398,3996.5999166666666,4359.943,11,0.23262722118440002,0.16021390383263712,0.39284112501703716
2016-03-22,598689.6000000001,24945.400000000005,24945.4,0,140326.726,5846.946916666667,7260.781,19,80386.919,3349.4549583333333,3808.581,10,0.23438978395482396,0.13427144717396122,0.3686612311287852
2016-03-23,598689.6000000001,24945.400000000005,24945.4,0,124144.372,5172.6821666666665,6509.95,20,42152.038,1756.3349166666667,2276.457,0,0.20736016125885598,0.07040716591702945,0.2777673271758854
2016-03-24,598689.6000000001,24945.400000000005,24945.4,0,137259.618,5719.15075,6963.031,20,29541.792,1230.9080000000001,1481.402,20,0.22926674857889626,0.04934408748707176,0.27861083606596804
2016-03-25,598689.6000000001,24945.400000000005,24945.4,0,106504.34700000001,4437.681125,5671.017,20,25171.256999999998,1048.802375,1171.187,20,0.17789576936028284,0.042043918918918906,0.21993968827920174
2016-03-26,598689.6000000001,24945.400000000005,24945.4,0,96454.652,4018.9438333333333,4810.29,22,22708.652,946.1938333333333,1116.987,9,0.16110961673628535,0.03793059375008351,0.19904021048636886
2016-03-27,598689.6000000001,24945.4,24945.4,0,88323.87652173913,3680.1615217391304,4961.275,21,21371.651478260872,890.4854782608696,1161.192,21,0.14752866347058496,0.03569738221318838,0.18322604568377335
2016-03-28,598689.6000000001,24945.400000000005,24945.4,0,95893.993,3995.5830416666668,5891.842,21,23787.817,991.1590416666667,1436.74,21,0.16017313980399858,0.039733138841897366,0.19990627864589594
2016-03-29,598689.6000000001,24945.400000000005,24945.4,0,110801.902,4616.745916666667,7505.198,21,37073.536,1544.7306666666666,2095.235,10,0.185074038366459,0.061924469708510045,0.24699850807496904
2016-03-30,598689.6000000001,24945.400000000005,24945.4,0,126935.454,5288.97725,6958.788,21,37296.816,1554.0339999999999,2076.087,23,0.21202214636766695,0.06229741755995092,0.27431956392761786
2016-03-31,598689.6000000001,24945.400000000005,24945.4,0,132728.62099999998,5530.359208333332,6925.536,9,27537.714,1147.40475,1616.107,0,0.22169855798397026,0.045996646676341124,0.2676952046603114
2016-04-01,598689.6000000001,24945.400000000005,24945.4,0,156889.399,6537.058291666667,8700.464,21,31657.570999999996,1319.0654583333333,1822.199,9,0.2620546590420144,0.05287810411271549,0.3149327631547299
2016-04-02,598689.6000000001,24945.400000000005,24945.4,0,161534.048,6730.585333333333,7755.378,0,29938.005000000005,1247.4168750000001,1578.014,0,0.2698126842357041,0.05000588785908424,0.3198185720947883
2016-04-03,598689.6000000001,24945.400000000005,24945.4,0,142285.893,5928.578875,7587.365,21,23369.33,973.7220833333334,1183.325,21,0.2376622092650348,0.039034133881731034,0.27669634314676583
2016-04-04,598689.6000000001,24945.400000000005,24945.4,0,162375.978,6765.66575,8397.566,19,34593.54,1441.3975,1799.485,20,0.271218972235362,0.05778209609787776,0.3290010683332398
2016-04-05,598689.6000000001,24945.400000000005,24945.4,0,165048.697,6877.029041666666,7996.191,12,21823.499,909.3124583333333,1293.134,0,0.2756832538931693,0.03645210974100769,0.312135363634177
2016-04-06,598689.6000000001,24945.400000000005,24945.4,0,171124.598,7130.191583333333,8135.373,9,21600.493,900.0205416666666,1079.212,9,0.2858319202471531,0.036079619555776474,0.3219115398029296
2016-04-07,598689.6000000001,24945.400000000005,24945.4,0,168540.491,7022.520458333333,8272.455,9,24678.737,1028.2807083333335,1253.294,21,0.2815156485096784,0.04122125555546647,0.3227369040651449
2016-04-08,598689.6000000001,24945.400000000005,24945.4,0,167413.856,6975.577333333334,8645.869,21,27212.292,1133.8455000000001,1373.108,9,0.2796338135821968,0.04545308954757189,0.3250869031297687
2016-04-09,598689.6000000001,24945.400000000005,24945.4,0,165853.536,6910.563999999999,8594.351,22,23268.234,969.50975,1183.459,21,0.27702758825274393,0.03886527175350966,0.3158928600062536
2016-04-10,598689.6000000001,24945.400000000005,24945.4,0,140429.049,5851.210375,8212.981,21,20741.244,864.2185,1076.689,22,0.23456069555910103,0.03464440337697531,0.26920509893607636
2016-04-11,598689.6000000001,24945.400000000005,24945.4,0,169248.111,7052.0046250000005,8811.31,10,26991.032,1124.6263333333334,1571.949,12,0.28269759655086707,0.04508351573169134,0.3277811122825584
2016-04-12,598689.6000000001,24945.400000000005,24945.4,0,180704.873,7529.369708333333,9192.244,9,31667.591,1319.4829583333333,1563.922,8,0.3018339937757395,0.05289484066534644,0.35472883444108594
2016-04-13,598689.6000000001,24945.400000000005,24945.4,0,170323.979,7096.832458333333,8302.658,20,30578.73,1274.11375,1545.944,1,0.28449463461533314,0.051076100202843,0.3355707348181761
2016-04-14,598689.6000000001,24945.400000000005,24945.4,0,160250.855,6677.1189583333335,8427.952,21,24556.104,1023.1709999999999,1144.391,21,0.2676693481897798,0.041016419860976365,0.30868576805075615
2016-04-15,598689.6000000001,24945.400000000005,24945.4,0,170530.962,7105.45675,8438.848,8,28958.597999999998,1206.60825,1627.584,9,0.28484036134918655,0.04836997001451168,0.33321033136369826
2016-04-16,598689.6000000001,24945.400000000005,24945.4,0,166543.26499999998,6939.302708333333,7947.508,21,24020.974,1000.8739166666666,1212.05,23,0.27817965269481876,0.04012258439097655,0.3183022370857953
2016-04-17,598689.6000000001,24945.400000000005,24945.4,0,173294.834,7220.618083333334,8937.8,21,24660.400999999998,1027.5167083333333,1263.186,0,0.2894568971968111,0.041190628666340615,0.3306475258631517
2016-04-18,598689.6000000001,24945.400000000005,24945.4,0,197158.924,8214.955166666667,8937.339,7,33387.27,1391.1362499999998,1901.137,7,0.3293174359467744,0.055767245664531326,0.3850846816113057
2016-04-19,598689.6000000001,24945.400000000005,24945.4,0,195590.53399999999,8149.605583333333,9047.002,21,28109.337,1171.222375,1586.787,11,0.3266977311782265,0.04695143693827318,0.3736491681164997
2016-04-20,598689.6000000001,24945.400000000005,24945.4,0,201309.319,8387.888291666666,9545.656,21,30410.782,1267.1159166666666,1647.497,21,0.3362499014514365,0.05079557420072103,0.3870454756521575
2016-04-21,598689.6000000001,24945.400000000005,24945.4,0,200591.96399999998,8357.9985,9906.143,21,29918.208,1246.5919999999999,1594.944,11,0.3350516928972876,0.04997282064027836,0.38502451353756595
2016-04-22,598689.6000000001,24945.400000000005,24945.4,0,204285.293,8511.887208333334,9323.872,10,36641.126000000004,1526.7135833333334,1697.663,13,0.3412207143735251,0.061202208957696944,0.40242292333122204
2016-04-23,598689.6000000001,24945.400000000005,24945.4,0,191107.413,7962.808875,8644.4,9,23395.518,974.81325,1249.314,0,0.31920950856670965,0.039077876081361686,0.35828738464807136
2016-04-24,598689.6000000001,24945.400000000005,24945.4,0,177290.327,7387.096958333333,8402.103,21,20904.174,871.00725,1071.536,1,0.2961306276240642,0.03491654774026473,0.3310471753643289
2016-04-25,598689.6000000001,24945.400000000005,24945.4,0,184508.477,7687.853208333334,8720.003,21,28396.323000000004,1183.180125,1617.99,23,0.30818720919822223,0.047430793853776645,0.35561800305199887
2016-04-26,598689.6000000001,24945.400000000005,24945.4,0,189875.027,7911.459458333334,8805.731,9,39524.922,1646.87175,1913.237,22,0.3171510361963862,0.06601905561746854,0.38317009181385475
2016-04-27,598689.6000000001,24945.400000000005,24945.4,0,191355.876,7973.161499999999,9154.507,21,45788.313,1907.846375,2366.814,22,0.31962451995157415,0.07648088926214852,0.39610540921372267
2016-04-28,598689.6000000001,24945.400000000005,24945.4,0,192013.63999999998,8000.568333333333,9422.461,10,50323.765,2096.8235416666666,2401.001,13,0.32072319278637873,0.0840565211087682,0.40477971389514694
2016-04-29,598689.6000000001,24945.400000000005,24945.4,0,177436.172,7393.173833333333,8872.284,9,40739.926999999996,1697.4969583333332,2131.861,10,0.2963742346618347,0.06804849624914144,0.36442273091097616
2016-04-30,598689.6000000001,24945.400000000005,24945.4,0,149669.774,6236.240583333333,7126.233,0,23915.45,996.4770833333333,1252.437,0,0.24999561375377155,0.0399463261095566,0.28994193986332817
2016-05-01,598689.6000000001,24945.400000000005,24945.4,0,127790.51799999998,5324.604916666666,6551.621,21,20696.582,862.3575833333333,961.487,0,0.21345037227972552,0.034569803784799326,0.24802017606452484
2016-05-02,598689.6000000001,24945.400000000005,24945.4,0,141132.848,5880.535333333333,8090.495,21,25037.64,1043.235,1240.429,11,0.23573626132807382,0.041820736488490856,0.2775569978165647
2016-05-03,598689.6000000001,24945.400000000005,24945.4,0,152454.981,6352.290875,8004.281,21,25568.306,1065.3460833333334,1264.911,4,0.2546477857641088,0.04270711567396527,0.2973549014380741
2016-05-04,598689.6000000001,24945.400000000005,24945.4,0,167950.612,6997.942166666667,9061.858,21,33902.414,1412.6005833333331,1734.508,22,0.2805303649837912,0.056627698226259474,0.33715806321005065
2016-05-05,598689.6000000001,24945.400000000005,24945.4,0,176235.43,7343.142916666667,9129.066,12,52137.769,2172.407041666667,2749.042,13,0.2943686177277841,0.08708647853578881,0.38145509626357293
2016-05-06,598689.6000000001,24945.400000000005,24945.4,0,178124.659,7421.860791666667,9180.002,21,49402.087,2058.420291666667,2584.125,11,0.2975242245731344,0.08251702885769185,0.38004125343082623
2016-05-07,598689.6000000001,24945.400000000005,24945.4,0,151842.66,6326.7775,8077.686,10,24093.65,1003.9020833333334,1416.245,0,0.25362501703720924,0.04024397617730456,0.2938689932145138
2016-05-08,598689.6000000001,24945.400000000005,24945.4,0,124086.991,5170.291291666666,6464.823,21,19989.97,832.9154166666667,977.358,10,0.20726431693485234,0.03338953942076161,0.24065385635561395
2016-05-09,598689.6000000001,24945.400000000005,24945.4,0,176261.80599999998,7344.241916666666,9451.893,21,29312.542,1221.3559166666666,1818.623,12,0.2944126739465659,0.04896116785726693,0.34337384180383285
2016-05-10,598689.6000000001,24945.400000000005,24945.4,0,193190.882,8049.620083333334,9178.119,21,33686.331,1403.597125,1713.867,10,0.3226895573265345,0.056266771629238245,0.37895632895577275
2016-05-11,598689.6000000001,24945.400000000005,24945.4,0,207732.36100000003,8655.515041666667,9819.542,21,37121.366,1546.7235833333334,1864.584,17,0.3469784024977217,0.06200436085744599,0.4089827633551677
2016-05-12,598689.6000000001,24945.400000000005,24945.4,0,210860.113,8785.838041666668,9446.717,21,36748.27,1531.1779166666665,1734.403,13,0.35220273243430317,0.06138117314882368,0.41358390558312685
2016-05-13,598689.6000000001,24945.400000000005,24945.4,0,212667.56399999998,8861.1485,9583.858,10,23868.562,994.5234166666668,1262.832,11,0.35522174428952824,0.03986800839700572,0.39508975268653396
2016-05-14,598689.6000000001,24945.400000000005,24945.4,0,202652.652,8443.8605,9152.576,9,17313.211,721.3837916666666,960.531,22,0.3384936902194392,0.028918509691833627,0.36741219991127283
2016-05-15,598689.6000000001,24945.400000000005,24945.4,0,192205.066,8008.544416666667,9127.741,22,13780.69,574.1954166666667,669.027,0,0.32104293443547366,0.023018088171232635,0.3440610226067063
2016-05-16,598689.6000000001,24945.400000000005,24945.4,0,190575.254,7940.635583333333,9309.073,21,22313.474,929.7280833333333,1504.884,22,0.31832063560148693,0.03727052215371704,0.355591157755204
2016-05-17,598689.6000000001,24945.400000000005,24945.4,0,186113.28100000002,7754.720041666667,9542.59,10,42592.603,1774.6917916666669,2281.564,11,0.3108677368038463,0.07114304808368142,0.3820107848875277
2016-05-18,598689.6000000001,24945.400000000005,24945.4,0,181726.148,7571.922833333333,9495.806,8,43522.567,1813.4402916666668,2337.58,9,0.3035398443534011,0.07269638056181366,0.37623622491521475
2016-05-19,598689.6000000001,24945.400000000005,24945.4,0,180347.119,7514.463291666667,9057.805,9,42262.149,1760.922875,2199.623,9,0.3012364320342294,0.07059108593167476,0.3718275179659042
2016-05-20,598689.6000000001,24945.400000000005,24945.4,0,187762.777,7823.449041666667,9328.31,8,39498.814,1645.7839166666665,1976.812,18,0.3136229141110852,0.06597544704300859,0.37959836115409384
2016-05-21,598689.6000000001,24945.400000000005,24945.4,0,167592.06,6983.0025,8921.423,10,17843.429,743.4762083333334,1020.656,0,0.2799314703312033,0.02980414057635208,0.30973561090755536
2016-05-22,598689.6000000001,24945.400000000005,24945.4,0,150849.815,6285.408958333333,8453.425,21,15529.841,647.0767083333334,810.451,22,0.2519666535045873,0.02593972068330567,0.277906374187893
2016-05-23,598689.6000000001,24945.400000000005,24945.4,0,167248.51,6968.687916666667,8463.342,21,32612.634,1358.8597499999998,2033.801,19,0.27935763373875205,0.054473359817842154,0.3338309935565942
2016-05-24,598689.6000000001,24945.400000000005,24945.4,0,159752.352,6656.348000000001,8732.107,9,42339.178,1764.1324166666666,2159.01,13,0.26683669133387317,0.07071974859760383,0.337556439931477
2016-05-25,598689.6000000001,24945.400000000005,24945.4,0,158697.97,6612.415416666667,8634.734,21,57552.602,2398.0250833333334,2745.895,9,0.26507554164962943,0.09613095333541787,0.3612064949850473
2016-05-26,598689.6000000001,24945.400000000005,24945.4,0,165139.656,6880.8189999999995,9056.667,9,49826.895000000004,2076.120625,2245.135,22,0.27583518404194757,0.08322659187665861,0.35906177591860616
2016-05-27,598689.6000000001,24945.400000000005,24945.4,0,155284.849,6470.202041666666,8907.405,9,44926.592,1871.9413333333332,2412.275,10,0.25937455569630735,0.07504154406557252,0.33441609976187986
2016-05-28,598689.6000000001,24945.400000000005,24945.4,0,114646.43600000002,4776.934833333334,7166.652,10,19251.335,802.1389583333333,1018.218,11,0.19149561976690424,0.03215578657120484,0.2236514063381091
2016-05-29,598689.6000000001,24945.400000000005,24945.4,0,89644.308,3735.1795,5273.581,22,16489.157,687.0482083333333,972.5,23,0.14973419949168984,0.027542080236569996,0.17727627972825982
2016-05-30,598689.6000000001,24945.400000000005,24945.4,0,119522.71399999998,4980.113083333333,7068.42,9,36459.503,1519.1459583333333,1887.667,15,0.19964053826891257,0.06089884140295738,0.26053937967186996
2016-05-31,598689.6000000001,24945.400000000005,24945.4,0,110806.945,4616.956041666667,6471.368,11,44931.322,1872.1384166666667,2268.096,13,0.18508246176315737,0.07504944465379053,0.2601319064169479
2016-06-01,598689.6000000001,24945.400000000005,24945.4,0,114758.954,4781.623083333333,6688.88,21,37788.541,1574.5225416666665,2018.072,22,0.19168356022887315,0.06311875302326947,0.25480231325214264
2016-06-02,598689.6000000001,24945.400000000005,24945.4,0,138610.537,5775.439041666667,8037.131,11,60245.784,2510.241,3018.823,22,0.23152320835371115,0.1006294146415772,0.33215262299528836
2016-06-03,598689.6000000001,24945.400000000005,24945.4,0,144867.967,6036.165291666667,8553.057,10,63295.705,2637.3210416666666,2972.083,10,0.24197508525285888,0.1057237423198933,0.34769882757275217
2016-06-04,598689.6000000001,24945.400000000005,24945.4,0,105357.84599999999,4389.91025,7230.963,10,38466.043,1602.7517916666666,1991.491,0,0.17598075196228558,0.06425039452831649,0.24023114649060207
2016-06-05,598689.6000000001,24945.400000000005,24945.4,0,97100.393,4045.849708333333,6715.058,22,39153.857,1631.4107083333336,1940.345,5,0.1621882073782474,0.06539926031786755,0.22758746769611496
2016-06-06,598689.6000000001,24945.400000000005,24945.4,0,122542.67799999999,5105.944916666666,7219.861,12,76854.84,3202.285,4405.778,22,0.20468482833174315,0.12837176393242838,0.3330565922641715
2016-06-07,598689.6000000001,24945.400000000005,24945.4,0,108592.318,4524.679916666667,6374.852,12,123010.35,5125.431250000001,5844.553,21,0.1813833378765891,0.20546598771717428,0.3868493255937634
2016-06-08,598689.6000000001,24945.400000000005,24945.4,0,110877.31100000002,4619.887958333334,6647.281,11,121008.014,5042.000583333333,5640.983,13,0.18519999512268126,0.20212145659453576,0.387321451717217
2016-06-09,598689.6000000001,24945.400000000005,24945.4,0,116572.87700000001,4857.203208333333,7072.519,12,128037.426,5334.89275,5781.371,21,0.19471338236040844,0.2138627863253345,0.408576168685743
2016-06-10,598689.6000000001,24945.400000000005,24945.4,0,105909.226,4412.884416666667,6618.446,11,73429.688,3059.570333333333,4628.13,0,0.1769017300450851,0.12265068242374677,0.2995524124688319
2016-06-11,598689.6000000001,24945.400000000005,24945.4,0,87637.74,3651.5725,5571.443,12,57109.304000000004,2379.5543333333335,2672.295,12,0.14638259959752098,0.09539050619887166,0.24177310579639263
2016-06-12,598689.6000000001,24945.400000000005,24945.4,0,77587.341,3232.805875,5074.242,22,43441.081,1810.0450416666665,2128.219,22,0.12959527107202126,0.07256027330356163,0.2021555443755829
2016-06-13,598689.6000000001,24945.400000000005,24945.4,0,93392.407,3891.350291666667,6406.446,10,37799.534,1574.9805833333332,1849.517,12,0.155994704100422,0.06313711479203914,0.21913181889246114
2016-06-14,598689.6000000001,24945.400000000005,24945.4,0,86776.382,3615.6825833333332,6163.901,9,36050.376,1502.099,1908.882,9,0.14494386072515705,0.06021547058776366,0.20515933131292072
2016-06-15,598689.6000000001,24945.400000000005,24945.4,0,90128.189,3755.3412083333333,6531.594,10,22846.439,951.9349583333333,1111.715,10,0.15054243300702064,0.03816074139253462,0.18870317439955525
2016-06-16,598689.6000000001,24945.400000000005,24945.4,0,93338.614,3889.1089166666666,5665.906,21,23628.922,984.5384166666666,1090.682,8,0.15590485286532452,0.03946773419815543,0.19537258706347993
2016-06-17,598689.6000000001,24945.400000000005,24945.4,0,101746.09400000001,4239.4205833333335,6117.581,8,46416.262,1934.0109166666668,2223.79,11,0.16994798974293188,0.07752976166614552,0.2474777514090774
2016-06-18,598689.6000000001,24945.400000000005,24945.4,0,75802.293,3158.428875,4582.217,0,33852.792,1410.5330000000001,1788.87,9,0.12661367927553777,0.056544813873499716,0.18315849314903748
2016-06-19,598689.6000000001,24945.400000000005,24945.4,0,64033.721000000005,2668.0717083333334,5386.776,22,22176.099000000002,924.004125,1415.682,22,0.10695646124469173,0.03704106268089507,0.1439975239255868
2016-06-20,598689.6000000001,24945.400000000005,24945.4,0,101542.4,4230.933333333333,6148.318,13,71000.862,2958.3692499999997,3732.527,13,0.16960775667390912,0.1185937788129274,0.2882015354868365
2016-06-21,598689.6000000001,24945.400000000005,24945.4,0,101960.12599999999,4248.338583333333,5968.292,10,85082.818,3545.1174166666665,3801.487,10,0.1703054905246391,0.14211507599263457,0.3124205665172737
2016-06-22,598689.6000000001,24945.400000000005,24945.4,0,91268.308,3802.8461666666667,5718.756,10,75708.042,3154.50175,3672.877,9,0.1524467904570248,0.12645625045098494,0.27890304090800977
2016-06-23,598689.6000000001,24945.400000000005,24945.4,0,99991.016,4166.292333333334,6124.123,12,75995.575,3166.4822916666667,3544.452,23,0.16701645727602416,0.1269365210285931,0.29395297830461725
2016-06-24,598689.6000000001,24945.400000000005,24945.4,0,96165.538,4006.8974166666667,6937.895,11,71546.631,2981.1096249999996,3547.713,11,0.1606267053912411,0.1195053847603165,0.2801320901515576
2016-06-25,598689.6000000001,24945.400000000005,24945.4,0,74629.349,3109.5562083333334,4616.716,12,35439.14,1476.6308333333334,1797.801,0,0.12465449374767824,0.05919451415224182,0.18384900789992006
2016-06-26,598689.6000000001,24945.400000000005,24945.4,0,63325.592,2638.566333333333,4068.1,22,28061.364,1169.2235,1475.249,22,0.10577366301335447,0.0468713069343446,0.15264496994769908
2016-06-27,598689.6000000001,24945.400000000005,24945.4,0,94347.096,3931.1290000000004,5620.663,20,87227.514,3634.47975,4838.9,22,0.1575893351078756,0.14569739310654467,0.30328672821442026
2016-06-28,598689.6000000001,24945.400000000005,24945.4,0,112593.23800000001,4691.384916666667,7024.239,12,125787.909,5241.162875,5840.144,21,0.18806613310136003,0.210105385161192,0.39817151826255204
2016-06-29,598689.6000000001,24945.400000000005,24945.4,0,90010.198,3750.424916666667,6046.578,12,141906.54200000002,5912.772583333334,6535.464,14,0.15034535091306078,0.23702857373837793,0.3873739246514387
2016-06-30,598689.6000000001,24945.400000000005,24945.4,0,94407.395,3933.6414583333335,6323.836,12,147663.775,6152.657291666666,6444.596,12,0.1576900534099807,0.2466449642686293,0.40433501767861
2016-07-01,598689.6000000001,24945.400000000005,24945.4,0,88344.324,3681.0134999999996,5434.913,10,140950.962,5872.95675,6223.927,12,0.14756281719274894,0.23543245448058556,0.38299527167333447
2016-07-02,598689.6000000001,24945.400000000005,24945.4,0,67289.155,2803.7147916666668,4822.497,12,100733.94999999998,4197.247916666666,4792.764,0,0.11239406029434951,0.16825739080819171,0.2806514511025412
2016-07-03,598689.6000000001,24945.400000000005,24945.4,0,51969.17600000001,2165.3823333333335,3711.502,22,70881.975,2953.415625,3872.367,22,0.08680487518072805,0.11839520011705564,0.20520007529778367
2016-07-04,598689.6000000001,24945.400000000005,24945.4,0,77999.713,3249.988041666667,4932.698,21,128660.01999999999,5360.8341666666665,6782.373,14,0.13028406205820176,0.21490271419446733,0.3451867762526691
2016-07-05,598689.6000000001,24945.400000000005,24945.4,0,84071.594,3502.983083333333,5346.662,12,154351.508,6431.312833333333,7111.221,12,0.14042601374735753,0.2578155825656567,0.3982415963130142
2016-07-06,598689.6000000001,24945.400000000005,24945.4,0,87488.0,3645.3333333333335,5239.904,17,153812.855,6408.8689583333335,6944.665,11,0.14613248668425172,0.2569158625772019,0.4030483492614536
2016-07-07,598689.6000000001,24945.400000000005,24945.4,0,98722.20000000001,4113.425,6274.289,12,160493.139,6687.2141249999995,7179.703,21,0.1648971353435904,0.2680740387005219,0.4329711740441123
2016-07-08,598689.6000000001,24945.400000000005,24945.4,0,96260.735,4010.8639583333334,6454.23,12,142995.219,5958.1341250000005,6243.96,0,0.16078571433343752,0.23884700686298874,0.39963272119642623
2016-07-09,598689.6000000001,24945.400000000005,24945.4,0,90945.025,3789.3760416666664,6250.098,13,104182.268,4340.927833333333,5128.338,0,0.1519068061312573,0.17401716682568058,0.32592397295693787
2016-07-10,598689.6000000001,24945.400000000005,24945.4,0,64512.565,2688.023541666667,5535.484,22,87002.04000000001,3625.0850000000005,4546.312,22,0.10775628138521195,0.1453207805847972,0.2530770619700091
2016-07-11,598689.6000000001,24945.400000000005,24945.4,0,95101.70999999999,3962.5712499999995,6572.413,12,125185.97199999998,5216.082166666666,5815.949,22,0.15884977791496624,0.2090999609814501,0.36794973889641636
2016-07-12,598689.6000000001,24945.400000000005,24945.4,0,80873.882,3369.7450833333332,5826.868,12,126810.989,5283.791208333333,5671.363,9,0.1350848285989935,0.21181425065676768,0.3468990792557612
2016-07-13,598689.6000000001,24945.400000000005,24945.4,0,67765.927,2823.5802916666667,4905.257,13,94436.847,3934.8686249999996,4494.477,10,0.11319041954294844,0.15773924751657617,0.2709296670595246
2016-07-14,598689.6000000001,24945.400000000005,24945.4,0,67826.242,2826.0934166666666,5375.427,12,76596.799,3191.5332916666666,3662.662,10,0.11329116457008771,0.12794075427400106,0.2412319188440888
2016-07-15,598689.6000000001,24945.400000000005,24945.4,0,71318.377,2971.5990416666664,5182.69,13,76072.006,3169.6669166666666,3726.327,12,0.11912412876388696,0.1270641848463711,0.24618831361025806
2016-07-16,598689.6000000001,24945.400000000005,24945.4,0,59672.513999999996,2486.35475,3835.297,22,74465.472,3102.7279999999996,3387.165,12,0.0996718733714432,0.12438076759643057,0.22405264096787378
2016-07-17,598689.6000000001,24945.400000000005,24945.4,0,51174.34999999999,2132.264583333333,4335.004,22,78860.072,3285.836333333333,3648.982,13,0.08547726568158188,0.13172113228624646,0.21719839796782836
2016-07-18,598689.6000000001,24945.400000000005,24945.4,0,72002.689,3000.1120416666668,4769.599,12,126351.31,5264.637916666667,6604.804,15,0.12026714511159035,0.21104644209620474,0.3313135872077951
2016-07-19,598689.6000000001,24945.400000000005,24945.4,0,74767.545,3115.314375,4394.022,10,156923.071,6538.4612916666665,7389.997,12,0.12488532454881458,0.2621109018763646,0.38699622642517917
2016-07-20,598689.6000000001,24945.400000000005,24945.4,0,83534.854,3480.618916666667,6529.269,11,162767.971,6781.998791666666,7373.343,9,0.13952948907079726,0.2718737238796197,0.411403212950417
2016-07-21,598689.6000000001,24945.400000000005,24945.4,0,83829.201,3492.883375,6331.137,11,166240.178,6926.674083333334,7220.971,11,0.14002114117232034,0.2776734020433961,0.4176945432157164
2016-07-22,598689.6000000001,24945.400000000005,24945.4,0,65870.843,2744.618458333333,4749.621,13,125753.682,5239.73675,6123.578,0,0.11002503300541713,0.21004821530222,0.32007324830763717
2016-07-23,598689.6000000001,24945.400000000005,24945.4,0,49941.02399999999,2080.8759999999997,2972.293,13,69716.072,2904.836333333333,3784.003,0,0.08341722321550263,0.1164477752745329,0.19986499849003553
2016-07-24,598689.6000000001,24945.400000000005,24945.4,0,51399.916,2141.6631666666667,3807.605,22,64193.299,2674.7207916666666,3669.991,23,0.0858540318722757,0.10722300671332856,0.19307703858560427
2016-07-25,598689.6000000001,24945.400000000005,24945.4,0,65606.1,2733.5875,4467.303,13,116270.008,4844.583666666666,5762.096,22,0.10958282889831392,0.1942074958375759,0.30379032473588985
2016-07-26,598689.6000000001,24945.400000000005,24945.4,0,71596.899,2983.204125,5375.87,13,133495.724,5562.3218333333325,6195.029,13,0.11958934813632974,0.2229798613505228,0.34256920948685254
2016-07-27,598689.6000000001,24945.400000000005,24945.4,0,72062.358,3002.5982499999996,5271.754,12,134729.029,5613.709541666667,6158.14,10,0.12036681111547617,0.2250398687399948,0.34540667985547097
2016-07-28,598689.6000000001,24945.400000000005,24945.4,0,80902.727,3370.9469583333334,5369.585,13,140596.839,5858.201625000001,6362.132,11,0.13513300882460624,0.23484095765151086,0.36997396647611713
2016-07-29,598689.6000000001,24945.400000000005,24945.4,0,82473.73,3436.4054166666665,5250.393,13,152042.016,6335.084,6507.137,13,0.13775707812529228,0.25395800428135046,0.39171508240664277
2016-07-30,598689.6000000001,24945.400000000005,24945.4,0,62473.212,2603.0505,4790.009,11,115669.1,4819.545833333334,5936.68,0,0.10434992022577307,0.19320379041159222,0.2975537106373653
2016-07-31,598689.6000000001,24945.400000000005,24945.4,0,55092.231,2295.509625,4324.396,22,80360.066,3348.3360833333336,3940.335,13,0.09202135964947444,0.1342265942150991,0.22624795386457355
2016-08-01,598689.6000000001,24945.400000000005,24945.4,0,75425.447,3142.726958333333,5437.947,13,135433.112,5643.046333333333,7079.472,21,0.1259842278870386,0.22621590887832355,0.35220013676536216
2016-08-02,598689.6000000001,24945.400000000005,24945.4,0,80502.813,3354.2838749999996,5436.295,13,151230.768,6301.282,7096.637,13,0.13446502661813398,0.2526029648752876,0.3870679914934216
2016-08-03,598689.6000000001,24945.400000000005,24945.4,0,85870.417,3577.934041666667,5702.044,12,154529.165,6438.715208333334,6909.552,17,0.14343061412792202,0.2581123256525585,0.4015429397804805
2016-08-04,598689.6000000001,24945.400000000005,24945.4,0,75188.962,3132.873416666667,5365.692,11,157174.686,6548.94525,6904.748,12,0.12558922353085805,0.26253117809295495,0.388120401623813
2016-08-05,598689.6000000001,24945.400000000005,24945.4,0,66481.917,2770.079875,4809.97,13,121664.258,5069.344083333333,5806.716,14,0.11104571884996832,0.2032175905510969,0.3142633094010652
2016-08-06,598689.6000000001,24945.400000000005,24945.4,0,57273.528,2386.397,4407.181,13,46794.509,1949.7712083333333,3396.912,0,0.09566481194929725,0.07816155316544665,0.17382636511474392
2016-08-07,598689.6000000001,24945.400000000005,24945.4,0,46266.324,1927.7635,3842.475,21,32794.851,1366.452125,1917.784,22,0.07727931803057878,0.054777719539474204,0.132057037570053
2016-08-08,598689.6000000001,24945.400000000005,24945.4,0,75328.961,3138.706708333333,5304.593,13,57187.686,2382.82025,2818.514,16,0.12582306590927916,0.09552142880050028,0.22134449470977946
2016-08-09,598689.6000000001,24945.400000000005,24945.4,0,67284.026,2803.501083333333,4887.554,12,51571.771,2148.8237916666667,2613.187,0,0.1123854932505926,0.08614108379367204,0.19852657704426463
2016-08-10,598689.6000000001,24945.400000000005,24945.4,0,48172.448,2007.1853333333331,2907.777,15,38431.513,1601.3130416666665,2084.981,10,0.08046314484166751,0.06419271856401046,0.144655863405678
2016-08-11,598689.6000000001,24945.400000000005,24945.4,0,63468.916,2644.5381666666667,4534.315,20,51107.564,2129.4818333333333,3084.802,21,0.10601305918793309,0.08536571204844713,0.19137877123638022
2016-08-12,598689.6000000001,24945.400000000005,24945.4,0,81266.19900000001,3386.0916250000005,5470.738,13,76151.237,3172.968208333333,3618.557,14,0.13574012142519262,0.12719652554512387,0.2629366469703165
2016-08-13,598689.6000000001,24945.400000000005,24945.4,0,67395.511,2808.1462916666665,4761.727,21,73043.532,3043.4805,3254.727,14,0.1125717082775448,0.1220056804060067,0.2345773886835515
2016-08-14,598689.6000000001,24945.400000000005,24945.4,0,49526.266,2063.594416666667,4145.345,22,55491.66399999999,2312.1526666666664,2669.083,21,0.08272444685860586,0.09268853843460782,0.1754129852932137
2016-08-15,598689.6000000001,24945.400000000005,24945.4,0,57172.10100000001,2382.1708750000003,5017.402,21,59979.93699999999,2499.1640416666664,3032.849,16,0.0954953969469321,0.10018536650711818,0.19568076345405028
2016-08-16,598689.6000000001,24945.400000000005,24945.4,0,77027.038,3209.4599166666667,4770.503,11,118607.28400000001,4941.970166666667,6187.342,12,0.12865938877174413,0.19811148214366844,0.32677087091541257
2016-08-17,598689.6000000001,24945.400000000005,24945.4,0,66935.472,2788.9779999999996,4734.412,13,141312.252,5888.0105,6291.507,21,0.11180329840371368,0.23603592245464092,0.3478392208583546
2016-08-18,598689.6000000001,24945.400000000005,24945.4,0,72459.769,3019.157041666667,5125.86,12,138205.571,5758.5654583333335,6203.531,22,0.12103061252441998,0.23084678771770878,0.35187740024212877
2016-08-19,598689.6000000001,24945.400000000005,24945.4,0,72882.777,3036.7823750000002,5085.888,21,133365.322,5556.888416666666,6026.669,0,0.12173716897704585,0.2227620489816425,0.3444992179586884
2016-08-20,598689.6000000001,24945.400000000005,24945.4,0,57946.493,2414.4372083333333,4245.595,13,66203.651,2758.485458333333,4688.531,0,0.0967888752368506,0.11058092707807182,0.2073698023149224
2016-08-21,598689.6000000001,24945.400000000005,24945.4,0,47600.485,1983.3535416666666,4530.887,22,58524.047999999995,2438.502,3271.056,22,0.07950778667275997,0.09775357380519051,0.1772613604779505
2016-08-22,598689.6000000001,24945.400000000005,24945.4,0,70744.505,2947.6877083333334,4396.338,21,129298.60800000001,5387.442,6768.676,20,0.11816558196434344,0.21596935707585363,0.3341349390401971
2016-08-23,598689.6000000001,24945.400000000005,24945.4,0,68921.496,2871.729,4566.816,13,145295.996,6053.999833333334,6497.621,20,0.11512058335404522,0.2426900283552612,0.35781061170930645
2016-08-24,598689.6000000001,24945.400000000005,24945.4,0,64112.469,2671.352875,4011.963,12,140785.869,5866.077875,6351.869,21,0.10708799518147633,0.23515669722674318,0.34224469240821953
2016-08-25,598689.6000000001,24945.400000000005,24945.4,0,63913.53300000001,2663.0638750000003,4213.383,21,138145.74,5756.072499999999,6414.111,11,0.10675570946948135,0.23074685112285226,0.33750256059233363
2016-08-26,598689.6000000001,24945.400000000005,24945.4,0,69464.799,2894.366625,5417.589,21,148956.571,6206.5237916666665,6691.427,15,0.11602807030554729,0.24880434034598226,0.36483241065152955
2016-08-27,598689.6000000001,24945.400000000005,24945.4,0,62877.3,2619.8875000000003,4773.224,21,148941.662,6205.9025833333335,6647.526,20,0.10502487432552694,0.24877943762510654,0.3538043119506335
2016-08-28,598689.6000000001,24945.400000000005,24945.4,0,47907.448000000004,1996.1436666666668,3843.176,21,125332.90699999998,5222.204458333333,6024.802,0,0.08002051146370338,0.20934538866217145,0.2893659001258748
2016-08-29,598689.6000000001,24945.400000000005,24945.4,0,69464.252,2894.343833333333,4978.652,12,146066.165,6086.090208333334,7523.948,21,0.11602715664344258,0.24397645290648107,0.36000360954992366
2016-08-30,598689.6000000001,24945.400000000005,24945.4,0,67609.648,2817.0686666666666,4730.622,13,162019.38,6750.8075,7635.291,13,0.1129293844422886,0.27062334137756855,0.38355272581985717
2016-08-31,598689.6000000001,24945.400000000005,24945.4,0,70322.115,2930.088125,5238.292,12,176377.399,7349.058291666667,7730.804,14,0.11746005776616128,0.2946057506260339,0.4120658083921952
2016-09-01,598689.6000000001,24945.400000000005,24945.4,0,71014.791,2958.9496249999997,4394.634,12,171172.832,7132.201333333333,7791.508,20,0.11861704462546199,0.2859124862032011,0.40452953082866305
2016-09-02,598689.6000000001,24945.400000000005,24945.4,0,80332.479,3347.1866250000003,4479.97,13,181875.382,7578.140916666667,7891.939,9,0.13418051524529573,0.3037891120874657,0.4379696273327614
2016-09-03,598689.6000000001,24945.400000000005,24945.4,0,53722.883,2238.4534583333334,4253.113,21,158496.401,6604.016708333334,6824.405,13,0.08973411764627279,0.26473885799920355,0.3544729756454763
2016-09-04,598689.6000000001,24945.400000000005,24945.4,0,52094.70700000001,2170.612791666667,4768.535,22,148521.939,6188.414125,6915.481,22,0.08701455144702698,0.2480783681560528,0.3350929196030798
2016-09-05,598689.6000000001,24945.400000000005,24945.4,0,89180.332,3715.8471666666665,5349.299,13,167184.457,6966.019041666666,7474.815,21,0.14895921358914532,0.2792506450755115,0.42820985866465683
2016-09-06,598689.6000000001,24945.400000000005,24945.4,0,88936.368,3705.6820000000002,5406.747,13,167768.488,6990.353666666667,7513.072,23,0.1485517169498184,0.28022616060142014,0.42877787755123853
2016-09-07,598689.6000000001,24945.400000000005,24945.4,0,75836.308,3159.8461666666667,4317.775,9,175723.71,7321.82125,7620.228,2,0.1266704950278074,0.2935138843233622,0.4201843793511696
2016-09-08,598689.6000000001,24945.400000000005,24945.4,0,55842.043,2326.7517916666666,4121.643,12,171330.923,7138.788458333333,7470.682,17,0.09327378160569348,0.28617654791397745,0.37945032951967095
2016-09-09,598689.6000000001,24945.400000000005,24945.4,0,61231.0,2551.2916666666665,4108.89,13,177386.711,7391.112958333334,7695.879,17,0.10227503534385764,0.296291619229731,0.39856665457358864
2016-09-10,598689.6000000001,24945.400000000005,24945.4,0,43092.070999999996,1795.5029583333333,3888.04,21,162431.82,6767.9925,7149.548,20,0.07197731679320969,0.27131224594514414,0.3432895627383538
2016-09-11,598689.6000000001,24945.400000000005,24945.4,0,43123.741,1796.8225416666667,3971.197,21,143243.857,5968.494041666666,6866.608,22,0.07203021565766299,0.23926231055291416,0.3112925262105771
2016-09-12,598689.6000000001,24945.400000000005,24945.4,0,58390.082,2432.9200833333334,4039.039,20,152704.821,6362.7008749999995,6939.727,9,0.09752980843495526,0.2550650971722241,0.3525949056071793
2016-09-13,598689.6000000001,24945.400000000005,24945.4,0,50482.808999999994,2103.450375,4761.621,9,139487.654,5811.985583333334,6547.535,9,0.08432217462939057,0.23298826971438955,0.3173104443437801
2016-09-14,598689.6000000001,24945.400000000005,24945.4,0,51497.181,2145.715875,4690.2,9,126327.989,5263.666208333333,5855.208,8,0.08601649502513488,0.21100748868862926,0.29702398371376415
2016-09-15,598689.6000000001,24945.400000000005,24945.4,0,47724.441,1988.5183749999999,4040.797,9,120754.91,5031.454583333333,5805.273,21,0.07971483219351061,0.20169869327945564,0.2814135254729663
2016-09-16,598689.6000000001,24945.400000000005,24945.4,0,45425.825,1892.7427083333332,3156.803,9,109197.274,4549.886416666667,5148.172,14,0.07587542025116185,0.18239380473621053,0.25826922498737237
2016-09-17,598689.6000000001,24945.400000000005,24945.4,0,39644.111,1651.8379583333333,3566.595,21,63076.912,2628.2046666666665,3158.592,21,0.06621813874835973,0.10535828917021439,0.17157642791857414
2016-09-18,598689.6000000001,24945.400000000005,24945.4,0,36421.08,1517.545,3814.034,21,60634.221999999994,2526.4259166666666,3117.934,21,0.06083466290378185,0.10127822831731165,0.1621128912210935
2016-09-19,598689.6000000001,24945.400000000005,24945.4,0,45533.215000000004,1897.2172916666668,3545.428,20,117662.967,4902.623625,6313.737,20,0.07605479533968854,0.19653417563959685,0.27258897097928536
2016-09-20,598689.6000000001,24945.400000000005,24945.4,0,51482.64600000001,2145.11025,4500.44,20,150112.224,6254.6759999999995,7120.08,9,0.08599221700193221,0.25073464446350824,0.33672686146544045
2016-09-21,598689.6000000001,24945.400000000005,24945.4,0,64697.176999999996,2695.715708333333,4543.296,9,158616.427,6609.017791666666,6849.528,9,0.10806464151039201,0.26493933918344326,0.3730039806938353
2016-09-22,598689.6000000001,24945.400000000005,24945.4,0,63675.579,2653.149125,4639.795,9,165770.925,6907.121875,7220.672,20,0.10635825142110367,0.27688960189052886,0.3832478533116325
2016-09-23,598689.6000000001,24945.400000000005,24945.4,0,68238.741,2843.280875,4863.995,9,169006.688,7041.945333333333,7258.929,15,0.1139801676862267,0.2822943441810246,0.3962745118672513
2016-09-24,598689.6000000001,24945.400000000005,24945.4,0,37911.117,1579.6298749999999,2567.154,20,115476.87,4811.53625,5974.14,0,0.06332349350982544,0.19288270582953165,0.25620619933935707
2016-09-25,598689.6000000001,24945.400000000005,24945.4,0,41862.079,1744.2532916666667,3202.747,21,102575.08499999999,4273.961875,4964.892,13,0.06992284315611962,0.1713326655415427,0.24125550869766232
2016-09-26,598689.6000000001,24945.400000000005,24945.4,0,57838.94399999999,2409.9559999999997,4540.545,20,141086.281,5878.5950416666665,6637.882,20,0.09660923456829713,0.23565847978652038,0.3322677143548175
2016-09-27,598689.6000000001,24945.400000000005,24945.4,0,44150.808,1839.617,2959.901,20,142145.587,5922.732791666666,6535.264,20,0.07374574069768372,0.23742785410002107,0.3111735947977048
2016-09-28,598689.6000000001,24945.400000000005,24945.4,0,44257.645,1844.0685416666665,4161.784,20,144245.253,6010.218875,6828.752,9,0.0739241921022179,0.24093495694596995,0.31485914904818785
2016-09-29,598689.6000000001,24945.400000000005,24945.4,0,43292.86,1803.8691666666666,4791.945,20,142296.188,5929.007833333333,6699.287,19,0.07231269759822118,0.23767940515419003,0.3099921027524112
2016-09-30,598689.6000000001,24945.400000000005,24945.4,0,46432.876,1934.7031666666664,4244.43,8,149335.953,6222.331375000001,6691.168,19,0.0775575122734719,0.2494380276523928,0.3269955399258647
2016-10-01,598689.6000000001,24945.400000000005,24945.4,0,35661.347,1485.8894583333333,3181.176,21,125095.538,5212.314083333334,5672.946,22,0.05956566975608061,0.20894890774785463,0.26851457750393526
2016-10-02,598689.6000000001,24945.400000000005,24945.4,0,35574.011,1482.2504583333332,3837.917,21,107781.10399999999,4490.879333333333,5496.423,0,0.059419791157220694,0.1800283552612238,0.23944814641844447
2016-10-03,598689.6000000001,24945.400000000005,24945.4,0,49267.015,2052.7922916666666,4501.585,20,126932.45999999999,5288.8525,5914.357,20,0.08229141611947158,0.21201714544565325,0.29430856156512486
2016-10-04,598689.6000000001,24945.400000000005,24945.4,0,60792.50200000001,2533.020916666667,4645.701,20,136063.223,5669.300958333333,5929.989,4,0.1015426057175538,0.2272683925025589,0.3288109982201127
2016-10-05,598689.6000000001,24945.400000000005,24945.4,0,54499.739,2270.8224583333335,4724.65,20,135724.789,5655.199541666666,6216.303,22,0.09103171159144904,0.22670310123977427,0.3177348128312233
2016-10-06,598689.6000000001,24945.400000000005,24945.4,0,63748.807,2656.2002916666665,4611.26,20,150512.982,6271.37425,6754.535,20,0.10648056522110956,0.25140403641553144,0.357884601636641
2016-10-07,598689.6000000001,24945.400000000005,24945.4,0,74110.423,3087.9342916666665,5118.101,20,156201.038,6508.376583333334,6669.056,1,0.12378772405600495,0.26090487959035863,0.3846926036463636
2016-10-08,598689.6000000001,24945.400000000005,24945.4,0,31055.678,1293.9865833333333,3054.306,20,142004.357,5916.848208333333,6276.111,1,0.05187275342681749,0.23719195556428568,0.28906470899110315
2016-10-09,598689.6000000001,24945.400000000005,24945.4,0,28063.285,1169.3035416666667,3046.371,20,100274.905,4178.121041666666,5814.495,21,0.04687451560875618,0.16749064122710663,0.21436515683586282
2016-10-10,598689.6000000001,24945.400000000005,24945.4,0,65429.782,2726.2409166666666,4616.727,20,133882.165,5578.423541666667,6232.946,19,0.1092883223627068,0.22362533940793358,0.3329136617706404
2016-10-11,598689.6000000001,24945.400000000005,24945.4,0,61922.648,2580.1103333333335,4273.457,10,138190.564,5757.940166666667,5930.32,12,0.10343030511971478,0.23082172130599896,0.3342520264257137
2016-10-12,598689.6000000001,24945.400000000005,24945.4,0,49181.64,2049.235,3957.361,20,141754.807,5906.450291666667,6221.607,17,0.08214881300760861,0.23677512854741417,0.3189239415550228
2016-10-13,598689.6000000001,24945.400000000005,24945.4,0,61911.515,2579.646458333333,3856.549,10,147016.92,6125.705000000001,6254.002,20,0.10341170950689638,0.2455645128961652,0.3489762224030616
2016-10-14,598689.6000000001,24945.400000000005,24945.4,0,49299.3,2054.1375000000003,4028.428,10,134652.168,5610.5070000000005,6013.476,8,0.08234534222742469,0.2249114866869242,0.3072568289143489
2016-10-15,598689.6000000001,24945.400000000005,24945.4,0,33173.067,1382.211125,3135.472,20,94970.367,3957.098625,4756.221,0,0.0554094592590217,0.15863039378001553,0.21403985303903722
2016-10-16,598689.6000000001,24945.400000000005,24945.4,0,37371.719,1557.1549583333333,4447.464,20,93296.331,3887.3471250000002,5196.852,22,0.062422529136968455,0.1558342269516624,0.21825675608863088
2016-10-17,598689.6000000001,24945.400000000005,24945.4,0,74306.436,3096.1015,5099.449,20,130525.497,5438.562375,5957.18,20,0.12411512743832528,0.21801864772663493,0.34213377516496024
2016-10-18,598689.6000000001,24945.400000000005,24945.4,0,74136.033,3089.001375,4630.996,20,136542.05299999999,5689.252208333332,5917.017,7,0.12383050081377726,0.22806818925867423,0.3518986900724515
2016-10-19,598689.6000000001,24945.400000000005,24945.4,0,63731.26700000001,2655.4694583333335,4338.489,20,154806.885,6450.286875000001,7220.23,22,0.10645126790243224,0.2585762054326649,0.36502747333509716
2016-10-20,598689.6000000001,24945.400000000005,24945.4,0,57897.67599999999,2412.4031666666665,3619.082,10,171229.501,7134.562541666666,7421.961,19,0.09670733548737105,0.2860071412631854,0.3827144767505564
2016-10-21,598689.6000000001,24945.400000000005,24945.4,0,66692.69,2778.8620833333334,4262.271,20,165058.066,6877.419416666667,7136.598,12,0.11139777607628393,0.2756989030709736,0.38709667914725754
2016-10-22,598689.6000000001,24945.400000000005,24945.4,0,51851.37700000001,2160.474041666667,4117.645,9,151689.597,6320.399875,6626.617,18,0.08660811378717787,0.2533693536684118,0.33997746745558965
2016-10-23,598689.6000000001,24945.400000000005,24945.4,0,24279.649,1011.6520416666667,3456.742,20,108735.687,4530.653625,5709.467,21,0.04055465302888174,0.18162280921532625,0.22217746224420798
2016-10-24,598689.6000000001,24945.400000000005,24945.4,0,65797.706,2741.5710833333337,4452.493,20,143315.23,5971.467916666667,6674.683,19,0.10990287120404296,0.23938152591927433,0.34928439712331727
2016-10-25,598689.6000000001,24945.400000000005,24945.4,0,69543.003,2897.625125,4753.896,20,156011.364,6500.4735,7261.282,21,0.11615869559117109,0.26058806433250215,0.37674675992367324
2016-10-26,598689.6000000001,24945.400000000005,24945.4,0,68363.967,2848.498625,4564.856,8,162538.267,6772.427791666666,7101.278,8,0.11418933450656232,0.2714900459269711,0.38567938043353345
2016-10-27,598689.6000000001,24945.400000000005,24945.4,0,60364.164000000004,2515.1735000000003,4941.307,20,151722.744,6321.781,6919.618,13,0.10082714648792963,0.25342471958757923,0.35425186607550885
2016-10-28,598689.6000000001,24945.400000000005,24945.4,0,59008.755999999994,2458.6981666666666,4759.875,20,143955.999,5998.166625000001,6439.983,18,0.0985631886707235,0.240451811756877,0.33901500042760047
2016-10-29,598689.6000000001,24945.400000000005,24945.4,0,40864.49,1702.6870833333332,4274.885,20,145249.571,6052.0654583333335,6228.067,0,0.06825655565087484,0.24261248399838575,0.3108690396492606
2016-10-30,598689.6000000001,24945.4,24945.4,0,32073.82944,1336.40956,3058.825,20,142058.61792,5919.10908,6188.52,6,0.053573386676501474,0.2372825883730066,0.29085597504950805
2016-10-31,598689.6000000001,24945.400000000005,24945.4,0,30250.804000000004,1260.4501666666667,3143.138,19,139406.181,5808.590875000001,6194.69,19,0.05052836060623067,0.23285218417022777,0.28338054477645847
2016-11-01,598689.6000000001,24945.400000000005,24945.4,0,33080.693,1378.3622083333332,4448.65,19,140827.685,5867.8202083333335,6718.826,19,0.055255165615036565,0.23522654310347127,0.2904817087185078
2016-11-02,598689.6000000001,24945.400000000005,24945.4,0,59022.972,2459.2905,4724.768,20,157872.115,6578.004791666666,7039.52,16,0.098586933863558,0.26369610395771026,0.36228303782126825
2016-11-03,598689.6000000001,24945.400000000005,24945.4,0,50818.865999999995,2117.45275,3581.149,11,161570.153,6732.089708333333,6954.517,17,0.08488349555429055,0.2698729909455584,0.3547564864998489
2016-11-04,598689.6000000001,24945.400000000005,24945.4,0,57892.591,2412.1912916666665,4551.189,11,154850.159,6452.089958333334,6729.32,12,0.09669884193745806,0.25864848662812917,0.35534732856558726
2016-11-05,598689.6000000001,24945.400000000005,24945.4,0,33470.918,1394.6215833333333,2729.843,19,120561.69,5023.40375,5837.98,19,0.05590696414302168,0.20137595508590758,0.25728291922892926
2016-11-06,598689.6000000001,24945.400000000005,24945.4,0,28818.483,1200.770125,2915.965,19,81165.974,3381.9155833333334,4749.26,21,0.04813593387959302,0.1355727141410173,0.18370864802061032
2016-11-07,598689.6000000001,24945.400000000005,24945.4,0,45982.94,1915.9558333333334,3106.708,9,139510.771,5812.948791666667,6621.245,20,0.07680597758838636,0.23302688237777971,0.30983285996616605
2016-11-08,598689.6000000001,24945.400000000005,24945.4,0,35822.834,1492.6180833333335,2594.861,9,149950.005,6247.916875,6902.185,20,0.05983540385535342,0.2504636876939235,0.31029909154927693
2016-11-09,598689.6000000001,24945.400000000005,24945.4,0,37217.451,1550.7271250000001,3205.653,20,152665.445,6361.060208333333,7056.787,19,0.06216485303903725,0.25499932686320254,0.3171641799022398
2016-11-10,598689.6000000001,24945.400000000005,24945.4,0,53886.40699999999,2245.266958333333,4156.495,20,162517.82,6771.575833333333,7077.853,11,0.09000725417645468,0.2714558930036533,0.36146314718010797
2016-11-11,598689.6000000001,24945.400000000005,24945.4,0,55364.965,2306.8735416666664,4073.54,10,163327.962,6805.33175,7072.233,10,0.09247691124081658,0.2728090850417311,0.3652859962825477
2016-11-12,598689.6000000001,24945.400000000005,24945.4,0,47400.118,1975.0049166666668,4317.913,19,131225.481,5467.728375,6402.176,0,0.07917311074052397,0.21918784124527965,0.2983609519858036
2016-11-13,598689.6000000001,24945.400000000005,24945.4,0,33140.852,1380.8688333333332,3329.12,19,123550.12,5147.921666666666,5784.269,19,0.055355650073092955,0.20636757344707504,0.26172322352016797
2016-11-14,598689.6000000001,24945.400000000005,24945.4,0,34049.981,1418.7492083333334,3199.798,20,136397.739,5683.239125,6534.917,20,0.05687418154582941,0.22782713947260813,0.28470132101843754
2016-11-15,598689.6000000001,24945.400000000005,24945.4,0,46814.906,1950.6210833333334,4585.784,20,153252.809,6385.533708333333,6887.168,21,0.07819562257303284,0.25598040954778567,0.3341760321208185
2016-11-16,598689.6000000001,24945.400000000005,24945.4,0,58812.664000000004,2450.527666666667,4943.425,19,154408.146,6433.672750000001,6642.851,19,0.09823565333354713,0.2579101858458874,0.3561458391794345
2016-11-17,598689.6000000001,24945.400000000005,24945.4,0,55112.591,2296.3579583333335,4407.682,18,152896.966,6370.706916666666,6430.461,8,0.09205536725541916,0.25538603977754076,0.3474414070329599
2016-11-18,598689.6000000001,24945.400000000005,24945.4,0,47730.381,1988.765875,3537.668,19,155839.72,6493.321666666667,6965.715,17,0.07972475386243555,0.26030136484749355,0.3400261187099291
2016-11-19,598689.6000000001,24945.400000000005,24945.4,0,32112.282,1338.01175,2974.031,10,148408.603,6183.691791666667,6715.054,9,0.05363761455017758,0.24788906137671338,0.301526675926891
2016-11-20,598689.6000000001,24945.400000000005,24945.4,0,25307.839,1054.4932916666667,2126.884,20,63655.826,2652.3260833333334,4301.908,0,0.04227205383223626,0.10632525769614169,0.14859731152837796
2016-11-21,598689.6000000001,24945.400000000005,24945.4,0,43317.763,1804.9067916666665,4112.247,19,115968.32,4832.013333333333,6793.552,23,0.07235429344354737,0.19370358195632592,0.2660578753998733
2016-11-22,598689.6000000001,24945.400000000005,24945.4,0,68760.337,2865.014041666667,4034.183,9,174116.771,7254.865458333334,7497.835,21,0.1148513971179723,0.29082979059599495,0.4056811877139673
2016-11-23,598689.6000000001,24945.400000000005,24945.4,0,66307.774,2762.8239166666667,4668.028,18,175395.264,7308.1359999999995,7944.109,18,0.1107548452486898,0.2929652761631402,0.40372012141183
2016-11-24,598689.6000000001,24945.400000000005,24945.4,0,61325.357,2555.2232083333333,4794.826,18,178384.214,7432.675583333334,7677.598,10,0.10243264122176166,0.2979577630879173,0.400390404309679
2016-11-25,598689.6000000001,24945.400000000005,24945.4,0,61836.893,2576.537208333333,4566.887,18,171949.787,7164.5744583333335,7780.053,17,0.10328706728829094,0.2872102455095261,0.3904973127978171
2016-11-26,598689.6000000001,24945.400000000005,24945.4,0,53009.32000000001,2208.721666666667,3919.863,20,144411.454,6017.143916666667,6613.232,16,0.08854224292521533,0.24121256490842663,0.32975480783364197
2016-11-27,598689.6000000001,24945.400000000005,24945.4,0,48083.222,2003.4675833333333,4115.792,20,145412.182,6058.840916666667,6882.278,20,0.08031410934814968,0.242884095531307,0.32319820487945666
2016-11-28,598689.6000000001,24945.400000000005,24945.4,0,80669.449,3361.2270416666665,5963.574,18,170503.644,7104.3185,7605.71,17,0.13474336116745636,0.2847947316940197,0.41953809286147603
2016-11-29,598689.6000000001,24945.400000000005,24945.4,0,87673.987,3653.0827916666663,5783.256,18,188452.223,7852.175958333333,8236.423,20,0.14644314349205328,0.3147745058541187,0.461217649346172
2016-11-30,598689.6000000001,24945.400000000005,24945.4,0,55949.811,2331.242125,5014.705,20,179306.948,7471.122833333334,7935.197,9,0.09345378807315174,0.299499019191247,0.39295280726439874
2016-12-01,598689.6000000001,24945.400000000005,24945.4,0,83876.525,3494.855208333333,6484.67,20,186660.232,7777.509666666666,7957.258,14,0.14010018714205155,0.3117813170631325,0.451881504205184
2016-12-02,598689.6000000001,24945.400000000005,24945.4,0,95924.39,3996.849583333333,6221.665,19,183005.057,7625.210708333333,8003.128,9,0.16022391235792302,0.3056760247714341,0.46589993712935707
2016-12-03,598689.6000000001,24945.400000000005,24945.4,0,52393.357,2183.056541666667,4273.036,10,156980.544,6540.856,7111.449,0,0.08751339091241939,0.26220689986931456,0.34972029078173394
2016-12-04,598689.6000000001,24945.400000000005,24945.4,0,39328.357,1638.6815416666668,3056.751,21,116021.05299999999,4834.210541666666,5461.831,13,0.06569073022147036,0.19379166265791148,0.25948239287938185
2016-12-05,598689.6000000001,24945.400000000005,24945.4,0,72250.008,3010.417,5895.407,18,148515.868,6188.161166666666,6909.106,19,0.12068024565651381,0.2480682276759108,0.3687484733324246
2016-12-06,598689.6000000001,24945.400000000005,24945.4,0,72354.654,3014.7772499999996,5959.602,19,161440.9,6726.704166666666,6890.327,10,0.12085503740168525,0.26965709776819236,0.3905121351698776
2016-12-07,598689.6000000001,24945.400000000005,24945.4,0,69214.393,2883.9330416666667,5918.469,18,163924.152,6830.173,7078.698,19,0.11560981349934922,0.2738049099232724,0.3894147234226216
2016-12-08,598689.6000000001,24945.400000000005,24945.4,0,40260.218,1677.5090833333334,4104.57,18,151176.804,6299.0335000000005,6785.508,19,0.06724723128646296,0.25251282801638775,0.3197600593028507
2016-12-09,598689.6000000001,24945.400000000005,24945.4,0,44480.789,1853.3662083333331,4716.338,18,148763.535,6198.480625,7048.023,10,0.07429691279086857,0.24848190949032684,0.3227788222811954
2016-12-10,598689.6000000001,24945.400000000005,24945.4,0,45178.467,1882.436125,4802.644,20,134693.649,5612.235375,6185.101,23,0.07546225456396768,0.22498077300824998,0.30044302757221764
2016-12-11,598689.6000000001,24945.400000000005,24945.4,0,50385.704,2099.4043333333334,4572.648,19,152848.337,6368.680708333333,7409.616,21,0.08415997872687281,0.2553048140472124,0.3394647927740852
2016-12-12,598689.6000000001,24945.400000000005,24945.4,0,70034.487,2918.1036249999997,5645.635,19,183854.361,7660.5983750000005,8273.62,20,0.11697962850866289,0.3070946296712019,0.42407425817986477
2016-12-13,598689.6000000001,24945.400000000005,24945.4,0,77934.738,3247.28075,5546.07,18,194244.273,8093.511374999999,8237.588,14,0.13017553336486884,0.32444905172897603,0.45462458509384485
2016-12-14,598689.6000000001,24945.400000000005,24945.4,0,81814.004,3408.916833333333,5866.361,19,193078.356,8044.9315,8301.572,21,0.13665512813317618,0.32250160350204843,0.45915673163522464
2016-12-15,598689.6000000001,24945.400000000005,24945.4,0,87884.034,3661.83475,5852.792,10,181632.071,7568.0029583333335,8283.667,3,0.14679398806994473,0.3033827061635946,0.45017669423353934
2016-12-16,598689.6000000001,24945.400000000005,24945.4,0,65741.01,2739.20875,5471.252,9,168045.404,7001.891833333334,7321.965,15,0.10980817104556348,0.28068869744856095,0.39049686849412446
2016-12-17,598689.6000000001,24945.400000000005,24945.4,0,38830.996,1617.9581666666666,4397.628,19,130380.05900000001,5432.502458333333,6194.057,19,0.06485998086487554,0.21777572050692043,0.28263570137179594
2016-12-18,598689.6000000001,24945.400000000005,24945.4,0,37401.429000000004,1558.3928750000002,4300.631,19,120469.209,5019.550375,6203.124,20,0.06247215418473947,0.20122148271825666,0.26369363690299613
2016-12-19,598689.6000000001,24945.400000000005,24945.4,0,76513.418,3188.0590833333335,4983.081,10,170575.078,7107.294916666667,7737.339,13,0.12780148176951794,0.2849140489495725,0.41271553071909045
2016-12-20,598689.6000000001,24945.400000000005,24945.4,0,73971.177,3082.1323749999997,4863.139,10,183093.487,7628.895291666667,7914.882,10,0.1235551394245031,0.3058237306945034,0.4293788701190065
2016-12-21,598689.6000000001,24945.400000000005,24945.4,0,72194.189,3008.0912083333333,5761.615,18,184241.868,7676.7445,7932.038,12,0.12058701036396823,0.3077418882840122,0.42832889864798046
2016-12-22,598689.6000000001,24945.400000000005,24945.4,0,78036.548,3251.522833333333,5619.471,19,190452.926,7935.538583333334,8233.97,17,0.13034558809773877,0.31811630935296015,0.4484618974506989
2016-12-23,598689.6000000001,24945.400000000005,24945.4,0,63217.612,2634.0671666666667,4336.414,19,181124.647,7546.860291666667,8036.371,0,0.10559330243919385,0.30253514843083956,0.4081284508700334
2016-12-24,598689.6000000001,24945.400000000005,24945.4,0,37081.655,1545.0689583333333,3732.39,19,156944.081,6539.336708333333,7491.661,19,0.06193803099302208,0.2621459951868213,0.3240840261798434
2016-12-25,598689.6000000001,24945.400000000005,24945.4,0,27957.663,1164.902625,3292.458,20,125569.959,5232.081625,6922.609,20,0.04669809363650211,0.20974134008674944,0.25643943372325156
2016-12-26,598689.6000000001,24945.400000000005,24945.4,0,30972.714,1290.52975,3101.316,19,143540.945,5980.872708333333,6749.778,21,0.05173417744353668,0.2397585409868486,0.29149271843038527
2016-12-27,598689.6000000001,24945.400000000005,24945.4,0,56333.674,2347.2364166666666,4579.644,18,159775.25,6657.302083333333,7436.868,21,0.09409496005943646,0.2668749381983585,0.36096989825779496
2016-12-28,598689.6000000001,24945.400000000005,24945.4,0,46994.332,1958.0971666666667,3909.915,19,165617.106,6900.71275,7607.282,20,0.07849532044652187,0.27663267576386824,0.3551279962103901
2016-12-29,598689.6000000001,24945.400000000005,24945.4,0,54232.42999999999,2259.684583333333,4845.32,19,156364.432,6515.184666666667,7187.36,9,0.09058522145699538,0.26117779897963816,0.35176302043663354
2016-12-30,598689.6000000001,24945.400000000005,24945.4,0,58577.068,2440.7111666666665,4356.4,19,166621.017,6942.542375,7296.803,21,0.09784213388707602,0.2783095229982281,0.3761516568853041
2016-12-31,598689.6000000001,24945.400000000005,24945.4,0,44923.128,1871.7969999999998,4359.092,19,166353.436,6931.393166666666,7326.189,19,0.07503575809568096,0.277862578538194,0.352898336633875
2017-01-01,598689.6000000001,24945.400000000005,24945.4,0,40877.111,1703.2129583333333,3528.258,19,155274.131,6469.755458333333,7089.925,0,0.06827763669186836,0.259356653264062,0.32763428995593036
2017-01-02,598689.6000000001,24945.400000000005,24945.4,0,57472.51,2394.6879166666668,5409.054,19,163470.8,6811.283333333333,7532.597,18,0.0959971744957654,0.27304766944339764,0.36904484393916304
2017-01-03,598689.6000000001,24945.400000000005,24945.4,0,73432.531,3059.688791666667,5238.586,11,178756.46,7448.185833333333,7833.094,12,0.12265543112825075,0.29857953102910084,0.42123496215735157
2017-01-04,598689.6000000001,24945.400000000005,24945.4,0,64055.138,2668.9640833333333,4319.292,10,180639.362,7526.640083333333,7814.331,10,0.10699223437320439,0.30172456979376283,0.4087168041669672
2017-01-05,598689.6000000001,24945.400000000005,24945.4,0,55411.14899999999,2308.7978749999997,4192.768,11,169587.824,7066.159333333333,7797.021,10,0.09255405305186525,0.2832650241460683,0.37581907719793356
2017-01-06,598689.6000000001,24945.400000000005,24945.4,0,54482.685,2270.111875,4511.072,21,155549.087,6481.211958333333,6869.881,21,0.09100322604568375,0.2598159162945205,0.3508191423402043
2017-01-07,598689.6000000001,24945.400000000005,24945.4,0,55288.761,2303.698375,4751.667,19,144346.69,6014.4454166666665,6370.349,0,0.09234962658446044,0.24110438865148145,0.33345401523594187
2017-01-08,598689.6000000001,24945.400000000005,24945.4,0,38549.282,1606.2200833333334,4202.631,19,132920.81,5538.3670833333335,6137.493,0,0.06438942984812163,0.22201957408313086,0.28640900393125246
2017-01-09,598689.6000000001,24945.400000000005,24945.4,0,76912.682,3204.6950833333335,5621.849,18,142252.506,5927.18775,6649.8,19,0.12846837827147822,0.2376064424703552,0.3660748207418334
2017-01-10,598689.6000000001,24945.400000000005,24945.4,0,66437.833,2768.2430416666666,4920.569,19,157414.573,6558.940541666667,7215.79,16,0.11097208469965068,0.2629318648595198,0.3739039495591705
2017-01-11,598689.6000000001,24945.400000000005,24945.4,0,74072.214,3086.34225,5650.508,19,168859.647,7035.818625,7685.492,20,0.12372390300416108,0.2820487394469521,0.40577264245111316
2017-01-12,598689.6000000001,24945.400000000005,24945.4,0,65986.784,2749.4493333333335,4696.887,10,183813.847,7658.910291666667,7991.078,18,0.11021869095437768,0.307026958544127,0.4172456494985047
2017-01-13,598689.6000000001,24945.400000000005,24945.4,0,46758.913,1948.2880416666667,4033.337,20,182073.014,7586.375583333333,8008.719,19,0.07810209664574096,0.3041192197091781,0.38222131635491907
2017-01-14,598689.6000000001,24945.400000000005,24945.4,0,51231.584,2134.6493333333333,4219.723,19,176549.946,7356.2477499999995,7859.445,0,0.08557286446933435,0.2948939584051568,0.3804668228744912
2017-01-15,598689.6000000001,24945.400000000005,24945.4,0,35946.969,1497.7903749999998,4472.931,20,173875.753,7244.8230416666665,7636.743,17,0.06004274836242352,0.29042721470357924,0.35046996306600275
2017-01-16,598689.6000000001,24945.400000000005,24945.4,0,52211.587,2175.482791666667,4696.407,19,170428.557,7101.189875,7812.7,9,0.08720977782142865,0.2846693127791095,0.37187909060053814
2017-01-17,598689.6000000001,24945.400000000005,24945.4,0,62128.10500000001,2588.671041666667,5460.761,19,168961.166,7040.048583333333,7348.91,19,0.10377348295343697,0.2822183081182636,0.38599179107170056
2017-01-18,598689.6000000001,24945.400000000005,24945.4,0,79283.49399999999,3303.4789166666665,5012.993,19,173545.95,7231.08125,7473.521,18,0.13242838024913073,0.2898763399263992,0.42230472017552995
2017-01-19,598689.6000000001,24945.400000000005,24945.4,0,110936.239,4622.343291666667,6343.103,11,164466.222,6852.75925,7036.54,20,0.1852984234234234,0.274710337376831,0.4600087608002544
2017-01-20,598689.6000000001,24945.400000000005,24945.4,0,104758.228,4364.926166666667,6264.833,19,167202.932,6966.788833333333,7473.489,12,0.17497920124217956,0.2792815041383715,0.4542607053805511
2017-01-21,598689.6000000001,24945.400000000005,24945.4,0,87090.529,3628.7720416666666,4820.243,11,150333.75400000002,6263.906416666668,6756.837,19,0.14546858505642987,0.25110466926434,0.39657325432076984
2017-01-22,598689.6000000001,24945.400000000005,24945.4,0,63921.71800000001,2663.404916666667,4875.885,19,150845.512,6285.229666666666,6753.062,22,0.10676938099475922,0.25195946614071796,0.35872884713547715
2017-01-23,598689.6000000001,24945.400000000005,24945.4,0,87716.893,3654.8705416666667,5508.812,19,179434.668,7476.4445000000005,8005.132,22,0.14651481001173225,0.29971235177627936,0.4462271617880116
2017-01-24,598689.6000000001,24945.400000000005,24945.4,0,94119.069,3921.627875,5514.161,19,188060.911,7835.871291666666,8092.387,10,0.15720845827286792,0.3141208916941266,0.4713293499669945
2017-01-25,598689.6000000001,24945.400000000005,24945.4,0,101982.44200000001,4249.268416666667,5629.185,10,183524.113,7646.838041666667,7991.265,20,0.1703427652660076,0.3065430116040098,0.47688577687001743
2017-01-26,598689.6000000001,24945.400000000005,24945.4,0,92202.773,3841.7822083333335,4928.696,10,187881.765,7828.406875000001,8093.806,1,0.1540076410213239,0.31382166150873503,0.46782930253005894
2017-01-27,598689.6000000001,24945.400000000005,24945.4,0,68763.138,2865.1307500000003,4452.379,20,187044.464,7793.519333333334,8052.38,11,0.11485607566926166,0.3124231053955171,0.42727918106477875
2017-01-28,598689.6000000001,24945.400000000005,24945.4,0,34569.326,1440.3885833333334,3994.653,20,145944.57,6081.02375,7219.419,0,0.057741651099334275,0.24377335099858088,0.30151500209791515
2017-01-29,598689.6000000001,24945.400000000005,24945.4,0,31576.977,1315.707375,2848.806,20,144422.76499999998,6017.615208333333,6615.882,21,0.052743486775116845,0.24123145783724984,0.2939749446123667
2017-01-30,598689.6000000001,24945.400000000005,24945.4,0,48617.149,2025.7145416666665,3873.091,19,159890.022,6662.08425,7348.036,20,0.081205935429645,0.2670666435495121,0.3482725789791571
2017-01-31,598689.6000000001,24945.400000000005,24945.4,0,63584.81599999999,2649.367333333333,4726.685,19,170876.664,7119.861,7317.199,10,0.10620664865399362,0.2854177924587298,0.39162444111272343
2017-02-01,598689.6000000001,24945.400000000005,24945.4,0,44729.739,1863.739125,3261.386,10,175210.089,7300.420375000001,7777.512,11,0.0747127376189598,0.29265597565082135,0.36736871326978116
2017-02-02,598689.6000000001,24945.400000000005,24945.4,0,34237.264,1426.5526666666667,2317.29,19,111441.421,4643.392541666667,5447.368,0,0.05718700308139643,0.18614223631076937,0.2433292393921658
2017-02-03,598689.6000000001,24945.400000000005,24945.4,0,48335.034,2013.95975,2937.14,8,82622.093,3442.587208333333,4080.553,21,0.08073471461672291,0.13800489101531074,0.21873960563203365
2017-02-04,598689.6000000001,24945.400000000005,24945.4,0,51891.713,2162.1547083333335,3396.551,21,55599.756,2316.6565,2981.767,0,0.0866754875982479,0.09286908608400746,0.17954457368225535
2017-02-05,598689.6000000001,24945.400000000005,24945.4,0,69788.151,2907.839625,4051.707,19,34934.434,1455.6014166666666,2010.783,0,0.1165681698830245,0.05835149633466156,0.17491966621768607
2017-02-06,598689.6000000001,24945.400000000005,24945.4,0,70553.564,2939.7318333333333,4573.803,20,96166.765,4006.9485416666666,5338.468,19,0.1178466504178459,0.16062875486729683,0.2784754052851427
2017-02-07,598689.6000000001,24945.400000000005,24945.4,0,75689.902,3153.7459166666667,4818.126,9,143467.098,5977.79575,6948.134,17,0.12642595094352732,0.23963519326208435,0.36606114420561164
2017-02-08,598689.6000000001,24945.400000000005,24945.4,0,79452.426,3310.5177500000004,5129.927,20,155311.276,6471.3031666666675,7544.838,20,0.1327105498408524,0.2594186971011355,0.3921292469419879
2017-02-09,598689.6000000001,24945.400000000005,24945.4,0,95556.636,3981.5265,5989.437,19,161242.697,6718.445708333333,7223.156,10,0.1596096474700746,0.26932603639682395,0.42893568386689856
2017-02-10,598689.6000000001,24945.400000000005,24945.4,0,111575.78699999998,4648.991125,6419.648,19,160799.761,6699.990041666667,7187.507,15,0.18636666980685812,0.2685861939141752,0.45495286372103333
2017-02-11,598689.6000000001,24945.400000000005,24945.4,0,74840.855,3118.368958333333,4724.345,19,116758.24000000002,4864.926666666667,5732.566,0,0.12500777531462043,0.19502299689187852,0.32003077220649895
2017-02-12,598689.6000000001,24945.400000000005,24945.4,0,51095.606999999996,2128.983625,3729.655,19,54704.277,2279.3448750000002,3340.465,0,0.08534574009637046,0.09137335440602275,0.1767190945023932
2017-02-13,598689.6000000001,24945.400000000005,24945.4,0,80891.987,3370.499458333333,5480.379,20,113909.81400000001,4746.24225,6222.51,20,0.13511506964543893,0.19026522926070538,0.3253802989061443
2017-02-14,598689.6000000001,24945.400000000005,24945.4,0,82995.686,3458.1535833333332,5699.025,20,132369.854,5515.410583333333,6057.393,17,0.13862890887030607,0.22109930421373608,0.3597282130840421
2017-02-15,598689.6000000001,24945.400000000005,24945.4,0,75342.173,3139.257208333333,5414.001,20,134151.195,5589.633125,6698.93,19,0.1258451341062213,0.22407470415387204,0.3499198382600933
2017-02-16,598689.6000000001,24945.400000000005,24945.4,0,79494.805,3312.283541666666,5712.198,20,152509.807,6354.575291666667,7262.976,22,0.13278133610471934,0.25473936243422296,0.38752069853894233
2017-02-17,598689.6000000001,24945.400000000005,24945.4,0,83300.571,3470.857125,5675.657,19,160695.82200000001,6695.659250000001,7133.09,21,0.13913816274744037,0.2684125830814499,0.4075507458288903
2017-02-18,598689.6000000001,24945.400000000005,24945.4,0,70724.467,2946.8527916666667,4275.313,20,137381.55299999999,5724.231374999999,6563.155,0,0.11813211219971083,0.22947041839377194,0.3476025305934828
2017-02-19,598689.6000000001,24945.400000000005,24945.4,0,57520.152,2396.6730000000002,3780.308,20,107353.70199999999,4473.070916666667,5797.741,20,0.09607675162555018,0.1793144594460969,0.2753912110716471
2017-02-20,598689.6000000001,24945.400000000005,24945.4,0,65510.33899999999,2729.597458333333,4207.028,19,133933.538,5580.564083333334,6683.682,10,0.10942287789866399,0.22371114848161716,0.33313402638028117
2017-02-21,598689.6000000001,24945.400000000005,24945.4,0,72559.819,3023.3257916666666,4766.744,20,136473.302,5686.387583333333,6664.599,8,0.12119772750353437,0.22795335345728399,0.34915108096081837
2017-02-22,598689.6000000001,24945.400000000005,24945.4,0,79709.515,3321.2297916666666,6007.343,20,130224.62699999998,5426.026124999999,6066.592,10,0.13313996935974834,0.21751610016275538,0.3506560695225037
2017-02-23,598689.6000000001,24945.400000000005,24945.4,0,88387.864,3682.8276666666666,5623.714,11,132735.617,5530.650708333334,6232.462,21,0.14763554269190576,0.22171024350514854,0.36934578619705427
2017-02-24,598689.6000000001,24945.400000000005,24945.4,0,65339.295,2722.470625,4309.169,20,126537.182,5272.382583333333,6129.551,11,0.1091371806024357,0.21135690681782343,0.32049408742025914
2017-02-25,598689.6000000001,24945.400000000005,24945.4,0,67690.282,2820.428416666667,5047.567,20,106537.47,4439.06125,4863.794,12,0.11306406859247262,0.17795109519189908,0.2910151637843717
2017-02-26,598689.6000000001,24945.400000000005,24945.4,0,62033.216,2584.7173333333335,4720.357,20,109136.225,4547.342708333334,5373.627,22,0.10361498846814775,0.18229183369813004,0.2859068221662778
2017-02-27,598689.6000000001,24945.400000000005,24945.4,0,53714.452999999994,2238.1022083333332,3929.587,9,78268.019,3261.1674583333333,3842.906,12,0.0897200368939096,0.13073221749634534,0.22045225439025495
2017-02-28,598689.6000000001,24945.400000000005,24945.4,0,63389.91100000001,2641.246291666667,4967.764,21,73013.027,3042.2094583333333,3882.979,21,0.10588109598028761,0.1219547274581018,0.22783582343838943
2017-03-01,598689.6000000001,24945.400000000005,24945.4,0,86689.984,3612.0826666666667,5993.237,20,94735.129,3947.2970416666667,4727.083,22,0.14479954888142366,0.15823747230618335,0.303037021187607
2017-03-02,598689.6000000001,24945.400000000005,24945.4,0,99747.59,4156.149583333333,6296.402,19,100954.09400000001,4206.4205833333335,4494.769,1,0.1666098592659702,0.16862510055294094,0.33523495981891116
2017-03-03,598689.6000000001,24945.400000000005,24945.4,0,79117.999,3296.5832916666664,5073.798,9,48970.859000000004,2040.4524583333334,3153.518,0,0.13215195152880554,0.08179674241877594,0.21394869394758148
2017-03-04,598689.6000000001,24945.400000000005,24945.4,0,83984.879,3499.369958333333,6023.755,20,43576.172,1815.6738333333333,2386.056,12,0.14028117241388524,0.07278591777775995,0.2130670901916452
2017-03-05,598689.6000000001,24945.400000000005,24945.4,0,69755.936,2906.4973333333332,4695.277,20,32647.380000000005,1360.3075000000001,1968.245,13,0.11651436069709578,0.054531396570109116,0.1710457572672049
2017-03-06,598689.6000000001,24945.400000000005,24945.4,0,84507.153,3521.1313750000004,6685.016,19,33845.204,1410.2168333333332,1962.51,21,0.14115353431895258,0.056532139526058234,0.19768567384501082
2017-03-07,598689.6000000001,24945.400000000005,24945.4,0,89017.699,3709.0707916666665,6003.879,19,63878.081,2661.5867083333333,3383.393,10,0.14868756530930216,0.10669649347508289,0.2553840587843851
2017-03-08,598689.6000000001,24945.400000000005,24945.4,0,103839.10499999998,4326.6293749999995,6819.293,20,85284.065,3553.5027083333334,4299.178,17,0.17344397664499261,0.14245122180174832,0.31589519844674097
2017-03-09,598689.6000000001,24945.400000000005,24945.4,0,99906.10700000002,4162.754458333334,6400.686,20,80759.22,3364.9675,3697.611,10,0.16687463253078055,0.13489330698244964,0.3017679395132302
2017-03-10,598689.6000000001,24945.400000000005,24945.4,0,94060.674,3919.19475,6157.504,20,63785.886,2657.74525,3051.728,0,0.1571109202498256,0.10654249881741722,0.2636534190672428
2017-03-11,598689.6000000001,24945.400000000005,24945.4,0,72285.297,3011.8873750000002,4173.626,11,45155.546,1881.4810833333333,2254.955,20,0.12073918938962694,0.07542396928224575,0.19616315867187267
2017-03-12,598689.6000000001,24945.400000000005,24945.4,0,50396.134,2099.8389166666666,2794.313,22,35294.473,1470.6030416666665,1644.215,17,0.08417740010850362,0.058952874745109976,0.1431302748536136
2017-03-13,598689.6000000001,24945.400000000005,24945.4,0,71585.38,2982.724166666667,4579.629,20,42719.974,1779.9989166666667,2248.618,20,0.11957010778206269,0.07135579772890659,0.19092590551096927
2017-03-14,598689.6000000001,24945.400000000005,24945.4,0,80998.687,3374.945291666667,6395.583,20,41969.445999999996,1748.7269166666665,2093.013,8,0.13529329221686828,0.07010217982740971,0.205395472044278
2017-03-15,598689.6000000001,24945.400000000005,24945.4,0,87532.38,3647.1825000000003,6352.898,19,38979.818,1624.1590833333332,1812.813,19,0.14620661524770096,0.06510856042931094,0.2113151756770119
2017-03-16,598689.6000000001,24945.400000000005,24945.4,0,92097.607,3837.400291666667,5848.514,21,40465.73,1686.0720833333335,2298.918,20,0.15383198071254284,0.06759050098749,0.22142248170003284
2017-03-17,598689.6000000001,24945.400000000005,24945.4,0,96818.192,4034.0913333333333,6212.39,20,49307.535,2054.480625,2424.5,11,0.1617168429182668,0.08235909726843425,0.24407594018670103
2017-03-18,598689.6000000001,24945.400000000005,24945.4,0,93008.792,3875.3663333333334,5407.004,20,50512.42,2104.6841666666664,2387.602,22,0.15535394635216646,0.08437163431601283,0.23972558066817928
2017-03-19,598689.6000000001,24945.400000000005,24945.4,0,81965.246,3415.2185833333333,5922.099,21,41818.976,1742.4573333333335,2091.352,0,0.13690774985902543,0.06985084758445778,0.2067585974434832
2017-03-20,598689.6000000001,24945.400000000005,24945.4,0,93349.955,3889.5814583333336,5861.669,9,49837.543,2076.5642916666666,2415.715,20,0.15592379590358674,0.08324437738687959,0.23916817329046633
2017-03-21,598689.6000000001,24945.400000000005,24945.4,0,91313.957,3804.748208333333,5671.348,19,49803.609,2075.1503749999997,2435.942,13,0.15252303864974434,0.08318769693009531,0.23571073557983965
2017-03-22,598689.6000000001,24945.400000000005,24945.4,0,89703.092,3737.6288333333337,6458.417,20,43490.891,1812.1204583333335,2248.502,21,0.14983238726712472,0.07264347167547255,0.22247585894259728
2017-03-23,598689.6000000001,24945.400000000005,24945.4,0,103044.237,4293.509875,6814.639,20,59223.816000000006,2467.659,2795.007,18,0.17211629699263187,0.09892240653587435,0.27103870352850623
2017-03-24,598689.6000000001,24945.400000000005,24945.4,0,134874.007,5619.750291666667,7659.935,12,65020.673,2709.1947083333334,2825.07,7,0.22528202761497776,0.1086049816131765,0.3338870092281543
2017-03-25,598689.6000000001,24945.400000000005,24945.4,0,89218.776,3717.449,6370.149,20,52328.00899999999,2180.333708333333,2462.404,21,0.14902342716492817,0.08740423919172804,0.2364276663566562
2017-03-26,598689.6000000001,24945.4,24945.4,0,62754.48834782609,2614.770347826087,4166.159,21,36503.05878260869,1520.9607826086956,2213.761,0,0.10481974022569639,0.060971593264036464,0.16579133348973285
2017-03-27,598689.6000000001,24945.400000000005,24945.4,0,95165.891,3965.2454583333333,6029.91,21,71741.355,2989.223125,3894.548,11,0.1589569803784799,0.11983063510707383,0.27878761548555375
2017-03-28,598689.6000000001,24945.400000000005,24945.4,0,90157.023,3756.542625,6120.329,21,98964.019,4123.500791666666,4786.166,11,0.15059059485917242,0.16530104915802776,0.31589164401720016
2017-03-29,598689.6000000001,24945.400000000005,24945.4,0,86994.148,3624.7561666666666,6265.242,21,87685.812,3653.5755000000004,4159.017,0,0.14530759846170702,0.1464628949625983,0.2917704934243053
2017-03-30,598689.6000000001,24945.400000000005,24945.4,0,76043.235,3168.468125,5421.476,9,69957.218,2914.884083333333,3798.279,0,0.1270161282240413,0.11685056496722172,0.24386669319126303
2017-03-31,598689.6000000001,24945.400000000005,24945.4,0,73648.69,3068.695416666667,6190.618,9,47872.284999999996,1994.6785416666664,2617.671,0,0.12301648466918415,0.07996177819023412,0.20297826285941828
2017-04-01,598689.6000000001,24945.400000000005,24945.4,0,58418.048,2434.0853333333334,4264.729,21,32002.917,1333.4548750000001,1601.779,14,0.09757652045400488,0.0534549405902491,0.15103146104425397
2017-04-02,598689.6000000001,24945.400000000005,24945.4,0,59138.496,2464.104,4700.499,21,33856.411,1410.6837916666666,1653.33,21,0.09877989529131621,0.05655085874215954,0.15533075403347574
2017-04-03,598689.6000000001,24945.400000000005,24945.4,0,96052.245,4002.1768749999997,5841.746,9,70313.633,2929.7347083333334,3504.129,21,0.16043747043543094,0.11744589015743716,0.2778833605928681
2017-04-04,598689.6000000001,24945.400000000005,24945.4,0,74281.932,3095.0805,5364.521,8,70736.414,2947.3505833333334,3347.126,9,0.12407419804853799,0.11815206744864115,0.24222626549717913
2017-04-05,598689.6000000001,24945.400000000005,24945.4,0,56385.72499999999,2349.405208333333,3873.684,8,43255.146,1802.29775,2133.407,0,0.09418190160644177,0.07224970335212103,0.1664316049585628
2017-04-06,598689.6000000001,24945.400000000005,24945.4,0,57446.692,2393.612166666667,4381.356,21,44068.99,1836.2079166666665,2177.607,21,0.09595405031254926,0.07360907889497327,0.16956312920752253
2017-04-07,598689.6000000001,24945.400000000005,24945.4,0,75977.97,3165.74875,5558.411,21,58848.037,2452.0015416666665,2766.767,21,0.12690711513946457,0.09829473737308947,0.22520185251255403
2017-04-08,598689.6000000001,24945.400000000005,24945.4,0,68229.507,2842.8961249999998,4613.947,21,63360.642,2640.02675,2741.674,12,0.11396474400089794,0.10583220754127012,0.21979695154216805
2017-04-09,598689.6000000001,24945.400000000005,24945.4,0,51798.53,2158.2720833333333,4097.926,21,50373.689,2098.9037083333333,2431.843,21,0.086519842669724,0.08413990989654738,0.17065975256627136
2017-04-10,598689.6000000001,24945.400000000005,24945.4,0,74171.565,3090.481875,4911.67,21,82690.255,3445.427291666667,3919.244,14,0.12388985043334641,0.13811874300138166,0.26200859343472804
2017-04-11,598689.6000000001,24945.400000000005,24945.4,0,91846.826,3826.9510833333334,5241.413,9,91203.341,3800.1392083333335,3926.545,9,0.15341309753835708,0.15233827512620896,0.30575137266456603
2017-04-12,598689.6000000001,24945.400000000005,24945.4,0,92030.003,3834.583458333333,5343.257,9,98107.187,4087.7994583333334,4243.603,13,0.1537190607620376,0.1638698701296966,0.3175889308917342
2017-04-13,598689.6000000001,24945.400000000005,24945.4,0,61216.339,2550.6807916666667,4061.885,10,89739.772,3739.1571666666664,4156.053,6,0.1022505468610111,0.14989365440789348,0.2521442012689046
2017-04-14,598689.6000000001,24945.400000000005,24945.4,0,56997.46799999999,2374.8945,3395.395,10,59357.361000000004,2473.223375,3268.231,0,0.09520370489148297,0.09914546870364876,0.19434917359513174
2017-04-15,598689.6000000001,24945.400000000005,24945.4,0,48667.338,2027.8057500000002,3030.061,10,42229.042,1759.5434166666666,2294.133,21,0.08128976685080215,0.07053578682509266,0.15182555367589481
2017-04-16,598689.6000000001,24945.400000000005,24945.4,0,51043.90400000001,2126.8293333333336,4194.871,21,42324.576,1763.5240000000001,2371.096,21,0.08525937981885773,0.07069535866332069,0.15595473848217842
2017-04-17,598689.6000000001,24945.400000000005,24945.4,0,63277.015,2636.5422916666666,3792.708,10,64325.12299999999,2680.213458333333,3360.176,21,0.10569252413938707,0.10744319426961815,0.21313571840900522
2017-04-18,598689.6000000001,24945.400000000005,24945.4,0,57253.655,2385.5689583333333,3453.792,11,58658.231,2444.092958333333,2855.607,0,0.0956316177865792,0.09797770163370133,0.19360931942028053
2017-04-19,598689.6000000001,24945.400000000005,24945.4,0,48872.513,2036.3547083333333,2686.013,21,27100.650999999998,1129.1937916666666,1703.859,0,0.08163247365579758,0.04526661395153681,0.1268990876073344
2017-04-20,598689.6000000001,24945.400000000005,24945.4,0,52110.053,2171.2522083333333,4077.218,8,34591.43,1441.3095833333334,2060.796,21,0.08704018409539767,0.05777857173400038,0.14481875582939804
2017-04-21,598689.6000000001,24945.400000000005,24945.4,0,56774.76299999999,2365.615125,4832.645,8,47882.22,1995.0925,2439.068,21,0.09483171747095655,0.0799783727661212,0.17481009023707775
2017-04-22,598689.6000000001,24945.400000000005,24945.4,0,60895.19900000001,2537.2999583333335,4981.032,21,62631.124,2609.630166666667,3161.035,21,0.10171414201950393,0.10461368295022996,0.2063278249697339
2017-04-23,598689.6000000001,24945.400000000005,24945.4,0,50908.702999999994,2121.1959583333332,4137.644,21,75402.091,3141.7537916666665,3392.498,22,0.08503355161004966,0.12594521601845093,0.2109787676285006
2017-04-24,598689.6000000001,24945.400000000005,24945.4,0,80507.147,3354.4644583333334,5351.343,9,86413.154,3600.548083333333,3963.424,20,0.134472265761757,0.14433715568134134,0.27880942144309834
2017-04-25,598689.6000000001,24945.400000000005,24945.4,0,74466.386,3102.7660833333334,6008.101,9,82030.795,3417.9497916666664,3574.093,10,0.1243822942640059,0.13701723731295815,0.26139953157696405
2017-04-26,598689.6000000001,24945.400000000005,24945.4,0,64305.51299999999,2679.396375,4621.627,10,82465.405,3436.0585416666668,3949.324,12,0.1074104393996488,0.13774317275596568,0.2451536121556145
2017-04-27,598689.6000000001,24945.400000000005,24945.4,0,69091.534,2878.8139166666665,5244.509,9,88603.143,3691.7976249999997,4183.083,9,0.11540460031375188,0.1479951263559614,0.2633997266697133
2017-04-28,598689.6000000001,24945.400000000005,24945.4,0,62404.337,2600.1807083333333,4003.47,11,87616.607,3650.6919583333333,4146.415,17,0.10423487730536823,0.1463473008383643,0.2505821781437325
2017-04-29,598689.6000000001,24945.400000000005,24945.4,0,47540.739,1980.864125,3999.032,10,74248.981,3093.7075416666667,3815.615,12,0.07940799205464734,0.12401915951103876,0.20342715156568608
2017-04-30,598689.6000000001,24945.400000000005,24945.4,0,35611.849,1483.8270416666667,2639.669,21,30526.0,1271.9166666666667,1668.237,0,0.059482992522335444,0.05098802451220131,0.11047101703453675
2017-05-01,598689.6000000001,24945.400000000005,24945.4,0,45055.985,1877.3327083333334,5448.99,21,37963.741,1581.8225416666667,2376.03,23,0.0752576710869873,0.06341139214711596,0.13866906323410327
2017-05-02,598689.6000000001,24945.400000000005,24945.4,0,64402.96100000001,2683.4567083333336,4221.756,9,112304.013,4679.333875,5459.722,21,0.10757320822008601,0.18758303635139142,0.29515624457147743
2017-05-03,598689.6000000001,24945.400000000005,24945.4,0,65161.342000000004,2715.0559166666667,5187.008,8,124490.73799999998,5187.114083333333,5495.543,21,0.1088399431024023,0.20793870145731605,0.3167786445597184
2017-05-04,598689.6000000001,24945.400000000005,24945.4,0,60992.15700000001,2541.339875,4921.366,21,118580.20200000002,4940.8417500000005,5547.953,9,0.10187609238577051,0.19806624668275513,0.29994233906852563
2017-05-05,598689.6000000001,24945.400000000005,24945.4,0,49468.992,2061.208,4246.482,10,77863.11,3244.29625,4125.069,10,0.08262878125826804,0.13005589206827708,0.21268467332654512
2017-05-06,598689.6000000001,24945.400000000005,24945.4,0,51835.504,2159.8126666666667,5078.58,22,75283.46,3136.8108333333334,3760.269,23,0.08658160088299512,0.12574706492312543,0.21232866580612053
2017-05-07,598689.6000000001,24945.400000000005,24945.4,0,47421.289,1975.8870416666666,3065.095,0,83818.688,3492.445333333333,3776.59,21,0.0792084729716367,0.1400035811545749,0.2192120541262116
2017-05-08,598689.6000000001,24945.400000000005,24945.4,0,64686.94499999999,2695.289375,4110.443,21,102799.739,4283.322458333333,4832.712,21,0.10804755085105869,0.17170790840529046,0.27975545925634915
2017-05-09,598689.6000000001,24945.400000000005,24945.4,0,63737.58900000001,2655.732875,4231.4,12,112507.61600000001,4687.817333333333,4864.951,11,0.1064618276315473,0.1879231174217825,0.2943849450533298
2017-05-10,598689.6000000001,24945.400000000005,24945.4,0,56527.907999999996,2355.3295,3545.064,10,103744.66500000001,4322.694375,4624.681,8,0.0944193919520232,0.17328623213097402,0.26770562408299725
2017-05-11,598689.6000000001,24945.400000000005,24945.4,0,52809.39200000001,2200.3913333333335,3454.734,21,60298.85799999999,2512.4524166666665,2994.496,0,0.08820830026110359,0.1007180649204529,0.18892636518155648
2017-05-12,598689.6000000001,24945.400000000005,24945.4,0,64174.791,2673.9496249999997,3839.588,21,65984.537,2749.355708333333,3312.449,22,0.10719209253008569,0.11021493775739546,0.21740703028748115
2017-05-13,598689.6000000001,24945.400000000005,24945.4,0,59027.58500000001,2459.4827083333334,3950.253,21,76681.858,3195.0774166666665,3774.527,22,0.09859463902496385,0.12808282956643974,0.22667746859140359
2017-05-14,598689.6000000001,24945.400000000005,24945.4,0,57746.28999999999,2406.0954166666666,4465.302,22,77032.791,3209.6996249999997,4734.824,23,0.09645447323621453,0.12866899809183255,0.22512347132804708
2017-05-15,598689.6000000001,24945.400000000005,24945.4,0,64419.887,2684.1619583333336,4608.007,21,124299.057,5179.127375,6076.252,23,0.10760147996557815,0.2076185338779895,0.3152200138435677
2017-05-16,598689.6000000001,24945.400000000005,24945.4,0,77457.732,3227.4055000000003,4717.589,9,152692.735,6362.197291666666,6591.066,22,0.1293787832626456,0.2550449097495596,0.38442369301220525
2017-05-17,598689.6000000001,24945.400000000005,24945.4,0,59564.961,2481.873375,3758.229,9,147824.98,6159.374166666667,6783.058,11,0.09949222602163123,0.2469142273391754,0.3464064533608066
2017-05-18,598689.6000000001,24945.400000000005,24945.4,0,61237.04699999999,2551.543625,3574.103,21,109423.334,4559.305583333334,5841.306,0,0.10228513573644837,0.18277139606233345,0.2850565317987818
2017-05-19,598689.6000000001,24945.400000000005,24945.4,0,61919.59,2579.9829166666664,3598.925,9,115657.154,4819.048083333333,5313.579,22,0.10342519729756453,0.19318383683297652,0.29660903413054107
2017-05-20,598689.6000000001,24945.400000000005,24945.4,0,54450.925,2268.788541666667,3603.205,21,112570.24799999999,4690.427,5169.345,0,0.09095017685291341,0.18802773256792832,0.2789779094208417
2017-05-21,598689.6000000001,24945.400000000005,24945.4,0,53113.14,2213.0475,3474.137,20,82737.83499999999,3447.4097916666665,4005.261,22,0.08871565499049923,0.13819821657165912,0.22691387156215836
2017-05-22,598689.6000000001,24945.400000000005,24945.4,0,66531.441,2772.143375,4309.482,10,125846.72099999999,5243.613375,6076.165,20,0.11112843951189397,0.21020361970543663,0.3213320592173306
2017-05-23,598689.6000000001,24945.400000000005,24945.4,0,54590.12299999999,2274.588458333333,3170.449,11,135888.759,5662.031625,6121.068,22,0.09118268130931284,0.22697698273028288,0.3181596640395957
2017-05-24,598689.6000000001,24945.400000000005,24945.4,0,64880.242,2703.3434166666666,3909.412,21,147312.173,6138.007208333333,6757.729,13,0.10837041765883354,0.2460576783027465,0.35442809596158004
2017-05-25,598689.6000000001,24945.400000000005,24945.4,0,85617.707,3567.404458333333,5637.241,9,162511.192,6771.299666666667,7126.809,19,0.1430085089168076,0.27144482215826027,0.4144533310750679
2017-05-26,598689.6000000001,24945.400000000005,24945.4,0,74073.507,3086.3961249999998,4993.35,12,173423.202,7225.96675,7369.948,11,0.1237260627209826,0.2896713121457262,0.4133973748667088
2017-05-27,598689.6000000001,24945.400000000005,24945.4,0,64262.668999999994,2677.6112083333333,3879.485,22,123774.624,5157.276,6664.569,0,0.10733887643947712,0.20674256576362773,0.31408144220310485
2017-05-28,598689.6000000001,24945.400000000005,24945.4,0,60528.365999999995,2522.01525,4667.037,22,89652.588,3735.5245,4483.97,22,0.10110141549143327,0.1497480296968579,0.25084944518829116
2017-05-29,598689.6000000001,24945.400000000005,24945.4,0,83875.16,3494.7983333333336,5575.756,12,147218.549,6134.106208333334,7051.621,20,0.1400979071625764,0.24590129676546907,0.38599920392804543
2017-05-30,598689.6000000001,24945.400000000005,24945.4,0,76910.933,3204.6222083333337,5578.032,10,173056.327,7210.680291666667,7452.352,12,0.12846545689118366,0.28905851546444095,0.4175239723556246
2017-05-31,598689.6000000001,24945.400000000005,24945.4,0,68676.385,2861.5160416666663,4494.676,12,171763.923,7156.830125,7577.163,13,0.11471117086383326,0.2868997941504245,0.40161096501425775
2017-06-01,598689.6000000001,24945.400000000005,24945.4,0,78777.017,3282.3757083333335,4432.292,9,169501.567,7062.565291666667,7294.46,21,0.131582404304334,0.28312094781669833,0.4147033521210323
2017-06-02,598689.6000000001,24945.400000000005,24945.4,0,64494.155,2687.2564583333333,5239.473,9,160586.305,6691.096041666667,7029.72,20,0.10772553089280319,0.268229655233697,0.3759551861265002
2017-06-03,598689.6000000001,24945.400000000005,24945.4,0,54697.881,2279.078375,3567.304,11,134199.707,5591.654458333333,6564.875,0,0.09136267107362478,0.22415573445738823,0.315518405531013
2017-06-04,598689.6000000001,24945.400000000005,24945.4,0,47233.181,1968.0492083333331,3212.588,22,96961.34,4040.0558333333333,4534.463,0,0.07889427342649678,0.16195594511746986,0.24085021854396665
2017-06-05,598689.6000000001,24945.400000000005,24945.4,0,50309.71399999999,2096.238083333333,2635.966,10,113410.024,4725.417666666667,5522.767,21,0.08403305151784829,0.189430422709865,0.2734634742277133
2017-06-06,598689.6000000001,24945.400000000005,24945.4,0,52269.762,2177.90675,2859.636,9,136811.75,5700.489583333333,6057.928,21,0.08730694837525153,0.22851866810447347,0.315825616479725
2017-06-07,598689.6000000001,24945.400000000005,24945.4,0,51730.796,2155.4498333333336,2699.206,11,140900.966,5870.873583333333,6168.695,9,0.08640670557831637,0.23534894543015272,0.3217556510084691
2017-06-08,598689.6000000001,24945.400000000005,24945.4,0,51776.034,2157.33475,2952.416,13,140884.792,5870.199666666666,6171.456,20,0.08648226727172142,0.2353219297612652,0.3218041970329866
2017-06-09,598689.6000000001,24945.400000000005,24945.4,0,67110.257,2796.2607083333332,5074.78,12,135032.738,5626.364083333334,5852.54,23,0.11209524434698713,0.22554715832711975,0.3376424026741069
2017-06-10,598689.6000000001,24945.400000000005,24945.4,0,49566.155,2065.2564583333333,2994.282,22,132202.618,5508.442416666666,5849.63,12,0.08279107403903457,0.2208199674756334,0.303611041514668
2017-06-11,598689.6000000001,24945.400000000005,24945.4,0,49989.643,2082.9017916666667,3219.805,13,94701.293,3945.8872083333335,4768.546,0,0.08349843224268468,0.15818095554023318,0.24167938778291786
2017-06-12,598689.6000000001,24945.400000000005,24945.4,0,70829.942,2951.2475833333333,4375.633,13,133438.745,5559.947708333333,6494.306,21,0.1183082886357137,0.222884688493002,0.3411929771287157
2017-06-13,598689.6000000001,24945.400000000005,24945.4,0,61715.191,2571.4662916666666,4003.371,21,151692.991,6320.541291666667,6903.856,17,0.10308378665672494,0.253375022716279,0.3564588093730039
2017-06-14,598689.6000000001,24945.400000000005,24945.4,0,75824.831,3159.3679583333337,4412.07,10,154780.256,6449.177333333333,6629.803,21,0.12665132482675495,0.2585317266242807,0.38518305145103565
2017-06-15,598689.6000000001,24945.400000000005,24945.4,0,56368.823000000004,2348.7009583333333,3972.001,12,160291.031,6678.7929583333325,6999.148,16,0.09415366994850086,0.2677364547505084,0.3618901246990093
2017-06-16,598689.6000000001,24945.400000000005,24945.4,0,58704.837,2446.034875,4313.07,13,147666.804,6152.7835000000005,6550.422,23,0.09805554831752546,0.24665002365165517,0.3447055719691806
2017-06-17,598689.6000000001,24945.400000000005,24945.4,0,57728.58900000001,2405.357875,3605.517,12,141900.08299999998,5912.503458333333,6495.272,0,0.09642490699688118,0.23701778517615799,0.3334426921730392
2017-06-18,598689.6000000001,24945.400000000005,24945.4,0,49351.754,2056.323083333333,3457.886,22,136081.57,5670.065416666667,6263.625,23,0.08243295691122744,0.22729903776514573,0.3097319946763732
2017-06-19,598689.6000000001,24945.400000000005,24945.4,0,50581.96100000001,2107.5817083333336,3412.455,12,159033.559,6626.398291666667,7410.0,22,0.0844877896659638,0.2656360808672808,0.3501238705332446
2017-06-20,598689.6000000001,24945.400000000005,24945.4,0,59133.916,2463.9131666666667,3750.998,17,187423.984,7809.332666666666,8259.347,13,0.09877224525029328,0.3130570232053471,0.4118292684556404
2017-06-21,598689.6000000001,24945.400000000005,24945.4,0,65750.29,2739.5954166666666,3952.195,12,181655.957,7568.998208333333,7644.795,21,0.10982367156536539,0.30342260329893816,0.41324627486430354
2017-06-22,598689.6000000001,24945.400000000005,24945.4,0,55090.331,2295.4304583333333,3993.095,12,185549.167,7731.215291666666,7968.7,11,0.09201818605167017,0.30992548893449956,0.40194367498616973
2017-06-23,598689.6000000001,24945.400000000005,24945.4,0,51094.375,2128.9322916666665,3964.279,12,183895.047,7662.293624999999,8144.68,17,0.08534368226874159,0.3071625880923937,0.3925062703611353
2017-06-24,598689.6000000001,24945.400000000005,24945.4,0,38161.426,1590.0594166666667,2516.361,12,176062.586,7335.941083333334,7807.465,10,0.06374158829550404,0.2940799138652149,0.35782150216071895
2017-06-25,598689.6000000001,24945.400000000005,24945.4,0,44626.791,1859.449625,3199.675,14,167101.156,6962.5481666666665,7405.251,0,0.07454078206803658,0.2791115061961991,0.35365228826423567
2017-06-26,598689.6000000001,24945.400000000005,24945.4,0,57923.835999999996,2413.4931666666666,3718.69,21,163610.07200000001,6817.086333333334,7067.825,13,0.09675103091819198,0.27328029750308,0.370031328421272
2017-06-27,598689.6000000001,24945.400000000005,24945.4,0,46450.351,1935.4312916666668,3776.24,9,139923.907,5830.162791666667,6517.025,9,0.07758670102169805,0.23371694948434044,0.3113036505060385
2017-06-28,598689.6000000001,24945.400000000005,24945.4,0,41564.804000000004,1731.8668333333335,2464.521,22,78013.947,3250.581125,4216.749,0,0.06942630037334872,0.13030783731669965,0.19973413769004839
2017-06-29,598689.6000000001,24945.400000000005,24945.4,0,38130.962,1588.7900833333333,2425.413,22,82184.612,3424.358833333333,3911.219,22,0.06369070383049913,0.1372741600989895,0.20096486392948862
2017-06-30,598689.6000000001,24945.400000000005,24945.4,0,40613.551,1692.2312916666667,2685.361,10,90079.638,3753.3182500000003,4071.954,11,0.06783740856697694,0.15046133756123373,0.21829874612821065
2017-07-01,598689.6000000001,24945.400000000005,24945.4,0,35296.512,1470.688,2190.655,22,90061.99,3752.5829166666667,3967.529,9,0.058956280516648356,0.15043185984857593,0.2093881403652243
2017-07-02,598689.6000000001,24945.400000000005,24945.4,0,39276.56,1636.5233333333333,3103.829,22,59620.69899999999,2484.1957916666665,3042.1,22,0.06560421293438201,0.09958532601869147,0.16518953895307348
2017-07-03,598689.6000000001,24945.400000000005,24945.4,0,37537.65,1564.0687500000001,2396.799,13,117495.359,4895.639958333333,6366.383,21,0.062699686114474,0.19625421754445038,0.2589539036589244
2017-07-04,598689.6000000001,24945.400000000005,24945.4,0,36054.304,1502.2626666666665,2368.559,12,145384.967,6057.706958333333,6761.393,12,0.060222031583645336,0.2428386379185474,0.30306066950219274
2017-07-05,598689.6000000001,24945.400000000005,24945.4,0,42665.451,1777.7271250000001,3142.05,11,155291.915,6470.496458333334,6981.856,22,0.07126472716412645,0.25938635813951,0.33065108530363646
2017-07-06,598689.6000000001,24945.400000000005,24945.4,0,38041.823,1585.0759583333331,2723.247,11,156042.006,6501.75025,6969.852,10,0.06354181365435443,0.26063924611351186,0.32418105976786626
2017-07-07,598689.6000000001,24945.400000000005,24945.4,0,34439.103,1434.9626250000001,2715.104,9,151165.794,6298.57475,6774.225,12,0.05752413771677343,0.2524944378522693,0.3100185755690428
2017-07-08,598689.6000000001,24945.400000000005,24945.4,0,34697.396,1445.7248333333334,2449.741,22,136524.518,5688.521583333334,6468.852,22,0.05795556829448849,0.22803890029157012,0.2859944685860586
2017-07-09,598689.6000000001,24945.400000000005,24945.4,0,33462.216,1394.259,2508.575,22,132878.469,5536.6028750000005,6783.725,22,0.055892429065078124,0.22194885129122002,0.2778412803562981
2017-07-10,598689.6000000001,24945.400000000005,24945.4,0,39607.904,1650.3293333333334,3006.873,11,148413.603,6183.900125,7289.795,11,0.06615766166641278,0.24789741294988252,0.3140550746162953
2017-07-11,598689.6000000001,24945.400000000005,24945.4,0,43084.062,1795.16925,3154.943,12,151336.682,6305.695083333333,6788.441,13,0.07196393924330736,0.25277987457941475,0.3247438138227221
2017-07-12,598689.6000000001,24945.400000000005,24945.4,0,50954.443,2123.1017916666665,3245.875,12,155397.447,6474.893625,6873.916,14,0.08510995180140091,0.25956262978344696,0.34467258158484787
2017-07-13,598689.6000000001,24945.400000000005,24945.4,0,52740.98300000001,2197.5409583333335,3773.748,10,165443.548,6893.481166666667,7295.751,17,0.08809403570731811,0.2763427792966505,0.36443681500396863
2017-07-14,598689.6000000001,24945.400000000005,24945.4,0,38048.862,1585.36925,2453.85,13,149697.424,6237.392666666667,6864.332,0,0.06355357099906195,0.25004179795339687,0.3135953689524588
2017-07-15,598689.6000000001,24945.400000000005,24945.4,0,36204.77,1508.5320833333333,2339.221,13,122605.068,5108.5445,5872.926,21,0.06047335714533874,0.20478903926174763,0.2652623964070864
2017-07-16,598689.6000000001,24945.400000000005,24945.4,0,32618.723000000005,1359.1134583333335,2641.853,22,102487.32799999998,4270.305333333333,5205.215,22,0.05448353036364754,0.17118608374022193,0.22566961410386946
2017-07-17,598689.6000000001,24945.400000000005,24945.4,0,37840.742,1576.6975833333333,2534.683,12,150987.041,6291.126708333333,7064.499,12,0.06320594511746988,0.25219586410052885,0.31540180921799876
2017-07-18,598689.6000000001,24945.400000000005,24945.4,0,35367.099,1473.6291250000002,2733.878,10,151376.252,6307.343833333333,6977.287,10,0.0590741830157063,0.2528459689294753,0.31192015194518163
2017-07-19,598689.6000000001,24945.400000000005,24945.4,0,37780.813,1574.2005416666668,2695.038,10,150180.713,6257.529708333333,6772.329,14,0.06310584483177926,0.25084904264246444,0.3139548874742437
2017-07-20,598689.6000000001,24945.400000000005,24945.4,0,37304.994,1554.37475,2872.803,13,146186.881,6091.120041666666,6721.035,13,0.06231107739302636,0.2441780866078181,0.30648916400084447
2017-07-21,598689.6000000001,24945.400000000005,24945.4,0,38250.007,1593.7502916666665,2614.855,11,131961.444,5498.393499999999,6086.674,11,0.06388954643608306,0.22041713101413482,0.28430667745021787
2017-07-22,598689.6000000001,24945.400000000005,24945.4,0,36881.779,1536.7407916666668,2574.422,11,104598.13500000001,4358.255625000001,4933.852,0,0.061604175185271295,0.17471179556150632,0.23631597074677763
2017-07-23,598689.6000000001,24945.400000000005,24945.4,0,33280.906,1386.7044166666667,2244.654,13,95673.495,3986.3956249999997,4590.034,21,0.05558958431881896,0.159804838767869,0.21539442308668796
2017-07-24,598689.6000000001,24945.400000000005,24945.4,0,36238.296,1509.929,2595.538,11,109438.72200000001,4559.94675,5375.145,13,0.06052935611375243,0.1827970988639188,0.24332645497767122
2017-07-25,598689.6000000001,24945.400000000005,24945.4,0,36266.282,1511.0950833333334,2336.756,12,99768.64600000001,4157.026916666667,4666.948,20,0.06057610153909471,0.16664502941090006,0.22722113094999477
2017-07-26,598689.6000000001,24945.400000000005,24945.4,0,42116.036,1754.8348333333333,2730.596,13,117426.49000000002,4892.770416666667,5305.259,13,0.07034703124958241,0.19613918464593338,0.2664862158955158
2017-07-27,598689.6000000001,24945.400000000005,24945.4,0,46655.727,1943.988625,3105.868,12,128128.563,5338.690125,5726.512,17,0.07792974355993489,0.2140150137901176,0.2919447573500525
2017-07-28,598689.6000000001,24945.400000000005,24945.4,0,40708.042,1696.1684166666666,3072.591,12,132381.581,5515.899208333333,6002.727,14,0.06799523826704187,0.221118891993447,0.2891141302604889
2017-07-29,598689.6000000001,24945.400000000005,24945.4,0,38268.955,1594.5397916666668,3078.315,22,125798.328,5241.597,5879.225,12,0.06392119555776482,0.21012278816936183,0.2740439837271267
2017-07-30,598689.6000000001,24945.400000000005,24945.4,0,34658.558,1444.1065833333332,2524.836,22,115886.937,4828.622375,5265.222,22,0.05789069661473991,0.1935676467404812,0.2514583433552211
2017-07-31,598689.6000000001,24945.400000000005,24945.4,0,36435.182,1518.1325833333333,2962.841,10,131665.812,5486.0755,6312.947,14,0.06085821768074808,0.21992333255830732,0.2807815502390554
2017-08-01,598689.6000000001,24945.400000000005,24945.4,0,43140.031,1797.5012916666667,4187.968,11,153853.075,6410.544791666667,6904.346,15,0.07205742508304804,0.25698304263177446,0.3290404677148225
2017-08-02,598689.6000000001,24945.400000000005,24945.4,0,36020.771,1500.8654583333334,2800.801,13,157846.546,6576.939416666667,6932.239,10,0.06016602092302922,0.26365339568283797,0.3238194166058672
2017-08-03,598689.6000000001,24945.400000000005,24945.4,0,44612.901,1858.8708749999998,2936.302,13,157792.127,6574.671958333333,7025.146,20,0.07451758139777272,0.2635624988307797,0.3380800802285524
2017-08-04,598689.6000000001,24945.400000000005,24945.4,0,44964.043,1873.5017916666666,3139.024,22,156051.663,6502.152625,7028.026,14,0.07510409901892398,0.26065537634193076,0.3357594753608547
2017-08-05,598689.6000000001,24945.400000000005,24945.4,0,31713.276999999995,1321.3865416666665,2152.644,11,98256.377,4094.015708333333,5878.307,0,0.05297115065970745,0.1641190643699172,0.21709021502962464
2017-08-06,598689.6000000001,24945.400000000005,24945.4,0,31557.275999999998,1314.8864999999998,2619.791,21,60194.186,2508.0910833333332,3290.432,23,0.05271057990651582,0.10054322974710099,0.15325380965361682
2017-08-07,598689.6000000001,24945.400000000005,24945.4,0,45563.672,1898.4863333333333,3956.812,10,92980.439,3874.1849583333333,4316.043,16,0.076105668112491,0.15530658792135354,0.23141225603384455
2017-08-08,598689.6000000001,24945.400000000005,24945.4,0,35660.326,1485.8469166666666,2408.547,21,90721.931,3780.0804583333334,4105.724,12,0.05956396436483947,0.15153416895833832,0.21109813332317778
2017-08-09,598689.6000000001,24945.400000000005,24945.4,0,29697.517,1237.3965416666667,2504.632,12,83051.542,3460.480916666667,4108.293,9,0.049604197233424456,0.1387222059644931,0.18832640319791757
2017-08-10,598689.6000000001,24945.400000000005,24945.4,0,30144.714,1256.02975,1991.687,14,63126.984,2630.2909999999997,3042.659,9,0.050351156926727966,0.10544192516455937,0.15579308209128734
2017-08-11,598689.6000000001,24945.400000000005,24945.4,0,34726.728,1446.9470000000001,2468.614,13,72687.55,3028.647916666667,3524.592,21,0.05800456196332791,0.12141107846202773,0.17941564042535563
2017-08-12,598689.6000000001,24945.400000000005,24945.4,0,30183.955,1257.6647916666668,1954.641,13,50397.809,2099.9087083333334,2545.321,14,0.05041670174327397,0.08418019788551528,0.13459689962878926
2017-08-13,598689.6000000001,24945.400000000005,24945.4,0,27601.883,1150.0784583333334,2270.626,21,44206.942,1841.9559166666668,2485.05,22,0.046103829096079164,0.07383950213933897,0.11994333123541814
2017-08-14,598689.6000000001,24945.400000000005,24945.4,0,28389.853,1182.9105416666666,2017.028,12,59130.569,2463.7737083333336,3084.544,22,0.04741998691809578,0.09876665470721388,0.14618664162530964
2017-08-15,598689.6000000001,24945.400000000005,24945.4,0,34263.904,1427.6626666666668,2618.825,12,64358.223,2681.5926249999998,2903.991,22,0.05723150026324158,0.10749848168399784,0.16472998194723942
2017-08-16,598689.6000000001,24945.400000000005,24945.4,0,37518.611,1563.2754583333333,2723.678,21,76588.822,3191.2009166666667,3512.139,20,0.06266788499416057,0.12792743017416702,0.1905953151683276
2017-08-17,598689.6000000001,24945.400000000005,24945.4,0,38054.314,1585.5964166666665,2513.516,11,90166.392,3756.9330000000004,4165.05,20,0.06356267755444556,0.15060624403697676,0.2141689215914223
2017-08-18,598689.6000000001,24945.400000000005,24945.4,0,33623.555,1400.9814583333334,2582.162,12,88285.512,3678.563,4160.418,13,0.05616191595778513,0.14746458264850432,0.20362649860628945
2017-08-19,598689.6000000001,24945.400000000005,24945.4,0,27597.968,1149.9153333333334,2240.446,13,52870.225999999995,2202.9260833333333,2687.506,21,0.046097289814287734,0.08830991218153779,0.1344072019958255
2017-08-20,598689.6000000001,24945.400000000005,24945.4,0,25846.695,1076.945625,2191.85,21,42416.25,1767.34375,2445.336,22,0.043172112894561715,0.07084848308706214,0.11402059598162385
2017-08-21,598689.6000000001,24945.400000000005,24945.4,0,32648.277000000002,1360.344875,2166.682,13,93603.447,3900.143625,5023.279,17,0.05453289484233566,0.1563472073007448,0.21088010214308045
2017-08-22,598689.6000000001,24945.400000000005,24945.4,0,34671.539,1444.6474583333331,2317.082,13,120563.282,5023.470083333334,5733.71,14,0.057912378969001616,0.20137861422680464,0.2592909931958063
2017-08-23,598689.6000000001,24945.400000000005,24945.4,0,35222.715,1467.6131249999999,2624.883,10,123892.301,5162.179208333334,5724.344,11,0.05883301630761582,0.20693912337879258,0.2657721396864084
2017-08-24,598689.6000000001,24945.400000000005,24945.4,0,35806.229999999996,1491.9262499999998,2603.841,21,115420.50200000001,4809.187583333333,5353.447,11,0.05980766995117335,0.19278855353425212,0.2525962234854255
2017-08-25,598689.6000000001,24945.400000000005,24945.4,0,40261.289,1677.5537083333331,3005.342,10,123530.725,5147.113541666667,5405.13,11,0.06724902019343579,0.206335177694752,0.2735841978881878
2017-08-26,598689.6000000001,24945.400000000005,24945.4,0,31054.282,1293.9284166666666,2622.894,21,94768.806,3948.70025,4789.09,0,0.05187042166758867,0.15829372349210674,0.21016414515969542
2017-08-27,598689.6000000001,24945.400000000005,24945.4,0,27274.515999999996,1136.4381666666666,2239.345,21,79932.444,3330.5185,3880.789,22,0.04555702320534713,0.13351233093075274,0.17906935413609987
2017-08-28,598689.6000000001,24945.400000000005,24945.4,0,38814.528,1617.272,2759.503,11,114168.978,4757.04075,5664.618,13,0.06483247412348568,0.19069811468246647,0.25553058880595214
2017-08-29,598689.6000000001,24945.400000000005,24945.4,0,39764.136,1656.839,3074.403,11,128379.291,5349.137125,5742.982,12,0.06641861826228482,0.21443380843762774,0.28085242669991256
2017-08-30,598689.6000000001,24945.400000000005,24945.4,0,38124.061,1588.5025416666667,2681.307,11,119446.19699999999,4976.924875,5531.856,10,0.06367917698921109,0.19951273080407605,0.26319190779328716
2017-08-31,598689.6000000001,24945.400000000005,24945.4,0,37916.2,1579.8416666666665,2664.861,12,93745.022,3906.0425833333334,4575.229,12,0.06333198371910918,0.15658368209502885,0.21991566581413802
2017-09-01,598689.6000000001,24945.400000000005,24945.4,0,34448.253,1435.3438749999998,2800.489,10,74482.945,3103.456041666667,3801.619,9,0.057539421095672935,0.12440995300402745,0.18194937409970038
2017-09-02,598689.6000000001,24945.400000000005,24945.4,0,34200.729,1425.030375,3300.435,21,53445.119000000006,2226.8799583333334,2764.823,21,0.05712597813624956,0.08927016437232248,0.14639614250857202
2017-09-03,598689.6000000001,24945.400000000005,24945.4,0,30970.703,1290.4459583333335,2898.534,21,52083.46799999999,2170.1445,2516.083,21,0.051730818440808055,0.08699577878085737,0.13872659722166542
2017-09-04,598689.6000000001,24945.400000000005,24945.4,0,39329.852,1638.7438333333332,3056.761,21,95348.35500000001,3972.8481250000004,5010.841,22,0.06569322734184792,0.15926175266782652,0.22495498000967445
2017-09-05,598689.6000000001,24945.400000000005,24945.4,0,42932.772,1788.8654999999999,3046.621,13,108603.424,4525.142666666667,4626.468,14,0.07171123734235568,0.1814018883909124,0.25311312573326805
2017-09-06,598689.6000000001,24945.400000000005,24945.4,0,35968.901,1498.7042083333333,2896.765,13,92856.574,3869.0239166666665,4268.489,17,0.06007938170297261,0.15509969439923457,0.21517907610220718
2017-09-07,598689.6000000001,24945.400000000005,24945.4,0,41205.591,1716.899625,2972.289,21,93947.46,3914.4775000000004,4366.035,19,0.06882630164278784,0.15692181724887153,0.22574811889165936
2017-09-08,598689.6000000001,24945.400000000005,24945.4,0,40888.869,1703.702875,2581.462,12,95304.82400000001,3971.0343333333335,4291.816,5,0.0682972762513329,0.1591890422015014,0.2274863184528343
2017-09-09,598689.6000000001,24945.400000000005,24945.4,0,27147.487,1131.1452916666667,2056.414,21,40516.268,1688.1778333333332,3006.832,0,0.045344844807726735,0.06767491534845434,0.11301976015618106
2017-09-10,598689.6000000001,24945.400000000005,24945.4,0,25782.694,1074.2789166666666,2574.24,21,38649.207,1610.3836250000002,2167.453,21,0.04306521108768216,0.06455633603790678,0.10762154712558894
2017-09-11,598689.6000000001,24945.400000000005,24945.4,0,29464.417999999998,1227.6840833333333,2219.059,21,60767.083,2531.9617916666666,3696.041,21,0.049214848562594025,0.10150014798987654,0.15071499655247056
2017-09-12,598689.6000000001,24945.400000000005,24945.4,0,38533.122,1605.5467500000002,2944.416,21,84070.364,3502.9318333333335,4055.901,9,0.06436243756363898,0.14042395926035794,0.2047863968239969
2017-09-13,598689.6000000001,24945.400000000005,24945.4,0,42843.797999999995,1785.1582499999997,2426.313,12,91230.963,3801.290125,4145.129,9,0.07156262276812557,0.15238441255702453,0.2239470353251501
2017-09-14,598689.6000000001,24945.400000000005,24945.4,0,40795.665,1699.819375,2487.106,12,87499.11,3645.79625,3907.322,13,0.0681415962462017,0.14615104387983355,0.21429264012603524
2017-09-15,598689.6000000001,24945.400000000005,24945.4,0,40768.444,1698.6851666666669,2846.24,9,71163.805,2965.158541666666,3416.516,21,0.0680961286115543,0.11886594489030707,0.18696207350186136
2017-09-16,598689.6000000001,24945.400000000005,24945.4,0,44600.085,1858.336875,2901.371,21,67278.537,2803.272375,3476.033,21,0.0744961746454256,0.11237632489356753,0.18687249953899313
2017-09-17,598689.6000000001,24945.400000000005,24945.4,0,40296.133,1679.0055416666667,3287.745,21,69541.589,2897.5662083333336,3269.858,21,0.06730722063653685,0.11615633376627887,0.18346355440281573
2017-09-18,598689.6000000001,24945.400000000005,24945.4,0,42829.04,1784.5433333333333,3036.403,21,84193.012,3508.0421666666666,4198.568,9,0.07153797226475955,0.14062882000956756,0.2121667922743271
2017-09-19,598689.6000000001,24945.400000000005,24945.4,0,50242.122,2093.42175,3524.991,21,110154.386,4589.766083333333,5125.304,10,0.08392015161111868,0.18399248291602188,0.26791263452714054
2017-09-20,598689.6000000001,24945.400000000005,24945.4,0,55853.634000000005,2327.23475,3152.952,8,95733.744,3988.9060000000004,4189.074,20,0.09329314222261419,0.15990547355424245,0.25319861577685665
2017-09-21,598689.6000000001,24945.400000000005,24945.4,0,49215.206999999995,2050.633625,2820.755,9,114522.782,4771.782583333334,5216.017,21,0.08220488045892227,0.191289078681173,0.2734939591400953
2017-09-22,598689.6000000001,24945.400000000005,24945.4,0,41368.348,1723.6811666666665,2585.872,20,115609.342,4817.055916666667,5289.414,10,0.06909815704164561,0.193103975749704,0.26220213279134963
2017-09-23,598689.6000000001,24945.400000000005,24945.4,0,38091.191,1587.1329583333334,2893.767,20,97297.151,4054.047958333333,4654.424,0,0.0636242737471972,0.1625168551449699,0.22614112889216711
2017-09-24,598689.6000000001,24945.400000000005,24945.4,0,33823.781,1409.3242083333334,2790.027,21,99060.725,4127.530208333334,5425.204,21,0.056496356375657766,0.16546257860500665,0.22195893498066444
2017-09-25,598689.6000000001,24945.400000000005,24945.4,0,36608.523,1525.355125,2357.445,11,126324.81599999999,5263.534,5824.838,20,0.06114775168969028,0.2110021887802961,0.2721499404699864
2017-09-26,598689.6000000001,24945.400000000005,24945.4,0,36569.338,1523.7224166666667,2957.667,21,142920.335,5955.013958333333,6406.493,20,0.06108230041076377,0.23872192702194922,0.299804227432713
2017-09-27,598689.6000000001,24945.400000000005,24945.4,0,40611.79,1692.1579166666668,2756.759,20,149175.749,6215.656208333334,6477.128,9,0.06783446714290677,0.2491704365667952,0.31700490370970197
2017-09-28,598689.6000000001,24945.400000000005,24945.4,0,34311.234,1429.63475,2554.325,10,142561.813,5940.075541666666,6198.332,10,0.0573105562548606,0.23812308247880032,0.2954336387336609
2017-09-29,598689.6000000001,24945.400000000005,24945.4,0,28780.873,1199.2030416666666,2269.598,9,142426.116,5934.4215,6169.874,13,0.048073113346214794,0.23789642579393394,0.2859695391401487
2017-09-30,598689.6000000001,24945.400000000005,24945.4,0,29098.239999999998,1212.4266666666665,2040.123,21,124381.683,5182.570125,5868.108,0,0.048603216090608546,0.2077565452949241,0.2563597613855326
2017-10-01,598689.6000000001,24945.400000000005,24945.4,0,24752.000999999997,1031.333375,2640.281,21,107902.09099999999,4495.920458333333,4698.592,13,0.041343629486799156,0.18023044161782661,0.22157407110462576
2017-10-02,598689.6000000001,24945.400000000005,24945.4,0,35013.67,1458.9029166666667,2399.989,20,115844.38,4826.849166666667,5315.999,18,0.058483845384987465,0.19349656316060942,0.2519804085455969
2017-10-03,598689.6000000001,24945.400000000005,24945.4,0,29224.480000000003,1217.6866666666667,2375.625,9,135630.666,5651.27775,6209.583,22,0.04881407660998287,0.2265458862154946,0.2753599628254775
2017-10-04,598689.6000000001,24945.400000000005,24945.4,0,26761.346,1115.0560833333334,1958.022,20,140408.174,5850.340583333334,5938.761,0,0.04469986784470617,0.2345258277411199,0.2792256955858261
2017-10-05,598689.6000000001,24945.400000000005,24945.4,0,30319.008,1263.2920000000001,2095.655,13,136207.035,5675.293125,5928.587,5,0.0506422827455162,0.2275086037906788,0.278150886536195
2017-10-06,598689.6000000001,24945.400000000005,24945.4,0,21680.644,903.3601666666667,1285.845,11,125125.88199999998,5213.578416666666,5821.782,19,0.03621349694399234,0.20899959177510344,0.24521308871909578
2017-10-07,598689.6000000001,24945.400000000005,24945.4,0,18831.62,784.6508333333333,1622.659,20,117736.595,4905.691458333334,5387.914,21,0.031454730464668165,0.19665715756545626,0.22811188803012444
2017-10-08,598689.6000000001,24945.400000000005,24945.4,0,23256.708,969.0295,2064.9,21,122211.117,5092.129875,5487.18,20,0.038846019707040165,0.20413101714143686,0.24297703684847702
2017-10-09,598689.6000000001,24945.400000000005,24945.4,0,28771.004,1198.7918333333334,2344.339,21,156361.673,6515.069708333333,7083.268,19,0.04805662901109355,0.26117319058156346,0.309229819592657
2017-10-10,598689.6000000001,24945.400000000005,24945.4,0,26565.410000000003,1106.8920833333334,1966.273,7,169144.815,7047.700625,7111.662,11,0.044372593076612656,0.2825250597304513,0.32689765280706395
2017-10-11,598689.6000000001,24945.400000000005,24945.4,0,23779.156,990.7981666666666,1562.299,21,168714.657,7029.777375000001,7146.493,20,0.03971867224685379,0.28180656052819353,0.3215252327750473
2017-10-12,598689.6000000001,24945.400000000005,24945.4,0,26475.274,1103.1364166666667,1514.848,20,159755.359,6656.473291666666,6846.785,21,0.04422203759677803,0.266841713969977,0.31106375156675503
2017-10-13,598689.6000000001,24945.400000000005,24945.4,0,25959.826999999997,1081.6594583333333,2192.402,21,158994.214,6624.758916666667,6806.507,12,0.04336107892971582,0.26557036233801284,0.30893144126772865
2017-10-14,598689.6000000001,24945.400000000005,24945.4,0,24022.037,1000.9182083333334,1938.438,21,128037.00900000002,5334.8753750000005,6391.899,0,0.04012435993543231,0.21386208980413224,0.2539864497395645
2017-10-15,598689.6000000001,24945.400000000005,24945.4,0,16718.245,696.5935416666666,1135.686,20,94427.432,3934.4763333333335,4472.687,0,0.027924729275404143,0.1577235215042987,0.18564825077970284
2017-10-16,598689.6000000001,24945.400000000005,24945.4,0,23886.959,995.2899583333333,1670.421,19,121481.049,5061.710375,6280.675,19,0.03989873717532423,0.2029115738773481,0.2428103110526723
2017-10-17,598689.6000000001,24945.400000000005,24945.4,0,28286.155,1178.5897916666665,2228.936,20,139663.218,5819.300749999999,6342.573,19,0.047246778631197195,0.23328151683276271,0.2805282954639599
2017-10-18,598689.6000000001,24945.400000000005,24945.4,0,27408.532,1142.0221666666666,1974.472,21,140772.902,5865.537583333334,6364.923,17,0.04578087209131409,0.23513503825688634,0.2809159103482004
2017-10-19,598689.6000000001,24945.400000000005,24945.4,0,25228.545,1051.189375,1932.734,9,131162.652,5465.1105,5847.45,11,0.042139607903661586,0.21908289704715095,0.26122250495081256
2017-10-20,598689.6000000001,24945.400000000005,24945.4,0,28674.553999999996,1194.7730833333333,2066.279,19,115182.24600000001,4799.26025,5412.153,10,0.04789552716466094,0.19239059105085507,0.24028611821551601
2017-10-21,598689.6000000001,24945.400000000005,24945.4,0,21185.371,882.7237916666667,1511.297,21,93776.4,3907.35,4359.133,11,0.03538623520435297,0.15663609322760907,0.19202232843196204
2017-10-22,598689.6000000001,24945.400000000005,24945.4,0,20670.965,861.2902083333333,2429.959,20,86180.094,3590.83725,3950.787,13,0.034527015334824586,0.14394787215278165,0.17847488748760623
2017-10-23,598689.6000000001,24945.400000000005,24945.4,0,25397.066,1058.2110833333334,2268.906,20,110824.644,4617.6935,5190.169,12,0.042421090996068736,0.18511202466186147,0.22753311565793022
2017-10-24,598689.6000000001,24945.400000000005,24945.4,0,26214.353000000003,1092.2647083333334,2417.152,19,126672.622,5278.0259166666665,5901.848,20,0.04378621743220527,0.21158313423182895,0.25536935166403424
2017-10-25,598689.6000000001,24945.400000000005,24945.4,0,33488.292,1395.3455000000001,2487.938,20,144467.058,6019.460749999999,6403.419,15,0.055935984189469795,0.24130544108332594,0.29724142527279573
2017-10-26,598689.6000000001,24945.400000000005,24945.4,0,30957.138,1289.88075,2643.495,19,141913.884,5913.0785,6300.469,10,0.05170816062280018,0.23704083718841945,0.28874899781121965
2017-10-27,598689.6000000001,24945.400000000005,24945.4,0,23781.144,990.881,1847.166,8,135756.329,5656.513708333333,5978.825,19,0.039721992832345836,0.2267557829633252,0.266477775795671
2017-10-28,598689.6000000001,24945.400000000005,24945.4,0,17496.163,729.0067916666667,1827.545,20,69023.217,2875.967375,3773.446,0,0.029224097094721534,0.11529048942891273,0.14451458652363428
2017-10-29,598689.6000000001,24945.4,24945.4,0,13599.821759999999,566.65924,1197.683,20,62766.58271999999,2615.2742799999996,3282.339,19,0.02271598130316611,0.1048399416325254,0.1275559229356915
2017-10-30,598689.6000000001,24945.400000000005,24945.4,0,18424.055,767.6689583333333,1864.838,20,109842.231,4576.759625,5828.12,19,0.030773968680932486,0.18347108585149965,0.21424505453243214
2017-10-31,598689.6000000001,24945.400000000005,24945.4,0,25960.113000000005,1081.6713750000001,3260.037,18,132731.21,5530.467083333333,6265.295,14,0.04336155663970111,0.22170288242855726,0.2650644390682584
2017-11-01,598689.6000000001,24945.400000000005,24945.4,0,15804.669,658.527875,1466.687,21,119681.856,4986.744,5854.734,19,0.02639876991349106,0.19990635548036909,0.22630512539386013
2017-11-02,598689.6000000001,24945.400000000005,24945.4,0,22500.327,937.513625,2402.189,19,140049.978,5835.41575,6347.616,18,0.03758262545399151,0.23392752772054162,0.27151015317453314
2017-11-03,598689.6000000001,24945.400000000005,24945.4,0,28074.657,1169.777375,2339.833,19,142721.054,5946.7105833333335,6354.912,18,0.04689351042677206,0.23838906505140559,0.28528257547817765
2017-11-04,598689.6000000001,24945.400000000005,24945.4,0,21134.868,880.6194999999999,2028.726,11,115873.22099999999,4828.050875,5368.161,0,0.035301879304400804,0.19354473670496358,0.2288466160093644
2017-11-05,598689.6000000001,24945.400000000005,24945.4,0,16512.503,688.0209583333334,1503.104,20,55329.681,2305.403375,2980.758,20,0.027581075402011324,0.09241797585927664,0.11999905126128796
2017-11-06,598689.6000000001,24945.400000000005,24945.4,0,17293.225,720.5510416666666,1323.823,19,125630.22899999999,5234.592874999999,6371.682,20,0.02888512678356196,0.20984200994973015,0.2387271367332921
2017-11-07,598689.6000000001,24945.400000000005,24945.4,0,20921.479,871.7282916666667,1781.302,20,141117.6,5879.900000000001,6485.4,20,0.034945452535003106,0.23571079237053721,0.2706562449055403
2017-11-08,598689.6000000001,24945.400000000005,24945.4,0,31164.965,1298.5402083333333,2534.198,19,149646.885,6235.286875000001,6486.529,19,0.05205529710220454,0.2499573819221179,0.30201267902432244
2017-11-09,598689.6000000001,24945.400000000005,24945.4,0,37637.688,1568.237,2848.874,19,148430.432,6184.601333333333,6506.229,13,0.06286678104981279,0.24792552267485518,0.310792303724668
2017-11-10,598689.6000000001,24945.400000000005,24945.4,0,26873.803,1119.7417916666666,1901.045,20,150798.793,6283.283041666667,6513.215,18,0.044887706417482444,0.2518814307113402,0.2967691371288227
2017-11-11,598689.6000000001,24945.400000000005,24945.4,0,27077.525999999998,1128.2302499999998,2346.985,19,144075.433,6003.143041666666,6390.193,18,0.04522798792562956,0.24065130411485344,0.285879292040483
2017-11-12,598689.6000000001,24945.400000000005,24945.4,0,18899.249,787.4687083333333,1804.46,18,116823.06999999999,4867.627916666666,6038.079,0,0.031567692173039244,0.1951312833895895,0.22669897556262875
2017-11-13,598689.6000000001,24945.400000000005,24945.4,0,19220.563,800.8567916666666,1871.097,19,140559.367,5856.640291666667,6934.532,20,0.032104387649292715,0.2347783676215521,0.2668827552708448
2017-11-14,598689.6000000001,24945.400000000005,24945.4,0,25116.620000000003,1046.5258333333334,2420.591,19,170352.672,7098.027999999999,7989.612,19,0.041952657938270514,0.2845425609531216,0.3264952188913921
2017-11-15,598689.6000000001,24945.400000000005,24945.4,0,35873.752,1494.7396666666666,2374.821,20,184810.726,7700.446916666667,8024.311,11,0.05992045293587862,0.30869206012598177,0.3686125130618604
2017-11-16,598689.6000000001,24945.400000000005,24945.4,0,39656.494,1652.3539166666667,2698.993,6,189978.672,7915.777999999999,8013.781,13,0.06623882225447042,0.3173241559566092,0.3835629782110796
2017-11-17,598689.6000000001,24945.400000000005,24945.4,0,34240.954,1426.7064166666667,2538.235,18,187551.10199999998,7814.629249999999,8023.324,16,0.05719316654239524,0.31326935026096986,0.3704625168033651
2017-11-18,598689.6000000001,24945.400000000005,24945.4,0,25451.071000000004,1060.4612916666667,2599.986,19,179734.8,7488.95,7662.923,23,0.04251129633786857,0.30021366664795907,0.34272496298582766
2017-11-19,598689.6000000001,24945.400000000005,24945.4,0,26656.804000000004,1110.7001666666667,2903.639,18,171313.2,7138.05,7480.408,0,0.04452524981225663,0.28614694492772214,0.3306721947399788
2017-11-20,598689.6000000001,24945.400000000005,24945.4,0,33423.872,1392.6613333333335,3021.483,11,169863.995,7077.666458333333,7355.12,7,0.05582838252075867,0.2837263166088069,0.3395546991295656
2017-11-21,598689.6000000001,24945.400000000005,24945.4,0,31629.636,1317.9015,2421.728,18,179577.658,7482.402416666667,7831.047,11,0.05283144387341954,0.29995119006577026,0.3527826339391898
2017-11-22,598689.6000000001,24945.400000000005,24945.4,0,39306.627,1637.776125,3470.723,18,167021.957,6959.248208333333,7383.085,15,0.06565443428447729,0.27897921894751465,0.3446336532319919
2017-11-23,598689.6000000001,24945.400000000005,24945.4,0,19886.848,828.6186666666667,2263.496,18,161722.245,6738.426875,7501.033,12,0.03321729323509211,0.2701270324388464,0.3033443256739385
2017-11-24,598689.6000000001,24945.400000000005,24945.4,0,27112.696000000004,1129.6956666666667,3460.745,18,163260.99,6802.541249999999,7336.5,18,0.045286732891301265,0.2726972207300744,0.31798395362137566
2017-11-25,598689.6000000001,24945.400000000005,24945.4,0,21589.911,899.579625,1871.045,11,159182.678,6632.611583333334,6974.349,19,0.03606194428632132,0.2658851565151624,0.30194710080148374
2017-11-26,598689.6000000001,24945.400000000005,24945.4,0,15705.51,654.39625,1432.336,20,151705.623,6321.067625,7619.179,20,0.026233143184715414,0.2533961221307335,0.2796292653154489
2017-11-27,598689.6000000001,24945.400000000005,24945.4,0,38756.133,1614.8388750000001,3168.861,9,177233.022,7384.70925,7815.991,12,0.06473493610044335,0.29603491024397277,0.3607698463444161
2017-11-28,598689.6000000001,24945.400000000005,24945.4,0,42536.563,1772.3567916666668,3319.81,18,183681.689,7653.403708333334,7830.627,19,0.07104944365160176,0.3068062131027497,0.37785565675435145
2017-11-29,598689.6000000001,24945.400000000005,24945.4,0,40394.497,1683.1040416666667,3317.124,18,186742.449,7780.935375,8058.651,21,0.06747151946517861,0.31191864532138186,0.37939016478656046
2017-11-30,598689.6000000001,24945.400000000005,24945.4,0,31969.113000000005,1332.0463750000001,2710.821,19,190416.667,7934.027791666666,8160.576,10,0.053398477274367216,0.3180557454146522,0.3714542226890194
2017-12-01,598689.6000000001,24945.400000000005,24945.4,0,28984.841,1207.7017083333333,2451.846,18,176812.267,7367.177791666666,7781.823,12,0.04841380408144721,0.29533211701021694,0.34374592109166413
2017-12-02,598689.6000000001,24945.400000000005,24945.4,0,28925.691,1205.2371249999999,2070.176,10,163033.674,6793.06975,7314.514,21,0.04831500497085634,0.2723175314887714,0.32063253645962775
2017-12-03,598689.6000000001,24945.400000000005,24945.4,0,20647.081,860.2950416666666,1888.651,19,165102.84,6879.285,7498.296,22,0.03448712154011026,0.2757736897383886,0.31026081127849886
2017-12-04,598689.6000000001,24945.400000000005,24945.4,0,36578.676,1524.1115,2709.354,8,184811.273,7700.469708333333,7838.057,20,0.06109789780881444,0.30869297378808647,0.3697908715969009
2017-12-05,598689.6000000001,24945.400000000005,24945.4,0,42101.317,1754.2215416666668,3317.998,9,180506.861,7521.1192083333335,7729.605,2,0.07032244588848711,0.30150325143446616,0.3718256973229533
2017-12-06,598689.6000000001,24945.400000000005,24945.4,0,51434.094,2143.08725,3287.32,19,178075.218,7419.800749999999,7819.28,20,0.08591111988583064,0.2974416425473233,0.38335276243315397
2017-12-07,598689.6000000001,24945.400000000005,24945.4,0,53141.48700000001,2214.228625,4074.129,9,179230.743,7467.947625,7717.086,0,0.08876300339942435,0.2993717328645762,0.3881347362640005
2017-12-08,598689.6000000001,24945.400000000005,24945.4,0,35082.801,1461.783375,2823.501,19,161182.272,6715.928,7520.765,0,0.05859931590593856,0.26922510763507496,0.3278244235410135
2017-12-09,598689.6000000001,24945.400000000005,24945.4,0,17242.952,718.4563333333334,1245.703,19,142939.386,5955.80775,6290.073,0,0.02880115505597558,0.23875374818603826,0.2675549032420138
2017-12-10,598689.6000000001,24945.400000000005,24945.4,0,26525.078,1105.2115833333335,2605.904,20,81073.436,3378.0598333333332,5115.973,0,0.04430522594680114,0.13541814656543222,0.17972337251223336
2017-12-11,598689.6000000001,24945.400000000005,24945.4,0,46585.689,1941.070375,2719.679,19,123650.831,5152.117958333333,6532.16,20,0.07781275806361092,0.2065357925041624,0.2843485505677733
2017-12-12,598689.6000000001,24945.400000000005,24945.4,0,45580.062,1899.16925,3389.831,10,169743.261,7072.635875,7731.565,20,0.07613304456933942,0.28352465284180645,0.35965769741114584
2017-12-13,598689.6000000001,24945.400000000005,24945.4,0,37865.474,1577.7280833333334,2622.389,9,172610.872,7192.1196666666665,7800.213,19,0.06324725533899368,0.28831446545922956,0.35156172079822323
2017-12-14,598689.6000000001,24945.400000000005,24945.4,0,39917.615,1663.2339583333332,2913.505,19,157774.326,6573.93025,7359.385,11,0.06667497648196995,0.26353276555998295,0.3302077420419529
2017-12-15,598689.6000000001,24945.400000000005,24945.4,0,44667.606,1861.15025,2666.966,18,157832.294,6576.345583333333,7434.231,18,0.07460895595981623,0.2636295903586766,0.3382385463184928
2017-12-16,598689.6000000001,24945.400000000005,24945.4,0,39681.404,1653.3918333333334,2462.012,20,156049.895,6502.078958333333,7158.029,21,0.06628042979199905,0.2606524232256581,0.3269328530176572
2017-12-17,598689.6000000001,24945.400000000005,24945.4,0,44026.833,1834.4513749999999,3632.229,21,154101.479,6420.894958333333,7584.643,21,0.07353866344095503,0.25739795546807553,0.3309366189090306
2017-12-18,598689.6000000001,24945.400000000005,24945.4,0,44496.794,1854.0330833333335,2842.61,19,180098.345,7504.097708333334,8127.347,12,0.07432364617658298,0.3008209011815137,0.3751445473580967
2017-12-19,598689.6000000001,24945.400000000005,24945.4,0,45161.92,1881.7466666666667,2770.129,19,184733.921,7697.246708333333,8533.861,19,0.07543461586772175,0.30856377161053067,0.38399838747825243
2017-12-20,598689.6000000001,24945.400000000005,24945.4,0,52657.706,2194.0710833333333,3277.348,18,196307.633,8179.484708333333,8657.254,17,0.08795493691555689,0.3278955121318292,0.4158504490473861
2017-12-21,598689.6000000001,24945.400000000005,24945.4,0,45926.718,1913.61325,3186.517,19,188236.33299999998,7843.180541666666,8345.567,17,0.07671206915904334,0.31441390162782173,0.39112597078686506
2017-12-22,598689.6000000001,24945.400000000005,24945.4,0,49370.994,2057.12475,3016.498,10,169065.696,7044.4039999999995,7819.409,18,0.08246509376478227,0.2823929061069375,0.3648579998717198
2017-12-23,598689.6000000001,24945.400000000005,24945.4,0,38894.092,1620.5871666666665,2679.73,19,125319.117,5221.629875,6441.903,0,0.06496537103701149,0.20932235502337102,0.2742877260603825
2017-12-24,598689.6000000001,24945.400000000005,24945.4,0,37708.837999999996,1571.2015833333332,2988.997,19,120072.283,5003.011791666667,5995.387,18,0.06298562393600957,0.20055849141191023,0.26354411534791977
2017-12-25,598689.6000000001,24945.400000000005,24945.4,0,31414.393,1308.9330416666667,2054.845,20,59526.471,2480.269625,3902.354,0,0.052471920340690724,0.09942793561137522,0.15189985595206595
2017-12-26,598689.6000000001,24945.400000000005,24945.4,0,36543.218,1522.6340833333334,2380.477,10,45784.462999999996,1907.6859583333332,2339.721,11,0.061038671792528205,0.07647445855080828,0.13751313034333648
2017-12-27,598689.6000000001,24945.400000000005,24945.4,0,37271.917,1552.9965416666666,2360.007,19,37246.551,1551.939625,2022.224,18,0.06225582839588327,0.06221345919488161,0.12446928759076488
2017-12-28,598689.6000000001,24945.400000000005,24945.4,0,46691.047,1945.4602916666665,2991.304,19,39008.418,1625.3507499999998,2100.816,19,0.07798873907280165,0.06515633142783839,0.14314507050064004
2017-12-29,598689.6000000001,24945.400000000005,24945.4,0,54116.101,2254.8375416666668,3561.267,20,39109.384,1629.5576666666666,2014.416,19,0.09039091542595695,0.06532497641515736,0.1557158918411143
2017-12-30,598689.6000000001,24945.400000000005,24945.4,0,49193.615,2049.7339583333332,3701.444,20,19995.013,833.1255416666667,1090.054,0,0.08216881502534867,0.03339796281745999,0.11556677784280867
2017-12-31,598689.6000000001,24945.400000000005,24945.4,0,42147.879,1756.161625,2417.003,0,18890.299,787.0957916666666,873.062,7,0.07040021907846736,0.031552742857066496,0.10195296193553385
2018-01-01,598689.6000000001,24945.400000000005,24945.4,0,41122.351,1713.4312916666668,2138.335,0,22678.105,944.9210416666666,1066.735,7,0.06868726465266808,0.037879570648963995,0.10656683530163208
2018-01-02,598689.6000000001,24945.400000000005,24945.4,0,52697.685,2195.736875,3502.11,19,27917.129,1163.2137083333334,1478.477,19,0.08802171442430266,0.04663038910313457,0.13465210352743723
2018-01-03,598689.6000000001,24945.400000000005,24945.4,0,63504.67999999999,2646.028333333333,3949.456,19,28947.498999999996,1206.1457916666666,1643.247,17,0.10607279632049726,0.04835143119239083,0.1544242275128881
2018-01-04,598689.6000000001,24945.400000000005,24945.4,0,64629.104,2692.8793333333333,3660.101,10,26112.263,1088.0109583333333,1444.538,11,0.10795093818232351,0.04361569501123787,0.1515666331935614
2018-01-05,598689.6000000001,24945.400000000005,24945.4,0,75017.331,3125.7221250000002,4892.146,20,32872.058,1369.6690833333332,2024.571,19,0.1253025457599397,0.054906679521408076,0.18020922528134778
2018-01-06,598689.6000000001,24945.400000000005,24945.4,0,70890.7,2953.7791666666667,3670.81,19,42647.132,1776.9638333333332,2021.8,13,0.11840977361223577,0.07123412867034937,0.18964390228258515
2018-01-07,598689.6000000001,24945.400000000005,24945.4,0,72594.199,3024.7582916666665,4898.954,21,75125.779,3130.2407916666666,5144.09,23,0.12125515292064533,0.12548368804134893,0.24673884096199428
2018-01-08,598689.6000000001,24945.400000000005,24945.4,0,91836.155,3826.5064583333333,5908.769,20,160194.835,6674.784791666666,7658.979,21,0.15339527361089952,0.2675757771639928,0.4209710507748923
2018-01-09,598689.6000000001,24945.400000000005,24945.4,0,81108.044,3379.5018333333333,4527.689,20,169861.022,7077.542583333333,7593.22,9,0.13547595281427968,0.28372135076340055,0.41919730357768026
2018-01-10,598689.6000000001,24945.400000000005,24945.4,0,66862.705,2785.9460416666666,3957.091,9,141638.474,5901.6030833333325,6576.518,10,0.11168175461875401,0.23658081583511717,0.3482625704538712
2018-01-11,598689.6000000001,24945.400000000005,24945.4,0,65942.756,2747.614833333333,4243.323,21,130533.35699999999,5438.889875,6640.015,20,0.11014515034167953,0.2180317763996568,0.3281769267413363
2018-01-12,598689.6000000001,24945.400000000005,24945.4,0,89332.061,3722.1692083333332,5391.851,21,153776.915,6407.371458333334,7074.276,11,0.14921264875822127,0.25685583146926216,0.40606848022748343
2018-01-13,598689.6000000001,24945.400000000005,24945.4,0,71627.176,2984.465666666667,4550.551,19,151329.595,6305.399791666667,6663.845,12,0.11963992025249812,0.2527680370596048,0.37240795731210297
2018-01-14,598689.6000000001,24945.400000000005,24945.4,0,79037.869,3293.244541666667,5325.512,19,143927.802,5996.99175,7013.872,22,0.132018109217197,0.24040471389514695,0.372422823112344
2018-01-15,598689.6000000001,24945.400000000005,24945.4,0,76982.004,3207.5835,5555.813,10,159564.662,6648.5275833333335,7412.925,11,0.12858416782252438,0.26652318998025015,0.3951073578027745
2018-01-16,598689.6000000001,24945.400000000005,24945.4,0,66052.607,2752.1919583333333,4362.755,10,125417.86799999999,5225.7445,6539.411,20,0.11032863607452008,0.20948730026377604,0.31981593633829614
2018-01-17,598689.6000000001,24945.400000000005,24945.4,0,69300.408,2887.517,5270.499,20,132772.413,5532.183875,6950.978,20,0.11575348561257784,0.22177170440241484,0.3375251900149927
2018-01-18,598689.6000000001,24945.400000000005,24945.4,0,84212.556,3508.8565,5879.931,20,149057.994,6210.74975,6715.542,19,0.14066146463877105,0.2489737486670889,0.38963521330585993
2018-01-19,598689.6000000001,24945.400000000005,24945.4,0,67094.121,2795.588375,3903.464,9,138362.744,5765.114333333334,6358.2,11,0.1120682921500557,0.23110931607965127,0.343177608229707
2018-01-20,598689.6000000001,24945.400000000005,24945.4,0,52728.83499999999,2197.0347916666665,3497.66,20,65732.061,2738.835875,4832.562,0,0.08807374472514636,0.10979322339990538,0.19786696812505172
2018-01-21,598689.6000000001,24945.400000000005,24945.4,0,60423.678,2517.65325,5111.973,21,40528.205,1688.6752083333333,2206.79,19,0.1009265535930472,0.06769485389423834,0.16862140748728555
2018-01-22,598689.6000000001,24945.400000000005,24945.4,0,68811.048,2867.127,4433.513,19,94126.535,3921.9389583333336,5437.619,21,0.11493610044336829,0.15722092884192407,0.27215702928529234
2018-01-23,598689.6000000001,24945.400000000005,24945.4,0,87922.068,3663.4195,5910.925,20,123029.25200000001,5126.218833333333,5660.589,8,0.1468575168167277,0.20549756000438288,0.35235507682111056
2018-01-24,598689.6000000001,24945.400000000005,24945.4,0,75041.965,3126.7485416666664,5589.463,20,114413.476,4767.228166666667,5017.118,0,0.1253436922906294,0.19110650326980788,0.3164501955604373
2018-01-25,598689.6000000001,24945.400000000005,24945.4,0,73562.712,3065.113,4861.118,20,92950.556,3872.9398333333334,4401.409,0,0.12287287435759697,0.15525667390915088,0.27812954826674785
2018-01-26,598689.6000000001,24945.400000000005,24945.4,0,61150.08,2547.92,4099.712,20,41557.01,1731.5420833333335,2244.758,0,0.10213987348368836,0.06941328194109267,0.17155315542478103
2018-01-27,598689.6000000001,24945.400000000005,24945.4,0,57323.578,2388.4824166666667,4374.316,21,36328.677,1513.6948750000001,1845.352,20,0.09574841119672028,0.060680320820672345,0.15642873201739263
2018-01-28,598689.6000000001,24945.400000000005,24945.4,0,61041.532,2543.3971666666666,5305.689,21,34795.174,1449.7989166666666,2036.301,21,0.10195856417081571,0.058118888318754815,0.16007745248957053
2018-01-29,598689.6000000001,24945.400000000005,24945.4,0,74109.181,3087.8825416666664,4911.913,10,105990.46600000001,4416.269416666667,5862.385,13,0.12378564952522975,0.17703742640593723,0.30082307593116697
2018-01-30,598689.6000000001,24945.400000000005,24945.4,0,77804.69099999999,3241.8621249999997,5501.592,20,128738.55799999999,5364.106583333333,5894.761,20,0.12995831395768354,0.21503389736517883,0.3449922113228624
2018-01-31,598689.6000000001,24945.400000000005,24945.4,0,94838.683,3951.6117916666667,5839.059,20,129143.253,5380.968875,5697.795,1,0.15841044006777466,0.21570986534591544,0.3741203054136901
2018-02-01,598689.6000000001,24945.400000000005,24945.4,0,68722.086,2863.4202499999997,4466.606,9,112693.339,4695.555791666667,5301.375,10,0.11478750591291378,0.18823333326652072,0.3030208391794345
2018-02-02,598689.6000000001,24945.400000000005,24945.4,0,65654.322,2735.59675,4487.902,20,82669.337,3444.5557083333333,3839.816,19,0.1096633748105863,0.13808380335987128,0.24774717817045758
2018-02-03,598689.6000000001,24945.400000000005,24945.4,0,50913.740999999995,2121.405875,3532.983,20,79198.712,3299.9463333333333,3640.634,11,0.08504196665517488,0.13228676763384564,0.21732873428902053
2018-02-04,598689.6000000001,24945.400000000005,24945.4,0,66979.61,2790.8170833333334,5294.165,20,100006.848,4166.952,5119.982,23,0.11187702275102154,0.1670429016973069,0.27891992444832847
2018-02-05,598689.6000000001,24945.400000000005,24945.4,0,85985.06,3582.710833333333,6102.575,20,147079.978,6128.332416666667,6870.397,11,0.14362210400848785,0.24566983959634506,0.3892919436048329
2018-02-06,598689.6000000001,24945.400000000005,24945.4,0,88685.925,3695.2468750000003,5670.864,10,147875.602,6161.483416666667,6811.642,9,0.14813339834197886,0.246998782006569,0.39513218034854786
2018-02-07,598689.6000000001,24945.400000000005,24945.4,0,98514.062,4104.752583333334,6225.404,20,153515.087,6396.461958333333,7132.401,21,0.1645494793963349,0.2564184963293165,0.4209679757256514
2018-02-08,598689.6000000001,24945.400000000005,24945.4,0,99771.764,4157.156833333333,6341.241,10,169473.444,7061.393499999999,7552.182,23,0.1666502374519283,0.28307397355825115,0.44972421101017945
2018-02-09,598689.6000000001,24945.400000000005,24945.4,0,84588.74,3524.5308333333337,5616.439,11,175847.24,7326.968333333333,7558.402,22,0.14128981027898263,0.2937202182900788,0.43501002856906146
2018-02-10,598689.6000000001,24945.400000000005,24945.4,0,67394.097,2808.0873749999996,4753.933,21,107242.973,4468.457208333333,6238.489,0,0.11256934645265257,0.17912950717700787,0.2916988536296604
2018-02-11,598689.6000000001,24945.400000000005,24945.4,0,57805.709,2408.5712083333333,4409.055,20,82950.206,3456.2585833333337,4473.655,0,0.09655372166144191,0.13855294296075962,0.23510666462220153
2018-02-12,598689.6000000001,24945.400000000005,24945.4,0,76675.423,3194.8092916666665,5688.369,20,122512.62,5104.6925,6070.952,21,0.12807208109177107,0.20463462201447957,0.3327067031062506
2018-02-13,598689.6000000001,24945.400000000005,24945.4,0,66581.562,2774.2317500000004,3888.333,21,121035.323,5043.138458333334,5817.409,19,0.111212157351656,0.20216707121687094,0.31337922856852696
2018-02-14,598689.6000000001,24945.400000000005,24945.4,0,70422.955,2934.2897916666666,4382.893,20,103829.46899999998,4326.227875,5363.799,20,0.11762849229383639,0.17342788149318106,0.29105637378701743
2018-02-15,598689.6000000001,24945.400000000005,24945.4,0,92023.071,3834.294625,6548.995,21,126781.313,5282.554708333333,6360.41,19,0.15370748214099592,0.21176468239969423,0.36547216454069015
2018-02-16,598689.6000000001,24945.400000000005,24945.4,0,105472.28,4394.678333333333,6255.153,20,151990.862,6332.952583333333,6550.287,20,0.17617189274709297,0.25387256100657163,0.4300444537536646
2018-02-17,598689.6000000001,24945.400000000005,24945.4,0,86119.714,3588.321416666667,4900.324,20,94611.123,3942.130125,5562.867,0,0.1438470185551912,0.158030343269701,0.3018773618248922
2018-02-18,598689.6000000001,24945.400000000005,24945.4,0,82928.675,3455.3614583333333,5203.986,21,78581.462,3274.2275833333333,4333.246,22,0.1385169794163787,0.13125576592611596,0.2697727453424946
2018-02-19,598689.6000000001,24945.400000000005,24945.4,0,106348.18899999998,4431.174541666666,6841.533,19,108579.608,4524.150333333333,5237.067,11,0.17763493636769365,0.18136210817759316,0.3589970445452868
2018-02-20,598689.6000000001,24945.400000000005,24945.4,0,90291.501,3762.145875,5348.093,19,102898.749,4287.447875,5179.725,8,0.1508152154305002,0.17187328625718565,0.3226885016876858
2018-02-21,598689.6000000001,24945.400000000005,24945.4,0,82850.942,3452.1225833333333,5322.334,19,98714.466,4113.10275,4844.607,20,0.1383871408489474,0.16488421713021237,0.3032713579791598
2018-02-22,598689.6000000001,24945.400000000005,24945.4,0,84086.01,3503.58375,5457.415,20,129243.1,5385.129166666667,6604.369,20,0.14045009300311878,0.21587664125115918,0.35632673425427797
2018-02-23,598689.6000000001,24945.400000000005,24945.4,0,101212.475,4217.186458333334,6969.508,21,160155.169,6673.132041666667,7453.68,20,0.16905667811834377,0.2675095224637274,0.4365662005820712
2018-02-24,598689.6000000001,24945.400000000005,24945.4,0,98490.982,4103.790916666667,6862.748,20,166909.673,6954.569708333333,7280.531,0,0.16451092853458618,0.27879166933917005,0.44330259787375625
2018-02-25,598689.6000000001,24945.400000000005,24945.4,0,75673.216,3153.0506666666665,4800.266,21,140330.313,5847.096375,6741.23,0,0.12639808007354728,0.2343957753734155,0.36079385544696274
2018-02-26,598689.6000000001,24945.400000000005,24945.4,0,94517.711,3938.237958333333,6360.811,19,137422.009,5725.917041666667,6184.481,18,0.15787431583912595,0.22953799264259805,0.38741230848172403
2018-02-27,598689.6000000001,24945.400000000005,24945.4,0,119895.795,4995.658125,7328.537,20,147873.21,6161.38375,6496.489,22,0.2002637009228154,0.24699478661396485,0.4472584875367802
2018-02-28,598689.6000000001,24945.400000000005,24945.4,0,120255.39799999999,5010.641583333333,7569.578,13,138664.662,5777.6942500000005,6182.291,11,0.20086435107608344,0.23161361413326703,0.43247796520935045
2018-03-01,598689.6000000001,24945.400000000005,24945.4,0,98790.08799999999,4116.2536666666665,5729.391,10,104635.77599999998,4359.824,4951.029,12,0.1650105296634516,0.17477466787463816,0.3397851975380898
2018-03-02,598689.6000000001,24945.400000000005,24945.4,0,115956.957,4831.5398749999995,7568.892,10,94726.066,3946.919416666667,4687.657,11,0.19368460217114172,0.15822233424465698,0.35190693641579873
2018-03-03,598689.6000000001,24945.400000000005,24945.4,0,102288.62900000002,4262.026208333334,6553.181,19,43791.063,1824.627625,2201.128,19,0.1708541938927952,0.07314485335973765,0.24399904725253285
2018-03-04,598689.6000000001,24945.400000000005,24945.4,0,101688.51500000001,4237.021458333334,5662.2,20,42971.716,1790.4881666666668,2371.093,20,0.16985181469663077,0.07177628607545546,0.24162810077208624
2018-03-05,598689.6000000001,24945.400000000005,24945.4,0,120086.179,5003.5907916666665,6940.108,10,80741.613,3364.233875,4537.638,12,0.20058170210406193,0.13486389775269186,0.3354455998567538
2018-03-06,598689.6000000001,24945.400000000005,24945.4,0,108483.44699999999,4520.143625,7019.142,20,77762.607,3240.1086250000003,4184.229,20,0.18120148905208971,0.12988802043663358,0.31108950948872327
2018-03-07,598689.6000000001,24945.400000000005,24945.4,0,128540.703,5355.862625,7473.659,19,95774.536,3990.6056666666664,4738.067,20,0.214703417263303,0.1599736090287855,0.3746770262920885
2018-03-08,598689.6000000001,24945.400000000005,24945.4,0,126693.67000000001,5278.902916666667,7373.723,10,60143.545,2505.9810416666664,2978.722,10,0.21161829101424176,0.10045864334372935,0.3120769343579711
2018-03-09,598689.6000000001,24945.400000000005,24945.4,0,108459.03400000001,4519.126416666667,6362.916,19,38255.966,1593.9985833333333,1985.044,0,0.18116071166093414,0.06389949984098604,0.2450602115019202
2018-03-10,598689.6000000001,24945.400000000005,24945.4,0,132895.239,5537.301625,6240.226,21,23738.265,989.094375,1225.066,0,0.22197686246762927,0.03965037141116197,0.2616272338787912
2018-03-11,598689.6000000001,24945.400000000005,24945.4,0,130306.799,5429.449958333334,6885.2,21,19677.029,819.8762083333332,976.441,0,0.21765335325684626,0.03286682948893716,0.2505201827457834
2018-03-12,598689.6000000001,24945.400000000005,24945.4,0,148313.372,6179.7238333333335,8364.164,20,20248.718,843.6965833333334,1051.939,10,0.2477299956438194,0.03382172999163506,0.28155172563545444
2018-03-13,598689.6000000001,24945.400000000005,24945.4,0,177690.878,7403.7865833333335,8905.47,20,26605.5,1108.5625,1277.242,18,0.29679967382095823,0.04443955599028277,0.341239229811241
2018-03-14,598689.6000000001,24945.400000000005,24945.4,0,166625.516,6942.729833333334,8956.818,10,23121.409,963.3920416666666,1253.841,12,0.2783170377437657,0.03862002780739802,0.31693706555116374
2018-03-15,598689.6000000001,24945.400000000005,24945.4,0,174057.875,7252.411458333333,9175.347,20,23268.076,969.5031666666667,1237.03,11,0.2907314157453211,0.03886500784379752,0.3295964235891186
2018-03-16,598689.6000000001,24945.400000000005,24945.4,0,178829.94700000001,7451.247791666668,9762.251,8,25019.57,1042.4820833333333,1334.885,22,0.2987022774405969,0.0417905539030576,0.3404928313436545
2018-03-17,598689.6000000001,24945.400000000005,24945.4,0,172291.65,7178.818749999999,8804.852,20,33148.675,1381.1947916666668,1721.152,12,0.28778126428119005,0.055368716944473394,0.3431499812256634
2018-03-18,598689.6000000001,24945.400000000005,24945.4,0,166519.318,6938.304916666667,8587.443,21,31350.16,1306.2566666666667,1607.169,21,0.27813965367028254,0.05236463102081612,0.33050428469109866
2018-03-19,598689.6000000001,24945.400000000005,24945.4,0,162021.38,6750.890833333334,8212.311,20,33034.241,1376.4267083333334,1904.542,9,0.2706266820068362,0.055177576159666036,0.32580425816650227
2018-03-20,598689.6000000001,24945.400000000005,24945.4,0,171761.426,7156.726083333334,8951.167,20,36112.305,1504.679375,1988.683,20,0.2868956233747838,0.060318911502721936,0.34721453487750575
2018-03-21,598689.6000000001,24945.400000000005,24945.4,0,165370.309,6890.429541666667,8755.564,20,39130.737,1630.447375,2276.278,21,0.27622044712318367,0.06536064264353347,0.34158108976671714
2018-03-22,598689.6000000001,24945.400000000005,24945.4,0,162399.32,6766.638333333333,7793.324,8,50792.43400000001,2116.351416666667,2485.733,8,0.2712579607195448,0.08483934579788925,0.35609730651743404
2018-03-23,598689.6000000001,24945.400000000005,24945.4,0,158369.38,6598.724166666667,8079.136,9,45484.772,1895.1988333333331,2580.38,10,0.26452669296410025,0.07597388028788205,0.3405005732519823
2018-03-24,598689.6000000001,24945.400000000005,24945.4,0,132195.438,5508.14325,7662.679,20,31748.708,1322.8628333333334,1533.83,21,0.22080797461656254,0.05303033157749858,0.27383830619406113
2018-03-25,598689.6000000001,24945.4,24945.4,0,147155.0024347826,6131.4584347826085,8544.715,21,32997.23686956521,1374.8848695652173,1617.143,21,0.245795154007657,0.05511576761908877,0.30091092162674576
2018-03-26,598689.6000000001,24945.400000000005,24945.4,0,160328.833,6680.3680416666675,8733.378,9,36436.773,1518.198875,1951.582,12,0.26779959598429637,0.0608608751513305,0.32866047113562685
2018-03-27,598689.6000000001,24945.400000000005,24945.4,0,161724.018,6738.50075,8785.374,9,36690.614,1528.7755833333333,2074.312,11,0.2701299939066922,0.061284869488295764,0.33141486339498794
2018-03-28,598689.6000000001,24945.400000000005,24945.4,0,152053.54,6335.564166666667,8264.286,9,31706.479999999996,1321.1033333333332,1754.418,11,0.25397725298719065,0.05295979753114133,0.306937050518332
2018-03-29,598689.6000000001,24945.400000000005,24945.4,0,132641.495,5526.728958333333,6854.482,0,28790.214,1199.59225,1393.688,3,0.22155303015118347,0.04808871575520937,0.26964174590639284
2018-03-30,598689.6000000001,24945.400000000005,24945.4,0,122277.43300000002,5094.893041666667,6047.957,21,21641.151,901.7146250000001,1131.857,0,0.20424178572669377,0.03614753120815862,0.24038931693485238
2018-03-31,598689.6000000001,24945.400000000005,24945.4,0,121440.44499999999,5060.018541666666,6462.87,21,22511.065,937.9610416666666,1272.005,21,0.20284375242195618,0.03760056129252954,0.2404443137144857
2018-04-01,598689.6000000001,24945.400000000005,24945.4,0,121205.005,5050.208541666667,6600.815,21,22966.365,956.9318750000001,1176.104,0,0.20245049354456798,0.038361055545310954,0.24081154908987895
2018-04-02,598689.6000000001,24945.400000000005,24945.4,0,122096.59,5087.357916666667,6504.339,10,22414.956,933.9564999999999,1025.802,9,0.20393972101736857,0.03744002902338707,0.24137975004075563
2018-04-03,598689.6000000001,24945.400000000005,24945.4,0,122646.035,5110.251458333333,6673.508,21,22461.525,935.896875,1212.262,10,0.20485746704135163,0.03751781390556976,0.2423752809469214
2018-04-04,598689.6000000001,24945.400000000005,24945.4,0,125713.843,5238.076791666666,6823.219,21,31458.573000000004,1310.773875,1758.493,21,0.20998167163752296,0.05254571484121321,0.2625273864787362
2018-04-05,598689.6000000001,24945.400000000005,24945.4,0,162095.824,6753.992666666666,8867.404,9,37262.471,1552.6029583333332,2100.728,9,0.2707510269094368,0.06224005060385213,0.33299107751328894
2018-04-06,598689.6000000001,24945.400000000005,24945.4,0,148651.495,6193.812291666666,8021.705,9,38095.782,1587.32425,2264.775,9,0.24829476743875287,0.0636319421616811,0.31192670960043395
2018-04-07,598689.6000000001,24945.400000000005,24945.4,0,154281.859,6428.410791666666,8561.586,21,20600.429,858.3512083333334,1169.582,22,0.2576992468217253,0.03440919802181297,0.29210844484353826
2018-04-08,598689.6000000001,24945.400000000005,24945.4,0,138235.571,5759.8154583333335,8220.356,21,28712.896,1196.3706666666667,1780.766,22,0.23089689715672357,0.04795957036835114,0.2788564675250747
2018-04-09,598689.6000000001,24945.400000000005,24945.4,0,165221.69,6884.237083333333,8202.843,21,47004.949,1958.5395416666668,2631.239,10,0.27597220663261895,0.0785130541769892,0.3544852608096082
2018-04-10,598689.6000000001,24945.400000000005,24945.4,0,173724.519,7238.521625,8976.201,21,50821.708,2117.5711666666666,2665.876,10,0.29017460634024705,0.08488824258847989,0.37506284892872693
2018-04-11,598689.6000000001,24945.400000000005,24945.4,0,168330.458,7013.769083333334,9024.248,9,44417.011,1850.7087916666667,2316.257,11,0.28116482731619186,0.07419038346415237,0.3553552107803442
2018-04-12,598689.6000000001,24945.400000000005,24945.4,0,191591.877,7982.994875,9799.61,21,60586.96100000001,2524.4567083333336,2983.192,17,0.320018715875472,0.10119928757740237,0.42121800345287436
2018-04-13,598689.6000000001,24945.400000000005,24945.4,0,196745.523,8197.730125,10271.723,9,79767.39600000001,3323.6415,3684.868,12,0.32862692620683565,0.1332366488410689,0.46186357504790454
2018-04-14,598689.6000000001,24945.400000000005,24945.4,0,166202.05,6925.085416666666,8068.918,10,56687.958,2361.99825,3289.793,0,0.2776097162870375,0.0946867258091672,0.3722964420962047
2018-04-15,598689.6000000001,24945.400000000005,24945.4,0,150663.583,6277.6492916666675,9105.495,21,38269.685,1594.5702083333333,2509.51,21,0.25165558746970046,0.0639224148874475,0.31557800235714795
2018-04-16,598689.6000000001,24945.400000000005,24945.4,0,162733.257,6780.552375,9149.539,21,59823.585,2492.649375,3223.485,21,0.2718157405774211,0.09992420947349008,0.37173995005091115
2018-04-17,598689.6000000001,24945.400000000005,24945.4,0,164836.682,6868.195083333333,8866.164,21,71642.427,2985.1011249999997,3540.918,9,0.27532912213607846,0.11966539422097859,0.39499451635705707
2018-04-18,598689.6000000001,24945.400000000005,24945.4,0,158307.876,6596.161499999999,7791.468,21,66199.9,2758.3291666666664,3309.665,9,0.26442396193286133,0.11057466172788033,0.37499862366074166
2018-04-19,598689.6000000001,24945.400000000005,24945.4,0,153497.405,6395.725208333333,8029.907,21,50970.99799999999,2123.791583333333,2939.129,9,0.2563889618259612,0.0851376038601639,0.3415265656861251
2018-04-20,598689.6000000001,24945.400000000005,24945.4,0,162031.406,6751.3085833333325,8995.921,8,48309.695,2012.9039583333333,2941.948,9,0.27064342858135493,0.08069239051421637,0.3513358190955713
2018-04-21,598689.6000000001,24945.400000000005,24945.4,0,163794.841,6824.785041666666,9287.911,21,38192.335,1591.3472916666667,2029.122,22,0.27358891986765754,0.06379321605052099,0.33738213591817856
2018-04-22,598689.6000000001,24945.400000000005,24945.4,0,160732.526,6697.188583333334,8673.499,21,34450.320999999996,1435.4300416666665,1936.282,22,0.26847389030976987,0.057542875306335686,0.32601676561610554
2018-04-23,598689.6000000001,24945.400000000005,24945.4,0,184707.671,7696.152958333333,9439.623,12,52655.70599999999,2193.98775,2785.249,12,0.3085199258513927,0.08795159628628922,0.39647152213768194
2018-04-24,598689.6000000001,24945.400000000005,24945.4,0,185080.585,7711.691041666666,9464.756,21,59808.585,2492.024375,2933.021,12,0.30914280956275164,0.09989915475398269,0.40904196431673434
2018-04-25,598689.6000000001,24945.400000000005,24945.4,0,177943.327,7414.305291666667,9203.824,9,57861.491,2410.8954583333334,2888.197,13,0.29722134307995324,0.09664689515234605,0.3938682382322993
2018-04-26,598689.6000000001,24945.400000000005,24945.4,0,174799.116,7283.2965,8801.432,21,59725.636,2488.5681666666665,2941.208,18,0.2919695214348136,0.09976060382542137,0.391730125260235
2018-04-27,598689.6000000001,24945.400000000005,24945.4,0,163851.56,6827.1483333333335,8359.05,12,54882.495,2286.770625,2778.106,12,0.2736836584433736,0.09167103453943412,0.36535469298280776
2018-04-28,598689.6000000001,24945.400000000005,24945.4,0,142683.004,5945.125166666666,7298.627,21,38374.082,1598.9200833333334,1928.608,11,0.23832550957958842,0.06409679072427514,0.3024223003038636
2018-04-29,598689.6000000001,24945.400000000005,24945.4,0,106274.122,4428.0884166666665,6265.042,22,29140.595,1214.1914583333335,1448.888,5,0.17751122117371002,0.04867396226692429,0.22618518344063432
2018-04-30,598689.6000000001,24945.400000000005,24945.4,0,149493.589,6228.899541666667,7675.528,10,37022.640999999996,1542.6100416666666,1797.711,10,0.24970132937001074,0.061839459045221416,0.31154078841523214
2018-05-01,598689.6000000001,24945.400000000005,24945.4,0,120861.05599999998,5035.877333333333,6872.154,22,33568.993,1398.7080416666668,1598.948,23,0.2018759904965778,0.05607078025073427,0.2579467707473121
2018-05-02,598689.6000000001,24945.400000000005,24945.4,0,135663.59,5652.649583333333,8123.013,21,36963.472,1540.1446666666668,1980.506,21,0.2266008796544987,0.06174062819865252,0.2883415078531512
2018-05-03,598689.6000000001,24945.400000000005,24945.4,0,130963.088,5456.7953333333335,7541.787,8,34669.385,1444.5577083333335,1973.735,9,0.2187495623775659,0.057908781111280366,0.27665834348884627
2018-05-04,598689.6000000001,24945.400000000005,24945.4,0,122395.345,5099.806041666667,6663.843,21,28620.765999999996,1192.5319166666666,1516.664,21,0.20443873586579753,0.04780568428113666,0.25224442014693416
2018-05-05,598689.6000000001,24945.400000000005,24945.4,0,114209.489,4758.728708333333,6436.858,21,29675.041,1236.4600416666667,1532.63,22,0.19076578079859743,0.049566655241714566,0.24033243604031201
2018-05-06,598689.6000000001,24945.400000000005,24945.4,0,108373.81699999998,4515.575708333333,6761.208,22,30614.605000000003,1275.6085416666667,1631.751,23,0.18101837245878324,0.05113602274033155,0.2321543951991148
2018-05-07,598689.6000000001,24945.400000000005,24945.4,0,157612.938,6567.20575,8097.36,21,54418.723,2267.4467916666667,2625.666,11,0.2632631968218589,0.09089638938107492,0.3541595862029338
2018-05-08,598689.6000000001,24945.400000000005,24945.4,0,145394.667,6058.111124999999,7781.696,9,56615.403999999995,2358.9751666666666,2492.204,22,0.2428548399704955,0.09456553780122452,0.33742037777172
2018-05-09,598689.6000000001,24945.400000000005,24945.4,0,120639.97,5026.665416666667,7306.016,12,63301.479999999996,2637.5616666666665,2908.15,16,0.20150670731544357,0.10573338838690365,0.3072400957023472
2018-05-10,598689.6000000001,24945.400000000005,24945.4,0,115216.168,4800.673666666667,7824.244,21,60143.845,2505.9935416666667,2995.161,22,0.1924472514638637,0.1004591444381195,0.2929063959019832
2018-05-11,598689.6000000001,24945.400000000005,24945.4,0,137884.77,5745.19875,7771.497,21,63700.15299999999,2654.1730416666664,2866.739,1,0.23031094911286243,0.10639929773291532,0.33671024684577777
2018-05-12,598689.6000000001,24945.400000000005,24945.4,0,90477.903,3769.9126250000004,5777.689,0,38126.307,1588.596125,2519.37,0,0.15112656541887481,0.06368292851587867,0.2148094939347535
2018-05-13,598689.6000000001,24945.400000000005,24945.4,0,84248.942,3510.3725833333333,5353.883,22,34029.942,1417.91425,2127.376,22,0.14072224070703748,0.05684071011088216,0.19756295081791964
2018-05-14,598689.6000000001,24945.400000000005,24945.4,0,93195.718,3883.1549166666664,5731.17,8,43675.402,1819.8084166666667,2277.715,11,0.15566617158540916,0.0729516630988746,0.22861783468428376
2018-05-15,598689.6000000001,24945.400000000005,24945.4,0,90842.568,3785.107,5868.464,8,42701.802,1779.2417500000001,2163.661,13,0.1517356707048193,0.07132544477138068,0.2230611154762
2018-05-16,598689.6000000001,24945.400000000005,24945.4,0,95202.601,3966.7750416666663,5899.392,21,43933.29,1830.55375,2167.978,13,0.1590182976286877,0.07338241719916296,0.23240071482785063
2018-05-17,598689.6000000001,24945.400000000005,24945.4,0,104074.398,4336.43325,5898.907,21,53988.705,2249.529375,2644.002,13,0.17383698998612968,0.09017812402286593,0.2640151140089956
2018-05-18,598689.6000000001,24945.400000000005,24945.4,0,127023.46600000001,5292.644416666667,6983.488,22,61211.418000000005,2550.47575,2680.297,13,0.21216915409921935,0.10224232724269805,0.31441148134191743
2018-05-19,598689.6000000001,24945.400000000005,24945.4,0,103977.119,4332.379958333334,5897.196,22,47436.257,1976.5107083333332,2552.079,0,0.17367450344886565,0.07923347424107582,0.25290797768994144
2018-05-20,598689.6000000001,24945.400000000005,24945.4,0,101372.24899999998,4223.843708333333,6448.004,22,64317.93400000001,2679.913916666667,3170.316,22,0.16932355096864882,0.10743118637771559,0.2767547373463644
2018-05-21,598689.6000000001,24945.400000000005,24945.4,0,128944.05899999998,5372.669124999999,7301.771,22,93763.10399999999,3906.796,4361.12,18,0.21537714869274488,0.1566138847242377,0.3719910334169826
2018-05-22,598689.6000000001,24945.400000000005,24945.4,0,115041.722,4793.405083333333,6124.141,9,102066.01700000002,4252.750708333334,4453.32,22,0.19215587175725113,0.17048236181152973,0.3626382335687809
2018-05-23,598689.6000000001,24945.400000000005,24945.4,0,126627.22900000002,5276.134541666667,6432.804,10,112937.43,4705.72625,5011.361,21,0.21150731363965566,0.18864104203580617,0.4001483556754618
2018-05-24,598689.6000000001,24945.400000000005,24945.4,0,105558.81700000001,4398.284041666667,5987.638,9,119465.16500000001,4977.715208333334,5247.893,19,0.17631643676456046,0.1995444133320505,0.37586085009661097
2018-05-25,598689.6000000001,24945.400000000005,24945.4,0,105366.75699999998,4390.281541666666,5941.463,12,129419.50400000002,5392.479333333334,5844.904,20,0.17599563613598762,0.2161712914338248,0.3921669275698124
2018-05-26,598689.6000000001,24945.400000000005,24945.4,0,91901.263,3829.219291666667,4700.416,22,115244.617,4801.859041666667,5439.803,0,0.15350402445607872,0.19249477024488146,0.3459987947009602
2018-05-27,598689.6000000001,24945.400000000005,24945.4,0,88148.639,3672.859958333333,4781.595,22,102003.965,4250.165208333333,5107.873,0,0.1472359616736285,0.17037871544787145,0.31761467712149993
2018-05-28,598689.6000000001,24945.400000000005,24945.4,0,116115.67000000001,4838.152916666667,6833.53,10,129875.906,5411.496083333333,6187.96,20,0.19394970281762033,0.21693362637333266,0.410883329190953
2018-05-29,598689.6000000001,24945.400000000005,24945.4,0,124793.12100000001,5199.713375,7290.937,9,144673.428,6028.0595,6193.157,13,0.2084437762072366,0.24165014391430883,0.4500939201215454
2018-05-30,598689.6000000001,24945.400000000005,24945.4,0,111398.89199999999,4641.6205,6783.796,12,144780.706,6032.529416666667,6275.286,21,0.18607119949970732,0.2418293319275965,0.42790053142730383
2018-05-31,598689.6000000001,24945.400000000005,24945.4,0,109334.1,4555.587500000001,6111.427,13,138376.307,5765.679458333333,6140.645,11,0.18262234720629852,0.23113197055702986,0.4137543177633284
2018-06-01,598689.6000000001,24945.400000000005,24945.4,0,102789.864,4282.911,5830.476,9,134108.798,5587.866583333333,6116.593,11,0.17169141404828142,0.2240038878243417,0.39569530187262314
2018-06-02,598689.6000000001,24945.400000000005,24945.4,0,99216.981,4134.040875,4741.405,21,110312.95799999998,4596.37325,5080.739,22,0.1657235752884299,0.18425734804813707,0.34998092333656694
2018-06-03,598689.6000000001,24945.400000000005,24945.4,0,97277.157,4053.214875,5209.813,22,82058.939,3419.1224583333333,4505.825,22,0.1624834588741812,0.13706424664801256,0.2995477055221938
2018-06-04,598689.6000000001,24945.400000000005,24945.4,0,111779.017,4657.459041666667,6154.254,10,103519.87,4313.327916666666,5100.002,11,0.18670612784989082,0.17291075375286288,0.35961688160275374
2018-06-05,598689.6000000001,24945.400000000005,24945.4,0,116517.696,4854.9039999999995,6798.644,11,105992.375,4416.348958333333,4952.242,12,0.19462121272859922,0.17704061503657317,0.3716618277651724
2018-06-06,598689.6000000001,24945.400000000005,24945.4,0,114452.331,4768.847125,6388.076,9,108826.698,4534.44575,4840.238,22,0.19117140334490526,0.18177482622046548,0.3729462295653707
2018-06-07,598689.6000000001,24945.400000000005,24945.4,0,115532.52599999998,4813.85525,7014.298,21,104925.06700000001,4371.877791666667,4655.481,0,0.1929756688607919,0.17525787486537264,0.36823354372616457
2018-06-08,598689.6000000001,24945.400000000005,24945.4,0,114721.21600000001,4780.050666666667,6310.188,10,100478.67,4186.61125,4438.838,10,0.19162052589522183,0.1678309928884684,0.3594515187836902
2018-06-09,598689.6000000001,24945.400000000005,24945.4,0,113445.54499999998,4726.897708333333,5592.621,22,61714.125,2571.421875,3770.742,0,0.18948975395597312,0.10308200610132529,0.2925717600572984
2018-06-10,598689.6000000001,24945.400000000005,24945.4,0,119972.693,4998.862208333333,6684.759,22,39227.316,1634.4714999999999,2090.126,0,0.20039214477752743,0.06552195996055384,0.26591410473808125
2018-06-11,598689.6000000001,24945.400000000005,24945.4,0,146735.734,6113.988916666666,8803.777,11,49360.151,2056.672958333333,2491.897,21,0.24509484380553792,0.08244698254320769,0.3275418263487456
2018-06-12,598689.6000000001,24945.400000000005,24945.4,0,136242.193,5676.758041666667,7045.293,9,43691.248999999996,1820.468708333333,2431.053,10,0.2275673287125749,0.07297813257487684,0.30054546128745174
2018-06-13,598689.6000000001,24945.400000000005,24945.4,0,126146.421,5256.100875,6771.266,21,35643.174,1485.1322499999999,2015.932,13,0.21070421300119457,0.05953531512824006,0.27023952812943464
2018-06-14,598689.6000000001,24945.400000000005,24945.4,0,126941.207,5289.216958333333,6248.497,21,45410.928,1892.122,2434.614,22,0.21203175568775534,0.07585053757406174,0.2878822932618171
2018-06-15,598689.6000000001,24945.400000000005,24945.4,0,140909.396,5871.224833333334,7382.567,13,41913.829,1746.4095416666667,2364.923,10,0.23536302618251592,0.07000928193842017,0.3053723081209361
2018-06-16,598689.6000000001,24945.400000000005,24945.4,0,127692.36000000002,5320.515,6786.909,12,35171.272,1465.4696666666666,1812.77,12,0.2132864175358984,0.05874709031190786,0.2720335078478062
2018-06-17,598689.6000000001,24945.400000000005,24945.4,0,120039.242,5001.635083333334,6416.09,22,30448.873,1268.7030416666666,1587.067,0,0.20050330254609397,0.050859198155438136,0.2513625007015321
2018-06-18,598689.6000000001,24945.400000000005,24945.4,0,132021.156,5500.8814999999995,7362.742,13,36581.621,1524.2342083333333,1860.977,13,0.2205168688415499,0.06110281688541106,0.28161968572696094
2018-06-19,598689.6000000001,24945.400000000005,24945.4,0,140858.8,5869.116666666666,8561.882,21,46081.368,1920.057,2345.019,20,0.2352785149433028,0.07697038331716467,0.3122488982604675
2018-06-20,598689.6000000001,24945.400000000005,24945.4,0,165472.099,6894.670791666666,8073.097,17,73150.617,3047.942375,3596.157,21,0.2763904684497609,0.12218454604857006,0.39857501449833094
2018-06-21,598689.6000000001,24945.400000000005,24945.4,0,151584.264,6316.0109999999995,8477.558,12,73801.614,3075.06725,3438.85,13,0.25319341441708687,0.1232719158642475,0.3764653302813344
2018-06-22,598689.6000000001,24945.400000000005,24945.4,0,128115.313,5338.138041666666,7249.623,13,79490.453,3312.1022083333332,3645.953,12,0.21399288212121936,0.13277406689543292,0.3467669490166523
2018-06-23,598689.6000000001,24945.400000000005,24945.4,0,112662.079,4694.253291666667,6021.538,21,64189.327,2674.5552916666666,3017.867,14,0.18818111923106728,0.107216372223603,0.2953974914546703
2018-06-24,598689.6000000001,24945.400000000005,24945.4,0,104951.956,4372.998166666667,7069.619,22,73074.834,3044.7847500000003,3646.644,19,0.1753027879555616,0.12205796459467476,0.29736075255023636
2018-06-25,598689.6000000001,24945.400000000005,24945.4,0,138671.691,5777.987125,7888.086,12,97298.601,4054.108375,4463.797,21,0.23162535477482818,0.16251927710118896,0.3941446318760171
2018-06-26,598689.6000000001,24945.400000000005,24945.4,0,134492.568,5603.857,6939.706,10,96481.168,4020.048666666667,4307.406,0,0.22464490447136543,0.16115390679911593,0.3857988112704813
2018-06-27,598689.6000000001,24945.400000000005,24945.4,0,125800.40300000002,5241.683458333334,7539.144,12,99278.394,4136.59975,4335.667,19,0.21012625407222707,0.16582615432103712,0.37595240839326416
2018-06-28,598689.6000000001,24945.400000000005,24945.4,0,121082.856,5045.119,6789.608,13,103412.85800000001,4308.869083333334,4725.181,17,0.20224646628236065,0.17273201004326783,0.3749784763256285
2018-06-29,598689.6000000001,24945.400000000005,24945.4,0,125578.332,5232.4304999999995,6736.46,10,108097.86800000002,4504.077833333334,4595.4,0,0.20975532563117846,0.18055745080589342,0.39031277643707185
2018-06-30,598689.6000000001,24945.400000000005,24945.4,0,106079.05,4419.960416666667,6594.168,22,89882.336,3745.097333333333,4085.252,22,0.17718538955746013,0.15013178114335038,0.3273171707008105
2018-07-01,598689.6000000001,24945.400000000005,24945.4,0,97126.819,4046.9507916666666,5955.806,22,78934.29,3288.9287499999996,4154.067,22,0.1622323471127609,0.13184509969773983,0.29407744681050074
2018-07-02,598689.6000000001,24945.400000000005,24945.4,0,118567.73800000001,4940.322416666667,7076.999,12,111813.96899999998,4658.915375,5321.498,22,0.19804542788115911,0.18676450868697228,0.3848099365681314
2018-07-03,598689.6000000001,24945.400000000005,24945.4,0,142670.15,5944.589583333333,7708.965,11,126946.068,5289.4195,5444.029,19,0.23830403935528524,0.21203987508719038,0.4503439144424756
2018-07-04,598689.6000000001,24945.400000000005,24945.4,0,107357.96900000001,4473.2487083333335,7173.689,9,119443.56600000002,4976.815250000001,5267.913,22,0.17932158667863948,0.1995083362062745,0.378829922884914
2018-07-05,598689.6000000001,24945.400000000005,24945.4,0,113391.84599999999,4724.66025,6413.598,10,110102.106,4587.58775,5035.812,13,0.18940005973045126,0.18390515886696543,0.3733052185974167
2018-07-06,598689.6000000001,24945.400000000005,24945.4,0,117167.041,4881.960041666666,6817.486,13,109451.018,4560.459083333333,4822.881,18,0.19570582318450158,0.1828176370526563,0.3785234602371579
2018-07-07,598689.6000000001,24945.400000000005,24945.4,0,76946.962,3206.123416666667,5119.433,13,88444.787,3685.199458333333,4199.423,0,0.1285256366571258,0.1477306220118071,0.2762562586689329
2018-07-08,598689.6000000001,24945.400000000005,24945.4,0,69241.491,2885.062125,5388.876,22,72694.93,3028.955416666666,3679.471,22,0.11565507568529666,0.12142340538402535,0.237078481069322
2018-07-09,598689.6000000001,24945.400000000005,24945.4,0,101263.747,4219.3227916666665,6526.159,12,105594.864,4399.786,5253.784,16,0.16914231849024935,0.176376646596166,0.34551896508641533
2018-07-10,598689.6000000001,24945.400000000005,24945.4,0,111472.17500000002,4644.673958333334,6687.553,12,129568.62299999999,5398.692625,5795.932,12,0.1861936051670181,0.2164203670817064,0.4026139722487245
2018-07-11,598689.6000000001,24945.400000000005,24945.4,0,111535.881,4647.328375,6979.701,12,128379.302,5349.137583333333,5628.867,13,0.18630001423108064,0.21443382681108872,0.40073384104216936
2018-07-12,598689.6000000001,24945.400000000005,24945.4,0,108951.802,4539.658416666666,5991.634,12,132248.067,5510.336125000001,5753.977,16,0.18198378926241573,0.22089588160542623,0.40287967086784193
2018-07-13,598689.6000000001,24945.400000000005,24945.4,0,97405.782,4058.57425,6491.144,11,127524.59700000001,5313.524875,5722.382,12,0.1626983030939572,0.2130062005419837,0.3757045036359409
2018-07-14,598689.6000000001,24945.400000000005,24945.4,0,82560.574,3440.0239166666665,4909.909,10,125147.209,5214.467041666667,5385.38,1,0.13790213492935233,0.20903521457529908,0.3469373495046514
2018-07-15,598689.6000000001,24945.400000000005,24945.4,0,69964.911,2915.204625,4212.563,0,101807.492,4241.978833333334,4956.754,0,0.11686341469769974,0.17005054372081957,0.2869139584185193
2018-07-16,598689.6000000001,24945.400000000005,24945.4,0,76671.038,3194.626583333333,4593.142,21,107377.72200000001,4474.07175,5455.633,22,0.12806475676210174,0.17935458040360144,0.3074193371657032
2018-07-17,598689.6000000001,24945.400000000005,24945.4,0,104328.48799999998,4347.020333333333,5944.527,12,127402.838,5308.4515833333335,5698.92,21,0.17426140023143874,0.21280282470248352,0.38706422493392223
2018-07-18,598689.6000000001,24945.400000000005,24945.4,0,116694.728,4862.280333333333,7291.399,21,126159.28399999999,5256.636833333333,5674.22,8,0.19491691186885488,0.21072569825832946,0.40564261012718433
2018-07-19,598689.6000000001,24945.400000000005,24945.4,0,113364.36000000002,4723.515,6118.357,12,127890.84100000001,5328.785041666667,5474.554,13,0.18935414946242593,0.213617943254735,0.40297209271716095
2018-07-20,598689.6000000001,24945.400000000005,24945.4,0,91998.754,3833.2814166666667,6372.125,12,120758.36299999998,5031.598458333333,5300.9,12,0.15366686510004515,0.2017044608758862,0.35537132597593135
2018-07-21,598689.6000000001,24945.400000000005,24945.4,0,82636.501,3443.1875416666667,5402.096,12,86473.037,3603.043208333333,4199.612,0,0.13802895690855493,0.14443717913255882,0.28246613604111376
2018-07-22,598689.6000000001,24945.400000000005,24945.4,0,75635.29000000001,3151.470416666667,5989.964,22,77289.705,3220.404375,3668.788,23,0.12633473172074478,0.12909812530566755,0.25543285702641233
2018-07-23,598689.6000000001,24945.400000000005,24945.4,0,111779.81599999999,4657.492333333333,6639.225,12,121057.21600000001,5044.050666666667,5793.296,13,0.18670746243128322,0.20220363941514935,0.38891110184643257
2018-07-24,598689.6000000001,24945.400000000005,24945.4,0,112350.687,4681.278625,6665.767,11,141386.402,5891.100083333334,6075.438,13,0.18766099661661065,0.23615977628473916,0.4238207729013498
2018-07-25,598689.6000000001,24945.400000000005,24945.4,0,104762.247,4365.093625,6374.079,13,138494.641,5770.610041666667,6071.4,21,0.1749859142366929,0.23132962556890913,0.40631553980560203
2018-07-26,598689.6000000001,24945.400000000005,24945.4,0,100997.41,4208.225416666667,5784.347,10,137910.878,5746.2865833333335,6076.376,19,0.16869745190161978,0.2303545576873224,0.39905200958894216
2018-07-27,598689.6000000001,24945.400000000005,24945.4,0,99906.742,4162.780916666667,5369.129,22,119718.47099999999,4988.269625,5378.321,0,0.16687569318057302,0.19996751405068666,0.3668432072312597
2018-07-28,598689.6000000001,24945.400000000005,24945.4,0,93091.188,3878.7994999999996,5107.816,21,80707.507,3362.8127916666667,3758.053,14,0.15549157359673524,0.13480693000179056,0.2902985035985258
2018-07-29,598689.6000000001,24945.400000000005,24945.4,0,64903.16,2704.2983333333336,5557.583,22,71978.264,2999.094333333333,3499.307,0,0.1084086979296116,0.12022634767665913,0.22863504560627074
2018-07-30,598689.6000000001,24945.400000000005,24945.4,0,76797.668,3199.9028333333335,4593.496,17,106419.589,4434.149541666667,5342.43,22,0.12827626870418327,0.17775419683254895,0.3060304655367322
2018-07-31,598689.6000000001,24945.400000000005,24945.4,0,75553.313,3148.054708333333,4394.506,12,128433.63399999999,5351.401416666667,5690.062,14,0.1261978043380075,0.2145245783457738,0.3407223826837813
2018-08-01,598689.6000000001,24945.400000000005,24945.4,0,79342.821,3305.950875,5045.949,13,126133.641,5255.568375,5910.006,20,0.1325274750054118,0.21068286638017428,0.34321034138558604
2018-08-02,598689.6000000001,24945.400000000005,24945.4,0,90643.574,3776.815583333333,6032.533,19,135498.953,5645.789708333334,6200.4,13,0.15140328811457554,0.22632588406412937,0.37772917217870494
2018-08-03,598689.6000000001,24945.400000000005,24945.4,0,102161.07799999998,4256.711583333333,5555.908,21,144621.289,6025.887041666666,6277.064,13,0.17064114359093588,0.2415630553796157,0.4122041989705516
2018-08-04,598689.6000000001,24945.400000000005,24945.4,0,76975.694,3207.3205833333336,4401.281,13,132304.294,5512.678916666667,5788.276,20,0.12857362813718493,0.2209897983863424,0.34956342652352734
2018-08-05,598689.6000000001,24945.400000000005,24945.4,0,67378.175,2807.4239583333333,4520.452,22,128824.40099999998,5367.683375,5882.994,22,0.11254275170305279,0.21517728218429044,0.3277200338873432
2018-08-06,598689.6000000001,24945.400000000005,24945.4,0,84061.461,3502.5608749999997,4969.638,13,151168.107,6298.671125,6997.217,22,0.14040908844917296,0.2524983012900173,0.39290738973919026
2018-08-07,598689.6000000001,24945.400000000005,24945.4,0,70217.159,2925.7149583333335,5061.055,11,141690.326,5903.763583333333,6567.688,0,0.11728474822345333,0.23666742498951038,0.3539521732129637
2018-08-08,598689.6000000001,24945.400000000005,24945.4,0,64569.181000000004,2690.382541666667,4400.13,10,136805.59100000001,5700.232958333334,6139.362,14,0.1078508479185207,0.22850838063664375,0.3363592285551644
2018-08-09,598689.6000000001,24945.400000000005,24945.4,0,59513.16500000001,2479.7152083333335,4205.389,13,111346.365,4639.431875,5657.739,14,0.09940571040485754,0.18598346288293632,0.2853891732877939
2018-08-10,598689.6000000001,24945.400000000005,24945.4,0,50887.143,2120.2976249999997,2951.487,15,107766.52300000002,4490.271791666667,5267.603,17,0.08499753962654436,0.18000400040354803,0.26500154003009235
2018-08-11,598689.6000000001,24945.400000000005,24945.4,0,62170.53599999999,2590.439,4950.121,21,97900.76,4079.1983333333333,4460.864,22,0.10384435607366485,0.16352507209077957,0.2673694281644444
2018-08-12,598689.6000000001,24945.400000000005,24945.4,0,52597.543999999994,2191.5643333333333,3450.275,22,88507.837,3687.826541666667,4330.63,0,0.08785444744655659,0.14783593534946987,0.23569038279602644
2018-08-13,598689.6000000001,24945.400000000005,24945.4,0,56309.11899999999,2346.2132916666665,3526.948,12,97303.113,4054.296375,4431.295,11,0.09405394548360282,0.1625268135608168,0.2565807590444196
2018-08-14,598689.6000000001,24945.400000000005,24945.4,0,53147.22099999999,2214.4675416666664,3783.891,21,80517.05,3354.8770833333333,3959.25,13,0.08877258098353467,0.13448880688757578,0.22326138787111044
2018-08-15,598689.6000000001,24945.400000000005,24945.4,0,57668.369000000006,2402.8487083333334,4148.593,22,72209.329,3008.7220416666664,3679.689,22,0.09632432064963213,0.12061229892752436,0.2169366195771565
2018-08-16,598689.6000000001,24945.400000000005,24945.4,0,65925.881,2746.911708333333,4311.891,12,86719.313,3613.304708333333,3806.155,12,0.1101169637822337,0.14484853753931917,0.2549655013215529
2018-08-17,598689.6000000001,24945.400000000005,24945.4,0,51849.492,2160.3955,3584.076,21,64856.511,2702.354625,3167.29,12,0.08660496524409309,0.10833077942225819,0.19493574466635127
2018-08-18,598689.6000000001,24945.400000000005,24945.4,0,53260.121,2219.1717083333333,4404.457,21,45931.261,1913.8025416666667,2516.718,21,0.08896115950569375,0.07671965739842482,0.16568081690411857
2018-08-19,598689.6000000001,24945.400000000005,24945.4,0,52566.903999999995,2190.2876666666666,3880.901,21,46548.848,1939.5353333333333,2387.736,22,0.08780326900617613,0.0777512220021861,0.16555449100836223
2018-08-20,598689.6000000001,24945.400000000005,24945.4,0,83053.954,3460.5814166666664,5614.215,20,83381.636,3474.2348333333334,4486.357,21,0.13872623476338988,0.13927356680323158,0.27799980156662146
2018-08-21,598689.6000000001,24945.400000000005,24945.4,0,80620.607,3359.1919583333333,5121.739,12,124927.382,5205.307583333333,6092.127,22,0.134661779660111,0.2086680343202888,0.3433298139803998
2018-08-22,598689.6000000001,24945.400000000005,24945.4,0,81695.247,3403.968625,5225.137,21,147111.383,6129.640958333333,6464.89,21,0.1364567665782068,0.2457222958274204,0.38217906240562716
2018-08-23,589430.3999999999,24559.599999999995,24559.6,0,82496.5,3437.3541666666665,5182.377,11,143613.248,5983.885333333333,6253.244,22,0.13995969668344221,0.24364750783128936,0.38360720451473157
2018-08-24,589430.3999999999,24559.599999999995,24559.6,0,64274.37,2678.09875,3931.868,9,134053.408,5585.558666666667,6278.435,12,0.10904488468867574,0.22742873119540494,0.33647361588408065
2018-08-25,589430.3999999999,24559.599999999995,24559.6,0,45257.876,1885.7448333333332,3536.538,21,83141.08,3464.2116666666666,4673.289,0,0.07678239194992319,0.1410532609108726,0.21783565286079581
2018-08-26,589430.3999999999,24559.599999999995,24559.6,0,47692.933,1987.2055416666665,3670.766,21,92100.05099999999,3837.5021249999995,4635.092,21,0.08091359556616015,0.15625263135393086,0.237166226920091
2018-08-27,589430.3999999999,24559.599999999995,24559.6,0,80666.139,3361.089125,5093.491,21,138745.326,5781.05525,6424.565,12,0.1368543919689246,0.23538881944331344,0.37224321141223804
2018-08-28,589430.3999999999,24559.599999999995,24559.6,0,74928.234,3122.0097499999997,6097.186,11,139596.499,5816.520791666667,6236.236,11,0.127119731184547,0.2368328796750219,0.36395261085956887
2018-08-29,589430.3999999999,24559.599999999995,24559.6,0,70189.398,2924.55825,4916.342,10,139455.795,5810.658125000001,6033.357,10,0.11908004405609214,0.23659416786104015,0.3556742119171323
2018-08-30,589430.3999999999,24559.599999999995,24559.6,0,79188.165,3299.5068749999996,5596.049,11,135877.543,5661.564291666667,6067.012,20,0.1343469305281845,0.23052347317002997,0.36487040369821444
2018-08-31,589430.3999999999,24559.599999999995,24559.6,0,63980.981,2665.874208333333,4517.674,9,137206.12900000002,5716.922041666668,6465.601,20,0.10854713465745915,0.2327774899292606,0.34132462458671975
2018-09-01,589430.3999999999,24559.599999999995,24559.6,0,51622.311,2150.929625,3946.61,21,103023.01699999999,4292.625708333333,5010.972,13,0.08757999417742962,0.1747840236947399,0.2623640178721695
2018-09-02,589430.3999999999,24559.599999999995,24559.6,0,64144.556,2672.6898333333334,5360.309,21,107575.45799999998,4482.31075,4970.326,21,0.10882464833846373,0.18250748179937784,0.29133213013784154
2018-09-03,589430.3999999999,24559.599999999995,24559.6,0,74811.527,3117.1469583333333,5287.672,11,130070.226,5419.59275,6145.457,9,0.12692173155643147,0.22067105123861955,0.347592782795051
2018-09-04,589430.3999999999,24559.599999999995,24559.6,0,69287.955,2886.998125,4644.108,12,146315.707,6096.487791666666,6520.574,16,0.11755069809768891,0.24823237315211436,0.36578307124980325
2018-09-05,589430.3999999999,24559.599999999995,24559.6,0,68598.834,2858.2847500000003,4461.387,12,153828.306,6409.512750000001,6874.483,18,0.11638156769654232,0.26097789662698095,0.3773594643235233
2018-09-06,589430.3999999999,24559.599999999995,24559.6,0,57914.036,2413.0848333333333,3590.471,9,153020.23,6375.842916666667,6831.606,8,0.09825424002562476,0.25960695274624457,0.35786119277186934
2018-09-07,589430.3999999999,24559.599999999995,24559.6,0,56117.17199999999,2338.2155,3927.536,9,135696.587,5654.024458333333,6152.21,14,0.09520576475186893,0.23021647169877907,0.325422236450648
2018-09-08,589430.3999999999,24559.599999999995,24559.6,0,60461.916,2519.2464999999997,4289.237,21,126213.927,5258.913625,5462.088,10,0.10257685385755469,0.21412863503477259,0.3167054888923273
2018-09-09,589430.3999999999,24559.599999999995,24559.6,0,50709.72099999999,2112.9050416666664,3288.369,21,126338.013,5264.083875,5588.189,14,0.08603173674109785,0.21433915352855915,0.300370890269657
2018-09-10,589430.3999999999,24559.599999999995,24559.6,0,66227.506,2759.4794166666666,4811.599,20,126879.67800000001,5286.65325,5710.295,14,0.11235848371580429,0.2152581169888761,0.32761660070468035
2018-09-11,589430.3999999999,24559.599999999995,24559.6,0,83526.675,3480.2781250000003,5683.012,20,140789.328,5866.222000000001,6248.742,21,0.1417074433215525,0.23885657746868846,0.380564020790241
2018-09-12,589430.3999999999,24559.599999999995,24559.6,0,94473.37299999999,3936.390541666666,5203.427,20,152785.605,6366.066875,6646.936,16,0.1602790982616438,0.25920889896415256,0.4194879972257963
2018-09-13,589430.3999999999,24559.599999999995,24559.6,0,91325.019,3805.209125,5672.456,19,148955.921,6206.496708333333,6446.132,9,0.15493774837538074,0.2527116365223104,0.4076493848976911
2018-09-14,589430.3999999999,24559.599999999995,24559.6,0,76160.954,3173.3730833333334,4703.463,16,147344.039,6139.334958333333,6453.873,13,0.12921110617979664,0.24997699304277488,0.3791880992225715
2018-09-15,589430.3999999999,24559.599999999995,24559.6,0,54773.508,2282.2295,3518.498,13,135527.894,5646.995583333333,5960.832,23,0.09292616736428934,0.22993027505876865,0.322856442423058
2018-09-16,589430.3999999999,24559.599999999995,24559.6,0,48018.902,2000.7875833333335,3849.329,21,136566.074,5690.253083333333,5968.905,22,0.08146661929890282,0.23169160260481986,0.31315822190372267
2018-09-17,589430.3999999999,24559.599999999995,24559.6,0,53813.570999999996,2242.232125,3551.214,7,141566.367,5898.598625,6445.708,21,0.09129758322611119,0.24017486542940442,0.3314724486555156
2018-09-18,589430.3999999999,24559.599999999995,24559.6,0,67742.762,2822.6150833333336,3880.357,20,155543.528,6480.980333333333,6593.863,9,0.1149291960509672,0.2638878619087173,0.3788170579596845
2018-09-19,589430.3999999999,24559.599999999995,24559.6,0,92025.421,3834.3925416666666,5483.651,20,160296.592,6679.024666666667,6753.158,19,0.15612601759257755,0.2719516875953463,0.4280777051879239
2018-09-20,589430.3999999999,24559.599999999995,24559.6,0,88237.403,3676.5584583333334,5776.962,20,156676.439,6528.184958333334,6724.506,20,0.14969944373415423,0.2658099056309278,0.41550934936508205
2018-09-21,589430.3999999999,24559.599999999995,24559.6,0,80992.56599999999,3374.6902499999997,4676.15,13,148420.07,6184.169583333333,6421.788,0,0.13740819272300853,0.25180253682198955,0.3892107295449981
2018-09-22,589430.3999999999,24559.599999999995,24559.6,0,55254.878,2302.286583333333,3601.942,0,134764.651,5615.1937916666675,5947.348,0,0.09374283715261379,0.22863539274526734,0.3223782298978811
2018-09-23,589430.3999999999,24559.599999999995,24559.6,0,45304.676999999996,1887.694875,2855.25,0,122287.77100000001,5095.323791666667,5463.588,0,0.07686179233375137,0.20746770271774245,0.28432949505149385
2018-09-24,589430.3999999999,24559.599999999995,24559.6,0,57667.96799999999,2402.832,4129.41,9,126223.427,5259.309458333333,5925.955,20,0.09783677258587274,0.21414475228966814,0.31198152487554087
2018-09-25,589430.3999999999,24559.599999999995,24559.6,0,58519.223,2438.3009583333333,4137.628,19,132199.807,5508.325291666667,6069.415,20,0.09928097193493923,0.22428399858575335,0.32356497052069255
2018-09-26,589430.3999999999,24559.599999999995,24559.6,0,52320.432,2180.018,4490.917,20,131517.655,5479.902291666666,6060.724,20,0.08876439355689833,0.2231266914634875,0.3118910850203858
2018-09-27,589430.3999999999,24559.599999999995,24559.6,0,66837.431,2784.8929583333334,5167.137,20,141345.935,5889.4139583333335,6126.03,20,0.11339325389392879,0.2398008908261264,0.35319414472005517
2018-09-28,589430.3999999999,24559.599999999995,24559.6,0,61932.242,2580.510083333333,3663.566,9,144306.31,6012.762916666667,6124.633,7,0.10507134005982727,0.2448233243483879,0.34989466440821515
2018-09-29,589430.3999999999,24559.599999999995,24559.6,0,38727.139,1613.6307916666667,2823.356,20,131887.484,5495.311833333333,5966.861,20,0.0657026495409806,0.2237541260172533,0.2894567755582339
2018-09-30,589430.3999999999,24559.599999999995,24559.6,0,39006.812,1625.2838333333332,2644.53,20,106873.255,4453.052291666667,5509.25,0,0.06617712964923425,0.1813161570899635,0.24749328673919774
2018-10-01,589430.3999999999,24559.599999999995,24559.6,0,34215.523,1425.6467916666668,2514.045,9,90689.918,3778.7465833333335,4569.997,10,0.058048453218564916,0.15386026577522982,0.21190871899379474
2018-10-02,589430.3999999999,24559.599999999995,24559.6,0,34432.635,1434.693125,3526.917,20,95618.31,3984.09625,4743.888,20,0.05841679526539521,0.1622215447319989,0.22063833999739413
2018-10-03,589430.3999999999,24559.599999999995,24559.6,0,62123.020000000004,2588.459166666667,4630.244,20,124813.878,5200.57825,6007.919,20,0.10539500507608704,0.21175337749800488,0.31714838257409195
2018-10-04,589430.3999999999,24559.599999999995,24559.6,0,51762.557,2156.7732083333335,4069.495,10,144564.482,6023.520083333333,6299.295,18,0.0878179289700701,0.24526132686743,0.3330792558375001
2018-10-05,589430.3999999999,24559.599999999995,24559.6,0,50643.583,2110.1492916666666,4141.258,20,136142.233,5672.593041666667,5943.651,9,0.08591953010906803,0.2309725338224836,0.3168920639315516
2018-10-06,589430.3999999999,24559.599999999995,24559.6,0,35677.06,1486.5441666666666,3080.575,20,106566.991,4440.291291666666,5352.063,0,0.060528028415229355,0.18079656393698054,0.2413245923522099
2018-10-07,589430.3999999999,24559.599999999995,24559.6,0,19694.361,820.598375,3256.21,20,70501.145,2937.5477083333335,3883.016,20,0.03341253013078389,0.11960893940997956,0.15302146954076346
2018-10-08,589430.3999999999,24559.599999999995,24559.6,0,37218.896,1550.7873333333334,3611.544,20,118239.966,4926.66525,6076.329,20,0.06314383513303692,0.20060038640694478,0.26374422153998167
2018-10-09,589430.3999999999,24559.599999999995,24559.6,0,39808.978,1658.7074166666669,3070.497,9,141680.937,5903.372375,6372.735,9,0.06753804690087245,0.24036923952344505,0.30790728642431753
2018-10-10,589430.3999999999,24559.599999999995,24559.6,0,42739.239,1780.801625,3581.097,10,138763.868,5781.827833333333,6255.639,20,0.07250939042166812,0.2354202769317633,0.3079296673534314
2018-10-11,589430.3999999999,24559.599999999995,24559.6,0,38169.421,1590.3925416666668,2819.841,20,118065.094,4919.378916666667,5634.363,10,0.06475645131299643,0.20030370676503964,0.26506015807803607
2018-10-12,589430.3999999999,24559.599999999995,24559.6,0,39066.432,1627.768,3161.678,20,89158.923,3714.955125,4172.245,21,0.06627827814785259,0.1512628513900878,0.2175411295379404
2018-10-13,589430.3999999999,24559.599999999995,24559.6,0,26980.091,1124.1704583333333,2877.945,20,81130.624,3380.4426666666664,3987.818,20,0.04577315828976586,0.1376424154573636,0.18341557374712947
2018-10-14,589430.3999999999,24559.599999999995,24559.6,0,30145.921,1256.0800416666666,2894.453,20,59190.059,2466.2524583333334,3460.366,21,0.0511441571388242,0.10041908086179473,0.15156323800061894
2018-10-15,589430.3999999999,24559.599999999995,24559.6,0,48903.067,2037.6277916666668,3533.348,20,114187.80799999999,4757.825333333333,6228.18,20,0.08296665221203388,0.1937256850002986,0.2766923372123325
2018-10-16,589430.3999999999,24559.599999999995,24559.6,0,78493.412,3270.558833333333,5308.586,20,142278.892,5928.287166666666,6070.856,15,0.13316824513971456,0.24138370196040113,0.3745519471001157
2018-10-17,589430.3999999999,24559.599999999995,24559.6,0,74158.228,3089.9261666666666,5493.606,9,146747.931,6114.497125000001,6257.871,14,0.1258133750821132,0.24896566413948115,0.3747790392215944
2018-10-18,589430.3999999999,24559.599999999995,24559.6,0,46717.485,1946.561875,2884.005,9,133717.314,5571.55475,5955.356,1,0.0792586961921204,0.22685852986204993,0.30611722605417035
2018-10-19,589430.3999999999,24559.599999999995,24559.6,0,49996.92,2083.205,3928.591,20,96280.244,4011.6768333333334,4460.324,18,0.0848224319614326,0.1633445509427407,0.2481669829041733
2018-10-20,589430.3999999999,24559.599999999995,24559.6,0,46105.683,1921.070125,3534.691,20,77639.668,3234.986166666667,3728.029,20,0.07822074158373915,0.13171982306986543,0.20994056465360458
2018-10-21,589430.3999999999,24559.599999999995,24559.6,0,46737.624,1947.401,3547.493,19,77596.428,3233.1845,4107.695,22,0.07929286307594588,0.13164646411179337,0.21093932718773925
2018-10-22,589430.3999999999,24559.599999999995,24559.6,0,44878.05,1869.91875,3840.397,8,104956.747,4373.1977916666665,5039.155,20,0.07613799695434781,0.1780646994114997,0.25420269636584747
2018-10-23,589430.3999999999,24559.599999999995,24559.6,0,43320.656,1805.0273333333334,4186.789,20,112357.286,4681.553583333333,5379.399,19,0.07349579526268073,0.19062010714072436,0.2641159024034051
2018-10-24,589430.3999999999,24559.599999999995,24559.6,0,52381.96799999999,2182.582,4101.122,20,132433.212,5518.0505,6118.518,20,0.08886879265134612,0.22467998257300612,0.3135487752243522
2018-10-25,589430.3999999999,24559.599999999995,24559.6,0,66882.031,2786.751291666667,5342.93,20,138355.549,5764.814541666667,6153.778,21,0.11346892016428066,0.23472754204737323,0.3481964622116539
2018-10-26,589430.3999999999,24559.599999999995,24559.6,0,69614.382,2900.5992499999998,5125.93,10,140974.867,5873.952791666667,5953.778,18,0.11810449885177285,0.23917135424301159,0.35727585309478443
2018-10-27,589430.3999999999,24559.599999999995,24559.6,0,39743.131,1655.9637916666668,3105.18,20,64804.371,2700.182125,3924.752,0,0.06742633396580835,0.1099440595530872,0.17737039351889555
2018-10-28,589430.3999999999,24559.6,24559.6,0,30623.35392,1275.97308,2887.624,19,47616.68448,1984.02852,2415.705,19,0.05195414746168506,0.08078423589960751,0.13273838336129257
2018-10-29,589430.3999999999,24559.599999999995,24559.6,0,36848.664,1535.3609999999999,3267.588,20,73955.243,3081.4684583333333,3977.41,19,0.06251571686835292,0.1254690002415892,0.1879847171099421
2018-10-30,589430.3999999999,24559.599999999995,24559.6,0,66350.226,2764.59275,4519.051,9,110331.628,4597.1511666666665,5319.376,21,0.11256668471799217,0.18718347068627614,0.2997501554042683
2018-10-31,589430.3999999999,24559.599999999995,24559.6,0,76706.443,3196.1017916666665,4880.272,9,133027.656,5542.8189999999995,5755.923,18,0.13013655725934734,0.2256884884118634,0.35582504567121076
2018-11-01,589430.3999999999,24559.599999999995,24559.6,0,44110.137,1837.922375,2983.149,10,105313.332,4388.0554999999995,5376.668,0,0.07483519173765046,0.1786696648153879,0.25350485655303834
2018-11-02,589430.3999999999,24559.599999999995,24559.6,0,47767.857,1990.327375,3468.604,19,102495.02299999999,4270.625958333333,4964.376,10,0.08104070811413869,0.17388825381249423,0.25492896192663295
2018-11-03,589430.3999999999,24559.599999999995,24559.6,0,47935.701,1997.3208750000001,3859.861,19,110813.536,4617.230666666666,5702.931,19,0.08132546438052739,0.18800105322019361,0.269326517600721
2018-11-04,589430.3999999999,24559.599999999995,24559.6,0,44007.373,1833.6405416666666,3790.89,19,121082.694,5045.11225,5687.3,19,0.07466084715006217,0.20542322554113263,0.2800840726911948
2018-11-05,589430.3999999999,24559.599999999995,24559.6,0,58551.194,2439.6330833333336,3764.144,9,122978.962,5124.123416666666,6102.805,17,0.09933521243559887,0.20864034498390313,0.307975557419502
2018-11-06,589430.3999999999,24559.599999999995,24559.6,0,49569.898,2065.4124166666666,4410.25,18,114722.068,4780.086166666667,5803.033,18,0.08409796644353601,0.19463208548456276,0.27873005192809874
2018-11-07,589430.3999999999,24559.599999999995,24559.6,0,58398.727,2433.2802916666665,4191.904,19,115779.80800000002,4824.158666666667,5877.967,19,0.09907654406695007,0.19642659761016742,0.2955031416771175
2018-11-08,589430.3999999999,24559.599999999995,24559.6,0,62275.166,2594.798583333333,4013.954,20,129353.91100000002,5389.746291666667,5842.555,8,0.10565312885117566,0.21945578477119612,0.32510891362237176
2018-11-09,589430.3999999999,24559.599999999995,24559.6,0,64377.107,2682.3794583333333,4725.246,18,86921.794,3621.7414166666663,4113.66,20,0.10921918346932906,0.14746744314511095,0.25668662661444
2018-11-10,589430.3999999999,24559.599999999995,24559.6,0,66575.37,2773.9737499999997,4441.88,18,34564.586,1440.1910833333334,2327.697,0,0.11294865347969837,0.05864065714968215,0.17158931062938051
2018-11-11,589430.3999999999,24559.599999999995,24559.6,0,69663.768,2902.6569999999997,5875.722,21,48902.221,2037.5925416666666,3553.621,20,0.11818828482548577,0.08296521692807159,0.20115350175355734
2018-11-12,589430.3999999999,24559.599999999995,24559.6,0,93222.026,3884.251083333333,6550.902,19,142790.171,5949.590458333333,7346.716,16,0.1581561215709268,0.2422511139567963,0.40040723552772306
2018-11-13,589430.3999999999,24559.599999999995,24559.6,0,87566.719,3648.6132916666666,6744.614,19,161883.285,6745.136875,7204.288,12,0.14856159268337704,0.2746435965976645,0.42320518928104156
2018-11-14,589430.3999999999,24559.599999999995,24559.6,0,79218.528,3300.7720000000004,6205.774,18,156545.123,6522.713458333333,7222.645,19,0.13439844297138392,0.2655871210578891,0.39998556402927304
2018-11-15,589430.3999999999,24559.599999999995,24559.6,0,85863.372,3577.6405,6154.885,19,163297.664,6804.069333333333,7560.542,12,0.14567177397026013,0.2770431657410273,0.4227149397112874
2018-11-16,589430.3999999999,24559.599999999995,24559.6,0,86972.287,3623.8452916666665,5550.878,19,173094.09,7212.25375,7574.055,16,0.1475531072031575,0.2936633230997248,0.4412164303028823
2018-11-17,589430.3999999999,24559.599999999995,24559.6,0,62650.473,2610.4363749999998,4874.845,18,141921.856,5913.410666666667,6567.682,19,0.1062898571230802,0.24077797141104365,0.3470678285341239
2018-11-18,589430.3999999999,24559.599999999995,24559.6,0,58612.087,2442.170291666667,4600.306,19,104472.13,4353.005416666667,5343.811,13,0.0994385206463732,0.17724252091510723,0.27668104156148043
2018-11-19,589430.3999999999,24559.599999999995,24559.6,0,94182.719,3924.279958333333,5911.734,18,150481.125,6270.046875,7046.081,19,0.159785988303284,0.2552992261681787,0.4150852144714627
2018-11-20,589430.3999999999,24559.599999999995,24559.6,0,81580.028,3399.1678333333334,5430.828,20,163551.072,6814.628,7390.443,19,0.1384048532277942,0.27747308588087755,0.41587793910867177
2018-11-21,589430.3999999999,24559.599999999995,24559.6,0,79549.717,3314.5715416666667,6503.556,20,163255.974,6802.3322499999995,7290.169,14,0.13496032271155342,0.2769724364403329,0.4119327591518863
2018-11-22,589430.3999999999,24559.599999999995,24559.6,0,95375.321,3973.971708333333,5808.279,19,164041.119,6835.046625,7308.99,20,0.16180930097938623,0.2783044766608577,0.44011377764024395
2018-11-23,589430.3999999999,24559.599999999995,24559.6,0,89310.631,3721.2762916666666,5562.078,9,153365.568,6390.232,6856.6,0,0.1515202320748981,0.26019283701688956,0.4117130690917876
2018-11-24,589430.3999999999,24559.599999999995,24559.6,0,66841.723,2785.0717916666667,4547.439,10,132519.997,5521.6665416666665,6045.936,10,0.1134005355000353,0.22482721793786004,0.33822775343789535
2018-11-25,589430.3999999999,24559.599999999995,24559.6,0,68894.35,2870.597916666667,5647.347,19,116747.328,4864.472,5719.841,19,0.11688292629630236,0.1980680467108585,0.31495097300716085
2018-11-26,589430.3999999999,24559.599999999995,24559.6,0,84370.649,3515.4437083333337,5943.147,20,128494.53,5353.93875,6310.644,21,0.1431392900671564,0.21799779923125787,0.36113708929841426
2018-11-27,589430.3999999999,24559.599999999995,24559.6,0,87129.307,3630.3877916666665,6195.919,19,145345.297,6056.054041666666,6623.343,9,0.14781949997828414,0.24658602101282867,0.3944055209911128
2018-11-28,589430.3999999999,24559.599999999995,24559.6,0,81633.87,3401.4112499999997,5524.661,18,135859.202,5660.800083333333,6461.561,20,0.13849619904232968,0.23049235668876258,0.36898855573109224
2018-11-29,589430.3999999999,24559.599999999995,24559.6,0,87084.16,3628.5066666666667,6216.371,19,142410.307,5933.762791666667,6593.713,18,0.14774290569336093,0.2416066544922013,0.3893495601855622
2018-11-30,589430.3999999999,24559.599999999995,24559.6,0,78485.217,3270.217375,5758.201,19,142214.589,5925.607875000001,6462.466,11,0.13315434188667571,0.24127460850339588,0.3744289503900716
2018-12-01,589430.3999999999,24559.599999999995,24559.6,0,71407.569,2975.315375,4411.363,20,106319.25200000001,4429.968833333333,5655.236,0,0.1211467358996075,0.18037626155692008,0.30152299745652755
2018-12-02,589430.3999999999,24559.599999999995,24559.6,0,65878.913,2744.954708333333,5541.613,21,86199.783,3591.657625,4774.098,20,0.1117670771646661,0.14624251311096273,0.25800959027562886
2018-12-03,589430.3999999999,24559.599999999995,24559.6,0,89385.893,3724.412208333333,6240.65,18,108756.149,4531.506208333333,5552.835,10,0.15164791805784025,0.18451058683094734,0.3361585048887876
2018-12-04,589430.3999999999,24559.599999999995,24559.6,0,107395.16,4474.798333333333,6553.307,18,120750.897,5031.287375,5247.25,0,0.18220159666009764,0.2048603142966498,0.38706191095674747
2018-12-05,589430.3999999999,24559.599999999995,24559.6,0,86303.69,3595.9870833333334,4984.363,9,111804.575,4658.523958333333,5223.429,9,0.14641879685879794,0.18968240355434673,0.3361012004131447
2018-12-06,589430.3999999999,24559.599999999995,24559.6,0,76570.742,3190.447583333333,4211.633,18,85875.102,3578.12925,4040.551,18,0.12990633330075954,0.1456916745386733,0.27559800783943283
2018-12-07,589430.3999999999,24559.599999999995,24559.6,0,60995.073,2541.461375,4373.162,19,87733.928,3655.5803333333333,4194.312,19,0.10348138304369779,0.1488452716385175,0.25232665468221527
2018-12-08,589430.3999999999,24559.599999999995,24559.6,0,54496.431,2270.684625,3686.973,21,83853.556,3493.8981666666664,4351.523,16,0.09245609150800503,0.14226201431076513,0.23471810581877017
2018-12-09,589430.3999999999,24559.599999999995,24559.6,0,54344.619,2264.359125,3613.304,20,78517.273,3271.5530416666666,3988.081,19,0.09219853438166746,0.13320872659435282,0.22540726097602026
2018-12-10,589430.3999999999,24559.599999999995,24559.6,0,65859.701,2744.1542083333334,5354.769,18,115822.563,4825.940125,5859.567,18,0.11173448298560781,0.19649913373996322,0.30823361672557104
2018-12-11,589430.3999999999,24559.599999999995,24559.6,0,94890.159,3953.756625,6636.919,19,137604.38,5733.515833333334,5948.034,21,0.1609861978615287,0.23345314391656763,0.39443934177809636
2018-12-12,589430.3999999999,24559.599999999995,24559.6,0,103554.52799999999,4314.772,6983.892,11,132257.605,5510.733541666667,5908.35,10,0.17568576035440317,0.22438205596453803,0.40006781631894117
2018-12-13,589430.3999999999,24559.599999999995,24559.6,0,79028.919,3292.8716249999998,5385.731,10,108188.799,4507.866625,5295.292,21,0.13407676122575288,0.1835480474030522,0.31762480862880504
2018-12-14,589430.3999999999,24559.599999999995,24559.6,0,81100.156,3379.173166666667,5206.214,19,108416.082,4517.3367499999995,5086.845,11,0.1375907248760838,0.18393364509193963,0.3215243699680234
2018-12-15,589430.3999999999,24559.599999999995,24559.6,0,69218.978,2884.1240833333336,4429.251,19,88793.808,3699.742,4175.436,0,0.11743367495127502,0.1506434143878565,0.26807708933913155
2018-12-16,589430.3999999999,24559.599999999995,24559.6,0,64640.55499999999,2693.356458333333,4373.944,20,71907.951,2996.164625,4014.7,20,0.10966613700277421,0.12199566055636088,0.23166179755913507
2018-12-17,589430.3999999999,24559.599999999995,24559.6,0,106016.759,4417.364958333334,6681.123,10,111166.927,4631.955291666666,5632.117,9,0.1798630661058541,0.18860059983333063,0.3684636659391847
2018-12-18,589430.3999999999,24559.599999999995,24559.6,0,88637.28,3693.22,5712.603,9,109194.986,4549.7910833333335,5176.883,10,0.15037785631687814,0.1852550971242746,0.33563295344115274
2018-12-19,589430.3999999999,24559.599999999995,24559.6,0,89705.729,3737.7387083333338,6666.244,18,111303.234,4637.63475,5418.419,17,0.15219053683013298,0.18883185190312549,0.34102238873325846
2018-12-20,589430.3999999999,24559.599999999995,24559.6,0,94732.965,3947.206875,6032.424,9,120384.95999999999,5016.04,5553.888,9,0.16071950988615452,0.20423948272773174,0.36495899261388626
2018-12-21,589430.3999999999,24559.599999999995,24559.6,0,83504.121,3479.338375,4540.832,19,93386.115,3891.088125,4247.811,20,0.14166917926187725,0.1584345072802489,0.30010368654212616
2018-12-22,589430.3999999999,24559.599999999995,24559.6,0,85272.103,3553.0042916666666,5537.861,20,81273.162,3386.38175,4015.235,0,0.14466865468764423,0.13788423874981678,0.28255289343746104
2018-12-23,589430.3999999999,24559.599999999995,24559.6,0,79451.66500000001,3310.486041666667,5421.13,21,76682.209,3195.092041666667,3427.645,0,0.13479397228239334,0.1300954429903853,0.26488941527277865
2018-12-24,589430.3999999999,24559.599999999995,24559.6,0,81909.485,3412.8952083333334,5683.917,18,70867.933,2952.8305416666667,3282.295,19,0.13896379453791324,0.12023121474562563,0.2591950092835389
2018-12-25,589430.3999999999,24559.599999999995,24559.6,0,67511.362,2812.9734166666663,5185.073,21,67448.285,2810.3452083333336,3297.09,19,0.11453661365277394,0.11442960016992679,0.22896621382270071
2018-12-26,589430.3999999999,24559.599999999995,24559.6,0,85982.314,3582.5964166666668,5717.696,19,77403.513,3225.1463750000003,3769.551,19,0.145873565394659,0.1313191735614587,0.27719273895611773
2018-12-27,589430.3999999999,24559.599999999995,24559.6,0,106204.716,4425.1965,7112.799,18,85644.99,3568.54125,3679.204,18,0.18018194514568645,0.14530127730093328,0.32548322244661976
2018-12-28,589430.3999999999,24559.599999999995,24559.6,0,84096.364,3504.0151666666666,5734.642,18,81605.917,3400.246541666667,3718.54,19,0.14267395098725824,0.13844877529221433,0.28112272627947255
2018-12-29,589430.3999999999,24559.599999999995,24559.6,0,67319.361,2804.973375,4256.333,19,39924.724,1663.5301666666667,2099.217,0,0.11421087375201554,0.06773441614141383,0.18194528989342937
2018-12-30,589430.3999999999,24559.599999999995,24559.6,0,67715.132,2821.4638333333332,5295.485,21,35016.862,1459.0359166666667,1842.361,11,0.11488232028751827,0.05940796742075062,0.17429028770826888
2018-12-31,589430.3999999999,24559.599999999995,24559.6,0,73298.368,3054.0986666666668,5695.555,19,51104.86200000001,2129.36925,2726.298,12,0.1243545768932176,0.08670211444811808,0.2110566913413357
2019-01-01,589430.3999999999,24559.599999999995,24559.6,0,53712.487,2238.0202916666667,3767.053,20,39802.283,1658.4284583333335,2253.727,20,0.09112608884780969,0.06752668847755394,0.15865277732536365
2019-01-02,589430.3999999999,24559.599999999995,24559.6,0,61285.144,2553.547666666667,4961.33,19,58223.073000000004,2425.9613750000003,3227.982,13,0.10397350391157295,0.09877853772048407,0.202752041632057
2019-01-03,589430.3999999999,24559.599999999995,24559.6,0,82972.353,3457.181375,5823.122,19,75661.322,3152.555083333333,3826.914,18,0.14076700658805522,0.12836345393790347,0.2691304605259587
2019-01-04,589430.3999999999,24559.599999999995,24559.6,0,94292.312,3928.8463333333334,6091.437,10,87258.053,3635.7522083333333,4021.438,21,0.1599719186523125,0.14803792440973526,0.30800984306204776
2019-01-05,589430.3999999999,24559.599999999995,24559.6,0,58813.065,2450.544375,4456.644,10,80234.473,3343.1030416666667,3707.451,0,0.09977949050473137,0.13612204765821379,0.23590153816294515
2019-01-06,589430.3999999999,24559.599999999995,24559.6,0,42055.117,1752.2965416666666,3785.778,21,62094.581999999995,2587.27425,3283.264,21,0.07134874108970288,0.10534675849769541,0.17669549958739827
2019-01-07,589430.3999999999,24559.599999999995,24559.6,0,66698.743,2779.1142916666668,5210.898,19,94365.413,3931.892208333333,4867.103,20,0.1131579623310912,0.1600959383839042,0.2732539007149954
2019-01-08,589430.3999999999,24559.599999999995,24559.6,0,68035.209,2834.8003750000003,5198.93,19,118988.25200000001,4957.843833333333,5818.492,12,0.11542534792911939,0.20186989337502786,0.31729524130414727
2019-01-09,589430.3999999999,24559.599999999995,24559.6,0,48707.079,2029.461625,4196.215,19,122914.565,5121.440208333333,5999.115,19,0.08263414815387873,0.20853109205090206,0.2911652402047808
2019-01-10,589430.3999999999,24559.599999999995,24559.6,0,62278.53199999999,2594.938833333333,5881.151,20,102405.68299999999,4266.903458333333,5084.28,8,0.10565883944906812,0.17373668375434997,0.2793955232034181
2019-01-11,589430.3999999999,24559.599999999995,24559.6,0,64294.166,2678.923583333333,5464.688,19,92803.607,3866.8169583333333,4217.375,11,0.1090784696547718,0.15744625149975303,0.26652472115452486
2019-01-12,589430.3999999999,24559.599999999995,24559.6,0,36405.663,1516.902625,3622.837,20,81050.478,3377.10325,4189.592,20,0.06176414212772196,0.13750644350885197,0.19927058563657393
2019-01-13,589430.3999999999,24559.599999999995,24559.6,0,42360.322,1765.0134166666667,4903.846,20,82330.045,3430.4185416666664,4349.567,22,0.07186653759290326,0.13967729692937456,0.21154383452227782
2019-01-14,589430.3999999999,24559.599999999995,24559.6,0,53588.967000000004,2232.873625,5221.725,19,120679.00200000001,5028.29175,5816.41,19,0.09091653060310431,0.20473834060815327,0.29565487121125755
2019-01-15,589430.3999999999,24559.599999999995,24559.6,0,81257.868,3385.7445000000002,6371.431,19,137978.211,5749.092125,6067.304,19,0.13785829166598806,0.23408736807602734,0.37194565974201543
2019-01-16,589430.3999999999,24559.599999999995,24559.6,0,82934.89,3455.6204166666666,5635.384,18,142638.009,5943.250375,6082.892,11,0.1407034486175128,0.2419929630368573,0.38269641165437007
2019-01-17,589430.3999999999,24559.599999999995,24559.6,0,72972.304,3040.512666666667,6158.625,19,142876.135,5953.172291666667,6081.395,14,0.123801391987926,0.24239695645151663,0.36619834843944266
2019-01-18,589430.3999999999,24559.599999999995,24559.6,0,101612.869,4233.869541666667,6746.368,19,146952.561,6123.023375,6225.441,7,0.17239163266774163,0.24931282980993177,0.4217044624776734
2019-01-19,589430.3999999999,24559.599999999995,24559.6,0,69263.64,2885.985,5029.154,19,137741.537,5739.2307083333335,6133.554,1,0.11750944640792198,0.23368583805653734,0.3511952844644593
2019-01-20,589430.3999999999,24559.599999999995,24559.6,0,47725.245,1988.551875,4055.496,19,124566.42,5190.2675,5849.321,22,0.08096841459144287,0.2113335518493787,0.29230196644082157
2019-01-21,589430.3999999999,24559.599999999995,24559.6,0,91289.811,3803.742125,7045.517,20,137855.13,5743.96375,6375.439,20,0.1548780161321846,0.23387855461815343,0.38875657075033804
2019-01-22,589430.3999999999,24559.599999999995,24559.6,0,76291.569,3178.815375,5341.195,10,137196.943,5716.539291666667,6153.791,11,0.12943270146907931,0.2327619053920531,0.3621946068611324
2019-01-23,589430.3999999999,24559.599999999995,24559.6,0,64310.788,2679.6161666666667,4869.345,20,111183.565,4632.6485416666665,5288.253,12,0.10910666976117962,0.1886288270845888,0.29773549684576844
2019-01-24,589430.3999999999,24559.599999999995,24559.6,0,71274.385,2969.7660416666663,5319.332,20,114784.723,4782.696791666666,5809.181,21,0.12092078216529044,0.19473838302198193,0.3156591651872724
2019-01-25,589430.3999999999,24559.599999999995,24559.6,0,76702.418,3195.9340833333335,4980.437,9,124850.296,5202.095666666667,5644.136,11,0.13012972863293107,0.21181516257050878,0.34194489120343985
2019-01-26,589430.3999999999,24559.599999999995,24559.6,0,68898.26699999999,2870.7611249999995,4554.689,19,106160.187,4423.341125,5073.804,11,0.11688957169497875,0.18010639933060804,0.2969959710255868
2019-01-27,589430.3999999999,24559.599999999995,24559.6,0,54585.909,2274.412875,3306.598,20,30559.983,1273.332625,2669.736,0,0.09260789569048357,0.051846635327936944,0.1444545310184205
2019-01-28,589430.3999999999,24559.599999999995,24559.6,0,76395.837,3183.159875,5903.63,19,59788.84599999999,2491.2019166666664,3018.657,17,0.12960959767260055,0.10143495483096902,0.2310445525035696
2019-01-29,589430.3999999999,24559.599999999995,24559.6,0,78829.183,3284.5492916666667,4748.747,19,68997.436,2874.8931666666667,3572.957,19,0.13373789848640316,0.11705781717400394,0.2507957156604071
2019-01-30,589430.3999999999,24559.599999999995,24559.6,0,85918.302,3579.9292499999997,5465.239,9,74387.35,3099.472916666667,3655.799,11,0.14576496563461946,0.12620209273223779,0.27196705836685725
2019-01-31,589430.3999999999,24559.599999999995,24559.6,0,91159.691,3798.3204583333336,5190.616,20,57684.463,2403.519291666667,2823.972,12,0.15465726063670965,0.09786475723003091,0.25252201786674056
2019-02-01,589430.3999999999,24559.599999999995,24559.6,0,104170.33499999999,4340.430625,5236.7,10,39751.922,1656.3300833333333,2101.481,10,0.17673050965813777,0.06744124836452277,0.24417175802266056
2019-02-02,589430.3999999999,24559.599999999995,24559.6,0,104162.83599999998,4340.118166666666,5582.482,19,29922.274,1246.7614166666667,1580.9,14,0.17671778720608913,0.0507647281171789,0.22748251532326802
2019-02-03,589430.3999999999,24559.599999999995,24559.6,0,103555.981,4314.832541666667,5512.996,21,37174.483,1548.9367916666667,2897.172,21,0.17568822544612564,0.06306848611812355,0.23875671156424919
2019-02-04,589430.3999999999,24559.599999999995,24559.6,0,112586.946,4691.1227499999995,7300.981,19,93564.367,3898.5152916666666,5157.317,19,0.191009737536442,0.15873692127179054,0.3497466588082325
2019-02-05,589430.3999999999,24559.599999999995,24559.6,0,113321.13499999998,4721.713958333333,6167.056,8,121866.508,5077.771166666666,5772.464,12,0.19225532819481317,0.20675300764941887,0.399008335844232
2019-02-06,589430.3999999999,24559.599999999995,24559.6,0,104087.13700000002,4336.964041666667,5880.835,9,119778.937,4990.789041666667,5423.782,9,0.1765893598294218,0.20321133249998646,0.3798006923294083
2019-02-07,589430.3999999999,24559.599999999995,24559.6,0,104832.09699999998,4368.004041666666,6419.558,20,98837.01500000001,4118.208958333334,4652.529,20,0.17785322406173823,0.16768224882869975,0.34553547289043796
2019-02-08,589430.3999999999,24559.599999999995,24559.6,0,96025.693,4001.0705416666665,5376.643,9,86444.056,3601.8356666666664,4108.849,0,0.1629126916426435,0.14665693523781606,0.3095696268804595
2019-02-09,589430.3999999999,24559.599999999995,24559.6,0,88919.324,3704.971833333333,5519.487,10,47294.541,1970.605875,2490.423,10,0.1508563589526431,0.08023770236485937,0.23109406131750249
2019-02-10,589430.3999999999,24559.599999999995,24559.6,0,77084.133,3211.838875,5287.054,20,30846.538,1285.2724166666667,1998.906,20,0.13077732841740095,0.05233279111494759,0.18311011953234854
2019-02-11,589430.3999999999,24559.599999999995,24559.6,0,86077.35,3586.55625,5204.725,20,58724.666,2446.861083333333,3186.253,10,0.14603479901952804,0.09962951690309832,0.24566431592262636
2019-02-12,589430.3999999999,24559.599999999995,24559.6,0,102803.739,4283.489125,6018.767,20,77362.047,3223.4186250000002,3659.898,19,0.1744120069137934,0.1312488242886692,0.3056608312024626
2019-02-13,589430.3999999999,24559.599999999995,24559.6,0,102617.891,4275.745458333334,6315.456,8,85967.537,3581.980708333333,3719.904,20,0.17409670590454787,0.1458484954288072,0.3199452013333551
2019-02-14,589430.3999999999,24559.599999999995,24559.6,0,85729.543,3572.064291666667,5911.2,20,65617.262,2734.0525833333336,3482.173,8,0.14544472595916333,0.11132317233722593,0.25676789829638924
2019-02-15,589430.3999999999,24559.599999999995,24559.6,0,90029.495,3751.228958333333,5725.941,20,74699.697,3112.487375,3640.249,19,0.152739823056293,0.12673200601801335,0.27947182907430634
2019-02-16,589430.3999999999,24559.599999999995,24559.6,0,76767.277,3198.6365416666667,5327.096,20,68930.393,2872.099708333333,3274.855,20,0.13023976537348603,0.11694407516137614,0.24718384053486217
2019-02-17,589430.3999999999,24559.599999999995,24559.6,0,66523.418,2771.8090833333335,5832.092,20,55914.535,2329.7722916666667,3225.441,20,0.11286051415061052,0.09486198031184007,0.20772249446245059
2019-02-18,589430.3999999999,24559.599999999995,24559.6,0,92022.862,3834.2859166666663,6683.317,20,92199.95,3841.664583333333,4745.719,19,0.1561216761130746,0.1564221153167533,0.3125437914298279
2019-02-19,589430.3999999999,24559.599999999995,24559.6,0,101549.017,4231.209041666667,6777.044,20,112242.063,4676.752625,4835.057,17,0.17228330435620562,0.1904246251974788,0.3627079295536844
2019-02-20,589430.3999999999,24559.599999999995,24559.6,0,85109.71399999999,3546.238083333333,6445.972,20,110147.638,4589.484916666667,4839.994,10,0.14439315311867187,0.18687132187277755,0.3312644749914494
2019-02-21,589430.3999999999,24559.599999999995,24559.6,0,76558.445,3189.935208333334,6284.323,20,96714.12,4029.7549999999997,4748.328,20,0.1298854707867121,0.16408064463590613,0.2939661154226182
2019-02-22,589430.3999999999,24559.599999999995,24559.6,0,72739.506,3030.8127499999996,5405.904,20,98968.87,4123.702916666666,4827.458,20,0.12340643780843337,0.16790594784388455,0.29131238565231793
2019-02-23,589430.3999999999,24559.599999999995,24559.6,0,62116.217000000004,2588.1757083333337,4450.48,20,84348.166,3514.5069166666667,4052.39,20,0.10538346342502866,0.14310114646275457,0.24848460988778323
2019-02-24,589430.3999999999,24559.599999999995,24559.6,0,64005.56,2666.898333333333,5391.182,21,73819.941,3075.830875,3901.586,20,0.10858883423725686,0.125239453207707,0.23382828744496387
2019-02-25,589430.3999999999,24559.599999999995,24559.6,0,89357.871,3723.244625,6505.41,20,99910.093,4162.920541666666,4650.511,23,0.15160037724555778,0.16950278268647156,0.3211031599320293
2019-02-26,589430.3999999999,24559.599999999995,24559.6,0,72971.576,3040.4823333333334,5659.3,20,96721.616,4030.067333333333,4683.171,20,0.12380015689723504,0.16409336199829533,0.2878935188955304
2019-02-27,589430.3999999999,24559.599999999995,24559.6,0,76827.182,3201.1325833333335,6568.249,20,94975.539,3957.3141250000003,4691.349,20,0.1303413973897512,0.16113104956921126,0.29147244695896246
2019-02-28,589430.3999999999,24559.599999999995,24559.6,0,70588.145,2941.1727083333335,5259.099,20,94031.445,3917.9768750000003,4503.244,19,0.11975653953376007,0.15952934392253948,0.27928588345629957
2019-03-01,589430.3999999999,24559.599999999995,24559.6,0,77819.272,3242.4696666666664,5006.866,9,87201.693,3633.403875,4078.945,11,0.1320245308012617,0.14794230667437583,0.27996683747563755
2019-03-02,589430.3999999999,24559.599999999995,24559.6,0,62606.782,2608.6159166666666,4828.026,20,33921.537,1413.3973749999998,1900.275,0,0.10621573301953888,0.05754969034511963,0.1637654233646585
2019-03-03,589430.3999999999,24559.599999999995,24559.6,0,48500.907,2020.871125,3174.982,0,12402.453,516.768875,1320.997,0,0.08228436639847556,0.021041420666460368,0.10332578706493592
2019-03-04,589430.3999999999,24559.599999999995,24559.6,0,56347.834,2347.826416666667,4927.662,20,20242.436999999998,843.4348749999999,1411.041,19,0.09559709509383976,0.03434237019332562,0.12993946528716538
2019-03-05,589430.3999999999,24559.599999999995,24559.6,0,58090.604,2420.4418333333333,3879.331,9,26070.379,1086.2657916666667,1383.631,19,0.09855379702166703,0.04422978353339089,0.1427835805550579
2019-03-06,589430.3999999999,24559.599999999995,24559.6,0,58847.977,2451.9990416666665,3808.918,21,18101.437,754.2265416666668,887.897,0,0.09983872056819602,0.030710049905807377,0.1305487704740034
2019-03-07,589430.3999999999,24559.599999999995,24559.6,0,75670.913,3152.954708333333,6250.573,20,27875.845999999998,1161.4935833333332,1650.27,20,0.1283797255791354,0.047292854253869504,0.1756725798330049
2019-03-08,589430.3999999999,24559.599999999995,24559.6,0,96350.801,4014.6167083333335,5591.993,20,36760.536,1531.689,1640.294,11,0.1634642546431267,0.06236620303262269,0.22583045767574939
2019-03-09,589430.3999999999,24559.599999999995,24559.6,0,95345.412,3972.7255,5332.539,20,32550.924999999996,1356.2885416666666,1477.803,0,0.1617585587713155,0.055224374243337294,0.2169829330146528
2019-03-10,589430.3999999999,24559.599999999995,24559.6,0,67920.898,2830.0374166666666,5173.079,20,27518.553,1146.606375,1488.113,20,0.11523141324234382,0.04668668769035327,0.1619181009326971
2019-03-11,589430.3999999999,24559.599999999995,24559.6,0,93086.072,3878.586333333333,6737.211,20,36195.123,1508.130125,1818.687,20,0.1579254683843928,0.06140694982817311,0.2193324182125659
2019-03-12,589430.3999999999,24559.599999999995,24559.6,0,84060.944,3502.5393333333336,5216.551,20,31729.228,1322.0511666666666,1613.302,0,0.14261385907479496,0.05383032161218696,0.1964441806869819
2019-03-13,589430.3999999999,24559.599999999995,24559.6,0,67864.231,2827.6762916666667,5560.743,20,23442.306,976.76275,1140.499,20,0.11513527466516829,0.03977111801495139,0.1549063926801197
2019-03-14,589430.3999999999,24559.599999999995,24559.6,0,85046.356,3543.5981666666667,6166.375,20,26397.571000000004,1099.8987916666667,1225.73,22,0.14428566290439043,0.04478488215063222,0.18907054505502266
2019-03-15,589430.3999999999,24559.599999999995,24559.6,0,98755.13,4114.797083333334,5730.846,20,24978.104,1040.7543333333333,1174.277,23,0.16754332657426563,0.042376680944857956,0.2099200075191236
2019-03-16,589430.3999999999,24559.599999999995,24559.6,0,76171.155,3173.798125,5208.364,1,21481.406,895.0585833333333,1174.54,0,0.1292284127184482,0.03644434694919027,0.16567275966763848
2019-03-17,589430.3999999999,24559.599999999995,24559.6,0,42542.582,1772.6075833333334,3318.951,20,16137.113999999998,672.37975,725.332,12,0.07217575136945771,0.02737747153862441,0.09955322290808212
2019-03-18,589430.3999999999,24559.599999999995,24559.6,0,62624.59,2609.3579166666664,4874.437,20,19732.559,822.1899583333334,1075.436,21,0.10624594523797891,0.033477335067889274,0.13972328030586817
2019-03-19,589430.3999999999,24559.599999999995,24559.6,0,63460.994000000006,2644.2080833333334,4905.359,20,23153.456,964.7273333333333,1189.647,18,0.10766494907626077,0.0392810686384686,0.14694601771472937
2019-03-20,589430.3999999999,24559.599999999995,24559.6,0,65291.558,2720.481583333333,4822.822,20,22195.967,924.8319583333333,1097.199,7,0.11077059819106719,0.03765663766239408,0.14842723585346126
2019-03-21,589430.3999999999,24559.599999999995,24559.6,0,81156.012,3381.5005,5928.676,20,32916.602,1371.5250833333332,1707.988,13,0.13768548754865717,0.05584476470843717,0.19353025225709433
2019-03-22,589430.3999999999,24559.599999999995,24559.6,0,105199.736,4383.3223333333335,6153.568,20,33308.357,1387.8482083333336,1443.247,17,0.17847694316411236,0.056509397886501965,0.23498634105061433
2019-03-23,589430.3999999999,24559.599999999995,24559.6,0,74570.562,3107.1067500000004,5166.319,20,25190.177000000003,1049.5907083333334,1446.347,1,0.1265129216273881,0.042736474060381016,0.1692493956877691
2019-03-24,589430.3999999999,24559.599999999995,24559.6,0,47562.598,1981.7749166666665,4173.899,20,10908.967,454.5402916666667,622.053,0,0.08069247531175862,0.01850764229330554,0.09920011760506416
2019-03-25,589430.3999999999,24559.599999999995,24559.6,0,48318.33,2013.26375,3378.771,9,12087.488,503.6453333333333,584.105,20,0.08197461481457355,0.020507065804546223,0.10248168061911977
2019-03-26,589430.3999999999,24559.599999999995,24559.6,0,44185.094,1841.0455833333333,3945.318,20,11871.575,494.6489583333334,614.11,13,0.07496236027188283,0.020140757924939065,0.09510311819682189
2019-03-27,589430.3999999999,24559.599999999995,24559.6,0,49250.7,2052.1124999999997,3811.957,20,16802.928,700.122,934.119,16,0.08355643007215102,0.028507060375576154,0.11206349044772718
2019-03-28,589430.3999999999,24559.599999999995,24559.6,0,60610.868,2525.4528333333333,4094.481,20,25805.591,1075.2329583333333,1373.677,13,0.10282955884189213,0.043780556618728865,0.146610115460621
2019-03-29,589430.3999999999,24559.599999999995,24559.6,0,72610.028,3025.4178333333334,4675.422,8,29196.989,1216.5412083333333,1375.137,10,0.12318677150007874,0.04953424356802772,0.17272101506810647
2019-03-30,589430.3999999999,24559.599999999995,24559.6,0,50628.694,2109.5289166666666,3673.133,21,25486.034999999996,1061.918125,1216.2,12,0.0858942701292638,0.04323841288131729,0.1291326830105811
2019-03-31,589430.3999999999,24559.6,24559.6,0,64561.397217391306,2690.0582173913044,4888.332,21,34345.42747826087,1431.0594782608696,1570.993,11,0.10953184161758761,0.05826884306995512,0.16780068468754272
2019-04-01,589430.3999999999,24559.599999999995,24559.6,0,86700.634,3612.526416666667,5607.525,11,41962.361,1748.4317083333333,2027.245,14,0.14709223345114203,0.07119137560600879,0.21828360905715083
2019-04-02,589430.3999999999,24559.599999999995,24559.6,0,83155.024,3464.7926666666667,4725.272,9,41994.251000000004,1749.7604583333334,1843.408,9,0.14107691764795305,0.07124547868586352,0.21232239633381655
2019-04-03,589430.3999999999,24559.599999999995,24559.6,0,65391.043,2724.6267916666666,5039.225,9,29991.42,1249.6425,1531.31,0,0.11093937978088678,0.050882037981074615,0.1618214177619614
2019-04-04,589430.3999999999,24559.599999999995,24559.6,0,62700.24500000001,2612.5102083333336,5874.486,9,30954.084000000003,1289.7535,1542.546,9,0.10637429796630785,0.052515248619684374,0.15888954658599222
2019-04-05,589430.3999999999,24559.599999999995,24559.6,0,73525.33499999999,3063.5556249999995,5429.691,9,33383.301,1390.970875,1532.3,17,0.12473963847131062,0.05663654436554342,0.18137618283685403
2019-04-06,589430.3999999999,24559.599999999995,24559.6,0,55846.492,2326.9371666666666,3572.29,22,27389.981,1141.2492083333334,1407.464,10,0.09474654174606537,0.04646855845914972,0.14121510020521508
2019-04-07,589430.3999999999,24559.599999999995,24559.6,0,50747.556,2114.4815,3944.275,21,24819.83,1034.1595833333333,1199.655,10,0.0860959258294109,0.04210816069208512,0.128204086521496
2019-04-08,589430.3999999999,24559.599999999995,24559.6,0,59274.381,2469.765875,4627.598,9,21878.543,911.6059583333334,1123.084,8,0.10056213761624784,0.037118110976291696,0.13768024859253952
2019-04-09,589430.3999999999,24559.599999999995,24559.6,0,55836.65700000001,2326.527375,3901.316,21,18980.32,790.8466666666667,1168.964,22,0.0947298561458656,0.03220112162521648,0.1269309777710821
2019-04-10,589430.3999999999,24559.599999999995,24559.6,0,57940.80499999999,2414.200208333333,3553.003,21,33054.286,1377.2619166666666,1660.119,9,0.09829965505681418,0.05607835293191529,0.15437800798872947
2019-04-11,589430.3999999999,24559.599999999995,24559.6,0,66313.803,2763.075125,3634.4,21,32712.698,1363.0290833333333,1600.44,21,0.11250489116272254,0.055498830735571165,0.1680037218982937
2019-04-12,589430.3999999999,24559.599999999995,24559.6,0,65624.658,2734.36075,4134.988,9,37843.115,1576.7964583333332,1652.403,22,0.11133572004430041,0.06420285584184325,0.17553857588614366
2019-04-13,589430.3999999999,24559.599999999995,24559.6,0,56046.520000000004,2335.271666666667,4026.472,21,35788.529,1491.1887083333334,1624.725,0,0.09508589987893398,0.06071714149796144,0.15580304137689543
2019-04-14,589430.3999999999,24559.599999999995,24559.6,0,49502.228,2062.5928333333336,4021.285,21,31214.646999999997,1300.6102916666666,1649.94,22,0.08398316069208513,0.05295730759730072,0.13694046828938583
2019-04-15,589430.3999999999,24559.599999999995,24559.6,0,59440.5,2476.6875,4185.218,8,33565.108,1398.5461666666667,1665.799,21,0.10084396732845813,0.056944989603522324,0.15778895693198045
2019-04-16,589430.3999999999,24559.599999999995,24559.6,0,67163.086,2798.4619166666666,4508.501,9,36385.934,1516.0805833333334,1624.08,12,0.11394574490898332,0.06173067083068672,0.17567641573967005
2019-04-17,589430.3999999999,24559.599999999995,24559.6,0,75116.905,3129.8710416666668,4397.054,9,14769.353000000001,615.3897083333334,999.917,0,0.12743982156332623,0.025056992309863902,0.15249681387319014
2019-04-18,589430.3999999999,24559.599999999995,24559.6,0,72738.356,3030.764833333333,4683.914,12,12410.074,517.0864166666667,585.349,15,0.12340448677231444,0.021054350097992915,0.14445883687030736
2019-04-19,589430.3999999999,24559.599999999995,24559.6,0,51476.246,2144.8435833333333,3010.692,9,13190.357,549.5982083333333,612.372,13,0.0873321871420273,0.02237814167711744,0.10971032881914473
2019-04-20,589430.3999999999,24559.599999999995,24559.6,0,48568.625,2023.6927083333333,2763.931,21,11868.213,494.508875,543.521,18,0.0823992535844775,0.020135054113259176,0.10253430769773668
2019-04-21,589430.3999999999,24559.599999999995,24559.6,0,57282.98999999999,2386.7912499999998,4259.814,21,5425.508,226.06283333333332,428.222,0,0.0971836369484845,0.009204662670944696,0.1063882996194292
2019-04-22,589430.3999999999,24559.599999999995,24559.6,0,58257.225000000006,2427.384375,3391.901,21,12558.738000000001,523.28075,685.296,17,0.09883647840355708,0.02130656647502403,0.12014304487858112
2019-04-23,589430.3999999999,24559.599999999995,24559.6,0,60082.376,2503.432333333333,3940.653,21,14659.865000000002,610.8277083333334,697.253,19,0.10193294407617932,0.02487124009891584,0.12680418417509517
2019-04-24,589430.3999999999,24559.599999999995,24559.6,0,59185.351,2466.0562916666668,3777.467,9,15478.338,644.93075,757.647,10,0.1004110934895791,0.026259823042720568,0.12667091653229967
2019-04-25,589430.3999999999,24559.599999999995,24559.6,0,61227.968,2551.1653333333334,3961.538,21,15206.021,633.5842083333333,706.07,8,0.10387650178884565,0.025797822779415523,0.12967432456826117
2019-04-26,589430.3999999999,24559.599999999995,24559.6,0,72752.64199999999,3031.360083333333,4629.826,21,13941.368000000002,580.8903333333334,660.48,14,0.12342872373057108,0.023652271752525836,0.14708099548309692
2019-04-27,589430.3999999999,24559.599999999995,24559.6,0,71655.476,2985.6448333333333,3709.749,0,12328.483,513.6867916666666,570.109,5,0.12156732330059665,0.02091592663018399,0.14248324993078065
2019-04-28,589430.3999999999,24559.599999999995,24559.6,0,63881.997,2661.749875,3593.901,22,12272.54,511.35583333333335,846.046,23,0.10837920304076616,0.020821016357486826,0.129200219398253
2019-04-29,589430.3999999999,24559.599999999995,24559.6,0,79299.4,3304.1416666666664,4371.228,9,29413.270000000004,1225.5529166666668,1401.065,15,0.13453564661748021,0.049901175779192945,0.18443682239667317
2019-04-30,589430.3999999999,24559.599999999995,24559.6,0,79034.135,3293.0889583333333,4995.798,9,27438.129999999997,1143.2554166666666,1314.933,0,0.13408561044696712,0.04655024579661993,0.18063585624358705
2019-05-01,589430.3999999999,24559.599999999995,24559.6,0,65780.981,2740.874208333333,3674.386,0,15765.672,656.903,1168.185,0,0.11160093032188366,0.026747300444632655,0.1383482307665163
2019-05-02,589430.3999999999,24559.599999999995,24559.6,0,60136.058,2505.669083333333,3347.264,21,14029.736,584.5723333333334,633.541,9,0.10202401844221134,0.023802192761011313,0.12582621120322265
2019-05-03,589430.3999999999,24559.599999999995,24559.6,0,62880.283,2620.011791666667,3509.725,8,14198.030000000002,591.5845833333334,669.234,16,0.10667974200176987,0.024087712476316126,0.130767454478086
2019-05-04,589430.3999999999,24559.599999999995,24559.6,0,61311.174,2554.63225,3581.231,9,10896.951000000001,454.03962500000006,558.321,14,0.10401766518998683,0.01848725651069236,0.12250492170067918
2019-05-05,589430.3999999999,24559.599999999995,24559.6,0,54014.8,2250.616666666667,4064.618,22,6794.171,283.09045833333334,295.661,17,0.09163897891930924,0.011526672190643716,0.10316565110995295
2019-05-06,589430.3999999999,24559.599999999995,24559.6,0,73655.331,3068.9721250000002,6404.118,8,6983.860000000001,290.9941666666667,358.579,22,0.12496018359419538,0.011848489660526504,0.13680867325472187
2019-05-07,589430.3999999999,24559.599999999995,24559.6,0,64001.38399999999,2666.724333333333,5437.284,20,7987.041000000001,332.793375,404.566,12,0.10858174943131539,0.013550439542989304,0.1221321889743047
2019-05-08,589430.3999999999,24559.599999999995,24559.6,0,54953.882,2289.7450833333332,3260.624,9,7034.987,293.12445833333334,352.297,12,0.09323218144160872,0.011935229333268188,0.1051674107748769
2019-05-09,589430.3999999999,24559.599999999995,24559.6,0,63173.387,2632.2244583333336,3579.838,8,8163.346,340.13941666666665,454.001,12,0.10717700851533958,0.013849550345553947,0.12102655886089353
2019-05-10,589430.3999999999,24559.599999999995,24559.6,0,72395.308,3016.4711666666667,4507.083,8,8011.086,333.79525,416.691,12,0.12282248760837584,0.013591233163406572,0.1364137207717824
2019-05-11,589430.3999999999,24559.599999999995,24559.6,0,64692.89199999999,2695.5371666666665,3739.004,10,6879.251,286.63545833333336,321.76,3,0.10975492950482364,0.01167101493238218,0.12142594443720582
2019-05-12,589430.3999999999,24559.599999999995,24559.6,0,55045.61,2293.5670833333334,3490.313,21,6941.563,289.23179166666665,306.769,6,0.0933878028686678,0.011776730552071969,0.10516453342073977
2019-05-13,589430.3999999999,24559.599999999995,24559.6,0,60708.33900000001,2529.514125,3467.401,12,7744.253000000001,322.67720833333334,417.228,15,0.10299492357367386,0.013138536797559138,0.116133460371233
2019-05-14,589430.3999999999,24559.599999999995,24559.6,0,64031.99,2667.9995833333332,4403.713,21,13844.647,576.8602916666667,737.17,15,0.1086336741369295,0.023488179435604276,0.13212185357253378
2019-05-15,589430.3999999999,24559.599999999995,24559.6,0,69262.749,2885.947875,3675.34,1,8708.348,362.8478333333333,471.403,0,0.11750793477906807,0.014774175203722104,0.13228210998279016
2019-05-16,589430.3999999999,24559.599999999995,24559.6,0,62889.504,2620.396,3924.791,9,8156.21,339.84208333333333,413.086,15,0.10669538591833745,0.013837443742297652,0.12053282966063511
2019-05-17,589430.3999999999,24559.599999999995,24559.6,0,60621.706000000006,2525.9044166666667,3940.829,22,7809.796,325.40816666666666,408.212,12,0.10284794608489826,0.013249733980466569,0.11609768006536483
2019-05-18,589430.3999999999,24559.599999999995,24559.6,0,59431.323,2476.305125,3370.061,0,6952.008,289.667,311.165,18,0.100828398060229,0.011794451049691365,0.11262284910992036
2019-05-19,589430.3999999999,24559.599999999995,24559.6,0,55569.07400000001,2315.3780833333335,3573.395,22,10890.252,453.76050000000004,484.086,5,0.09427588736515799,0.01847589130116126,0.11275177866631925
2019-05-20,589430.3999999999,24559.599999999995,24559.6,0,67535.763,2813.9901250000003,4419.042,9,16115.988000000001,671.4995,929.437,16,0.11457801124611153,0.02734163015684295,0.1419196414029545
2019-05-21,589430.3999999999,24559.599999999995,24559.6,0,71199.365,2966.6402083333337,4367.524,8,21008.582,875.3575833333333,988.373,12,0.12079350674820982,0.03564217590405924,0.15643568265226906
2019-05-22,589430.3999999999,24559.599999999995,24559.6,0,69388.565,2891.1902083333334,3718.622,22,21497.495,895.7289583333333,991.924,11,0.11772138830979877,0.036471642792770785,0.15419303110256954
2019-05-23,589430.3999999999,24559.599999999995,24559.6,0,63429.003,2642.875125,3864.822,9,19260.142,802.5059166666666,937.101,12,0.10761067464453819,0.03267585451988904,0.14028652916442724
2019-05-24,589430.3999999999,24559.599999999995,24559.6,0,62549.789000000004,2606.2412083333334,4159.232,10,7003.733,291.8222083333333,401.36,11,0.10611904136603748,0.011882205261214897,0.11800124662725237
2019-05-25,589430.3999999999,24559.599999999995,24559.6,0,60758.109,2531.5878749999997,4003.569,21,7022.969000000001,292.62370833333335,349.365,13,0.10307936102379518,0.011914840157548715,0.1149942011813439
2019-05-26,589430.3999999999,24559.599999999995,24559.6,0,58022.076,2417.5865,4238.287,21,6596.329,274.84704166666666,292.913,18,0.0984375356276161,0.01119102272295423,0.10962855835057034
2019-05-27,589430.3999999999,24559.599999999995,24559.6,0,61798.722,2574.94675,3869.184,10,11571.395,482.14145833333333,648.046,15,0.10484481628365284,0.01963148660130187,0.12447630288495472
2019-05-28,589430.3999999999,24559.599999999995,24559.6,0,56744.317,2364.346541666667,3190.053,10,13752.536,573.0223333333333,659.002,17,0.09626974957518311,0.02333190822868994,0.11960165780387305
2019-05-29,589430.3999999999,24559.599999999995,24559.6,0,57173.78,2382.2408333333333,3664.006,21,13645.628,568.5678333333334,650.668,15,0.0969983563793113,0.023150533124860886,0.12014888950417218
2019-05-30,589430.3999999999,24559.599999999995,24559.6,0,57595.99800000001,2399.83325,3229.976,13,13446.287,560.2619583333334,651.067,15,0.09771467165589019,0.022812340524004195,0.1205270121798944
2019-05-31,589430.3999999999,24559.599999999995,24559.6,0,64310.38100000001,2679.5992083333335,3498.738,13,13991.232,582.968,723.881,23,0.10910597926404884,0.02373686867864298,0.13284284794269183
2019-06-01,589430.3999999999,24559.599999999995,24559.6,0,56244.628,2343.5261666666665,3260.589,0,12332.427,513.851125,737.851,0,0.09542200062976054,0.020922617835795375,0.11634461846555591
2019-06-02,589430.3999999999,24559.599999999995,24559.6,0,51455.59999999999,2143.983333333333,4167.17,21,11863.569,494.31537499999996,567.871,21,0.08729716010575633,0.02012717532044496,0.10742433542620129
2019-06-03,589430.3999999999,24559.599999999995,24559.6,0,59846.16399999999,2493.5901666666664,3587.979,10,22320.71,930.0295833333333,1194.815,14,0.10153219786424317,0.03786827079159813,0.1394004686558413
2019-06-04,589430.3999999999,24559.599999999995,24559.6,0,52343.01299999999,2180.958875,2960.798,11,22596.09,941.50375,1078.11,14,0.08880270342350853,0.03833546759719214,0.12713817102070069
2019-06-05,589430.3999999999,24559.599999999995,24559.6,0,58048.286,2418.6785833333333,4445.487,22,23292.801,970.533375,1118.015,13,0.09848200228559642,0.03951747483672373,0.13799947712232014
2019-06-06,589430.3999999999,24559.599999999995,24559.6,0,55190.02099999999,2299.584208333333,3703.168,8,17540.132,730.8388333333334,936.149,0,0.09363280380516513,0.02975776614168527,0.1233905699468504
2019-06-07,589430.3999999999,24559.599999999995,24559.6,0,60453.72,2518.905,3850.437,22,13835.508000000002,576.4795,692.348,21,0.10256294890796269,0.023472674636394734,0.12603562354435743
2019-06-08,589430.3999999999,24559.599999999995,24559.6,0,50286.304,2095.2626666666665,3207.5,0,7013.0689999999995,292.21120833333333,469.414,0,0.08531338729729583,0.011898044281394378,0.09721143157869021
2019-06-09,589430.3999999999,24559.599999999995,24559.6,0,50125.67600000001,2088.5698333333335,3343.265,12,6943.382,289.3075833333333,319.92,13,0.0850408733584152,0.011779816582246184,0.09682068994066138
2019-06-10,589430.3999999999,24559.599999999995,24559.6,0,48860.628,2035.8594999999998,2863.091,12,6800.592000000001,283.358,323.245,11,0.08289465219303246,0.011537565758399976,0.09443221795143245
2019-06-11,589430.3999999999,24559.599999999995,24559.6,0,54496.917,2270.704875,3912.71,8,12044.685,501.861875,817.656,16,0.09245691603283443,0.020434448240199354,0.11289136427303378
2019-06-12,589430.3999999999,24559.599999999995,24559.6,0,55145.398,2297.7249166666666,4045.332,9,12888.159,537.006625,688.177,13,0.09355709851409091,0.021865446709229797,0.11542254522332071
2019-06-13,589430.3999999999,24559.599999999995,24559.6,0,44535.531,1855.6471250000002,2802.423,9,11728.736,488.69733333333335,632.002,8,0.07555689526702392,0.019898423969988657,0.09545531923701257
2019-06-14,589430.3999999999,24559.599999999995,24559.6,0,48339.37,2014.1404166666669,3936.603,9,12771.349,532.1395416666667,697.066,8,0.08201031029278437,0.021667272336140114,0.10367758262892449
2019-06-15,589430.3999999999,24559.599999999995,24559.6,0,45657.077,1902.3782083333333,3477.081,21,12581.047999999999,524.2103333333333,756.244,21,0.07745965766271981,0.02134441657573142,0.09880407423845122
2019-06-16,589430.3999999999,24559.599999999995,24559.6,0,48807.588,2033.6495000000002,3199.23,12,14516.709,604.862875,829.961,22,0.08280466701412077,0.024628368336617867,0.10743303535073864
2019-06-17,589430.3999999999,24559.599999999995,24559.6,0,54990.54999999999,2291.2729166666663,3382.656,10,16183.242999999999,674.3017916666666,809.95,0,0.09329439065239933,0.027455731838737875,0.1207501224911372
2019-06-18,589430.3999999999,24559.599999999995,24559.6,0,46460.657,1935.8607083333334,3218.092,9,11215.931,467.33045833333335,685.951,22,0.07882297384050772,0.01902842303349132,0.09785139687399905
2019-06-19,589430.3999999999,24559.599999999995,24559.6,0,62457.292,2602.387166666667,3973.315,12,14748.961,614.5400416666666,872.416,12,0.10596211528960843,0.025022396198092264,0.13098451148770068
2019-06-20,589430.3999999999,24559.599999999995,24559.6,0,55400.33899999999,2308.347458333333,3862.979,12,14243.047999999999,593.4603333333333,829.25,9,0.09398961946991537,0.024164087905883376,0.11815370737579875
2019-06-21,589430.3999999999,24559.599999999995,24559.6,0,61183.994000000006,2549.3330833333334,3612.871,10,12553.755000000001,523.073125,724.759,12,0.10380189756076377,0.021298112550693013,0.12510001011145677
2019-06-22,589430.3999999999,24559.599999999995,24559.6,0,49605.943,2066.9142916666665,3397.235,22,11865.466,494.3944166666667,618.225,0,0.0841591187017161,0.020130393681764638,0.10428951238348075
2019-06-23,589430.3999999999,24559.599999999995,24559.6,0,47896.915,1995.7047916666668,3378.892,20,12667.668999999998,527.8195416666666,844.607,21,0.08125966187017163,0.02149137370586926,0.10275103557604089
2019-06-24,589430.3999999999,24559.599999999995,24559.6,0,53645.715,2235.238125,3610.395,22,13501.375,562.5572916666666,874.104,11,0.09101280660108471,0.02290580024376076,0.11391860684484548
2019-06-25,589430.3999999999,24559.599999999995,24559.6,0,66834.241,2784.7600416666664,4404.05,10,21822.612,909.2755000000001,1220.534,20,0.11338784188939018,0.03702322106223229,0.15041106295162246
2019-06-26,589430.3999999999,24559.599999999995,24559.6,0,61682.019,2570.084125,4265.036,9,13939.75,580.8229166666666,714.195,9,0.10464682344174989,0.023649526729534145,0.12829635017128405
2019-06-27,589430.3999999999,24559.599999999995,24559.6,0,57626.682,2401.11175,3844.458,21,12594.014,524.7505833333333,674.632,22,0.09776672869264974,0.02136641408383416,0.1191331427764839
2019-06-28,589430.3999999999,24559.599999999995,24559.6,0,67448.547,2810.3561250000002,4016.592,12,12296.405000000002,512.3502083333334,604.738,10,0.11443004466685128,0.020861504598337657,0.13529154926518894
2019-06-29,589430.3999999999,24559.599999999995,24559.6,0,51340.229,2139.1762083333333,3145.649,13,12194.449,508.1020416666667,625.089,3,0.08710142707264507,0.020688530825692063,0.10778995789833713
2019-06-30,589430.3999999999,24559.599999999995,24559.6,0,50217.251,2092.385458333333,3696.908,22,15402.91,641.7879166666667,942.355,20,0.08519623521284278,0.026131855431956008,0.11132809064479879
2019-07-01,589430.3999999999,24559.599999999995,24559.6,0,61209.368,2550.3903333333333,5259.297,10,24198.143,1008.2559583333333,1311.698,22,0.10384494590031328,0.04105343565584674,0.14489838155616003
2019-07-02,589430.3999999999,24559.599999999995,24559.6,0,55874.876,2328.119833333333,3610.21,13,27586.470999999998,1149.4362916666666,1321.422,20,0.09479469671058705,0.04680191418698459,0.14159661089757164
2019-07-03,589430.3999999999,24559.599999999995,24559.6,0,58356.266,2431.5110833333333,4430.775,13,29289.142,1220.3809166666667,1411.493,20,0.09900450672377946,0.049690586030174226,0.14869509275395368
2019-07-04,589430.3999999999,24559.599999999995,24559.6,0,58709.898,2446.24575,4025.177,13,33963.692,1415.1538333333335,1745.833,9,0.09960446220622488,0.05762120854302732,0.1572256707492522
2019-07-05,589430.3999999999,24559.599999999995,24559.6,0,74460.506,3102.521083333333,4986.394,12,35351.393000000004,1472.9747083333334,1713.272,21,0.12632620577425258,0.059975517041537064,0.18630172281578963
2019-07-06,589430.3999999999,24559.599999999995,24559.6,0,47363.592000000004,1973.4830000000002,3154.577,13,12260.552,510.85633333333334,1121.185,0,0.08035485105620614,0.020800678078361758,0.1011555291345679
2019-07-07,589430.3999999999,24559.599999999995,24559.6,0,41374.748999999996,1723.9478749999998,2484.556,13,12122.56,505.1066666666666,564.936,13,0.07019446061825112,0.020566567316514385,0.09076102793476551
2019-07-08,589430.3999999999,24559.599999999995,24559.6,0,42312.16,1763.006666666667,2980.565,12,18321.516,763.3965,1033.137,13,0.07178482820024215,0.03108342562582453,0.10286825382606668
2019-07-09,589430.3999999999,24559.599999999995,24559.6,0,45064.179000000004,1877.6741250000002,3291.192,12,22009.463,917.0609583333334,1025.807,23,0.07645377469502762,0.037340223714284165,0.11379399840931179
2019-07-10,589430.3999999999,24559.599999999995,24559.6,0,50520.497,2105.0207083333335,3587.547,13,21869.05,911.2104166666667,1059.937,23,0.08571070816842839,0.037102005597268145,0.12281271376569654
2019-07-11,589430.3999999999,24559.599999999995,24559.6,0,63648.699,2652.029125,3776.605,14,25722.746,1071.7810833333333,1113.905,19,0.1079834005847001,0.04364000567327373,0.15162340625797383
2019-07-12,589430.3999999999,24559.599999999995,24559.6,0,77302.655,3220.9439583333333,5296.213,13,25912.924,1079.7051666666666,1150.248,18,0.1311480626041684,0.043962652757645354,0.17511071536181375
2019-07-13,589430.3999999999,24559.599999999995,24559.6,0,42470.519,1769.6049583333333,2631.202,13,13385.646,557.7352500000001,903.419,0,0.07205349266003248,0.02270945984462288,0.09476295250465536
2019-07-14,589430.3999999999,24559.599999999995,24559.6,0,34907.006,1454.4585833333333,2756.043,22,8932.971,372.20712499999996,486.143,10,0.0592215908782445,0.015155260061238783,0.07437685093948329
2019-07-15,589430.3999999999,24559.599999999995,24559.6,0,51536.43000000001,2147.35125,3363.774,12,13280.408,553.3503333333333,697.563,11,0.08743429249662049,0.022530917984549155,0.10996521048116964
2019-07-16,589430.3999999999,24559.599999999995,24559.6,0,57840.88100000001,2410.0367083333335,4105.172,12,18465.249,769.385375,947.558,17,0.09813012868016312,0.03132727629928827,0.12945740497945138
2019-07-17,589430.3999999999,24559.599999999995,24559.6,0,55607.17300000001,2316.965541666667,4414.226,11,19650.32,818.7633333333333,942.569,11,0.09434052434350182,0.03333781223364116,0.12767833657714298
2019-07-18,589430.3999999999,24559.599999999995,24559.6,0,52357.21799999999,2181.55075,3567.654,13,19392.862,808.0359166666667,945.196,10,0.08882680296096028,0.03290102105354594,0.12172782401450621
2019-07-19,589430.3999999999,24559.599999999995,24559.6,0,54196.41,2258.18375,3885.411,12,20479.506999999998,853.3127916666666,962.252,12,0.0919470899363182,0.0347445720478618,0.12669166198418
2019-07-20,589430.3999999999,24559.599999999995,24559.6,0,44480.656,1853.3606666666667,3405.763,12,19281.368,803.3903333333333,832.634,0,0.07546379691308763,0.03271186555698519,0.10817566247007282
2019-07-21,589430.3999999999,24559.599999999995,24559.6,0,38969.507,1623.7294583333332,2343.713,23,18468.811,769.5337916666667,825.273,11,0.06611383973408905,0.03133331942159753,0.09744715915568658
2019-07-22,589430.3999999999,24559.599999999995,24559.6,0,54402.189,2266.757875,3868.377,13,25199.499000000003,1049.979125,1353.632,15,0.09229620494633464,0.042752289328816445,0.1350484942751511
2019-07-23,589430.3999999999,24559.599999999995,24559.6,0,60241.463,2510.0609583333335,4068.173,21,31674.671000000002,1319.7779583333333,1603.946,21,0.10220284362666061,0.053737762762151406,0.15594060638881202
2019-07-24,589430.3999999999,24559.599999999995,24559.6,0,69112.788,2879.6995,4428.861,10,35765.208,1490.2169999999999,1627.642,16,0.11725351797260544,0.06067757618202252,0.17793109415462796
2019-07-25,589430.3999999999,24559.599999999995,24559.6,0,57469.84300000001,2394.576791666667,4098.533,11,23694.609,987.275375,1464.834,0,0.09750064299364271,0.040199163463574335,0.13769980645721705
2019-07-26,589430.3999999999,24559.599999999995,24559.6,0,46347.029,1931.1262083333334,3605.536,10,21913.251,913.052125,1255.051,10,0.07863019789953149,0.03717699494291438,0.11580719284244587
2019-07-27,589430.3999999999,24559.599999999995,24559.6,0,35330.416,1472.1006666666665,2260.778,12,14911.947,621.331125,667.773,1,0.05993992844617448,0.025298910609293315,0.0852388390554678
2019-07-28,589430.3999999999,24559.599999999995,24559.6,0,34420.22,1434.1758333333335,2483.745,22,13496.293000000001,562.3455416666667,625.497,20,0.05839573255807642,0.022897178360668204,0.08129291091874462
2019-07-29,589430.3999999999,24559.599999999995,24559.6,0,40520.109,1688.337875,2848.026,10,17314.631,721.4429583333334,812.533,12,0.06874451843678236,0.029375191710505608,0.09811971014728797
2019-07-30,589430.3999999999,24559.599999999995,24559.6,0,38206.366,1591.9319166666667,2940.865,12,18530.760000000002,772.1150000000001,782.813,6,0.06481913046900874,0.031438419192495,0.09625754966150374
2019-07-31,589430.3999999999,24559.599999999995,24559.6,0,37332.831,1555.534625,2854.315,12,18433.333,768.0555416666666,770.495,21,0.06333713191582925,0.03127312910905172,0.09461026102488097
2019-08-01,589430.3999999999,24559.599999999995,24559.6,0,39818.802,1659.1167500000001,3143.186,13,18273.356,761.3898333333333,777.844,8,0.06755471383898762,0.031001719626269703,0.09855643346525732
2019-08-02,589430.3999999999,24559.599999999995,24559.6,0,39967.719,1665.3216249999998,2804.163,13,18317.041,763.2100416666667,808.493,6,0.06780735944396489,0.031075833550492142,0.09888319299445703
2019-08-03,589430.3999999999,24559.599999999995,24559.6,0,34200.51,1425.02125,1857.235,12,11517.516,479.8965,572.338,0,0.05802298286617047,0.01954007801429991,0.07756306088047038
2019-08-04,589430.3999999999,24559.599999999995,24559.6,0,34160.29,1423.3454166666668,2236.912,22,11613.569,483.89870833333333,520.356,12,0.05795474749860205,0.019703037033719336,0.07765778453232139
2019-08-05,589430.3999999999,24559.599999999995,24559.6,0,40525.365,1688.556875,2801.632,12,14339.828000000001,597.4928333333334,669.371,11,0.06875343552012249,0.024328280319440607,0.0930817158395631
2019-08-06,589430.3999999999,24559.599999999995,24559.6,0,44218.928,1842.4553333333333,3185.882,21,16603.567,691.8152916666667,837.133,12,0.07501976145105513,0.028168833843656524,0.10318859529471165
2019-08-07,589430.3999999999,24559.599999999995,24559.6,0,43466.853,1811.1188750000001,3026.437,10,19552.936,814.7056666666667,903.284,12,0.07374382624309844,0.03317259510198321,0.10691642134508166
2019-08-08,589430.3999999999,24559.599999999995,24559.6,0,37073.089,1544.7120416666667,2665.708,12,20308.122,846.17175,926.933,10,0.06289646580834651,0.03445380828677992,0.09735027409512644
2019-08-09,589430.3999999999,24559.599999999995,24559.6,0,38918.003000000004,1621.5834583333335,2681.642,22,19554.122,814.7550833333333,924.669,12,0.066026460460811,0.03317460721401543,0.09920106767482642
2019-08-10,589430.3999999999,24559.599999999995,24559.6,0,37412.121,1558.838375,2502.338,12,16548.523,689.5217916666667,717.095,20,0.06347165161484715,0.028075448772238425,0.09154710038708558
2019-08-11,589430.3999999999,24559.599999999995,24559.6,0,30590.913999999997,1274.6214166666666,2099.248,22,10008.12,417.00500000000005,584.298,0,0.05189911141332378,0.016979307480577865,0.06887841889390164
2019-08-12,589430.3999999999,24559.599999999995,24559.6,0,32018.768000000004,1334.1153333333334,2182.883,13,10082.306,420.09608333333335,466.692,22,0.05432154161034112,0.01710516797233397,0.0714267095826751
2019-08-13,589430.3999999999,24559.599999999995,24559.6,0,36669.803,1527.9084583333333,2731.122,21,11415.011,475.62545833333337,568.305,22,0.06221226967594479,0.01936617283397667,0.08157844250992145
2019-08-14,589430.3999999999,24559.599999999995,24559.6,0,40767.412000000004,1698.6421666666668,2646.927,21,10390.919,432.9549583333333,523.065,4,0.0691640811196708,0.017628746328658993,0.08679282744832979
2019-08-15,589430.3999999999,24559.599999999995,24559.6,0,35034.13,1459.7554166666666,2426.563,22,9517.627,396.56779166666666,478.189,21,0.059437263500491326,0.016147160037894213,0.07558442353838554
2019-08-16,589430.3999999999,24559.599999999995,24559.6,0,38464.156,1602.6731666666667,2283.985,21,10702.17,445.92375,476.057,8,0.06525648490474874,0.018156800192185543,0.08341328509693428
2019-08-17,589430.3999999999,24559.599999999995,24559.6,0,34772.971,1448.8737916666666,2316.398,10,4969.286,207.05358333333334,233.333,0,0.05899419337719942,0.008430657801158543,0.06742485117835796
2019-08-18,589430.3999999999,24559.599999999995,24559.6,0,33498.164,1395.7568333333331,2230.969,12,5137.41,214.05875,228.538,20,0.05683141554965608,0.00871588910242838,0.06554730465208446
2019-08-19,589430.3999999999,24559.599999999995,24559.6,0,39239.166,1634.96525,2838.504,13,5647.374,235.30724999999998,268.227,10,0.06657133055912963,0.009581070131435367,0.076152400690565
2019-08-20,589430.3999999999,24559.599999999995,24559.6,0,37992.744,1583.031,2200.726,13,5539.255,230.80229166666666,281.542,10,0.06445670939266113,0.009397640501745415,0.07385434989440653
2019-08-21,589430.3999999999,24559.599999999995,24559.6,0,38484.365,1603.5152083333332,2559.333,13,5768.226000000001,240.34275000000002,262.301,16,0.06529077054729449,0.00978610197234483,0.07507687251963932
2019-08-22,589430.3999999999,24559.599999999995,24559.6,0,41915.915,1746.4964583333333,3047.808,21,5809.285,242.05354166666666,304.411,11,0.07111257749854777,0.009855760748003498,0.08096833824655127
2019-08-23,589430.3999999999,24559.599999999995,24559.6,0,42790.883,1782.9534583333334,2751.807,12,5638.856,234.9523333333333,260.669,12,0.07259700721238675,0.009566618891730052,0.0821636261041168
2019-08-24,589430.3999999999,24559.599999999995,24559.6,0,34908.245,1454.5102083333334,2589.718,21,5043.878,210.1615833333333,223.455,7,0.059223692907593516,0.008557207093492294,0.0677809000010858
2019-08-25,589430.3999999999,24559.599999999995,24559.6,0,31337.379999999997,1305.7241666666666,2305.635,22,5045.084,210.21183333333332,214.683,9,0.05316553065467951,0.00855925313658746,0.06172478379126697
2019-08-26,589430.3999999999,24559.599999999995,24559.6,0,46532.987,1938.8744583333335,3489.423,12,6023.7029999999995,250.98762499999998,363.597,22,0.0789456855296232,0.010219532280656038,0.08916521781027924
2019-08-27,589430.3999999999,24559.599999999995,24559.6,0,51668.266,2152.844416666667,4155.588,21,10894.418,453.9340833333333,516.732,21,0.08765795927729553,0.018482959141571255,0.10614091841886678
2019-08-28,589430.3999999999,24559.599999999995,24559.6,0,53379.576,2224.149,4384.639,20,11198.179,466.5907916666667,497.247,20,0.09056128764312124,0.018998305822027505,0.10955959346514875
2019-08-29,589430.3999999999,24559.599999999995,24559.6,0,59739.387,2489.141125,3768.435,10,11746.942,489.4559166666666,521.674,16,0.10135104500887639,0.019929311416581164,0.12128035642545755
2019-08-30,589430.3999999999,24559.599999999995,24559.6,0,56889.202,2370.3834166666666,3619.335,10,11794.333,491.43054166666667,537.866,16,0.09651555467787207,0.02000971276676602,0.11652526744463809
2019-08-31,589430.3999999999,24559.599999999995,24559.6,0,48256.736,2010.6973333333333,3795.619,21,11843.117,493.46320833333334,547.167,16,0.08187011732004322,0.020092477415484512,0.10196259473552774
2019-09-01,589430.3999999999,24559.599999999995,24559.6,0,31394.414,1308.1005833333334,1895.49,12,11175.256,465.6356666666666,520.557,1,0.05326229186685995,0.01895941573424106,0.07222170760110101
2019-09-02,589430.3999999999,24559.599999999995,24559.6,0,38138.572,1589.1071666666667,2884.516,20,15885.691000000003,661.9037916666667,879.901,10,0.06470411434496763,0.026950919056770748,0.09165503340173838
2019-09-03,589430.3999999999,24559.599999999995,24559.6,0,53791.803,2241.325125,3917.099,21,17445.218,726.8840833333334,931.805,11,0.09126065265720941,0.029596739496300165,0.12085739215350957
2019-09-04,589430.3999999999,24559.599999999995,24559.6,0,54715.490999999995,2279.812125,3656.446,11,18253.443,760.560125,932.127,12,0.09282773844036549,0.030967936163455435,0.12379567460382092
2019-09-05,589430.3999999999,24559.599999999995,24559.6,0,32808.577,1367.0240416666666,2760.281,21,6216.885,259.036875,376.353,0,0.05566149455474302,0.010547275810680958,0.06620877036542398
2019-09-06,589430.3999999999,24559.599999999995,24559.6,0,30136.214,1255.6755833333334,2197.905,20,6013.174,250.54891666666666,310.76,12,0.05112768869742722,0.010201669272572302,0.06132935796999952
2019-09-07,589430.3999999999,24559.599999999995,24559.6,0,28845.737,1201.9057083333335,2030.329,20,6014.636,250.60983333333334,287.225,5,0.04893832588207192,0.010204149633273074,0.059142475515344996
2019-09-08,589430.3999999999,24559.599999999995,24559.6,0,29411.412,1225.4755,2347.726,21,9740.765,405.8652083333333,795.094,20,0.04989802358344599,0.016525725513987743,0.06642374909743373
2019-09-09,589430.3999999999,24559.599999999995,24559.6,0,49343.853,2055.993875,2985.047,9,21243.985,885.1660416666667,1018.841,21,0.08371446908744444,0.03604154960449954,0.11975601869194398
2019-09-10,589430.3999999999,24559.599999999995,24559.6,0,39495.159,1645.631625,3065.853,9,22049.234,918.7180833333333,1016.296,9,0.06700563628886465,0.03740769732948963,0.10441333361835428
2019-09-11,589430.3999999999,24559.599999999995,24559.6,0,42502.898,1770.9540833333333,3839.204,20,22371.27,932.13625,1016.139,9,0.07210842535437603,0.03795404851870552,0.11006247387308155
2019-09-12,589430.3999999999,24559.599999999995,24559.6,0,50909.33499999999,2121.2222916666665,3657.19,20,22006.513,916.9380416666667,1076.972,18,0.08637039250096364,0.037335218882500805,0.12370561138346445
2019-09-13,589430.3999999999,24559.599999999995,24559.6,0,45435.329,1893.1387083333332,3411.361,9,23005.862,958.5775833333333,1067.908,13,0.07708345039550048,0.03903066757330468,0.11611411796880516
2019-09-14,589430.3999999999,24559.599999999995,24559.6,0,29021.52,1209.23,3035.16,21,12610.449,525.435375,745.876,0,0.04923655108389388,0.021394296934803502,0.07063084801869739
2019-09-15,589430.3999999999,24559.599999999995,24559.6,0,28058.634000000002,1169.10975,2475.087,21,10754.596,448.10816666666665,518.489,12,0.047602963810485524,0.018245743687465052,0.06584870749795058
2019-09-16,589430.3999999999,24559.599999999995,24559.6,0,66124.094,2755.170583333333,4700.048,21,15946.076999999997,664.4198749999999,776.003,18,0.1121830397617768,0.027053367115099595,0.1392364068768764
2019-09-17,589430.3999999999,24559.599999999995,24559.6,0,64627.073000000004,2692.7947083333333,3341.986,13,16843.891,701.8287916666667,752.93,15,0.10964326407324769,0.02857655628213272,0.1382198203553804
2019-09-18,589430.3999999999,24559.599999999995,24559.6,0,52199.873999999996,2174.99475,3020.245,9,17021.533,709.2305416666667,728.184,21,0.08855986050261405,0.028877935376254774,0.11743779587886882
2019-09-19,589430.3999999999,24559.599999999995,24559.6,0,56699.684,2362.4868333333334,4328.086,20,16910.531,704.6054583333333,726.485,0,0.09619402731857742,0.028689614583842303,0.12488364190241971
2019-09-20,589430.3999999999,24559.599999999995,24559.6,0,40605.534,1691.89725,2654.489,9,16794.066,699.75275,729.158,19,0.06888944648935652,0.0284920255215883,0.09738147201094483
2019-09-21,589430.3999999999,24559.599999999995,24559.6,0,30015.798,1250.65825,2082.39,10,10983.251,457.63545833333336,577.965,0,0.050923396553689805,0.018633669047270044,0.06955706560095985
2019-09-22,589430.3999999999,24559.599999999995,24559.6,0,31085.225,1295.2177083333333,2624.76,21,11039.458,459.97741666666667,492.301,10,0.05273773629592231,0.018729027209997993,0.0714667635059203
2019-09-23,589430.3999999999,24559.599999999995,24559.6,0,39893.004,1662.2085,3470.891,20,15016.621,625.6925416666667,715.35,18,0.06768060147559407,0.025476495613392186,0.09315709708898626
2019-09-24,589430.3999999999,24559.599999999995,24559.6,0,35944.248,1497.677,3193.508,20,15979.243999999999,665.8018333333333,704.45,23,0.06098132705744394,0.027109636693322912,0.08809096375076686
2019-09-25,589430.3999999999,24559.599999999995,24559.6,0,40057.566,1669.0652499999999,3575.758,20,16001.081000000002,666.7117083333334,697.038,7,0.06795978965455464,0.027146684324391827,0.09510647397894646
2019-09-26,589430.3999999999,24559.599999999995,24559.6,0,40969.617,1707.0673749999999,3400.081,21,15613.217,650.5507083333333,699.349,17,0.06950713264874021,0.026488652434621632,0.09599578508336185
2019-09-27,589430.3999999999,24559.599999999995,24559.6,0,38047.887,1585.328625,2596.138,20,15640.218,651.67575,684.079,6,0.06455026242284077,0.026534461066141147,0.09108472348898192
2019-09-28,589430.3999999999,24559.599999999995,24559.6,0,31696.582000000002,1320.6909166666667,1973.126,20,10593.435,441.393125,564.128,0,0.05377493593815318,0.0179723254857571,0.07174726142391027
2019-09-29,589430.3999999999,24559.599999999995,24559.6,0,29714.472999999998,1238.1030416666665,3263.892,20,10491.317,437.1382083333333,444.408,8,0.05041218267669941,0.017799076871501708,0.06821125954820112
2019-09-30,589430.3999999999,24559.599999999995,24559.6,0,43292.329,1803.8470416666667,3768.489,20,13517.624,563.2343333333333,682.671,12,0.07344773700168841,0.022933367535844778,0.0963811045375332
2019-10-01,589430.3999999999,24559.599999999995,24559.6,0,33182.593,1382.6080416666666,2519.74,20,16464.149,686.0062083333333,718.04,9,0.05629603257653491,0.027932303797021673,0.08422833637355659
2019-10-02,589430.3999999999,24559.599999999995,24559.6,0,26649.394,1110.3914166666666,1926.813,10,16077.059999999998,669.8774999999999,729.27,5,0.04521211325374464,0.027275586735940324,0.07248769998968496
2019-10-03,589430.3999999999,24559.599999999995,24559.6,0,30698.218,1279.0924166666666,2650.441,19,16778.659,699.1107916666666,744.801,21,0.052081158352199015,0.028465886727253975,0.08054704507945298
2019-10-04,589430.3999999999,24559.599999999995,24559.6,0,35635.341,1484.805875,2469.331,20,16819.9,700.8291666666668,714.267,21,0.06045724991449373,0.028535854275585387,0.08899310419007911
2019-10-05,589430.3999999999,24559.599999999995,24559.6,0,23157.69,964.90375,1886.557,20,16028.612000000001,667.8588333333333,696.439,8,0.03928825184449258,0.0271933921290792,0.06648164397357179
2019-10-06,589430.3999999999,24559.599999999995,24559.6,0,23591.549,982.9812083333333,2357.99,20,10521.643,438.40179166666667,471.4,5,0.04002431669625456,0.017850526542234676,0.05787484323848924
2019-10-07,589430.3999999999,24559.599999999995,24559.6,0,29551.150999999998,1231.2979583333333,2694.594,20,14759.999,614.9999583333333,750.58,12,0.050135098223641,0.025041122751727773,0.07517622097536877
2019-10-08,589430.3999999999,24559.599999999995,24559.6,0,32040.761999999995,1335.0317499999999,2571.45,20,19091.022,795.45925,932.562,13,0.05435885560025407,0.032388933451684886,0.08674778905193896
2019-10-09,589430.3999999999,24559.599999999995,24559.6,0,26137.562999999995,1089.0651249999999,1853.235,20,25948.587,1081.191125,1203.51,20,0.04434376476001237,0.04402315693252334,0.08836692169253571
2019-10-10,589430.3999999999,24559.599999999995,24559.6,0,27603.392999999996,1150.141375,2361.323,20,20840.797,868.3665416666666,989.268,20,0.04683062325933647,0.03535751973430621,0.08218814299364269
2019-10-11,589430.3999999999,24559.599999999995,24559.6,0,23954.755,998.1147916666667,1739.447,20,20018.742,834.11425,904.63,10,0.040640514978528434,0.03396285973712927,0.0746033747156577
2019-10-12,589430.3999999999,24559.599999999995,24559.6,0,17515.12,729.7966666666666,1434.941,21,14874.253,619.7605416666667,782.523,1,0.029715331954374938,0.025234960734973975,0.05495029268934891
2019-10-13,589430.3999999999,24559.599999999995,24559.6,0,16477.526,686.5635833333334,1796.329,21,13790.211,574.592125,658.996,21,0.02795499858846779,0.02339582586849949,0.05135082445696728
2019-10-14,589430.3999999999,24559.599999999995,24559.6,0,19704.072,821.003,1504.052,10,19362.589,806.7745416666667,1094.937,21,0.033429005358393465,0.03284966130012976,0.06627866665852322
2019-10-15,589430.3999999999,24559.599999999995,24559.6,0,24318.9,1013.2875,2163.31,20,27056.905,1127.3710416666665,1197.8,10,0.041258306324207246,0.04590347732319202,0.08716178364739927
2019-10-16,589430.3999999999,24559.599999999995,24559.6,0,26809.270000000004,1117.0529166666668,2566.793,19,25352.585999999996,1056.35775,1148.368,8,0.04548335138465883,0.043012009560416294,0.08849536094507512
2019-10-17,589430.3999999999,24559.599999999995,24559.6,0,37598.591,1566.6079583333333,3428.92,20,23845.247,993.5519583333333,1260.483,20,0.06378800788015007,0.04045472883651743,0.1042427367166675
2019-10-18,589430.3999999999,24559.599999999995,24559.6,0,36248.058,1510.33575,2854.11,10,13823.816,575.9923333333334,749.806,0,0.06149675686900439,0.023452838537001152,0.08494959540600554
2019-10-19,589430.3999999999,24559.599999999995,24559.6,0,28984.703999999998,1207.696,1883.313,9,10721.951000000001,446.7479583333334,469.949,12,0.04917409078323751,0.01819035970998442,0.06736445049322193
2019-10-20,589430.3999999999,24559.599999999995,24559.6,0,40393.207,1683.0502916666667,3061.649,21,12034.733,501.4472083333333,744.302,23,0.06852922244933415,0.020417564143281382,0.08894678659261554
2019-10-21,589430.3999999999,24559.599999999995,24559.6,0,63212.292,2633.8455,4684.724,20,33578.321,1399.0967083333335,1847.295,20,0.10724301291551981,0.05696740616025235,0.16421041907577216
2019-10-22,589430.3999999999,24559.599999999995,24559.6,0,58802.619999999995,2450.1091666666666,3787.53,19,39713.856,1654.744,1824.595,20,0.09976177000711196,0.06737666737243278,0.16713843737954476
2019-10-23,589430.3999999999,24559.599999999995,24559.6,0,56553.54,2356.3975,4348.286,10,34286.78,1428.6158333333333,1528.385,12,0.09594608625547649,0.05816934450615374,0.15411543076163023
2019-10-24,589430.3999999999,24559.599999999995,24559.6,0,52759.545,2198.314375,3909.079,20,30149.177000000003,1256.2157083333334,1294.886,14,0.08950937209889413,0.051149681115870524,0.14065905321476466
2019-10-25,589430.3999999999,24559.599999999995,24559.6,0,46114.954,1921.4564166666667,3180.085,20,27540.07,1147.5029166666666,1336.491,19,0.07823647032796409,0.04672319242441517,0.12495966275237927
2019-10-26,589430.3999999999,24559.599999999995,24559.6,0,37272.497,1553.0207083333335,2906.249,21,21278.527000000002,886.6052916666667,1271.98,23,0.06323477207826404,0.036100151943299845,0.09933492402156388
2019-10-27,589430.3999999999,24559.6,24559.6,0,38842.80096,1618.45004,3303.102,21,27207.87072,1133.66128,1267.525,0,0.0658988762031955,0.046159598690532426,0.11205847489372792
2019-10-28,589430.3999999999,24559.599999999995,24559.6,0,51479.317,2144.971541666667,4182.387,19,28357.117,1181.5465416666666,1382.904,19,0.08733739725674144,0.04810935608343242,0.13544675334017386
2019-10-29,589430.3999999999,24559.599999999995,24559.6,0,57221.85800000001,2384.2440833333335,4533.599,19,28513.319000000003,1188.0549583333334,1740.158,17,0.09707992326150809,0.04837436107808489,0.14545428433959298
2019-10-30,589430.3999999999,24559.599999999995,24559.6,0,53466.02900000001,2227.7512083333336,3998.884,19,25106.074,1046.0864166666668,1148.349,10,0.09070795975233041,0.04259378885106707,0.1333017486033975
2019-10-31,589430.3999999999,24559.599999999995,24559.6,0,44434.176,1851.424,3086.079,18,24222.332,1009.2638333333333,1182.005,10,0.0753849411228196,0.041094473579917155,0.11647941470273676
2019-11-01,589430.3999999999,24559.599999999995,24559.6,0,28263.485,1177.6452083333334,1953.791,19,10806.488,450.2703333333333,603.628,0,0.047950504419181646,0.018333781223364116,0.06628428564254576
2019-11-02,589430.3999999999,24559.599999999995,24559.6,0,28925.636,1205.2348333333332,2337.657,18,9823.538,409.3140833333334,442.19,1,0.04907387878195628,0.016666154307616306,0.06574003308957259
2019-11-03,589430.3999999999,24559.599999999995,24559.6,0,34872.158,1453.0065833333335,2730.923,20,10615.202,442.3000833333333,494.202,8,0.059162469394181245,0.018009254358105724,0.07717172375228697
2019-11-04,589430.3999999999,24559.599999999995,24559.6,0,45117.558,1879.89825,2973.041,19,12985.337,541.0557083333333,701.504,13,0.07654433500545613,0.022030314350939485,0.09857464935639561
2019-11-05,589430.3999999999,24559.599999999995,24559.6,0,50829.83499999999,2117.9097916666665,3388.293,20,12242.235,510.09312500000004,645.915,11,0.0862355165257849,0.020769602314369945,0.10700511884015484
2019-11-06,589430.3999999999,24559.599999999995,24559.6,0,73166.292,3048.5955,4553.058,18,16284.519,678.521625,883.222,12,0.12413050293978732,0.027627551955243575,0.15175805489503089
2019-11-07,589430.3999999999,24559.599999999995,24559.6,0,73648.923,3068.705125,4519.868,20,18004.492,750.1871666666666,880.862,11,0.12494931208163,0.03054557756098091,0.1554948896426109
2019-11-08,589430.3999999999,24559.599999999995,24559.6,0,75933.577,3163.899041666667,5049.019,8,16533.205,688.8835416666667,747.761,8,0.1288253490149134,0.028049460971134175,0.15687480998604758
2019-11-09,589430.3999999999,24559.599999999995,24559.6,0,77058.544,3210.7726666666663,4241.979,18,10352.689,431.3620416666667,611.195,0,0.13073391531892486,0.017563887101852912,0.14829780242077778
2019-11-10,589430.3999999999,24559.599999999995,24559.6,0,76636.172,3193.1738333333337,4707.773,21,10386.963,432.790125,449.697,7,0.13001733877316138,0.017622034764409846,0.14763937353757123
2019-11-11,589430.3999999999,24559.599999999995,24559.6,0,80232.818,3343.0340833333335,4428.593,9,20286.215,845.2589583333333,1038.708,13,0.13611923986275565,0.03441664189699073,0.17053588175974638
2019-11-12,589430.3999999999,24559.599999999995,24559.6,0,84527.7,3521.9874999999997,6007.066,8,23437.72,976.5716666666667,1091.582,12,0.14340573543543056,0.039763337622219695,0.18316907305765026
2019-11-13,589430.3999999999,24559.599999999995,24559.6,0,90675.762,3778.15675,4923.934,18,24127.889,1005.3287083333333,1066.862,10,0.15383624936888227,0.04093424601106425,0.1947704953799465
2019-11-14,589430.3999999999,24559.599999999995,24559.6,0,100230.22100000002,4176.259208333334,5462.876,18,23513.922,979.7467499999999,1043.673,15,0.17004589685228322,0.03989261836511996,0.20993851521740317
2019-11-15,589430.3999999999,24559.599999999995,24559.6,0,97004.186,4041.8410833333332,5663.628,19,23712.655,988.0272916666667,1040.126,18,0.16457275702101556,0.04022977946166333,0.2048025364826789
2019-11-16,589430.3999999999,24559.599999999995,24559.6,0,93614.531,3900.6054583333334,5061.956,10,16860.354,702.5147499999999,776.383,0,0.15882202716385177,0.028604486636590175,0.18742651380044195
2019-11-17,589430.3999999999,24559.599999999995,24559.6,0,89824.043,3742.6684583333335,5043.022,20,15534.448,647.2686666666667,701.736,14,0.1523912628191556,0.02635501663979327,0.1787462794589489
2019-11-18,589430.3999999999,24559.599999999995,24559.6,0,98173.736,4090.5723333333335,6188.437,19,20970.341,873.7642083333334,1323.551,21,0.16655696075397539,0.03557729801516855,0.20213425876914393
2019-11-19,589430.3999999999,24559.599999999995,24559.6,0,112522.43600000002,4688.434833333334,7702.297,20,33375.362,1390.6400833333335,1749.313,21,0.19090029289293534,0.056623075430110165,0.2475233683230455
2019-11-20,589430.3999999999,24559.599999999995,24559.6,0,120087.864,5003.661,7386.74,19,46816.235,1950.6764583333334,2255.689,20,0.20373544357399961,0.07942623081537703,0.28316167438937667
2019-11-21,589430.3999999999,24559.599999999995,24559.6,0,119005.397,4958.558208333333,7311.454,18,47756.642,1989.8600833333333,2314.398,10,0.2018989807787315,0.08102168127059617,0.28292066204932764
2019-11-22,589430.3999999999,24559.599999999995,24559.6,0,97085.296,4045.2206666666666,4995.784,9,12120.375,505.015625,1187.987,0,0.16471036444676082,0.020562860347888404,0.18527322479464922
2019-11-23,589430.3999999999,24559.599999999995,24559.6,0,104326.174,4346.923916666667,5340.711,18,11701.841,487.57670833333333,572.023,11,0.1769948988039979,0.019852795173102716,0.1968476939771006
2019-11-24,589430.3999999999,24559.599999999995,24559.6,0,107158.28,4464.928333333333,5637.153,19,11397.201,474.88337499999994,523.019,20,0.18179971715065937,0.019335957222430335,0.2011356743730897
2019-11-25,589430.3999999999,24559.599999999995,24559.6,0,115115.185,4796.466041666667,5868.784,20,12951.467,539.6444583333333,686.369,12,0.19529902936801363,0.0219728520958539,0.21727188146386753
2019-11-26,589430.3999999999,24559.599999999995,24559.6,0,109408.497,4558.687375,5443.37,18,13592.407,566.3502916666666,677.525,15,0.18561732988322288,0.023060240869829586,0.20867757075305246
2019-11-27,589430.3999999999,24559.599999999995,24559.6,0,111090.71900000001,4628.7799583333335,5884.044,19,13800.287,575.0119583333334,711.719,16,0.18847130891111152,0.02341292033800768,0.2118842292491192
2019-11-28,589430.3999999999,24559.599999999995,24559.6,0,120865.047,5036.043625,5847.544,18,14844.282,618.51175,731.821,13,0.20505397583836873,0.025184113340608157,0.2302380891789769
2019-11-29,589430.3999999999,24559.599999999995,24559.6,0,130759.46900000001,5448.3112083333335,6867.058,19,15736.378,655.6824166666667,774.386,21,0.2218403886192501,0.026697601616747293,0.24853799023599737
2019-11-30,589430.3999999999,24559.599999999995,24559.6,0,116877.074,4869.878083333333,5871.587,19,17563.427,731.8094583333333,870.155,20,0.1982881676954565,0.02979728734724236,0.22808545504269886
2019-12-01,589430.3999999999,24559.599999999995,24559.6,0,122143.01799999998,5089.292416666666,6315.89,18,17983.874,749.3280833333333,822.107,20,0.20722212156006883,0.030510598028198076,0.23773271958826692
2019-12-02,589430.3999999999,24559.599999999995,24559.6,0,123055.52,5127.3133333333335,6398.027,20,22232.421,926.350875,1068.156,10,0.2087702296997237,0.037718483810811256,0.24648871351053495
2019-12-03,589430.3999999999,24559.599999999995,24559.6,0,140438.403,5851.600125,7584.049,20,28938.025999999998,1205.7510833333333,1527.343,18,0.23826121455561167,0.0490948990754464,0.28735611363105806
2019-12-04,589430.3999999999,24559.599999999995,24559.6,0,154345.318,6431.054916666667,7578.079,13,28601.399000000005,1191.7249583333335,1318.306,13,0.2618550349625673,0.04852379347926406,0.31037882844183134
2019-12-05,589430.3999999999,24559.599999999995,24559.6,0,153757.913,6406.579708333334,7753.575,20,31719.408000000003,1321.642,1524.631,21,0.26085847116131106,0.053813661460284386,0.31467213262159544
2019-12-06,589430.3999999999,24559.599999999995,24559.6,0,143121.927,5963.413625,7033.871,18,23347.916,972.8298333333333,1239.856,0,0.24281395564260008,0.03961098036341527,0.28242493600601537
2019-12-07,589430.3999999999,24559.599999999995,24559.6,0,135883.504,5661.812666666666,6933.519,20,20916.446,871.5185833333334,1067.063,20,0.23053358632333862,0.03548586228331624,0.26601944860665483
2019-12-08,589430.3999999999,24559.599999999995,24559.6,0,121083.438,5045.14325,6192.587,20,22723.384,946.8076666666666,1046.796,20,0.2054244877766739,0.038551428633473946,0.24397591641014785
2019-12-09,589430.3999999999,24559.599999999995,24559.6,0,118685.601,4945.233375,6644.648,18,22733.382999999998,947.2242916666665,1049.206,19,0.20135642986856467,0.03856839246838983,0.2399248223369545
2019-12-10,589430.3999999999,24559.599999999995,24559.6,0,127720.745,5321.697708333333,6748.522,18,24045.795,1001.9081249999999,1094.608,10,0.2166850318544819,0.04079496917702243,0.2574800010315043
2019-12-11,589430.3999999999,24559.599999999995,24559.6,0,119606.318,4983.596583333333,6502.644,8,16517.816,688.2423333333332,791.766,10,0.20291847519232128,0.028023352714756485,0.23094182790707776
2019-12-12,589430.3999999999,24559.599999999995,24559.6,0,108586.56,4524.44,5451.523,20,15363.418000000001,640.1424166666667,722.598,9,0.18422287007931729,0.026064855155078538,0.21028772523439582
2019-12-13,589430.3999999999,24559.599999999995,24559.6,0,116369.674,4848.736416666667,6001.832,21,6491.917000000001,270.4965416666667,356.319,0,0.1974273366287182,0.011013882215779848,0.20844121884449804
2019-12-14,589430.3999999999,24559.599999999995,24559.6,0,123283.015,5136.792291666667,5787.492,18,-1235.049,-51.460375,-47.612,17,0.20915618705787828,0.0,0.20915618705787828
2019-12-15,589430.3999999999,24559.599999999995,24559.6,0,117678.59399999998,4903.27475,6345.439,17,-799.3199999999999,-33.305,185.463,23,0.1996479889737618,0.0,0.1996479889737618
2019-12-16,589430.3999999999,24559.599999999995,24559.6,0,138551.658,5772.98575,7043.627,20,9491.057,395.46070833333334,494.863,19,0.23506025138845912,0.016102082620781017,0.25116233400924015
2019-12-17,589430.3999999999,24559.599999999995,24559.6,0,154540.897,6439.204041666667,7528.879,9,10969.815,457.075625,533.749,19,0.26218684513048535,0.018610874159188263,0.2807977192896736
2019-12-18,589430.3999999999,24559.599999999995,24559.6,0,158301.987,6595.916125,7774.324,9,11194.784,466.4493333333333,529.422,18,0.26856773420576885,0.01899254602409377,0.28756028022986263
2019-12-19,589430.3999999999,24559.599999999995,24559.6,0,156735.266,6530.636083333334,7469.578,20,5164.215,215.175625,247.438,0,0.26590970876290065,0.008761365209531101,0.27467107397243173
2019-12-20,589430.3999999999,24559.599999999995,24559.6,0,178712.249,7446.343708333334,7893.342,10,4935.248,205.6353333333333,246.718,15,0.30319482843097345,0.008372910525144276,0.3115677389561177
2019-12-21,589430.3999999999,24559.599999999995,24559.6,0,178462.778,7435.949083333333,8187.033,20,-1210.308,-50.4295,-47.699,22,0.3027715876208625,0.0,0.3027715876208625
2019-12-22,589430.3999999999,24559.599999999995,24559.6,0,167578.976,6982.457333333333,7516.104,20,-1167.288,-48.637,-45.543,13,0.28430663908749876,0.0,0.28430663908749876
2019-12-23,589430.3999999999,24559.599999999995,24559.6,0,174827.359,7284.473291666666,7835.984,20,3869.5280000000002,161.23033333333333,237.9,8,0.2966039060761033,0.006564859905427343,0.30316876598153064
2019-12-24,589430.3999999999,24559.599999999995,24559.6,0,179535.68,7480.653333333333,7946.41,18,-1145.658,-47.735749999999996,-44.836,16,0.30459182288528047,0.0,0.30459182288528047
2019-12-25,589430.3999999999,24559.599999999995,24559.6,0,177851.024,7410.459333333333,8057.952,20,-1133.068,-47.211166666666664,-44.264,17,0.3017337144470323,0.0,0.3017337144470323
2019-12-26,589430.3999999999,24559.599999999995,24559.6,0,179655.752,7485.656333333333,8095.96,20,3776.765,157.36520833333333,214.149,10,0.30479553141473537,0.006407482545861225,0.3112030139605966
2019-12-27,589430.3999999999,24559.599999999995,24559.6,0,183506.683,7646.111791666666,8431.988,20,10587.627,441.15112500000004,616.992,15,0.31132884052128973,0.01796247190507989,0.3292913124263696
2019-12-28,589430.3999999999,24559.599999999995,24559.6,0,180221.96,7509.248333333333,8498.426,20,8112.402,338.01675,351.48,10,0.3057561333789367,0.013763121142038147,0.31951925452097485
2019-12-29,589430.3999999999,24559.599999999995,24559.6,0,169998.089,7083.253708333334,7725.364,19,7946.305,331.0960416666667,393.679,17,0.28841079286036153,0.013481328753997083,0.30189212161435863
2019-12-30,589430.3999999999,24559.599999999995,24559.6,0,168600.791,7025.032958333333,7853.171,20,13969.407,582.058625,691.369,13,0.2860402025413009,0.02369984140621183,0.30974004394751276
2019-12-31,589430.3999999999,24559.599999999995,24559.6,0,166069.016,6919.542333333334,7574.682,19,9174.444,382.26849999999996,498.933,0,0.28174491169780186,0.015564931839280772,0.2973098435370826
2020-01-01,589430.3999999999,24559.599999999995,24559.6,0,151472.514,6311.3547499999995,7768.094,21,8786.678,366.11158333333333,392.391,17,0.2569811702959332,0.014907066211718977,0.2718882365076522
2020-01-02,589430.3999999999,24559.599999999995,24559.6,0,159162.626,6631.776083333333,7749.721,19,13675.106,569.7960833333333,687.856,20,0.27002785400956586,0.023200544118525276,0.29322839812809115
2020-01-03,589430.3999999999,24559.599999999995,24559.6,0,151987.615,6332.817291666666,7792.829,10,15142.365,630.931875,701.887,11,0.2578550665184558,0.025689826992296296,0.28354489351075207
2020-01-04,589430.3999999999,24559.599999999995,24559.6,0,139863.037,5827.626541666667,7083.28,20,15091.265,628.8027083333333,652.039,11,0.23728507555769102,0.025603133126489576,0.2628882086841806
2020-01-05,589430.3999999999,24559.599999999995,24559.6,0,126791.218,5282.967416666666,6630.276,20,19242.611,801.7754583333334,862.419,18,0.21510803989750107,0.03264611224667069,0.24775415214417176
2020-01-06,589430.3999999999,24559.599999999995,24559.6,0,130340.29799999998,5430.8457499999995,6862.567,20,15690.260000000002,653.7608333333334,688.721,7,0.22112924274010978,0.026619359978718445,0.24774860271882823
2020-01-07,589430.3999999999,24559.599999999995,24559.6,0,145608.193,6067.008041666667,7532.855,20,23100.847,962.5352916666667,1147.685,17,0.24703203804893678,0.03919181467396321,0.28622385272289996
2020-01-08,589430.3999999999,24559.599999999995,24559.6,0,148918.37,6204.932083333333,7977.374,20,28408.405999999995,1183.6835833333332,1349.502,19,0.25264792925509105,0.048196370597783894,0.300844299852875
2020-01-09,589430.3999999999,24559.599999999995,24559.6,0,132351.895,5514.6622916666665,8158.928,20,27441.362,1143.3900833333335,1288.791,20,0.22454202396075942,0.04655572905639072,0.27109775301715017
2020-01-10,589430.3999999999,24559.599999999995,24559.6,0,137090.838,5712.1182499999995,7476.348,18,34665.961,1444.4150416666669,1587.273,18,0.232581892620401,0.05881264522494939,0.2913945378453504
2020-01-11,589430.3999999999,24559.599999999995,24559.6,0,111020.26000000001,4625.844166666667,6875.506,20,34801.301999999996,1450.05425,1546.917,21,0.18835177147293392,0.05904225842440431,0.24739402989733822
2020-01-12,589430.3999999999,24559.599999999995,24559.6,0,107758.601,4489.941708333333,7147.407,20,34987.101,1457.795875,1535.964,23,0.18281819363236101,0.059357476302545654,0.24217566993490666
2020-01-13,589430.3999999999,24559.599999999995,24559.6,0,132600.488,5525.020333333334,7799.689,20,36606.977,1525.2907083333332,1643.752,10,0.2249637751972074,0.06210568202793749,0.2870694572251449
2020-01-14,589430.3999999999,24559.599999999995,24559.6,0,126546.527,5272.771958333334,7234.978,8,23160.939,965.0391249999999,1052.879,11,0.21469290861143236,0.039293763945666874,0.2539866725570992
2020-01-15,589430.3999999999,24559.599999999995,24559.6,0,110961.90399999998,4623.412666666666,6490.567,19,26166.687000000005,1090.2786250000001,1219.135,13,0.18825276741749322,0.044393175173862785,0.23264594259135601
2020-01-16,589430.3999999999,24559.599999999995,24559.6,0,104282.255,4345.093958333334,6195.922,8,30605.542,1275.2309166666666,1481.163,21,0.17692038788633913,0.05192392859275668,0.2288443164790958
2020-01-17,589430.3999999999,24559.599999999995,24559.6,0,97039.268,4043.302833333333,6166.806,20,33573.486,1398.8952499999998,1531.521,11,0.1646322754985152,0.05695920332578707,0.22159147882430227
2020-01-18,589430.3999999999,24559.599999999995,24559.6,0,80006.287,3333.5952916666665,4173.457,19,26828.129,1117.8387083333334,1338.607,0,0.13573491798183468,0.04551534668045626,0.18125026466229094
2020-01-19,589430.3999999999,24559.599999999995,24559.6,0,82733.33899999999,3447.222458333333,5153.775,21,20911.89,871.32875,1026.304,0,0.14036150663420144,0.03547813278717895,0.1758396394213804
2020-01-20,589430.3999999999,24559.599999999995,24559.6,0,108671.997,4527.999875,6594.527,19,28898.098,1204.0874166666667,1516.876,19,0.1843678184905292,0.049027159101396885,0.23339497759192607
2020-01-21,589430.3999999999,24559.599999999995,24559.6,0,111460.038,4644.16825,7594.168,20,27922.125,1163.421875,1308.471,11,0.18909787822277238,0.047371369036955005,0.2364692472597274
2020-01-22,589430.3999999999,24559.599999999995,24559.6,0,142690.867,5945.452791666667,8088.254,19,28035.331,1168.1387916666665,1538.797,22,0.2420826394430963,0.04756342903250325,0.28964606847559954
2020-01-23,589430.3999999999,24559.599999999995,24559.6,0,139693.465,5820.561041666667,7652.412,19,46003.626000000004,1916.8177500000002,2297.933,18,0.23699738764746442,0.07804759645922574,0.31504498410669013
2020-01-24,589430.3999999999,24559.599999999995,24559.6,0,144267.92799999999,6011.163666666666,8207.123,10,47568.081,1982.003375,2082.352,16,0.24475820724550346,0.08070177751266308,0.3254599847581665
2020-01-25,589430.3999999999,24559.599999999995,24559.6,0,128119.505,5338.312708333334,7089.923,21,41368.399,1723.6832916666665,1887.011,19,0.21736154938734076,0.07018368750576828,0.28754523689310907
2020-01-26,589430.3999999999,24559.599999999995,24559.6,0,98982.99,4124.29125,6277.852,20,23041.353,960.056375,1375.617,0,0.16792990317431883,0.03909087994104139,0.2070207831153602
2020-01-27,589430.3999999999,24559.599999999995,24559.6,0,92339.634,3847.48475,5478.75,19,22793.127,949.713625,1026.571,12,0.15665909664652522,0.03866975133959837,0.1953288479861236
2020-01-28,589430.3999999999,24559.599999999995,24559.6,0,103265.841,4302.743375,6575.597,20,35413.463,1475.5609583333335,1870.312,18,0.17519598751608334,0.060080822095365305,0.23527680961144865
2020-01-29,589430.3999999999,24559.599999999995,24559.6,0,101290.18899999998,4220.424541666666,6300.185,9,36588.189,1524.507875,1618.886,9,0.1718441888982991,0.06207380718741348,0.2339179960857126
2020-01-30,589430.3999999999,24559.599999999995,24559.6,0,87498.104,3645.7543333333338,5229.828,20,31166.466,1298.60275,1489.256,19,0.14844518368920234,0.052875565970129816,0.20132074965933217
2020-01-31,589430.3999999999,24559.599999999995,24559.6,0,94223.428,3925.976166666667,5849.783,8,31379.18,1307.4658333333334,1500.696,11,0.15985505328534128,0.05323644657622004,0.2130914998615613
2020-02-01,589430.3999999999,24559.599999999995,24559.6,0,83396.578,3474.8574166666663,5533.693,21,20011.053,833.793875,954.955,12,0.14148672684679992,0.03394981493998274,0.17543654178678264
2020-02-02,589430.3999999999,24559.599999999995,24559.6,0,83107.165,3462.7985416666666,5618.106,20,23440.661,976.6942083333333,1198.049,23,0.1409957223108954,0.03976832718502474,0.18076404949592015
2020-02-03,589430.3999999999,24559.599999999995,24559.6,0,92109.503,3837.895958333333,6413.965,20,33880.072,1411.6696666666667,1547.109,18,0.1562686671742754,0.05747934276888333,0.21374800994315873
2020-02-04,589430.3999999999,24559.599999999995,24559.6,0,85605.996,3566.9165,5516.526,9,35525.776,1480.2406666666666,1564.09,13,0.14523512190752294,0.060271367068953356,0.2055064889764763
2020-02-05,589430.3999999999,24559.599999999995,24559.6,0,99853.473,4160.561375,6597.145,20,27679.125,1153.296875,1567.806,19,0.16940672384729397,0.0469591066222577,0.21636583046955166
2020-02-06,589430.3999999999,24559.599999999995,24559.6,0,118533.359,4938.889958333333,7513.257,19,35466.284,1477.7618333333332,1757.223,17,0.20109814322437394,0.060170435729137835,0.2612685789535118
2020-02-07,589430.3999999999,24559.599999999995,24559.6,0,131163.635,5465.151458333334,7840.025,8,40296.176,1679.0073333333332,1987.58,11,0.2225260777184211,0.06836460420093705,0.29089068191935813
2020-02-08,589430.3999999999,24559.599999999995,24559.6,0,109925.23300000001,4580.218041666667,6551.399,20,38049.396,1585.3915,1757.462,12,0.1864939999701407,0.06455282252153945,0.25104682249168014
2020-02-09,589430.3999999999,24559.599999999995,24559.6,0,80270.958,3344.62325,5963.959,20,29101.47,1212.56125,1289.584,0,0.13618394639977852,0.04937219050798874,0.18555613690776726
2020-02-10,589430.3999999999,24559.599999999995,24559.6,0,92179.232,3840.8013333333333,6712.751,20,33791.685,1407.9868749999998,1628.339,13,0.15638696612865577,0.05732938952588805,0.21371635565454383
2020-02-11,589430.3999999999,24559.599999999995,24559.6,0,119523.17799999999,4980.132416666666,7811.564,20,40332.998,1680.5415833333334,1962.209,20,0.2027774237636878,0.06842707468091229,0.2712044984446001
2020-02-12,589430.3999999999,24559.599999999995,24559.6,0,142494.522,5937.27175,7332.42,20,40688.011,1695.3337916666667,1885.555,14,0.2417495297154677,0.06902937310325359,0.3107789028187213
2020-02-13,589430.3999999999,24559.599999999995,24559.6,0,100699.978,4195.832416666667,6404.496,21,35387.627,1474.4844583333334,1813.359,21,0.17084286456891265,0.060036989948261926,0.23087985451717458
2020-02-14,589430.3999999999,24559.599999999995,24559.6,0,128641.27899999998,5360.053291666666,7821.374,20,26174.789,1090.6162083333334,1465.466,0,0.21824676670901264,0.04440692064745898,0.2626536873564716
2020-02-15,589430.3999999999,24559.599999999995,24559.6,0,81625.959,3401.0816250000003,5767.118,20,20561.231,856.7179583333333,959.873,0,0.13848277761038455,0.03488322115723926,0.17336599876762382
2020-02-16,589430.3999999999,24559.599999999995,24559.6,0,63890.941999999995,2662.1225833333333,4705.672,21,20976.142,874.0059166666666,903.814,11,0.10839437870866518,0.03558713971997373,0.1439815184286389
2020-02-17,589430.3999999999,24559.599999999995,24559.6,0,87476.566,3644.856916666667,6206.069,20,25686.727,1070.2802916666667,1248.92,20,0.14840864332752438,0.043578897525475446,0.19198754085299982
2020-02-18,589430.3999999999,24559.599999999995,24559.6,0,111910.5,4662.9375,6727.774,20,28723.277,1196.8032083333333,1314.79,14,0.18986211094643238,0.048730565983702234,0.2385926769301346
2020-02-19,589430.3999999999,24559.599999999995,24559.6,0,119341.18699999999,4972.549458333333,8544.265,20,29773.213000000003,1240.5505416666667,1404.214,19,0.20246866635992988,0.05051183820854847,0.25298050456847837
2020-02-20,589430.3999999999,24559.599999999995,24559.6,0,121065.802,5044.408416666666,7835.554,20,28855.013,1202.2922083333333,1384.76,10,0.20539456736537515,0.048954063109062584,0.25434863047443773
2020-02-21,589430.3999999999,24559.599999999995,24559.6,0,109190.451,4549.602125,7340.791,20,27544.415,1147.6839583333333,1384.236,21,0.1852474032557534,0.04673056394783846,0.23197796720359187
2020-02-22,589430.3999999999,24559.599999999995,24559.6,0,100056.668,4169.027833333334,6818.644,20,23144.419,964.3507916666667,1112.309,0,0.1697514549639788,0.03926573688768005,0.20901719185165885
2020-02-23,589430.3999999999,24559.599999999995,24559.6,0,83087.631,3461.9846249999996,5841.692,21,23496.004,979.0001666666667,1131.77,21,0.1409625818417238,0.03986221952583376,0.18082480136755757
2020-02-24,589430.3999999999,24559.599999999995,24559.6,0,113248.932,4718.7055,6866.298,20,23269.727,969.5719583333333,1055.485,9,0.1921328319679474,0.0394783285694121,0.2316111605373595
2020-02-25,589430.3999999999,24559.599999999995,24559.6,0,77146.181,3214.4242083333334,5449.537,20,24571.209,1023.8003749999999,1162.564,11,0.13088259614705997,0.04168636195214906,0.17256895809920902
2020-02-26,589430.3999999999,24559.599999999995,24559.6,0,86588.417,3607.8507083333334,6963.08,20,25724.982000000004,1071.87425,1185.286,22,0.14690185134665606,0.04364379916611021,0.19054565051276628
2020-02-27,589430.3999999999,24559.599999999995,24559.6,0,75484.769,3145.1987083333333,6831.292,20,27582.425,1149.2677083333333,1215.458,10,0.12806392239015837,0.04679504993295223,0.1748589723231106
2020-02-28,589430.3999999999,24559.599999999995,24559.6,0,90552.326,3773.0135833333334,6014.536,8,22840.653,951.6938749999999,1052.861,11,0.1536268336346412,0.038750381724458056,0.19237721535909924
2020-02-29,589430.3999999999,24559.599999999995,24559.6,0,50167.297000000006,2090.3040416666668,3219.962,20,10084.636,420.1931666666667,516.342,0,0.08511148559694243,0.017109120941166255,0.10222060653810869
2020-03-01,589430.3999999999,24559.599999999995,24559.6,0,55698.496,2320.770666666667,3962.21,20,9925.579,413.56579166666666,434.732,1,0.09449545866653639,0.016839272287279383,0.11133473095381577
2020-03-02,589430.3999999999,24559.599999999995,24559.6,0,88905.115,3704.3797916666667,5844.779,20,13810.603,575.4417916666666,691.595,10,0.15083225262897879,0.023430421980271125,0.1742626746092499
2020-03-03,589430.3999999999,24559.599999999995,24559.6,0,90530.079,3772.086625,6197.958,20,14111.779000000002,587.9907916666667,707.815,12,0.15358909041678206,0.023941383070842637,0.1775304734876247
2020-03-04,589430.3999999999,24559.599999999995,24559.6,0,99891.89599999998,4162.162333333333,6087.047,20,13199.637999999999,549.9849166666667,716.736,20,0.16947191050885735,0.02239388738687384,0.1918657978957312
2020-03-05,589430.3999999999,24559.599999999995,24559.6,0,89577.134,3732.3805833333336,5345.778,19,15259.552,635.8146666666667,799.999,20,0.15197236857820706,0.025888640965922357,0.17786100954412942
2020-03-06,589430.3999999999,24559.599999999995,24559.6,0,96907.81,4037.8254166666666,5805.11,20,14853.193,618.8830416666666,841.519,18,0.1644092500149297,0.025199231325700205,0.1896084813406299
2020-03-07,589430.3999999999,24559.599999999995,24559.6,0,99985.985,4166.082708333333,5900.747,19,14726.201999999997,613.5917499999999,642.123,13,0.1696315374978963,0.024983784345021905,0.19461532184291822
2020-03-08,589430.3999999999,24559.599999999995,24559.6,0,96892.46,4037.1858333333334,6572.911,19,10591.839,441.326625,749.027,19,0.16438320792412475,0.017969617786934643,0.1823528257110594
2020-03-09,589430.3999999999,24559.599999999995,24559.6,0,115777.725,4824.071875000001,7228.504,20,28768.028,1198.6678333333332,1607.129,13,0.19642306368996243,0.04880648843357927,0.2452295521235417
2020-03-10,589430.3999999999,24559.599999999995,24559.6,0,127363.62,5306.8175,7883.792,20,24126.643,1005.2767916666667,1238.018,17,0.21607915031189437,0.040932132105843205,0.2570112824177376
2020-03-11,589430.3999999999,24559.599999999995,24559.6,0,130951.45300000001,5456.310541666667,8418.279,20,23303.503,970.9792916666667,1098.629,13,0.222166099678605,0.03953563134850188,0.2617017310271069
2020-03-12,589430.3999999999,24559.599999999995,24559.6,0,131306.234,5471.093083333333,6396.206,7,16758.62,698.2758333333333,902.121,0,0.2227680045006162,0.028431889498743198,0.2511998939993594
2020-03-13,589430.3999999999,24559.599999999995,24559.6,0,112812.666,4700.52775,7330.888,20,16876.501,703.1875416666667,961.889,18,0.19139268351276081,0.028631880880253213,0.22002456439301402
2020-03-14,589430.3999999999,24559.599999999995,24559.6,0,111522.11600000001,4646.754833333333,6850.557,20,17541.894,730.91225,1003.912,21,0.1892031968490258,0.029760755468330107,0.2189639523173559
2020-03-15,589430.3999999999,24559.599999999995,24559.6,0,80564.981,3356.874208333333,5223.227,21,18794.664,783.111,958.59,0,0.13668277204569024,0.03188614635417516,0.1685689183998654
2020-03-16,589430.3999999999,24559.599999999995,24559.6,0,103062.73999999999,4294.280833333333,6512.711,20,18718.604,779.9418333333333,882.208,14,0.1748514158753943,0.031757106521821746,0.20660852239721605
2020-03-17,589430.3999999999,24559.599999999995,24559.6,0,103080.884,4295.036833333334,6326.911,19,17204.694,716.86225,894.83,16,0.17488219813569172,0.029188677747194584,0.2040708758828863
2020-03-18,589430.3999999999,24559.599999999995,24559.6,0,133240.776,5551.6990000000005,7726.302,20,17211.581,717.1492083333333,863.258,13,0.2260500578185313,0.0292003619087173,0.2552504197272486
2020-03-19,589430.3999999999,24559.599999999995,24559.6,0,123009.022,5125.375916666667,6924.792,19,16990.286,707.9285833333333,831.185,21,0.20869134337149903,0.028824923180073514,0.23751626655157254
2020-03-20,589430.3999999999,24559.599999999995,24559.6,0,118407.242,4933.635083333334,6871.194,21,17412.518,725.5215833333333,886.237,13,0.20088417903114603,0.02954126220839645,0.23042544123954248
2020-03-21,589430.3999999999,24559.599999999995,24559.6,0,107906.234,4496.093083333333,7061.907,20,14932.261,622.1775416666667,658.889,19,0.1830686608630977,0.025333374389919495,0.2084020352530172
2020-03-22,589430.3999999999,24559.599999999995,24559.6,0,100827.90299999999,4201.162625,6322.512,21,14717.952999999998,613.2480416666666,644.91,21,0.17105989613023015,0.024969789478113107,0.19602968560834325
2020-03-23,589430.3999999999,24559.599999999995,24559.6,0,108686.848,4528.618666666666,6858.746,20,14963.805,623.491875,659.331,18,0.18439301400131383,0.025386890462385386,0.2097799044636992
2020-03-24,589430.3999999999,24559.599999999995,24559.6,0,103121.674,4296.736416666667,6762.231,20,15023.605,625.9835416666666,657.308,10,0.17495140053855385,0.025488344340570155,0.200439744879124
2020-03-25,589430.3999999999,24559.599999999995,24559.6,0,124199.03,5174.959583333333,7110.0,20,14970.521,623.7717083333333,662.316,20,0.21071025518873818,0.025398284513319984,0.23610853970205817
2020-03-26,589430.3999999999,24559.599999999995,24559.6,0,82558.404,3439.9334999999996,6096.726,20,10860.113,452.5047083333333,519.158,20,0.14006472010944804,0.018424758885866765,0.1584894789953148
2020-03-27,589430.3999999999,24559.599999999995,24559.6,0,103638.615,4318.275625,7460.941,20,10171.129,423.7970416666667,493.37,20,0.1758284184188668,0.017255860912501295,0.19308427933136807
2020-03-28,589430.3999999999,24559.599999999995,24559.6,0,103017.832,4292.409666666666,6700.485,20,7976.706,332.36275,418.353,23,0.1747752270666732,0.013532905666216065,0.18830813273288927
2020-03-29,589430.3999999999,24559.6,24559.6,0,52551.39547826086,2189.6414782608695,4050.934,0,10244.457391304348,426.8523913043478,557.347,23,0.08915623537276135,0.01738026642552598,0.10653650179828733
2020-03-30,589430.3999999999,24559.599999999995,24559.6,0,57339.871,2389.161291666667,4435.011,21,11671.144,486.29766666666666,622.569,1,0.09728013858803347,0.019800716081152248,0.11708085466918572
2020-03-31,589430.3999999999,24559.599999999995,24559.6,0,62615.422000000006,2608.9759166666668,5220.791,21,11193.4,466.39166666666665,569.894,4,0.10623039123872813,0.01899019799453846,0.1252205892332666
2020-04-01,589430.3999999999,24559.599999999995,24559.6,0,88538.636,3689.1098333333334,6216.483,21,14087.82,586.9925,683.295,21,0.1502105015282551,0.023900735353995995,0.1741112368822511
2020-04-02,589430.3999999999,24559.599999999995,24559.6,0,76160.071,3173.3362916666665,4710.509,21,13637.846999999998,568.243625,571.35,12,0.12920960812336793,0.023137332244824834,0.15234694036819277
2020-04-03,589430.3999999999,24559.599999999995,24559.6,0,80397.569,3349.8987083333336,6503.077,21,13609.010000000002,567.0420833333334,620.889,20,0.136398748690261,0.023088408741727615,0.1594871574319886
2020-04-04,589430.3999999999,24559.599999999995,24559.6,0,48627.939999999995,2026.1641666666665,3893.421,0,13605.189,566.882875,570.687,16,0.08249988463438601,0.023081926212153298,0.10558181084653931
2020-04-05,589430.3999999999,24559.599999999995,24559.6,0,50662.498,2110.9374166666666,3753.084,21,13666.608,569.442,587.949,5,0.08595162041184168,0.0231861268098829,0.10913774722172458
2020-04-06,589430.3999999999,24559.599999999995,24559.6,0,80463.829,3352.6595416666664,6413.497,21,13796.994000000002,574.8747500000001,650.189,11,0.13651116230177474,0.023407333588494936,0.15991849589026969
2020-04-07,589430.3999999999,24559.599999999995,24559.6,0,83019.402,3459.1417500000002,5447.398,21,13808.248,575.3436666666666,612.438,7,0.14084682771706383,0.02342642659761017,0.164273254314674
2020-04-08,589430.3999999999,24559.599999999995,24559.6,0,78341.53,3264.2304166666668,5304.152,21,13919.911,579.9962916666667,620.47,20,0.13291056925465672,0.023615868811652747,0.15652643806630948
2020-04-09,589430.3999999999,24559.599999999995,24559.6,0,67371.016,2807.125666666667,4818.946,21,13970.543,582.1059583333333,621.498,20,0.11429850920481878,0.02370176869058671,0.13800027789540548
2020-04-10,589430.3999999999,24559.599999999995,24559.6,0,65025.212,2709.3838333333333,4115.333,21,13963.923000000003,581.8301250000001,620.12,20,0.1103187280466023,0.023690537508754224,0.13400926555535653
2020-04-11,589430.3999999999,24559.599999999995,24559.6,0,69574.461,2898.9358749999997,4679.393,21,13975.749,582.322875,619.603,21,0.11803677075359535,0.023710600946269488,0.14174737169986484
2020-04-12,589430.3999999999,24559.599999999995,24559.6,0,59157.918000000005,2464.91325,3783.662,21,14015.557,583.9815416666667,620.427,20,0.10036455194710014,0.023778137333941383,0.12414268928104152
2020-04-13,589430.3999999999,24559.599999999995,24559.6,0,67591.61,2816.3170833333334,4762.438,21,9414.365,392.2652083333333,490.8,0,0.11467275864970658,0.01597197056683877,0.13064472921654535
2020-04-14,589430.3999999999,24559.599999999995,24559.6,0,79419.617,3309.150708333333,5551.443,21,6964.989,290.207875,408.98,2,0.1347396011471414,0.011816474006091305,0.1465560751532327
2020-04-15,589430.3999999999,24559.599999999995,24559.6,0,76970.8,3207.116666666667,5161.925,21,9374.901,390.620875,402.93,23,0.13058505295960307,0.015905017793449407,0.14649007075305248
2020-04-16,589430.3999999999,24559.599999999995,24559.6,0,81081.581,3378.3992083333337,5590.537,21,5275.208,219.80033333333333,332.463,0,0.13755921140138008,0.008949670732965249,0.14650888213434532
2020-04-17,589430.3999999999,24559.599999999995,24559.6,0,99916.573,4163.190541666667,7445.351,21,5737.158,239.04825000000002,387.578,23,0.1695137763508635,0.009733393459176861,0.17924716981004038
2020-04-18,589430.3999999999,24559.599999999995,24559.6,0,108529.968,4522.081999999999,6468.094,22,9567.446,398.6435833333333,423.704,11,0.18412685874362777,0.01623168061911975,0.20035853936274753
2020-04-19,589430.3999999999,24559.599999999995,24559.6,0,105314.817,4388.117375,5876.352,0,9368.742,390.36425,391.673,18,0.17867218419681105,0.015894568722617634,0.19456675291942868
2020-04-20,589430.3999999999,24559.599999999995,24559.6,0,106308.526,4429.521916666667,6838.364,21,9474.794,394.7830833333333,406.233,4,0.18035806432786639,0.01607449157695294,0.19643255590481934
2020-04-21,589430.3999999999,24559.599999999995,24559.6,0,120201.48200000002,5008.395083333334,5824.272,21,9628.344,401.181,423.426,2,0.2039282025494444,0.016334997312659815,0.22026319986210421
2020-04-22,589430.3999999999,24559.599999999995,24559.6,0,122166.80900000001,5090.283708333333,7804.785,21,9972.742,415.53091666666666,442.348,7,0.20726248425598684,0.016919286823346747,0.2241817710793336
2020-04-23,589430.3999999999,24559.599999999995,24559.6,0,150020.648,6250.860333333333,8178.62,21,9481.942,395.0809166666666,406.361,17,0.2545180024647524,0.016086618538846995,0.27060462100359944
2020-04-24,589430.3999999999,24559.599999999995,24559.6,0,146483.063,6103.460958333333,7811.521,0,9564.06,398.5025,436.51,17,0.24851630150056736,0.016225936090164338,0.2647422375907317
2020-04-25,589430.3999999999,24559.599999999995,24559.6,0,135534.567,5647.273625000001,7247.146,21,7786.17,324.42375,392.949,14,0.22994159615791793,0.013209651215817849,0.24315124737373578
2020-04-26,589430.3999999999,24559.599999999995,24559.6,0,132549.362,5522.890083333333,8057.733,22,3378.7039999999997,140.7793333333333,143.7,14,0.22487703722101882,0.005732150903652068,0.23060918812467088
2020-04-27,589430.3999999999,24559.599999999995,24559.6,0,146596.745,6108.197708333333,7703.908,21,7895.836000000001,328.9931666666667,397.146,23,0.24870916905541354,0.013395705413226062,0.2621048744686396
2020-04-28,589430.3999999999,24559.599999999995,24559.6,0,134366.268,5598.5945,7088.504,22,7777.838,324.0765833333333,391.987,5,0.22795951481294488,0.013195515534997856,0.24115503034794272
2020-04-29,589430.3999999999,24559.599999999995,24559.6,0,110956.71300000002,4623.196375,6343.814,21,5098.614,212.44224999999997,234.117,16,0.18824396061010773,0.00865006962654115,0.1968940302366489
2020-04-30,589430.3999999999,24559.599999999995,24559.6,0,90736.994,3780.7080833333334,5166.844,21,5004.961,208.54004166666667,228.689,20,0.1539401327111734,0.00849118233467429,0.1624313150458477
2020-05-01,589430.3999999999,24559.599999999995,24559.6,0,73200.026,3050.001083333333,4890.069,21,-982.689,-40.945375,55.938,0,0.12418773446364492,0.0,0.12418773446364492
2020-05-02,589430.3999999999,24559.599999999995,24559.6,0,93717.211,3904.8837916666666,6449.951,22,2344.447,97.68529166666667,138.709,13,0.1589962292409757,0.003977478935596129,0.16297370817657184
2020-05-03,589430.3999999999,24559.599999999995,24559.6,0,87487.308,3645.3045,5876.62,22,4957.918,206.57991666666666,322.453,8,0.1484268677014284,0.008411371384984555,0.15683823908641295
2020-05-04,589430.3999999999,24559.599999999995,24559.6,0,81700.997,3404.2082083333335,5029.196,22,9068.068,377.83616666666666,574.862,8,0.13861008356542184,0.015384459301725871,0.15399454286714773
2020-05-05,589430.3999999999,24559.599999999995,24559.6,0,126313.41699999999,5263.059041666666,7883.579,21,6717.2,279.8833333333333,400.916,21,0.2142974251073579,0.011396086798373482,0.22569351190573136
2020-05-06,589430.3999999999,24559.599999999995,24559.6,0,132311.903,5512.995958333333,7884.515,21,9519.959,396.66495833333335,400.563,0,0.2244741754073085,0.016151116399832792,0.2406252918071413
2020-05-07,589430.3999999999,24559.599999999995,24559.6,0,117842.576,4910.107333333333,6879.466,21,9511.687,396.32029166666666,398.961,20,0.1999261931518972,0.01613708251220161,0.2160632756640988
2020-05-08,589430.3999999999,24559.599999999995,24559.6,0,108683.641,4528.485041666667,6860.764,21,9479.8,394.9916666666666,485.541,23,0.18438757315537174,0.016082984522006332,0.20047055767737806
2020-05-09,589430.3999999999,24559.599999999995,24559.6,0,95542.9,3980.9541666666664,5787.171,0,13485.408,561.8919999999999,571.521,16,0.16209360765919098,0.022878711379664168,0.18497231903885514
2020-05-10,589430.3999999999,24559.599999999995,24559.6,0,84854.43400000001,3535.601416666667,5423.42,21,7721.539000000001,321.7307916666667,363.23,11,0.14396005703133063,0.013100001289380395,0.15706005832071102
2020-05-11,589430.3999999999,24559.599999999995,24559.6,0,94372.593,3932.191375,6459.241,22,9634.206,401.42525,576.834,8,0.16010811963549895,0.01634494250720696,0.17645306214270592
2020-05-12,589430.3999999999,24559.599999999995,24559.6,0,140032.377,5834.682375,7212.244,19,9690.714,403.77975,419.704,23,0.23757236986758748,0.016440811332432127,0.2540131812000196
2020-05-13,589430.3999999999,24559.599999999995,24559.6,0,134158.815,5589.950625,7386.461,21,9607.197,400.299875,421.01,14,0.22760755977296052,0.01629912030326227,0.2439066800762228
2020-05-14,589430.3999999999,24559.599999999995,24559.6,0,105031.895,4376.3289583333335,6224.009,21,5059.988,210.83283333333335,230.262,21,0.17819219198738312,0.008584538564688896,0.186776730552072
2020-05-15,589430.3999999999,24559.599999999995,24559.6,0,103648.24800000002,4318.677000000001,5658.799,22,5151.92,214.66333333333333,383.579,23,0.17584476131533094,0.008740506088589934,0.18458526740392087
2020-05-16,589430.3999999999,24559.599999999995,24559.6,0,90876.342,3786.51425,5419.89,21,7957.763000000001,331.57345833333335,393.474,13,0.15417654399908798,0.013500767859954292,0.16767731185904228
2020-05-17,589430.3999999999,24559.599999999995,24559.6,0,81857.335,3410.722291666667,5962.545,22,3394.325,141.43020833333333,144.808,18,0.13887531929130228,0.005758652760359833,0.14463397205166212
2020-05-18,589430.3999999999,24559.599999999995,24559.6,0,90716.849,3779.8687083333334,5639.556,21,7844.536,326.85566666666665,400.551,20,0.15390595564802903,0.013308672236789961,0.167214627884819
2020-05-19,589430.3999999999,24559.599999999995,24559.6,0,79941.81,3330.90875,5134.152,21,9679.894,403.32891666666666,450.482,15,0.13562552932458186,0.016422454627382642,0.1520479839519645
2020-05-20,589430.3999999999,24559.599999999995,24559.6,0,80175.582,3340.64925,4802.275,21,10886.64,453.60999999999996,498.576,18,0.13602213594683954,0.018469763351194646,0.1544918992980342
2020-05-21,589430.3999999999,24559.599999999995,24559.6,0,91173.849,3798.910375,5742.586,22,10820.743,450.8642916666667,501.146,11,0.15468128043616347,0.018357965588473215,0.1730392460246367
2020-05-22,589430.3999999999,24559.599999999995,24559.6,0,102467.83000000002,4269.492916666667,5389.187,22,9726.088,405.2536666666667,451.931,15,0.17384211944277056,0.016500825203450656,0.1903429446462212
2020-05-23,589430.3999999999,24559.599999999995,24559.6,0,67312.566,2804.69025,3837.563,1,8023.770999999999,334.32379166666664,407.961,12,0.11419934567338233,0.013612753940075028,0.12781209961345735
2020-05-24,589430.3999999999,24559.599999999995,24559.6,0,64911.193,2704.6330416666665,4670.546,22,5379.588,224.1495,273.9,4,0.11012528875334562,0.009126756950438934,0.11925204570378456
2020-05-25,589430.3999999999,24559.599999999995,24559.6,0,71116.403,2963.1834583333334,3934.009,9,5103.528,212.64700000000002,214.051,18,0.1206527573060365,0.00865840648870503,0.12931116379474153
2020-05-26,589430.3999999999,24559.599999999995,24559.6,0,62881.861999999994,2620.077583333333,3535.952,21,5076.769,211.5320416666667,213.594,3,0.1066824208591888,0.008613008423047066,0.11529542928223586
2020-05-27,589430.3999999999,24559.599999999995,24559.6,0,68687.317,2861.9715416666663,4333.344,21,7695.23,320.6345833333333,391.636,16,0.11653168380863968,0.013055366672638536,0.12958705048127822
2020-05-28,589430.3999999999,24559.599999999995,24559.6,0,79975.686,3332.32025,5783.25,21,10681.025,445.04270833333334,496.258,9,0.13568300175898632,0.01812092657589429,0.1538039283348806
2020-05-29,589430.3999999999,24559.599999999995,24559.6,0,99302.11799999999,4137.58825,4992.543,7,10537.726999999999,439.07195833333327,520.612,12,0.1684713207869835,0.017877813903049454,0.18634913469003297
2020-05-30,589430.3999999999,24559.599999999995,24559.6,0,77829.674,3242.903083333333,4732.061,21,10521.258,438.38575,592.773,13,0.13204217834709578,0.017849873369273118,0.1498920517163689
2020-05-31,589430.3999999999,24559.599999999995,24559.6,0,71846.85,2993.61875,5067.992,22,10269.329,427.88870833333334,487.672,14,0.12189199946253199,0.017422462431527116,0.1393144618940591
2020-06-01,589430.3999999999,24559.599999999995,24559.6,0,104337.875,4347.411458333333,6757.451,21,11142.727,464.2802916666667,593.207,15,0.17701475017236984,0.01890422855692547,0.1959189787292953
2020-06-02,589430.3999999999,24559.599999999995,24559.6,0,110172.91,4590.537916666667,5905.297,21,12791.34,532.9725,700.389,14,0.18691419716390606,0.021701188130099844,0.20861538529400592
2020-06-03,589430.3999999999,24559.599999999995,24559.6,0,90663.742,3777.6559166666666,5351.241,8,14430.631000000001,601.2762916666667,678.757,16,0.1538158568000565,0.024482332434838792,0.1782981892348953
2020-06-04,589430.3999999999,24559.599999999995,24559.6,0,84245.173,3510.2155416666665,4798.283,8,14143.923000000003,589.3301250000001,689.958,17,0.14292641336449563,0.023995917075196674,0.1669223304396923
2020-06-05,589430.3999999999,24559.599999999995,24559.6,0,84638.386,3526.5994166666665,5687.364,22,10552.401,439.683375,549.433,15,0.14359352011704862,0.017902709123927104,0.16149622924097573
2020-06-06,589430.3999999999,24559.599999999995,24559.6,0,66937.868,2789.0778333333333,4019.215,0,8959.749,373.322875,537.735,15,0.11356365060234425,0.01520069036140654,0.12876434096375078
2020-06-07,589430.3999999999,24559.599999999995,24559.6,0,61657.91099999999,2569.079625,3236.916,0,9484.636,395.1931666666667,483.325,23,0.10460592293848435,0.016091189053024754,0.1206971119915091
2020-06-08,589430.3999999999,24559.599999999995,24559.6,0,63513.177,2646.382375,3548.711,22,11610.153,483.756375,572.339,15,0.10775348030912558,0.01969724160816952,0.12745072191729512
2020-06-09,589430.3999999999,24559.599999999995,24559.6,0,73464.978,3061.04075,4255.825,21,16483.789,686.8245416666667,1011.618,13,0.12463723961302303,0.027965624100826838,0.15260286371384987
2020-06-10,589430.3999999999,24559.599999999995,24559.6,0,77718.507,3238.2711249999998,4295.437,8,22710.043,946.2517916666667,1084.528,12,0.13185357762341407,0.038528794917941124,0.1703823725413552
2020-06-11,589430.3999999999,24559.599999999995,24559.6,0,61794.402,2574.7667500000002,3239.187,8,16712.846,696.3685833333334,944.263,10,0.10483748717405823,0.028354231474996886,0.13319171864905513
2020-06-12,589430.3999999999,24559.599999999995,24559.6,0,68446.67,2851.9445833333334,3623.301,21,8995.995,374.83312500000005,449.069,15,0.11612341338349703,0.01526218362676917,0.1313855970102662
2020-06-13,589430.3999999999,24559.599999999995,24559.6,0,63355.225,2639.8010416666666,3882.008,21,7181.222,299.2175833333333,449.654,20,0.10748550634646603,0.012183324782705474,0.11966883112917151
2020-06-14,589430.3999999999,24559.599999999995,24559.6,0,59628.365999999995,2484.51525,3795.071,22,8241.625,343.4010416666667,544.162,23,0.10116269198195411,0.013982354829340328,0.11514504681129445
2020-06-15,589430.3999999999,24559.599999999995,24559.6,0,72444.83,3018.5345833333336,4944.306,21,14415.017,600.6257083333334,625.531,21,0.12290650431331675,0.024455842454003056,0.1473623467673198
2020-06-16,589430.3999999999,24559.599999999995,24559.6,0,74551.03,3106.2929166666668,5294.769,9,12445.445,518.5602083333333,607.206,1,0.12647978455132278,0.021114358879352,0.14759414343067478
2020-06-17,589430.3999999999,24559.599999999995,24559.6,0,82435.745,3434.822708333333,5006.593,8,9679.282,403.30341666666664,420.209,18,0.13985662259700213,0.016421416336856735,0.15627803893385886
2020-06-18,589430.3999999999,24559.599999999995,24559.6,0,75678.739,3153.2807916666666,4595.04,9,9684.979,403.5407916666666,421.815,4,0.12839300280406307,0.01643108160013464,0.14482408440419772
2020-06-19,589430.3999999999,24559.599999999995,24559.6,0,73492.788,3062.1995,4648.226,8,9686.079,403.58662499999997,416.61,5,0.12468442075603839,0.016432947808596235,0.14111736856463464
2020-06-20,589430.3999999999,24559.599999999995,24559.6,0,56680.241,2361.6767083333334,3587.0,22,9667.382,402.8075833333333,405.061,12,0.09616104123574219,0.016401227354408597,0.11256226859015078
2020-06-21,589430.3999999999,24559.599999999995,24559.6,0,51254.822,2135.617583333333,3250.622,22,9347.219,389.4674583333333,421.372,13,0.08695652955802756,0.01585805380923685,0.10281458336726441
2020-06-22,589430.3999999999,24559.599999999995,24559.6,0,70013.431,2917.2262916666664,5176.499,20,11743.188,489.2995,633.232,16,0.11878150668849113,0.01992294255606769,0.13870444924455883
2020-06-23,589430.3999999999,24559.599999999995,24559.6,0,87624.38,3651.0158333333334,6317.244,21,9802.374,408.43225,666.939,13,0.14865941763438062,0.01663024845681526,0.16528966609119589
2020-06-24,589430.3999999999,24559.599999999995,24559.6,0,73735.247,3072.3019583333335,5176.256,20,10411.551,433.814625,533.032,13,0.12509576533548322,0.017663749613185883,0.14275951494866912
2020-06-25,589430.3999999999,24559.599999999995,24559.6,0,84381.398,3515.8915833333335,5538.258,8,15588.578000000001,649.5240833333334,915.934,16,0.14315752631693243,0.026446851061635104,0.16960437737856754
2020-06-26,589430.3999999999,24559.599999999995,24559.6,0,84360.491,3515.020458333333,5087.121,20,18057.725,752.4052083333332,886.152,12,0.14312205648029014,0.03063589017464997,0.1737579466549401
2020-06-27,589430.3999999999,24559.599999999995,24559.6,0,69415.44,2892.31,5163.874,22,12557.081000000002,523.2117083333334,640.245,22,0.11776698317562177,0.021303755286459614,0.1390707384620814
2020-06-28,589430.3999999999,24559.599999999995,24559.6,0,65400.08,2725.0033333333336,4480.46,22,11003.707,458.4877916666667,649.215,0,0.11095471153167534,0.018668373738443083,0.12962308527011843
2020-06-29,589430.3999999999,24559.599999999995,24559.6,0,80591.187,3357.9661250000004,5488.125,12,12156.548,506.5228333333334,646.293,13,0.13672723191745798,0.02062422976487131,0.15735146168232927
2020-06-30,589430.3999999999,24559.599999999995,24559.6,0,93515.386,3896.4744166666665,5716.897,21,13053.187,543.8827916666667,788.008,12,0.15865382240210213,0.02214542548195682,0.18079924788405896
2020-07-01,589430.3999999999,24559.599999999995,24559.6,0,89477.064,3728.211,4781.513,9,12186.286,507.76191666666665,648.3,13,0.15180259450479652,0.020674681862353897,0.17247727636715043
2020-07-02,589430.3999999999,24559.599999999995,24559.6,0,74486.28,3103.595,5512.119,10,12445.537,518.5640416666666,666.019,13,0.12636993273506084,0.021114514962241517,0.14748444769730235
2020-07-03,589430.3999999999,24559.599999999995,24559.6,0,51449.762,2143.7400833333336,3046.391,10,12492.106,520.5044166666667,673.62,13,0.08728725562848474,0.02119352174573962,0.10848077737422436
2020-07-04,589430.3999999999,24559.599999999995,24559.6,0,45779.308,1907.4711666666665,2781.233,21,10865.202,452.71675,562.788,13,0.07766702905041885,0.01843339264483135,0.0961004216952502
2020-07-05,589430.3999999999,24559.599999999995,24559.6,0,45423.317,1892.6382083333335,2913.642,21,9933.555,413.898125,467.011,14,0.07706307139909989,0.016852803995179078,0.09391587539427897
2020-07-06,589430.3999999999,24559.599999999995,24559.6,0,55152.416,2298.017333333333,3823.03,20,8204.155,341.8397916666667,411.458,5,0.09356900492407587,0.013918784982925892,0.10748778990700177
2020-07-07,589430.3999999999,24559.599999999995,24559.6,0,62467.562000000005,2602.8150833333334,5348.05,20,7020.82,292.53416666666664,379.089,19,0.10597953889042712,0.01191119426483602,0.11789073315526313
2020-07-08,589430.3999999999,24559.599999999995,24559.6,0,62353.20599999999,2598.05025,3663.469,13,6631.02,276.2925,326.964,16,0.10578552785875991,0.011249877848173426,0.11703540570693334
2020-07-09,589430.3999999999,24559.599999999995,24559.6,0,57586.926,2399.45525,3820.536,12,9350.171,389.59045833333334,513.79,19,0.09769928052574148,0.015863062034126508,0.11356234255986798
2020-07-10,589430.3999999999,24559.599999999995,24559.6,0,51664.05099999999,2152.6687916666665,3050.767,10,9909.121,412.8800416666666,561.437,12,0.08765080830578131,0.01681135041558766,0.10446215872136898
2020-07-11,589430.3999999999,24559.599999999995,24559.6,0,48379.565,2015.8152083333334,3690.751,21,5560.211,231.67545833333335,261.998,5,0.08207850324652412,0.009433193469491905,0.09151169671601603
2020-07-12,589430.3999999999,24559.599999999995,24559.6,0,39564.295,1648.5122916666667,2961.405,21,5410.24,225.42666666666665,226.795,21,0.0671229291872289,0.009178759697497789,0.07630168888472669
2020-07-13,589430.3999999999,24559.599999999995,24559.6,0,53591.204,2232.9668333333334,3250.175,21,6858.2029999999995,285.7584583333333,378.929,10,0.09092032579249391,0.011635305881746175,0.10255563167424009
2020-07-14,589430.3999999999,24559.599999999995,24559.6,0,52728.40699999999,2197.016958333333,3280.666,9,6959.5509999999995,289.98129166666666,387.976,13,0.08945654482700587,0.011807248150078449,0.10126379297708432
2020-07-15,589430.3999999999,24559.599999999995,24559.6,0,51927.276,2163.6365,3713.22,19,6742.612999999999,280.9422083333333,379.233,11,0.08809738350787473,0.011439201303495714,0.09953658481137044
2020-07-16,589430.3999999999,24559.599999999995,24559.6,0,52525.216,2188.5506666666665,3058.44,21,7220.174999999999,300.840625,375.885,10,0.08911182049653361,0.012249410617436767,0.10136123111397038
2020-07-17,589430.3999999999,24559.599999999995,24559.6,0,54660.327000000005,2277.513625,3953.013,21,6937.040000000001,289.04333333333335,374.597,11,0.09273414978256977,0.01176905704218853,0.1045032068247583
2020-07-18,589430.3999999999,24559.599999999995,24559.6,0,49845.542,2076.8975833333334,3948.375,21,9903.302,412.63758333333334,610.893,12,0.0845656111391608,0.016801478172825835,0.10136708931198664
2020-07-19,589430.3999999999,24559.599999999995,24559.6,0,42857.229,1785.717875,3469.19,22,10404.165,433.50687500000004,609.285,13,0.07270956672747114,0.017651218871642865,0.09036078559911401
2020-07-20,589430.3999999999,24559.599999999995,24559.6,0,57383.954,2390.9980833333334,3817.399,21,5907.814,246.15891666666667,325.832,9,0.09735492774040838,0.010022920433014655,0.10737784817342304
2020-07-21,589430.3999999999,24559.599999999995,24559.6,0,49635.201,2068.133375,3693.774,20,5831.357,242.97320833333333,324.345,9,0.08420875645368818,0.00989320706906193,0.0941019635227501
2020-07-22,589430.3999999999,24559.599999999995,24559.6,0,59400.191999999995,2475.008,4208.355,19,7271.541000000001,302.980875,404.914,23,0.10077558266421278,0.012336555766380564,0.11311213843059335
2020-07-23,589430.3999999999,24559.599999999995,24559.6,0,63046.545,2626.939375,3680.582,18,12026.811,501.117125,608.498,11,0.10696181432108016,0.02040412404925162,0.12736593837033178
2020-07-24,589430.3999999999,24559.599999999995,24559.6,0,59794.541,2491.439208333333,3862.286,13,11929.41,497.05875,603.882,11,0.10144461670114063,0.02023887807619017,0.1216834947773308
2020-07-25,589430.3999999999,24559.599999999995,24559.6,0,51592.462,2149.685916666667,3767.516,22,10719.987,446.66612499999997,556.625,12,0.08752935376254772,0.018187027679603902,0.10571638144215162
2020-07-26,589430.3999999999,24559.599999999995,24559.6,0,50097.912,2087.413,4619.781,22,14556.754,606.5314166666667,693.358,14,0.08499377025684458,0.024696306807385576,0.10969007706423016
2020-07-27,589430.3999999999,24559.599999999995,24559.6,0,73263.619,3052.650791666667,4797.144,11,17781.729,740.9053749999999,844.228,15,0.1242956233679159,0.030167648292317467,0.15446327166023338
2020-07-28,589430.3999999999,24559.599999999995,24559.6,0,76264.648,3177.6936666666666,4771.664,13,11301.952,470.9146666666666,661.062,14,0.12938702856181156,0.01917436223174102,0.14856139079355257
2020-07-29,589430.3999999999,24559.599999999995,24559.6,0,80238.335,3343.2639583333334,5199.36,20,11145.152,464.3813333333333,731.957,15,0.13612859974646713,0.018908342698306706,0.15503694244477384
2020-07-30,589430.3999999999,24559.599999999995,24559.6,0,77733.615,3238.900625,4838.529,20,14899.225000000002,620.8010416666667,843.01,14,0.1318792091483575,0.025277327060158426,0.1571565362085159
2020-07-31,589430.3999999999,24559.599999999995,24559.6,0,97374.75,4057.28125,6338.387,21,14483.155999999999,603.4648333333333,806.761,14,0.16520143854134434,0.024571443888879843,0.18977288243022417
2020-08-01,589430.3999999999,24559.599999999995,24559.6,0,61977.524,2582.3968333333332,4134.558,22,9846.641,410.2767083333333,415.976,12,0.1051481633794253,0.016705349774969194,0.1218535131543945
2020-08-02,589430.3999999999,24559.599999999995,24559.6,0,53017.944,2209.081,3836.953,21,9878.289,411.59537500000005,414.308,13,0.0899477597355006,0.016759042288962366,0.10670680202446296
2020-08-03,589430.3999999999,24559.599999999995,24559.6,0,67059.421,2794.1425416666666,4140.761,21,13337.368999999999,555.7237083333333,657.212,10,0.1137698717270097,0.022627555348349867,0.13639742707535957
2020-08-04,589430.3999999999,24559.599999999995,24559.6,0,61820.015,2575.833958333333,4305.653,20,15638.415,651.600625,1111.11,14,0.10488094098980984,0.026531402180817284,0.1314123431706271
2020-08-05,589430.3999999999,24559.599999999995,24559.6,0,70320.413,2930.017208333333,4462.778,20,13460.383,560.8492916666667,658.955,14,0.11930231796663357,0.022836255137162934,0.14213857310379652
2020-08-06,589430.3999999999,24559.599999999995,24559.6,0,69123.366,2880.14025,4559.899,20,13330.577,555.4407083333333,659.352,15,0.11727146411179336,0.022616032359376106,0.13988749647116946
2020-08-07,589430.3999999999,24559.599999999995,24559.6,0,68797.292,2866.5538333333334,4870.699,21,12581.376,524.224,657.06,13,0.11671826224097029,0.021344973045163605,0.1380632352861339
2020-08-08,589430.3999999999,24559.599999999995,24559.6,0,50308.228,2096.1761666666666,3686.574,20,10267.491,427.812125,511.328,12,0.08535058252848854,0.017419344166843112,0.10276992669533165
2020-08-09,589430.3999999999,24559.599999999995,24559.6,0,47464.522,1977.6884166666666,3455.053,22,9919.457,413.31070833333337,427.706,21,0.080526084165323,0.016828885988914046,0.09735497015423705
2020-08-10,589430.3999999999,24559.599999999995,24559.6,0,64122.106,2671.7544166666667,4611.168,21,10829.075,451.2114583333334,650.178,12,0.10878656072031577,0.018372101269293208,0.12715866198960898
2020-08-11,589430.3999999999,24559.599999999995,24559.6,0,64261.441999999995,2677.5600833333333,4391.353,21,9826.662,409.44425,653.557,12,0.10902295164959257,0.01667145433964723,0.1256944059892398
2020-08-12,589430.3999999999,24559.599999999995,24559.6,0,63462.204,2644.2585,4521.781,21,11489.241,478.718375,606.821,12,0.10766700190556851,0.019492107974071242,0.12715910987963974
2020-08-13,589430.3999999999,24559.599999999995,24559.6,0,73549.984,3064.5826666666667,4866.299,21,11670.003,486.250125,612.16,14,0.12478145680982862,0.019798780314011635,0.14458023712384024
2020-08-14,589430.3999999999,24559.599999999995,24559.6,0,66740.646,2780.8602499999997,4384.848,22,11430.926,476.2885833333333,613.016,13,0.11322905299760583,0.019393173477309622,0.13262222647491545
2020-08-15,589430.3999999999,24559.599999999995,24559.6,0,34330.911,1430.454625,2232.201,21,10066.688,419.44533333333334,462.592,1,0.0582442150930797,0.01707867120528565,0.07532288629836535
2020-08-16,589430.3999999999,24559.599999999995,24559.6,0,31274.289000000004,1303.095375,2814.266,21,9895.69,412.3204166666667,417.471,21,0.05305849342008829,0.016788564010271616,0.0698470574303599
2020-08-17,589430.3999999999,24559.599999999995,24559.6,0,62998.716,2624.9465,4483.78,21,11304.82,471.03416666666664,610.135,13,0.10688066988061697,0.019179227946166336,0.1260598978267833
2020-08-18,589430.3999999999,24559.599999999995,24559.6,0,68056.047,2835.6686250000002,4471.863,21,8067.198,336.13325000000003,419.818,8,0.11546070070359454,0.013686430153585566,0.1291471308571801
2020-08-19,589430.3999999999,24559.599999999995,24559.6,0,59479.379,2478.307458333333,3738.164,21,6604.3330000000005,275.18054166666667,367.074,13,0.10090992761825655,0.01120460193434204,0.1121145295525986
2020-08-20,589430.3999999999,24559.599999999995,24559.6,0,58527.575,2438.648958333333,4144.735,9,8838.047,368.25195833333333,524.447,11,0.09929514154682216,0.014994216450322213,0.11428935799714438
2020-08-21,589430.3999999999,24559.599999999995,24559.6,0,68261.4,2844.225,4752.331,20,9500.31,395.84625,556.384,13,0.1158090929819704,0.016117780827049302,0.13192687380901968
2020-08-22,589430.3999999999,24559.599999999995,24559.6,0,57494.156,2395.5898333333334,3606.003,20,10225.827,426.076125,464.868,13,0.09754189129030334,0.017348658976530564,0.11489055026683391
2020-08-23,589430.3999999999,24559.599999999995,24559.6,0,43298.528,1804.1053333333332,3708.266,21,10161.464,423.39433333333335,453.018,1,0.07345825393464607,0.01723946372633648,0.09069771766098256
2020-08-24,589430.3999999999,24559.599999999995,24559.6,0,70291.315,2928.804791666667,5458.175,21,11081.597,461.7332083333333,561.013,14,0.119252951663165,0.01880051826305532,0.13805346992622033
2020-08-25,589430.3999999999,24559.599999999995,24559.6,0,77870.347,3244.5977916666666,5448.082,21,11144.27,464.34458333333333,611.114,13,0.13211118225323976,0.01890684633843114,0.1510180285916709
2020-08-26,589430.3999999999,24559.599999999995,24559.6,0,85143.064,3547.6276666666668,5883.927,21,11973.224,498.88433333333336,609.888,21,0.14444973316612109,0.020313210855768555,0.16476294402188965
2020-08-27,589430.3999999999,24559.599999999995,24559.6,0,95253.606,3968.90025,5290.083,13,13293.171999999999,553.8821666666666,902.653,12,0.161602805013111,0.022552572788916217,0.18415537780202723
2020-08-28,589430.3999999999,24559.599999999995,24559.6,0,63519.407999999996,2646.642,4968.206,8,11167.371,465.307125,607.892,13,0.10776405153178392,0.018946038412677734,0.12671008994446165
2020-08-29,589430.3999999999,24559.599999999995,24559.6,0,38787.051,1616.127125,2727.771,21,10447.868,435.32783333333333,534.421,12,0.06580429343311782,0.017725363333821943,0.08352965676693977
2020-08-30,589430.3999999999,24559.599999999995,24559.6,0,38836.013,1618.1672083333333,3238.64,21,10009.463,417.0609583333333,420.199,23,0.06588736006829646,0.016981585951454152,0.08286894601975062
2020-08-31,589430.3999999999,24559.599999999995,24559.6,0,53775.793,2240.6580416666666,4795.563,21,11005.328,458.5553333333333,566.269,15,0.09123349084132751,0.01867112385109421,0.10990461469242171
2020-09-01,589430.3999999999,24559.599999999995,24559.6,0,62769.418999999994,2615.3924583333333,3981.974,9,10882.255,453.42729166666663,565.524,15,0.10649165533369165,0.01846232396564548,0.12495397929933713
2020-09-02,589430.3999999999,24559.599999999995,24559.6,0,59257.854999999996,2469.0772916666665,4186.274,21,11155.171,464.79879166666666,563.288,18,0.10053410037894212,0.018925340464285526,0.11945944084322764
2020-09-03,589430.3999999999,24559.599999999995,24559.6,0,63723.353,2655.1397083333336,3929.875,20,11173.893,465.578875,564.398,15,0.10811005506332896,0.01895710333230183,0.1270671583956308
2020-09-04,589430.3999999999,24559.599999999995,24559.6,0,58345.894,2431.078916666667,3690.961,21,11113.951,463.08129166666663,564.4,15,0.09898691007453977,0.0188554085435702,0.11784231861810998
2020-09-05,589430.3999999999,24559.599999999995,24559.6,0,45573.719,1898.9049583333333,2686.171,21,5584.6539999999995,232.69391666666664,370.93,0,0.07731823638550031,0.009474662318061641,0.08679289870356195
2020-09-06,589430.3999999999,24559.599999999995,24559.6,0,35297.548,1470.7311666666667,3205.127,21,5500.884,229.2035,241.081,23,0.0598841661373421,0.00933254206094562,0.06921670819828772
2020-09-07,589430.3999999999,24559.599999999995,24559.6,0,42036.668,1751.5278333333333,3099.644,21,5640.042,235.00175000000002,266.449,6,0.07131744138069568,0.009568631003762278,0.08088607238445795
2020-09-08,589430.3999999999,24559.599999999995,24559.6,0,49593.115000000005,2066.3797916666667,3760.658,20,8590.587,357.941125,562.777,23,0.08413735531794765,0.014574387408589719,0.09871174272653738
2020-09-09,589430.3999999999,24559.599999999995,24559.6,0,65517.047,2729.8769583333333,3754.122,20,14492.017,603.8340416666666,618.713,23,0.11115315226360908,0.02458647704631455,0.13573962930992364
2020-09-10,589430.3999999999,24559.599999999995,24559.6,0,60167.59999999999,2506.983333333333,3994.34,21,15152.732,631.3638333333333,806.384,21,0.10207753112157093,0.025707415158770234,0.12778494628034118
2020-09-11,589430.3999999999,24559.599999999995,24559.6,0,60763.735,2531.822291666667,4296.714,21,10699.35,445.80625000000003,656.853,16,0.10308890583179967,0.01815201591231128,0.12124092174411094
2020-09-12,589430.3999999999,24559.599999999995,24559.6,0,42874.937,1786.4557083333332,3619.186,19,7651.699,318.82079166666665,459.664,14,0.07273960929059649,0.012981514017600723,0.08572112330819721
2020-09-13,589430.3999999999,24559.599999999995,24559.6,0,40808.135,1700.3389583333335,3679.766,20,8584.881,357.703375,416.563,14,0.06923316985347211,0.014564706876333492,0.0837978767298056
2020-09-14,589430.3999999999,24559.599999999995,24559.6,0,65816.445,2742.3518750000003,4168.145,9,10191.246,424.63525,464.747,22,0.11166109688268541,0.01728999047215753,0.12895108735484295
2020-09-15,589430.3999999999,24559.599999999995,24559.6,0,78844.972,3285.2071666666666,4982.935,21,10598.508,441.6045,475.399,22,0.1337646853640396,0.017980932099871335,0.15174561746391094
2020-09-16,589430.3999999999,24559.599999999995,24559.6,0,86565.365,3606.8902083333337,4712.823,8,9865.111,411.0462916666667,461.303,8,0.14686274240351366,0.016736685111592483,0.16359942751510614
2020-09-17,589430.3999999999,24559.599999999995,24559.6,0,60825.118,2534.3799166666668,4304.495,10,9935.007,413.958625,463.107,14,0.10319304535361598,0.01685526739034838,0.12004831274396435
2020-09-18,589430.3999999999,24559.599999999995,24559.6,0,54737.44,2280.726666666667,4206.269,9,9419.301,392.470875,525.794,6,0.09286497608538687,0.015980344753171876,0.10884532083855875
2020-09-19,589430.3999999999,24559.599999999995,24559.6,0,44898.755,1870.7814583333331,3537.271,20,8310.097,346.25404166666664,389.201,14,0.07617312408725442,0.014098521216415036,0.09027164530366946
2020-09-20,589430.3999999999,24559.599999999995,24559.6,0,43750.713,1822.9463750000002,3975.308,20,8320.173,346.673875,459.727,23,0.07422540981937818,0.014115615685923228,0.08834102550530142
2020-09-21,589430.3999999999,24559.599999999995,24559.6,0,66985.653,2791.0688750000004,4322.952,20,9848.018,410.33408333333335,517.864,1,0.11364472039446899,0.016707685928652478,0.13035240632312148
2020-09-22,589430.3999999999,24559.599999999995,24559.6,0,78632.189,3276.3412083333333,4556.846,8,10563.112000000001,440.1296666666667,466.841,12,0.13340368769578226,0.017920880904683578,0.15132456860046584
2020-09-23,589430.3999999999,24559.599999999995,24559.6,0,73361.345,3056.7227083333332,4724.317,20,8474.106,353.08774999999997,457.408,12,0.12446142072075009,0.014376771201485368,0.13883819192223545
2020-09-24,589430.3999999999,24559.599999999995,24559.6,0,53975.56,2248.9816666666666,5045.155,10,7922.548999999999,330.1062083333333,455.723,7,0.09157240617382477,0.013441025437439264,0.10501343161126403
2020-09-25,589430.3999999999,24559.599999999995,24559.6,0,39995.252,1666.4688333333334,3478.755,20,7330.4,305.43333333333334,460.08,21,0.06785407064175857,0.012436413188054095,0.08029048382981266
2020-09-26,589430.3999999999,24559.599999999995,24559.6,0,35492.066,1478.8360833333334,2691.64,20,8552.245,356.3435416666667,519.261,4,0.06021417626237127,0.014509338167831185,0.07472351443020246
2020-09-27,589430.3999999999,24559.599999999995,24559.6,0,38928.681,1622.0283749999999,3218.652,20,7955.251,331.4687916666667,358.513,7,0.06604457625531361,0.013496506118449271,0.07954108237376288
2020-09-28,589430.3999999999,24559.599999999995,24559.6,0,46598.112,1941.588,4085.264,20,9415.342,392.3059166666667,464.029,16,0.07905617355331522,0.015973628099263292,0.09502980165257852
2020-09-29,589430.3999999999,24559.599999999995,24559.6,0,57235.611000000004,2384.817125,4234.277,21,9751.17,406.29875,468.518,16,0.09710325595693743,0.016543378149481265,0.1136466341064187
2020-09-30,589430.3999999999,24559.599999999995,24559.6,0,58032.41600000001,2418.0173333333337,3862.148,8,9741.109,405.8795416666667,470.278,15,0.0984550779871551,0.01652630912827028,0.11498138711542538
2020-10-01,589430.3999999999,24559.599999999995,24559.6,0,43577.619,1815.734125,3524.727,8,7216.280000000001,300.67833333333334,466.815,11,0.07393174664896823,0.012242802542929584,0.08617454919189782
2020-10-02,589430.3999999999,24559.599999999995,24559.6,0,42681.13,1778.3804166666666,2655.995,9,4905.389,204.39120833333334,282.472,13,0.07241080541485476,0.008322253144730915,0.08073305855958567
2020-10-03,589430.3999999999,24559.599999999995,24559.6,0,41727.834,1738.65975,2889.872,20,4172.536,173.85566666666668,187.8,8,0.07079348808612519,0.007078929081363976,0.07787241716748916
2020-10-04,589430.3999999999,24559.599999999995,24559.6,0,42124.189,1755.1745416666665,3183.44,20,4218.164,175.75683333333333,307.105,23,0.07146592540866573,0.007156339408350842,0.07862226481701656
2020-10-05,589430.3999999999,24559.599999999995,24559.6,0,46830.644,1951.2768333333333,3318.161,20,7025.343,292.722625,374.812,8,0.07945067644967074,0.01191886777471946,0.0913695442243902
2020-10-06,589430.3999999999,24559.599999999995,24559.6,0,53988.625,2249.5260416666665,4495.759,21,5652.26,235.51083333333335,379.964,23,0.09159457164068906,0.009589359490111133,0.1011839311308002
2020-10-07,589430.3999999999,24559.599999999995,24559.6,0,60050.087,2502.0869583333333,4075.419,20,9916.608,413.192,466.699,18,0.10187816407161898,0.01682405250899852,0.1187022165806175
2020-10-08,589430.3999999999,24559.599999999995,24559.6,0,66321.02100000001,2763.375875,4132.292,19,10140.061,422.5025416666667,463.68,18,0.1125171368833369,0.017203152399333326,0.1297202892826702
2020-10-09,589430.3999999999,24559.599999999995,24559.6,0,67375.588,2807.316166666667,4375.44,9,9543.185,397.6327083333333,469.094,14,0.11430626584580642,0.016190520543222748,0.13049678638902917
2020-10-10,589430.3999999999,24559.599999999995,24559.6,0,40379.433,1682.476375,2719.957,20,4329.06,180.37750000000003,232.13,15,0.0685058541262887,0.007344480366129743,0.07585033449241844
2020-10-11,589430.3999999999,24559.599999999995,24559.6,0,35672.613,1486.358875,3222.296,20,4688.581,195.35754166666666,277.843,13,0.06052048384338508,0.007954426850057277,0.06847491069344236
2020-10-12,589430.3999999999,24559.599999999995,24559.6,0,41886.081,1745.253375,4269.296,20,7174.305,298.929375,477.114,15,0.07106196253196306,0.012171589724588351,0.08323355225655141
2020-10-13,589430.3999999999,24559.599999999995,24559.6,0,65623.891,2734.328791666667,4927.125,7,10397.52,433.23,474.73,23,0.11133441878803675,0.017639945275981696,0.12897436406401844
2020-10-14,589430.3999999999,24559.599999999995,24559.6,0,65560.543,2731.689291666667,4765.431,8,10147.157,422.7982083333333,465.027,12,0.11122694553928676,0.017215191140463743,0.12844213667975052
2020-10-15,589430.3999999999,24559.599999999995,24559.6,0,74446.173,3101.923875,5416.735,8,10119.269,421.63620833333334,465.232,9,0.12630188907799803,0.017167877666302928,0.14346976674430095
2020-10-16,589430.3999999999,24559.599999999995,24559.6,0,80603.951,3358.4979583333334,5822.207,20,10006.576000000001,416.9406666666667,464.76,10,0.13674888672182503,0.016976688002519048,0.1537255747243441
2020-10-17,589430.3999999999,24559.599999999995,24559.6,0,85215.902,3550.6625833333333,5517.763,21,8874.499,369.77079166666664,418.095,12,0.14457330670423515,0.015056059205633101,0.15962936590986826
2020-10-18,589430.3999999999,24559.599999999995,24559.6,0,75410.262,3142.09425,4649.561,19,8752.611,364.69212500000003,419.407,13,0.12793751730484212,0.01484926973566345,0.14278678704050557
2020-10-19,589430.3999999999,24559.599999999995,24559.6,0,42710.587,1779.6077916666666,4036.331,8,6701.858,279.2440833333333,351.668,2,0.07246078078090307,0.011370058279993704,0.08383083906089678
2020-10-20,589430.3999999999,24559.599999999995,24559.6,0,58023.247,2417.635291666667,4092.587,9,6150.501,256.270875,417.799,21,0.09843952229135113,0.010434651826576982,0.1088741741179281
2020-10-21,589430.3999999999,24559.599999999995,24559.6,0,57114.444,2379.7685,4536.655,19,9662.747,402.6144583333333,445.008,22,0.0968976897017867,0.016393363830572702,0.1132910535323594
2020-10-22,589430.3999999999,24559.599999999995,24559.6,0,85544.727,3564.363625,5370.18,20,9802.602,408.44175,458.798,17,0.14513117579276538,0.016630635270932757,0.16176181106369814
2020-10-23,589430.3999999999,24559.599999999995,24559.6,0,75204.64,3133.5266666666666,5162.58,8,7953.178,331.38241666666664,457.681,14,0.12758866865366972,0.013492989163775742,0.14108165781744547
2020-10-24,589430.3999999999,24559.599999999995,24559.6,0,52012.80200000001,2167.2000833333336,3330.118,19,4073.097,169.712375,192.865,20,0.08824248291231673,0.006910225532989138,0.09515270844530588
2020-10-25,589430.3999999999,24559.6,24559.6,0,47251.728,1968.8220000000001,3399.298,19,4238.08032,176.58668,190.589,13,0.08016506783498105,0.00719012850372156,0.0873551963387026
2020-10-26,589430.3999999999,24559.599999999995,24559.6,0,68534.958,2855.62325,5383.694,19,5088.1050000000005,212.004375,268.119,18,0.11627319866773077,0.008632240549520352,0.12490543921725111
2020-10-27,589430.3999999999,24559.599999999995,24559.6,0,69063.54,2877.6474999999996,4560.536,18,5473.65,228.06875,342.722,23,0.11716996612322678,0.009286338132542876,0.12645630425576965
2020-10-28,589430.3999999999,24559.599999999995,24559.6,0,85638.201,3568.258375,6129.523,20,9841.762,410.0734166666667,452.992,10,0.14528975940161895,0.016697072292165455,0.16198683169378442
2020-10-29,589430.3999999999,24559.599999999995,24559.6,0,88894.87299999999,3703.953041666666,5635.929,19,10008.767,417.0319583333333,454.068,19,0.15081487653164818,0.01698040515046391,0.1677952816821121
2020-10-30,589430.3999999999,24559.599999999995,24559.6,0,82940.982,3455.8742500000003,5923.015,18,10044.471,418.51962499999996,468.64,11,0.14071378401928372,0.017040978884020914,0.15775476290330465
2020-10-31,589430.3999999999,24559.599999999995,24559.6,0,61130.948000000004,2547.1228333333333,4687.607,19,8453.715,352.238125,362.715,15,0.10371190220253318,0.01434217678626688,0.11805407898880006
2020-11-01,589430.3999999999,24559.599999999995,24559.6,0,55348.543,2306.1892916666666,4569.304,20,11332.414999999999,472.1839583333333,781.344,20,0.09390174480311841,0.01922604433025511,0.11312778913337353
2020-11-02,589430.3999999999,24559.599999999995,24559.6,0,78435.632,3268.1513333333332,5647.715,19,9989.15,416.21458333333334,602.471,23,0.13307021829888654,0.01694712386738112,0.15001734216626766
2020-11-03,589430.3999999999,24559.599999999995,24559.6,0,72810.726,3033.78025,4917.004,19,11685.427,486.89279166666665,654.291,13,0.12352726632355578,0.019824947949749455,0.14335221427330525
2020-11-04,589430.3999999999,24559.599999999995,24559.6,0,77718.54,3238.2724999999996,5292.083,9,11090.142,462.08925,575.068,11,0.13185363360966793,0.0188150153096956,0.15066864891936352
2020-11-05,589430.3999999999,24559.599999999995,24559.6,0,70661.006,2944.208583333333,5022.326,18,6235.661,259.81920833333334,343.898,14,0.11988015209259652,0.010579130292567199,0.13045928238516372
2020-11-06,589430.3999999999,24559.599999999995,24559.6,0,68148.006,2839.5002499999996,4388.286,19,10960.530999999999,456.68879166666665,565.067,14,0.11561671403443054,0.01859512335977242,0.13421183739420295
2020-11-07,589430.3999999999,24559.599999999995,24559.6,0,70815.007,2950.6252916666667,4719.232,18,7776.867,324.036125,469.959,0,0.12014142297377266,0.013193868181892216,0.13333529115566486
2020-11-08,589430.3999999999,24559.599999999995,24559.6,0,73973.263,3082.219291666667,5236.461,19,5804.135,241.83895833333335,273.219,13,0.12549957212929638,0.009847023499296951,0.13534659562859333
2020-11-09,589430.3999999999,24559.599999999995,24559.6,0,107832.84599999999,4493.03525,6888.096,19,9713.6,404.73333333333335,605.047,11,0.1829441542207528,0.016479638647752138,0.19942379286850495
2020-11-10,589430.3999999999,24559.599999999995,24559.6,0,118932.71599999999,4955.529833333333,7020.73,19,11773.955,490.58145833333333,608.843,11,0.20177567359946144,0.01997514040673844,0.2217508140061999
2020-11-11,589430.3999999999,24559.599999999995,24559.6,0,93196.124,3883.1718333333333,6158.982,20,8041.207999999999,335.0503333333333,479.953,12,0.15811217745131573,0.013642336737297566,0.1717545141886133
2020-11-12,589430.3999999999,24559.599999999995,24559.6,0,97431.813,4059.6588749999996,6274.967,18,11140.676,464.1948333333333,621.593,12,0.16529824895356604,0.01890074892642117,0.18419899787998723
2020-11-13,589430.3999999999,24559.599999999995,24559.6,0,96310.623,4012.942625,6136.297,20,11537.011,480.7087916666667,616.84,12,0.16339609053079043,0.019573152317898777,0.1829692428486892
2020-11-14,589430.3999999999,24559.599999999995,24559.6,0,70907.193,2954.466375,5024.418,20,5695.914,237.32975,291.164,0,0.12029782142217302,0.009663420821186014,0.12996124224335903
2020-11-15,589430.3999999999,24559.599999999995,24559.6,0,48805.579,2033.5657916666667,4413.238,20,8234.637,343.10987500000005,473.689,17,0.08280125863884863,0.013970499315949774,0.0967717579547984
2020-11-16,589430.3999999999,24559.599999999995,24559.6,0,88100.212,3670.842166666667,5715.14,18,10760.762,448.36508333333336,519.007,17,0.1494666919113775,0.018256204634168854,0.16772289654554637
2020-11-17,589430.3999999999,24559.599999999995,24559.6,0,93107.494,3879.478916666667,5685.27,19,12934.532,538.9388333333333,659.687,9,0.15796181194590578,0.021944120968311102,0.1799059329142169
2020-11-18,589430.3999999999,24559.599999999995,24559.6,0,78667.508,3277.8128333333334,6020.702,20,10483.101,436.795875,512.223,16,0.1334636082563777,0.017785137990846762,0.15124874624722448
2020-11-19,589430.3999999999,24559.599999999995,24559.6,0,71617.203,2984.0501249999998,5517.329,19,13098.607,545.7752916666667,668.548,14,0.12150239112200525,0.022222482925889134,0.14372487404789439
2020-11-20,589430.3999999999,24559.599999999995,24559.6,0,63929.06599999999,2663.711083333333,4904.824,20,10645.091,443.54545833333333,490.417,16,0.1084590581008377,0.018059962635113495,0.1265190207359512
2020-11-21,589430.3999999999,24559.599999999995,24559.6,0,62245.39,2593.5579166666666,6251.859,19,10478.342,436.5975833333334,457.102,4,0.10560261228467349,0.01777706409442065,0.12337967637909414
2020-11-22,589430.3999999999,24559.599999999995,24559.6,0,55057.46800000001,2294.061166666667,5536.792,20,10167.523,423.6467916666666,442.441,17,0.09340792059588378,0.01724974314185356,0.11065766373773733
2020-11-23,589430.3999999999,24559.599999999995,24559.6,0,94265.66,3927.7358333333336,6163.537,18,14999.461,624.9775416666666,856.004,13,0.15992670211784127,0.02544738276139134,0.1853740848792326
2020-11-24,589430.3999999999,24559.599999999995,24559.6,0,97032.046,4043.0019166666666,6242.248,17,16962.962,706.7900833333333,792.055,14,0.16462002299168826,0.02877856656188755,0.1933985895535758
2020-11-25,589430.3999999999,24559.599999999995,24559.6,0,92146.977,3839.457375,6445.265,18,17075.086,711.4619166666666,859.956,13,0.15633224380690242,0.028968790886930842,0.18530103469383324
2020-11-26,589430.3999999999,24559.599999999995,24559.6,0,90158.853,3756.618875,5414.077,20,16853.078,702.2115833333334,850.37,12,0.15295928577827003,0.028592142515893315,0.18155142829416335
2020-11-27,589430.3999999999,24559.599999999995,24559.6,0,103729.538,4322.064083333334,6202.279,19,15253.689,635.570375,854.191,13,0.1759826741206426,0.02587869407482207,0.20186136819546469
2020-11-28,589430.3999999999,24559.599999999995,24559.6,0,86579.33,3607.4720833333336,5827.841,18,11354.395,473.0997916666667,555.371,5,0.14688643476821014,0.019263334568424027,0.16614976933663417
2020-11-29,589430.3999999999,24559.599999999995,24559.6,0,81995.436,3416.4765,6108.023,18,10570.253,440.42720833333334,472.367,16,0.13910961497744265,0.017932995990705608,0.15704261096814826
2020-11-30,589430.3999999999,24559.599999999995,24559.6,0,103068.533,4294.522208333333,6070.168,8,13530.66,563.7775,675.044,14,0.1748612440077743,0.0229554838026678,0.1978167278104421
2020-12-01,589430.3999999999,24559.599999999995,24559.6,0,82586.169,3441.0903749999998,4969.681,8,13349.311999999998,556.2213333333333,668.35,14,0.1401118249075718,0.022647817282583322,0.16275964219015512
2020-12-02,589430.3999999999,24559.599999999995,24559.6,0,78218.432,3259.1013333333335,5695.762,20,13048.336,543.6806666666666,665.231,12,0.13270172695537932,0.022137195502641198,0.15483892245802053
2020-12-03,589430.3999999999,24559.599999999995,24559.6,0,90490.393,3770.4330416666667,6152.379,9,10215.101,425.62920833333334,545.259,9,0.15352176100859408,0.01733046174747689,0.17085222275607098
2020-12-04,589430.3999999999,24559.599999999995,24559.6,0,85901.409,3579.225375,6594.844,20,8800.885,366.7035416666667,481.342,16,0.14573630576230887,0.014931169142277021,0.16066747490458588
2020-12-05,589430.3999999999,24559.599999999995,24559.6,0,69347.647,2889.4852916666664,5188.709,20,5827.537,242.81404166666667,292.184,1,0.1176519687481338,0.009886726236040764,0.12753869498417456
2020-12-06,589430.3999999999,24559.599999999995,24559.6,0,52966.395000000004,2206.933125,4454.153,20,8902.97,370.9570833333333,442.213,17,0.08986030411733092,0.015104361770278562,0.10496466588760948
2020-12-07,589430.3999999999,24559.599999999995,24559.6,0,48583.562,2024.3150833333332,3667.59,19,6072.374,253.01558333333332,325.289,0,0.08242459499883278,0.010302105218868929,0.09272670021770171
2020-12-08,589430.3999999999,24559.599999999995,24559.6,0,70025.051,2917.7104583333335,6228.961,20,9771.557999999999,407.14824999999996,498.887,20,0.11880122063605816,0.01657796747504031,0.13537918811109848
2020-12-09,589430.3999999999,24559.599999999995,24559.6,0,109330.003,4555.4167916666665,6133.51,18,8086.605,336.941875,495.223,0,0.1854841606405099,0.013719355160507502,0.19920351580101742
2020-12-10,589430.3999999999,24559.599999999995,24559.6,0,105882.872,4411.7863333333335,6299.051,10,6177.397000000001,257.3915416666667,330.077,12,0.17963591969467477,0.010480282320016073,0.19011620201469084
2020-12-11,589430.3999999999,24559.599999999995,24559.6,0,99111.473,4129.644708333333,5797.067,19,5923.121,246.79670833333333,273.482,16,0.1681478814122923,0.010048889572034292,0.1781967709843266
2020-12-12,589430.3999999999,24559.599999999995,24559.6,0,96470.486,4019.6035833333335,6133.247,20,5904.082,246.00341666666668,276.88,6,0.1636673066065137,0.010016588896670415,0.17368389550318414
2020-12-13,589430.3999999999,24559.599999999995,24559.6,0,107092.592,4462.191333333333,6376.854,19,-95.36199999999998,-3.9734166666666657,236.368,0,0.18168827396754567,0.0,0.18168827396754567
2020-12-14,589430.3999999999,24559.599999999995,24559.6,0,121686.713,5070.2797083333335,7050.6,10,4350.546,181.27275,267.821,23,0.20644797587637154,0.0073809325070440905,0.21382890838341562
2020-12-15,589430.3999999999,24559.599999999995,24559.6,0,125786.775,5241.115624999999,7045.355,18,5721.569,238.39870833333336,257.008,17,0.21340394896496687,0.009706945892169798,0.22311089485713667
2020-12-16,589430.3999999999,24559.599999999995,24559.6,0,141327.973,5888.665541666666,8365.028,19,9819.788,409.1578333333334,499.808,18,0.23977041733850174,0.016659792233315422,0.25643020957181717
2020-12-17,589430.3999999999,24559.599999999995,24559.6,0,161640.864,6735.036,8688.191,19,11628.779,484.53245833333335,539.84,12,0.2742323164872392,0.019728841607083724,0.29396115809432294
2020-12-18,589430.3999999999,24559.599999999995,24559.6,0,141146.025,5881.084374999999,8081.01,19,5884.179,245.174125,334.217,0,0.23946173288652914,0.009982822399387614,0.24944455528591675
2020-12-19,589430.3999999999,24559.599999999995,24559.6,0,122691.754,5112.156416666667,7336.865,20,5883.683,245.15345833333333,286.759,13,0.20815308134768756,0.00998198090902675,0.2181350622567143
2020-12-20,589430.3999999999,24559.599999999995,24559.6,0,123824.718,5159.363249999999,6905.368,12,5682.174,236.75725,271.251,0,0.2100752149872148,0.009640110180947573,0.21971532516816236
2020-12-21,589430.3999999999,24559.599999999995,24559.6,0,131551.348,5481.306166666666,7553.864,20,5974.756,248.94816666666668,322.01,12,0.2231838534286661,0.010136491093774602,0.2333203445224407
2020-12-22,589430.3999999999,24559.599999999995,24559.6,0,119474.196,4978.0914999999995,7095.61,19,6404.776,266.86566666666664,383.758,12,0.20269432319744624,0.010866042878005615,0.21356036607545184
2020-12-23,589430.3999999999,24559.599999999995,24559.6,0,122071.757,5086.323208333333,7481.214,19,7193.543,299.7309583333333,437.489,12,0.20710122348626744,0.01220422801402846,0.2193054515002959
2020-12-24,589430.3999999999,24559.599999999995,24559.6,0,96448.392,4018.6830000000004,5434.912,18,6784.255000000001,282.6772916666667,387.071,13,0.16362982296128606,0.011509849169639031,0.1751396721309251
2020-12-25,589430.3999999999,24559.599999999995,24559.6,0,71789.6,2991.2333333333336,4696.183,21,6554.901,273.120875,380.687,4,0.12179487179487182,0.011120737919184352,0.13291560971405617
2020-12-26,589430.3999999999,24559.599999999995,24559.6,0,84068.898,3502.87075,6258.061,20,6259.4400000000005,260.81,326.132,14,0.1426273534585254,0.010619472629847394,0.15324682608837278
2020-12-27,589430.3999999999,24559.599999999995,24559.6,0,76949.976,3206.249,4551.416,20,6022.434,250.93475,272.167,9,0.13054972393687195,0.010217379354712619,0.14076710329158457
2020-12-28,589430.3999999999,24559.599999999995,24559.6,0,82633.201,3443.050041666667,5097.1,21,6021.295,250.88729166666667,306.276,4,0.14019161719517692,0.010215446980678297,0.15040706417585523
2020-12-29,589430.3999999999,24559.599999999995,24559.6,0,109962.589,4581.774541666667,7730.144,20,8020.396999999999,334.1832083333333,482.763,12,0.1865573764094964,0.013607029769757379,0.2001644061792538
2020-12-30,589430.3999999999,24559.599999999995,24559.6,0,135206.416,5633.600666666666,7694.464,18,6046.789,251.94954166666665,286.683,18,0.2293848705462087,0.01025869890660543,0.23964356945281415
2020-12-31,589430.3999999999,24559.599999999995,24559.6,0,127716.63399999999,5321.526416666667,7908.156,18,5752.753,239.69804166666665,263.27,6,0.216678057324495,0.009759851205502806,0.2264379085299978
2021-01-01,589430.3999999999,24559.599999999995,24559.6,0,111067.67300000001,4627.819708333333,7496.76,20,5680.569,236.69037500000002,254.341,6,0.188432210147288,0.009637387213146796,0.1980695973604348
2021-01-02,589430.3999999999,24559.599999999995,24559.6,0,112201.423,4675.0592916666665,7988.392,19,5630.634,234.60975,235.023,0,0.1903556772775887,0.00955266983175622,0.1999083471093449
2021-01-03,589430.3999999999,24559.599999999995,24559.6,0,116960.071,4873.3362916666665,7775.309,19,5613.741,233.905875,235.263,17,0.19842897651698999,0.009524009959445596,0.2079529864764356
2021-01-04,589430.3999999999,24559.599999999995,24559.6,0,165956.567,6914.856958333334,8331.895,19,8450.75,352.1145833333333,579.398,18,0.28155413599298584,0.014337146506186314,0.2958912824991722
2021-01-05,589430.3999999999,24559.599999999995,24559.6,0,176175.94700000001,7340.664458333334,8596.672,20,16315.287,679.803625,1058.965,22,0.29889185729137835,0.027679751502467473,0.32657160879384584
2021-01-06,589430.3999999999,24559.599999999995,24559.6,0,162042.963,6751.7901249999995,7780.112,9,27360.936999999998,1140.0390416666667,1294.583,21,0.27491449881105556,0.04641928376955108,0.32133378258060663
2021-01-07,589430.3999999999,24559.599999999995,24559.6,0,153093.048,6378.877,7635.677,11,39110.185,1629.5910416666666,1822.339,20,0.2597304923532957,0.066352507437689,0.3260829997909847
2021-01-08,589430.3999999999,24559.599999999995,24559.6,0,147766.264,6156.9276666666665,7839.26,13,43960.559,1831.6899583333334,2043.242,21,0.2506933201952258,0.07458142471104308,0.32527474490626884
2021-01-09,589430.3999999999,24559.599999999995,24559.6,0,119223.47899999999,4967.644958333333,6776.762,21,37039.874,1543.3280833333336,1857.118,14,0.2022689684821143,0.06284011479557215,0.26510908327768645
2021-01-10,589430.3999999999,24559.599999999995,24559.6,0,117864.97900000002,4911.040791666667,7087.047,19,30690.702,1278.77925,1515.465,0,0.1999642010320473,0.05206840705874689,0.2520326080907942
2021-01-11,589430.3999999999,24559.599999999995,24559.6,0,128883.152,5370.131333333334,7199.156,19,36686.975,1528.6239583333333,1759.615,20,0.21865711710831343,0.06224140288658339,0.2808985199948968
2021-01-12,589430.3999999999,24559.599999999995,24559.6,0,143399.567,5974.981958333334,7549.042,21,34043.378,1418.4740833333333,1549.958,22,0.2432849866583061,0.05775640007709138,0.3010413867353975
2021-01-13,589430.3999999999,24559.599999999995,24559.6,0,146379.95,6099.164583333334,8247.382,20,36291.74,1512.1558333333332,1566.873,1,0.24834136481593083,0.06157086570356738,0.30991223051949823
2021-01-14,589430.3999999999,24559.599999999995,24559.6,0,144546.503,6022.7709583333335,7455.596,19,34984.247,1457.6769583333335,1536.157,16,0.24523082453840186,0.0593526343398644,0.30458345887826627
2021-01-15,589430.3999999999,24559.599999999995,24559.6,0,144122.317,6005.096541666667,7849.0,19,35215.683,1467.320125,1547.063,13,0.24451117044522988,0.05974527781397092,0.3042564482592008
2021-01-16,589430.3999999999,24559.599999999995,24559.6,0,137722.669,5738.444541666667,7834.566,21,25283.25,1053.46875,1201.168,0,0.23365382749176156,0.042894377351422666,0.2765482048431842
2021-01-17,589430.3999999999,24559.599999999995,24559.6,0,120313.46100000001,5013.060875,7628.283,20,22116.716,921.5298333333334,1131.623,21,0.20411818087428138,0.0375221841289489,0.24164036500323027
2021-01-18,589430.3999999999,24559.599999999995,24559.6,0,152872.314,6369.67975,8715.583,19,31570.680999999997,1315.4450416666666,1471.995,20,0.25935600539096737,0.053561338200405005,0.31291734359137235
2021-01-19,589430.3999999999,24559.599999999995,24559.6,0,137521.9,5730.079166666666,7096.686,19,24787.487,1032.8119583333335,1169.266,16,0.2333132122130111,0.04205328907365485,0.27536650128666595
2021-01-20,589430.3999999999,24559.599999999995,24559.6,0,114338.17499999999,4764.090625,6938.462,10,14119.672999999999,588.3197083333333,740.782,10,0.1939807906073389,0.023954775661384282,0.21793556626872318
2021-01-21,589430.3999999999,24559.599999999995,24559.6,0,103743.698,4322.654083333334,6918.665,9,9543.183,397.632625,525.294,19,0.17600669731320276,0.016190517150116455,0.19219721446331922
2021-01-22,589430.3999999999,24559.599999999995,24559.6,0,104609.554,4358.7314166666665,6325.289,9,5945.884,247.74516666666668,307.309,8,0.17747566803476716,0.010087508211317233,0.1875631762460844
2021-01-23,589430.3999999999,24559.599999999995,24559.6,0,77443.146,3226.7977499999997,4363.498,21,-623.467,-25.977791666666665,5.072,0,0.13138641305232984,0.0,0.13138641305232984
2021-01-24,589430.3999999999,24559.599999999995,24559.6,0,79882.069,3328.4195416666666,5753.571,20,-559.137,-23.297375,-20.756,10,0.13552417554303275,0.0,0.13552417554303275
2021-01-25,589430.3999999999,24559.599999999995,24559.6,0,131366.817,5473.617375000001,7464.352,10,5319.55,221.64791666666667,291.497,16,0.22287078677991504,0.009024899292605202,0.23189568607252023
2021-01-26,589430.3999999999,24559.599999999995,24559.6,0,149225.275,6217.719791666666,7611.863,19,6399.9169999999995,266.66320833333333,286.943,19,0.25316860989864115,0.010857799326264815,0.26402640922490594
2021-01-27,589430.3999999999,24559.599999999995,24559.6,0,139085.276,5795.219833333334,7212.634,18,6598.530999999999,274.93879166666665,302.638,7,0.23596556268560298,0.011194758532983708,0.2471603212185867
2021-01-28,589430.3999999999,24559.599999999995,24559.6,0,141212.195,5883.841458333333,7844.626,19,6046.285,251.92854166666666,268.38,7,0.2395739938082597,0.01025784384381939,0.2498318376520791
2021-01-29,589430.3999999999,24559.599999999995,24559.6,0,136290.822,5678.78425,7383.384,19,5897.356,245.72316666666666,251.214,18,0.23122462295802865,0.010005177880204347,0.241229800838233
2021-01-30,589430.3999999999,24559.599999999995,24559.6,0,121007.533,5041.980541666667,6441.33,19,-445.028,-18.542833333333334,15.775,0,0.20529571091005827,0.0,0.20529571091005827
2021-01-31,589430.3999999999,24559.599999999995,24559.6,0,120730.35500000001,5030.4314583333335,6152.17,19,-467.471,-19.477958333333333,-17.732,13,0.20482546370190616,0.0,0.20482546370190616
2021-02-01,589430.3999999999,24559.599999999995,24559.6,0,130473.486,5436.3952500000005,7186.842,20,3257.986,135.74941666666666,240.296,23,0.22135520326063945,0.005527346400864293,0.22688254966150376
2021-02-02,589430.3999999999,24559.599999999995,24559.6,0,138147.341,5756.139208333333,7064.549,19,6159.936,256.664,277.195,12,0.23437430610976293,0.010450658805518006,0.24482496491528094
2021-02-03,589430.3999999999,24559.599999999995,24559.6,0,142087.563,5920.315125,8131.301,19,6009.1,250.3791666666667,271.303,14,0.2410591021433574,0.010194757515051821,0.25125385965840924
2021-02-04,589430.3999999999,24559.599999999995,24559.6,0,163558.378,6814.9324166666665,9534.4,19,6101.701,254.23754166666666,284.114,22,0.2774854808981688,0.01035186003300814,0.28783734093117697
2021-02-05,589430.3999999999,24559.599999999995,24559.6,0,166995.889,6958.1620416666665,8357.369,13,6408.886999999999,267.0369583333333,310.34,14,0.2833174010027308,0.010873017407992529,0.2941904184107233
2021-02-06,589430.3999999999,24559.599999999995,24559.6,0,156150.585,6506.274375,7418.853,11,6117.021,254.87587499999998,312.704,10,0.26491776637241654,0.010377851227218685,0.2752956175996352
2021-02-07,589430.3999999999,24559.599999999995,24559.6,0,135179.39800000002,5632.474916666667,6980.439,19,-529.839,-22.076625000000003,-19.251,15,0.22933903307328574,0.0,0.22933903307328574
2021-02-08,589430.3999999999,24559.599999999995,24559.6,0,145348.567,6056.190291666667,7176.564,20,4090.415,170.43395833333332,249.202,21,0.24659156874161908,0.0069396064403871955,0.2535311751820063
2021-02-09,589430.3999999999,24559.599999999995,24559.6,0,150443.658,6268.48575,7375.01,20,5983.38,249.3075,255.053,3,0.2552356614114237,0.010151122168113489,0.26538678357953716
2021-02-10,589430.3999999999,24559.599999999995,24559.6,0,166544.845,6939.368541666667,9034.401,19,8687.881,361.9950416666666,493.563,13,0.28255218088513934,0.01473945185046445,0.2972916327356038
2021-02-11,589430.3999999999,24559.599999999995,24559.6,0,176614.159,7358.923291666667,9122.545,19,6523.689,271.820375,362.176,20,0.2996353072389888,0.011067785102363233,0.310703092341352
2021-02-12,589430.3999999999,24559.599999999995,24559.6,0,168359.671,7014.986291666667,7983.553,20,5515.6810000000005,229.8200416666667,271.447,19,0.2856311296465198,0.009357645957860337,0.29498877560438014
2021-02-13,589430.3999999999,24559.599999999995,24559.6,0,167389.137,6974.547374999999,8319.865,20,2486.54,103.60583333333334,191.673,18,0.28398456713464393,0.004218547261898946,0.2882031143965429
2021-02-14,589430.3999999999,24559.599999999995,24559.6,0,156459.525,6519.146874999999,7402.625,1,4170.8009999999995,173.78337499999998,186.337,17,0.26544189950162056,0.007075985561654099,0.2725178850632747
2021-02-15,589430.3999999999,24559.599999999995,24559.6,0,150914.936,6288.122333333333,7978.29,19,7155.383,298.14095833333334,589.549,9,0.25603520958538956,0.01213948754594266,0.26817469713133224
2021-02-16,589430.3999999999,24559.599999999995,24559.6,0,162516.355,6771.514791666667,9135.5,20,4289.234,178.71808333333334,192.605,4,0.2757176334983741,0.007276913440501204,0.28299454693887527
2021-02-17,589430.3999999999,24559.599999999995,24559.6,0,177047.496,7376.979,8787.973,20,12418.516,517.4381666666667,703.388,8,0.300370486490008,0.021068672399659063,0.32143915888966706
2021-02-18,589430.3999999999,24559.599999999995,24559.6,0,175426.015,7309.417291666668,9236.678,19,13177.235,549.0514583333334,648.151,12,0.2976195577968154,0.022355879506723783,0.3199754373035392
2021-02-19,589430.3999999999,24559.599999999995,24559.6,0,169920.845,7080.035208333334,8496.324,9,11315.348,471.4728333333333,597.602,12,0.28827974430908215,0.019197089257696927,0.3074768335667791
2021-02-20,589430.3999999999,24559.599999999995,24559.6,0,154289.552,6428.731333333333,7499.321,21,6313.095000000001,263.04562500000003,287.702,17,0.26176042497977714,0.01071050118894445,0.2724709261687216
2021-02-21,589430.3999999999,24559.599999999995,24559.6,0,156461.842,6519.243416666667,8189.247,21,6070.372,252.9321666666667,276.705,19,0.265445830415262,0.010298708719468832,0.2757445391347308
2021-02-22,589430.3999999999,24559.599999999995,24559.6,0,180802.466,7533.436083333333,9575.407,18,6306.003999999999,262.75016666666664,308.992,11,0.30674099266003246,0.010698470930579759,0.3174394635906122
2021-02-23,589430.3999999999,24559.599999999995,24559.6,0,176174.349,7340.5978749999995,8807.354,7,6740.977999999999,280.8740833333333,318.783,19,0.2988891461994495,0.01143642743910053,0.31032557363855
2021-02-24,589430.3999999999,24559.599999999995,24559.6,0,175451.317,7310.471541666667,9294.911,20,6515.59,271.48291666666665,340.279,13,0.2976624839845384,0.01105404471842647,0.30871652870296484
2021-02-25,589430.3999999999,24559.599999999995,24559.6,0,191701.229,7987.551208333333,9496.51,18,6613.874,275.5780833333333,365.787,12,0.325231323325027,0.011220788747916634,0.3364521120729437
2021-02-26,589430.3999999999,24559.599999999995,24559.6,0,189896.606,7912.358583333334,9366.535,18,6662.829,277.61787499999997,341.978,13,0.32216968449540445,0.011303843507223245,0.3334735280026277
2021-02-27,589430.3999999999,24559.599999999995,24559.6,0,157453.287,6560.5536250000005,7487.089,20,6262.418,260.9340833333333,284.755,7,0.26712786954999274,0.010624524965118868,0.2777523945151116
2021-02-28,589430.3999999999,24559.599999999995,24559.6,0,135535.465,5647.311041666667,7033.227,20,6048.823,252.0342916666667,272.814,15,0.22994311966264383,0.01026214969570623,0.24020526935835007
2021-03-01,589430.3999999999,24559.599999999995,24559.6,0,157139.804,6547.4918333333335,9250.233,20,6879.309,286.637875,435.3,12,0.2665960289798423,0.0116711133324647,0.278267142312307
2021-03-02,589430.3999999999,24559.599999999995,24559.6,0,178569.302,7440.387583333333,9740.13,19,6888.125,287.0052083333333,437.12,13,0.30295231124828315,0.011686070145007792,0.3146383813932909
2021-03-03,589430.3999999999,24559.599999999995,24559.6,0,181305.912,7554.4130000000005,9509.919,19,6920.636,288.35983333333337,434.163,13,0.307595115555628,0.01174122678436674,0.31933634233999475
2021-03-04,589430.3999999999,24559.599999999995,24559.6,0,168298.44,7012.435,9457.378,19,7004.089,291.83704166666666,431.071,13,0.28552724800078183,0.011882809234135193,0.29741005723491704
2021-03-05,589430.3999999999,24559.599999999995,24559.6,0,157245.928,6551.913666666667,9014.01,8,7209.707,300.40445833333337,436.371,13,0.26677607398600417,0.012231651099094994,0.2790077250850992
2021-03-06,589430.3999999999,24559.599999999995,24559.6,0,139371.67799999999,5807.153249999999,7758.615,19,6478.344999999999,269.93104166666666,270.738,18,0.2364514588999821,0.010990856596470084,0.24744231549645218
2021-03-07,589430.3999999999,24559.599999999995,24559.6,0,132548.649,5522.860375,7669.439,19,6260.319,260.846625,269.794,8,0.2248758275786251,0.010620963900063521,0.23549679147868863
2021-03-08,589430.3999999999,24559.599999999995,24559.6,0,163662.836,6819.284833333334,9364.995,20,6487.432,270.30966666666666,382.93,12,0.277662699446788,0.011006273174915988,0.288668972621704
2021-03-09,589430.3999999999,24559.599999999995,24559.6,0,159573.04499999998,6648.876874999999,9339.026,21,6770.243,282.09345833333333,357.633,11,0.27072415165556446,0.011486077066944633,0.2822102287225091
2021-03-10,589430.3999999999,24559.599999999995,24559.6,0,145376.937,6057.372375,8835.44,20,6355.198,264.79991666666666,265.986,5,0.2466396999543967,0.010781931166088483,0.25742163112048516
2021-03-11,589430.3999999999,24559.599999999995,24559.6,0,117501.85700000002,4895.910708333334,8252.474,20,6129.624,255.40099999999998,286.383,12,0.19934814526023775,0.010399232886529098,0.20974737814676686
2021-03-12,589430.3999999999,24559.599999999995,24559.6,0,116853.29,4868.887083333333,7407.489,20,6221.185,259.2160416666667,343.501,11,0.1982478168754106,0.010554570989212638,0.20880238786462324
2021-03-13,589430.3999999999,24559.599999999995,24559.6,0,88591.10399999999,3691.296,5896.66,20,5986.225,249.4260416666667,257.47,23,0.15029951627876675,0.010155948861816427,0.16045546514058318
2021-03-14,589430.3999999999,24559.599999999995,24559.6,0,84802.531,3533.438791666667,6535.841,20,6140.854,255.86891666666668,286.908,12,0.14387200083334695,0.010418285178368814,0.15429028601171577
2021-03-15,589430.3999999999,24559.599999999995,24559.6,0,121668.485,5069.520208333333,7897.028,20,7737.326999999999,322.388625,488.272,12,0.2064170511056098,0.013126786470463689,0.2195438375760735
2021-03-16,589430.3999999999,24559.599999999995,24559.6,0,100718.56699999998,4196.606958333333,7005.067,20,7748.374,322.84891666666664,485.379,12,0.1708744017953604,0.013145528293077522,0.18401993008843792
2021-03-17,589430.3999999999,24559.599999999995,24559.6,0,86668.648,3611.1936666666666,6512.476,20,7319.502,304.97925000000004,438.032,12,0.14703796750218517,0.012417924151859154,0.15945589165404433
2021-03-18,589430.3999999999,24559.599999999995,24559.6,0,100329.111,4180.3796250000005,7062.768,20,7046.012999999999,293.583875,392.42,12,0.17021366899298038,0.011953935528265933,0.1821676045212463
2021-03-19,589430.3999999999,24559.599999999995,24559.6,0,94735.209,3947.3003750000003,5582.937,21,7623.637000000001,317.6515416666667,459.111,12,0.16072331695141617,0.012933905343192347,0.17365722229460853
2021-03-20,589430.3999999999,24559.599999999995,24559.6,0,51148.253,2131.177208333333,4206.994,21,6966.589,290.27454166666666,350.84,16,0.0867757295857153,0.011819188491126351,0.09859491807684166
2021-03-21,589430.3999999999,24559.599999999995,24559.6,0,56502.072,2354.253,5346.306,20,6754.076999999999,281.419875,386.694,12,0.0958587680581117,0.011458650588771805,0.10731741864688352
2021-03-22,589430.3999999999,24559.599999999995,24559.6,0,108146.865,4506.119375,8072.899,20,9431.331,392.972125,489.886,11,0.18347690414339,0.016000754287529114,0.1994776584309191
2021-03-23,589430.3999999999,24559.599999999995,24559.6,0,131620.095,5484.170625,8419.562,20,9471.386,394.64108333333337,488.492,15,0.22330048636785618,0.016068709723828296,0.23936919609168447
2021-03-24,589430.3999999999,24559.599999999995,24559.6,0,146119.105,6088.296041666667,8330.032,20,9872.003,411.33345833333334,498.433,17,0.24789882741032704,0.016748377755880936,0.264647205166208
2021-03-25,589430.3999999999,24559.599999999995,24559.6,0,145415.423,6058.975958333333,8247.594,20,9651.271,402.1362916666667,498.34,14,0.2467049934988084,0.01637389418665885,0.2630788876854672
2021-03-26,589430.3999999999,24559.599999999995,24559.6,0,131048.253,5460.343875,7433.637,9,9462.887,394.28695833333336,493.931,16,0.22233032602322517,0.01605429071863277,0.23838461674185793
2021-03-27,589430.3999999999,24559.599999999995,24559.6,0,96619.558,4025.8149166666667,7126.031,19,9606.787,400.2827916666667,499.433,15,0.16392021517722877,0.01629842471647204,0.1802186398937008
2021-03-28,589430.3999999999,24559.6,24559.6,0,69702.29426086957,2904.2622608695656,4893.382,21,9383.44904347826,390.97704347826084,497.58,14,0.11825364667460243,0.015919520003512308,0.13417316667811474
2021-03-29,589430.3999999999,24559.599999999995,24559.6,0,94611.271,3942.1362916666662,7146.695,20,11103.949,462.6645416666667,497.91,21,0.16051304954749535,0.018838439618994885,0.17935148916649024
2021-03-30,589430.3999999999,24559.599999999995,24559.6,0,105043.464,4376.811000000001,6883.581,20,11285.729,470.2387083333333,498.369,0,0.17821181941073963,0.01914683905003882,0.19735865846077844
2021-03-31,589430.3999999999,24559.599999999995,24559.6,0,87100.023,3629.167625,6209.602,8,10985.88,457.74499999999995,495.98,0,0.14776981811593026,0.01863812928549325,0.1664079474014235
2021-04-01,589430.3999999999,24559.599999999995,24559.6,0,75651.718,3152.1549166666664,6121.681,21,8462.778,352.61575,491.46,13,0.1283471602414806,0.014357552647437257,0.14270471288891787
2021-04-02,589430.3999999999,24559.599999999995,24559.6,0,77368.723,3223.6967916666667,5720.712,21,7642.394,318.43308333333334,436.16,16,0.13126015047747794,0.012965727590568795,0.14422587806804674
2021-04-03,589430.3999999999,24559.599999999995,24559.6,0,54294.66399999999,2262.2776666666664,3167.863,7,3720.87,155.03625,490.195,17,0.09211378306921393,0.00631265370771511,0.09842643677692904
2021-04-04,589430.3999999999,24559.599999999995,24559.6,0,53820.07400000001,2242.5030833333335,4279.056,21,8581.508,357.56283333333334,490.441,14,0.09130861591122551,0.01455898440256899,0.1058676003137945
2021-04-05,589430.3999999999,24559.599999999995,24559.6,0,69255.259,2885.635791666667,5556.01,21,9495.157,395.63154166666664,489.802,17,0.11749522759599779,0.01610903848868331,0.1336042660846811
2021-04-06,589430.3999999999,24559.599999999995,24559.6,0,84551.769,3522.990375,6073.97,21,9824.114,409.3380833333333,487.971,17,0.14344656977312337,0.01666713152222892,0.1601137012953523
2021-04-07,589430.3999999999,24559.599999999995,24559.6,0,107772.624,4490.526,7835.349,21,9758.837,406.6182083333333,497.826,21,0.18284198439714003,0.016556385622458564,0.1993983700195986
2021-04-08,589430.3999999999,24559.599999999995,24559.6,0,131769.562,5490.398416666667,7314.712,21,10169.318,423.7215833333333,491.53,12,0.22355406507706427,0.01725278845475225,0.24080685353181652
2021-04-09,589430.3999999999,24559.599999999995,24559.6,0,123905.14299999998,5162.714291666666,6793.885,20,9851.17,410.46541666666667,492.453,16,0.2102116602740544,0.016713033464171516,0.22692469373822594
2021-04-10,589430.3999999999,24559.599999999995,24559.6,0,94457.466,3935.72775,5959.421,21,8545.329,356.05537499999997,492.977,15,0.16025211119073604,0.014497604806267205,0.17474971599700326
2021-04-11,589430.3999999999,24559.599999999995,24559.6,0,70798.811,2949.9504583333332,5045.155,21,7427.4529999999995,309.4772083333333,436.788,13,0.12011394559900543,0.012601068760620424,0.13271501435962585
2021-04-12,589430.3999999999,24559.599999999995,24559.6,0,106752.188,4448.007833333333,7684.633,21,9226.589,384.44120833333335,487.167,16,0.18111076049012745,0.015653398603126003,0.19676415909325345
2021-04-13,589430.3999999999,24559.599999999995,24559.6,0,122642.47900000002,5110.103291666667,6922.963,20,10007.919,416.996625,490.636,20,0.20806948369137399,0.016978966473395335,0.22504845016476932
2021-04-14,589430.3999999999,24559.599999999995,24559.6,0,111053.973,4627.248875,7221.646,8,9903.561,412.648375,486.67,18,0.18840896736917542,0.016801917580090885,0.20521088494926631
2021-04-15,589430.3999999999,24559.599999999995,24559.6,0,102641.083,4276.711791666667,6020.028,21,9937.672,414.0696666666667,487.102,16,0.17413605236513083,0.016859788704484877,0.1909958410696157
2021-04-16,589430.3999999999,24559.599999999995,24559.6,0,89742.737,3739.280708333333,5714.769,8,9246.612,385.27549999999997,489.555,14,0.15225332286899354,0.01568736868678643,0.16794069155577998
2021-04-17,589430.3999999999,24559.599999999995,24559.6,0,65078.675,2711.6114583333333,4850.276,22,6936.914999999999,289.038125,311.963,23,0.11040943086749515,0.011768844973045164,0.1221782758405403
2021-04-18,589430.3999999999,24559.599999999995,24559.6,0,62655.505000000005,2610.646041666667,5646.71,21,9030.146,376.2560833333334,490.128,14,0.10629839417851542,0.015320122613289036,0.12161851679180445
2021-04-19,589430.3999999999,24559.599999999995,24559.6,0,104744.72999999998,4364.3637499999995,6441.595,9,9991.524,416.3135,487.826,17,0.1777050013029528,0.01695115148455187,0.19465615278750467
2021-04-20,589430.3999999999,24559.599999999995,24559.6,0,101381.119,4224.213291666667,6213.786,21,9972.262,415.5109166666667,487.258,17,0.171998456475947,0.016918472477836233,0.18891692895378323
2021-04-21,589430.3999999999,24559.599999999995,24559.6,0,111809.16,4658.715,6604.422,8,10054.04,418.91833333333335,496.67,19,0.18969018225052528,0.017057213201083627,0.20674739545160892
2021-04-22,589430.3999999999,24559.599999999995,24559.6,0,104932.962,4372.20675,6317.258,8,10348.701,431.19587499999994,495.015,15,0.1780243468949006,0.01755712124790306,0.19558146814280367
2021-04-23,589430.3999999999,24559.599999999995,24559.6,0,67807.76699999999,2825.3236249999995,4834.717,8,8843.749,368.48954166666664,483.938,15,0.11503948048828157,0.01500389019636585,0.1300433706846474
2021-04-24,589430.3999999999,24559.599999999995,24559.6,0,55403.859,2308.4941249999997,4853.128,21,8107.34,337.80583333333334,412.06,13,0.09399559133699247,0.013754533190008526,0.10775012452700099
2021-04-25,589430.3999999999,24559.599999999995,24559.6,0,64395.66500000001,2683.1527083333335,5606.769,21,7886.731,328.61379166666666,438.716,14,0.10925066810262928,0.013380258296823511,0.12263092639945279
2021-04-26,589430.3999999999,24559.599999999995,24559.6,0,104536.153,4355.673041666667,5691.461,21,8991.354,374.63975,487.945,14,0.17735113933723137,0.015254309923614392,0.19260544926084577
2021-04-27,589430.3999999999,24559.599999999995,24559.6,0,104123.694,4338.48725,6125.307,8,9890.024,412.0843333333333,487.721,15,0.1766513807228131,0.016778951340141263,0.19343033206295437
2021-04-28,589430.3999999999,24559.599999999995,24559.6,0,105708.356,4404.514833333334,6102.176,21,9475.789,394.8245416666667,488.547,12,0.17933984402568992,0.01607617964733411,0.19541602367302402
2021-04-29,589430.3999999999,24559.599999999995,24559.6,0,109464.204,4561.0085,6131.586,8,9796.274,408.1780833333333,490.257,18,0.18571183976937738,0.016619899482619153,0.20233173925199655
2021-04-30,589430.3999999999,24559.599999999995,24559.6,0,106361.09399999998,4431.71225,6553.138,9,9565.257,398.552375,486.87,14,0.18044724873369272,0.016227966864281178,0.1966752155979739
2021-05-01,589430.3999999999,24559.599999999995,24559.6,0,53134.0,2213.9166666666665,4142.36,22,7065.4400000000005,294.3933333333334,326.269,18,0.09014465490751751,0.01198689446625081,0.10213154937376832
2021-05-02,589430.3999999999,24559.599999999995,24559.6,0,48415.809,2017.3253750000001,3701.073,22,6829.9259999999995,284.58025,294.708,8,0.08213999311878045,0.011587332448411213,0.09372732556719167
2021-05-03,589430.3999999999,24559.599999999995,24559.6,0,73141.894,3047.578916666667,5449.859,21,8953.143,373.047625,487.538,14,0.12408911043610918,0.015189482931318101,0.1392785933674273
2021-05-04,589430.3999999999,24559.599999999995,24559.6,0,82987.24799999999,3457.8019999999997,5435.669,21,8718.538,363.2724166666667,487.179,14,0.1407922767471783,0.014791463080289042,0.15558373982746734
2021-05-05,589430.3999999999,24559.599999999995,24559.6,0,75270.717,3136.279875,5587.269,21,7640.817999999999,318.36741666666666,450.057,10,0.12770077179595762,0.012963053822809276,0.1406638256187669
2021-05-06,589430.3999999999,24559.599999999995,24559.6,0,71344.212,2972.6755,4915.145,21,8949.333,372.88887500000004,480.868,14,0.1210392473818792,0.015183019063828405,0.1362222664457076
2021-05-07,589430.3999999999,24559.599999999995,24559.6,0,80881.268,3370.052833333333,5677.552,21,8419.872,350.828,485.542,13,0.13721936975086457,0.014284760338116258,0.15150413008898084
2021-05-08,589430.3999999999,24559.599999999995,24559.6,0,51753.537,2156.397375,3850.736,0,7410.564,308.7735,388.821,12,0.08780262606068504,0.01257241567452239,0.10037504173520742
2021-05-09,589430.3999999999,24559.599999999995,24559.6,0,51681.547000000006,2153.3977916666668,4182.395,22,6462.572,269.27383333333336,318.455,21,0.08768049119963954,0.010964096863683992,0.09864458806332353
2021-05-10,589430.3999999999,24559.599999999995,24559.6,0,70630.96,2942.956666666667,4575.186,21,8242.816,343.4506666666667,458.656,12,0.1198291774567447,0.01398437542413829,0.133813552880883
2021-05-11,589430.3999999999,24559.599999999995,24559.6,0,66543.087,2772.628625,4540.784,20,8330.537,347.1057083333333,491.136,14,0.11289388365445693,0.014133198762737723,0.12702708241719465
2021-05-12,589430.3999999999,24559.599999999995,24559.6,0,55255.05099999999,2302.2937916666665,3912.418,21,8367.753999999999,348.65641666666664,491.068,13,0.0937431306563082,0.014196339381205993,0.1079394700375142
2021-05-13,589430.3999999999,24559.599999999995,24559.6,0,60564.13399999999,2523.505583333333,4516.97,21,8962.697,373.44570833333336,488.069,12,0.10275027212712476,0.015205691800083609,0.11795596392720836
2021-05-14,589430.3999999999,24559.599999999995,24559.6,0,63697.34,2654.0558333333333,5071.792,21,8731.83,363.82625,496.701,12,0.10806592262631858,0.014814013664717669,0.12287993629103625
2021-05-15,589430.3999999999,24559.599999999995,24559.6,0,51656.621,2152.3592083333333,3319.404,21,7180.081999999999,299.1700833333333,411.904,12,0.08763820291589984,0.012181390712118005,0.09981959362801784
2021-05-16,589430.3999999999,24559.599999999995,24559.6,0,53244.587,2218.5244583333333,4051.057,22,7215.39,300.64125,455.142,23,0.09033227163037401,0.01224129261062884,0.10257356424100285
2021-05-17,589430.3999999999,24559.599999999995,24559.6,0,75077.968,3128.2486666666664,5446.586,22,11919.229,496.6345416666666,616.168,13,0.1273737628734453,0.020221605468601554,0.14759536834204684
2021-05-18,589430.3999999999,24559.599999999995,24559.6,0,73336.843,3055.7017916666664,4826.14,21,12008.416,500.35066666666665,633.419,13,0.12441985177554467,0.02037291595411435,0.14479276772965902
2021-05-19,589430.3999999999,24559.599999999995,24559.6,0,80504.052,3354.3354999999997,5799.558,20,12020.354,500.8480833333333,636.813,12,0.1365794027590026,0.02039316940558207,0.15697257216458466
2021-05-20,589430.3999999999,24559.599999999995,24559.6,0,79520.949,3313.3728749999996,6062.651,21,12365.674000000003,515.2364166666667,616.913,12,0.1349115162706233,0.020979023138270447,0.15589053940889375
2021-05-21,589430.3999999999,24559.599999999995,24559.6,0,73873.982,3078.0825833333333,4842.197,8,10749.911,447.91295833333334,646.091,12,0.12533113663631876,0.018237795335971817,0.14356893197229056
2021-05-22,589430.3999999999,24559.599999999995,24559.6,0,77433.874,3226.4114166666664,5504.606,22,10820.217,450.842375,603.032,12,0.13137068261155177,0.018357073201517943,0.1497277558130697
2021-05-23,589430.3999999999,24559.599999999995,24559.6,0,55721.754,2321.73975,4033.372,21,11555.746,481.4894166666666,520.273,12,0.09453491709962705,0.019604937241105992,0.11413985434073304
2021-05-24,589430.3999999999,24559.599999999995,24559.6,0,63892.859,2662.202458333333,5188.714,21,17010.563,708.7734583333332,886.012,15,0.10839763100104781,0.02885932418823325,0.13725695518928105
2021-05-25,589430.3999999999,24559.599999999995,24559.6,0,68729.882,2863.7450833333332,4969.751,21,17741.892,739.2455,846.613,13,0.11660389759333759,0.030100062704604313,0.1467039602979419
2021-05-26,589430.3999999999,24559.599999999995,24559.6,0,77557.914,3231.5797500000003,5003.611,21,18077.022,753.20925,868.467,13,0.13158112306389358,0.03066862856072575,0.16224975162461933
2021-05-27,589430.3999999999,24559.599999999995,24559.6,0,117155.90300000002,4881.495958333334,6119.115,20,19350.128,806.2553333333334,974.584,10,0.19876121591285423,0.03282852055136621,0.23158973646422043
2021-05-28,589430.3999999999,24559.599999999995,24559.6,0,83933.115,3497.213125,4893.822,8,13614.052,567.2521666666667,669.609,13,0.14239699038257955,0.023096962762694292,0.16549395314527385
2021-05-29,589430.3999999999,24559.599999999995,24559.6,0,79789.432,3324.5596666666665,4251.4,3,12446.306,518.5960833333334,670.758,13,0.13536701194916315,0.021115819611611485,0.15648283156077464
2021-05-30,589430.3999999999,24559.599999999995,24559.6,0,63523.176999999996,2646.7990416666667,4593.83,22,12325.047,513.543625,599.195,18,0.10777044584059459,0.020910097273571234,0.12868054311416582
2021-05-31,589430.3999999999,24559.599999999995,24559.6,0,78961.693,3290.0705416666665,4457.157,8,13548.66,564.5275,680.885,13,0.1339627087438992,0.022986021759312043,0.15694873050321126
2021-06-01,589430.3999999999,24559.599999999995,24559.6,0,82326.584,3430.2743333333333,4836.965,10,16745.112,697.7130000000001,871.492,12,0.13967142515893313,0.02840897245883484,0.16808039761776797
2021-06-02,589430.3999999999,24559.599999999995,24559.6,0,75429.402,3142.8917500000002,4843.749,8,18661.675,777.5697916666667,860.778,12,0.12796998933207385,0.03166052344772174,0.1596305127797956
2021-06-03,589430.3999999999,24559.599999999995,24559.6,0,59168.76699999999,2465.3652916666665,3780.366,8,18033.973,751.4155416666667,848.367,12,0.10038295785219087,0.030595593644304746,0.13097855149649562
2021-06-04,589430.3999999999,24559.599999999995,24559.6,0,67185.167,2799.3819583333334,4833.63,8,17401.262,725.0525833333332,868.701,13,0.11398320649902009,0.029522165806174915,0.143505372305195
2021-06-05,589430.3999999999,24559.599999999995,24559.6,0,62763.215,2615.1339583333333,3740.349,21,13248.343,552.0142916666667,637.861,11,0.10648112991796828,0.022476518007893728,0.128957647925862
2021-06-06,589430.3999999999,24559.599999999995,24559.6,0,54630.909,2276.287875,3763.598,22,12686.448,528.602,598.805,12,0.09268424058209418,0.021523233277414944,0.11420747385950912
2021-06-07,589430.3999999999,24559.599999999995,24559.6,0,58045.852999999996,2418.577208333333,3999.522,20,13560.124,565.0051666666667,685.727,13,0.09847787457179,0.023005471044588135,0.12148334561637814
2021-06-08,589430.3999999999,24559.599999999995,24559.6,0,64621.062999999995,2692.5442916666666,4333.147,8,12475.655000000002,519.8189583333334,687.589,12,0.10963306778883479,0.02116561174991993,0.1307986795387547
2021-06-09,589430.3999999999,24559.599999999995,24559.6,0,68132.787,2838.866125,3941.094,21,17097.014,712.3755833333333,820.316,14,0.11559089419208783,0.02900599290433612,0.14459688709642396
2021-06-10,589430.3999999999,24559.599999999995,24559.6,0,85033.818,3543.07575,4848.26,8,14140.989999999998,589.2079166666666,690.858,7,0.14426439152103457,0.0239909410848168,0.16825533260585138
2021-06-11,589430.3999999999,24559.599999999995,24559.6,0,64320.719,2680.029958333333,4527.251,8,12435.68,518.1533333333333,620.71,15,0.10912351823048151,0.021097792037872497,0.130221310268354
2021-06-12,589430.3999999999,24559.599999999995,24559.6,0,67668.276,2819.5115,4073.611,20,10998.625,458.2760416666667,564.336,23,0.114802826593267,0.018659751855350525,0.13346257844861753
2021-06-13,589430.3999999999,24559.599999999995,24559.6,0,63236.638000000006,2634.859916666667,4895.633,21,15245.239000000001,635.2182916666667,665.364,13,0.10728431719843431,0.025864358200730745,0.13314867539916506
2021-06-14,589430.3999999999,24559.599999999995,24559.6,0,100226.50999999998,4176.104583333333,5814.702,21,14868.537,619.522375,796.868,21,0.170039600943555,0.02522526323718628,0.19526486418074127
2021-06-15,589430.3999999999,24559.599999999995,24559.6,0,96165.27,4006.88625,5889.496,21,17954.242000000002,748.0934166666667,822.17,20,0.16314949144122873,0.030460325765349065,0.1936098172065778
2021-06-16,589430.3999999999,24559.599999999995,24559.6,0,88025.738,3667.7390833333334,5476.737,8,18320.55,763.3562499999999,832.58,10,0.1493403428123151,0.03108178675548462,0.1804221295677997
2021-06-17,589430.3999999999,24559.599999999995,24559.6,0,89631.8,3734.6583333333333,5716.832,21,17380.492,724.1871666666666,837.404,13,0.15206511235253564,0.029486928397313747,0.18155204074984937
2021-06-18,589430.3999999999,24559.599999999995,24559.6,0,77140.144,3214.172666666667,5365.504,8,12450.32,518.7633333333333,631.774,23,0.13087235405571213,0.02112262957594315,0.15199498363165528
2021-06-19,589430.3999999999,24559.599999999995,24559.6,0,67994.344,2833.0976666666666,3762.044,10,13540.440999999999,564.1850416666666,654.206,10,0.11535601828477121,0.022972077788997652,0.13832809607376886
2021-06-20,589430.3999999999,24559.599999999995,24559.6,0,55475.051999999996,2311.4604999999997,3732.327,21,8625.091,359.3787916666667,536.462,23,0.09411637404517989,0.014632925278370443,0.10874929932355033
2021-06-21,589430.3999999999,24559.599999999995,24559.6,0,66811.727,2783.8219583333334,4741.155,22,13466.880000000001,561.12,636.419,14,0.11334964569184082,0.02284727764295836,0.13619692333479919
2021-06-22,589430.3999999999,24559.599999999995,24559.6,0,76929.021,3205.3758749999997,5074.247,8,13874.02,578.0841666666666,640.024,16,0.1305141726656786,0.023538012291188244,0.15405218495686684
2021-06-23,589430.3999999999,24559.599999999995,24559.6,0,74621.772,3109.2405,4274.83,22,13726.782,571.94925,622.022,13,0.12659980211404095,0.023288215198944612,0.14988801731298557
2021-06-24,589430.3999999999,24559.599999999995,24559.6,0,80541.348,3355.8894999999998,6333.492,21,14259.094000000001,594.1289166666667,661.205,14,0.13664267740516947,0.024191310797678577,0.16083398820284805
2021-06-25,589430.3999999999,24559.599999999995,24559.6,0,78023.574,3250.9822499999996,5868.56,21,14247.511,593.6462916666667,647.854,13,0.13237114000228017,0.024171659622578005,0.15654279962485818
2021-06-26,589430.3999999999,24559.599999999995,24559.6,0,62397.585,2599.899375,3616.253,22,13081.158,545.0482499999999,600.969,14,0.10586081919086632,0.02219287977002883,0.12805369896089513
2021-06-27,589430.3999999999,24559.599999999995,24559.6,0,53727.006,2238.62525,3644.614,21,12776.352000000003,532.3480000000001,601.039,14,0.09115072110294957,0.021675760191534072,0.11282648129448364
2021-06-28,589430.3999999999,24559.599999999995,24559.6,0,76055.068,3168.9611666666665,5081.556,20,13509.683,562.9034583333333,655.786,15,0.12903146495328374,0.022919895207305228,0.15195136016058897
2021-06-29,589430.3999999999,24559.599999999995,24559.6,0,74933.583,3122.232625,4808.546,8,13160.833000000002,548.3680416666667,672.441,9,0.1271288060473298,0.02232805264200829,0.14945685868933808
2021-06-30,589430.3999999999,24559.599999999995,24559.6,0,90707.628,3779.4845,5219.055,21,13653.682,568.9034166666667,685.122,12,0.15389031173146145,0.02316419716390604,0.1770545088953675
2021-07-01,589430.3999999999,24559.599999999995,24559.6,0,96633.219,4026.384125,5680.394,22,14389.707000000002,599.571125,678.696,14,0.16394339178976858,0.024412902693854956,0.18835629448362354
2021-07-02,589430.3999999999,24559.599999999995,24559.6,0,94458.736,3935.780666666667,5793.942,8,15316.887999999999,638.2036666666667,834.159,20,0.1602542658132326,0.025985914537153158,0.18624018035038575
2021-07-03,589430.3999999999,24559.599999999995,24559.6,0,90563.011,3773.4587916666665,5681.368,22,13305.074,554.3780833333334,631.61,14,0.15364496130501584,0.022572765164470654,0.1762177264694865
2021-07-04,589430.3999999999,24559.599999999995,24559.6,0,56622.30099999999,2359.2625416666665,4684.228,22,9849.037,410.3765416666667,555.059,0,0.09606274294641064,0.01670941471630917,0.11277215766271981
2021-07-05,589430.3999999999,24559.599999999995,24559.6,0,89491.408,3728.8086666666663,5010.66,21,8952.3,373.0125,454.602,14,0.15182692986313567,0.015188052737015262,0.16701498260015094
2021-07-06,589430.3999999999,24559.599999999995,24559.6,0,92488.007,3853.6669583333332,5168.159,21,10140.351999999999,422.51466666666664,495.506,12,0.15691081932659057,0.017203646096299072,0.17411446542288964
2021-07-07,589430.3999999999,24559.599999999995,24559.6,0,91590.363,3816.265125,5373.681,8,9557.595,398.233125,482.534,14,0.15538791857359244,0.016214967874069612,0.17160288644766206
2021-07-08,589430.3999999999,24559.599999999995,24559.6,0,79350.73,3306.2804166666665,5161.455,21,9368.654,390.36058333333335,485.889,12,0.13462273069051073,0.01589441942594071,0.15051715011645145
2021-07-09,589430.3999999999,24559.599999999995,24559.6,0,78928.501,3288.6875416666667,5004.922,21,9400.447,391.68529166666667,484.565,10,0.13390639675184723,0.015948357940140177,0.14985475469198742
2021-07-10,589430.3999999999,24559.599999999995,24559.6,0,78955.707,3289.821125,5293.197,21,8255.894,343.99558333333334,396.386,14,0.13395255317676186,0.01400656294619348,0.14795911612295534
2021-07-11,589430.3999999999,24559.599999999995,24559.6,0,78638.882,3276.6200833333332,4248.391,20,7823.166000000001,325.96525,376.916,0,0.13341504272599447,0.013272416896040655,0.14668745962203514
2021-07-12,589430.3999999999,24559.599999999995,24559.6,0,68656.41,2860.68375,4499.936,22,6311.046,262.96025000000003,441.598,10,0.11647924844052837,0.010707024951546445,0.1271862733920748
2021-07-13,589430.3999999999,24559.599999999995,24559.6,0,71542.819,2980.9507916666666,4309.401,21,9270.952,386.2896666666666,484.754,15,0.12137619471272608,0.01572866279038204,0.1371048575031081
2021-07-14,589430.3999999999,24559.599999999995,24559.6,0,71544.91,2981.0379166666667,4225.859,21,5366.281,223.59504166666667,367.847,4,0.12137974220535624,0.009104180917713102,0.13048392312306933
2021-07-15,589430.3999999999,24559.599999999995,24559.6,0,66942.316,2789.263166666667,4173.313,21,8936.515,372.35479166666664,482.937,12,0.11357119687074169,0.015161272645591407,0.1287324695163331
2021-07-16,589430.3999999999,24559.599999999995,24559.6,0,74662.725,3110.946875,4215.445,21,8831.35,367.97291666666666,474.871,14,0.12666928105506609,0.014982854633897407,0.14165213568896348
2021-07-17,589430.3999999999,24559.599999999995,24559.6,0,67422.776,2809.282333333333,3904.116,20,7050.413,293.7672083333333,378.487,14,0.11438632279570245,0.011961400362112304,0.12634772315781476
2021-07-18,589430.3999999999,24559.599999999995,24559.6,0,55148.96699999999,2297.8736249999997,3974.906,21,6907.797999999999,287.82491666666664,313.232,22,0.09356315351227218,0.011719446435066803,0.10528259994733899
2021-07-19,589430.3999999999,24559.599999999995,24559.6,0,70037.612,2918.233833333333,4243.239,8,10294.457,428.93570833333337,487.865,19,0.11882253104013639,0.017465093419002483,0.13628762445913886
2021-07-20,589430.3999999999,24559.599999999995,24559.6,0,61069.944,2544.581,4214.286,21,11715.569,488.14870833333333,492.541,17,0.10360840567435954,0.01987608545470339,0.12348449112906293
2021-07-21,589430.3999999999,24559.599999999995,24559.6,0,65166.687,2715.278625,3952.538,22,11719.722,488.32175,489.691,0,0.11055874790306032,0.019883131239922476,0.1304418791429828
2021-07-22,589430.3999999999,24559.599999999995,24559.6,0,62406.799,2600.2832916666666,3949.337,21,11481.897,478.41237500000005,489.066,0,0.10587645123156188,0.01947964848776039,0.12535609971932227
2021-07-23,589430.3999999999,24559.599999999995,24559.6,0,59097.94,2462.414166666667,3508.818,21,11499.999,479.166625,489.108,18,0.10026279608245521,0.01951035949282562,0.11977315557528083
2021-07-24,589430.3999999999,24559.599999999995,24559.6,0,57415.64,2392.318333333333,3774.981,21,9008.16,375.34,486.359,23,0.09740868472342114,0.015282822195801236,0.11269150691922238
2021-07-25,589430.3999999999,24559.599999999995,24559.6,0,52959.743,2206.6559583333333,3086.903,22,8245.005,343.54187499999995,487.305,0,0.08984901864579772,0.013988089178976856,0.10383710782477458
2021-07-26,589430.3999999999,24559.599999999995,24559.6,0,55993.286,2333.0535833333333,3798.262,21,10344.144,431.00600000000003,486.306,17,0.09499558556871178,0.017549390055212628,0.1125449756239244
2021-07-27,589430.3999999999,24559.599999999995,24559.6,0,55098.368,2295.7653333333333,3410.927,21,9689.909,403.7462083333333,486.391,16,0.09347730961959208,0.01643944560714887,0.10991675522674095
2021-07-28,589430.3999999999,24559.599999999995,24559.6,0,61142.694,2547.61225,3711.594,21,9997.889,416.5787083333333,487.064,18,0.1037318299157967,0.0169619500453319,0.1206937799611286
2021-07-29,589430.3999999999,24559.599999999995,24559.6,0,73394.842,3058.1184166666667,4894.1,22,10690.462,445.4359166666666,488.575,18,0.12451825016151188,0.018136936947941606,0.1426551871094535
2021-07-30,589430.3999999999,24559.599999999995,24559.6,0,93011.494,3875.478916666667,5222.757,8,10017.474,417.39475,487.474,16,0.15779894284380314,0.016995177038713987,0.1747941198825171
2021-07-31,589430.3999999999,24559.599999999995,24559.6,0,38738.061,1614.085875,3236.709,22,8071.455,336.310625,420.454,13,0.06572117929445107,0.01369365238033193,0.079414831674783
2021-08-01,589430.3999999999,24559.599999999995,24559.6,0,59349.92,2472.9133333333334,4899.378,22,7545.666000000001,314.40275,385.147,22,0.1006902935444117,0.012801623397775212,0.11349191694218691
2021-08-02,589430.3999999999,24559.599999999995,24559.6,0,79141.699,3297.5707916666665,4358.526,21,10127.134,421.96391666666665,487.248,18,0.13426809848966054,0.017181221056803316,0.15144931954646385
2021-08-03,589430.3999999999,24559.599999999995,24559.6,0,77609.262,3233.71925,4915.785,7,11740.861,489.2025416666667,495.344,18,0.13166823767488073,0.01991899467689485,0.15158723235177557
2021-08-04,589430.3999999999,24559.599999999995,24559.6,0,80479.708,3353.3211666666666,5068.241,21,11515.13,479.7970833333333,494.081,1,0.1365381018691944,0.0195360300384914,0.15607413190768582
2021-08-05,589430.3999999999,24559.599999999995,24559.6,0,75155.80900000001,3131.492041666667,4756.996,21,10735.554,447.31475,492.141,18,0.12750582426695334,0.018213437922441737,0.14571926218939507
2021-08-06,589430.3999999999,24559.599999999995,24559.6,0,57075.52099999999,2378.146708333333,4106.029,9,10048.711,418.69629166666664,488.704,17,0.09683165476364979,0.01704817226936378,0.11387982703301357
2021-08-07,589430.3999999999,24559.599999999995,24559.6,0,47750.885,1989.6202083333335,3249.454,21,7853.708999999999,327.237875,340.667,19,0.08101191421412945,0.013324234718806496,0.09433614893293595
2021-08-08,589430.3999999999,24559.599999999995,24559.6,0,51599.518,2149.9799166666667,3723.121,22,8371.142,348.7975833333333,470.963,23,0.08754132464155226,0.0142020873032677,0.10174341194481996
2021-08-09,589430.3999999999,24559.599999999995,24559.6,0,67951.702,2831.320916666667,4502.47,21,11689.939,487.0807916666667,488.699,18,0.11528367386548101,0.019832602797548282,0.13511627666302928
2021-08-10,589430.3999999999,24559.599999999995,24559.6,0,78998.442,3291.60175,4765.579,21,11768.146,490.3394166666667,496.444,14,0.13402505537549472,0.019965285129508084,0.15399034050500282
2021-08-11,589430.3999999999,24559.599999999995,24559.6,0,78534.517,3272.271541666667,5020.708,21,11773.243,490.5517916666667,496.083,17,0.13323798195681802,0.019973932460897847,0.15321191441771587
2021-08-12,589430.3999999999,24559.599999999995,24559.6,0,67429.01000000001,2809.5420833333337,4643.886,21,11556.541,481.52254166666665,497.692,18,0.11439689910802026,0.01960628600085778,0.13400318510887804
2021-08-13,589430.3999999999,24559.599999999995,24559.6,0,76422.794,3184.2830833333333,5186.666,21,11735.581,488.9825416666667,496.363,18,0.12965533165578158,0.019910036876279204,0.1495653685320608
2021-08-14,589430.3999999999,24559.599999999995,24559.6,0,66044.715,2751.863125,4311.533,21,11378.138,474.08908333333335,496.093,9,0.11204836906952884,0.019303615829790934,0.13135198489931976
2021-08-15,589430.3999999999,24559.599999999995,24559.6,0,58475.928,2436.497,3351.608,21,10523.356,438.47316666666666,496.016,21,0.09920751966644409,0.01785343273777532,0.1170609524042194
2021-08-16,589430.3999999999,24559.599999999995,24559.6,0,46177.393000000004,1924.058041666667,2792.012,21,9421.348,392.5561666666667,495.745,15,0.07834240140990355,0.015983817597463586,0.09432621900736714
2021-08-17,589430.3999999999,24559.599999999995,24559.6,0,37332.137,1555.5057083333334,3207.088,21,9465.981,394.41587499999997,496.713,15,0.06333595450794531,0.016059539854069285,0.0793954943620146
2021-08-18,589430.3999999999,24559.599999999995,24559.6,0,47153.022,1964.7092499999999,3508.288,21,9589.136,399.54733333333337,495.004,12,0.07999760786006288,0.016268478856876066,0.09626608671693895
2021-08-19,589430.3999999999,24559.599999999995,24559.6,0,63351.323000000004,2639.6384583333333,3927.741,21,11108.791,462.86629166666665,493.26,12,0.10747888639608683,0.018846654329332184,0.12632554072541902
2021-08-20,589430.3999999999,24559.599999999995,24559.6,0,64425.17600000001,2684.3823333333335,4479.667,21,11697.177,487.38237499999997,496.615,12,0.10930073508254752,0.01984488244922556,0.1291456175317731
2021-08-21,589430.3999999999,24559.599999999995,24559.6,0,55884.919,2328.5382916666667,3361.457,20,8592.226,358.0094166666667,448.388,0,0.0948117351938414,0.014577168059197492,0.10938890325303889
2021-08-22,589430.3999999999,24559.599999999995,24559.6,0,50534.579,2105.6074583333334,3202.656,21,7608.659,317.0274583333333,347.107,15,0.08573459902984305,0.01290849437015804,0.09864309340000109
2021-08-23,589430.3999999999,24559.599999999995,24559.6,0,49095.55,2045.6479166666668,3008.462,21,9319.764,388.32349999999997,495.149,12,0.0832932098514091,0.01581147494258864,0.09910468479399774
2021-08-24,589430.3999999999,24559.599999999995,24559.6,0,51986.17300000001,2166.090541666667,3529.767,20,9756.835,406.53479166666665,491.735,14,0.08819730539856786,0.016552989123058467,0.10475029452162633
2021-08-25,589430.3999999999,24559.599999999995,24559.6,0,56966.12299999999,2373.588458333333,3524.712,21,11222.27,467.59458333333333,489.487,23,0.09664605524248496,0.019039177483889533,0.11568523272637449
2021-08-26,589430.3999999999,24559.599999999995,24559.6,0,58991.45,2457.977083333333,3978.524,21,11837.762,493.24008333333336,498.578,7,0.10008213013784156,0.02008339237338285,0.12016552251122442
2021-08-27,589430.3999999999,24559.599999999995,24559.6,0,60944.459,2539.3524583333333,3651.178,21,11792.069,491.33620833333333,495.899,5,0.10339551370272047,0.02000587177044143,0.1234013854731619
2021-08-28,589430.3999999999,24559.599999999995,24559.6,0,45565.938,1898.58075,3029.358,21,8601.843,358.41012500000005,485.023,0,0.07730503550546428,0.014593483810811254,0.09189851931627553
2021-08-29,589430.3999999999,24559.599999999995,24559.6,0,48858.433000000005,2035.768041666667,3551.762,21,7900.965,329.206875,457.061,23,0.08289092825887504,0.013404407034316522,0.09629533529319156
2021-08-30,589430.3999999999,24559.599999999995,24559.6,0,59939.325,2497.4718749999997,3512.487,21,11767.557,490.31487500000003,495.9,23,0.10169025045196177,0.01996428585970456,0.12165453631166633
2021-08-31,589430.3999999999,24559.599999999995,24559.6,0,63754.714,2656.4464166666667,3756.005,21,11866.19,494.4245833333334,497.904,6,0.10816326066656896,0.020131621986242992,0.12829488265281197
2021-09-01,589430.3999999999,24559.599999999995,24559.6,0,63819.924,2659.1635,3572.81,21,15329.422999999999,638.7259583333333,807.653,16,0.10827389289727847,0.02600718083084958,0.13428107372812806
2021-09-02,589430.3999999999,24559.599999999995,24559.6,0,63453.169,2643.8820416666667,3936.893,21,18972.332,790.5138333333333,813.178,17,0.10765167354788625,0.032187569558679026,0.1398392431065653
2021-09-03,589430.3999999999,24559.599999999995,24559.6,0,62375.134,2598.9639166666666,3847.106,21,19378.249,807.4270416666667,811.332,21,0.1058227298761652,0.03287622932241025,0.13869895919857544
2021-09-04,589430.3999999999,24559.599999999995,24559.6,0,56317.034,2346.5430833333335,3555.811,21,18693.592,778.8996666666667,811.794,0,0.09554484125691516,0.031714672334511425,0.1272595135914266
2021-09-05,589430.3999999999,24559.599999999995,24559.6,0,49806.064,2075.2526666666668,3704.675,21,11639.47,484.97791666666666,807.795,0,0.08449863461402739,0.019746979456777256,0.10424561407080464
2021-09-06,589430.3999999999,24559.599999999995,24559.6,0,55366.224,2306.926,3097.496,20,11640.303,485.012625,496.391,18,0.0939317415593088,0.01974839268554863,0.11368013424485743
2021-09-07,589430.3999999999,24559.599999999995,24559.6,0,45831.878,1909.6615833333333,3655.623,21,11652.031,485.5012916666667,665.442,23,0.07775621684935152,0.019768289860855503,0.09752450671020703
2021-09-08,589430.3999999999,24559.599999999995,24559.6,0,52766.65699999999,2198.610708333333,3842.444,21,18613.599,775.5666249999999,802.159,12,0.08952143798487489,0.03157895995863125,0.12110039794350613
2021-09-09,589430.3999999999,24559.599999999995,24559.6,0,53600.9,2233.3708333333334,3387.171,20,19075.214,794.8005833333333,798.06,18,0.0909367755718063,0.03236211433953865,0.12329888991134494
2021-09-10,589430.3999999999,24559.599999999995,24559.6,0,52907.415,2204.475625,3968.389,8,19140.382,797.5159166666667,801.218,6,0.08976024141272661,0.032472675315016,0.12223291672774261
2021-09-11,589430.3999999999,24559.599999999995,24559.6,0,47821.529,1992.5637083333334,3603.939,21,18963.256,790.1356666666667,799.472,6,0.08113176551463923,0.03217217164231774,0.11330393715695697
2021-09-12,589430.3999999999,24559.599999999995,24559.6,0,52748.198000000004,2197.8415833333333,3855.972,20,11910.104,496.2543333333333,702.465,0,0.08949012131033623,0.02020612442113607,0.1096962457314723
2021-09-13,589430.3999999999,24559.599999999995,24559.6,0,45519.409,1896.6420416666667,3096.783,20,11934.904,497.28766666666667,499.159,6,0.07722609658409205,0.020248198939179254,0.0974742955232713
2021-09-14,589430.3999999999,24559.599999999995,24559.6,0,58694.146,2445.5894166666667,4089.856,20,17440.217,726.6757083333333,799.707,8,0.09957773810105487,0.029588255034012502,0.12916599313506738
2021-09-15,589430.3999999999,24559.599999999995,24559.6,0,60453.186,2518.88275,3684.08,8,19143.214,797.6339166666667,799.066,22,0.10256204294858225,0.032477479953528024,0.13503952290211027
2021-09-16,589430.3999999999,24559.599999999995,24559.6,0,43680.118,1820.0049166666668,3409.688,20,19139.466,797.47775,799.229,15,0.0741056416499726,0.03247112127233343,0.10657676292230603
2021-09-17,589430.3999999999,24559.599999999995,24559.6,0,38429.804,1601.2418333333333,3402.145,8,19159.42,798.3091666666666,803.053,6,0.06519820491104633,0.03250497429382672,0.09770317920487305
2021-09-18,589430.3999999999,24559.599999999995,24559.6,0,33871.839,1411.326625,2714.961,21,12161.805,506.741875,735.366,0,0.057465375046824876,0.020633148544764578,0.07809852359158945
2021-09-19,589430.3999999999,24559.599999999995,24559.6,0,33072.695,1378.0289583333333,3024.416,21,11669.371,486.2237916666666,498.549,6,0.05610958477879662,0.01979770809242279,0.07590729287121942
2021-09-20,589430.3999999999,24559.599999999995,24559.6,0,34484.466,1436.85275,2696.99,21,11787.447,491.143625,496.518,20,0.05850472931155232,0.01999803030179645,0.07850275961334877
2021-09-21,589430.3999999999,24559.599999999995,24559.6,0,34100.284,1420.8451666666667,3063.794,21,11261.789,469.24120833333336,498.151,20,0.057852944130469014,0.019106223567701974,0.07695916769817099
2021-09-22,589430.3999999999,24559.599999999995,24559.6,0,41350.318,1722.9299166666667,3289.446,8,11873.251,494.7187916666667,497.651,18,0.07015301212831915,0.02014360134801327,0.09029661347633242
2021-09-23,589430.3999999999,24559.599999999995,24559.6,0,35557.406,1481.5585833333334,3321.251,20,11744.101,489.3375416666667,497.541,18,0.06032502904498989,0.019924491509090814,0.0802495205540807
2021-09-24,589430.3999999999,24559.599999999995,24559.6,0,45534.769,1897.2820416666666,3434.164,20,11903.475,495.97812500000003,497.38,16,0.07725215564042846,0.020194877970325254,0.09744703361075371
2021-09-25,589430.3999999999,24559.599999999995,24559.6,0,38370.545,1598.7727083333332,3223.247,20,16182.769,674.2820416666667,806.466,23,0.06509766886811404,0.027454927672546245,0.09255259654066028
2021-09-26,589430.3999999999,24559.599999999995,24559.6,0,32154.422,1339.7675833333333,2695.888,20,18948.385,789.5160416666666,807.225,6,0.05455168583093102,0.03214694220047015,0.08669862803140117
2021-09-27,589430.3999999999,24559.599999999995,24559.6,0,38851.565,1618.8152083333334,3384.717,20,19243.885,801.8285416666666,803.078,6,0.06591374486283709,0.03264827365537984,0.09856201851821693
2021-09-28,589430.3999999999,24559.599999999995,24559.6,0,47886.465,1995.2693749999999,3357.754,20,19295.002,803.9584166666667,807.953,18,0.08124193288978648,0.03273499636259006,0.11397692925237654
2021-09-29,589430.3999999999,24559.599999999995,24559.6,0,39005.776,1625.2406666666666,2953.304,20,19389.112,807.8796666666667,809.359,6,0.06617537202017405,0.03289465897924505,0.0990700309994191
2021-09-30,589430.3999999999,24559.599999999995,24559.6,0,38590.024,1607.9176666666665,3415.29,20,20351.608,847.9836666666666,1003.405,23,0.06547002665624305,0.03452758459692612,0.09999761125316917
2021-10-01,589430.3999999999,24559.599999999995,24559.6,0,44370.262,1848.7609166666668,2942.057,20,12933.887,538.9119583333334,925.896,0,0.07527650762498848,0.021943026691531354,0.09721953431651983
2021-10-02,589430.3999999999,24559.599999999995,24559.6,0,29287.085999999996,1220.29525,2596.574,0,12267.031,511.1262916666667,541.511,9,0.049687097916904184,0.02081167004620054,0.07049876796310472
2021-10-03,589430.3999999999,24559.599999999995,24559.6,0,25027.53,1042.81375,2115.515,21,10494.83,437.28458333333333,513.738,15,0.04246053478069676,0.017805036862706777,0.060265571643403536
2021-10-04,589430.3999999999,24559.599999999995,24559.6,0,37986.069,1582.7528750000001,3144.88,20,12486.405999999999,520.2669166666666,568.121,11,0.06444538490040556,0.021183851392802273,0.08562923629320784
2021-10-05,589430.3999999999,24559.599999999995,24559.6,0,38267.564,1594.4818333333333,3250.074,20,13063.546000000002,544.3144166666667,568.818,11,0.06492295612849287,0.02216300007600559,0.08708595620449847
2021-10-06,589430.3999999999,24559.599999999995,24559.6,0,42251.521,1760.4800416666667,3433.804,20,13431.009999999998,559.6254166666666,577.088,10,0.07168195091396712,0.022786422281578962,0.09446837319554607
2021-10-07,589430.3999999999,24559.599999999995,24559.6,0,40145.324,1672.7218333333333,3207.021,20,13434.839,559.7849583333333,570.917,15,0.06810867576562052,0.022792918383578456,0.09090159414919897
2021-10-08,589430.3999999999,24559.599999999995,24559.6,0,36568.381,1523.6825416666668,2630.425,20,12737.384,530.7243333333333,536.664,0,0.062040201862679646,0.02160964890850557,0.08364985077118522
2021-10-09,589430.3999999999,24559.599999999995,24559.6,0,33791.584,1407.9826666666668,2078.907,8,5754.694,239.77891666666667,463.396,0,0.05732921817402022,0.009763144215160944,0.06709236238918116
2021-10-10,589430.3999999999,24559.599999999995,24559.6,0,22691.181,945.465875,2092.664,20,6838.409,284.9337083333333,510.532,21,0.03849679453248425,0.011601724308756388,0.05009851884124064
2021-10-11,589430.3999999999,24559.599999999995,24559.6,0,26701.189999999995,1112.5495833333332,2369.862,20,12217.175,509.0489583333333,562.766,9,0.045299987920541594,0.020727086692508567,0.06602707461305016
2021-10-12,589430.3999999999,24559.599999999995,24559.6,0,24532.929,1022.205375,1921.045,20,12488.487,520.353625,629.623,23,0.041621417897685635,0.021187381919900976,0.06280879981758661
2021-10-13,589430.3999999999,24559.599999999995,24559.6,0,28377.211,1182.3837916666666,3068.946,20,14945.858,622.7440833333334,943.215,23,0.048143446622366276,0.025356442423057925,0.0734998890454242
2021-10-14,589430.3999999999,24559.599999999995,24559.6,0,39805.511,1658.5629583333332,3141.751,20,19604.15,816.8395833333334,977.896,1,0.06753216495111214,0.03325948237484867,0.10079164732596081
2021-10-15,589430.3999999999,24559.599999999995,24559.6,0,41473.156,1728.0481666666667,3065.271,8,18984.718,791.0299166666667,794.725,23,0.07036141332377836,0.032208583065956566,0.10256999638973494
2021-10-16,589430.3999999999,24559.599999999995,24559.6,0,41550.897,1731.2873749999999,2580.06,20,16048.183,668.6742916666667,796.985,7,0.0704933050619717,0.027226595370717227,0.09771990043268892
2021-10-17,589430.3999999999,24559.599999999995,24559.6,0,39238.017,1634.917375,3070.222,21,8947.919,372.8299583333333,539.109,0,0.06656938121956385,0.015180620137678683,0.08175000135724253
2021-10-18,589430.3999999999,24559.599999999995,24559.6,0,38750.961,1614.6233750000001,2986.236,20,16149.423999999999,672.8926666666666,873.629,23,0.0657430648300461,0.02739835610786278,0.09314142093790889
2021-10-19,589430.3999999999,24559.599999999995,24559.6,0,32374.438000000002,1348.9349166666668,2483.438,19,20893.513,870.5630416666667,876.386,5,0.05492495466809993,0.03544695522999832,0.09037190989809825
2021-10-20,589430.3999999999,24559.599999999995,24559.6,0,27829.313000000002,1159.5547083333333,2114.517,21,20809.596,867.0665,879.626,0,0.0472139085462847,0.03530458557956971,0.08251849412585441
2021-10-21,589430.3999999999,24559.599999999995,24559.6,0,34510.619,1437.9424583333332,2395.252,8,20991.233,874.6347083333334,876.009,23,0.058549099266003254,0.035612742403513635,0.09416184166951688
2021-10-22,589430.3999999999,24559.599999999995,24559.6,0,28429.945999999996,1184.5810833333333,2205.236,8,20990.631,874.609625,879.464,2,0.04823291435256818,0.035611721078519204,0.08384463543108739
2021-10-23,589430.3999999999,24559.599999999995,24559.6,0,28543.642,1189.3184166666667,2240.896,20,18969.338,790.3890833333334,818.554,23,0.04842580565915841,0.032182490078557204,0.08060829573771561
2021-10-24,589430.3999999999,24559.599999999995,24559.6,0,29317.831999999995,1221.5763333333332,2590.457,21,21450.879,893.7866250000001,1068.871,23,0.04973926013995885,0.03639255627127479,0.08613181641123363
2021-10-25,589430.3999999999,24559.599999999995,24559.6,0,40484.856999999996,1686.8690416666666,2899.408,8,25932.525,1080.5218750000001,1117.128,4,0.06868471154524776,0.04399590689587779,0.11268061844112555
2021-10-26,589430.3999999999,24559.599999999995,24559.6,0,33017.583,1375.7326249999999,2443.401,20,26607.053,1108.6272083333333,1150.383,23,0.05601608434176453,0.04514027949695164,0.10115636383871617
2021-10-27,589430.3999999999,24559.599999999995,24559.6,0,38944.113,1622.671375,2970.396,19,28780.262000000002,1199.1775833333334,1213.292,22,0.06607075746347661,0.04882724406477848,0.11489800152825509
2021-10-28,589430.3999999999,24559.599999999995,24559.6,0,30218.326999999997,1259.0969583333333,2682.676,8,29970.335,1248.7639583333332,1294.7,11,0.05126699776597882,0.05084626615797218,0.102113263923951
2021-10-29,589430.3999999999,24559.599999999995,24559.6,0,26074.865999999998,1086.45275,2134.037,10,26275.244999999995,1094.8018749999999,1179.096,7,0.04423739596736104,0.04457734959038421,0.08881474555774524
2021-10-30,589430.3999999999,24559.599999999995,24559.6,0,27376.28,1140.6783333333333,2108.972,19,23452.037,977.1682083333334,1126.283,13,0.04644531398448401,0.0397876271736239,0.08623294115810791
2021-10-31,589430.3999999999,24559.6,24559.6,0,14394.959039999998,599.78996,1300.29,18,9650.42688,402.10112000000004,759.471,0,0.024421813058844607,0.01637246209221649,0.0407942751510611
2021-11-01,589430.3999999999,24559.599999999995,24559.6,0,22642.396,943.4331666666667,2112.823,19,7185.2080000000005,299.38366666666667,381.956,13,0.03841402818721261,0.012190087243549029,0.05060411543076164
2021-11-02,589430.3999999999,24559.599999999995,24559.6,0,29265.009,1219.3753749999998,2223.127,20,15937.107,664.046125,812.578,17,0.049649643113080025,0.027038149033371883,0.07668779214645191
2021-11-03,589430.3999999999,24559.599999999995,24559.6,0,34170.523,1423.7717916666668,3050.487,20,17178.971,715.7904583333334,810.28,8,0.057972108326954305,0.029145037310596814,0.08711714563755112
2021-11-04,589430.3999999999,24559.599999999995,24559.6,0,31619.821000000004,1317.4925416666667,2446.198,19,19214.447,800.6019583333333,809.782,8,0.0536447068220438,0.032598330523841326,0.08624303734588512
2021-11-05,589430.3999999999,24559.599999999995,24559.6,0,32929.471,1372.0612916666666,2608.006,20,18643.123,776.7967916666666,810.392,7,0.055866597650884656,0.0316290489937404,0.08749564664462506
2021-11-06,589430.3999999999,24559.599999999995,24559.6,0,29716.947999999997,1238.2061666666666,2715.488,19,16744.29,697.67875,807.081,21,0.05041638164573799,0.028407577892148088,0.07882395953788607
2021-11-07,589430.3999999999,24559.599999999995,24559.6,0,22891.138,953.7974166666667,2138.152,18,9546.137,397.75570833333336,586.048,0,0.03883603221007943,0.016195528768112404,0.05503156097819184
2021-11-08,589430.3999999999,24559.599999999995,24559.6,0,36390.249,1516.260375,2796.892,21,15362.791999999998,640.1163333333333,814.467,20,0.06173799145751561,0.02606379311280857,0.08780178457032417
2021-11-09,589430.3999999999,24559.599999999995,24559.6,0,38648.563,1610.3567916666668,3097.782,19,19412.353,808.8480416666666,817.575,21,0.06556934118090958,0.03293408857093221,0.09850342975184179
2021-11-10,589430.3999999999,24559.599999999995,24559.6,0,45132.857,1880.5357083333336,2984.99,20,19529.024,813.7093333333333,819.349,5,0.0765702905720506,0.033132027123134476,0.10970231769518507
2021-11-11,589430.3999999999,24559.599999999995,24559.6,0,46530.625,1938.7760416666667,3646.951,19,19557.244,814.8851666666666,817.661,6,0.07894167827109021,0.03317990385294006,0.11212158212403027
2021-11-12,589430.3999999999,24559.599999999995,24559.6,0,45291.203,1887.1334583333335,3278.803,18,19507.579999999998,812.8158333333332,816.046,2,0.07683893297665001,0.03309564623745229,0.1099345792141023
2021-11-13,589430.3999999999,24559.599999999995,24559.6,0,27485.819000000003,1145.2424583333334,2514.66,18,19521.635000000002,813.4014583333334,815.796,9,0.04663115271964257,0.033119491291932014,0.07975064401157458
2021-11-14,589430.3999999999,24559.599999999995,24559.6,0,28519.081999999995,1188.2950833333332,2677.518,19,19446.946,810.2894166666666,815.802,6,0.04838413831387047,0.032992777433943014,0.08137691574781349
2021-11-15,589430.3999999999,24559.599999999995,24559.6,0,38179.92,1590.83,3070.912,19,19422.281,809.2617083333333,814.934,22,0.06477426342448575,0.03295093195057466,0.09772519537506041
2021-11-16,589430.3999999999,24559.599999999995,24559.6,0,32326.754,1346.9480833333334,3195.121,20,19465.327,811.0552916666667,815.196,5,0.054844056227843024,0.03302396177733623,0.08786801800517925
2021-11-17,589430.3999999999,24559.599999999995,24559.6,0,33025.963,1376.0817916666667,3081.789,19,19428.282,809.51175,814.579,4,0.056030301457135584,0.032961112966009225,0.08899141442314482
2021-11-18,589430.3999999999,24559.599999999995,24559.6,0,36812.33,1533.8470833333333,3240.614,18,19427.643,809.485125,814.616,6,0.06245407430631336,0.032960028868548354,0.09541410317486171
2021-11-19,589430.3999999999,24559.599999999995,24559.6,0,46091.554000000004,1920.4814166666667,3453.858,18,19446.400999999998,810.2667083333332,815.231,5,0.07819677098432658,0.03299185281247795,0.11118862379680453
2021-11-20,589430.3999999999,24559.599999999995,24559.6,0,42178.774,1757.4489166666665,3071.124,18,19484.462,811.8525833333333,815.541,6,0.0715585317621894,0.0330564253218022,0.1046149570839916
2021-11-21,589430.3999999999,24559.599999999995,24559.6,0,44430.832,1851.2846666666667,2722.423,20,19486.115,811.9214583333334,814.21,6,0.07537926784909636,0.03305922972415404,0.1084384975732504
2021-11-22,589430.3999999999,24559.599999999995,24559.6,0,45003.036,1875.1265,3440.691,18,22403.91,933.49625,1110.456,20,0.07635004234596655,0.03800942401342042,0.11435946635938697
2021-11-23,589430.3999999999,24559.599999999995,24559.6,0,43873.332,1828.0555000000002,3969.702,20,24647.816,1026.9923333333334,1098.172,18,0.07443343946969821,0.04181632979907382,0.11624976926877204
2021-11-24,589430.3999999999,24559.599999999995,24559.6,0,46441.891,1935.0787916666668,3440.44,8,26273.847999999998,1094.7436666666665,1100.412,2,0.07879113632415297,0.04457497950563799,0.12336611582979096
2021-11-25,589430.3999999999,24559.599999999995,24559.6,0,48542.381,2022.5992083333333,2914.254,19,26518.547,1104.9394583333333,1118.746,18,0.0823547292436902,0.044990124364131884,0.12734485360782208
2021-11-26,589430.3999999999,24559.599999999995,24559.6,0,48548.952,2022.8729999999998,3439.58,20,26777.73,1115.73875,1127.982,5,0.08236587729441848,0.04542984209840552,0.127795719392824
2021-11-27,589430.3999999999,24559.599999999995,24559.6,0,52449.71400000001,2185.40475,3234.416,20,18863.274,785.9697500000001,1079.601,0,0.08898372734083619,0.03200254686558414,0.12098627420642033
2021-11-28,589430.3999999999,24559.599999999995,24559.6,0,45335.027,1888.9594583333335,3190.198,18,18905.145,787.714375,805.654,10,0.07691328272175987,0.03207358324239809,0.10898686596415796
2021-11-29,589430.3999999999,24559.599999999995,24559.6,0,54892.339,2287.1807916666667,4091.156,20,18803.651,783.4854583333334,806.594,21,0.09312777047128891,0.03190139327730637,0.1250291637485953
2021-11-30,589430.3999999999,24559.599999999995,24559.6,0,69847.771,2910.3237916666662,4692.797,19,20878.354,869.9314166666667,1112.061,23,0.11850045569417526,0.035421237180844424,0.1539216928750197
2021-12-01,589430.3999999999,24559.599999999995,24559.6,0,59218.03899999999,2467.4182916666664,3817.76,19,26718.541,1113.2725416666667,1115.107,21,0.10046655041884504,0.04532942481419351,0.14579597523303855
2021-12-02,589430.3999999999,24559.599999999995,24559.6,0,58989.978,2457.91575,4272.951,20,26583.621,1107.650875,1114.822,0,0.10007963281160934,0.04510052586361342,0.14518015867522277
2021-12-03,589430.3999999999,24559.599999999995,24559.6,0,71083.461,2961.8108749999997,4910.08,20,24812.188000000002,1033.8411666666668,1113.591,2,0.12059686945227122,0.04209519563293648,0.1626920650852077
2021-12-04,589430.3999999999,24559.599999999995,24559.6,0,65156.088,2714.837,3848.601,21,18079.069,753.2945416666666,807.838,20,0.11054076613625631,0.030672101405017457,0.14121286754127377
2021-12-05,589430.3999999999,24559.599999999995,24559.6,0,59134.363,2463.9317916666664,4109.607,20,16098.875,670.7864583333334,809.767,20,0.10032458963772484,0.027312597042840007,0.12763718668056484
2021-12-06,589430.3999999999,24559.599999999995,24559.6,0,66650.36,2777.0983333333334,4191.868,19,19067.103,794.462625,813.831,21,0.11307587800018461,0.03234835359696412,0.14542423159714873
2021-12-07,589430.3999999999,24559.599999999995,24559.6,0,66470.241,2769.593375,3981.304,20,18963.55,790.1479166666667,812.981,2,0.11277029654391767,0.03217267042894293,0.1449429669728606
2021-12-08,589430.3999999999,24559.599999999995,24559.6,0,69966.545,2915.2727083333334,4842.468,19,9370.946,390.4560833333333,497.229,18,0.11870196209764547,0.01589830792575341,0.1346002700233989
2021-12-09,589430.3999999999,24559.599999999995,24559.6,0,85717.601,3571.5667083333333,4861.391,21,16275.604,678.1501666666667,812.79,19,0.145424465721483,0.02761242718393894,0.17303689290542193
2021-12-10,589430.3999999999,24559.599999999995,24559.6,0,86658.539,3610.7724583333334,5069.47,20,18360.073,765.0030416666667,808.25,21,0.14702081704642314,0.03114883962550965,0.1781696566719328
2021-12-11,589430.3999999999,24559.599999999995,24559.6,0,91767.064,3823.6276666666668,5619.824,19,19504.175,812.6739583333333,819.986,20,0.15568770121120323,0.033089869473987094,0.18877757068519033
2021-12-12,589430.3999999999,24559.599999999995,24559.6,0,101747.603,4239.483458333333,6206.255,19,19491.938000000002,812.1640833333335,814.765,8,0.1726202160594364,0.033069108753128455,0.20568932481256486
2021-12-13,589430.3999999999,24559.599999999995,24559.6,0,104793.801,4366.408375,6785.493,20,26528.271,1105.344625,1365.821,15,0.1777882528624245,0.045006621646932365,0.22279487450935687
2021-12-14,589430.3999999999,24559.599999999995,24559.6,0,99287.79700000002,4136.991541666667,5897.592,20,30549.107,1272.8794583333333,1297.734,18,0.16844702444936677,0.05182818361591123,0.220275208065278
2021-12-15,589430.3999999999,24559.599999999995,24559.6,0,96469.748,4019.5728333333336,5859.023,20,30701.881,1279.2450416666668,1390.097,23,0.1636660545502913,0.05208737282637612,0.21575342737666742
2021-12-16,589430.3999999999,24559.599999999995,24559.6,0,91425.315,3809.388125,5332.095,18,32476.527000000002,1353.188625,1408.317,13,0.15510790586980247,0.055098154082314055,0.21020605995211653
2021-12-17,589430.3999999999,24559.599999999995,24559.6,0,97851.257,4077.1357083333332,6490.096,19,26723.173000000003,1113.4655416666667,1132.882,18,0.16600985799171541,0.04533728324836996,0.21134714124008538
2021-12-18,589430.3999999999,24559.599999999995,24559.6,0,104860.315,4369.1797916666665,5791.246,18,26746.154000000002,1114.4230833333334,1122.762,0,0.17790109739843757,0.04537627173623893,0.2232773691346765
2021-12-19,589430.3999999999,24559.599999999995,24559.6,0,91325.037,3805.209875,5868.976,20,24102.757,1004.2815416666667,1049.287,23,0.15493777891333738,0.040891608237376295,0.19582938715071369
2021-12-20,589430.3999999999,24559.599999999995,24559.6,0,106027.285,4417.803541666667,5987.365,21,21791.049,907.960375,1114.221,1,0.17988092402427838,0.0369696727552566,0.216850596779535
2021-12-21,589430.3999999999,24559.599999999995,24559.6,0,113005.227,4708.551125,6518.066,20,20706.755,862.7814583333334,1172.593,7,0.19171937348328152,0.035130110357389104,0.22684948384067063
2021-12-22,589430.3999999999,24559.599999999995,24559.6,0,105458.41500000001,4394.100625,6409.593,20,18996.879,791.5366250000001,801.843,14,0.17891580583559996,0.03222921484877605,0.21114502068437602
2021-12-23,589430.3999999999,24559.599999999995,24559.6,0,96461.53199999999,4019.2304999999997,5989.659,10,24722.752,1030.1146666666666,1119.94,23,0.16365211566963633,0.04194346270569011,0.20559557837532644
2021-12-24,589430.3999999999,24559.599999999995,24559.6,0,69026.461,2876.1025416666666,3513.401,10,26813.216999999997,1117.217375,1121.084,5,0.11710705962909278,0.04549004767992964,0.1625971073090224
2021-12-25,589430.3999999999,24559.599999999995,24559.6,0,58707.401,2446.141708333333,3594.141,19,25176.318,1049.01325,1115.627,15,0.09960022591301705,0.04271296153031809,0.14231318744333515
2021-12-26,589430.3999999999,24559.599999999995,24559.6,0,62605.925,2608.5802083333333,3360.667,20,25260.029000000002,1052.5012083333334,1114.28,0,0.10621427907349199,0.04285498169079845,0.14906926076429045
2021-12-27,589430.3999999999,24559.599999999995,24559.6,0,65936.942,2747.3725833333333,4308.783,19,19320.837,805.0348749999999,938.359,19,0.1118655264472277,0.03277882681314028,0.14464435326036798
2021-12-28,589430.3999999999,24559.599999999995,24559.6,0,69853.084,2910.545166666667,4157.742,19,18177.490999999998,757.3954583333333,827.84,23,0.11850946948104478,0.030839079558841895,0.14934854903988667
2021-12-29,589430.3999999999,24559.599999999995,24559.6,0,75975.601,3165.6500416666663,5014.28,20,28727.613000000005,1196.9838750000001,1409.966,20,0.12889664496435882,0.04873792223814722,0.17763456720250603
2021-12-30,589430.3999999999,24559.599999999995,24559.6,0,76957.808,3206.5753333333337,4909.495,20,32783.677,1365.9865416666669,1405.624,21,0.1305630113411185,0.05561925038138516,0.18618226172250366
2021-12-31,589430.3999999999,24559.599999999995,24559.6,0,68059.479,2835.8116250000003,4313.946,19,26910.451999999997,1121.2688333333333,1385.306,20,0.11546652327399472,0.04565501202516871,0.16112153529916343
2022-01-01,589430.3999999999,24559.599999999995,24559.6,0,49971.047,2082.1269583333333,2960.75,20,19976.493,832.3538749999999,985.532,21,0.0847785370418628,0.03389118206322579,0.1186697191050886
2022-01-02,589430.3999999999,24559.599999999995,24559.6,0,52663.90800000001,2194.3295000000003,3705.538,20,21559.756999999998,898.3232083333332,1121.379,21,0.08934711884558384,0.03657727358480323,0.12592439243038706
2022-01-03,589430.3999999999,24559.599999999995,24559.6,0,53068.508,2211.1878333333334,3526.987,18,24843.824,1035.1593333333333,1114.026,0,0.09003354424882057,0.04214886778829189,0.13218241203711245
2022-01-04,589430.3999999999,24559.599999999995,24559.6,0,51497.125,2145.7135416666665,3235.862,18,24106.821,1004.450875,1110.789,12,0.08736760947518148,0.040898503029365305,0.12826611250454678
2022-01-05,589430.3999999999,24559.599999999995,24559.6,0,57195.361999999994,2383.140083333333,3894.364,19,25487.494,1061.9789166666667,1116.303,19,0.09703497138932773,0.043240888152358624,0.14027585954168637
2022-01-06,589430.3999999999,24559.599999999995,24559.6,0,60819.35399999999,2534.13975,3969.53,19,26684.004,1111.8335,1117.266,22,0.10318326642127722,0.04527083095815894,0.14845409737943616
2022-01-07,589430.3999999999,24559.599999999995,24559.6,0,61828.31700000001,2576.1798750000003,4031.183,21,26674.293,1111.428875,1118.259,4,0.10489502577403544,0.04525435573054937,0.1501493815045848
2022-01-08,589430.3999999999,24559.599999999995,24559.6,0,56439.66100000001,2351.652541666667,3351.635,20,26288.352,1095.348,1118.602,3,0.09575288447966039,0.04459958631248066,0.14035247079214105
2022-01-09,589430.3999999999,24559.599999999995,24559.6,0,47992.706,1999.6960833333333,4367.091,20,23091.175,962.1322916666667,1116.273,20,0.08142217639266655,0.03917540561192637,0.12059758200459292
2022-01-10,589430.3999999999,24559.599999999995,24559.6,0,71538.166,2980.7569166666667,5579.388,19,25781.845,1074.2435416666667,1117.121,20,0.12136830065093353,0.043740270267702525,0.16510857091863607
2022-01-11,589430.3999999999,24559.599999999995,24559.6,0,72588.11,3024.5045833333334,5344.362,20,19910.783,829.6159583333333,1091.033,0,0.12314958644820494,0.03377970155594283,0.15692928800414777
2022-01-12,589430.3999999999,24559.599999999995,24559.6,0,64160.028999999995,2673.3345416666666,5148.348,19,18881.661,786.735875,818.305,20,0.10885089910530574,0.03203374138829623,0.14088464049360197
2022-01-13,589430.3999999999,24559.599999999995,24559.6,0,92767.007,3865.2919583333332,6939.76,20,16649.579,693.7324583333334,801.708,17,0.15738415765457636,0.028246895647051806,0.18563105330162816
2022-01-14,589430.3999999999,24559.599999999995,24559.6,0,94145.911,3922.7462916666664,7203.805,19,23827.207000000002,992.8002916666668,1118.844,20,0.1597235415750528,0.04042412301774731,0.20014766459280012
2022-01-15,589430.3999999999,24559.599999999995,24559.6,0,91887.61,3828.650416666667,6816.939,20,26826.604999999996,1117.7752083333332,1120.921,6,0.15589221390684976,0.045512761133460373,0.20140497504031013
2022-01-16,589430.3999999999,24559.599999999995,24559.6,0,77921.664,3246.7360000000003,6465.925,19,26824.557,1117.689875,1121.138,3,0.13219824427107937,0.04550928659261552,0.1777075308636949
2022-01-17,589430.3999999999,24559.599999999995,24559.6,0,86786.21800000001,3616.092416666667,6539.92,20,26651.096,1110.4623333333334,1120.188,6,0.14723743125566652,0.04521500078720067,0.1924524320428672
2022-01-18,589430.3999999999,24559.599999999995,24559.6,0,88288.03,3678.6679166666668,6926.561,19,26778.511,1115.7712916666667,1118.249,20,0.14978533513032244,0.04543116710641325,0.1952165022367357
2022-01-19,589430.3999999999,24559.599999999995,24559.6,0,79449.186,3310.38275,6182.405,19,26696.571,1112.357125,1118.556,12,0.13478976652714217,0.04529215154155606,0.18008191806869822
2022-01-20,589430.3999999999,24559.599999999995,24559.6,0,69422.179,2892.590791666667,5365.79,20,25940.675,1080.8614583333333,1098.222,0,0.11777841624727875,0.04400973380402504,0.1617881500513038
2022-01-21,589430.3999999999,24559.599999999995,24559.6,0,55307.414000000004,2304.4755833333334,4924.777,19,25454.536,1060.6056666666666,1087.01,19,0.09383196726873946,0.04318497315374301,0.13701694042248247
2022-01-22,589430.3999999999,24559.599999999995,24559.6,0,52908.46900000001,2204.519541666667,4954.138,19,26006.392,1083.5996666666667,1085.075,17,0.08976202957974345,0.044121226187180035,0.1338832557669235
2022-01-23,589430.3999999999,24559.599999999995,24559.6,0,66024.915,2751.0381249999996,5463.191,20,25902.519,1079.271625,1083.688,3,0.11201477731722016,0.043945000122151835,0.155959777439372
2022-01-24,589430.3999999999,24559.599999999995,24559.6,0,93479.039,3894.9599583333334,6352.372,20,20612.321,858.8467083333334,1071.646,1,0.15859215778487165,0.03496989805751451,0.19356205584238617
2022-01-25,589430.3999999999,24559.599999999995,24559.6,0,75775.506,3157.3127499999996,5833.294,19,18654.638,777.2765833333333,783.241,18,0.12855717316242937,0.031648584803226985,0.16020575796565636
2022-01-26,589430.3999999999,24559.599999999995,24559.6,0,82570.09,3440.4204166666664,5885.909,20,18931.262,788.8025833333332,895.819,6,0.14008454602952275,0.03211789212093574,0.1722024381504585
2022-01-27,589430.3999999999,24559.599999999995,24559.6,0,66971.955,2790.498125,5558.049,19,21608.227,900.3427916666666,939.884,21,0.11362148100946272,0.03665950551583359,0.1502809865252963
2022-01-28,589430.3999999999,24559.599999999995,24559.6,0,54858.446,2285.7685833333335,5435.893,19,14843.682,618.48675,748.49,0,0.09307026919548095,0.025183095408720015,0.11825336460420097
2022-01-29,589430.3999999999,24559.599999999995,24559.6,0,54088.342000000004,2253.6809166666667,5206.284,20,16780.878,699.20325,760.485,20,0.09176374683083874,0.028469651378686955,0.1202333982095257
2022-01-30,589430.3999999999,24559.599999999995,24559.6,0,52934.204,2205.5918333333334,5174.217,20,18525.667,771.9027916666668,791.696,11,0.08980569037497897,0.03142977864731782,0.12123546902229679
2022-01-31,589430.3999999999,24559.599999999995,24559.6,0,50214.76,2092.2816666666668,4214.884,19,19789.261,824.5525416666666,1021.675,18,0.08519200909895386,0.03357353302442494,0.1187655421233788
2022-02-01,589430.3999999999,24559.599999999995,24559.6,0,43982.711,1832.6129583333334,3960.215,19,20509.283,854.5534583333333,860.049,6,0.07461900675635327,0.03479508861436397,0.10941409537071725
2022-02-02,589430.3999999999,24559.599999999995,24559.6,0,45790.669,1907.9445416666667,4418.022,20,21127.911,880.329625,1084.563,10,0.07768630359072082,0.03584462389452597,0.11353092748524679
2022-02-03,589430.3999999999,24559.599999999995,24559.6,0,44736.909,1864.037875,4058.521,19,23967.623,998.6509583333333,1182.144,22,0.07589854374664083,0.04066234622442277,0.11656088997106359
2022-02-04,589430.3999999999,24559.599999999995,24559.6,0,43784.029,1824.3345416666668,3787.507,19,29025.79,1209.4079166666668,1358.973,23,0.07428193218402039,0.04924379536583116,0.12352572754985156
2022-02-05,589430.3999999999,24559.599999999995,24559.6,0,27907.566,1162.8152499999999,2798.057,19,20672.406,861.35025,1359.78,2,0.04734666891968925,0.03507183545334615,0.0824185043730354
2022-02-06,589430.3999999999,24559.599999999995,24559.6,0,32246.318,1343.5965833333332,4052.33,19,11381.764,474.24016666666665,747.252,4,0.054707592278918776,0.0193097675315016,0.07401735981042037
2022-02-07,589430.3999999999,24559.599999999995,24559.6,0,34195.675,1424.8197916666668,3830.141,20,10483.719,436.821625,575.211,17,0.058014780031705196,0.017786186460691543,0.07580096649239673
2022-02-08,589430.3999999999,24559.599999999995,24559.6,0,35427.689,1476.1537083333333,4161.215,20,13793.429,574.7262083333334,582.653,16,0.06010495726043313,0.023401285376526224,0.08350624263695935
2022-02-09,589430.3999999999,24559.599999999995,24559.6,0,44349.113,1847.8797083333332,4897.776,20,19511.487,812.9786250000001,1192.708,23,0.07524062722248463,0.033102274670597245,0.10834290189308188
2022-02-10,589430.3999999999,24559.599999999995,24559.6,0,52353.205,2181.3835416666666,4524.543,8,28486.046000000002,1186.9185833333333,1193.11,0,0.08881999469318178,0.048328090984109416,0.1371480856772912
2022-02-11,589430.3999999999,24559.599999999995,24559.6,0,57381.227,2390.8844583333334,4938.569,19,28484.340000000004,1186.8475,1191.319,2,0.09735030123997677,0.0483251966644408,0.14567549790441758
2022-02-12,589430.3999999999,24559.599999999995,24559.6,0,46106.872,1921.1196666666667,4834.437,19,26052.17,1085.5070833333332,1188.802,6,0.07822275878543083,0.04419889099713894,0.12242164978256978
2022-02-13,589430.3999999999,24559.599999999995,24559.6,0,28127.296,1171.9706666666666,2292.303,20,17781.243,740.8851249999999,815.937,21,0.047719452542658136,0.030166823767488072,0.0778862763101462
2022-02-14,589430.3999999999,24559.599999999995,24559.6,0,36435.034999999996,1518.1264583333332,3835.685,19,17065.079,711.0449583333334,821.419,22,0.061813973286752776,0.028951813479589795,0.09076578676634257
2022-02-15,589430.3999999999,24559.599999999995,24559.6,0,43537.02,1814.0424999999998,4177.177,20,19545.304,814.3876666666666,822.224,4,0.07386286828775714,0.03315964700836605,0.1070225152961232
2022-02-16,589430.3999999999,24559.599999999995,24559.6,0,27839.742999999995,1159.9892916666665,3803.194,20,18410.532,767.1055,819.338,0,0.04723160359560687,0.031234446000749202,0.07846604959635607
2022-02-17,589430.3999999999,24559.599999999995,24559.6,0,42861.983,1785.9159583333333,5089.885,20,18599.76,774.9899999999999,818.119,8,0.07271763214113151,0.031555481359631266,0.10427311350076278
2022-02-18,589430.3999999999,24559.599999999995,24559.6,0,47606.813,1983.6172083333333,3659.024,8,19377.572,807.3988333333333,812.717,13,0.08076748840914892,0.0328750807559298,0.11364256916507873
2022-02-19,589430.3999999999,24559.599999999995,24559.6,0,33028.231,1376.1762916666667,3668.542,20,15121.999,630.0832916666667,806.488,20,0.05603414923967275,0.025655274990906477,0.08168942423057923
2022-02-20,589430.3999999999,24559.599999999995,24559.6,0,39434.492,1643.1038333333333,4336.445,20,16501.182,687.54925,910.212,6,0.06690271149910151,0.027995132249710914,0.09489784374881242
2022-02-21,589430.3999999999,24559.599999999995,24559.6,0,40132.181,1672.1742083333331,4149.515,20,18713.343,779.722625,817.055,21,0.06808637796761077,0.031748180955715896,0.09983455892332667
2022-02-22,589430.3999999999,24559.599999999995,24559.6,0,41168.218,1715.3424166666666,4127.322,20,18720.912,780.038,821.072,22,0.06984406980026821,0.031761022166484805,0.10160509196675302
2022-02-23,589430.3999999999,24559.599999999995,24559.6,0,47695.697,1987.3207083333334,4543.257,20,19144.382,797.6825833333334,820.273,0,0.08091828483905819,0.03247946152760361,0.1133977463666618
2022-02-24,589430.3999999999,24559.599999999995,24559.6,0,53445.99500000001,2226.9164583333336,4060.023,8,19435.995,809.833125,819.092,3,0.09067397100658538,0.03297419848043128,0.12364816948701665
2022-02-25,589430.3999999999,24559.599999999995,24559.6,0,47794.918,1991.4549166666666,4458.077,19,19280.636,803.3598333333333,817.357,1,0.08108661853884701,0.03271062368008165,0.11379724221892866
2022-02-26,589430.3999999999,24559.599999999995,24559.6,0,48590.92,2024.6216666666667,4387.321,20,20601.311,858.3879583333334,1188.865,23,0.08243707823688769,0.03495121900736712,0.11738829724425481
2022-02-27,589430.3999999999,24559.599999999995,24559.6,0,48488.147,2020.3394583333331,4403.793,21,28577.593,1190.7330416666666,1201.68,23,0.08226271838032108,0.0484834053350489,0.13074612371536998
2022-02-28,589430.3999999999,24559.599999999995,24559.6,0,40270.916,1677.9548333333332,4168.057,20,28836.844000000005,1201.5351666666668,1206.793,4,0.0683217492684463,0.048923238434936525,0.11724498770338282
2022-03-01,589430.3999999999,24559.599999999995,24559.6,0,46013.742,1917.2392499999999,5038.197,20,28749.15,1197.8812500000001,1201.304,3,0.07806475879085979,0.04877446090327205,0.12683921969413184
2022-03-02,589430.3999999999,24559.599999999995,24559.6,0,49933.152,2080.5480000000002,4697.184,20,28768.731,1198.697125,1200.843,14,0.08471424616036094,0.04880768111044154,0.13352192727080248
2022-03-03,589430.3999999999,24559.599999999995,24559.6,0,58464.405,2436.016875,4888.375,8,29023.189999999995,1209.2995833333332,1217.349,17,0.09918797028453233,0.049239384327649204,0.14842735461218154
2022-03-04,589430.3999999999,24559.599999999995,24559.6,0,48498.227,2020.7594583333332,4586.278,20,29139.167,1214.1319583333334,1218.686,4,0.08227981963604186,0.04943614547196752,0.13171596510800937
2022-03-05,589430.3999999999,24559.599999999995,24559.6,0,58030.205,2417.9252083333336,4886.494,19,29078.494,1211.6039166666667,1215.108,3,0.09845132690814727,0.049333210502885506,0.14778453741103278
2022-03-06,589430.3999999999,24559.599999999995,24559.6,0,54890.573000000004,2287.1072083333333,5137.351,21,29099.581000000002,1212.4825416666667,1214.809,21,0.09312477435843149,0.04936898571909424,0.14249376007752573
2022-03-07,589430.3999999999,24559.599999999995,24559.6,0,69767.465,2906.9777083333333,5135.895,19,29083.177,1211.7990416666667,1218.446,6,0.11836421229716011,0.04934115546127245,0.16770536775843256
2022-03-08,589430.3999999999,24559.599999999995,24559.6,0,46112.58,1921.3575,5285.306,19,26812.584000000003,1117.191,1215.438,17,0.07823244271079335,0.04548897376178766,0.12372141647258102
2022-03-09,589430.3999999999,24559.599999999995,24559.6,0,52481.276,2186.719833333333,5101.212,20,19401.952,808.4146666666667,812.914,23,0.08903727395125871,0.032916442721651284,0.12195371667291
2022-03-10,589430.3999999999,24559.599999999995,24559.6,0,44973.443,1873.8934583333332,4134.922,8,18457.147,769.0477916666667,813.402,0,0.07629983624869027,0.03131353082569206,0.10761336707438234
2022-03-11,589430.3999999999,24559.599999999995,24559.6,0,50810.71399999999,2117.113083333333,4743.811,20,19001.841,791.743375,816.439,9,0.08620307673306297,0.032237633145490975,0.11844070987855396
2022-03-12,589430.3999999999,24559.599999999995,24559.6,0,49346.66499999999,2056.1110416666666,5143.37,20,18829.618,784.5674166666666,817.992,9,0.08371923979489351,0.03194544767287198,0.1156646874677655
2022-03-13,589430.3999999999,24559.599999999995,24559.6,0,50728.507,2113.6877916666667,5446.035,20,18024.132,751.0055000000001,817.733,11,0.08606360818851556,0.03057889786478608,0.11664250605330165
2022-03-14,589430.3999999999,24559.599999999995,24559.6,0,53870.06,2244.585833333333,3984.991,20,25733.978000000003,1072.2490833333334,1202.509,19,0.09139341981682655,0.043659061358219745,0.1350524811750463
2022-03-15,589430.3999999999,24559.599999999995,24559.6,0,78970.169,3290.4237083333333,5748.826,20,31826.449,1326.1020416666668,1404.025,12,0.13397708872837236,0.05399526220568197,0.18797235093405432
2022-03-16,589430.3999999999,24559.599999999995,24559.6,0,86227.041,3592.7933749999997,5072.365,9,33568.312,1398.6796666666667,1404.438,6,0.14628875775664102,0.056950425359805,0.203239183116446
2022-03-17,589430.3999999999,24559.599999999995,24559.6,0,56751.772,2364.6571666666664,3862.871,20,32610.782,1358.7825833333334,1401.932,19,0.09628239737889326,0.05532592482505145,0.1516083222039447
2022-03-18,589430.3999999999,24559.599999999995,24559.6,0,64043.261,2668.4692083333334,4441.3,20,30756.926,1281.5385833333332,1366.851,19,0.10865279598744823,0.05218075959434736,0.1608335555817956
2022-03-19,589430.3999999999,24559.599999999995,24559.6,0,53365.04800000001,2223.543666666667,4041.646,9,23904.453,996.0188750000001,1082.943,20,0.09053664011900306,0.04055517496213294,0.131091815081136
2022-03-20,589430.3999999999,24559.599999999995,24559.6,0,43664.806000000004,1819.3669166666668,3574.472,20,24496.548,1020.6895,1080.669,21,0.07407966402818723,0.041559695597648175,0.11563935962583541
2022-03-21,589430.3999999999,24559.599999999995,24559.6,0,44787.521,1866.1467083333334,3904.847,20,24413.942,1017.2475833333333,1078.477,12,0.07598440969451187,0.04141955012839515,0.11740395982290702
2022-03-22,589430.3999999999,24559.599999999995,24559.6,0,51753.806,2156.4085833333334,4334.06,20,25759.164000000004,1073.2985,1078.383,14,0.08780308243348155,0.04370179074577763,0.13150487317925919
2022-03-23,589430.3999999999,24559.599999999995,24559.6,0,63691.168,2653.7986666666666,4230.227,20,25846.375,1076.9322916666667,1079.969,6,0.1080554515002959,0.04384974884227214,0.15190520034256805
2022-03-24,589430.3999999999,24559.599999999995,24559.6,0,75854.814,3160.61725,5491.939,20,17025.183,709.3826250000001,959.632,0,0.1286917233994039,0.02888412779524097,0.15757585119464487
2022-03-25,589430.3999999999,24559.599999999995,24559.6,0,68437.141,2851.547541666667,5495.485,20,16333.829999999998,680.57625,697.947,21,0.11610724692856021,0.02771121068747048,0.14381845761603068
2022-03-26,589430.3999999999,24559.599999999995,24559.6,0,64770.451,2698.768791666667,4533.683,19,11925.062,496.87758333333335,523.78,0,0.10988651247034427,0.020231501463107437,0.1301180139334517
2022-03-27,589430.3999999999,24559.6,24559.6,0,46144.1812173913,1922.6742173913042,3807.378,21,11080.921043478262,461.7050434782609,495.867,8,0.07828605585560451,0.018799371466891195,0.0970854273224957
2022-03-28,589430.3999999999,24559.599999999995,24559.6,0,55121.944,2296.7476666666666,4573.838,21,11675.488,486.47866666666664,491.383,6,0.09351730755658345,0.01980808590802239,0.11332539346460585
2022-03-29,589430.3999999999,24559.599999999995,24559.6,0,67277.874,2803.24475,5009.241,21,11694.397,487.2665416666667,490.294,17,0.11414048885160998,0.019840166031477174,0.13398065488308714
2022-03-30,589430.3999999999,24559.599999999995,24559.6,0,60311.309,2512.9712083333334,4443.913,21,10804.662,450.19425,484.883,0,0.10232134107775916,0.018330683317317874,0.12065202439507702
2022-03-31,589430.3999999999,24559.599999999995,24559.6,0,62011.051999999996,2583.793833333333,4437.721,8,13431.467,559.6444583333333,659.469,18,0.10520504541333464,0.0227871976063671,0.12799224301970175
2022-04-01,589430.3999999999,24559.599999999995,24559.6,0,62849.136,2618.714,5459.025,21,4775.949,198.997875,204.63,19,0.10662689946090328,0.008102651305395853,0.11472955076629913
2022-04-02,589430.3999999999,24559.599999999995,24559.6,0,46879.554000000004,1953.3147500000002,4209.884,21,5996.247,249.843625,439.643,14,0.07953365486408576,0.010172951717454684,0.08970660658154044
2022-04-03,589430.3999999999,24559.599999999995,24559.6,0,36153.735,1506.405625,2956.05,21,4474.71,186.44625,201.711,6,0.061336732886529105,0.007591583331976092,0.0689283162185052
2022-04-04,589430.3999999999,24559.599999999995,24559.6,0,55284.51000000001,2303.5212500000002,5108.763,21,15801.233,658.3847083333334,1111.484,22,0.09379310941546282,0.026807631571089653,0.12060074098655246
2022-04-05,589430.3999999999,24559.599999999995,24559.6,0,79361.272,3306.7196666666664,5689.906,21,32531.320999999996,1355.4717083333333,1539.099,23,0.13464061575378536,0.05519111501544542,0.18983173076923077
2022-04-06,589430.3999999999,24559.599999999995,24559.6,0,68916.792,2871.533,5542.742,8,37920.498,1580.02075,1614.523,21,0.11692100034202514,0.06433414021401002,0.18125514055603514
2022-04-07,589430.3999999999,24559.599999999995,24559.6,0,49475.520000000004,2061.48,4762.425,21,35661.792,1485.9080000000001,1601.622,1,0.08393784915063765,0.06050212544178245,0.14443997459242008
2022-04-08,589430.3999999999,24559.599999999995,24559.6,0,45909.304000000004,1912.8876666666667,4317.068,21,34428.652,1434.5271666666667,1601.905,23,0.0778875741733036,0.0584100378942111,0.1362976120675147
2022-04-09,589430.3999999999,24559.599999999995,24559.6,0,63338.129,2639.088708333333,4990.781,21,38029.67,1584.5695833333332,1613.636,4,0.10745650207386659,0.06451935631416365,0.17197585838803026
2022-04-10,589430.3999999999,24559.599999999995,24559.6,0,33603.368,1400.1403333333335,3951.259,0,17930.383,747.0992916666668,1516.568,0,0.057009899726922816,0.030419847703817116,0.08742974743073993
2022-04-11,589430.3999999999,24559.599999999995,24559.6,0,39553.627,1648.0677916666666,4574.116,21,15149.127,631.213625,968.125,22,0.06710483035825775,0.025701299084675652,0.0928061294429334
2022-04-12,589430.3999999999,24559.599999999995,24559.6,0,65887.745,2745.322708333333,5248.81,20,29074.299,1211.4291249999999,1320.332,18,0.11178206112205955,0.049326093462434245,0.1611081545844938
2022-04-13,589430.3999999999,24559.599999999995,24559.6,0,66533.283,2772.220125,4601.531,21,36673.816,1528.0756666666666,1627.467,17,0.1128772506474047,0.062219077943723305,0.175096328591128
2022-04-14,589430.3999999999,24559.599999999995,24559.6,0,50695.136,2112.2973333333334,4131.498,21,34974.849,1457.2853750000002,1621.311,23,0.08600699251345029,0.05933669013338981,0.1453436826468401
2022-04-15,589430.3999999999,24559.599999999995,24559.6,0,44056.639,1835.6932916666667,3159.257,21,30472.742,1269.6975833333333,1620.707,22,0.07474442953739747,0.05169862633484802,0.1264430558722455
2022-04-16,589430.3999999999,24559.599999999995,24559.6,0,34879.665,1453.319375,2885.81,21,19954.789,831.4495416666667,1365.698,0,0.059175205418655036,0.03385436007372542,0.09302956549238045
2022-04-17,589430.3999999999,24559.599999999995,24559.6,0,42168.673,1757.0280416666667,2908.173,21,17463.903,727.6626249999999,810.74,8,0.07154139487885255,0.029628439591850034,0.10116983447070259
2022-04-18,589430.3999999999,24559.599999999995,24559.6,0,48851.427,2035.4761250000001,3673.542,20,23043.893,960.1622083333333,1101.246,21,0.08287904220752783,0.039095189186034524,0.12197423139356235
2022-04-19,589430.3999999999,24559.599999999995,24559.6,0,52283.823,2178.492625,3637.802,21,16783.677,699.319875,836.687,2,0.08870228444274338,0.028474400030945132,0.11717668447368851
2022-04-20,589430.3999999999,24559.599999999995,24559.6,0,58402.66,2433.4441666666667,4234.776,22,16159.062000000002,673.29425,751.277,16,0.09908321661047685,0.02741470748709263,0.1264979240975695
2022-04-21,589430.3999999999,24559.599999999995,24559.6,0,74469.742,3102.9059166666666,5163.449,21,17863.839,744.326625,796.764,21,0.12634187513911738,0.030306952271209633,0.156648827410327
2022-04-22,589430.3999999999,24559.599999999995,24559.6,0,76819.159,3200.7982916666665,5383.394,21,17744.538,739.3557500000001,792.821,12,0.1303277859438536,0.03010455178423102,0.16043233772808463
2022-04-23,589430.3999999999,24559.599999999995,24559.6,0,46739.58,1947.4825,3624.211,21,12799.106,533.2960833333333,691.668,0,0.07929618153390122,0.021714363561838687,0.10101054509573991
2022-04-24,589430.3999999999,24559.599999999995,24559.6,0,58968.344,2457.014333333333,4883.351,21,12121.608,505.067,722.034,23,0.10004292958082923,0.020564952197918537,0.12060788177874777
2022-04-25,589430.3999999999,24559.599999999995,24559.6,0,68671.209,2861.3003750000003,5063.204,8,22320.303,930.012625,1115.149,23,0.11650435573054937,0.037867580294467344,0.15437193602501673
2022-04-26,589430.3999999999,24559.599999999995,24559.6,0,71705.931,2987.747125,5468.133,21,25454.057,1060.5857083333333,1117.279,0,0.12165292288962362,0.04318416050478564,0.16483708339440928
2022-04-27,589430.3999999999,24559.599999999995,24559.6,0,80354.234,3348.093083333333,5579.72,8,29434.46,1226.4358333333332,1609.983,23,0.13632522855963997,0.0499371257403758,0.18626235430001575
2022-04-28,589430.3999999999,24559.599999999995,24559.6,0,95063.068,3960.9611666666665,6322.459,21,36380.217,1515.842375,1614.706,21,0.1612795471696065,0.06172097163634587,0.22300051880595237
2022-04-29,589430.3999999999,24559.599999999995,24559.6,0,98843.201,4118.466708333333,6916.524,21,35469.442,1477.8934166666668,1623.777,7,0.16769274370646647,0.06017579344397576,0.22786853715044222
2022-04-30,589430.3999999999,24559.599999999995,24559.6,0,85759.05,3573.2937500000003,5776.543,22,14721.902000000002,613.4125833333334,1322.61,0,0.14549478615286895,0.024976489166490232,0.17047127531935918
2022-05-01,589430.3999999999,24559.599999999995,24559.6,0,64183.762,2674.3234166666666,4370.192,21,12268.479,511.186625,698.578,21,0.10889116340114119,0.020814126655157254,0.12970529005629844
2022-05-02,589430.3999999999,24559.599999999995,24559.6,0,72241.737,3010.0723749999997,4755.253,21,17098.86,712.4525,976.152,22,0.12256194624505286,0.029009124741445305,0.15157107098649816
2022-05-03,589430.3999999999,24559.599999999995,24559.6,0,92072.396,3836.349833333333,6419.109,21,20501.832,854.2429999999999,987.324,22,0.15620571317665327,0.034782447596866405,0.19098816077351968
2022-05-04,589430.3999999999,24559.599999999995,24559.6,0,105463.94,4394.330833333333,6489.763,21,20508.831000000002,854.5346250000001,988.803,14,0.1789251792917366,0.034794321772341576,0.21371950106407817
2022-05-05,589430.3999999999,24559.599999999995,24559.6,0,84997.848,3541.5769999999998,6254.586,21,20152.621,839.6925416666667,913.341,23,0.14420336650434049,0.034189992575883434,0.1783933590802239
2022-05-06,589430.3999999999,24559.599999999995,24559.6,0,67299.323,2804.1384583333333,5110.805,21,18790.033,782.9180416666667,957.851,0,0.1141768782200579,0.03187828961655185,0.14605516783660974
2022-05-07,589430.3999999999,24559.599999999995,24559.6,0,70818.61,2950.775416666667,5812.497,21,18893.334,787.2222499999999,1017.745,7,0.12014753565476095,0.03205354525318002,0.152201080907941
2022-05-08,589430.3999999999,24559.599999999995,24559.6,0,63031.79299999999,2626.324708333333,6067.646,21,16338.929,680.7887083333334,757.789,22,0.10693678676905705,0.02771986141196654,0.13465664818102357
2022-05-09,589430.3999999999,24559.599999999995,24559.6,0,77454.313,3227.2630416666666,5990.864,21,25734.847,1072.2852916666668,1304.655,11,0.13140535846132131,0.0436605356629044,0.1750658941242257
2022-05-10,589430.3999999999,24559.599999999995,24559.6,0,81566.329,3398.5970416666664,5697.927,21,27203.039,1133.4599583333334,1532.163,22,0.13838161214623476,0.046151401420761476,0.18453301356699625
2022-05-11,589430.3999999999,24559.599999999995,24559.6,0,75601.047,3150.0436250000002,5440.282,21,12520.440000000002,521.6850000000001,1165.602,0,0.12826119419697393,0.02124159188260396,0.1495027860795779
2022-05-12,589430.3999999999,24559.599999999995,24559.6,0,65974.457,2748.935708333333,5319.475,21,13808.962,575.3734166666667,913.39,21,0.11192917263853375,0.02342763793655706,0.1353568105750908
2022-05-13,589430.3999999999,24559.599999999995,24559.6,0,72721.42,3030.0591666666664,5510.082,21,16983.933,707.6638750000001,807.247,0,0.1233757539482185,0.028814144977931243,0.15218989892614973
2022-05-14,589430.3999999999,24559.599999999995,24559.6,0,51257.607,2135.7336250000003,4020.402,21,14818.662,617.44425,695.975,0,0.08696125445854169,0.025140647648984514,0.11210190210752621
2022-05-15,589430.3999999999,24559.599999999995,24559.6,0,50323.459,2096.810791666667,4040.529,21,13411.077999999998,558.7949166666666,716.756,21,0.085376422729469,0.0227526065842549,0.10812902931372391
2022-05-16,589430.3999999999,24559.599999999995,24559.6,0,60326.747,2513.6144583333335,4874.15,21,16155.594999999998,673.1497916666666,758.398,12,0.10234753246524105,0.027408825537332312,0.12975635800257335
2022-05-17,589430.3999999999,24559.599999999995,24559.6,0,62900.11099999999,2620.837958333333,5467.26,21,16556.235,689.843125,769.178,22,0.10671338125756663,0.028088532590107337,0.13480191384767398
2022-05-18,589430.3999999999,24559.599999999995,24559.6,0,57080.982,2378.3742500000003,5100.324,21,17675.147,736.4644583333334,798.433,22,0.09684091964038505,0.029986826264814307,0.12682774590519935
2022-05-19,589430.3999999999,24559.599999999995,24559.6,0,61086.941999999995,2545.28925,3884.852,20,17924.622,746.85925,801.5,7,0.10363724368475058,0.030410073861137806,0.1340473175458884
2022-05-20,589430.3999999999,24559.599999999995,24559.6,0,58008.89599999999,2417.037333333333,4438.655,20,17351.54,722.9808333333334,798.639,18,0.09841517505713991,0.02943780979060463,0.12785298484774454
2022-05-21,589430.3999999999,24559.599999999995,24559.6,0,53680.357,2236.681541666667,4577.139,20,15847.695,660.320625,766.613,21,0.09107157859519972,0.026886456823401038,0.11795803541860075
2022-05-22,589430.3999999999,24559.599999999995,24559.6,0,48588.401,2024.5167083333333,3516.06,10,14635.507999999998,609.8128333333333,707.385,22,0.08243280461951064,0.02482991715391673,0.10726272177342737
2022-05-23,589430.3999999999,24559.599999999995,24559.6,0,58665.944,2444.4143333333336,4369.865,20,16491.646,687.1519166666667,778.8,14,0.09952989190920593,0.02797895391890205,0.12750884582810798
2022-05-24,589430.3999999999,24559.599999999995,24559.6,0,51716.217000000004,2154.842375,3867.846,7,15867.417000000001,661.142375,758.031,9,0.08773931069724265,0.02691991624456425,0.1146592269418069
2022-05-25,589430.3999999999,24559.599999999995,24559.6,0,44922.158,1871.7565833333335,2873.16,22,14570.825,607.1177083333333,675.574,12,0.07621282852055139,0.02472017900671564,0.10093300752726703
2022-05-26,589430.3999999999,24559.599999999995,24559.6,0,40607.276,1691.9698333333333,2578.244,22,14237.07,593.21125,657.755,23,0.06889240188493842,0.024153945911171194,0.09304634779610961
2022-05-27,589430.3999999999,24559.599999999995,24559.6,0,42599.721,1774.988375,3733.397,22,13875.731,578.1554583333333,668.84,12,0.07227269071971856,0.02354091509362259,0.09581360581334115
2022-05-28,589430.3999999999,24559.599999999995,24559.6,0,49072.91,2044.7045833333334,3709.181,21,14198.108,591.5878333333334,696.317,21,0.08325479988816324,0.02408784480746158,0.10734264469562482
2022-05-29,589430.3999999999,24559.599999999995,24559.6,0,36036.97,1501.5404166666667,2769.641,22,14314.478,596.4365833333333,686.358,12,0.061138634858331035,0.024285272697166623,0.08542390755549766
2022-05-30,589430.3999999999,24559.599999999995,24559.6,0,46544.346,1939.34775,3440.799,22,17192.396,716.3498333333333,807.994,8,0.07896495667681885,0.02916781353659398,0.10813277021341283
2022-05-31,589430.3999999999,24559.599999999995,24559.6,0,56569.837,2357.076541666667,4343.543,22,22256.902000000002,927.3709166666667,1145.266,20,0.09597373498211156,0.03776001712840058,0.13373375211051214
2022-06-01,589430.3999999999,24559.599999999995,24559.6,0,51975.913,2165.6630416666667,4337.856,22,20136.151,839.0062916666667,1067.603,6,0.08817989876328064,0.03416205034555395,0.12234194910883459
2022-06-02,589430.3999999999,24559.599999999995,24559.6,0,63304.90800000001,2637.7045000000003,4690.111,22,21841.376,910.0573333333333,1064.112,21,0.10740014088177335,0.037055055185480766,0.14445519606725413
2022-06-03,589430.3999999999,24559.599999999995,24559.6,0,56870.562,2369.60675,3700.505,8,24972.449999999997,1040.51875,1117.282,21,0.09648393092721382,0.042367088633365364,0.1388510195605792
2022-06-04,589430.3999999999,24559.599999999995,24559.6,0,42969.062,1790.3775833333332,2548.714,1,24949.813,1039.5755416666666,1111.134,22,0.07289929735554869,0.04232868375977893,0.11522798111532762
2022-06-05,589430.3999999999,24559.599999999995,24559.6,0,34885.092,1453.5455,3299.078,22,21841.031,910.0429583333333,1130.48,23,0.05918441261258327,0.037054469874645085,0.09623888248722835
2022-06-06,589430.3999999999,24559.599999999995,24559.6,0,41257.077,1719.0448749999998,4071.407,21,23615.671,983.9862916666666,1103.569,23,0.0699948238163488,0.04006524095126414,0.11006006476761294
2022-06-07,589430.3999999999,24559.599999999995,24559.6,0,40116.967,1671.5402916666665,2541.984,22,24028.179,1001.174125,1109.49,0,0.06806056660803379,0.0407650826967866,0.10882564930482039
2022-06-08,589430.3999999999,24559.599999999995,24559.6,0,39273.705,1636.404375,3185.992,22,15472.16,644.6733333333333,778.436,0,0.06662992780827051,0.026249341737379004,0.09287926954564951
2022-06-09,589430.3999999999,24559.599999999995,24559.6,0,41990.272,1749.5946666666666,3348.447,22,15991.631,666.3179583333333,763.658,21,0.07123872810089199,0.027130651897153593,0.09836937999804558
2022-06-10,589430.3999999999,24559.599999999995,24559.6,0,46469.375,1936.2239583333333,3778.23,21,15965.497,665.2290416666666,744.051,23,0.07883776439084243,0.027086314177212443,0.10592407856805487
2022-06-11,589430.3999999999,24559.599999999995,24559.6,0,42766.557,1781.939875,3209.399,22,14396.580999999998,599.8575416666666,702.574,22,0.0725557368605352,0.024424564800186756,0.09698030166072195
2022-06-12,589430.3999999999,24559.599999999995,24559.6,0,35703.612,1487.6505,2969.406,21,13465.597000000002,561.0665416666667,693.135,0,0.060573075294385915,0.022845100965270884,0.0834181762596568
2022-06-13,589430.3999999999,24559.599999999995,24559.6,0,62497.151,2604.047958333333,4565.294,22,23604.469,983.5195416666667,1116.109,22,0.10602973820149081,0.040046236162912544,0.14607597436440334
2022-06-14,589430.3999999999,24559.599999999995,24559.6,0,58736.145000000004,2447.339375,3829.826,21,29144.357,1214.3482083333333,1435.219,17,0.09964899163667162,0.04944495058279994,0.14909394221947156
2022-06-15,589430.3999999999,24559.599999999995,24559.6,0,70232.519,2926.3549583333333,3531.319,19,37991.933,1582.9972083333332,1621.079,9,0.11915320112433972,0.06445533348805899,0.1836085346123987
2022-06-16,589430.3999999999,24559.599999999995,24559.6,0,39083.438,1628.4765833333333,2796.152,20,38930.674,1622.1114166666666,1821.589,20,0.06630712973066881,0.06604795748573539,0.1323550872164042
2022-06-17,589430.3999999999,24559.599999999995,24559.6,0,29574.021,1232.250875,2056.603,21,42360.239,1765.0099583333333,1831.068,7,0.05017389839411066,0.07186639677899206,0.12204029517310272
2022-06-18,589430.3999999999,24559.599999999995,24559.6,0,35891.98,1495.4991666666667,2516.07,22,38366.456,1598.6023333333333,1719.91,0,0.06089265161756165,0.06509073166229636,0.125983383279858
2022-06-19,589430.3999999999,24559.599999999995,24559.6,0,25833.206,1076.3835833333333,2505.663,22,33035.816,1376.4923333333334,1622.62,22,0.043827406933880576,0.056047017595292,0.09987442452917258
2022-06-20,589430.3999999999,24559.599999999995,24559.6,0,34980.042,1457.5017500000001,2720.134,22,34531.717,1438.8215416666665,1625.735,4,0.05934550033388167,0.0585848931442966,0.11793039347817827
2022-06-21,589430.3999999999,24559.599999999995,24559.6,0,38228.964,1592.8735,2613.672,7,26273.153,1094.7147083333332,1111.403,10,0.06485746917702244,0.044573800401200896,0.10943126957822333
2022-06-22,589430.3999999999,24559.599999999995,24559.6,0,31389.066999999995,1307.8777916666666,2466.522,22,25629.413,1067.8922083333334,1093.834,22,0.05325322039718345,0.04348166127841388,0.09673488167559732
2022-06-23,589430.3999999999,24559.599999999995,24559.6,0,23678.989,986.6245416666667,1888.361,0,33143.895,1380.9956249999998,1558.827,21,0.04017266330341972,0.056230379362856076,0.09640304266627579
2022-06-24,589430.3999999999,24559.599999999995,24559.6,0,25429.295,1059.5539583333332,2465.947,22,30294.992,1262.2913333333333,1459.418,1,0.04314215045576204,0.051397064012986104,0.09453921446874815
2022-06-25,589430.3999999999,24559.599999999995,24559.6,0,25895.483,1078.9784583333333,1898.692,0,29375.462,1223.9775833333333,1286.676,0,0.04393306317421023,0.04983703249781485,0.09377009567202507
2022-06-26,589430.3999999999,24559.599999999995,24559.6,0,26620.865000000005,1109.2027083333335,1839.598,22,29233.134,1218.0472499999998,1286.781,0,0.045163712289016666,0.049595565481522504,0.09475927777053916
2022-06-27,589430.3999999999,24559.599999999995,24559.6,0,28095.458,1170.6440833333334,2529.265,22,30158.29,1256.5954166666668,1289.269,20,0.047665437683567055,0.05116514180469824,0.09883057948826529
2022-06-28,589430.3999999999,24559.599999999995,24559.6,0,33761.047,1406.7102916666665,2585.318,22,30871.005000000005,1286.2918750000001,1290.751,22,0.05727741053057325,0.052374300680792865,0.10965171121136612
2022-06-29,589430.3999999999,24559.599999999995,24559.6,0,30152.732,1256.3638333333333,1949.59,7,30626.489,1276.1037083333333,1291.488,16,0.05115571236230775,0.05195946629152485,0.1031151786538326
2022-06-30,589430.3999999999,24559.599999999995,24559.6,0,34970.121,1457.088375,2675.99,22,23646.882,985.2867500000001,1213.039,0,0.059328668830111245,0.04011819207153212,0.09944686090164337
2022-07-01,589430.3999999999,24559.599999999995,24559.6,0,39268.561,1636.1900416666667,2793.843,21,24132.135,1005.5056249999999,1275.606,23,0.06662120073888284,0.04094144957572599,0.10756265031460882
2022-07-02,589430.3999999999,24559.599999999995,24559.6,0,34319.462,1429.9775833333333,2511.43,22,28051.299,1168.8041249999999,1290.825,4,0.05822479125610081,0.04759051959315299,0.1058153108492538
2022-07-03,589430.3999999999,24559.599999999995,24559.6,0,31868.587999999996,1327.8578333333332,2132.569,22,26001.532,1083.3971666666666,1288.972,23,0.05406675325873929,0.04411298093888609,0.09817973419762538
2022-07-04,589430.3999999999,24559.599999999995,24559.6,0,33645.799,1401.9082916666666,2615.708,21,30771.954000000005,1282.1647500000001,1290.815,3,0.05708188617349903,0.05220625539503902,0.10928814156853806
2022-07-05,589430.3999999999,24559.599999999995,24559.6,0,30884.400999999998,1286.8500416666666,1892.725,8,29246.055999999997,1218.5856666666666,1291.621,17,0.052397027706748756,0.04961748834128678,0.10201451604803553
2022-07-06,589430.3999999999,24559.599999999995,24559.6,0,30206.430999999997,1258.6012916666666,2122.278,8,30907.723,1287.8217916666667,1292.423,6,0.05124681556974327,0.05243659471924082,0.10368341028898409
2022-07-07,589430.3999999999,24559.599999999995,24559.6,0,27913.951,1163.0812916666666,2244.325,21,30838.197,1284.924875,1292.906,12,0.04735750141153223,0.052318640165149276,0.0996761415766815
2022-07-08,589430.3999999999,24559.599999999995,24559.6,0,28680.443999999996,1195.0185,2466.644,21,29264.985,1219.374375,1289.963,2,0.04865789752276096,0.0496496023958045,0.09830749991856547
2022-07-09,589430.3999999999,24559.599999999995,24559.6,0,29536.242999999995,1230.6767916666665,2521.066,22,25342.551,1055.939625,1263.902,4,0.05010980600932697,0.042994984649587134,0.09310479065891411
2022-07-10,589430.3999999999,24559.599999999995,24559.6,0,25719.222,1071.63425,2397.999,22,22267.645,927.8185416666666,1119.033,23,0.04363402701998405,0.03777824319885775,0.0814122702188418
2022-07-11,589430.3999999999,24559.599999999995,24559.6,0,35046.986,1460.2910833333333,2477.389,21,28800.958,1200.0399166666666,1251.569,3,0.059459074387747904,0.04886235592870677,0.10832143031645466
2022-07-12,589430.3999999999,24559.599999999995,24559.6,0,40461.208,1685.8836666666666,3253.043,21,19260.964,802.5401666666667,1091.423,0,0.06864458975987667,0.032677249086575794,0.10132183884645246
2022-07-13,589430.3999999999,24559.599999999995,24559.6,0,45194.235,1883.093125,3470.531,21,13159.114000000001,548.2964166666667,809.869,5,0.07667442161110118,0.022325136267148764,0.09899955787824993
2022-07-14,589430.3999999999,24559.599999999995,24559.6,0,39913.108,1663.0461666666667,2661.253,0,6415.282000000001,267.3034166666667,375.67,15,0.06771470898005941,0.010883866865366975,0.07859857584542639
2022-07-15,589430.3999999999,24559.599999999995,24559.6,0,28887.471999999998,1203.6446666666666,2481.825,22,23061.977,960.9157083333333,1288.828,23,0.049009131527657894,0.03912586965314311,0.088135001180801
2022-07-16,589430.3999999999,24559.599999999995,24559.6,0,27649.177,1152.0490416666667,2583.231,22,29035.833,1209.8263749999999,1292.491,9,0.04690829824861426,0.04926083384908549,0.09616913209769976
2022-07-17,589430.3999999999,24559.599999999995,24559.6,0,24813.943,1033.9142916666667,2451.567,22,28349.340000000004,1181.2225,1287.699,21,0.04209817308370929,0.04809616198960896,0.09019433507331825
2022-07-18,589430.3999999999,24559.599999999995,24559.6,0,28143.799,1172.6582916666666,2417.485,22,27361.570999999996,1140.0654583333333,1290.077,5,0.04774745075924147,0.04642035938424621,0.09416781014348768
2022-07-19,589430.3999999999,24559.599999999995,24559.6,0,29537.502,1230.72925,3264.937,22,29610.824,1233.7843333333333,1256.658,23,0.05011194196973893,0.050236336639576114,0.10034827860931504
2022-07-20,589430.3999999999,24559.599999999995,24559.6,0,35784.26,1491.0108333333335,2280.161,7,30320.287000000004,1263.3452916666668,1290.189,23,0.06070989891257731,0.05143997832483701,0.11214987723741432
2022-07-21,589430.3999999999,24559.599999999995,24559.6,0,32238.538,1343.2724166666667,3064.45,21,30788.795999999995,1282.8664999999999,1296.183,0,0.054694393095435875,0.05223482874313914,0.106929221838575
2022-07-22,589430.3999999999,24559.599999999995,24559.6,0,39435.714,1643.15475,2683.222,8,30574.382000000005,1273.9325833333335,1284.605,15,0.06690478468704703,0.051871063996699204,0.11877584868374623
2022-07-23,589430.3999999999,24559.599999999995,24559.6,0,31529.432,1313.7263333333333,3049.189,21,30204.113,1258.5047083333334,1266.039,10,0.05349135707964843,0.051242882959548756,0.10473424003919718
2022-07-24,589430.3999999999,24559.599999999995,24559.6,0,36011.855,1500.4939583333335,3109.318,22,29793.156,1241.3815,1262.801,10,0.061096025926046585,0.05054567256795714,0.11164169849400372
2022-07-25,589430.3999999999,24559.599999999995,24559.6,0,32312.591999999997,1346.358,2422.279,0,29812.941,1242.2058749999999,1264.542,15,0.05482002964217659,0.05057923887196861,0.10539926851414519
2022-07-26,589430.3999999999,24559.599999999995,24559.6,0,40657.303,1694.0542916666666,3037.774,21,26395.0,1099.7916666666667,1256.403,3,0.0689772753492185,0.04478052031249152,0.11375779566171003
2022-07-27,589430.3999999999,24559.599999999995,24559.6,0,41590.177,1732.9240416666669,3614.34,21,25550.17,1064.5904166666667,1199.25,21,0.07055994566958204,0.04334722131739388,0.11390716698697592
2022-07-28,589430.3999999999,24559.599999999995,24559.6,0,48283.044,2011.7935,3214.964,8,29208.025999999998,1217.0010833333333,1254.367,20,0.08191475024023194,0.049552968425110075,0.13146771866534201
2022-07-29,589430.3999999999,24559.599999999995,24559.6,0,45260.594,1885.8580833333333,3239.908,0,30209.252,1258.7188333333334,1266.409,9,0.07678700318137646,0.051251601546170686,0.12803860472754713
2022-07-30,589430.3999999999,24559.599999999995,24559.6,0,26639.445,1109.976875,2483.482,21,29727.494999999995,1238.6456249999999,1261.409,0,0.0451952342464861,0.050434275191778365,0.09562950943826447
2022-07-31,589430.3999999999,24559.599999999995,24559.6,0,23288.081,970.3367083333333,2807.339,22,27579.771,1149.157125,1235.118,0,0.03950946710587035,0.046790547280900346,0.0863000143867707
2022-08-01,589430.3999999999,24559.599999999995,24559.6,0,38728.172,1613.6738333333333,3190.026,21,29898.202000000005,1245.7584166666668,1284.99,20,0.06570440208038134,0.05072388868982667,0.116428290770208
2022-08-02,589430.3999999999,24559.599999999995,24559.6,0,40738.499,1697.4374583333336,3407.721,22,30446.096,1268.5873333333334,1278.974,2,0.06911502867853442,0.051653419979695664,0.12076844865823008
2022-08-03,589430.3999999999,24559.599999999995,24559.6,0,33687.086,1403.6285833333334,2698.045,22,19667.233,819.4680416666666,1134.455,0,0.0571519317632752,0.03336650603701472,0.09051843780028992
2022-08-04,589430.3999999999,24559.599999999995,24559.6,0,32109.511,1337.8962916666667,2964.198,21,19417.923,809.080125,811.808,22,0.05447549193255048,0.03294353837196046,0.08741903030451094
2022-08-05,589430.3999999999,24559.599999999995,24559.6,0,30001.162000000004,1250.0484166666668,2828.447,21,19206.625,800.2760416666666,812.595,20,0.05089856580183175,0.03258506008512626,0.08348362588695801
2022-08-06,589430.3999999999,24559.599999999995,24559.6,0,27504.881999999998,1146.03675,2995.708,22,19408.761,808.6983749999999,811.472,0,0.04666349411228196,0.032927994552028536,0.0795914886643105
2022-08-07,589430.3999999999,24559.599999999995,24559.6,0,24341.388,1014.2244999999999,2517.224,22,23730.917,988.7882083333334,1269.05,8,0.04129645841137478,0.04026076191523207,0.08155722032660685
2022-08-08,589430.3999999999,24559.599999999995,24559.6,0,32018.114999999998,1334.088125,3230.9,21,30129.743,1255.4059583333333,1278.73,8,0.05432043376113618,0.05111671030201361,0.1054371440631498
2022-08-09,589430.3999999999,24559.599999999995,24559.6,0,30377.660000000003,1265.7358333333334,3326.991,21,28401.851,1183.4104583333333,1268.448,13,0.05153731466853425,0.048185249691905956,0.0997225643604402
2022-08-10,589430.3999999999,24559.599999999995,24559.6,0,32825.607,1367.733625,3411.838,21,29833.036,1243.0431666666666,1271.825,9,0.05569038685483478,0.05061333110745561,0.10630371796229039
2022-08-11,589430.3999999999,24559.599999999995,24559.6,0,33676.242,1403.1767499999999,3852.553,21,30180.665999999997,1257.52775,1276.049,2,0.057133534340950184,0.051203103877913325,0.10833663821886351
2022-08-12,589430.3999999999,24559.599999999995,24559.6,0,46091.04,1920.46,3875.229,21,30222.033000000003,1259.251375,1275.7,4,0.07819589895600906,0.05127328519194125,0.1294691841479503
2022-08-13,589430.3999999999,24559.599999999995,24559.6,0,29940.617,1247.5257083333333,2285.4,10,30134.444000000003,1255.6018333333334,1266.994,5,0.050795847991552526,0.05112468579835721,0.10192053378990973
2022-08-14,589430.3999999999,24559.599999999995,24559.6,0,19224.103,801.0042916666666,1711.159,22,29001.304000000004,1208.3876666666667,1263.709,0,0.032614712441027816,0.049202253565476105,0.08181696600650393
2022-08-15,589430.3999999999,24559.599999999995,24559.6,0,23362.474,973.4364166666666,2587.487,22,28793.47,1199.7279166666667,1273.378,4,0.03963567878412787,0.04884965213874277,0.08848533092287064
2022-08-16,589430.3999999999,24559.599999999995,24559.6,0,26833.238,1118.0515833333334,2665.479,22,28912.986,1204.70775,1246.597,0,0.045524014370483784,0.04905241738464797,0.09457643175513175
2022-08-17,589430.3999999999,24559.599999999995,24559.6,0,25785.193,1074.3830416666667,2991.773,21,27479.982000000004,1144.99925,1244.559,11,0.04374595032763835,0.0466212499389241,0.09036720026656245
2022-08-18,589430.3999999999,24559.599999999995,24559.6,0,31052.176,1293.8406666666667,3502.229,22,28226.281000000003,1176.0950416666667,1244.571,1,0.05268166691097033,0.04788738585590429,0.10056905276687461
2022-08-19,589430.3999999999,24559.599999999995,24559.6,0,36477.814,1519.9089166666665,3716.24,21,29660.099000000002,1235.8374583333334,1248.774,7,0.06188655013382412,0.05031993429588974,0.11220648442971386
2022-08-20,589430.3999999999,24559.599999999995,24559.6,0,32419.922,1350.8300833333333,3108.748,22,29322.519,1221.771625,1243.577,0,0.055002120691433634,0.04974721188455839,0.10474933257599203
2022-08-21,589430.3999999999,24559.599999999995,24559.6,0,21378.233,890.7597083333334,2361.146,0,28745.253,1197.718875,1225.826,3,0.036269308471364906,0.04876784943565857,0.08503715790702347
2022-08-22,589430.3999999999,24559.599999999995,24559.6,0,30351.474,1264.64475,3250.913,21,28958.346000000005,1206.5977500000001,1221.38,2,0.05149288872782945,0.04912937303539147,0.10062226176322092
2022-08-23,589430.3999999999,24559.599999999995,24559.6,0,38161.312,1590.0546666666667,3564.812,21,28251.481,1177.1450416666667,1201.374,0,0.06474269396352819,0.04793013899520623,0.11267283295873443
2022-08-24,589430.3999999999,24559.599999999995,24559.6,0,34441.971,1435.082125,2592.125,8,28091.741,1170.4892083333334,1187.839,13,0.058432634285574686,0.04765913159552002,0.1060917658810947
2022-08-25,589430.3999999999,24559.599999999995,24559.6,0,25399.45,1058.3104166666667,2452.743,21,28098.004,1170.7501666666667,1173.61,16,0.04309151682709274,0.047669757107879074,0.09076127393497181
2022-08-26,589430.3999999999,24559.599999999995,24559.6,0,28664.243000000002,1194.3434583333335,3182.601,21,28099.040999999997,1170.793375,1180.182,15,0.048630411665228,0.047671516433492406,0.0963019280987204
2022-08-27,589430.3999999999,24559.599999999995,24559.6,0,32662.506999999998,1360.9377916666665,2981.051,21,27852.406000000003,1160.5169166666667,1175.616,2,0.05541367903657498,0.047253087048106115,0.10266676608468109
2022-08-28,589430.3999999999,24559.599999999995,24559.6,0,25078.871,1044.9529583333333,2581.19,21,20641.537,860.0640416666666,968.008,0,0.04254763751581188,0.03501946455425442,0.0775671020700663
2022-08-29,589430.3999999999,24559.599999999995,24559.6,0,35336.543,1472.3559583333333,3682.056,21,20108.497,837.8540416666666,857.04,0,0.059950323227305556,0.034115133864829505,0.09406545709213507
2022-08-30,589430.3999999999,24559.599999999995,24559.6,0,45598.691,1899.9454583333334,3392.749,21,21235.309,884.8045416666668,1040.08,8,0.07736060271068476,0.03602683030939701,0.11338743302008178
2022-08-31,589430.3999999999,24559.599999999995,24559.6,0,29004.306000000004,1208.51275,3194.783,21,12171.433,507.1430416666667,719.086,0,0.04920734661802311,0.020649482958462955,0.06985682957648606
2022-09-01,589430.3999999999,24559.599999999995,24559.6,0,24055.598,1002.3165833333334,1613.132,21,19085.917,795.2465416666668,809.351,22,0.04081160048752152,0.03238027254786995,0.07319187303539147
2022-09-02,589430.3999999999,24559.599999999995,24559.6,0,21181.549,882.5645416666666,1591.954,21,19492.738,812.1974166666668,858.764,18,0.03593562361221953,0.033070465995645976,0.0690060896078655
2022-09-03,589430.3999999999,24559.599999999995,24559.6,0,19322.63,805.1095833333334,1917.556,21,13259.311999999998,552.4713333333333,749.347,0,0.032781868732932685,0.022495127499362097,0.05527699623229478
2022-09-04,589430.3999999999,24559.599999999995,24559.6,0,19080.265,795.0110416666666,2712.586,21,12544.675,522.6947916666667,928.17,23,0.03237068362948366,0.021282707848119135,0.05365339147760279
2022-09-05,589430.3999999999,24559.599999999995,24559.6,0,23494.552,978.9396666666667,2554.119,21,24169.912,1007.0796666666666,1019.932,22,0.039859756130664455,0.04100554026395653,0.08086529639462098
2022-09-06,589430.3999999999,24559.599999999995,24559.6,0,20362.203,848.4251250000001,2385.23,21,24436.563,1018.190125,1021.812,1,0.03454555957751756,0.041457927857131226,0.07600348743464878
2022-09-07,589430.3999999999,24559.599999999995,24559.6,0,27626.975,1151.1239583333333,2520.882,21,23838.775,993.2822916666668,1021.993,12,0.04687063137564673,0.04044374874455068,0.0873143801201974
2022-09-08,589430.3999999999,24559.599999999995,24559.6,0,36500.415,1520.850625,2950.603,21,23159.913,964.9963750000001,1022.308,0,0.06192489393149727,0.039292023282138155,0.10121691721363543
2022-09-09,589430.3999999999,24559.599999999995,24559.6,0,56805.039000000004,2366.8766250000003,4037.164,21,23083.21,961.8004166666666,988.496,10,0.09637276767536933,0.03916189256611129,0.13553466024148061
2022-09-10,589430.3999999999,24559.599999999995,24559.6,0,35080.023,1461.667625,2734.495,21,23107.785,962.824375,1012.367,9,0.05951512341406213,0.03920358535969642,0.09871870877375855
2022-09-11,589430.3999999999,24559.599999999995,24559.6,0,25672.311999999998,1069.6796666666667,2548.464,21,23148.017,964.5007083333334,971.891,6,0.043554441711862846,0.0392718410859026,0.08282628279776544
2022-09-12,589430.3999999999,24559.599999999995,24559.6,0,26882.572,1120.1071666666667,2205.333,21,23112.587,963.0244583333333,971.716,3,0.04560771212343307,0.03921173220790784,0.08481944433134092
2022-09-13,589430.3999999999,24559.599999999995,24559.6,0,37163.734,1548.4889166666665,2485.921,21,23102.284,962.5951666666666,972.255,23,0.06305024986834748,0.039194252620835306,0.10224450248918279
2022-09-14,589430.3999999999,24559.599999999995,24559.6,0,41722.182,1738.42425,3176.469,21,22954.602,956.44175,972.057,0,0.0707838991677389,0.03894370225899445,0.10972760142673335
2022-09-15,589430.3999999999,24559.599999999995,24559.6,0,61361.732,2556.7388333333333,4003.161,21,20682.986,861.7910833333334,949.117,0,0.10410343952398793,0.03508978498564038,0.13919322450962832
2022-09-16,589430.3999999999,24559.599999999995,24559.6,0,66320.706,2763.3627500000002,3855.185,8,20190.795,841.2831249999999,887.027,11,0.11251660246909562,0.034254756795713284,0.1467713592648089
2022-09-17,589430.3999999999,24559.599999999995,24559.6,0,45446.445,1893.601875,2911.995,20,19313.197,804.7165416666667,875.714,1,0.07710230928028144,0.03276586514709795,0.1098681744273794
2022-09-18,589430.3999999999,24559.599999999995,24559.6,0,43225.731,1801.072125,3140.798,20,16630.086,692.92025,853.04,22,0.07333474995521101,0.028213824736559232,0.10154857469177024
2022-09-19,589430.3999999999,24559.599999999995,24559.6,0,57751.054000000004,2406.293916666667,3642.275,21,20290.451,845.4354583333334,877.608,22,0.0979777324006363,0.03442382849612101,0.1324015608967573
2022-09-20,589430.3999999999,24559.599999999995,24559.6,0,58247.27100000001,2426.969625,3233.649,21,14422.746,600.9477499999999,706.677,0,0.09881959091353282,0.024468955113275462,0.12328854602680828
2022-09-21,589430.3999999999,24559.599999999995,24559.6,0,62743.865999999995,2614.32775,3506.893,22,14693.124,612.2135,740.619,4,0.10644830331112885,0.02492766576002867,0.13137596907115753
2022-09-22,589430.3999999999,24559.599999999995,24559.6,0,58845.254,2451.885583333333,3851.625,21,27746.068,1156.0861666666667,1307.923,16,0.09983410085397701,0.04707267897957079,0.1469067798335478
2022-09-23,589430.3999999999,24559.599999999995,24559.6,0,59219.024999999994,2467.459375,3673.724,8,13875.0,578.125,699.496,0,0.1004682232202479,0.023539674913272208,0.1240078981335201
2022-09-24,589430.3999999999,24559.599999999995,24559.6,0,51218.038,2134.0849166666667,2902.901,21,21218.317,884.0965416666667,1152.247,21,0.0868941235470719,0.03599800247832484,0.12289212602539674
2022-09-25,589430.3999999999,24559.599999999995,24559.6,0,47159.097,1964.962375,2959.322,21,20335.354,847.3064166666667,981.457,0,0.08000791442043031,0.03450000882207637,0.11450792324250669
2022-09-26,589430.3999999999,24559.599999999995,24559.6,0,44950.261,1872.9275416666667,3300.557,8,26797.788999999997,1116.5745416666666,1216.294,12,0.07626050675363878,0.04546387325797923,0.121724380011618
2022-09-27,589430.3999999999,24559.599999999995,24559.6,0,17621.161,734.2150416666667,1731.321,21,25821.652000000002,1075.9021666666667,1204.865,0,0.029895236146625627,0.04380780495882127,0.0737030411054469
2022-09-28,589430.3999999999,24559.599999999995,24559.6,0,19067.99,794.4995833333334,1755.004,21,24153.93,1006.41375,1195.428,9,0.03234985843960543,0.04097842595156274,0.07332828439116817
2022-09-29,589430.3999999999,24559.599999999995,24559.6,0,23036.839,959.8682916666667,1838.958,21,24612.306000000004,1025.51275,1184.627,20,0.03908322170013628,0.041756085196827324,0.0808393068969636
2022-09-30,589430.3999999999,24559.599999999995,24559.6,0,23379.697,974.1540416666667,2064.024,21,23390.434,974.6014166666668,1160.032,20,0.03966489851897697,0.03968311441011527,0.07934801292909224
2022-10-01,589430.3999999999,24559.599999999995,24559.6,0,18673.027000000002,778.0427916666667,1893.544,21,24518.025999999998,1021.5844166666666,1163.739,20,0.031679782719045375,0.04159613416613735,0.07327591688518273
2022-10-02,589430.3999999999,24559.599999999995,24559.6,0,15416.736999999997,642.3640416666666,1864.586,21,25284.521,1053.5217083333334,1163.432,0,0.026155313672318225,0.04289653367047238,0.0690518473427906
2022-10-03,589430.3999999999,24559.599999999995,24559.6,0,28337.589999999997,1180.7329166666666,2572.94,20,17802.219,741.759125,1153.278,1,0.04807622749013285,0.030202410666297502,0.07827863815643035
2022-10-04,589430.3999999999,24559.599999999995,24559.6,0,23879.537,994.9807083333334,2474.414,20,4717.588,196.56616666666665,400.521,0,0.040512903643924715,0.008003638767189477,0.048516542411114194
2022-10-05,589430.3999999999,24559.599999999995,24559.6,0,16690.394,695.4330833333333,1260.931,20,8969.186,373.7160833333333,813.402,21,0.028316140463742628,0.015216700733453858,0.043532841197196484
2022-10-06,589430.3999999999,24559.599999999995,24559.6,0,17384.435,724.3514583333334,2142.648,20,19000.995,791.708125,815.613,20,0.029493617906371988,0.03223619786152869,0.06172981576790068
2022-10-07,589430.3999999999,24559.599999999995,24559.6,0,21789.067,907.8777916666667,1774.582,20,19214.925,800.6218749999999,815.94,18,0.03696631018691944,0.03259914147624555,0.069565451663165
2022-10-08,589430.3999999999,24559.599999999995,24559.6,0,13734.356,572.2648333333333,1311.878,21,12068.166,502.84024999999997,813.56,1,0.02330106489247925,0.02047428500464177,0.04377534989712102
2022-10-09,589430.3999999999,24559.599999999995,24559.6,0,12748.432,531.1846666666667,1682.159,20,14674.253,611.4272083333334,777.054,20,0.02162839242767255,0.024895650105593473,0.04652404253326602
2022-10-10,589430.3999999999,24559.599999999995,24559.6,0,22924.260000000002,955.1775000000001,2213.371,20,19846.672,826.9446666666666,1020.188,21,0.03889222544341114,0.03367093383714176,0.0725631592805529
2022-10-11,589430.3999999999,24559.599999999995,24559.6,0,19702.217,820.9257083333333,1748.321,20,28960.034,1206.6680833333332,1289.126,14,0.033425858252305964,0.049132236817103436,0.08255809506940939
2022-10-12,589430.3999999999,24559.599999999995,24559.6,0,13998.469000000001,583.2695416666667,1396.401,20,23920.358,996.6815833333334,1260.728,1,0.023749146633767114,0.040582158639934425,0.06433130527370154
2022-10-13,589430.3999999999,24559.599999999995,24559.6,0,19783.655,824.3189583333333,1923.009,20,27226.800000000003,1134.45,1265.544,9,0.033564022147483406,0.04619171322008503,0.07975573536756844
2022-10-14,589430.3999999999,24559.599999999995,24559.6,0,19032.193,793.0080416666666,1875.841,21,25447.533000000003,1060.313875,1244.56,20,0.03228912692660576,0.04317309219205526,0.07546221911866102
2022-10-15,589430.3999999999,24559.599999999995,24559.6,0,14114.143,588.0892916666667,1369.827,21,14924.961,621.873375,981.817,0,0.023945393722481913,0.025320989551947105,0.04926638327442902
2022-10-16,589430.3999999999,24559.599999999995,24559.6,0,15334.669999999998,638.9445833333333,1415.476,20,6996.739,291.53079166666663,512.413,0,0.026016082645211377,0.01187033956850546,0.03788642221371684
2022-10-17,589430.3999999999,24559.599999999995,24559.6,0,19850.652000000002,827.1105000000001,2507.32,21,14602.578,608.44075,919.873,21,0.033677686118666436,0.024774049658789234,0.058451735777455674
2022-10-18,589430.3999999999,24559.599999999995,24559.6,0,19944.933,831.0388750000001,2283.908,21,6574.931999999999,273.9555,641.188,0,0.03383763884590955,0.011154721575269956,0.0449923604211795
2022-10-19,589430.3999999999,24559.599999999995,24559.6,0,21356.226,889.8427499999999,2183.341,20,5954.97,248.12375,273.069,18,0.03623197242626102,0.01010292309320999,0.04633489551947101
2022-10-20,589430.3999999999,24559.599999999995,24559.6,0,27176.112,1132.338,1892.595,21,6162.513999999999,256.77141666666665,258.905,9,0.04610571833417483,0.01045503251953072,0.05656075085370555
2022-10-21,589430.3999999999,24559.599999999995,24559.6,0,33545.937,1397.747375,2124.683,21,5813.407,242.22529166666666,260.128,19,0.056912464983143056,0.00986275394007503,0.06677521892321808
2022-10-22,589430.3999999999,24559.599999999995,24559.6,0,28266.809,1177.7837083333334,1925.634,20,3035.312,126.47133333333333,210.292,13,0.04795614376184195,0.005149568125430925,0.05310571188727287
2022-10-23,589430.3999999999,24559.599999999995,24559.6,0,28676.309,1194.8462083333334,2385.441,21,3450.901,143.78754166666667,242.917,16,0.048650882275498526,0.005854636951198988,0.05450551922669752
2022-10-24,589430.3999999999,24559.599999999995,24559.6,0,40792.638,1699.69325,3341.537,20,5958.66,248.2775,305.79,9,0.06920687836935456,0.010109183374322058,0.07931606174367661
2022-10-25,589430.3999999999,24559.599999999995,24559.6,0,30096.489,1254.020375,2144.951,20,5965.267,248.55279166666665,268.604,10,0.05106029312366652,0.010120392500963643,0.061180685624630166
2022-10-26,589430.3999999999,24559.599999999995,24559.6,0,38665.263999999996,1611.0526666666665,2800.566,9,5660.709,235.862875,249.937,2,0.065597675315016,0.00960369366764931,0.0752013689826653
2022-10-27,589430.3999999999,24559.599999999995,24559.6,0,23661.388,985.8911666666667,1878.607,19,3476.411,144.85045833333334,208.548,16,0.04014280227148108,0.005897916021976472,0.04604071829345755
2022-10-28,589430.3999999999,24559.599999999995,24559.6,0,26499.631999999998,1104.1513333333332,2058.196,19,4266.087,177.75362500000003,207.945,19,0.044958034061358225,0.007237643324809852,0.05219567738616808
2022-10-29,589430.3999999999,24559.599999999995,24559.6,0,27673.042,1153.0434166666666,1956.371,21,4128.841,172.03504166666667,209.535,13,0.04694878648946509,0.007004798191610071,0.05395358468107517
2022-10-30,589430.3999999999,24559.6,24559.6,0,28702.952639999996,1195.95636,2022.642,19,4592.77632,191.36568,279.115,8,0.04869608462678545,0.00779188911871529,0.05648797374550074
2022-10-31,589430.3999999999,24559.599999999995,24559.6,0,29643.489999999998,1235.1454166666665,2701.276,20,7536.652,314.0271666666667,419.409,13,0.05029175624467283,0.01278633066770903,0.06307808691238186
2022-11-01,589430.3999999999,24559.599999999995,24559.6,0,28581.676,1190.9031666666667,2385.147,21,6566.438,273.60158333333334,356.835,19,0.0484903323615477,0.011140311052840168,0.05963064341438787
2022-11-02,589430.3999999999,24559.599999999995,24559.6,0,33095.476,1378.9781666666668,3285.323,20,11612.982,483.87425,633.53,21,0.056148233956036214,0.019702041157022104,0.07585027511305832
2022-11-03,589430.3999999999,24559.599999999995,24559.6,0,34307.672,1429.4863333333333,3258.983,19,12913.999,538.0832916666667,650.971,21,0.05820478889449883,0.021909285642545757,0.08011407453704458
2022-11-04,589430.3999999999,24559.599999999995,24559.6,0,31239.414000000004,1301.64225,2621.016,19,14270.874,594.61975,711.14,19,0.052999326129090064,0.024211296193749086,0.07721062232283915
2022-11-05,589430.3999999999,24559.599999999995,24559.6,0,25264.869,1052.702875,2508.319,19,13403.23,558.4679166666666,642.926,11,0.04286319300802945,0.022739292035158013,0.06560248504318747
2022-11-06,589430.3999999999,24559.599999999995,24559.6,0,24972.321,1040.513375,2152.695,20,6679.0380000000005,278.29325,440.809,0,0.04236686977800942,0.01133134293718139,0.05369821271519081
2022-11-07,589430.3999999999,24559.599999999995,24559.6,0,33484.066,1395.1694166666666,3296.359,20,7186.174000000001,299.4239166666667,356.795,15,0.05680749754339105,0.012191726113888938,0.06899922365727999
2022-11-08,589430.3999999999,24559.599999999995,24559.6,0,29488.191,1228.6746249999999,2559.571,19,6492.135999999999,270.5056666666666,340.322,15,0.05002828323751202,0.011014253760919015,0.061042536998431034
2022-11-09,589430.3999999999,24559.599999999995,24559.6,0,33521.394,1396.72475,3067.181,20,6696.299999999999,279.0125,338.627,19,0.05687082647925863,0.011360628837603219,0.06823145531686185
2022-11-10,589430.3999999999,24559.599999999995,24559.6,0,35522.861,1480.1192083333333,3107.346,20,8495.997,353.999875,594.679,19,0.06026642161653013,0.01441391044642421,0.07468033206295434
2022-11-11,589430.3999999999,24559.599999999995,24559.6,0,28593.176,1191.3823333333332,2572.883,19,6210.127,258.75529166666666,332.941,15,0.048509842722737076,0.01053581050451419,0.05904565322725126
2022-11-12,589430.3999999999,24559.599999999995,24559.6,0,26542.195999999996,1105.9248333333333,2276.229,20,6545.295,272.720625,308.949,20,0.045030246149502975,0.011104440829655208,0.05613468697915818
2022-11-13,589430.3999999999,24559.599999999995,24559.6,0,29319.462,1221.64425,2679.428,19,6158.010999999999,256.5837916666666,288.795,19,0.04974202552158831,0.010447392940710218,0.06018941846229853
2022-11-14,589430.3999999999,24559.599999999995,24559.6,0,33674.956,1403.1231666666665,2674.748,19,6317.755000000001,263.2397916666667,290.043,14,0.057131352573603265,0.010718407126609014,0.06784975970021229
2022-11-15,589430.3999999999,24559.599999999995,24559.6,0,29921.194,1246.7164166666666,3405.059,20,6239.9259999999995,259.99691666666666,304.402,14,0.05076289583978024,0.010586366091738736,0.061349261931518975
2022-11-16,589430.3999999999,24559.599999999995,24559.6,0,31496.556000000004,1312.3565,3197.168,20,6333.908000000001,263.91283333333337,339.732,14,0.05343558119839087,0.010745811549590931,0.0641813927479818
2022-11-17,589430.3999999999,24559.599999999995,24559.6,0,34654.838,1443.9515833333335,3945.182,20,6350.697,264.612375,340.116,14,0.05879377446429639,0.010774294980374275,0.06956806944467067
2022-11-18,589430.3999999999,24559.599999999995,24559.6,0,42886.931000000004,1786.9554583333336,3780.835,8,6292.517,262.1882083333333,339.385,14,0.07275995774904045,0.010675589518287487,0.08343554726732794
2022-11-19,589430.3999999999,24559.599999999995,24559.6,0,35061.601,1460.9000416666668,3403.825,20,5848.589,243.69120833333332,285.042,14,0.0594838695119899,0.009922442072889354,0.06940631158487925
2022-11-20,589430.3999999999,24559.599999999995,24559.6,0,34166.086,1423.5869166666669,3687.003,20,5833.331,243.05545833333335,249.91,0,0.0579645807206415,0.009896556064973916,0.06786113678561542
2022-11-21,589430.3999999999,24559.599999999995,24559.6,0,42770.94,1782.1225000000002,3599.862,20,6242.984,260.12433333333337,338.374,12,0.07256317285297807,0.010591554151261966,0.08315472700424004
2022-11-22,589430.3999999999,24559.599999999995,24559.6,0,54237.96,2259.915,3674.553,19,6362.398,265.0999166666667,340.599,14,0.09201758171957199,0.01079414634874618,0.10281172806831816
2022-11-23,589430.3999999999,24559.599999999995,24559.6,0,62785.863,2616.077625,4398.806,20,6855.608,285.6503333333333,388.561,11,0.10651955345363932,0.011630903326329965,0.11815045677996928
2022-11-24,589430.3999999999,24559.599999999995,24559.6,0,76152.019,3173.000791666667,4737.185,20,12161.852,506.7438333333334,737.368,23,0.12919594747742907,0.02063322828276248,0.14982917576019156
2022-11-25,589430.3999999999,24559.599999999995,24559.6,0,68875.011,2869.792125,4641.778,21,16948.846,706.2019166666668,792.241,23,0.1168501166549944,0.028754618017665875,0.14560473467266027
2022-11-26,589430.3999999999,24559.599999999995,24559.6,0,74864.968,3119.3736666666664,4592.402,19,22863.948,952.6645,1081.615,23,0.12701239705315506,0.038789902930015156,0.16580229998317023
2022-11-27,589430.3999999999,24559.599999999995,24559.6,0,67459.662,2810.81925,4969.248,21,25025.226000000002,1042.71775,1114.483,1,0.11444890185507908,0.0424566259222463,0.1569055277773254
2022-11-28,589430.3999999999,24559.599999999995,24559.6,0,54567.435,2273.643125,5321.653,20,19097.504,795.7293333333333,1009.719,10,0.0925765535676477,0.03239993050918311,0.12497648407683082
2022-11-29,589430.3999999999,24559.599999999995,24559.6,0,86825.848,3617.7436666666667,5417.835,20,22026.09,917.75375,969.626,20,0.14730466565687825,0.03736843230345772,0.18467309796033596
2022-11-30,589430.3999999999,24559.599999999995,24559.6,0,87219.59999999999,3634.1499999999996,5352.158,19,26242.159,1093.4232916666667,1506.852,23,0.14797268685157738,0.0445212174329658,0.1924939042845432
2022-12-01,589430.3999999999,24559.599999999995,24559.6,0,80012.556,3333.8565,4836.417,20,24543.549,1022.647875,1506.749,0,0.13574555367351263,0.04163943529210574,0.17738498896561836
2022-12-02,589430.3999999999,24559.599999999995,24559.6,0,85636.526,3568.188583333333,5529.75,20,25162.886999999995,1048.4536249999999,1275.025,22,0.14528691767509788,0.04269017512500203,0.18797709280009992
2022-12-03,589430.3999999999,24559.599999999995,24559.6,0,88280.624,3678.3593333333333,5537.862,20,23071.911,961.329625,1196.999,0,0.14977277045771648,0.039142723212104436,0.1889154936698209
2022-12-04,589430.3999999999,24559.599999999995,24559.6,0,86470.327,3602.930291666667,5760.805,20,25479.576,1061.6490000000001,1301.411,23,0.14670150538553833,0.04322745484454145,0.18992896023007977
2022-12-05,589430.3999999999,24559.599999999995,24559.6,0,83995.677,3499.8198749999997,5381.914,20,27444.549999999996,1143.5229166666666,1373.484,1,0.14250313014055604,0.046561137667823035,0.1890642678083791
2022-12-06,589430.3999999999,24559.599999999995,24559.6,0,83076.868,3461.5361666666668,5199.092,19,24639.722999999998,1026.655125,1166.525,7,0.14094432184020372,0.04180259959445594,0.18274692143465965
2022-12-07,589430.3999999999,24559.599999999995,24559.6,0,73129.14,3047.0475,4488.222,20,26441.773,1101.7405416666668,1105.066,20,0.12406747259727359,0.0448598731928316,0.16892734579010518
2022-12-08,589430.3999999999,24559.599999999995,24559.6,0,68028.145,2834.506041666667,4187.142,19,26129.546000000002,1088.7310833333333,1106.671,2,0.11541336347768967,0.044330163493433675,0.15974352697112335
2022-12-09,589430.3999999999,24559.599999999995,24559.6,0,71006.309,2958.596208333333,4574.354,20,23364.593,973.5247083333334,1082.272,0,0.1204659769838814,0.039639273780246155,0.16010525076412754
2022-12-10,589430.3999999999,24559.599999999995,24559.6,0,55487.629,2311.9845416666667,4570.657,20,25609.497,1067.062375,1079.274,0,0.0941377115941085,0.04344787272594017,0.13758558432004867
2022-12-11,589430.3999999999,24559.599999999995,24559.6,0,57521.86,2396.744166666667,4196.396,20,32172.284,1340.5118333333332,1478.876,23,0.09758889259868513,0.054581989663240994,0.15217088226192613
2022-12-12,589430.3999999999,24559.599999999995,24559.6,0,63932.736000000004,2663.864,4414.914,9,36001.473,1500.061375,1556.118,14,0.10846528445088685,0.061078412311275435,0.1695436967621623
2022-12-13,589430.3999999999,24559.599999999995,24559.6,0,91580.075,3815.836458333333,5448.84,19,32510.218999999997,1354.5924583333333,1557.389,12,0.15537046443481708,0.05515531435093949,0.21052577878575657
2022-12-14,589430.3999999999,24559.599999999995,24559.6,0,110104.112,4587.671333333333,6686.443,19,32079.417,1336.6423750000001,1551.11,18,0.18679747770050545,0.054424435862147603,0.24122191356265305
2022-12-15,589430.3999999999,24559.599999999995,24559.6,0,104868.12099999998,4369.505041666666,6699.979,20,37103.86,1545.9941666666666,1558.021,21,0.17791434069230228,0.06294867044522985,0.2408630111375321
2022-12-16,589430.3999999999,24559.599999999995,24559.6,0,128107.046,5337.793583333333,7688.912,20,37210.576,1550.4406666666666,1557.02,4,0.2173404120316835,0.06312971981085469,0.2804701318425382
2022-12-17,589430.3999999999,24559.599999999995,24559.6,0,122396.421,5099.850875,6877.826,20,36902.542,1537.6059166666666,1558.806,6,0.20765203321715342,0.06260712375880173,0.27025915697595515
2022-12-18,589430.3999999999,24559.599999999995,24559.6,0,68101.408,2837.5586666666663,5971.794,20,28663.268000000004,1194.3028333333334,1246.741,3,0.11553765805089118,0.048628757525909776,0.16416641557680095
2022-12-19,589430.3999999999,24559.599999999995,24559.6,0,89730.41500000001,3738.767291666667,6567.464,20,30146.017,1256.0840416666667,1482.543,8,0.15223241794111741,0.051144320007926306,0.2033767379490437
2022-12-20,589430.3999999999,24559.599999999995,24559.6,0,103723.43,4321.809583333333,6863.272,19,23924.254,996.8439166666667,1166.149,19,0.1759723115740213,0.040588768410994756,0.21656107998501606
2022-12-21,589430.3999999999,24559.599999999995,24559.6,0,112503.405,4687.641875,6608.331,20,17798.583,741.607625,878.112,11,0.1908680057899966,0.03019624199905536,0.22106424778905195
2022-12-22,589430.3999999999,24559.599999999995,24559.6,0,127159.28699999998,5298.303625,6611.874,9,16705.412,696.0588333333334,835.822,13,0.2157324885177283,0.02834161929890281,0.2440741078166311
2022-12-23,589430.3999999999,24559.599999999995,24559.6,0,104600.83000000002,4358.367916666667,6614.864,18,14156.913,589.8713750000001,714.01,0,0.1774608673051136,0.024017955300574934,0.20147882260568853
2022-12-24,589430.3999999999,24559.599999999995,24559.6,0,77559.535,3231.6472916666667,6030.725,19,6250.1990000000005,260.42495833333334,408.427,0,0.1315838731765447,0.010603794782216867,0.1421876679587616
2022-12-25,589430.3999999999,24559.599999999995,24559.6,0,63206.012,2633.5838333333336,5177.135,21,5720.789,238.36620833333333,239.737,19,0.10723235856175727,0.009705622580715214,0.11693798114247247
2022-12-26,589430.3999999999,24559.599999999995,24559.6,0,100223.442,4175.97675,7445.825,21,11136.576,464.02399999999994,676.227,13,0.1700343959185003,0.01889379305851887,0.18892818897701918
2022-12-27,589430.3999999999,24559.599999999995,24559.6,0,130439.052,5434.9605,7280.238,19,14114.431,588.1012916666667,688.485,11,0.221296784149579,0.02394588232978822,0.24524266647936724
2022-12-28,589430.3999999999,24559.599999999995,24559.6,0,85629.124,3567.8801666666664,6628.113,19,7727.011999999999,321.9588333333333,456.016,13,0.1452743597887045,0.01310928652475339,0.1583836463134579
2022-12-29,589430.3999999999,24559.599999999995,24559.6,0,88019.918,3667.4965833333335,6305.589,19,7589.018,316.20908333333335,452.208,13,0.14933046887300014,0.012875172369799728,0.16220564124279988
2022-12-30,589430.3999999999,24559.599999999995,24559.6,0,72894.817,3037.2840416666663,4482.884,18,7650.6759999999995,318.77816666666666,458.622,12,0.12366993117423195,0.012979778443731441,0.13664970961796338
2022-12-31,589430.3999999999,24559.599999999995,24559.6,0,72882.488,3036.7703333333334,5285.226,19,6438.5599999999995,268.2733333333333,359.834,13,0.12364901437048378,0.010923359229520568,0.13457237360000435
2023-01-01,589430.3999999999,24559.599999999995,24559.6,0,78169.816,3257.075666666667,4982.835,21,10982.254,457.5939166666667,556.051,14,0.1326192473275895,0.018631977583782586,0.1512512249113721
2023-01-02,589430.3999999999,24559.599999999995,24559.6,0,137763.791,5740.157958333333,7920.399,19,12885.539,536.8974583333334,617.257,14,0.2337235931502685,0.02186100173998491,0.2555845948902534
2023-01-03,589430.3999999999,24559.599999999995,24559.6,0,155132.637,6463.859874999999,8424.062,19,14787.718,616.1549166666667,758.685,12,0.2631907634896334,0.025088149508406765,0.28827891299804015
2023-01-04,589430.3999999999,24559.599999999995,24559.6,0,139493.836,5812.243166666667,8113.549,19,14953.508999999998,623.062875,752.727,10,0.23665870643930145,0.025369422751184874,0.26202812919048635
2023-01-05,589430.3999999999,24559.599999999995,24559.6,0,144475.876,6019.828166666666,8190.3,20,8660.656,360.8606666666667,452.344,15,0.24511100207929556,0.01469326319104003,0.2598042652703356
2023-01-06,589430.3999999999,24559.599999999995,24559.6,0,132896.684,5537.361833333333,7360.247,21,6101.482,254.22841666666667,440.112,5,0.22546628745310732,0.010351488487868968,0.23581777594097628
2023-01-07,589430.3999999999,24559.599999999995,24559.6,0,76806.901,3200.2875416666666,4239.133,21,4510.17,187.92375,188.179,0,0.13030698959537887,0.007651743106565255,0.13795873270194411
2023-01-08,589430.3999999999,24559.599999999995,24559.6,0,83278.124,3469.9218333333333,4680.031,21,6229.381,259.5575416666667,439.427,11,0.1412857633403367,0.010568475938804651,0.15185423927914135
2023-01-09,589430.3999999999,24559.599999999995,24559.6,0,103912.22099999999,4329.675875,7443.269,20,7622.605,317.60854166666667,452.721,14,0.17629260553917817,0.01293215450034474,0.1892247600395229
2023-01-10,589430.3999999999,24559.599999999995,24559.6,0,150824.089,6284.337041666667,8169.975,19,14468.382,602.84925,898.57,19,0.25588108282165295,0.024546379012687507,0.2804274618343405
2023-01-11,589430.3999999999,24559.599999999995,24559.6,0,147311.284,6137.970166666667,7621.441,9,15832.331000000002,659.6804583333334,863.221,12,0.24992142244444812,0.02686039098085203,0.27678181342530017
2023-01-12,589430.3999999999,24559.599999999995,24559.6,0,159615.111,6650.6296250000005,8595.607,20,14551.317,606.3048749999999,801.577,10,0.27079551886024206,0.024687082647925865,0.2954826015081679
2023-01-13,589430.3999999999,24559.599999999995,24559.6,0,163300.886,6804.203583333333,8825.911,20,13149.289,547.8870416666667,687.28,12,0.27704863203526664,0.02230846763248045,0.2993570996677471
2023-01-14,589430.3999999999,24559.599999999995,24559.6,0,140283.755,5845.156458333334,7650.672,19,6325.852999999999,263.5772083333333,303.906,0,0.2379988460045495,0.010732145813992627,0.24873099181854214
2023-01-15,589430.3999999999,24559.599999999995,24559.6,0,79948.151,3331.172958333333,6154.192,20,6462.674999999999,269.278125,303.362,13,0.13563628716808637,0.010964271608658122,0.1466005587767445
2023-01-16,589430.3999999999,24559.599999999995,24559.6,0,98128.763,4088.6984583333337,6832.801,19,6960.053,290.00220833333333,352.387,11,0.16648066166929976,0.011808099819758196,0.17828876148905795
2023-01-17,589430.3999999999,24559.599999999995,24559.6,0,94489.32,3937.0550000000003,6112.109,20,7358.626,306.6094166666667,384.941,12,0.16030615319467748,0.012484300097178566,0.17279045329185605
2023-01-18,589430.3999999999,24559.599999999995,24559.6,0,102557.785,4273.241041666667,6489.345,20,7596.602,316.5250833333333,387.693,11,0.17399473288110015,0.012888039028865836,0.186882771909966
2023-01-19,589430.3999999999,24559.599999999995,24559.6,0,105419.539,4392.480791666667,6130.391,8,8179.673,340.8197083333333,455.244,11,0.178849850635461,0.013877249968783424,0.19272710060424442
2023-01-20,589430.3999999999,24559.599999999995,24559.6,0,125719.641,5238.318375,7580.698,20,8880.115,370.0047916666667,451.704,13,0.21329005256600275,0.015065587048106106,0.22835563961410885
2023-01-21,589430.3999999999,24559.599999999995,24559.6,0,108963.19,4540.1329166666665,6474.049,21,6984.496,291.02066666666667,360.168,19,0.1848618428910352,0.011849568668327934,0.19671141155936311
2023-01-22,589430.3999999999,24559.599999999995,24559.6,0,101261.46300000002,4219.227625,6321.102,20,6456.936,269.039,322.221,11,0.17179545371260124,0.010954535090148048,0.18274998880274929
2023-01-23,589430.3999999999,24559.599999999995,24559.6,0,130477.959,5436.581625,8583.096,20,8828.295,367.845625,503.782,14,0.22136279194286557,0.01497767166403362,0.2363404636068992
2023-01-24,589430.3999999999,24559.599999999995,24559.6,0,158145.651,6589.4021250000005,9470.337,20,11027.26,459.4691666666667,728.669,15,0.26830250187299476,0.018708332654712077,0.2870108345277068
2023-01-25,589430.3999999999,24559.599999999995,24559.6,0,164842.215,6868.425625,8718.863,21,13729.165,572.0485416666667,708.369,13,0.27966357860062874,0.023292258085093682,0.3029558366857224
2023-01-26,589430.3999999999,24559.599999999995,24559.6,0,160544.999,6689.374958333334,8665.45,21,13585.145,566.0477083333334,697.657,13,0.27237312327290897,0.023047920500876784,0.29542104377378575
2023-01-27,589430.3999999999,24559.599999999995,24559.6,0,142059.248,5919.135333333333,8769.268,20,9462.524,394.2718333333333,503.978,11,0.24101106424100285,0.016053674869840443,0.2570647391108433
2023-01-28,589430.3999999999,24559.599999999995,24559.6,0,108231.92200000002,4509.663416666667,8126.65,20,6420.3150000000005,267.513125,331.788,12,0.1836212078644061,0.010892405617355334,0.19451361348176144
2023-01-29,589430.3999999999,24559.599999999995,24559.6,0,107162.081,4465.086708333333,8090.915,21,6359.888000000001,264.99533333333335,316.748,21,0.18180616574917077,0.010789888000347457,0.19259605374951824
2023-01-30,589430.3999999999,24559.599999999995,24559.6,0,157002.298,6541.762416666667,8391.028,20,12827.528999999999,534.480375,686.709,14,0.26636274274282434,0.021762584691933096,0.28812532743475744
2023-01-31,589430.3999999999,24559.599999999995,24559.6,0,146929.035,6122.043125,8134.051,20,15331.504,638.8126666666667,856.447,23,0.24927291670059779,0.026010711357948288,0.27528362805854606
2023-02-01,589430.3999999999,24559.599999999995,24559.6,0,139382.202,5807.59175,8890.563,20,14155.379,589.8074583333333,839.318,0,0.23646931342530011,0.024015352788047586,0.2604846662133477
2023-02-02,589430.3999999999,24559.599999999995,24559.6,0,140467.538,5852.814083333334,8658.401,20,18050.616,752.109,955.953,19,0.2383106436315467,0.030623829378328644,0.26893447300987533
2023-02-03,589430.3999999999,24559.599999999995,24559.6,0,144611.329,6025.472041666667,8454.931,20,19874.774,828.1155833333333,1005.544,19,0.24534080529270297,0.03371861037367602,0.279059415666379
2023-02-04,589430.3999999999,24559.599999999995,24559.6,0,96854.031,4035.584625,6865.773,0,14026.811000000002,584.4504583333334,845.291,0,0.16431801108324243,0.023797230343056624,0.18811524142629904
2023-02-05,589430.3999999999,24559.599999999995,24559.6,0,65227.239,2717.801625,5515.381,20,7033.213,293.0505416666667,566.592,0,0.11066147758921158,0.011932219647985583,0.12259369723719715
2023-02-06,589430.3999999999,24559.599999999995,24559.6,0,85034.25600000001,3543.0940000000005,7112.631,20,13430.889,559.620375,896.957,12,0.14426513461131293,0.02278621699864819,0.16705135160996112
2023-02-07,589430.3999999999,24559.599999999995,24559.6,0,128410.78399999999,5350.449333333333,7656.361,20,19197.017,799.8757083333334,1017.584,15,0.21785571969141734,0.03256875960249082,0.25042447929390815
2023-02-08,589430.3999999999,24559.599999999995,24559.6,0,124053.22,5168.884166666667,7990.63,20,23023.816,959.3256666666666,1250.371,15,0.21046288077438832,0.03906112748850416,0.24952400826289248
2023-02-09,589430.3999999999,24559.599999999995,24559.6,0,108468.225,4519.509375000001,7414.657,20,24101.493,1004.2288749999999,1172.789,18,0.18402210846267858,0.040889463794198604,0.2249115722568772
2023-02-10,589430.3999999999,24559.599999999995,24559.6,0,110791.382,4616.307583333333,7675.497,20,20547.246,856.1352499999999,1031.258,8,0.18796346778177714,0.03485949486147983,0.22282296264325696
2023-02-11,589430.3999999999,24559.599999999995,24559.6,0,81569.029,3398.7095416666666,5705.862,20,10927.312,455.30466666666666,761.348,0,0.1383861928397314,0.018538765560785465,0.15692495840051685
2023-02-12,589430.3999999999,24559.599999999995,24559.6,0,76642.918,3193.454916666667,6162.508,20,7482.527,311.7719583333333,435.268,0,0.13002878372069038,0.012694504728632932,0.1427232884493233
2023-02-13,589430.3999999999,24559.599999999995,24559.6,0,91758.478,3823.2699166666666,7371.636,20,11024.101,459.3375416666667,511.564,19,0.15567313460588394,0.018702973243321014,0.17437610784920496
2023-02-14,589430.3999999999,24559.599999999995,24559.6,0,80514.812,3354.7838333333334,6492.776,20,9647.509,401.97954166666665,501.448,12,0.1365976576708633,0.016367511753720206,0.1529651694245835
2023-02-15,589430.3999999999,24559.599999999995,24559.6,0,87535.178,3647.2990833333333,6878.765,20,14713.424,613.0593333333334,810.589,12,0.14850808170057062,0.024962105788910793,0.1734701874894814
2023-02-16,589430.3999999999,24559.599999999995,24559.6,0,89988.728,3749.5303333333336,6817.396,8,21248.353,885.3480416666666,1049.69,20,0.15267065967415325,0.036048960148645205,0.18871961982279845
2023-02-17,589430.3999999999,24559.599999999995,24559.6,0,74559.489,3106.645375,5531.521,20,17254.268,718.9278333333333,811.488,17,0.12649413569439244,0.02927278267289913,0.15576691836729156
2023-02-18,589430.3999999999,24559.599999999995,24559.6,0,69341.91,2889.24625,4799.237,20,9308.347,387.84779166666664,505.487,10,0.11764223562273003,0.01579210539531046,0.1334343410180405
2023-02-19,589430.3999999999,24559.599999999995,24559.6,0,61079.834,2544.9930833333333,4329.842,21,7487.729000000001,311.98870833333336,352.968,12,0.1036251845849824,0.012703330198103121,0.11632851478308552
2023-02-20,589430.3999999999,24559.599999999995,24559.6,0,69041.945,2876.747708333334,5371.361,19,14690.429,612.1012083333334,713.552,11,0.11713332905801943,0.024923093549297767,0.1420564226073172
2023-02-21,589430.3999999999,24559.599999999995,24559.6,0,83708.677,3487.8615416666667,6927.004,20,19267.74,802.8225000000001,997.168,20,0.14201621938739503,0.032688744930699204,0.17470496431809424
2023-02-22,589430.3999999999,24559.599999999995,24559.6,0,84025.95599999999,3501.0815,5964.386,20,21813.407,908.8919583333333,1062.508,19,0.1425545000732911,0.03700760429051505,0.17956210436380615
2023-02-23,589430.3999999999,24559.599999999995,24559.6,0,76262.47,3177.6029166666667,5773.672,20,17034.708,709.7795,805.85,20,0.12938333346905762,0.028900287463965214,0.15828362093302284
2023-02-24,589430.3999999999,24559.599999999995,24559.6,0,92438.961,3851.6233749999997,6768.689,20,15968.755,665.3647916666666,783.135,9,0.1568276101809476,0.02709184154736505,0.18391945172831264
2023-02-25,589430.3999999999,24559.599999999995,24559.6,0,83740.067,3489.1694583333333,6127.667,19,14401.553,600.0647083333333,680.404,14,0.1420694741906763,0.02443300006243316,0.16650247425310946
2023-02-26,589430.3999999999,24559.599999999995,24559.6,0,45171.589,1882.1495416666667,3255.681,21,11799.262,491.6359166666667,575.789,0,0.07663600146853641,0.020018075077227103,0.09665407654576352
2023-02-27,589430.3999999999,24559.599999999995,24559.6,0,47021.386,1959.2244166666667,5946.996,20,14807.858,616.9940833333334,733.509,12,0.07977428039001722,0.02512231808878538,0.10489659847880259
2023-02-28,589430.3999999999,24559.599999999995,24559.6,0,64547.65699999999,2689.485708333333,6813.006,20,14989.983,624.582625,712.562,13,0.10950853060853326,0.025431302830664998,0.13493983343919824
2023-03-01,589430.3999999999,24559.599999999995,24559.6,0,84480.453,3520.0188749999998,6958.317,21,16079.384,669.9743333333333,890.799,18,0.14332557838889887,0.02727952952545373,0.1706051079143526
2023-03-02,589430.3999999999,24559.599999999995,24559.6,0,86187.78,3591.1575,7699.55,20,20170.592,840.4413333333333,981.027,21,0.14622214938354047,0.03422048133248642,0.1804426307160269
2023-03-03,589430.3999999999,24559.599999999995,24559.6,0,84245.263,3510.219291666667,7259.729,20,20573.896,857.2456666666667,1002.081,9,0.14292656605427886,0.034904708002844786,0.17783127405712365
2023-03-04,589430.3999999999,24559.599999999995,24559.6,0,89379.306,3724.13775,7741.448,20,17871.98,744.6658333333334,895.94,0,0.15163674286226161,0.030320763910378565,0.18195750677264017
2023-03-05,589430.3999999999,24559.599999999995,24559.6,0,93579.357,3899.1398750000003,7395.971,21,17543.437,730.9765416666668,820.921,14,0.15876235260346264,0.02976337324983578,0.1885257258532984
2023-03-06,589430.3999999999,24559.599999999995,24559.6,0,85539.425,3564.1427083333333,6813.067,20,18239.596,759.9831666666668,899.163,11,0.1451221806679805,0.03094444399203028,0.17606662466001077
2023-03-07,589430.3999999999,24559.599999999995,24559.6,0,50880.815,2120.0339583333334,4621.039,20,13926.301,580.2625416666666,710.51,13,0.086322006805214,0.02362670978626145,0.10994871659147545
2023-03-08,589430.3999999999,24559.599999999995,24559.6,0,54823.57299999999,2284.3155416666664,4600.182,20,13791.957000000002,574.664875,714.144,11,0.09301110529758899,0.023398788050293984,0.11640989334788297
2023-03-09,589430.3999999999,24559.599999999995,24559.6,0,52130.346,2172.09775,3576.243,9,13944.476000000002,581.0198333333334,722.035,15,0.08844190255541622,0.02365754463970641,0.11209944719512263
2023-03-10,589430.3999999999,24559.599999999995,24559.6,0,45324.709,1888.5295416666668,4140.803,20,14105.664,587.736,719.998,15,0.07689577768639014,0.023931008648349326,0.10082678633473946
2023-03-11,589430.3999999999,24559.599999999995,24559.6,0,43915.957,1829.8315416666667,4350.817,21,12686.661,528.610875,623.624,10,0.07450575504758494,0.021523594643235236,0.09602934969082018
2023-03-12,589430.3999999999,24559.599999999995,24559.6,0,62286.087,2595.253625,5567.593,20,11996.843,499.86845833333336,623.877,13,0.10567165690809298,0.020353281744545246,0.12602493865263822
2023-03-13,589430.3999999999,24559.599999999995,24559.6,0,53052.88799999999,2210.537,3824.28,21,13825.032,576.043,722.139,12,0.09000704408866594,0.023454901545627783,0.11346194563429372
2023-03-14,589430.3999999999,24559.599999999995,24559.6,0,62146.69600000001,2589.445666666667,5937.201,20,14385.405999999999,599.3919166666666,735.251,13,0.10543517266839311,0.024405605818770125,0.12984077848716324
2023-03-15,589430.3999999999,24559.599999999995,24559.6,0,94552.189,3939.6745416666668,7024.259,20,14162.463,590.102625,724.074,13,0.16041281379447006,0.02402737117054024,0.1844401849650103
2023-03-16,589430.3999999999,24559.599999999995,24559.6,0,66482.317,2770.0965416666663,5767.843,20,14139.715,589.1547916666667,724.438,14,0.11279078411971966,0.023988777979554503,0.13677956209927417
2023-03-17,589430.3999999999,24559.599999999995,24559.6,0,62678.607,2611.6086250000003,5419.0,20,14115.715,588.1547916666667,729.715,15,0.10633758794931515,0.023948060704028842,0.130285648653344
2023-03-18,589430.3999999999,24559.599999999995,24559.6,0,74257.244,3094.0518333333334,5826.856,20,12128.645,505.36020833333333,530.845,18,0.1259813609885069,0.02057689084241329,0.1465582518309202
2023-03-19,589430.3999999999,24559.599999999995,24559.6,0,65893.823,2745.5759583333333,5970.316,20,12227.018,509.45908333333335,530.831,1,0.11179237277208644,0.020743785865133528,0.13253615863721996
2023-03-20,589430.3999999999,24559.599999999995,24559.6,0,83628.768,3484.5319999999997,7253.644,20,13216.175,550.6739583333333,645.521,12,0.1418806495219792,0.022421943286264165,0.1643025928082434
2023-03-21,589430.3999999999,24559.599999999995,24559.6,0,83180.628,3465.8595,6308.417,20,12762.725,531.7802083333333,581.733,12,0.14112035619472632,0.021652641261801227,0.16277299745652754
2023-03-22,589430.3999999999,24559.599999999995,24559.6,0,72118.797,3004.9498750000002,6770.973,20,14185.404999999999,591.0585416666667,731.092,15,0.12235337200117269,0.024066293492836476,0.14641966549400917
2023-03-23,589430.3999999999,24559.599999999995,24559.6,0,62019.115000000005,2584.1297916666667,5778.023,20,13462.184000000001,560.9243333333334,696.949,11,0.10521872472135814,0.022839310629380504,0.12805803535073865
2023-03-24,589430.3999999999,24559.599999999995,24559.6,0,59578.729999999996,2482.447083333333,4845.981,20,13104.983,546.0409583333334,682.619,12,0.10107848186995445,0.022233300148753785,0.12331178201870824
2023-03-25,589430.3999999999,24559.599999999995,24559.6,0,48729.485,2030.3952083333334,4151.785,20,11195.191,466.4662916666667,503.53,19,0.08267216112368823,0.018993236521224564,0.1016653976449128
2023-03-26,589430.3999999999,24559.6,24559.6,0,35828.7172173913,1492.8632173913043,3392.183,21,11096.435478260872,462.3514782608696,497.794,0,0.06078532294464504,0.018825692530044045,0.07961101547468909
2023-03-27,589430.3999999999,24559.599999999995,24559.6,0,71163.968,2965.165333333333,6350.785,21,12402.845000000001,516.7852083333333,606.464,14,0.1207334538564689,0.021042085715293958,0.14177553957176287
2023-03-28,589430.3999999999,24559.599999999995,24559.6,0,84859.61,3535.8170833333334,7084.675,20,12107.798999999999,504.49162499999994,604.595,17,0.143968838390419,0.02054152449551296,0.16451036288593196
2023-03-29,589430.3999999999,24559.599999999995,24559.6,0,64343.103,2680.962625,5111.255,8,12031.554,501.31475,589.423,15,0.10916149387612178,0.020412170800827377,0.12957366467694917
2023-03-30,589430.3999999999,24559.599999999995,24559.6,0,58627.921,2442.8300416666666,5281.079,8,11781.426,490.89275,577.668,15,0.09946538386890125,0.01998781535529895,0.1194531992242002
2023-03-31,589430.3999999999,24559.599999999995,24559.6,0,53164.082,2215.1700833333334,4164.094,21,12164.904,506.87100000000004,627.869,14,0.09019569061928263,0.02063840616296683,0.11083409678224947
2023-04-01,589430.3999999999,24559.599999999995,24559.6,0,41924.73,1746.8637500000002,3158.882,21,11117.146,463.2144166666667,515.017,14,0.07112753261453772,0.018860829030874555,0.08998836164541227
2023-04-02,589430.3999999999,24559.599999999995,24559.6,0,35382.266,1474.2610833333335,4487.648,21,10733.434,447.22641666666664,472.727,19,0.060027894726841384,0.0182098412297703,0.07823773595661168
2023-04-03,589430.3999999999,24559.599999999995,24559.6,0,70648.868,2943.7028333333333,6510.581,20,10981.51,457.5629166666667,501.727,21,0.11985955933049944,0.01863071534824129,0.13849027467874073
2023-04-04,589430.3999999999,24559.599999999995,24559.6,0,56706.114,2362.75475,4979.008,21,11693.452,487.2271666666666,601.524,12,0.09620493615531199,0.019838562788753348,0.11604349894406533
2023-04-05,589430.3999999999,24559.599999999995,24559.6,0,78439.67,3268.3195833333334,6616.333,21,12126.523000000001,505.27179166666673,632.243,12,0.13307706898049373,0.020573290756635564,0.1536503597371293
2023-04-06,589430.3999999999,24559.599999999995,24559.6,0,60511.645000000004,2521.318541666667,6186.31,21,11584.204,482.67516666666666,529.881,6,0.10266122174899701,0.019653217750560545,0.12231443949955756
2023-04-07,589430.3999999999,24559.599999999995,24559.6,0,51251.21699999999,2135.4673749999997,6336.757,21,11314.673,471.4447083333334,483.52,23,0.08695041348393295,0.019195944084322767,0.10614635756825572
2023-04-08,589430.3999999999,24559.599999999995,24559.6,0,59722.62999999999,2488.4429166666664,6030.384,21,11081.539,461.7307916666667,487.007,14,0.10132261586779372,0.0188004198629728,0.12012303573076652
2023-04-09,589430.3999999999,24559.599999999995,24559.6,0,48768.645,2032.0268749999998,5571.76,21,10863.232,452.63466666666665,482.544,19,0.08273859814492093,0.018430050435131955,0.1011686485800529
2023-04-10,589430.3999999999,24559.599999999995,24559.6,0,43766.643,1823.610125,5633.126,21,10349.88,431.24499999999995,597.458,12,0.07425243591100833,0.01755912148406326,0.09181155739507159
2023-04-11,589430.3999999999,24559.599999999995,24559.6,0,64150.547,2672.9394583333333,5863.271,21,7838.520999999999,326.60504166666664,466.925,13,0.10883481238836681,0.01329846746961134,0.12213327985797816
2023-04-12,589430.3999999999,24559.599999999995,24559.6,0,39007.073,1625.2947083333331,5041.717,21,7967.906,331.99608333333333,494.827,12,0.06617757244960559,0.013517975998523323,0.07969554844812891
2023-04-13,589430.3999999999,24559.599999999995,24559.6,0,45944.803,1914.3667916666666,4661.053,21,8183.959,340.99829166666666,464.968,12,0.07794780011346548,0.013884521395571049,0.09183232150903653
2023-04-14,589430.3999999999,24559.599999999995,24559.6,0,44682.81,1861.7837499999998,4558.758,21,7279.134,303.29725,413.828,12,0.07580676191794655,0.012349437694424993,0.08815619961237155
2023-04-15,589430.3999999999,24559.599999999995,24559.6,0,38789.648,1616.2353333333333,3648.927,22,6646.523000000001,276.93845833333336,350.209,13,0.06580869938164031,0.011276179511609856,0.07708487889325016
2023-04-16,589430.3999999999,24559.599999999995,24559.6,0,35288.326,1470.3469166666666,4596.194,21,6110.401,254.60004166666667,301.848,12,0.05986852052422136,0.010366620045386191,0.07023514056960756
2023-04-17,589430.3999999999,24559.599999999995,24559.6,0,52184.16500000001,2174.3402083333335,5179.749,21,7107.742,296.15591666666666,414.327,11,0.08853320934922938,0.01205866205747108,0.10059187140670046
2023-04-18,589430.3999999999,24559.599999999995,24559.6,0,53356.041,2223.1683749999997,5119.371,21,8479.882,353.32841666666667,501.204,12,0.09052135926480888,0.014386570492461876,0.10490792975727076
2023-04-19,589430.3999999999,24559.599999999995,24559.6,0,53120.26700000001,2213.3444583333335,5372.247,21,9049.252,377.05216666666666,504.582,10,0.09012135614315112,0.015352536957713755,0.10547389310086487
2023-04-20,589430.3999999999,24559.599999999995,24559.6,0,59523.65700000001,2480.152375,5776.059,21,10419.766,434.15691666666663,766.399,11,0.10098504759849512,0.01767768679728769,0.11866273439578282
2023-04-21,589430.3999999999,24559.599999999995,24559.6,0,58147.72900000001,2422.822041666667,5082.668,21,9607.835,400.3264583333333,512.005,13,0.09865071262018385,0.016300202704169993,0.11495091532435384
2023-04-22,589430.3999999999,24559.599999999995,24559.6,0,48118.008,2004.9170000000001,4515.376,21,6443.191000000001,268.4662916666667,310.868,18,0.08163475789507973,0.010931215967143876,0.09256597386222361
2023-04-23,589430.3999999999,24559.599999999995,24559.6,0,31958.9,1331.6208333333334,4049.648,21,6222.403,259.2667916666667,302.802,13,0.05421997236654236,0.010556637390945567,0.06477660975748792
2023-04-24,589430.3999999999,24559.599999999995,24559.6,0,49972.594,2082.1914166666666,4365.344,8,7604.73,316.86375,497.108,12,0.08478116160958106,0.012901828612843858,0.09768299022242492
2023-04-25,589430.3999999999,24559.599999999995,24559.6,0,49938.333,2080.763875,5220.582,21,7449.623,310.40095833333334,450.189,13,0.08472303600221504,0.012638681343887253,0.09736171734610229
2023-04-26,589430.3999999999,24559.599999999995,24559.6,0,63467.54000000001,2644.4808333333335,5452.64,21,8620.662,359.19425,458.902,20,0.1076760547131604,0.014625411244482812,0.12230146595764321
2023-04-27,589430.3999999999,24559.599999999995,24559.6,0,67439.125,2809.9635416666665,5171.783,21,5317.324,221.55516666666665,293.945,0,0.11441405974310115,0.009021122765300196,0.12343518250840134
2023-04-28,589430.3999999999,24559.599999999995,24559.6,0,67455.956,2810.6648333333337,5513.767,20,5269.388,219.55783333333332,260.206,10,0.11444261442911668,0.008939796793650277,0.12338241122276697
2023-04-29,589430.3999999999,24559.599999999995,24559.6,0,56104.947,2337.706125,3889.336,0,4931.657,205.48570833333335,250.978,13,0.09518502438964806,0.00836681820279375,0.10355184259244181
2023-04-30,589430.3999999999,24559.599999999995,24559.6,0,43663.347,1819.306125,3983.591,22,7809.565999999999,325.3985833333333,392.064,23,0.07407718875714589,0.013249343773242779,0.08732653253038866
2023-05-01,589430.3999999999,24559.599999999995,24559.6,0,34734.689,1447.2787083333333,4075.085,21,11994.205,499.75854166666664,647.427,6,0.0589292459296297,0.020348806237343718,0.07927805216697342
2023-05-02,589430.3999999999,24559.599999999995,24559.6,0,55136.198000000004,2297.3415833333333,4728.687,21,12093.553,503.89804166666664,600.59,14,0.09354149022513941,0.020517355399382185,0.1140588456245216
2023-05-03,589430.3999999999,24559.599999999995,24559.6,0,47529.184,1980.3826666666666,3397.567,21,9876.533,411.5222083333333,555.859,10,0.08063578668490802,0.016756063141636402,0.09739184982654442
2023-05-04,589430.3999999999,24559.599999999995,24559.6,0,53166.55799999999,2215.2732499999997,4864.704,22,7847.376,326.974,474.463,13,0.09019989128487435,0.013313490447727163,0.10351338173260151
2023-05-05,589430.3999999999,24559.599999999995,24559.6,0,58710.381,2446.265875,4804.672,22,7937.814999999999,330.74229166666663,474.689,13,0.09960528164139483,0.013466925017779878,0.11307220665917471
2023-05-06,589430.3999999999,24559.599999999995,24559.6,0,45451.907999999996,1893.8294999999998,3380.734,21,7759.201000000001,323.3000416666667,465.908,13,0.07711157755012298,0.013163896873999038,0.09027547442412201
2023-05-07,589430.3999999999,24559.599999999995,24559.6,0,43845.767,1826.9069583333333,3535.212,21,6624.805,276.0335416666667,306.848,12,0.07438667398220385,0.011239333770365427,0.08562600775256927
2023-05-08,589430.3999999999,24559.599999999995,24559.6,0,57708.587,2404.5244583333333,4477.243,21,7321.498000000001,305.0624166666667,402.428,14,0.09790568487814678,0.012421310471940372,0.11032699535008715
2023-05-09,589430.3999999999,24559.599999999995,24559.6,0,46682.7,1945.1125,4376.232,7,7062.0689999999995,294.25287499999996,386.067,10,0.0791996815909054,0.0119811753855926,0.091180856976498
2023-05-10,589430.3999999999,24559.599999999995,24559.6,0,50285.87299999999,2095.244708333333,4427.612,21,6866.906,286.12108333333333,353.162,11,0.08531265608288952,0.011650070983783668,0.09696272706667318
2023-05-11,589430.3999999999,24559.599999999995,24559.6,0,46052.9,1918.8708333333334,4570.0,21,7046.762999999999,293.615125,413.851,10,0.07813119241898621,0.01195520794312611,0.09008640036211232
2023-05-12,589430.3999999999,24559.599999999995,24559.6,0,44309.397,1846.2248749999999,4195.527,7,7133.98,297.24916666666667,405.303,12,0.07517324691770225,0.012103176218939506,0.08727642313664175
2023-05-13,589430.3999999999,24559.599999999995,24559.6,0,34326.59,1430.274583333333,3846.576,22,6701.15,279.21458333333334,366.628,12,0.05823688428693193,0.011368857120365696,0.06960574140729762
2023-05-14,589430.3999999999,24559.599999999995,24559.6,0,31979.155,1332.4647916666665,3652.354,22,6081.631,253.40129166666668,301.743,11,0.05425433605053286,0.010317810211349808,0.06457214626188267
2023-05-15,589430.3999999999,24559.599999999995,24559.6,0,39127.981,1630.3325416666667,3245.172,7,7696.57,320.69041666666664,444.76,12,0.06638269929749128,0.013057640053855384,0.07944033935134667
2023-05-16,589430.3999999999,24559.599999999995,24559.6,0,36162.083,1506.7534583333334,3923.049,21,7403.418,308.47575,410.922,12,0.06135089571219945,0.012560292105734623,0.07391118781793407
2023-05-17,589430.3999999999,24559.599999999995,24559.6,0,31800.227999999996,1325.0095,3734.943,21,7237.992,301.583,410.163,13,0.05395077688561703,0.01227963810485513,0.06623041499047216
2023-05-18,589430.3999999999,24559.599999999995,24559.6,0,35547.505,1481.1460416666666,4005.064,22,7134.749,297.2812083333333,419.922,13,0.0603082314722824,0.012104480868309474,0.07241271234059188
2023-05-19,589430.3999999999,24559.599999999995,24559.6,0,40760.626,1698.3594166666664,4500.563,22,7447.838,310.3265833333333,435.111,13,0.06915256831001591,0.012635652996520032,0.08178822130653594
2023-05-20,589430.3999999999,24559.599999999995,24559.6,0,38717.295,1613.220625,4308.131,22,6389.975,266.24895833333335,321.121,12,0.06568594867180248,0.010840932194878312,0.0765268808666808
2023-05-21,589430.3999999999,24559.599999999995,24559.6,0,42225.243,1759.385125,5161.226,22,5944.635,247.693125,249.189,23,0.07163736889037282,0.010085389216436752,0.08172275810680958
2023-05-22,589430.3999999999,24559.599999999995,24559.6,0,64998.776,2708.282333333333,4974.982,9,7747.690999999999,322.8204583333333,454.99,12,0.11027387796761078,0.013144369547278186,0.12341824751488896
2023-05-23,589430.3999999999,24559.599999999995,24559.6,0,54738.051,2280.752125,4948.697,21,6908.452,287.8521666666667,403.623,14,0.09286601267935961,0.01172055598082488,0.10458656866018448
2023-05-24,589430.3999999999,24559.599999999995,24559.6,0,49889.981,2078.749208333333,4443.799,21,7121.039999999999,296.71,406.31,13,0.084641004264456,0.012081222821218587,0.09672222708567459
2023-05-25,589430.3999999999,24559.599999999995,24559.6,0,43739.763,1822.490125,3684.045,21,7434.472,309.76966666666664,417.149,13,0.0742068325624196,0.012612976867158532,0.08681980942957813
2023-05-26,589430.3999999999,24559.599999999995,24559.6,0,39129.556,1630.3981666666666,3484.513,22,7083.684,295.1535,437.006,13,0.06638537136869765,0.0120178463818629,0.07840321775056056
2023-05-27,589430.3999999999,24559.599999999995,24559.6,0,48201.006,2008.37525,4311.665,22,6406.731,266.94712499999997,303.465,14,0.08177556841316636,0.01086935963940781,0.09264492805257417
2023-05-28,589430.3999999999,24559.599999999995,24559.6,0,39568.025,1648.6677083333334,3153.862,21,6341.978999999999,264.249125,309.307,11,0.06712925733046685,0.010759504430039578,0.07788876176050642
2023-05-29,589430.3999999999,24559.599999999995,24559.6,0,49816.912,2075.7046666666665,3857.657,22,11281.282000000001,470.0534166666667,618.394,13,0.08451703882256498,0.019139294478194548,0.10365633330075952
2023-05-30,589430.3999999999,24559.599999999995,24559.6,0,65203.826,2716.8260833333334,5035.947,22,13437.046000000002,559.8769166666667,682.321,10,0.11062175619038314,0.02279666267637367,0.13341841886675682
2023-05-31,589430.3999999999,24559.599999999995,24559.6,0,61589.416,2566.2256666666667,4643.827,21,12703.226000000002,529.3010833333334,621.259,13,0.10448971753068727,0.02155169804611368,0.12604141557680096
2023-06-01,589430.3999999999,24559.599999999995,24559.6,0,72461.646,3019.2352499999997,5205.812,22,12651.752,527.1563333333334,619.635,14,0.12293503355103504,0.021464369669430015,0.14439940322046504
2023-06-02,589430.3999999999,24559.599999999995,24559.6,0,73142.938,3047.6224166666666,5007.097,22,12698.248,529.0936666666666,626.842,14,0.12409088163759455,0.021543252604548393,0.14563413424214294
2023-06-03,589430.3999999999,24559.599999999995,24559.6,0,52233.013000000006,2176.375541666667,4853.384,22,12282.879,511.786625,584.916,12,0.08861608257734928,0.020838557020472652,0.10945463959782192
2023-06-04,589430.3999999999,24559.599999999995,24559.6,0,44293.179000000004,1845.5491250000002,4900.662,22,12052.898000000001,502.20408333333336,522.875,12,0.07514573221876579,0.020448382031194867,0.09559411424996066
2023-06-05,589430.3999999999,24559.599999999995,24559.6,0,70542.0,2939.25,4912.718,21,12745.684,531.0701666666666,621.392,12,0.11967825208879625,0.02162373029962486,0.14130198238842112
2023-06-06,589430.3999999999,24559.599999999995,24559.6,0,68035.665,2834.8193749999996,4708.318,20,12613.399999999998,525.5583333333333,681.268,13,0.11542612155735436,0.021399303463140007,0.13682542502049438
2023-06-07,589430.3999999999,24559.599999999995,24559.6,0,69939.19,2914.132916666667,4894.362,22,12628.776999999998,526.1990416666666,667.011,13,0.11865555288631197,0.02142539136087993,0.1400809442471919
2023-06-08,589430.3999999999,24559.599999999995,24559.6,0,73676.332,3069.8471666666665,4854.542,22,12651.474000000002,527.14475,681.959,13,0.12499581290683345,0.02146389802765518,0.14645971093448862
2023-06-09,589430.3999999999,24559.599999999995,24559.6,0,64322.801999999996,2680.1167499999997,4906.122,21,11864.464,494.35266666666666,681.219,13,0.10912705215068651,0.02012869373551144,0.12925574588619795
2023-06-10,589430.3999999999,24559.599999999995,24559.6,0,61538.505000000005,2564.1043750000003,4696.229,22,6844.457,285.18570833333337,354.373,12,0.10440334431342532,0.011611985062188855,0.11601532937561418
2023-06-11,589430.3999999999,24559.599999999995,24559.6,0,52890.08,2203.7533333333336,4744.41,22,6293.767,262.2402916666667,303.24,12,0.08973083166392505,0.010677710209721115,0.10040854187364617
2023-06-12,589430.3999999999,24559.599999999995,24559.6,0,78982.751,3290.9479583333336,5049.58,22,9561.419,398.3924583333333,503.815,12,0.1339984347600667,0.016221455493303366,0.15021989025337007
2023-06-13,589430.3999999999,24559.599999999995,24559.6,0,74911.192,3121.2996666666663,5204.781,7,10199.686,424.9869166666667,501.188,13,0.12709081852581747,0.017304309380717385,0.14439512790653486
2023-06-14,589430.3999999999,24559.599999999995,24559.6,0,69152.707,2881.3627916666665,5597.884,21,10197.05,424.8770833333333,506.011,12,0.11732124267767663,0.01729983726662215,0.13462107994429878
2023-06-15,589430.3999999999,24559.599999999995,24559.6,0,77506.56599999999,3229.4402499999997,5478.971,22,10603.181,441.79920833333335,516.012,13,0.1314940084529064,0.01798886009272681,0.14948286854563322
2023-06-16,589430.3999999999,24559.599999999995,24559.6,0,86119.439,3588.3099583333333,5403.042,23,11039.375,459.9739583333333,502.701,7,0.146106205244928,0.018728886396086802,0.1648350916410148
2023-06-17,589430.3999999999,24559.599999999995,24559.6,0,64140.617,2672.525708333333,4677.751,22,7374.425000000001,307.26770833333336,364.687,14,0.10881796561561807,0.01251110394034648,0.12132906955596455
2023-06-18,589430.3999999999,24559.599999999995,24559.6,0,48286.453,2011.9355416666667,4125.71,21,6246.92,260.28833333333336,326.34,12,0.08192053378990972,0.010598231784448174,0.0925187655743579
2023-06-19,589430.3999999999,24559.599999999995,24559.6,0,71606.914,2983.621416666667,5626.861,22,8936.689,372.3620416666667,519.957,23,0.1214849352866768,0.015161567845838969,0.13664650313251575
2023-06-20,589430.3999999999,24559.599999999995,24559.6,0,71658.631,2985.7762916666666,5207.347,21,12764.475999999999,531.8531666666667,683.503,11,0.12157267592577513,0.02165561192636145,0.1432282878521366
2023-06-21,589430.3999999999,24559.599999999995,24559.6,0,83886.272,3495.2613333333334,4836.018,8,13134.604,547.2751666666667,732.063,12,0.1423175187435192,0.02228355374951818,0.16460107249303738
2023-06-22,589430.3999999999,24559.599999999995,24559.6,0,68561.94900000001,2856.7478750000005,5107.625,21,12493.16,520.5483333333333,673.007,11,0.11631899033371883,0.021195309912756453,0.1375143002464753
2023-06-23,589430.3999999999,24559.599999999995,24559.6,0,63674.06599999999,2653.086083333333,5113.848,21,12243.692,510.1538333333333,682.89,11,0.10802643704837755,0.02077207419230498,0.12879851124068253
2023-06-24,589430.3999999999,24559.599999999995,24559.6,0,52593.996,2191.4165,4525.647,21,6779.787999999999,282.49116666666663,426.278,0,0.08922850942197758,0.011502270666731814,0.10073078008870939
2023-06-25,589430.3999999999,24559.599999999995,24559.6,0,47174.767,1965.6152916666667,3918.341,21,6418.873000000001,267.4530416666667,303.691,12,0.08003449940824227,0.010889959187717502,0.09092445859595977
2023-06-26,589430.3999999999,24559.599999999995,24559.6,0,56802.686,2366.7785833333332,4970.232,22,7931.165000000001,330.46520833333335,450.968,10,0.09636877568581466,0.01345564293935298,0.10982441862516763
2023-06-27,589430.3999999999,24559.599999999995,24559.6,0,68271.64600000001,2844.651916666667,4940.663,21,8967.486,373.64525000000003,481.943,11,0.11582647586551359,0.015213816593104126,0.1310402924586177
2023-06-28,589430.3999999999,24559.599999999995,24559.6,0,61212.61200000001,2550.5255,4835.084,21,9088.5,378.6875,472.876,12,0.10385044951872183,0.015419123275623383,0.1192695727943452
2023-06-29,589430.3999999999,24559.599999999995,24559.6,0,41710.707,1737.9461250000002,3691.403,21,8060.446,335.8519166666667,452.459,10,0.07076443122037819,0.01367497502673768,0.08443940624711588
2023-06-30,589430.3999999999,24559.599999999995,24559.6,0,46497.574,1937.3989166666668,3521.085,22,8457.298,352.3874166666667,496.754,11,0.07888560549303193,0.014348255536192232,0.09323386102922417
2023-07-01,589430.3999999999,24559.599999999995,24559.6,0,34896.778,1454.0324166666667,3107.339,22,6900.586000000001,287.5244166666667,351.25,14,0.05920423853265798,0.011707210893771346,0.07091144942642932
2023-07-02,589430.3999999999,24559.599999999995,24559.6,0,36494.182,1520.5909166666668,3130.6,22,6538.285,272.42854166666666,301.51,0,0.06191431931573262,0.011092547992095421,0.07300686730782804
2023-07-03,589430.3999999999,24559.599999999995,24559.6,0,49677.614,2069.9005833333335,4208.889,22,7978.0650000000005,332.419375,452.713,12,0.08428071236230776,0.013535211281942705,0.09781592364425047
2023-07-04,589430.3999999999,24559.599999999995,24559.6,0,47222.914000000004,1967.6214166666668,3568.812,22,8614.828,358.95116666666667,513.584,12,0.0801161833526062,0.014615513553423781,0.09473169690602998
2023-07-05,589430.3999999999,24559.599999999995,24559.6,0,50610.393,2108.7663749999997,3317.644,21,8723.585,363.4827083333333,508.709,10,0.08586322151012232,0.014800025584021456,0.10066324709414377
2023-07-06,589430.3999999999,24559.599999999995,24559.6,0,50996.557,2124.8565416666665,4344.637,21,9058.524,377.4385,511.986,12,0.08651836925954279,0.015368267398491833,0.10188663665803462
2023-07-07,589430.3999999999,24559.599999999995,24559.6,0,42169.924,1757.0801666666666,2980.642,7,8839.034,368.2930833333333,506.863,12,0.07154351726683932,0.014995890948278204,0.08653940821511752
2023-07-08,589430.3999999999,24559.599999999995,24559.6,0,39878.482,1661.6034166666668,3616.611,21,7556.35,314.84791666666666,400.524,12,0.06765596413079476,0.012819749371596717,0.08047571350239148
2023-07-09,589430.3999999999,24559.599999999995,24559.6,0,35611.358,1483.8065833333333,3180.787,22,7262.676000000001,302.61150000000004,307.31,23,0.06041656148037157,0.012321515822733274,0.07273807730310484
2023-07-10,589430.3999999999,24559.599999999995,24559.6,0,53596.67,2233.1945833333334,4956.215,22,10245.323,426.88845833333335,600.889,23,0.09092959915199489,0.017381734976682578,0.10831133412867747
2023-07-11,589430.3999999999,24559.599999999995,24559.6,0,55842.369999999995,2326.7654166666666,4633.668,21,13098.585,545.774375,652.078,12,0.09473954855399383,0.0222224456017199,0.11696199415571373
2023-07-12,589430.3999999999,24559.599999999995,24559.6,0,48569.626,2023.7344166666664,4625.967,22,8619.005,359.1252083333333,497.767,0,0.08240095183417755,0.014622600055918393,0.09702355189009594
2023-07-13,589430.3999999999,24559.599999999995,24559.6,0,48764.695,2031.8622916666666,4519.804,22,8372.533,348.8555416666666,452.423,14,0.08273189675999068,0.014204447208695039,0.09693634396868572
2023-07-14,589430.3999999999,24559.599999999995,24559.6,0,42579.268,1774.1361666666664,4027.877,0,8209.158,342.04825,450.864,12,0.07223799111820497,0.013927272838319843,0.08616526395652482
2023-07-15,589430.3999999999,24559.599999999995,24559.6,0,30920.206,1288.3419166666665,3268.092,22,7185.412,299.3921666666667,324.515,20,0.052457772792173604,0.012190433340390997,0.0646482061325646
2023-07-16,589430.3999999999,24559.599999999995,24559.6,0,33785.336,1407.7223333333334,3484.798,22,6925.726000000001,288.5719166666667,319.833,0,0.05731861810995837,0.011749862239884475,0.06906848034984285
2023-07-17,589430.3999999999,24559.599999999995,24559.6,0,44077.572,1836.5655,4868.022,21,8101.448,337.56033333333335,452.438,13,0.07477994348442159,0.013744537098866976,0.08852448058328856
2023-07-18,589430.3999999999,24559.599999999995,24559.6,0,55754.015,2323.083958333333,4317.765,20,8578.243,357.4267916666667,452.023,12,0.09458964960069927,0.014553445156544356,0.10914309475724362
2023-07-19,589430.3999999999,24559.599999999995,24559.6,0,52720.58200000001,2196.690916666667,4221.131,21,7979.254999999999,332.4689583333333,450.537,13,0.08944326929863139,0.013537230180187517,0.1029804994788189
2023-07-20,589430.3999999999,24559.599999999995,24559.6,0,46406.210999999996,1933.592125,4100.89,22,8223.591,342.649625,455.389,12,0.07873060330787147,0.013951759189889088,0.09268236249776056
2023-07-21,589430.3999999999,24559.599999999995,24559.6,0,40918.691,1704.9454583333334,3848.464,21,8122.682000000001,338.44508333333334,452.001,12,0.06942073398318106,0.013780561708388305,0.08320129569156937
2023-07-22,589430.3999999999,24559.599999999995,24559.6,0,42905.858,1787.7440833333333,4076.942,21,7465.6630000000005,311.0692916666667,332.991,13,0.07279206841045187,0.01266589405636357,0.08545796246681545
2023-07-23,589430.3999999999,24559.599999999995,24559.6,0,36232.13,1509.6720833333331,3651.313,22,6828.793,284.53304166666663,325.32,9,0.061469734170480524,0.011585410253695772,0.0730551444241763
2023-07-24,589430.3999999999,24559.599999999995,24559.6,0,40644.556000000004,1693.5231666666668,3771.344,22,7013.332999999999,292.2222083333333,352.807,12,0.06895564938625495,0.011898492171425159,0.08085414155768011
2023-07-25,589430.3999999999,24559.599999999995,24559.6,0,37204.64,1550.1933333333334,4465.985,21,11416.763,475.69845833333335,621.885,12,0.06311964907137468,0.019369145195090046,0.08248879426646473
2023-07-26,589430.3999999999,24559.599999999995,24559.6,0,40835.473,1701.4780416666665,3800.708,21,14186.279,591.0949583333334,664.891,12,0.06927955022340213,0.024067776280286873,0.093347326503689
2023-07-27,589430.3999999999,24559.599999999995,24559.6,0,43771.847,1823.8269583333333,3800.704,22,14001.706999999999,583.4044583333333,655.871,12,0.07426126477358481,0.02375464007285678,0.0980159048464416
2023-07-28,589430.3999999999,24559.599999999995,24559.6,0,47319.36,1971.64,3557.877,21,13543.662,564.31925,632.779,12,0.08027980911741235,0.022977542386683827,0.10325735150409618
2023-07-29,589430.3999999999,24559.599999999995,24559.6,0,36608.554,1525.3564166666665,3542.566,22,12950.510000000002,539.6045833333334,577.217,6,0.062108357492250146,0.021971228494492318,0.08407958598674246
2023-07-30,589430.3999999999,24559.599999999995,24559.6,0,28981.494,1207.56225,2630.247,22,11896.764,495.69849999999997,558.473,21,0.04916864484763596,0.02018349240215639,0.06935213724979235
2023-07-31,589430.3999999999,24559.599999999995,24559.6,0,34341.378,1430.8907499999998,3875.07,22,13296.619,554.0257916666667,592.076,12,0.05826197291486832,0.022558420807613593,0.08082039372248191
2023-08-01,589430.3999999999,24559.599999999995,24559.6,0,33166.859,1381.9524583333332,3482.884,22,13090.619999999999,545.4425,579.766,20,0.056269339009321545,0.02220893255590482,0.07847827156522637
2023-08-02,589430.3999999999,24559.599999999995,24559.6,0,35568.608,1482.0253333333333,3101.199,21,12459.060999999998,519.1275416666666,564.304,19,0.060344033833341484,0.021137459147000222,0.08148149298034171
2023-08-03,589430.3999999999,24559.599999999995,24559.6,0,25911.926999999996,1079.663625,2343.465,7,12828.381999999998,534.5159166666666,570.406,1,0.043960961294157885,0.0217640318517674,0.06572499314592528
2023-08-04,589430.3999999999,24559.599999999995,24559.6,0,27654.671000000002,1152.2779583333333,2350.753,22,7328.841,305.368375,412.052,0,0.046917619111603345,0.012433768261698076,0.05935138737330142
2023-08-05,589430.3999999999,24559.599999999995,24559.6,0,30089.392,1253.7246666666667,3119.48,21,6958.954,289.95641666666666,316.189,21,0.05104825268598295,0.01180623530784975,0.0628544879938327
2023-08-06,589430.3999999999,24559.599999999995,24559.6,0,24550.226,1022.9260833333333,2569.278,22,6652.3330000000005,277.18054166666667,317.075,2,0.04165076317746761,0.011286036485393358,0.05293679966286097
2023-08-07,589430.3999999999,24559.599999999995,24559.6,0,29191.109000000004,1216.2962083333334,3431.332,21,8338.774,347.44891666666666,543.558,21,0.04952426783552394,0.014147173271008758,0.0636714411065327
2023-08-08,589430.3999999999,24559.599999999995,24559.6,0,44663.966,1860.9985833333333,3888.395,21,14342.073,597.586375,665.349,21,0.07577479207044632,0.0243320890812554,0.10010688115170172
2023-08-09,589430.3999999999,24559.599999999995,24559.6,0,44749.291,1864.5537916666665,2980.317,22,14980.906,624.2044166666667,684.658,21,0.07591955046770578,0.025415903217750568,0.10133545368545635
2023-08-10,589430.3999999999,24559.599999999995,24559.6,0,34252.542,1427.1892500000001,3651.907,20,14132.578999999998,588.8574583333333,629.317,0,0.0581112579195101,0.023976671376298202,0.0820879292958083
2023-08-11,589430.3999999999,24559.599999999995,24559.6,0,40990.122,1707.9217500000002,3364.799,21,14219.407,592.4752916666666,635.656,7,0.06954192047101745,0.024123979692937454,0.0936659001639549
2023-08-12,589430.3999999999,24559.599999999995,24559.6,0,32330.807999999997,1347.117,2745.21,21,14709.900000000001,612.9125,668.225,12,0.05485093405430056,0.024956127135621106,0.07980706118992167
2023-08-13,589430.3999999999,24559.599999999995,24559.6,0,25528.134,1063.6722499999998,2039.278,21,14235.516,593.1465,690.879,21,0.04330983607224874,0.024151309467580907,0.06746114553982965
2023-08-14,589430.3999999999,24559.599999999995,24559.6,0,29436.16,1226.5066666666667,3054.572,22,14502.559,604.2732916666666,683.257,13,0.049940009880725535,0.024604362109589193,0.07454437199031473
2023-08-15,589430.3999999999,24559.599999999995,24559.6,0,29648.905,1235.3710416666665,2655.755,21,13965.815999999999,581.909,616.882,21,0.05030094307996331,0.023693749083861303,0.07399469216382461
2023-08-16,589430.3999999999,24559.599999999995,24559.6,0,30228.318,1259.51325,3272.667,21,14471.538,602.9807500000001,673.463,11,0.05128394802846953,0.02455173333441913,0.07583568136288865
2023-08-17,589430.3999999999,24559.599999999995,24559.6,0,31619.738,1317.4890833333334,3819.562,21,15045.661,626.9025416666667,675.33,10,0.05364456600813261,0.025525763516778235,0.07917032952491085
2023-08-18,589430.3999999999,24559.599999999995,24559.6,0,35537.464,1480.7276666666667,4773.266,21,14816.397,617.349875,694.07,12,0.06029119638213436,0.025136804956106783,0.08542800133824113
2023-08-19,589430.3999999999,24559.599999999995,24559.6,0,34537.074,1439.04475,4155.962,21,14091.136,587.1306666666667,614.662,14,0.058593981579504566,0.023906361124231126,0.08250034270373569
2023-08-20,589430.3999999999,24559.599999999995,24559.6,0,33532.531,1397.1887916666667,3673.405,21,14124.945,588.539375,636.68,2,0.056889720991655686,0.023963719889574752,0.08085344088123043
2023-08-21,589430.3999999999,24559.599999999995,24559.6,0,50538.60800000001,2105.7753333333335,4554.954,21,15722.736,655.114,696.684,19,0.08574143444247194,0.02667445723871725,0.11241589168118919
2023-08-22,589430.3999999999,24559.599999999995,24559.6,0,45511.576,1896.3156666666666,4518.498,21,15959.240000000002,664.9683333333334,715.783,13,0.07721280748329236,0.02707569884417228,0.10428850632746464
2023-08-23,589430.3999999999,24559.599999999995,24559.6,0,38772.899,1615.5374583333332,3913.896,21,17395.303,724.8042916666667,972.912,23,0.06578028381298284,0.029512056045972523,0.09529233985895537
2023-08-24,589430.3999999999,24559.599999999995,24559.6,0,33651.437,1402.1432083333332,4019.368,21,19970.233,832.0930416666666,944.003,0,0.05709145134014127,0.033880561640526184,0.09097201298066745
2023-08-25,589430.3999999999,24559.599999999995,24559.6,0,30857.367,1285.7236249999999,3078.343,21,15258.194,635.7580833333333,806.714,0,0.052351163088975396,0.025886337046748864,0.07823750013572425
2023-08-26,589430.3999999999,24559.599999999995,24559.6,0,29875.048000000003,1244.7936666666667,2436.653,8,13493.315999999999,562.2215,626.818,12,0.05068460669826329,0.02289212772194987,0.07357673442021316
2023-08-27,589430.3999999999,24559.599999999995,24559.6,0,19391.317,807.9715416666667,1932.642,22,11938.0,497.4166666666667,545.322,12,0.03289839987893397,0.02025345146772206,0.05315185134665603
2023-08-28,589430.3999999999,24559.599999999995,24559.6,0,27928.343,1163.6809583333334,2500.403,21,13238.892,551.6205,631.294,14,0.047381918204422446,0.02246048388410235,0.0698424020885248
2023-08-29,589430.3999999999,24559.599999999995,24559.6,0,24647.092,1026.9621666666667,2336.282,8,12947.927,539.4969583333333,599.524,10,0.04181510149459547,0.021966846297713862,0.06378194779230933
2023-08-30,589430.3999999999,24559.599999999995,24559.6,0,36353.492,1514.7288333333333,3611.376,21,12628.972000000002,526.2071666666667,622.334,10,0.06167563125349491,0.02142572218874358,0.08310135344223848
2023-08-31,589430.3999999999,24559.599999999995,24559.6,0,37785.281,1574.3867083333334,3328.92,21,12783.744000000002,532.6560000000001,603.877,13,0.0641047373871453,0.021688301112395975,0.08579303849954127
2023-09-01,589430.3999999999,24559.599999999995,24559.6,0,35043.271,1460.1362916666667,2968.185,21,12671.216,527.9673333333334,607.272,11,0.05945277169280717,0.021497391379881325,0.08095016307268849
2023-09-02,589430.3999999999,24559.599999999995,24559.6,0,23974.167,998.923625,1814.607,21,12265.529,511.06370833333335,622.159,11,0.040673448468216106,0.020809121823373893,0.06148257029159
2023-09-03,589430.3999999999,24559.599999999995,24559.6,0,24992.911,1041.3712916666666,2269.915,21,11502.98,479.2908333333333,551.204,18,0.04240180180730414,0.019515416917756535,0.061917218725060674
2023-09-04,589430.3999999999,24559.599999999995,24559.6,0,27296.53,1137.3554166666665,3295.031,21,12621.367000000002,525.8902916666667,664.575,13,0.04631001387101853,0.021412819902061387,0.06772283377307992
2023-09-05,589430.3999999999,24559.599999999995,24559.6,0,34973.167,1457.2152916666666,3850.51,20,13260.148000000001,552.5061666666667,670.564,13,0.05933383653099671,0.022496545817792913,0.08183038234878963
2023-09-06,589430.3999999999,24559.599999999995,24559.6,0,40736.077,1697.3365416666666,3880.883,20,13545.723,564.405125,681.337,13,0.06911091962681261,0.022981038982719592,0.0920919586095322
2023-09-07,589430.3999999999,24559.599999999995,24559.6,0,44866.072,1869.4196666666667,4150.109,20,13210.063000000002,550.4192916666667,670.786,14,0.07611767564075421,0.0224115739534303,0.0985292495941845
2023-09-08,589430.3999999999,24559.599999999995,24559.6,0,40432.475,1684.6864583333333,3942.903,20,10792.874,449.7030833333333,463.327,23,0.06859584269830671,0.018310684348822187,0.0869065270471289
2023-09-09,589430.3999999999,24559.599999999995,24559.6,0,27787.309,1157.8045416666666,3236.775,21,10981.533,457.563875,492.252,23,0.047142646527902204,0.018630754368963665,0.06577340089686587
2023-09-10,589430.3999999999,24559.599999999995,24559.6,0,24097.969,1004.0820416666667,3218.687,20,11797.718,491.57158333333336,518.776,3,0.04088348514090893,0.020015455599168286,0.06089894074007721
2023-09-11,589430.3999999999,24559.599999999995,24559.6,0,35840.846,1493.3685833333332,3728.968,20,13472.791999999998,561.3663333333333,648.195,13,0.06080590006894793,0.022857307665162842,0.08366320773411076
2023-09-12,589430.3999999999,24559.599999999995,24559.6,0,37719.191,1571.6329583333334,3508.976,8,13131.593999999997,547.1497499999999,646.326,12,0.06399261218966651,0.022278447124546002,0.08627105931421251
2023-09-13,589430.3999999999,24559.599999999995,24559.6,0,28734.685000000005,1197.2785416666668,2877.893,20,13072.545000000002,544.689375,667.436,11,0.04874992026200211,0.022178267357774565,0.07092818761977668
2023-09-14,589430.3999999999,24559.599999999995,24559.6,0,25905.553,1079.3980416666666,2923.394,20,13273.367,553.0569583333333,654.932,12,0.043950147464399535,0.022518972553841814,0.06646912001824135
2023-09-15,589430.3999999999,24559.599999999995,24559.6,0,32634.661,1359.7775416666666,3068.444,20,12747.226999999999,531.1344583333333,660.146,13,0.05536643681764633,0.02162634808113053,0.07699278489877687
2023-09-16,589430.3999999999,24559.599999999995,24559.6,0,25419.135000000002,1059.130625,2831.72,21,12423.491999999998,517.6455,604.34,11,0.04312491347578952,0.021077114448118047,0.06420202792390757
2023-09-17,589430.3999999999,24559.599999999995,24559.6,0,17366.869,723.6195416666666,1778.829,21,11845.868,493.57783333333333,541.039,12,0.029463816253793497,0.020097144633191642,0.04956096088698514
2023-09-18,589430.3999999999,24559.599999999995,24559.6,0,33353.04,1389.71,3985.05,21,13254.988,552.2911666666666,646.239,11,0.056585204970765,0.022487791603554894,0.0790729965743199
2023-09-19,589430.3999999999,24559.599999999995,24559.6,0,34915.075,1454.7947916666665,3772.541,20,12334.012000000002,513.9171666666667,592.942,12,0.05923528036558685,0.02092530687253322,0.08016058723812007
2023-09-20,589430.3999999999,24559.599999999995,24559.6,0,30594.716,1274.7798333333333,3530.681,8,13406.621000000003,558.6092083333334,711.623,13,0.05190556170838831,0.022745045046879166,0.07465060675526747
2023-09-21,589430.3999999999,24559.599999999995,24559.6,0,21832.974,909.7072499999999,3520.115,20,13993.5,583.0625,723.134,12,0.03704080074594049,0.02374071646118015,0.06078151720712064
2023-09-22,589430.3999999999,24559.599999999995,24559.6,0,33166.448,1381.9353333333331,3823.578,20,13602.693,566.778875,708.58,12,0.05626864172597817,0.023077691615498625,0.0793463333414768
2023-09-23,589430.3999999999,24559.599999999995,24559.6,0,25964.087,1081.8369583333333,3158.602,21,12053.85,502.24375000000003,590.896,12,0.04404945350630032,0.020449997149790716,0.06449945065609104
2023-09-24,589430.3999999999,24559.599999999995,24559.6,0,24737.042,1030.7100833333334,3571.325,21,11129.865,463.744375,523.352,22,0.04196770645015935,0.018882407490350007,0.060850113940509355
2023-09-25,589430.3999999999,24559.599999999995,24559.6,0,39396.583,1641.5242916666666,4443.91,20,15642.424000000003,651.7676666666667,821.342,19,0.06683839686585559,0.026538203662383218,0.0933766005282388
2023-09-26,589430.3999999999,24559.599999999995,24559.6,0,41312.036,1721.3348333333333,4091.53,20,19796.191,824.8412916666666,917.087,21,0.07008806468074942,0.033585290137732975,0.10367335481848239
2023-09-27,589430.3999999999,24559.599999999995,24559.6,0,45174.972,1882.2905,4089.813,21,20223.27,842.63625,1052.797,20,0.07664174090783239,0.03430985235915895,0.11095159326699133
2023-09-28,589430.3999999999,24559.599999999995,24559.6,0,42735.96,1780.665,3872.65,20,20159.786,839.9910833333333,1003.1,20,0.07250382742389942,0.034202148379180994,0.10670597580308042
2023-09-29,589430.3999999999,24559.599999999995,24559.6,0,43935.633,1830.6513750000001,4257.589,20,20469.699,852.904125,1000.0,21,0.07453913642730339,0.034727932254596985,0.10926706868190038
2023-09-30,589430.3999999999,24559.599999999995,24559.6,0,27868.867,1161.2027916666666,3621.525,21,13189.547000000002,549.5644583333334,620.649,0,0.04728101400945727,0.02237676746906845,0.06965778147852572
2023-10-01,589430.3999999999,24559.599999999995,24559.6,0,22451.005,935.4585416666667,3320.551,21,12592.380000000001,524.6825,562.121,3,0.03808932318387379,0.02136364191599212,0.05945296509986592
2023-10-02,589430.3999999999,24559.599999999995,24559.6,0,26481.343999999997,1103.3893333333333,3294.022,20,14254.339,593.9307916666667,703.316,11,0.04492700749740767,0.024183243687465054,0.06911025118487273
2023-10-03,589430.3999999999,24559.599999999995,24559.6,0,27660.427,1152.5177916666667,3301.672,8,13167.45,548.6437500000001,714.388,11,0.04692738447151692,0.022339278734181345,0.06926666320569827
2023-10-04,589430.3999999999,24559.599999999995,24559.6,0,28130.216999999997,1172.092375,3455.516,21,14089.326000000001,587.05525,736.876,18,0.04772440817440024,0.023903290363035234,0.07162769853743547
2023-10-05,589430.3999999999,24559.599999999995,24559.6,0,40545.805,1689.4085416666667,3696.617,21,13113.257000000001,546.3857083333334,684.473,13,0.06878811306644518,0.022247337429491258,0.09103545049593643
2023-10-06,589430.3999999999,24559.599999999995,24559.6,0,42017.748,1750.7395,3689.188,20,13123.412,546.8088333333334,681.001,14,0.07128534259515629,0.02226456592669805,0.09354990852185434
2023-10-07,589430.3999999999,24559.599999999995,24559.6,0,24987.326,1041.1385833333334,3340.312,20,11618.559,484.10662499999995,527.074,11,0.04239232655797869,0.019711502833922378,0.062103829391901066
2023-10-08,589430.3999999999,24559.599999999995,24559.6,0,23348.33,972.8470833333334,2833.206,20,12488.212,520.3421666666667,564.863,20,0.03961168273641808,0.02118691536778558,0.06079859810420366
2023-10-09,589430.3999999999,24559.599999999995,24559.6,0,42382.894,1765.9539166666666,4072.895,20,16669.028,694.5428333333333,893.006,20,0.07190483219053515,0.028279891909205906,0.10018472409974105
2023-10-10,589430.3999999999,24559.599999999995,24559.6,0,44188.983,1841.207625,4186.228,20,18472.727,769.6969583333333,892.317,9,0.07496895816707114,0.0313399631237208,0.10630892129079195
2023-10-11,589430.3999999999,24559.599999999995,24559.6,0,47047.867,1960.3277916666666,4414.787,20,20559.263,856.6359583333333,1013.576,20,0.07981920681390034,0.03487988234064616,0.11469908915454649
2023-10-12,589430.3999999999,24559.599999999995,24559.6,0,39195.606,1633.15025,3449.732,20,18175.356,757.3065,904.558,20,0.06649742870405057,0.03083545741787326,0.09733288612192383
2023-10-13,589430.3999999999,24559.599999999995,24559.6,0,34482.941,1436.7892083333334,3801.716,21,18561.12,773.38,871.283,18,0.058502142068003284,0.031489926546034955,0.08999206861403825
2023-10-14,589430.3999999999,24559.599999999995,24559.6,0,41916.270000000004,1746.5112500000002,3513.438,20,18517.676,771.5698333333333,932.271,23,0.07111317977491492,0.03141622149112092,0.10252940126603585
2023-10-15,589430.3999999999,24559.599999999995,24559.6,0,35559.896,1481.6623333333334,3785.3,20,21272.969,886.3737083333334,1078.28,18,0.06032925346232567,0.03609072250090936,0.09641997596323504
2023-10-16,589430.3999999999,24559.599999999995,24559.6,0,57984.914000000004,2416.0380833333334,4219.583,20,26677.829,1111.5762083333334,1282.517,17,0.09837448831957092,0.04526035474247681,0.14363484306204774
2023-10-17,589430.3999999999,24559.599999999995,24559.6,0,36280.902,1511.70425,3406.362,8,10177.624,424.06766666666664,663.469,0,0.06155247846056126,0.017266880025190424,0.07881935848575168
2023-10-18,589430.3999999999,24559.599999999995,24559.6,0,26072.532,1086.3555,2582.444,8,8395.523,349.8134583333333,467.294,13,0.044233436212316166,0.014243450965542328,0.0584768871778585
2023-10-19,589430.3999999999,24559.599999999995,24559.6,0,34004.036,1416.8348333333333,2852.38,10,8299.185,345.799375,477.38,12,0.05768965428318595,0.014080008428476036,0.07176966271166198
2023-10-20,589430.3999999999,24559.599999999995,24559.6,0,46360.341,1931.680875,3163.876,20,8216.436,342.3515,456.482,13,0.07865278241502306,0.013939620352123,0.09259240276714606
2023-10-21,589430.3999999999,24559.599999999995,24559.6,0,51641.202000000005,2151.71675,4135.583,21,7228.189,301.1745416666667,372.801,12,0.08761204376292776,0.012263006794356044,0.09987505055728381
2023-10-22,589430.3999999999,24559.599999999995,24559.6,0,59555.33099999999,2481.472125,3637.087,18,7949.903,331.24595833333336,397.018,20,0.10103878422287008,0.013487432952219637,0.1145262171750897
2023-10-23,589430.3999999999,24559.599999999995,24559.6,0,78238.58,3259.9408333333336,4847.211,9,9874.133,411.42220833333334,500.841,18,0.13273590910818311,0.016751991414083837,0.14948790052226696
2023-10-24,589430.3999999999,24559.599999999995,24559.6,0,56898.81,2370.78375,4746.419,20,7710.623,321.27595833333334,432.361,11,0.09653185516050751,0.013081481715228806,0.10961333687573632
2023-10-25,589430.3999999999,24559.599999999995,24559.6,0,53204.537,2216.855708333333,4235.109,20,8064.8060000000005,336.03358333333335,496.106,11,0.09026432467684056,0.013682371998458176,0.10394669667529874
2023-10-26,589430.3999999999,24559.599999999995,24559.6,0,58921.232,2455.0513333333333,4138.009,21,7991.537,332.9807083333333,452.469,12,0.09996300156897238,0.013558067245937775,0.11352106881491016
2023-10-27,589430.3999999999,24559.599999999995,24559.6,0,71011.034,2958.7930833333335,4238.015,20,7482.6630000000005,311.777625,458.664,12,0.12047399319750052,0.012694735459860912,0.13316872865736143
2023-10-28,589430.3999999999,24559.599999999995,24559.6,0,65238.806,2718.2835833333334,3888.079,20,6167.382,256.97425,302.128,12,0.11068110161946178,0.010463291340249842,0.12114439295971162
2023-10-29,589430.3999999999,24559.6,24559.6,0,72468.78528000001,3019.53272,5085.406,18,6126.52224,255.27176,256.028,5,0.12294714571898568,0.010393970585840162,0.13334111630482584
2023-10-30,589430.3999999999,24559.599999999995,24559.6,0,76566.605,3190.275208333333,5331.101,20,7341.042,305.87675,354.868,11,0.12989931466039079,0.012454467906643433,0.1423537825670342
2023-10-31,589430.3999999999,24559.599999999995,24559.6,0,116711.15899999999,4862.964958333333,6394.361,17,7668.427,319.51779166666665,353.148,11,0.19800668408008817,0.013009893958642108,0.21101657803873028
2023-11-01,589430.3999999999,24559.599999999995,24559.6,0,90659.79,3777.4912499999996,4844.406,20,7134.382,297.26591666666667,333.348,23,0.15380915202201992,0.012103858233304562,0.16591301025532448
2023-11-02,589430.3999999999,24559.599999999995,24559.6,0,91147.852,3797.8271666666665,5583.385,20,7575.5560000000005,315.64816666666667,374.748,16,0.15463717514400346,0.012852333371336127,0.16748950851533959
2023-11-03,589430.3999999999,24559.599999999995,24559.6,0,100924.39199999999,4205.183,6179.696,20,7467.082999999999,311.1284583333333,412.927,13,0.17122359484682162,0.012668303161832168,0.1838918980086538
2023-11-04,589430.3999999999,24559.599999999995,24559.6,0,98023.116,4084.2965,4750.415,21,6218.5380000000005,259.10575,280.628,1,0.16630142591898892,0.010550080213032787,0.1768515061320217
2023-11-05,589430.3999999999,24559.599999999995,24559.6,0,97314.882,4054.7867499999998,5758.167,19,6125.444,255.22683333333336,275.208,0,0.16509986929754558,0.010392141294375046,0.17549201059192063
2023-11-06,589430.3999999999,24559.599999999995,24559.6,0,108909.167,4537.881958333333,6502.129,19,7442.305999999999,310.0960833333333,361.969,11,0.18477019000038006,0.012626267664511366,0.19739645766489142
2023-11-07,589430.3999999999,24559.599999999995,24559.6,0,125482.044,5228.4185,7006.497,20,7559.771,314.9904583333333,363.667,10,0.21288695662795815,0.012825553279912269,0.22571250990787042
2023-11-08,589430.3999999999,24559.599999999995,24559.6,0,129170.94099999999,5382.122541666667,7215.279,18,7294.552,303.93966666666665,402.905,11,0.21914536644190732,0.012375595150843934,0.23152096159275126
2023-11-09,589430.3999999999,24559.599999999995,24559.6,0,120026.033,5001.084708333333,7646.318,19,7618.028,317.41783333333336,349.825,10,0.20363054399637348,0.012924389376591369,0.21655493337296486
2023-11-10,589430.3999999999,24559.599999999995,24559.6,0,117987.968,4916.165333333333,5840.582,8,7074.695,294.7789583333333,400.964,11,0.2001728584070316,0.012002596065625391,0.212175454472657
2023-11-11,589430.3999999999,24559.599999999995,24559.6,0,92888.368,3870.3486666666668,4564.924,0,6627.782999999999,276.157625,297.467,6,0.15759005304103763,0.0112443861056369,0.16883443914667454
2023-11-12,589430.3999999999,24559.599999999995,24559.6,0,98953.28,4123.053333333333,5697.106,19,6620.544,275.856,311.848,23,0.16787949858032436,0.011232104757406474,0.17911160333773082
2023-11-13,589430.3999999999,24559.599999999995,24559.6,0,114372.416,4765.517333333333,7519.817,20,8035.905999999999,334.82941666666665,453.125,12,0.194038882283642,0.01363334161251269,0.2076722238961547
2023-11-14,589430.3999999999,24559.599999999995,24559.6,0,122606.343,5108.597624999999,7533.101,20,7813.155999999999,325.54816666666665,452.962,12,0.20800817704685745,0.013255434399040159,0.22126361144589762
2023-11-15,589430.3999999999,24559.599999999995,24559.6,0,135202.89,5633.453750000001,7438.998,18,7712.013999999999,321.33391666666665,451.922,12,0.22937888849981275,0.013083841620656147,0.2424627301204689
2023-11-16,589430.3999999999,24559.599999999995,24559.6,0,136204.016,5675.167333333334,7992.3,20,9043.79,376.82458333333335,502.964,12,0.23107735196555865,0.015343270384425374,0.24642062234998402
2023-11-17,589430.3999999999,24559.599999999995,24559.6,0,152328.646,6347.026916666667,8386.518,18,8011.243,333.8017916666667,454.547,11,0.2584336437346971,0.013591499522250637,0.27202514325694777
2023-11-18,589430.3999999999,24559.599999999995,24559.6,0,145706.153,6071.089708333333,8243.473,20,7214.187,300.591125,352.99,13,0.24719823239520733,0.012239251657193116,0.25943748405240047
2023-11-19,589430.3999999999,24559.599999999995,24559.6,0,111790.674,4657.94475,7679.416,20,6731.683999999999,280.4868333333333,304.488,2,0.18965881976905163,0.011420659674153217,0.20107947944320484
2023-11-20,589430.3999999999,24559.599999999995,24559.6,0,131740.766,5489.198583333334,7659.926,8,8282.667,345.11112499999996,503.93,14,0.22350521113264607,0.0140519847635955,0.23755719589624158
2023-11-21,589430.3999999999,24559.599999999995,24559.6,0,94824.887,3951.0369583333336,7323.657,19,8000.668,333.36116666666663,502.841,14,0.1608754604445241,0.013573558472722142,0.17444901891724626
2023-11-22,589430.3999999999,24559.599999999995,24559.6,0,81240.584,3385.0243333333333,6542.452,20,8067.656,336.15233333333333,501.201,14,0.137828968441397,0.013687207174926847,0.15151617561632386
2023-11-23,589430.3999999999,24559.599999999995,24559.6,0,96600.50200000001,4025.020916666667,7740.17,18,8894.064,370.586,499.388,14,0.1638878856604614,0.01508925226795225,0.17897713792841363
2023-11-24,589430.3999999999,24559.599999999995,24559.6,0,109236.75,4551.53125,7299.916,18,8102.460000000001,337.6025,430.05,13,0.18532595196990181,0.013746254010651644,0.19907220598055345
2023-11-25,589430.3999999999,24559.599999999995,24559.6,0,105068.141,4377.839208333334,7807.034,21,7558.690999999999,314.9454583333333,361.27,13,0.17825368525274574,0.012823721002513614,0.19107740625525935
2023-11-26,589430.3999999999,24559.599999999995,24559.6,0,146542.368,6105.932,7918.64,18,7188.423000000001,299.517625,301.808,5,0.2486169155849444,0.012195541661916321,0.2608124572468607
2023-11-27,589430.3999999999,24559.599999999995,24559.6,0,143683.406,5986.8085833333325,7424.456,8,8138.863000000001,339.1192916666667,402.89,14,0.24376653460696973,0.013808013634858335,0.25757454824182807
2023-11-28,589430.3999999999,24559.599999999995,24559.6,0,138828.272,5784.511333333333,7303.654,20,8060.661,335.860875,401.694,13,0.23552954174063642,0.013675339785664264,0.2492048815263007
2023-11-29,589430.3999999999,24559.599999999995,24559.6,0,111025.782,4626.074250000001,6432.052,8,8149.631000000001,339.56795833333337,423.842,13,0.1883611398394111,0.013826282119144181,0.2021874219585553
2023-11-30,589430.3999999999,24559.599999999995,24559.6,0,133994.914,5583.121416666666,7769.75,20,8310.393,346.266375,422.22,16,0.22732949301563002,0.014099023396146519,0.24142851641177654
2023-12-01,589430.3999999999,24559.599999999995,24559.6,0,133327.44,5555.31,7420.229,19,8003.636,333.48483333333337,401.407,16,0.22619708790045445,0.013578593842462149,0.2397756817429166
2023-12-02,589430.3999999999,24559.599999999995,24559.6,0,129716.636,5404.859833333333,8224.066,21,7758.203,323.25845833333335,380.741,20,0.2200711670114063,0.013162203713958428,0.23323337072536474
2023-12-03,589430.3999999999,24559.599999999995,24559.6,0,136488.579,5687.024125,8008.077,20,7495.275,312.30312499999997,341.487,18,0.23156012821870067,0.012716132388149646,0.24427626060685032
2023-12-04,589430.3999999999,24559.599999999995,24559.6,0,144817.09100000001,6034.045458333334,8961.831,20,7955.995000000001,331.4997916666667,421.027,13,0.24568989146131595,0.013497768353990568,0.2591876598153065
2023-12-05,589430.3999999999,24559.599999999995,24559.6,0,173684.359,7236.848291666666,8485.068,20,7827.221,326.13420833333333,421.156,15,0.2946647458291938,0.013279296419051343,0.3079440422482451
2023-12-06,589430.3999999999,24559.599999999995,24559.6,0,171160.88,7131.703333333334,8367.141,20,7942.023999999999,330.91766666666666,420.264,14,0.29038352959060143,0.013474065809975191,0.3038575954005766
2023-12-07,589430.3999999999,24559.599999999995,24559.6,0,142708.661,5946.194208333333,7381.051,19,7989.575,332.8989583333333,422.488,12,0.24211282790979227,0.013554738608663552,0.25566756651845585
2023-12-08,589430.3999999999,24559.599999999995,24559.6,0,97804.969,4075.2070416666666,5963.726,19,7625.365,317.7235416666667,422.308,13,0.1659313279396516,0.012936836987030192,0.17886816492668178
2023-12-09,589430.3999999999,24559.599999999995,24559.6,0,100710.786,4196.282749999999,5795.67,20,7500.044,312.5018333333333,353.548,13,0.17086120091532436,0.012724223250107225,0.18358542416543158
2023-12-10,589430.3999999999,24559.599999999995,24559.6,0,107354.65900000001,4473.110791666667,7225.932,19,7264.9349999999995,302.705625,337.141,14,0.18213288456109497,0.012325348336292122,0.1944582328973871
2023-12-11,589430.3999999999,24559.599999999995,24559.6,0,127986.21899999998,5332.759125,7623.605,20,6997.841,291.57670833333333,427.061,18,0.2171354226046027,0.011872209170073348,0.22900763177467603
2023-12-12,589430.3999999999,24559.599999999995,24559.6,0,140266.65,5844.443749999999,7967.581,20,5169.995,215.41645833333334,250.472,16,0.23796982646297174,0.008771171286720197,0.24674099774969194
2023-12-13,589430.3999999999,24559.599999999995,24559.6,0,126442.797,5268.449875,8345.702,21,5171.464,215.47766666666666,250.44,13,0.21451692515350418,0.008773663523292997,0.22329058867679719
2023-12-14,589430.3999999999,24559.599999999995,24559.6,0,124967.158,5206.964916666667,7966.323,20,5204.189,216.84120833333336,250.16,11,0.21201342516436208,0.008829183225025383,0.22084260838938746
2023-12-15,589430.3999999999,24559.599999999995,24559.6,0,137547.995,5731.166458333333,8176.183,19,5236.851,218.202125,252.224,18,0.23335748376737953,0.008884596043909511,0.24224207981128903
2023-12-16,589430.3999999999,24559.599999999995,24559.6,0,138405.548,5766.897833333333,8852.267,20,4722.193,196.75804166666668,309.053,23,0.2348123680081652,0.008011451394430965,0.24282381940259617
2023-12-17,589430.3999999999,24559.599999999995,24559.6,0,145804.552,6075.189666666666,8913.435,20,7157.227999999999,298.2178333333333,432.748,4,0.2473651715283094,0.012142617686498694,0.2595077892148081
2023-12-18,589430.3999999999,24559.599999999995,24559.6,0,171069.742,7127.905916666667,9006.535,20,7298.895999999999,304.12066666666664,402.008,12,0.290228909129899,0.012382964977714078,0.3026118741076131
2023-12-19,589430.3999999999,24559.599999999995,24559.6,0,166619.95,6942.497916666667,8840.296,8,7701.881000000001,320.91170833333337,420.52,12,0.28267960050923746,0.013066650447618587,0.295746250956856
2023-12-20,589430.3999999999,24559.599999999995,24559.6,0,110960.001,4623.333375,6170.181,9,7522.589,313.44120833333335,408.78,12,0.18824953887685472,0.012762472040804142,0.20101201091765886
2023-12-21,589430.3999999999,24559.599999999995,24559.6,0,116021.08800000002,4834.212,8023.787,21,8023.806,334.32525,422.507,13,0.19683594195345208,0.01361281331943517,0.21044875527288726
2023-12-22,589430.3999999999,24559.599999999995,24559.6,0,104625.20999999999,4359.38375,6996.288,19,7926.244999999999,330.2602083333333,417.387,12,0.17750222927083503,0.013447295897870215,0.19094952516870525
2023-12-23,589430.3999999999,24559.599999999995,24559.6,0,102785.47100000002,4282.727958333334,8020.946,20,6815.705,283.98770833333333,311.448,17,0.17438101428090583,0.011563205766109114,0.18594422004701494
2023-12-24,589430.3999999999,24559.599999999995,24559.6,0,126483.772,5270.157166666667,7822.264,19,6543.264000000001,272.636,273.267,5,0.21458644141869848,0.01110099513021385,0.22568743654891232
2023-12-25,589430.3999999999,24559.599999999995,24559.6,0,107434.842,4476.45175,6970.113,21,6598.023999999999,274.91766666666666,301.928,20,0.18226891928207303,0.011193898380538228,0.19346281766261125
2023-12-26,589430.3999999999,24559.599999999995,24559.6,0,142158.205,5923.258541666666,7806.474,20,7734.537,322.272375,420.706,12,0.2411789500507609,0.013122053087183833,0.25430100313794474
2023-12-27,589430.3999999999,24559.599999999995,24559.6,0,144912.742,6038.030916666667,8565.915,20,7701.235000000001,320.8847916666667,433.048,12,0.24585216846637029,0.013065554474285687,0.25891772294065596
2023-12-28,589430.3999999999,24559.599999999995,24559.6,0,140186.179,5841.0907916666665,8074.445,20,7357.813,306.57554166666665,413.728,12,0.23783330313468737,0.012482920799470134,0.2503162239341575
2023-12-29,589430.3999999999,24559.599999999995,24559.6,0,151075.11,6294.796249999999,8116.334,20,8136.636,339.0265,427.44,13,0.25630695328914155,0.013804235411000182,0.2701111887001417
2023-12-30,589430.3999999999,24559.599999999995,24559.6,0,94930.293,3955.428875,7120.722,0,6958.043,289.9184583333333,320.427,19,0.1610542873255265,0.01180468974793292,0.17285897707345943
2023-12-31,589430.3999999999,24559.599999999995,24559.6,0,72760.919,3031.7049583333333,6182.187,19,6633.6630000000005,276.402625,298.427,16,0.123442766100968,0.01125436183814069,0.13469712793910868
2024-01-01,589430.3999999999,24559.599999999995,24559.6,0,58371.285,2432.136875,4563.506,21,6327.862999999999,263.6609583333333,281.327,0,0.09902998725549278,0.010735555885817902,0.10976554314131068
2024-01-02,589430.3999999999,24559.599999999995,24559.6,0,67994.307,2833.096125,4821.307,21,6972.359,290.51495833333337,324.222,13,0.11535595551230478,0.011828977602783978,0.12718493311508874
2024-01-03,589430.3999999999,24559.599999999995,24559.6,0,93852.572,3910.523833333333,6897.502,20,8052.608,335.5253333333333,415.383,12,0.1592258763714936,0.013661677443172258,0.17288755381466586
2024-01-04,589430.3999999999,24559.599999999995,24559.6,0,139595.161,5816.465041666666,8592.507,20,7966.044,331.9185,433.62,12,0.23683060968691133,0.01351481701656379,0.25034542670347515
2024-01-05,589430.3999999999,24559.599999999995,24559.6,0,83457.638,3477.4015833333337,4745.52,21,7141.984999999999,297.5827083333333,404.91,11,0.1415903183819498,0.01211675712688046,0.15370707550883025
2024-01-06,589430.3999999999,24559.599999999995,24559.6,0,77889.956,3245.4148333333337,5952.761,20,6687.142,278.6309166666667,287.32,18,0.13214444996389738,0.011345091803883886,0.14348954176778125
2024-01-07,589430.3999999999,24559.599999999995,24559.6,0,89109.857,3712.9107083333333,6073.556,19,7122.083999999999,296.7535,329.887,16,0.1511796083133819,0.012082994022703953,0.16326260233608586
2024-01-08,589430.3999999999,24559.599999999995,24559.6,0,145208.118,6050.33825,8401.097,20,9635.179,401.4657916666667,632.277,20,0.24635328954868974,0.016346593253418897,0.26269988280210865
2024-01-09,589430.3999999999,24559.599999999995,24559.6,0,172214.248,7175.593666666667,8899.539,19,12786.256000000001,532.7606666666667,633.956,18,0.2921706243858478,0.021692562853900994,0.31386318723974876
2024-01-10,589430.3999999999,24559.599999999995,24559.6,0,162327.237,6763.634875,8170.154,20,12313.617999999999,513.0674166666666,583.542,20,0.27539678476033813,0.020890707367655283,0.29628749212799343
2024-01-11,589430.3999999999,24559.599999999995,24559.6,0,156145.393,6506.058041666667,8540.606,19,12065.802,502.74174999999997,545.804,0,0.26490895786847785,0.020470274353002495,0.2853792322214803
2024-01-12,589430.3999999999,24559.599999999995,24559.6,0,124582.903,5190.954291666667,7466.225,8,12086.558,503.6065833333334,525.678,8,0.2113615161348991,0.020505488010119605,0.2318670041450187
2024-01-13,589430.3999999999,24559.599999999995,24559.6,0,135252.319,5635.513291666666,7601.867,19,7569.225,315.38437500000003,478.766,0,0.22946274742531095,0.012841592493363087,0.24230433991867403
2024-01-14,589430.3999999999,24559.599999999995,24559.6,0,106935.05800000002,4455.627416666667,6329.415,20,6996.563,291.52345833333334,306.167,14,0.18142100916410153,0.011870040975151605,0.19329105013925313
2024-01-15,589430.3999999999,24559.599999999995,24559.6,0,135463.149,5644.297875,7434.129,19,7886.529,328.60537500000004,401.504,11,0.22982043172527244,0.013379915593087838,0.2432003473183603
2024-01-16,589430.3999999999,24559.599999999995,24559.6,0,110506.166,4604.423583333333,6844.905,8,7417.231,309.05129166666666,400.24,11,0.1874795836794302,0.012583726594352787,0.200063310273783
2024-01-17,589430.3999999999,24559.599999999995,24559.6,0,105653.865,4402.244375,6200.8,20,7997.911,333.24629166666665,401.679,11,0.17924739714816207,0.013568881075696131,0.1928162782238582
2024-01-18,589430.3999999999,24559.599999999995,24559.6,0,120271.079,5011.294958333333,7118.525,18,7946.837000000001,331.11820833333337,401.499,11,0.20404627755880936,0.013482231320271236,0.2175285088790806
2024-01-19,589430.3999999999,24559.599999999995,24559.6,0,138401.166,5766.71525,7323.117,20,7888.117,328.67154166666666,406.547,11,0.23480493371227548,0.01338260971948512,0.2481875434317606
2024-01-20,589430.3999999999,24559.599999999995,24559.6,0,139012.619,5792.192458333334,7861.295,19,7160.85,298.36875000000003,350.808,12,0.23584229622360847,0.012148762601996778,0.24799105882560524
2024-01-21,589430.3999999999,24559.599999999995,24559.6,0,140130.645,5838.776875,7068.379,20,6427.929,267.830375,296.268,8,0.23773908675222724,0.01090532317301585,0.2486444099252431
2024-01-22,589430.3999999999,24559.599999999995,24559.6,0,144467.771,6019.490458333334,7498.915,19,7894.839,328.951625,447.968,21,0.24509725151603995,0.013394013949738597,0.25849126546577855
2024-01-23,589430.3999999999,24559.599999999995,24559.6,0,150224.897,6259.370708333333,9037.229,20,11065.302,461.05424999999997,577.49,12,0.25486452174845414,0.018772872929526542,0.2736373946779807
2024-01-24,589430.3999999999,24559.599999999995,24559.6,0,143714.701,5988.112541666666,8675.228,20,11649.033,485.376375,627.514,12,0.24381962823770206,0.019763203594521085,0.26358283183222314
2024-01-25,589430.3999999999,24559.599999999995,24559.6,0,159190.987,6632.957791666667,9072.361,20,11694.225,487.25937500000003,630.684,12,0.2700759699533652,0.019839874224335904,0.2899158441777011
2024-01-26,589430.3999999999,24559.599999999995,24559.6,0,168661.277,7027.553208333334,9337.255,20,9050.564,377.1068333333333,477.172,9,0.2861428202549445,0.01535476283544249,0.301497583090387
2024-01-27,589430.3999999999,24559.599999999995,24559.6,0,126436.44099999999,5268.185041666667,7475.594,19,6971.700000000001,290.4875,451.059,13,0.21450614186170244,0.01182785957426017,0.2263340014359626
2024-01-28,589430.3999999999,24559.599999999995,24559.6,0,113775.59,4740.649583333333,7661.857,20,5845.693,243.57054166666668,243.908,12,0.19302633525518875,0.009917528854975925,0.20294386411016468
2024-01-29,589430.3999999999,24559.599999999995,24559.6,0,138199.416,5758.309,8481.488,19,8914.588,371.4411666666667,554.132,19,0.2344626541148879,0.015124072324739276,0.24958672643962718
2024-01-30,589430.3999999999,24559.599999999995,24559.6,0,163177.244,6799.051833333334,8361.965,20,12136.185,505.674375,624.996,10,0.27683886681107733,0.020589682853140934,0.2974285496642183
2024-01-31,589430.3999999999,24559.599999999995,24559.6,0,161410.273,6725.428041666666,8287.937,20,12287.535,511.980625,629.949,13,0.27384110660054184,0.020846456171924627,0.29468756277246644
2024-02-01,589430.3999999999,24559.599999999995,24559.6,0,149201.322,6216.72175,8769.238,19,10450.167,435.42362499999996,628.058,10,0.2531279723611134,0.01772926370950667,0.27085723607062007
2024-02-02,589430.3999999999,24559.599999999995,24559.6,0,122308.27300000002,5096.178041666667,8131.873,19,7821.516,325.8965,452.72,11,0.20750248545036026,0.013269617583348265,0.22077210303370853
2024-02-03,589430.3999999999,24559.599999999995,24559.6,0,104278.53400000001,4344.938916666667,7694.362,20,6047.937,251.997375,305.728,10,0.1769140750120795,0.010260646549618073,0.1871747215616976
2024-02-04,589430.3999999999,24559.599999999995,24559.6,0,90101.664,3754.2360000000003,7951.597,20,6018.715,250.77979166666668,304.288,11,0.15286226160035182,0.010211069873559289,0.16307333147391112
2024-02-05,589430.3999999999,24559.599999999995,24559.6,0,141680.898,5903.370749999999,7918.226,20,7023.221,292.63420833333333,401.528,12,0.2403691733578723,0.011915267688941732,0.252284441046814
2024-02-06,589430.3999999999,24559.599999999995,24559.6,0,136917.424,5704.892666666667,8040.3,20,7202.461000000001,300.1025416666667,456.628,15,0.23228768655298407,0.012219357874992539,0.2445070444279766
2024-02-07,589430.3999999999,24559.599999999995,24559.6,0,107904.835,4496.034791666667,7315.448,20,7145.152,297.7146666666667,450.788,15,0.1830662873852452,0.012122130110696702,0.1951884174959419
2024-02-08,589430.3999999999,24559.599999999995,24559.6,0,104415.67499999999,4350.653125,6335.771,20,7201.531999999999,300.0638333333333,450.365,15,0.17714674200719882,0.012217781777119064,0.1893645237843179
2024-02-09,589430.3999999999,24559.599999999995,24559.6,0,105526.535,4396.938958333333,6995.235,9,6944.783000000001,289.36595833333337,406.184,13,0.17903137503596697,0.011782193453204996,0.19081356848917197
2024-02-10,589430.3999999999,24559.599999999995,24559.6,0,64682.06599999999,2695.086083333333,5396.359,19,5959.082,248.29508333333334,305.624,11,0.10973656262045528,0.010109899319750053,0.11984646194020533
2024-02-11,589430.3999999999,24559.599999999995,24559.6,0,74769.072,3115.378,5960.602,21,5844.753,243.531375,250.948,3,0.1268497043925797,0.009915934095017835,0.13676563848759754
2024-02-12,589430.3999999999,24559.599999999995,24559.6,0,87418.571,3642.440458333333,7617.034,20,7585.017,316.042375,500.799,12,0.14831025172776974,0.01286838446065897,0.1611786361884287
2024-02-13,589430.3999999999,24559.599999999995,24559.6,0,137673.163,5736.381791666667,7989.391,19,7581.264000000001,315.886,501.057,12,0.23356983793167102,0.012862017296698646,0.24643185522836966
2024-02-14,589430.3999999999,24559.599999999995,24559.6,0,137152.859,5714.702458333333,7687.78,19,7555.079,314.79495833333334,498.328,12,0.23268711454312505,0.012817593052547004,0.24550470759567206
2024-02-15,589430.3999999999,24559.599999999995,24559.6,0,127052.774,5293.865583333333,7884.909,20,7399.4169999999995,308.30904166666664,498.868,12,0.21555178355239232,0.012553504196593865,0.2281052877489862
2024-02-16,589430.3999999999,24559.599999999995,24559.6,0,115382.07699999999,4807.586541666667,8217.569,20,7442.1759999999995,310.09066666666666,501.902,12,0.19575182583049672,0.01262604711260227,0.20837787294309898
2024-02-17,589430.3999999999,24559.599999999995,24559.6,0,100899.041,4204.126708333333,7714.9,19,6456.112999999999,269.0047083333333,365.888,13,0.1711805855279945,0.010953138826908147,0.18213372435490266
2024-02-18,589430.3999999999,24559.599999999995,24559.6,0,93133.974,3880.58225,7228.182,21,6120.053,255.00220833333333,350.928,13,0.15800673667323575,0.010382995176360094,0.16838973184959585
2024-02-19,589430.3999999999,24559.599999999995,24559.6,0,85716.548,3571.522833333333,7404.262,20,8011.786,333.82441666666665,498.968,12,0.14542267925101932,0.013592420750609404,0.15901510000162872
2024-02-20,589430.3999999999,24559.599999999995,24559.6,0,122872.582,5119.690916666666,7361.515,19,8191.373,341.30720833333334,503.918,12,0.20845986566013563,0.013897099640602184,0.2223569653007378
2024-02-21,589430.3999999999,24559.599999999995,24559.6,0,136666.045,5694.418541666667,8271.723,19,8172.911,340.53795833333334,500.44,11,0.2318612087194689,0.01386577787640407,0.24572698659587294
2024-02-22,589430.3999999999,24559.599999999995,24559.6,0,81176.411,3382.350458333333,5476.397,8,8199.295,341.63729166666667,500.539,12,0.13772009553630082,0.013910539734631945,0.15163063527093276
2024-02-23,589430.3999999999,24559.599999999995,24559.6,0,67841.655,2826.735625,5286.839,20,8107.468000000001,337.8111666666667,499.418,12,0.11509697328132382,0.01375475034881133,0.12885172363013514
2024-02-24,589430.3999999999,24559.599999999995,24559.6,0,61907.86499999999,2579.4943749999998,6168.659,20,5870.23,244.59291666666664,244.948,4,0.1050299831837652,0.00995915717954147,0.11498914036330668
2024-02-25,589430.3999999999,24559.599999999995,24559.6,0,60516.257,2521.5107083333332,4971.615,20,5861.0289999999995,244.20954166666664,245.008,18,0.10266904625211053,0.00994354719403682,0.11261259344614735
2024-02-26,589430.3999999999,24559.599999999995,24559.6,0,91705.471,3821.061291666667,5991.503,20,7718.803,321.61679166666664,493.638,10,0.1555832054132261,0.013095359519970469,0.16867856493319655
2024-02-27,589430.3999999999,24559.599999999995,24559.6,0,102193.65399999998,4258.068916666666,6540.581,20,7780.914,324.20475,498.068,10,0.17337696528716537,0.013200734132477729,0.18657769941964308
2024-02-28,589430.3999999999,24559.599999999995,24559.6,0,112693.68900000001,4695.570375,8191.075,21,7842.097,326.75404166666664,496.828,10,0.19119083270900183,0.013304534343664664,0.2044953670526665
2024-02-29,589430.3999999999,24559.599999999995,24559.6,0,118187.279,4924.469958333333,7321.61,20,7694.21,320.59208333333333,498.687,10,0.2005110001112939,0.013053636188428695,0.2135646362997226
2024-03-01,589430.3999999999,24559.599999999995,24559.6,0,120065.69,5002.737083333333,7757.124,20,7923.612000000001,330.1505,504.347,11,0.2036978242045202,0.013442828873434424,0.21714065307795463
2024-03-02,589430.3999999999,24559.599999999995,24559.6,0,119979.668,4999.152833333334,7012.453,20,6511.181999999999,271.29925,401.448,11,0.20355188330971735,0.01104656631215492,0.21459844962187227
2024-03-03,589430.3999999999,24559.599999999995,24559.6,0,105765.05599999998,4406.877333333333,8347.899,20,5898.711,245.779625,246.368,12,0.17943603858911925,0.010007476709718402,0.18944351529883766
2024-03-04,589430.3999999999,24559.599999999995,24559.6,0,122405.843,5100.243458333333,7768.79,21,6716.983,279.8742916666667,405.94,12,0.20766801814090352,0.011395718646340605,0.2190637367872441
2024-03-05,589430.3999999999,24559.599999999995,24559.6,0,146330.358,6097.09825,9452.963,20,7722.374,321.7655833333333,490.94,12,0.24825722935226963,0.013101417911258057,0.2613586472635277
2024-03-06,589430.3999999999,24559.599999999995,24559.6,0,166017.977,6917.415708333334,8957.288,20,7809.811,325.4087916666667,500.436,12,0.2816583213217371,0.01324975942876377,0.2949080807505009
2024-03-07,589430.3999999999,24559.599999999995,24559.6,0,147526.555,6146.939791666667,8813.365,21,5960.938,248.37241666666668,256.422,13,0.25028664113693494,0.010113048122390703,0.26039968925932566
2024-03-08,589430.3999999999,24559.599999999995,24559.6,0,153622.92799999999,6400.955333333332,8743.215,20,6845.780000000001,285.24083333333334,411.799,17,0.2606294619347764,0.011614229602002207,0.2722436915367786
2024-03-09,589430.3999999999,24559.599999999995,24559.6,0,150457.076,6269.044833333333,8249.586,20,5877.397,244.89154166666665,246.448,23,0.25525842576154884,0.009971316375945321,0.2652297421374942
2024-03-10,589430.3999999999,24559.599999999995,24559.6,0,133791.045,5574.626875000001,7420.394,21,5953.848,248.077,296.367,13,0.2269836184221242,0.010101019560579164,0.23708463798270335
2024-03-11,589430.3999999999,24559.599999999995,24559.6,0,152890.619,6370.442458333334,9100.733,20,5888.642,245.36008333333334,248.488,20,0.2593870607963214,0.009990394116082239,0.2693774549124036
2024-03-12,589430.3999999999,24559.599999999995,24559.6,0,166368.20500000002,6932.008541666667,9380.615,20,9559.065,398.294375,503.699,12,0.2822525017372705,0.01621746180719556,0.2984699635444661
2024-03-13,589430.3999999999,24559.599999999995,24559.6,0,173142.211,7214.258791666667,9478.558,20,9434.063,393.08595833333334,503.443,14,0.2937449629337069,0.016005389270726453,0.30975035220443337
2024-03-14,589430.3999999999,24559.599999999995,24559.6,0,177684.452,7403.518833333333,9313.174,20,9447.723,393.655125,502.201,10,0.3014511161962464,0.01602856418671314,0.3174796803829596
2024-03-15,589430.3999999999,24559.599999999995,24559.6,0,184632.38999999998,7693.01625,9761.318,19,6422.354000000001,267.59808333333336,399.903,13,0.31323866227462993,0.01089586488922187,0.3241345271638518
2024-03-16,589430.3999999999,24559.599999999995,24559.6,0,168525.808,7021.908666666666,9290.137,19,5947.929,247.830375,300.679,12,0.28591298989668673,0.01009097766250265,0.2960039675591894
2024-03-17,589430.3999999999,24559.599999999995,24559.6,0,169623.818,7067.659083333333,9569.041,21,5844.849,243.53537500000002,244.208,12,0.2877758222175172,0.00991609696411994,0.2976919191816371
2024-03-18,589430.3999999999,24559.599999999995,24559.6,0,188944.372,7872.6821666666665,9600.934,21,6643.636999999999,276.8182083333333,400.448,12,0.3205541689061169,0.011271283259227891,0.33182545216534476
2024-03-19,589430.3999999999,24559.599999999995,24559.6,0,195547.605,8147.816875,9821.197,19,6715.578000000001,279.81575000000004,401.068,12,0.3317569046319973,0.011393334989169208,0.34315023962116653
2024-03-20,589430.3999999999,24559.599999999995,24559.6,0,185272.32200000001,7719.680083333334,9427.618,7,7656.061,319.0025416666667,501.098,12,0.3143243409230336,0.01298891438242751,0.32731325530546107
2024-03-21,589430.3999999999,24559.599999999995,24559.6,0,164163.278,6840.136583333333,8421.907,21,7572.734,315.53058333333337,502.844,12,0.2785117258967302,0.012847545698355568,0.29135927159508573
2024-03-22,589430.3999999999,24559.599999999995,24559.6,0,171366.907,7140.287791666667,10138.649,19,7465.481,311.06170833333334,501.719,12,0.2907330653457983,0.012665585283690833,0.3033986506294891
2024-03-23,589430.3999999999,24559.599999999995,24559.6,0,132156.467,5506.519458333333,7395.168,0,6154.403,256.43345833333336,352.531,12,0.22421046997236657,0.010441271776956196,0.23465174174932277
2024-03-24,589430.3999999999,24559.599999999995,24559.6,0,123317.34100000001,5138.222541666667,7614.687,19,5938.13,247.42208333333335,302.428,12,0.20921442294119888,0.010074353138216151,0.21928877607941502
2024-03-25,589430.3999999999,24559.599999999995,24559.6,0,176172.025,7340.501041666666,8957.446,22,7191.793,299.65804166666663,499.927,12,0.29888520340993613,0.01220125904602138,0.3110864624559575
2024-03-26,589430.3999999999,24559.599999999995,24559.6,0,165433.005,6893.041875,9106.756,20,7208.209,300.34204166666666,502.763,12,0.28066588523428726,0.012229109662480933,0.2928949948967682
2024-03-27,589430.3999999999,24559.599999999995,24559.6,0,120285.24,5011.885,6764.458,20,7201.802,300.07508333333334,501.957,12,0.20407030244792265,0.012218239846468727,0.21628854229439137
2024-03-28,589430.3999999999,24559.599999999995,24559.6,0,126307.775,5262.823958333333,7198.048,21,6739.642,280.8184166666667,452.747,12,0.21428785315450308,0.011434160844096267,0.22572201399859934
2024-03-29,589430.3999999999,24559.599999999995,24559.6,0,140670.338,5861.264083333333,8901.607,21,5889.898,245.41241666666667,246.21,12,0.2386547046097385,0.00999252498683475,0.24864722959657326
2024-03-30,589430.3999999999,24559.599999999995,24559.6,0,148031.671,6167.986291666667,7949.894,21,6113.105,254.71270833333332,352.388,12,0.25114359727628577,0.010371207525095415,0.2615148048013812
2024-03-31,589430.3999999999,24559.6,24559.6,0,146534.5335652174,6105.605565217392,7793.428,9,5889.742956521739,245.40595652173914,246.568,1,0.24860362404995978,0.009992261947333799,0.2585958859972936
2024-04-01,589430.3999999999,24559.599999999995,24559.6,0,139226.379,5801.099125,8003.264,21,7872.2029999999995,328.0084583333333,502.669,11,0.23620495142429032,0.013355610772705312,0.24956056219699563
2024-04-02,589430.3999999999,24559.599999999995,24559.6,0,151748.806,6322.866916666667,8871.175,8,8498.242,354.09341666666666,502.864,14,0.2574499143579972,0.014417719208239008,0.2718676335662362
2024-04-03,589430.3999999999,24559.599999999995,24559.6,0,156125.99,6505.249583333333,8685.196,22,8492.09,353.83708333333334,505.162,12,0.26487603964776846,0.014407282013279264,0.27928332166104775
2024-04-04,589430.3999999999,24559.599999999995,24559.6,0,155267.767,6469.490291666666,8669.462,8,8507.634,354.48475,504.633,11,0.2634200187163743,0.014433653235394715,0.277853671951769
2024-04-05,589430.3999999999,24559.599999999995,24559.6,0,149874.009,6244.750375,8389.822,8,7683.780999999999,320.15754166666665,503.396,12,0.2542692216078438,0.013035942835659647,0.2673051644435035
2024-04-06,589430.3999999999,24559.599999999995,24559.6,0,151876.265,6328.177708333334,8526.717,21,6032.425,251.35104166666667,302.334,20,0.25766615532554826,0.010234329617203322,0.2679004849427516
2024-04-07,589430.3999999999,24559.599999999995,24559.6,0,159613.236,6650.5515000000005,8785.519,22,6087.546,253.64775,302.349,14,0.27079233782309164,0.010327845323213736,0.2811201831463054
2024-04-08,589430.3999999999,24559.599999999995,24559.6,0,162765.544,6781.897666666667,8527.138,21,7011.769,292.15704166666666,452.375,12,0.27614039588049755,0.011895838762303405,0.2880362346428009
2024-04-09,589430.3999999999,24559.599999999995,24559.6,0,155480.726,6478.363583333333,9456.182,21,7415.957,308.99820833333337,502.706,12,0.26378131497798557,0.012581565185643634,0.2763628801636292
2024-04-10,589430.3999999999,24559.599999999995,24559.6,0,165610.639,6900.4432916666665,8943.317,7,6905.868,287.7445,452.323,12,0.2809672507559841,0.011716172087493284,0.29268342284347737
2024-04-11,589430.3999999999,24559.599999999995,24559.6,0,145617.351,6067.389625,9182.529,21,7199.9259999999995,299.99691666666666,502.908,12,0.2470475750826561,0.012215057112765139,0.2592626321954212
2024-04-12,589430.3999999999,24559.599999999995,24559.6,0,166641.753,6943.406375,9529.368,21,6910.303,287.92929166666664,462.348,12,0.28271659045749936,0.011723696300699795,0.29444028675819917
2024-04-13,589430.3999999999,24559.599999999995,24559.6,0,149876.619,6244.859125,8285.065,21,5893.405,245.55854166666666,246.726,0,0.25427364961155724,0.009998474798720935,0.2642721244102782
2024-04-14,589430.3999999999,24559.599999999995,24559.6,0,137141.818,5714.242416666667,8352.428,21,5583.313,232.63804166666668,245.675,7,0.2326683828998301,0.009472387240291646,0.24214077014012175
2024-04-15,589430.3999999999,24559.599999999995,24559.6,0,132192.316,5508.013166666667,7740.055,21,8170.1810000000005,340.42420833333335,504.091,14,0.22427128970612986,0.013861146286313027,0.23813243599244288
2024-04-16,589430.3999999999,24559.599999999995,24559.6,0,117855.697,4910.654041666667,7505.55,21,8887.899,370.329125,512.201,12,0.19994845362573768,0.015078793017801594,0.21502724664353928
2024-04-17,589430.3999999999,24559.599999999995,24559.6,0,121352.59899999999,5056.358291666666,8171.295,21,8103.588,337.6495,503.531,11,0.20588113371824732,0.013748167722601347,0.21962930144084866
2024-04-18,589430.3999999999,24559.599999999995,24559.6,0,119690.57499999998,4987.107291666666,8182.331,21,8107.981,337.83254166666666,503.507,12,0.20306142167081984,0.01375562068057569,0.21681704235139554
2024-04-19,589430.3999999999,24559.599999999995,24559.6,0,134866.96600000001,5619.456916666667,9306.683,21,7981.469000000001,332.56120833333335,503.263,11,0.22880897558049268,0.013540986348854762,0.24234996192934743
2024-04-20,589430.3999999999,24559.599999999995,24559.6,0,109062.614,4544.275583333333,7197.72,0,5899.849,245.82704166666667,246.295,3,0.1850305209911128,0.010009407387199576,0.19503992837831238
2024-04-21,589430.3999999999,24559.599999999995,24559.6,0,86471.034,3602.95975,5856.293,0,5893.914,245.57975,246.084,13,0.1467027048486132,0.00999933834427271,0.15670204319288591
2024-04-22,589430.3999999999,24559.599999999995,24559.6,0,91253.128,3802.2136666666665,7616.01,21,7818.727999999999,325.7803333333333,503.107,12,0.15481578147309677,0.0132648875931747,0.16808066906627148
2024-04-23,589430.3999999999,24559.599999999995,24559.6,0,94293.508,3928.896166666667,7777.136,21,7988.516,332.8548333333333,504.559,12,0.1599739477298762,0.013552941958880982,0.17352688968875718
2024-04-24,589430.3999999999,24559.599999999995,24559.6,0,110472.70199999999,4603.02925,8654.978,21,7984.752,332.69800000000004,501.829,12,0.18742281022492224,0.013546556132836042,0.20096936635775828
2024-04-25,589430.3999999999,24559.599999999995,24559.6,0,161576.156,6732.3398333333325,8794.932,22,7960.062,331.66925,501.383,12,0.27412253592620944,0.01350466823563902,0.28762720416184845
2024-04-26,589430.3999999999,24559.599999999995,24559.6,0,169169.294,7048.720583333333,8359.721,0,7979.312,332.47133333333335,502.027,12,0.2870046980949744,0.013537326883716892,0.3005420249786913
2024-04-27,589430.3999999999,24559.599999999995,24559.6,0,109321.259,4555.052458333334,7920.766,22,6109.6849999999995,254.5702083333333,352.348,8,0.1854693259797934,0.010365405313333008,0.19583473129312642
2024-04-28,589430.3999999999,24559.599999999995,24559.6,0,111467.356,4644.473166666667,7818.544,21,6108.561,254.523375,352.588,12,0.1891102935987014,0.01036349838759589,0.1994737919862973
2024-04-29,589430.3999999999,24559.599999999995,24559.6,0,146854.272,6118.928,8421.537,7,7439.898999999999,309.99579166666666,452.928,12,0.2491460772976759,0.012622184061086773,0.2617682613587627
2024-04-30,589430.3999999999,24559.599999999995,24559.6,0,101779.13199999998,4240.797166666666,6934.498,7,7051.74,293.8225,403.059,12,0.17267370668360504,0.011963651688138245,0.18463735837174328
2024-05-01,589430.3999999999,24559.599999999995,24559.6,0,65581.916,2732.579833333333,5372.536,22,5887.97,245.33208333333334,246.021,9,0.11126320596969551,0.009989254032367521,0.12125246000206302
2024-05-02,589430.3999999999,24559.599999999995,24559.6,0,75129.731,3130.405458333333,6142.516,21,6524.188,271.84116666666665,352.548,12,0.1274615815539884,0.011068631682383537,0.13853021323637194
2024-05-03,589430.3999999999,24559.599999999995,24559.6,0,89924.997,3746.874875,6725.708,21,6602.533,275.1055416666667,356.608,15,0.152562536645548,0.011201548138677613,0.1637640847842256
2024-05-04,589430.3999999999,24559.599999999995,24559.6,0,91910.98999999999,3829.624583333333,6581.383,22,5970.548,248.77283333333332,306.168,13,0.15593187931942432,0.010129351998132436,0.16606123131755676
2024-05-05,589430.3999999999,24559.599999999995,24559.6,0,90842.575,3785.1072916666667,6992.068,22,5907.028,246.12616666666668,246.788,13,0.1541192564889765,0.010021586942241189,0.1641408434312177
2024-05-06,589430.3999999999,24559.599999999995,24559.6,0,123132.078,5130.50325,8190.867,21,7096.636,295.6931666666667,403.447,12,0.20890011441554426,0.012039820138221581,0.22093993455376584
2024-05-07,589430.3999999999,24559.599999999995,24559.6,0,100446.65099999998,4185.277125,7036.935,7,7677.607,319.90029166666665,453.999,12,0.17041308184986725,0.013025468316530673,0.18343855016639793
2024-05-08,589430.3999999999,24559.599999999995,24559.6,0,89868.47,3744.5195833333332,6736.667,23,8740.095,364.170625,503.648,12,0.15246663558581305,0.014828035676476817,0.16729467126228986
2024-05-09,589430.3999999999,24559.599999999995,24559.6,0,103521.795,4313.408125,8033.654,21,7518.725999999999,313.28024999999997,453.707,12,0.17563022708024564,0.012755918255997655,0.1883861453362433
2024-05-10,589430.3999999999,24559.599999999995,24559.6,0,103767.50200000001,4323.645916666667,7082.692,7,7368.082999999999,307.0034583333333,430.598,12,0.17604708206431163,0.012500344400288821,0.18854742646460046
2024-05-11,589430.3999999999,24559.599999999995,24559.6,0,81082.116,3378.4215,6399.262,22,7530.948,313.78950000000003,503.787,13,0.13756011905731366,0.0127766535285591,0.15033677258587277
2024-05-12,589430.3999999999,24559.599999999995,24559.6,0,86096.782,3587.365916666667,6767.087,22,6416.023999999999,267.3343333333333,353.207,12,0.14606776644027866,0.010885125707801974,0.15695289214808064
2024-05-13,589430.3999999999,24559.599999999995,24559.6,0,92382.507,3849.2711249999998,6550.057,7,8032.282000000001,334.6784166666667,453.681,13,0.15673183296959237,0.01362719330390832,0.1703590262735007
2024-05-14,589430.3999999999,24559.599999999995,24559.6,0,80890.53199999999,3370.438833333333,6754.765,21,8389.656,349.569,504.044,14,0.1372350866192175,0.014233497288229454,0.15146858390744694
2024-05-15,589430.3999999999,24559.599999999995,24559.6,0,97209.45,4050.3937499999997,7758.594,22,8393.341,349.7225416666667,505.202,11,0.16492099830616136,0.01423974908657579,0.17916074739273716
2024-05-16,589430.3999999999,24559.599999999995,24559.6,0,112981.301,4707.554208333334,8211.251,21,8443.365,351.806875,504.56,12,0.19167878175268874,0.014324617461196438,0.20600339921388516
2024-05-17,589430.3999999999,24559.599999999995,24559.6,0,139335.691,5805.653791666667,7584.226,0,8551.591,356.3162916666667,504.74,15,0.23639040504188452,0.01450822862207311,0.25089863366395765
2024-05-18,589430.3999999999,24559.599999999995,24559.6,0,94303.368,3929.3070000000002,7128.51,22,7241.300000000001,301.72083333333336,404.148,14,0.15999067574390466,0.012285250302665085,0.17227592604656974
2024-05-19,589430.3999999999,24559.599999999995,24559.6,0,84162.52,3506.771666666667,6586.042,22,6792.465,283.019375,354.888,12,0.14278618815724473,0.0115237778709751,0.15430996602821984
2024-05-20,589430.3999999999,24559.599999999995,24559.6,0,97709.428,4071.226166666667,6931.002,22,6625.074999999999,276.04479166666664,404.121,15,0.16576923755544337,0.011239791839715088,0.17700902939515845
2024-05-21,589430.3999999999,24559.599999999995,24559.6,0,110960.324,4623.346833333333,7246.488,7,6632.227999999999,276.3428333333333,407.859,15,0.18825008686352113,0.011251927284374881,0.199502014147896
2024-05-22,589430.3999999999,24559.599999999995,24559.6,0,102856.74299999999,4285.697625,7558.139,21,6632.641,276.36004166666663,404.764,15,0.17450193101679182,0.011252627960824553,0.18575455897761636
2024-05-23,589430.3999999999,24559.599999999995,24559.6,0,108033.127,4501.380291666666,7238.659,21,6255.474,260.64475,353.982,14,0.18328394158156758,0.010612744100066778,0.19389668568163435
2024-05-24,589430.3999999999,24559.599999999995,24559.6,0,103058.59400000001,4294.1080833333335,8120.182,22,6248.101,260.33754166666665,353.663,14,0.17484438196604726,0.010600235413714664,0.18544461737976192
2024-05-25,589430.3999999999,24559.599999999995,24559.6,0,88321.248,3680.052,7110.62,0,5979.984,249.16600000000003,302.96,16,0.14984169123275626,0.010145360673626608,0.15998705190638288
2024-05-26,589430.3999999999,24559.599999999995,24559.6,0,81200.473,3383.3530416666667,5168.897,22,5907.753,246.156375,246.44,12,0.1377609179981216,0.010022816943272693,0.1477837349413943
2024-05-27,589430.3999999999,24559.599999999995,24559.6,0,89667.582,3736.14925,6488.321,21,6206.493,258.603875,353.348,13,0.15212581841723807,0.010529645230378347,0.16265546364761643
2024-05-28,589430.3999999999,24559.599999999995,24559.6,0,99710.304,4154.5960000000005,7504.993,21,6187.371999999999,257.80716666666666,352.603,13,0.1691638300298051,0.010497205437656422,0.1796610354674615
2024-05-29,589430.3999999999,24559.599999999995,24559.6,0,107105.935,4462.747291666667,7082.124,7,6197.489,258.2287083333333,353.017,13,0.18171091107618476,0.010514369465843635,0.1922252805420284
2024-05-30,589430.3999999999,24559.599999999995,24559.6,0,93700.56,3904.19,6887.375,7,6198.732,258.2805,353.029,13,0.15896797993452663,0.010516478281405237,0.16948445821593186
2024-05-31,589430.3999999999,24559.599999999995,24559.6,0,80516.186,3354.8410833333332,5554.14,21,6196.5960000000005,258.1915,351.528,13,0.13659998873488713,0.010512854443883453,0.14711284317877057
2024-06-01,589430.3999999999,24559.599999999995,24559.6,0,55199.505,2299.979375,4497.532,21,5911.363,246.30679166666667,246.867,0,0.09364889391521035,0.010028941500133013,0.10367783541534337
2024-06-02,589430.3999999999,24559.599999999995,24559.6,0,51851.39599999999,2160.474833333333,5448.795,22,5911.378,246.30741666666665,246.928,0,0.08796864905508776,0.010028966948430215,0.09799761600351797
2024-06-03,589430.3999999999,24559.599999999995,24559.6,0,82573.174,3440.5489166666666,6456.328,21,6142.8769999999995,255.95320833333332,305.787,14,0.1400897781994278,0.010421717305384996,0.1505114955048128
2024-06-04,589430.3999999999,24559.599999999995,24559.6,0,113627.531,4734.480458333333,8292.934,21,6330.071,263.7529583333333,303.747,10,0.19277514529281153,0.010739301875166264,0.20351444716797779
2024-06-05,589430.3999999999,24559.599999999995,24559.6,0,120644.063,5026.835958333333,7544.344,21,6286.889,261.95370833333334,315.068,11,0.20467906473775363,0.01066604131717672,0.21534510605493035
2024-06-06,589430.3999999999,24559.599999999995,24559.6,0,110400.566,4600.023583333334,7098.651,21,6205.599,258.566625,306.188,11,0.1873004276671173,0.010528128511865017,0.19782855617898232
2024-06-07,589430.3999999999,24559.599999999995,24559.6,0,112090.685,4670.4452083333335,6581.637,7,6223.493,259.31220833333333,312.427,12,0.190167804375207,0.01055848663387569,0.20072629100908268
2024-06-08,589430.3999999999,24559.599999999995,24559.6,0,92193.564,3841.3985,5377.447,7,5910.934,246.28891666666667,246.992,21,0.15641128112835717,0.010028213678832991,0.16643949480719017
2024-06-09,589430.3999999999,24559.599999999995,24559.6,0,61574.599,2565.608291666667,4924.113,22,5918.877,246.619875,247.047,0,0.10446457970270961,0.010041689400478837,0.11450626910318845
2024-06-10,589430.3999999999,24559.599999999995,24559.6,0,77951.891,3247.9954583333333,6151.92,21,7805.024,325.20933333333335,403.548,11,0.1322495259830508,0.01324163802884955,0.14549116401190035
2024-06-11,589430.3999999999,24559.599999999995,24559.6,0,80369.035,3348.7097916666667,5468.126,21,7802.831,325.1179583333333,404.567,8,0.1363503392427673,0.013237917487798392,0.1495882567305657
2024-06-12,589430.3999999999,24559.599999999995,24559.6,0,72299.303,3012.4709583333333,5185.697,21,7804.883,325.20345833333334,404.268,8,0.12265961002350746,0.013241398814855835,0.13590100883836329
2024-06-13,589430.3999999999,24559.599999999995,24559.6,0,77660.36,3235.8483333333334,6566.1,21,7797.244999999999,324.8852083333333,402.626,12,0.13175492814758114,0.013228440541919793,0.14498336868950093
2024-06-14,589430.3999999999,24559.599999999995,24559.6,0,68718.061,2863.2525416666667,5845.634,7,7791.585000000001,324.649375,404.17,8,0.11658384263858805,0.013218838051108328,0.1298026806896964
2024-06-15,589430.3999999999,24559.599999999995,24559.6,0,42580.915,1774.2047916666668,4608.786,22,5905.5960000000005,246.06650000000002,246.307,2,0.07224078534123793,0.010019157478134826,0.08225994281937275
2024-06-16,589430.3999999999,24559.599999999995,24559.6,0,49428.29800000001,2059.512416666667,4831.348,22,5898.714,245.77975,246.128,18,0.08385773451793463,0.010007481799377842,0.09386521631731247
2024-06-17,589430.3999999999,24559.599999999995,24559.6,0,70682.4,2945.1,6370.079,22,6129.584,255.39933333333332,302.666,12,0.11991644815062136,0.010399165024403223,0.13031561317502457
2024-06-18,589430.3999999999,24559.599999999995,24559.6,0,92948.807,3872.8669583333335,5832.945,22,6214.2029999999995,258.925125,302.768,12,0.15769259101668326,0.010542725655140963,0.16823531667182423
2024-06-19,589430.3999999999,24559.599999999995,24559.6,0,103961.92800000001,4331.747,6581.023,21,6147.601,256.15004166666665,303.019,12,0.1763769361064513,0.010429731822450964,0.18680666792890227
2024-06-20,589430.3999999999,24559.599999999995,24559.6,0,92530.562,3855.4400833333334,6142.018,22,6164.815999999999,256.8673333333333,303.063,12,0.15698301614575702,0.01045893798487489,0.1674419541306319
2024-06-21,589430.3999999999,24559.599999999995,24559.6,0,90305.814,3762.74225,6812.389,21,6147.658,256.1524166666667,303.887,12,0.15320861292529198,0.010429828525980338,0.16363844145127232
2024-06-22,589430.3999999999,24559.599999999995,24559.6,0,66107.511,2754.479625,5379.809,1,5913.0779999999995,246.37824999999998,247.248,12,0.11215490582094173,0.010031851088779948,0.12218675690972168
2024-06-23,589430.3999999999,24559.599999999995,24559.6,0,52084.178,2170.1740833333333,5135.103,22,5914.528,246.43866666666668,246.704,2,0.08836357608973003,0.010034311090842959,0.09839788718057299
2024-06-24,589430.3999999999,24559.599999999995,24559.6,0,71127.949,2963.6645416666665,6608.389,21,5921.193,246.716375,247.895,12,0.12067234570867062,0.010045618617567063,0.1307179643262377
2024-06-25,589430.3999999999,24559.599999999995,24559.6,0,86490.694,3603.7789166666666,6342.245,22,6141.816,255.909,303.507,12,0.1467360590834813,0.010419917262496133,0.15715597634597744
2024-06-26,589430.3999999999,24559.599999999995,24559.6,0,103406.568,4308.607,6560.22,22,6179.084000000001,257.46183333333335,304.081,12,0.1754347383507875,0.010483144405174897,0.18591788275596238
2024-06-27,589430.3999999999,24559.599999999995,24559.6,0,98949.829,4122.909541666667,6145.667,22,6138.418,255.76741666666666,303.616,11,0.1678736437754144,0.010414152374902959,0.17828779615031734
2024-06-28,589430.3999999999,24559.599999999995,24559.6,0,92661.403,3860.891791666667,5849.532,22,6144.903,256.037625,304.168,12,0.15720499485605088,0.010425154522060621,0.1676301493781115
2024-06-29,589430.3999999999,24559.599999999995,24559.6,0,75347.62700000001,3139.484458333334,6300.032,22,6142.844,255.95183333333333,304.208,11,0.12783125369848589,0.010421661319131149,0.13825291501761702
2024-06-30,589430.3999999999,24559.599999999995,24559.6,0,72289.261,3012.0525416666665,5640.0,22,5921.242,246.71841666666668,247.588,13,0.12264257323680626,0.010045701748671261,0.13268827498547753
2024-07-01,589430.3999999999,24559.599999999995,24559.6,0,62148.111000000004,2589.504625,5811.511,22,6142.703,255.94595833333335,353.491,11,0.10543757329109597,0.010421422105137437,0.11585899539623341
2024-07-02,589430.3999999999,24559.599999999995,24559.6,0,75144.223,3131.0092916666667,6391.189,21,6590.859,274.619125,354.127,12,0.1274861680021933,0.011181742577240673,0.13866791057943398
2024-07-03,589430.3999999999,24559.599999999995,24559.6,0,82904.547,3454.3561250000002,6533.712,21,6629.874,276.24475,360.543,12,0.14065197010537633,0.011247933598267075,0.1518999037036434
2024-07-04,589430.3999999999,24559.599999999995,24559.6,0,74903.825,3120.992708333333,7024.196,21,6605.05,275.2104166666667,354.483,14,0.12707832001878425,0.011205818362948367,0.13828413838173262
2024-07-05,589430.3999999999,24559.599999999995,24559.6,0,76086.263,3170.2609583333337,5781.603,22,6973.822,290.57591666666667,373.519,23,0.12908438892870136,0.011831459660037897,0.14091584858873926
2024-07-06,589430.3999999999,24559.599999999995,24559.6,0,45861.594,1910.8997499999998,5110.843,0,5499.303,229.13762499999999,406.151,0,0.07780663162266487,0.009329859810420366,0.08713649143308523
2024-07-07,589430.3999999999,24559.599999999995,24559.6,0,50132.932,2088.8721666666665,5507.121,22,4707.354,196.13975000000002,202.717,20,0.08505318354804911,0.007986276242284079,0.09303945979033319
2024-07-08,589430.3999999999,24559.599999999995,24559.6,0,66474.358,2769.7649166666665,5985.686,21,7089.0,295.375,433.877,5,0.11277728125322346,0.012026865258391832,0.1248041465116153
2024-07-09,589430.3999999999,24559.599999999995,24559.6,0,73661.796,3069.2415,5775.929,22,6423.18,267.6325,307.727,12,0.12497115181029009,0.01089726624212121,0.1358684180524113
2024-07-10,589430.3999999999,24559.599999999995,24559.6,0,89326.285,3721.9285416666667,7014.591,21,6495.708,270.6545,318.984,13,0.15154678991785972,0.011020313848759752,0.16256710376661948
2024-07-11,589430.3999999999,24559.599999999995,24559.6,0,89649.427,3735.3927916666667,6097.338,21,6816.524,284.02183333333335,386.399,23,0.15209501749485607,0.011564595243136426,0.1636596127379925
2024-07-12,589430.3999999999,24559.599999999995,24559.6,0,74458.866,3102.45275,5274.431,21,6625.521000000001,276.063375,434.792,4,0.12632342342709166,0.01124054850241861,0.13756397192951025
2024-07-13,589430.3999999999,24559.599999999995,24559.6,0,60488.27500000001,2520.344791666667,5814.407,22,6754.048999999999,281.4187083333333,514.16,15,0.10262157330195391,0.011458603085283691,0.11408017638723761
2024-07-14,589430.3999999999,24559.599999999995,24559.6,0,52316.11600000001,2179.838166666667,5213.196,0,6016.886,250.70358333333334,251.34,12,0.08875707123351632,0.010207966877853605,0.09896503811136993
2024-07-15,589430.3999999999,24559.599999999995,24559.6,0,58249.666,2427.0694166666667,5843.672,21,6972.9439999999995,290.53933333333333,354.247,16,0.09882365415831963,0.011829970086374915,0.11065362424469455
2024-07-16,589430.3999999999,24559.599999999995,24559.6,0,81838.639,3409.9432916666665,5895.832,21,7574.171999999999,315.59049999999996,454.388,11,0.13884360053366776,0.01284998534178081,0.15169358587544857
2024-07-17,589430.3999999999,24559.599999999995,24559.6,0,79497.223,3312.3842916666667,6288.199,21,7710.014,321.25058333333334,404.548,14,0.13487126385065992,0.013080448514362342,0.14795171236502228
2024-07-18,589430.3999999999,24559.599999999995,24559.6,0,99774.844,4157.285166666667,6107.088,21,7582.467000000001,315.936125,405.287,14,0.16927332556990615,0.01286405825013437,0.18213738382004052
2024-07-19,589430.3999999999,24559.599999999995,24559.6,0,84999.983,3541.665958333333,6212.298,21,7383.966,307.66525,404.426,10,0.14420698864530912,0.012527290753921077,0.1567342793992302
2024-07-20,589430.3999999999,24559.599999999995,24559.6,0,54273.712,2261.404666666667,5277.073,0,6565.004,273.54183333333333,305.543,18,0.09207823688768005,0.01113787819562751,0.10321611508330755
2024-07-21,589430.3999999999,24559.599999999995,24559.6,0,40163.499,1673.479125,4068.184,22,6492.4,270.51666666666665,304.663,11,0.06813951061906548,0.0110147016509498,0.07915421227001528
2024-07-22,589430.3999999999,24559.599999999995,24559.6,0,51081.72499999999,2128.405208333333,5671.205,21,6917.266,288.21941666666663,356.167,12,0.08666286129795817,0.011735509400261678,0.09839837069821984
2024-07-23,589430.3999999999,24559.599999999995,24559.6,0,77207.257,3216.9690416666667,5820.458,21,6932.909,288.8712083333333,354.668,18,0.1309862148270602,0.011762048581138674,0.14274826340819885
2024-07-24,589430.3999999999,24559.599999999995,24559.6,0,83099.398,3462.4749166666666,6373.792,21,6923.99,288.4995833333333,354.843,18,0.14098254518260342,0.011746917023621451,0.15272946220622488
2024-07-25,589430.3999999999,24559.599999999995,24559.6,0,69437.986,2893.249416666667,5135.617,21,6896.734,287.3639166666667,354.628,18,0.11780523366287184,0.011700675771049477,0.12950590943392132
2024-07-26,589430.3999999999,24559.599999999995,24559.6,0,68484.54000000001,2853.5225000000005,5398.152,21,6870.602,286.2750833333333,356.027,16,0.11618766185117024,0.011656341444214619,0.12784400329538487
2024-07-27,589430.3999999999,24559.599999999995,24559.6,0,63133.331,2630.5554583333333,5019.507,21,6418.470000000001,267.43625000000003,303.747,14,0.10710905138248725,0.0108892754767993,0.11799832685928655
2024-07-28,589430.3999999999,24559.599999999995,24559.6,0,47418.299,1975.7624583333334,4779.66,22,6084.259,253.51079166666668,303.826,12,0.08044766438921373,0.010322268753019866,0.0907699331422336
2024-07-29,589430.3999999999,24559.599999999995,24559.6,0,83693.709,3487.2378750000003,5432.615,21,7685.912,320.2463333333333,405.868,11,0.14199082537989222,0.013039558190415699,0.1550303835703079
2024-07-30,589430.3999999999,24559.599999999995,24559.6,0,70889.023,2953.7092916666666,6032.533,22,7775.145999999999,323.96441666666664,408.58,14,0.1202669950514938,0.013190948413926394,0.1334579434654202
2024-07-31,589430.3999999999,24559.599999999995,24559.6,0,83406.315,3475.263125,5812.585,21,8373.523,348.8967916666666,453.443,11,0.14150324618479132,0.014206126796310474,0.1557093729811018
2024-08-01,589430.3999999999,24559.599999999995,24559.6,0,68338.32,2847.4300000000003,4968.406,22,9550.306,397.92941666666667,455.783,8,0.11593959185003017,0.016202601698181843,0.132142193548212
2024-08-02,589430.3999999999,24559.599999999995,24559.6,0,50903.004,2120.9585,4946.661,21,10899.618,454.15075,455.164,8,0.08635965162299061,0.018491781217935148,0.10485143284092577
2024-08-03,589430.3999999999,24559.599999999995,24559.6,0,53155.989,2214.832875,4856.657,21,6803.220000000001,283.46750000000003,383.008,0,0.09018196041466475,0.011542024300070038,0.10172398471473479
2024-08-04,589430.3999999999,24559.599999999995,24559.6,0,49527.695,2063.6539583333333,5122.745,21,6369.49,265.3954166666667,353.746,12,0.08402636681107728,0.010806178303664014,0.09483254511474129
2024-08-05,589430.3999999999,24559.599999999995,24559.6,0,68326.193,2846.9247083333335,5377.157,21,7785.9130000000005,324.4130416666667,379.145,21,0.11591901775001766,0.013209215201659096,0.12912823295167675
2024-08-06,589430.3999999999,24559.599999999995,24559.6,0,65127.952,2713.6646666666666,5257.98,21,8982.237,374.25987499999997,453.944,9,0.11049303191691505,0.015238842448574081,0.12573187436548913
2024-08-07,589430.3999999999,24559.599999999995,24559.6,0,60353.92999999999,2514.747083333333,5322.25,21,8481.975,353.41562500000003,354.543,10,0.10239364986943328,0.014390121378198345,0.11678377124763162
2024-08-08,589430.3999999999,24559.599999999995,24559.6,0,64529.44600000001,2688.726916666667,5535.23,21,8489.523,353.730125,355.144,12,0.10947763467917505,0.014402926961351164,0.12388056164052622
2024-08-09,589430.3999999999,24559.599999999995,24559.6,0,71062.742,2960.947583333333,5458.037,21,8498.343,354.09762500000005,358.848,6,0.12056171856762055,0.014417890560106845,0.13497960912772738
2024-08-10,589430.3999999999,24559.599999999995,24559.6,0,57984.212,2416.0088333333333,5159.375,21,6297.48,262.395,304.568,13,0.09837329733926178,0.010684009511555563,0.10905730685081735
2024-08-11,589430.3999999999,24559.599999999995,24559.6,0,47404.203,1975.175125,4772.611,22,7675.937,319.83070833333335,404.907,11,0.080423749776055,0.013022635072775346,0.09344638484883035
2024-08-12,589430.3999999999,24559.599999999995,24559.6,0,73518.78600000001,3063.2827500000003,4969.638,7,7143.648999999999,297.65204166666666,405.426,13,0.12472852774475157,0.012119580191316906,0.13684810793606847
2024-08-13,589430.3999999999,24559.599999999995,24559.6,0,76276.013,3178.1672083333337,5613.61,22,7213.09,300.54541666666665,405.067,12,0.1294063098883261,0.012237390538390965,0.14164370042671706
2024-08-14,589430.3999999999,24559.599999999995,24559.6,0,60600.897,2525.037375,4830.64,0,7108.044,296.1685,405.15,12,0.10281264251046435,0.012059174416521443,0.1148718169269858
2024-08-15,589430.3999999999,24559.599999999995,24559.6,0,29940.127999999997,1247.5053333333333,4181.946,21,5935.498,247.31241666666665,248.227,12,0.05079501837706369,0.010069887810333503,0.06086490618739719
2024-08-16,589430.3999999999,24559.599999999995,24559.6,0,42415.157999999996,1767.2982499999998,5337.602,21,7116.31,296.5129166666667,404.766,13,0.0719595697812668,0.01207319812483374,0.08403276790610054
2024-08-17,589430.3999999999,24559.599999999995,24559.6,0,47289.954,1970.41475,4523.507,21,5943.578,247.64908333333335,248.047,6,0.08022992027557453,0.010083595959760477,0.09031351623533501
2024-08-18,589430.3999999999,24559.599999999995,24559.6,0,37768.857,1573.702375,4243.439,22,5938.837,247.45154166666669,247.947,17,0.06407687319826058,0.010075552601291012,0.07415242579955159
2024-08-19,589430.3999999999,24559.599999999995,24559.6,0,46390.985,1932.9577083333334,5248.856,21,6853.870000000001,285.5779166666667,358.906,11,0.07870477158965673,0.011627954716960648,0.09033272630661739
2024-08-20,589430.3999999999,24559.599999999995,24559.6,0,60973.770000000004,2540.57375,4892.495,21,6823.739,284.3224583333333,361.889,11,0.10344524137200933,0.011576835874091328,0.11502207724610067
2024-08-21,589430.3999999999,24559.599999999995,24559.6,0,52630.791,2192.9496249999997,5983.246,22,6993.856,291.41066666666666,354.346,12,0.08929093409501784,0.011865448405782941,0.10115638250080078
2024-08-22,589430.3999999999,24559.599999999995,24559.6,0,74018.39199999999,3084.0996666666665,5504.725,21,6857.439999999999,285.72666666666663,359.503,15,0.12557613587626293,0.011634011411695087,0.13721014728795802
2024-08-23,589430.3999999999,24559.599999999995,24559.6,0,69761.248,2906.718666666667,6203.129,21,6824.541000000001,284.355875,354.31,12,0.11835366482624585,0.011578196509715146,0.129931861335961
2024-08-24,589430.3999999999,24559.599999999995,24559.6,0,38312.526,1596.3552499999998,3948.03,0,5941.457,247.56070833333334,248.588,4,0.0649992365510839,0.010079997570535897,0.07507923412161979
2024-08-25,589430.3999999999,24559.599999999995,24559.6,0,23797.333,991.5555416666666,2881.354,21,5969.018,248.70908333333333,277.427,21,0.04037344018903674,0.010126756271817675,0.050500196460854414
2024-08-26,589430.3999999999,24559.599999999995,24559.6,0,61868.744000000006,2577.8643333333334,6150.166,21,6660.718000000001,277.5299166666667,355.307,14,0.10496361232810526,0.011300262083530136,0.1162638744116354
2024-08-27,589430.3999999999,24559.599999999995,24559.6,0,87937.619,3664.0674583333334,5907.071,21,6718.317999999999,279.92991666666666,354.667,12,0.1491908442455632,0.011397983544791717,0.1605888277903549
2024-08-28,589430.3999999999,24559.599999999995,24559.6,0,77030.096,3209.5873333333334,5624.59,21,7209.243,300.385125,405.902,12,0.1306856517750018,0.01223086389843483,0.14291651567343663
2024-08-29,589430.3999999999,24559.599999999995,24559.6,0,69645.063,2901.8776249999996,5805.256,21,7653.029999999999,318.87624999999997,407.508,11,0.11815655079887295,0.012983772129839248,0.1311403229287122
2024-08-30,589430.3999999999,24559.599999999995,24559.6,0,64876.84999999999,2703.202083333333,5235.281,21,7449.399000000001,310.39162500000003,411.106,14,0.11006702402862154,0.012638301315982349,0.12270532534460388
2024-08-31,589430.3999999999,24559.599999999995,24559.6,0,57700.633,2404.193041666667,4576.333,22,6186.071,257.7529583333333,309.123,21,0.09789219049441632,0.010494998222012303,0.10838718871642862
2024-09-01,589430.3999999999,24559.599999999995,24559.6,0,51344.53499999999,2139.3556249999997,4014.631,21,7659.384,319.141,460.587,12,0.0871087324304956,0.012994552028534669,0.10010328445903027
2024-09-02,589430.3999999999,24559.599999999995,24559.6,0,60426.152,2517.7563333333333,4510.596,20,12552.448,523.0186666666667,624.945,11,0.10251617833080888,0.02129589515573001,0.12381207348653889
2024-09-03,589430.3999999999,24559.599999999995,24559.6,0,57937.205,2414.0502083333336,4598.027,8,13735.715,572.3214583333333,624.788,16,0.09829354746548534,0.02330337050820589,0.12159691797369124
2024-09-04,589430.3999999999,24559.599999999995,24559.6,0,45584.818,1899.3674166666667,3909.093,21,13758.533,573.2722083333333,624.786,14,0.07733706642887779,0.023342082457911913,0.10067914888678971
2024-09-05,589430.3999999999,24559.599999999995,24559.6,0,66092.656,2753.860666666667,4508.009,8,13307.931,554.497125,624.953,11,0.1121297035239445,0.022577612216811354,0.13470731574075584
2024-09-06,589430.3999999999,24559.599999999995,24559.6,0,61123.47099999999,2546.8112916666664,5261.397,21,11743.812,489.3255,624.808,11,0.10369921707465377,0.01992400120523136,0.12362321827988512
2024-09-07,589430.3999999999,24559.599999999995,24559.6,0,65927.85800000001,2746.9940833333335,4824.587,20,6109.099,254.54579166666667,299.343,21,0.11185011495844127,0.010364411133188924,0.1222145260916302
2024-09-08,589430.3999999999,24559.599999999995,24559.6,0,46099.42,1920.8091666666667,4178.734,21,5933.425,247.22604166666667,253.507,19,0.0782101160713801,0.010066370855659975,0.08827648692704008
2024-09-09,589430.3999999999,24559.599999999995,24559.6,0,55619.174,2317.465583333333,5138.534,21,8003.208,333.467,404.684,17,0.09436088467781778,0.013577867717715273,0.10793875239553305
2024-09-10,589430.3999999999,24559.599999999995,24559.6,0,53008.89499999999,2208.703958333333,4439.401,20,12051.098,502.1290833333333,618.868,12,0.08993240762607425,0.02044532823553044,0.1103777358616047
2024-09-11,589430.3999999999,24559.599999999995,24559.6,0,50072.71799999999,2086.36325,4535.021,21,12948.262000000002,539.5109166666667,626.045,17,0.08495102729686152,0.02196741464301808,0.1069184419398796
2024-09-12,589430.3999999999,24559.599999999995,24559.6,0,53416.787,2225.699458333333,4544.876,8,13172.729,548.8637083333333,619.259,11,0.09062441808227062,0.02234823483824384,0.11297265292051446
2024-09-13,589430.3999999999,24559.599999999995,24559.6,0,41028.003,1709.5001249999998,3616.015,7,12456.503999999999,519.021,621.535,10,0.06960618760077526,0.021133121060603593,0.09073930866137886
2024-09-14,589430.3999999999,24559.599999999995,24559.6,0,32007.681000000004,1333.653375,4466.083,21,6044.693,251.86220833333334,304.223,13,0.05430273192560141,0.010255142931209523,0.06455787485681093
2024-09-15,589430.3999999999,24559.599999999995,24559.6,0,26502.659,1104.2774583333332,4126.021,21,6045.561,251.898375,304.388,12,0.0449631695277339,0.010256615539341032,0.055219785067074936
2024-09-16,589430.3999999999,24559.599999999995,24559.6,0,30354.795000000006,1264.7831250000002,4753.473,21,8052.719000000001,335.52995833333335,404.449,13,0.051498522980830325,0.013661865760571566,0.0651603887414019
2024-09-17,589430.3999999999,24559.599999999995,24559.6,0,31598.479999999996,1316.6033333333332,4114.597,20,8890.931,370.45545833333335,454.683,11,0.05360850068133575,0.015083936966943004,0.06869243764827876
2024-09-18,589430.3999999999,24559.599999999995,24559.6,0,60365.0,2515.2083333333335,5151.537,20,9015.996,375.6665,454.747,17,0.1024124307127695,0.015296116386260364,0.11770854709902986
2024-09-19,589430.3999999999,24559.599999999995,24559.6,0,91597.37700000001,3816.5573750000003,5902.299,20,9508.059,396.16912499999995,455.111,17,0.15539981819736481,0.01613092741738465,0.17153074561474946
2024-09-20,589430.3999999999,24559.599999999995,24559.6,0,95155.707,3964.821125,6132.98,21,9503.916,395.99649999999997,455.104,12,0.16143671415658237,0.016123898597697032,0.1775606127542794
2024-09-21,589430.3999999999,24559.599999999995,24559.6,0,81520.749,3396.697875,5966.493,21,6084.826,253.53441666666666,304.073,13,0.13830428325379893,0.01032323069865416,0.14862751395245308
2024-09-22,589430.3999999999,24559.599999999995,24559.6,0,75240.494,3135.0205833333334,5736.219,21,7789.558999999999,324.5649583333333,404.608,12,0.12764949687019878,0.0132154008344327,0.14086489770463148
2024-09-23,589430.3999999999,24559.599999999995,24559.6,0,73602.15,3066.75625,5781.558,20,11503.322,479.30508333333336,569.288,12,0.12486995920128993,0.019515997138932775,0.14438595634022272
2024-09-24,589430.3999999999,24559.599999999995,24559.6,0,75141.75200000001,3130.906333333334,6190.802,20,13174.957,548.9565416666667,619.513,12,0.12748197581936735,0.02235201475865514,0.1498339905780225
2024-09-25,589430.3999999999,24559.599999999995,24559.6,0,49914.312,2079.763,4117.247,8,13102.107,545.921125,632.248,10,0.08468228309907329,0.02222842086190329,0.10691070396097657
2024-09-26,589430.3999999999,24559.599999999995,24559.6,0,36730.489,1530.4370416666668,2841.709,20,13438.440000000002,559.9350000000001,622.876,8,0.06231522670021771,0.022799027671460456,0.08511425437167816
2024-09-27,589430.3999999999,24559.599999999995,24559.6,0,37623.084,1567.6285,4097.136,21,11828.557,492.8565416666667,618.787,12,0.06382956155637716,0.020067775601665613,0.08389733715804278
2024-09-28,589430.3999999999,24559.599999999995,24559.6,0,46008.597,1917.024875,5214.627,22,7677.561,319.898375,404.767,14,0.07805603002491898,0.013025390275085915,0.09108142030000489
2024-09-29,589430.3999999999,24559.599999999995,24559.6,0,37929.115,1580.3797916666665,4648.515,21,6337.257,264.052375,304.727,11,0.06434875941247686,0.010751493306079905,0.07510025271855678
2024-09-30,589430.3999999999,24559.599999999995,24559.6,0,64184.562,2674.35675,5975.437,20,8598.256,358.2606666666666,405.443,11,0.1088925206436587,0.014587398274673313,0.12347991891833202
2024-10-01,589430.3999999999,24559.599999999995,24559.6,0,70375.488,2932.312,5335.217,20,9033.593,376.39970833333336,455.427,10,0.11939575563119922,0.015325970631986409,0.13472172626318563
2024-10-02,589430.3999999999,24559.599999999995,24559.6,0,68739.13,2864.130416666667,4787.376,8,8919.629,371.6512083333334,458.401,11,0.11661958731684015,0.015132624649152812,0.13175221196599296
2024-10-03,589430.3999999999,24559.599999999995,24559.6,0,74150.722,3089.6134166666666,5537.732,21,9524.944,396.87266666666665,455.907,13,0.12580064075419253,0.016159573717270097,0.14196021447146262
2024-10-04,589430.3999999999,24559.599999999995,24559.6,0,85710.02,3571.2508333333335,6459.727,21,9638.501,401.60420833333336,460.424,18,0.14541160415207635,0.016352229202972905,0.16176383335504926
2024-10-05,589430.3999999999,24559.599999999995,24559.6,0,74314.275,3096.428125,5554.097,2,6230.520999999999,259.60504166666664,438.668,5,0.12607811711102787,0.010570410009392118,0.13664852712042
2024-10-06,589430.3999999999,24559.599999999995,24559.6,0,43460.901,1810.8708749999998,4575.022,20,5938.807,247.45029166666666,277.627,23,0.07373372835876807,0.010075501704696604,0.08380923006346468
2024-10-07,589430.3999999999,24559.599999999995,24559.6,0,64780.962,2699.20675,4775.42,8,9956.0,414.8333333333333,473.396,3,0.10990434494047135,0.016890883130561304,0.12679522807103266
2024-10-08,589430.3999999999,24559.599999999995,24559.6,0,54847.515,2285.313125,3871.242,20,8974.693,373.94554166666666,458.548,13,0.09305172417303215,0.01522604365163385,0.108277767824666
2024-10-09,589430.3999999999,24559.599999999995,24559.6,0,58717.05499999999,2446.543958333333,4361.963,21,10734.033,447.251375,455.642,14,0.09961660443709724,0.0182108574651053,0.11782746190220254
2024-10-10,589430.3999999999,24559.599999999995,24559.6,0,92840.943,3868.372625,5962.86,21,11026.879,459.4532916666667,503.808,19,0.15750959400804576,0.018707686267963108,0.17621728027600886
2024-10-11,589430.3999999999,24559.599999999995,24559.6,0,115696.56599999999,4820.69025,6758.437,8,10005.807,416.90862500000003,484.847,8,0.19628537313311292,0.01697538335314908,0.213260756486262
2024-10-12,589430.3999999999,24559.599999999995,24559.6,0,104163.71900000001,4340.1549583333335,6584.581,21,5937.205,247.38354166666667,248.187,11,0.1767192852625179,0.010072783826555265,0.18679206908907317
2024-10-13,589430.3999999999,24559.599999999995,24559.6,0,88755.069,3698.127875,6747.727,21,7117.296,296.55400000000003,354.327,10,0.15057769161549867,0.012074870926236585,0.16265256254173524
2024-10-14,589430.3999999999,24559.599999999995,24559.6,0,125135.704,5213.987666666667,6680.314,20,10703.11,445.9629166666667,692.462,18,0.21229937241105992,0.018158394952143633,0.23045776736320356
2024-10-15,589430.3999999999,24559.599999999995,24559.6,0,109970.63,4582.109583333334,6421.344,19,12861.722,535.9050833333333,614.438,14,0.18657101839335063,0.021820594933685135,0.20839161332703576
2024-10-16,589430.3999999999,24559.599999999995,24559.6,0,89120.485,3713.353541666667,6335.822,20,13908.168999999998,579.5070416666666,641.815,20,0.15119763928022717,0.02359594788460181,0.17479358716482898
2024-10-17,589430.3999999999,24559.599999999995,24559.6,0,84788.811,3532.867125,5934.128,20,14293.082999999999,595.545125,652.487,21,0.14384872412417143,0.024248974942588642,0.1680976990667601
2024-10-18,589430.3999999999,24559.599999999995,24559.6,0,93787.565,3907.8152083333334,6686.684,20,10153.179,423.049125,456.067,10,0.1591155885410729,0.017225407783514394,0.1763409963245873
2024-10-19,589430.3999999999,24559.599999999995,24559.6,0,88900.275,3704.178125,6333.154,20,6084.216,253.50900000000001,352.888,0,0.15082404131174776,0.01032219580123455,0.16114623711298232
2024-10-20,589430.3999999999,24559.599999999995,24559.6,0,78087.863,3253.6609583333334,6583.711,21,6145.197,256.049875,306.607,15,0.1324802097075414,0.010425653308685811,0.1429058630162272
2024-10-21,589430.3999999999,24559.599999999995,24559.6,0,109929.941,4580.414208333334,6981.437,20,11316.269,471.51120833333334,627.343,11,0.18650198734235632,0.019198651783145223,0.20570063912550154
2024-10-22,589430.3999999999,24559.599999999995,24559.6,0,107851.06599999999,4493.794416666667,6912.268,19,12368.232,515.343,688.57,15,0.18297506541908937,0.02098336292122022,0.20395842834030958
2024-10-23,589430.3999999999,24559.599999999995,24559.6,0,112331.144,4680.464333333333,7230.71,19,12243.985,510.1660416666667,674.2,14,0.19057575584835804,0.020772571282377025,0.21134832713073506
2024-10-24,589430.3999999999,24559.599999999995,24559.6,0,102592.475,4274.686458333334,6914.849,19,11932.914,497.20475000000005,628.327,11,0.17405358630976622,0.020244822798416915,0.19429840910818313
2024-10-25,589430.3999999999,24559.599999999995,24559.6,0,121763.397,5073.474875,7672.765,20,12113.378,504.72408333333334,647.374,15,0.20657807435788858,0.02055098956551953,0.22712906392340812
2024-10-26,589430.3999999999,24559.599999999995,24559.6,0,117590.74799999999,4899.6145,6928.655,20,6017.986,250.74941666666666,334.506,0,0.19949895356601902,0.010209833086315196,0.20970878665233422
2024-10-27,589430.3999999999,24559.6,24559.6,0,109236.93216,4551.53884,6704.079,20,7894.30176,328.92924,489.194,16,0.18532626101402305,0.013393102493525955,0.198719363507549
2024-10-28,589430.3999999999,24559.599999999995,24559.6,0,98080.157,4086.6732083333336,6358.046,19,12034.794,501.44975,632.187,13,0.16639819900704142,0.020417667633023343,0.18681586664006478
2024-10-29,589430.3999999999,24559.599999999995,24559.6,0,120323.25699999998,5013.469041666666,6451.889,9,11959.152,498.298,654.404,11,0.2041348003089084,0.020289336959885343,0.22442413726879373
2024-10-30,589430.3999999999,24559.599999999995,24559.6,0,110179.524,4590.8135,7125.141,19,11901.378,495.89075,633.436,12,0.1869254181664197,0.0201913202983762,0.2071167384647959
2024-10-31,589430.3999999999,24559.599999999995,24559.6,0,116546.531,4856.105458333333,6176.17,21,13088.033,545.3347083333333,677.302,16,0.19772738392861994,0.022204543572913786,0.21993192750153373
2024-11-01,589430.3999999999,24559.599999999995,24559.6,0,104692.585,4362.191041666667,6628.497,18,10709.02,446.2091666666667,522.778,19,0.1776165345391076,0.018168421581241826,0.19578495612034943
2024-11-02,589430.3999999999,24559.599999999995,24559.6,0,105163.98300000001,4381.832625,7254.977,19,9911.348,412.9728333333333,523.428,13,0.17841628629945117,0.016815128639445814,0.19523141493889698
2024-11-03,589430.3999999999,24559.599999999995,24559.6,0,91691.57400000001,3820.4822500000005,6892.252,19,6042.5,251.77083333333334,304.457,12,0.15555962841414359,0.010251422390158365,0.16581105080430195
2024-11-04,589430.3999999999,24559.599999999995,24559.6,0,115093.11499999999,4795.546458333333,7405.152,19,8517.972,354.9155,508.147,17,0.19526158644006147,0.014451192201827393,0.20971277864188886
2024-11-05,589430.3999999999,24559.599999999995,24559.6,0,125503.59300000001,5229.316375,7654.827,19,12124.552,505.18966666666665,649.356,9,0.21292351565172077,0.020569946850383016,0.2334934625021038
2024-11-06,589430.3999999999,24559.599999999995,24559.6,0,118447.86600000001,4935.32775,7516.917,19,7873.749,328.072875,431.633,1,0.2009530998061858,0.013358233643870423,0.21431133345005624
2024-11-07,589430.3999999999,24559.599999999995,24559.6,0,119623.69399999999,4984.320583333333,7187.956,20,6817.079,284.04495833333334,355.391,14,0.20294795449980185,0.011565536830132957,0.2145134913299348
2024-11-08,589430.3999999999,24559.599999999995,24559.6,0,133532.45799999998,5563.852416666666,7435.815,19,8320.295,346.67895833333336,474.248,20,0.22654491183352607,0.014115822665407148,0.24066073449893322
2024-11-09,589430.3999999999,24559.599999999995,24559.6,0,99654.23000000001,4152.2595833333335,6678.111,19,6469.341,269.555875,306.908,18,0.16906869750864567,0.010975580831935375,0.18004427834058104
2024-11-10,589430.3999999999,24559.599999999995,24559.6,0,79493.83899999999,3312.243291666666,6062.797,19,6266.901,261.120875,353.947,13,0.13486552271481078,0.010632130612876432,0.14549765332768722
2024-11-11,589430.3999999999,24559.599999999995,24559.6,0,79407.853,3308.6605416666666,5609.026,19,6562.657000000001,273.4440416666667,354.528,12,0.13471964289592125,0.011133896385391731,0.14585353928131298
2024-11-12,589430.3999999999,24559.599999999995,24559.6,0,70774.998,2948.95825,5160.976,21,6430.8009999999995,267.95004166666666,356.167,13,0.12007354557891825,0.010910195673653752,0.130983741252572
2024-11-13,589430.3999999999,24559.599999999995,24559.6,0,97194.582,4049.77425,6078.944,20,8330.155999999999,347.0898333333333,492.689,20,0.1648957739539732,0.014132552375988752,0.17902832632996196
2024-11-14,589430.3999999999,24559.599999999995,24559.6,0,103618.337,4317.430708333333,6277.807,19,12010.948,500.45616666666666,636.481,17,0.1757940157141539,0.020377211626682306,0.1961712273408362
2024-11-15,589430.3999999999,24559.599999999995,24559.6,0,96541.736,4022.5723333333335,5899.751,18,12656.961,527.373375,641.203,18,0.1637881860182305,0.02147320701477223,0.18526139303300274
2024-11-16,589430.3999999999,24559.599999999995,24559.6,0,87170.851,3632.1187916666663,5621.918,20,6638.514000000001,276.60475,459.962,0,0.14788998158221905,0.011262591817456313,0.15915257339967537
2024-11-17,589430.3999999999,24559.599999999995,24559.6,0,86917.756,3621.5731666666666,6455.629,21,6409.919,267.0799583333333,304.567,12,0.14746059246350376,0.010874768250840135,0.1583353607143439
2024-11-18,589430.3999999999,24559.599999999995,24559.6,0,101025.68600000002,4209.403583333334,6739.733,20,9237.897,384.91237500000005,490.81,19,0.171395445501284,0.01567258322611118,0.18706802872739517
2024-11-19,589430.3999999999,24559.599999999995,24559.6,0,90248.476,3760.3531666666663,5859.02,8,9384.917,391.03820833333333,454.667,11,0.15311133596095486,0.015922010469768783,0.16903334643072365
2024-11-20,589430.3999999999,24559.599999999995,24559.6,0,64609.087,2692.045291666667,5464.894,18,6586.535,274.43895833333335,355.127,13,0.10961274986834749,0.011174406681433467,0.12078715654978095
2024-11-21,589430.3999999999,24559.599999999995,24559.6,0,61533.561,2563.898375,4224.232,20,6366.311,265.2629583333333,304.103,12,0.10439495655466703,0.01080078496121001,0.11519574151587704
2024-11-22,589430.3999999999,24559.599999999995,24559.6,0,84536.768,3522.365333333333,6704.318,20,6945.726999999999,289.40529166666664,355.307,18,0.14342111977936667,0.01178379499937567,0.15520491477874235
2024-11-23,589430.3999999999,24559.599999999995,24559.6,0,51274.39,2136.4329166666666,4126.588,0,5981.139,249.214125,284.968,18,0.08698972771000615,0.01014732019251128,0.09713704790251744
2024-11-24,589430.3999999999,24559.599999999995,24559.6,0,51544.009,2147.6670416666666,3444.311,20,6064.297,252.67904166666665,304.447,12,0.08744715067292085,0.010288402159101397,0.09773555283202225
2024-11-25,589430.3999999999,24559.599999999995,24559.6,0,73909.319,3079.5549583333336,7040.099,20,11762.839,490.11829166666666,729.269,18,0.12539108773487084,0.019956281521957473,0.1453473692568283
2024-11-26,589430.3999999999,24559.599999999995,24559.6,0,99756.03899999999,4156.501625,6744.287,20,22134.044,922.2518333333334,1128.143,21,0.16924142188797864,0.037551582001878435,0.20679300388985708
2024-11-27,589430.3999999999,24559.599999999995,24559.6,0,89308.429,3721.184541666667,7083.334,20,18600.789,775.032875,969.129,19,0.15151649626486863,0.031557227112819435,0.18307372337768807
2024-11-28,589430.3999999999,24559.599999999995,24559.6,0,88269.62,3677.900833333333,6837.9,20,15749.986,656.2494166666667,771.045,10,0.14975410158688796,0.02672068831197034,0.1764747898988583
2024-11-29,589430.3999999999,24559.599999999995,24559.6,0,84081.759,3503.406625,6749.908,20,15918.943,663.2892916666666,751.546,11,0.14264917282854772,0.027007332842011546,0.16965650567055926
2024-11-30,589430.3999999999,24559.599999999995,24559.6,0,76004.019,3166.834125,5576.409,18,11250.032,468.7513333333333,567.657,19,0.1289448576116875,0.01908627719235384,0.14803113480404134
2024-12-01,589430.3999999999,24559.599999999995,24559.6,0,83719.265,3488.302708333333,6423.067,21,11478.079,478.25329166666666,599.298,20,0.14203418249211444,0.019473171047845517,0.16150735353995996
2024-12-02,589430.3999999999,24559.599999999995,24559.6,0,89871.894,3744.66225,6717.192,20,17329.006,722.0419166666667,1024.088,19,0.15247244458378803,0.02939957966199233,0.18187202424578036
2024-12-03,589430.3999999999,24559.599999999995,24559.6,0,85671.211,3569.6337916666666,6201.19,20,10399.603,433.31679166666663,807.774,0,0.1453457626209982,0.017643479196186692,0.16298924181718488
2024-12-04,589430.3999999999,24559.599999999995,24559.6,0,78284.474,3261.8530833333334,7647.877,18,7882.904999999999,328.45437499999997,434.637,18,0.13281377071830705,0.013373767284483461,0.14618753800279052
2024-12-05,589430.3999999999,24559.599999999995,24559.6,0,78128.967,3255.373625,6044.562,18,7695.218999999999,320.634125,453.036,10,0.13254994482809168,0.013055348010553918,0.1456052928386456
2024-12-06,589430.3999999999,24559.599999999995,24559.6,0,63286.444,2636.9351666666666,5346.994,18,6299.571,262.482125,353.832,18,0.10736881572446894,0.010687557004185737,0.11805637272865467
2024-12-07,589430.3999999999,24559.599999999995,24559.6,0,39360.483,1640.020125,3633.58,19,6279.567999999999,261.64866666666666,353.792,13,0.06677715129725241,0.010653620851588245,0.07743077214884066
2024-12-08,589430.3999999999,24559.599999999995,24559.6,0,38003.762,1583.4900833333334,4131.114,20,6164.161,256.84004166666665,354.032,12,0.0644754020152337,0.01045782674256367,0.07493322875779737
2024-12-09,589430.3999999999,24559.599999999995,24559.6,0,62522.10800000001,2605.0878333333335,5859.178,20,7097.965,295.74854166666665,404.695,11,0.10607207907837807,0.012042074857353813,0.11811415393573188
2024-12-10,589430.3999999999,24559.599999999995,24559.6,0,101694.875,4237.286458333333,7822.544,20,12723.679,530.1532916666666,899.401,20,0.17253076020510652,0.02158639764762727,0.19411715785273378
2024-12-11,589430.3999999999,24559.599999999995,24559.6,0,124768.726,5198.696916666667,8382.255,19,21846.707,910.2794583333333,1088.151,18,0.21167677473031593,0.037064099510306904,0.24874087424062283
2024-12-12,589430.3999999999,24559.599999999995,24559.6,0,130341.81600000002,5430.909000000001,8468.691,18,19044.733,793.5305416666666,1083.739,9,0.22113181810778684,0.03231040170306792,0.25344221981085474
2024-12-13,589430.3999999999,24559.599999999995,24559.6,0,127361.49600000001,5306.729,8252.025,19,11066.3,461.0958333333333,647.072,7,0.21607554683301036,0.01877456608956715,0.23485011292257751
2024-12-14,589430.3999999999,24559.599999999995,24559.6,0,96768.617,4032.025708333333,6053.685,20,6171.949,257.16454166666665,329.495,23,0.1641731016927529,0.010471039498471746,0.17464414119122465
2024-12-15,589430.3999999999,24559.599999999995,24559.6,0,56261.867,2344.244458333333,5367.076,20,6669.304,277.8876666666667,406.063,12,0.09545124750945999,0.01131482868884944,0.10676607619830943
2024-12-16,589430.3999999999,24559.599999999995,24559.6,0,80633.74799999999,3359.7394999999997,6807.252,20,12462.547999999999,519.2728333333333,837.433,18,0.13679943891594326,0.02114337502782347,0.15794281394376675
2024-12-17,589430.3999999999,24559.599999999995,24559.6,0,87016.279,3625.6782916666666,6475.257,20,16811.021,700.4592083333333,827.767,19,0.14762774196919604,0.028520790580194036,0.17614853254939006
2024-12-18,589430.3999999999,24559.599999999995,24559.6,0,85253.08,3552.2116666666666,5566.81,20,13439.661,559.985875,700.585,8,0.1446363811571307,0.02280109916285282,0.1674374803199835
2024-12-19,589430.3999999999,24559.599999999995,24559.6,0,68363.856,2848.494,5132.192,20,7278.489,303.270375,405.495,15,0.11598291503118945,0.012348343417645239,0.1283312584488347
2024-12-20,589430.3999999999,24559.599999999995,24559.6,0,85106.734,3546.1139166666667,6230.726,8,7715.779,321.49079166666667,406.048,15,0.1443880973902941,0.013090229143254237,0.15747832653354832
2024-12-21,589430.3999999999,24559.599999999995,24559.6,0,70858.172,2952.4238333333337,5747.315,20,6791.455,282.97729166666664,356.591,13,0.12021465469035872,0.011522064352296727,0.13173671904265544
2024-12-22,589430.3999999999,24559.599999999995,24559.6,0,54451.405,2268.8085416666668,3943.705,19,6686.294,278.5955833333333,405.079,11,0.0923797025060126,0.011343653126815314,0.10372335563282792
2024-12-23,589430.3999999999,24559.599999999995,24559.6,0,50036.80799999999,2084.8669999999997,4319.222,19,8306.302,346.09591666666665,506.201,12,0.08489010407335625,0.01409208279722254,0.09898218687057879
2024-12-24,589430.3999999999,24559.599999999995,24559.6,0,45098.613,1879.108875,4359.285,19,7186.324,299.43016666666665,408.704,12,0.07651219380608805,0.01219198059686097,0.08870417440294902
2024-12-25,589430.3999999999,24559.599999999995,24559.6,0,57029.27799999999,2376.2199166666664,5662.12,21,6873.698,286.40408333333335,355.871,11,0.09675320105647757,0.01166159397275743,0.108414795029235
2024-12-26,589430.3999999999,24559.599999999995,24559.6,0,85402.952,3558.4563333333335,6604.694,19,10218.335,425.7639583333333,506.663,21,0.14489064697036327,0.01733594840035397,0.16222659537071724
2024-12-27,589430.3999999999,24559.599999999995,24559.6,0,86716.473,3613.1863749999998,7046.264,20,10617.780999999999,442.40754166666665,505.681,15,0.14711910515643578,0.018013629768671588,0.16513273492510738
2024-12-28,589430.3999999999,24559.599999999995,24559.6,0,89593.161,3733.048375,7480.272,21,10358.516,431.6048333333333,506.623,22,0.15199955923549244,0.01757377291703991,0.16957333215253234
2024-12-29,589430.3999999999,24559.599999999995,24559.6,0,81835.191,3409.799625,6978.547,20,10016.304,417.346,506.711,22,0.13883775081841726,0.01699319207153211,0.15583094288994936
2024-12-30,589430.3999999999,24559.599999999995,24559.6,0,94495.783,3937.3242916666663,7505.214,20,11073.341,461.38920833333333,507.417,19,0.16031711801766588,0.018786511520274492,0.17910362953794037
2024-12-31,589430.3999999999,24559.599999999995,24559.6,0,89164.805,3715.200208333333,6912.753,19,11101.92,462.58,506.482,8,0.15127283051569787,0.018834997312659817,0.17010782782835768
2025-01-01,589430.3999999999,24559.599999999995,24559.6,0,58253.569,2427.2320416666666,5869.249,21,6776.076,282.3365,446.022,0,0.09883027580525201,0.011495973061450514,0.11032624886670253
2025-01-02,589430.3999999999,24559.599999999995,24559.6,0,73770.723,3073.7801249999998,6202.018,19,10337.494,430.7289166666667,512.824,10,0.12515595225492274,0.01753810797678573,0.14269406023170847
2025-01-03,589430.3999999999,24559.599999999995,24559.6,0,70718.959,2946.623291666667,5851.0,20,8136.719000000001,339.02995833333335,457.111,16,0.11997847243711898,0.013804376224911376,0.13378284866203036
2025-01-04,589430.3999999999,24559.599999999995,24559.6,0,79800.15,3325.00625,6001.425,19,6640.044,276.6685,354.863,13,0.13538519560579163,0.011265187543771073,0.1466503831495627
2025-01-05,589430.3999999999,24559.599999999995,24559.6,0,45967.265,1915.3027083333334,3150.934,0,6505.136,271.04733333333337,355.223,14,0.07798590809025122,0.011036308951828751,0.08902221704207997
2025-01-06,589430.3999999999,24559.599999999995,24559.6,0,53724.921,2238.538375,4379.589,20,6088.787,253.69945833333335,305.167,15,0.09114718378963829,0.010329950745669041,0.10147713453530734
2025-01-07,589430.3999999999,24559.599999999995,24559.6,0,71604.474,2983.51975,6165.558,20,7654.322,318.93008333333336,456.403,12,0.12148079569699835,0.012985964076505048,0.1344667597735034
2025-01-08,589430.3999999999,24559.599999999995,24559.6,0,91329.463,3805.394291666667,6474.991,19,7635.508,318.14616666666666,455.463,11,0.15494528785756556,0.012954045125599225,0.16789933298316478
2025-01-09,589430.3999999999,24559.599999999995,24559.6,0,91969.634,3832.0680833333336,7320.936,18,8091.794,337.1580833333333,455.672,13,0.1560313719821713,0.01372815857478678,0.16975953055695808
2025-01-10,589430.3999999999,24559.599999999995,24559.6,0,115547.008,4814.458666666666,7821.387,19,7974.876,332.2865,504.71,12,0.1960316400375685,0.013529800973957232,0.20956144101152574
2025-01-11,589430.3999999999,24559.599999999995,24559.6,0,81026.311,3376.0962916666667,5448.292,20,6506.574999999999,271.10729166666664,357.887,13,0.13746544290895077,0.011038750291807141,0.14850419320075792
2025-01-12,589430.3999999999,24559.599999999995,24559.6,0,66164.504,2756.854333333333,5625.179,19,6471.55,269.6479166666667,306.607,13,0.11225159747444315,0.010979328517836883,0.12323092599228003
2025-01-13,589430.3999999999,24559.599999999995,24559.6,0,106232.49600000001,4426.354,8655.653,19,13626.722,567.7800833333333,858.06,16,0.18022907539210742,0.02311845809106555,0.20334753348317297
2025-01-14,589430.3999999999,24559.599999999995,24559.6,0,121683.48799999998,5070.145333333333,8357.782,19,18970.06,790.4191666666667,903.416,8,0.20644250449247273,0.032183714989929266,0.23862621948240198
2025-01-15,589430.3999999999,24559.599999999995,24559.6,0,134123.598,5588.48325,8666.472,8,20082.217,836.7590416666667,1063.899,20,0.22754781226078605,0.034070548448128915,0.261618360708915
2025-01-16,589430.3999999999,24559.599999999995,24559.6,0,137182.944,5715.955999999999,8693.196,19,12220.91,509.20458333333335,678.625,8,0.2327381553445496,0.02073342331851225,0.25347157866306186
2025-01-17,589430.3999999999,24559.599999999995,24559.6,0,141806.316,5908.5965,8459.683,20,7429.9220000000005,309.58008333333333,457.186,13,0.24058195166045052,0.012605257550340128,0.25318720921079063
2025-01-18,589430.3999999999,24559.599999999995,24559.6,0,137075.894,5711.495583333333,8350.523,19,8098.459,337.43579166666666,456.685,19,0.2325565393301737,0.013739466101510884,0.2462960054316846
2025-01-19,589430.3999999999,24559.599999999995,24559.6,0,123453.369,5143.890375,7935.836,19,8563.269,356.80287500000003,504.68,14,0.20944520167266573,0.014528040969722636,0.22397324264238835
2025-01-20,589430.3999999999,24559.599999999995,24559.6,0,138415.894,5767.328916666666,7556.707,18,15933.86,663.9108333333334,784.716,19,0.23482992054702306,0.02703264032530389,0.26186256087232695
2025-01-21,589430.3999999999,24559.599999999995,24559.6,0,123564.14199999999,5148.505916666666,7397.351,19,15605.913,650.2463750000001,784.526,13,0.20963313395440752,0.026476260810436657,0.2361093947648442
2025-01-22,589430.3999999999,24559.599999999995,24559.6,0,114389.329,4766.222041666667,7153.215,19,13362.010999999999,556.7504583333333,704.014,17,0.19406757608701555,0.02266936181099584,0.2167369378980114
2025-01-23,589430.3999999999,24559.599999999995,24559.6,0,124761.082,5198.378416666666,6849.354,19,13433.309999999998,559.7212499999999,741.086,9,0.211663806278061,0.022790324353816838,0.23445413063187784
2025-01-24,589430.3999999999,24559.599999999995,24559.6,0,106170.487,4423.770291666667,7231.24,8,10594.929,441.455375,631.159,14,0.1801238738280211,0.017974860136158573,0.19809873396417968
2025-01-25,589430.3999999999,24559.599999999995,24559.6,0,84436.191,3518.174625,5356.386,21,7075.928,294.83033333333333,405.128,12,0.14325048555351066,0.012004687915655522,0.15525517346916617
2025-01-26,589430.3999999999,24559.599999999995,24559.6,0,72949.899,3039.579125,4737.509,20,6468.290000000001,269.51208333333335,355.591,14,0.12376338071466965,0.010973797754577982,0.13473717846924763
2025-01-27,589430.3999999999,24559.599999999995,24559.6,0,79826.083,3326.0867916666666,5391.956,20,6942.052,289.25216666666665,405.928,12,0.13542919231855027,0.011777560166560803,0.1472067524851111
2025-01-28,589430.3999999999,24559.599999999995,24559.6,0,109277.959,4553.248291666667,6745.88,20,7361.727000000001,306.738625,455.512,11,0.18539586522853252,0.012489561108487111,0.19788542633701964
2025-01-29,589430.3999999999,24559.599999999995,24559.6,0,121369.59900000002,5057.066625,8312.396,20,7685.441999999999,320.22675,456.912,12,0.20590997512174472,0.013038760810436652,0.21894873593218137
2025-01-30,589430.3999999999,24559.599999999995,24559.6,0,111360.612,4640.0255,8033.805,21,7621.75,317.5729166666667,456.887,11,0.18892919672958844,0.01293070394740414,0.20185990067699258
2025-01-31,589430.3999999999,24559.599999999995,24559.6,0,142328.711,5930.362958333334,8820.982,19,7574.166000000001,315.59025,457.736,13,0.24146822254162667,0.012849975162461932,0.2543181977040886
2025-02-01,589430.3999999999,24559.599999999995,24559.6,0,133967.733,5581.988875,8669.537,19,7658.7919999999995,319.11633333333333,456.328,15,0.2272833790045441,0.012993547669071702,0.2402769266736158
2025-02-02,589430.3999999999,24559.599999999995,24559.6,0,158810.579,6617.107458333333,9165.528,19,8990.858,374.6190833333333,585.699,17,0.2694305875638583,0.01525346843325353,0.28468405599711183
2025-02-03,589430.3999999999,24559.599999999995,24559.6,0,165291.173,6887.132208333333,9697.901,20,14691.647999999997,612.1519999999999,795.025,21,0.2804252597083558,0.024925161647583835,0.30535042135593965
2025-02-04,589430.3999999999,24559.599999999995,24559.6,0,176704.358,7362.681583333334,9459.467,20,18037.897,751.5790416666667,863.111,21,0.29978833463628624,0.03060225091885319,0.33039058555513945
2025-02-05,589430.3999999999,24559.599999999995,24559.6,0,171845.991,7160.249625,9461.241,19,17906.181,746.090875,972.404,19,0.29154585681362893,0.03037878772455578,0.3219246445381847
2025-02-06,589430.3999999999,24559.599999999995,24559.6,0,177248.789,7385.366208333333,9101.975,20,18908.196,787.8415,944.219,12,0.30071199076260746,0.03207875942604929,0.3327907501886568
2025-02-07,589430.3999999999,24559.599999999995,24559.6,0,169679.117,7069.963208333334,9334.246,20,12937.286,539.0535833333333,681.41,12,0.2878696399099877,0.021948793275677676,0.3098184331856654
2025-02-08,589430.3999999999,24559.599999999995,24559.6,0,145582.267,6065.927791666666,8547.533,20,7941.754999999999,330.9064583333333,456.04,13,0.24698805321205017,0.013473609437178674,0.2604616626492288
2025-02-09,589430.3999999999,24559.599999999995,24559.6,0,155012.80299999999,6458.866791666666,8848.86,21,7620.55,317.5229166666667,406.075,12,0.2629874587398275,0.012928668083627857,0.27591612682345534
2025-02-10,589430.3999999999,24559.599999999995,24559.6,0,174457.013,7269.042208333333,8940.837,20,9640.139,401.6724583333333,505.96,14,0.2959755944043606,0.01635500815702753,0.3123306025613881
2025-02-11,589430.3999999999,24559.599999999995,24559.6,0,170485.817,7103.575708333334,9050.797,20,9275.942,386.4975833333333,505.866,14,0.289238249333594,0.01573712859058508,0.30497537792417906
2025-02-12,589430.3999999999,24559.599999999995,24559.6,0,162878.737,6786.614041666667,9302.224,20,9327.063,388.627625,507.328,12,0.2763324338208549,0.015823858084007887,0.29215629190486275
2025-02-13,589430.3999999999,24559.599999999995,24559.6,0,162895.181,6787.299208333334,9232.153,20,9334.146,388.92275,505.544,12,0.27636033194080256,0.015835874769947397,0.29219620671075
2025-02-14,589430.3999999999,24559.599999999995,24559.6,0,169358.795,7056.616458333334,9012.019,19,9322.062,388.41925,506.232,13,0.2873261966128656,0.015815373621720225,0.3031415702345859
2025-02-15,589430.3999999999,24559.599999999995,24559.6,0,154977.252,6457.3855,9029.638,21,7394.985,308.124375,455.896,14,0.262927144578902,0.012545985073046793,0.27547312965194876
2025-02-16,589430.3999999999,24559.599999999995,24559.6,0,149042.421,6210.100875,9121.605,20,7173.375,298.890625,405.944,13,0.25285838836951746,0.01217001193016173,0.26502840029967917
2025-02-17,589430.3999999999,24559.599999999995,24559.6,0,162354.408,6764.767,9049.726,19,8998.418,374.9340833333333,506.353,12,0.27544288180589266,0.015266294375044112,0.2907091761809368
2025-02-18,589430.3999999999,24559.599999999995,24559.6,0,145805.699,6075.237458333333,8435.498,19,8517.548,354.8978333333334,505.72,13,0.2473671174747689,0.014450472863293108,0.261817590338062
2025-02-19,589430.3999999999,24559.599999999995,24559.6,0,149371.914,6223.82975,8917.887,20,9181.741,382.57254166666667,505.755,12,0.2534173907555498,0.01557731158759372,0.26899470234314354
2025-02-20,589430.3999999999,24559.599999999995,24559.6,0,130103.393,5420.974708333333,8453.691,20,8693.423,362.2259583333334,507.08,14,0.22072732081684288,0.014748854148004585,0.23547617496484746
2025-02-21,589430.3999999999,24559.599999999995,24559.6,0,95745.655,3989.4022916666668,6734.219,19,9598.657,399.94404166666664,505.923,15,0.16243759229249122,0.016284631739387722,0.17872222403187893
2025-02-22,589430.3999999999,24559.599999999995,24559.6,0,122499.95999999999,5104.165,7949.87,19,7622.059000000001,317.5857916666667,455.688,14,0.20782769263343054,0.012931228182326535,0.22075892081575707
2025-02-23,589430.3999999999,24559.599999999995,24559.6,0,91363.99100000001,3806.832958333334,6995.979,20,7403.047,308.46029166666665,409.52,13,0.15500386644462183,0.012559662684517121,0.16756352912913894
2025-02-24,589430.3999999999,24559.599999999995,24559.6,0,107474.106,4478.08775,7434.885,19,8494.693,353.94554166666666,506.681,12,0.182335532744833,0.014411698141120649,0.19674723088595364
2025-02-25,589430.3999999999,24559.599999999995,24559.6,0,119044.005,4960.166875,8141.336,20,8551.876,356.3281666666667,507.371,13,0.20196448130262712,0.014508712139719977,0.21647319344234708
2025-02-26,589430.3999999999,24559.599999999995,24559.6,0,130303.40300000002,5429.308458333334,8819.151,20,8992.861,374.7025416666667,507.392,12,0.22106664841175488,0.015256866629206776,0.23632351504096166
2025-02-27,589430.3999999999,24559.599999999995,24559.6,0,144785.556,6032.731500000001,8625.745,20,9132.526,380.52191666666664,509.888,15,0.24563639065782836,0.015493815724468913,0.2611302063822973
2025-02-28,589430.3999999999,24559.599999999995,24559.6,0,137230.513,5717.938041666667,8031.41,19,6707.434000000001,279.4764166666667,444.876,1,0.23281885868119465,0.011379518260340834,0.24419837694153548
2025-03-01,589430.3999999999,24559.599999999995,24559.6,0,86062.682,3585.9450833333335,5609.099,0,4733.161,197.21504166666668,213.546,0,0.14600991397796925,0.00803005918934619,0.15403997316731544
2025-03-02,589430.3999999999,24559.599999999995,24559.6,0,79042.526,3293.438583333333,6093.597,21,5271.966,219.66525000000001,256.249,12,0.13409984622442278,0.008944170507662993,0.14304401673208578
2025-03-03,589430.3999999999,24559.599999999995,24559.6,0,127151.074,5297.961416666666,7996.257,20,6739.5740000000005,280.81558333333334,424.624,13,0.21571855472673282,0.01143404547848228,0.2271526002052151
2025-03-04,589430.3999999999,24559.599999999995,24559.6,0,125526.94700000001,5230.289458333334,8141.582,20,5265.643,219.40179166666667,222.072,23,0.21296313695391353,0.008933443202115128,0.22189658015602864
2025-03-05,589430.3999999999,24559.599999999995,24559.6,0,131244.968,5468.540333333333,8026.005,20,5687.205,236.966875,350.88,23,0.2226640634755181,0.00964864553982964,0.23231270901534773
2025-03-06,589430.3999999999,24559.599999999995,24559.6,0,122257.421,5094.059208333333,8496.317,20,9128.567000000001,380.35695833333335,397.889,16,0.20741621232973395,0.015487099070560327,0.2229033114002943
2025-03-07,589430.3999999999,24559.599999999995,24559.6,0,108112.065,4504.669375,7303.694,8,9064.822,377.70091666666667,397.586,16,0.18341786409387778,0.015378952290211027,0.1987968163840888
2025-03-08,589430.3999999999,24559.599999999995,24559.6,0,70747.259,2947.8024583333336,5220.811,21,4748.658,197.86075000000002,230.888,12,0.12002648489117633,0.008056350673463738,0.12808283556464006
2025-03-09,589430.3999999999,24559.599999999995,24559.6,0,95735.186,3988.9660833333332,8402.047,20,4620.6720000000005,192.52800000000002,192.663,18,0.1624198310775963,0.007839215622404276,0.17025904670000058
2025-03-10,589430.3999999999,24559.599999999995,24559.6,0,148380.795,6182.533125000001,9010.844,20,4619.347,192.47279166666667,192.646,14,0.25173590469714496,0.00783696768948463,0.25957287238662957
2025-03-11,589430.3999999999,24559.599999999995,24559.6,0,151626.486,6317.7702500000005,8298.199,20,4617.223,192.38429166666666,192.688,19,0.25724239197706805,0.007833364210600609,0.26507575618766865
2025-03-12,589430.3999999999,24559.599999999995,24559.6,0,154361.198,6431.716583333334,9439.099,19,4673.7029999999995,194.73762499999998,206.73,16,0.26188197622654014,0.00792918553233766,0.2698111617588778
2025-03-13,589430.3999999999,24559.599999999995,24559.6,0,173223.469,7217.6445416666675,9423.986,20,4513.191,188.049625,188.281,14,0.29388282144931793,0.007656868393622047,0.30153968984294
2025-03-14,589430.3999999999,24559.599999999995,24559.6,0,162648.734,6777.030583333333,9369.21,20,4805.849,200.24370833333333,210.435,12,0.2759422215074079,0.00815337824448824,0.28409559975189613
2025-03-15,589430.3999999999,24559.599999999995,24559.6,0,153010.798,6375.449916666667,9184.054,21,4725.096,196.879,208.639,11,0.259590950856963,0.00801637648821642,0.2676073273451794
2025-03-16,589430.3999999999,24559.599999999995,24559.6,0,152149.767,6339.573625,9061.809,20,4706.722,196.11341666666667,206.876,12,0.25813016600433236,0.007985204020695235,0.2661153700250276
2025-03-17,589430.3999999999,24559.599999999995,24559.6,0,168384.836,7016.034833333334,9496.85,20,4843.126,201.79691666666668,208.233,17,0.28567382340646164,0.008216620656145325,0.29389044406260695
2025-03-18,589430.3999999999,24559.599999999995,24559.6,0,162029.991,6751.249625,8546.633,19,4832.815,201.36729166666666,245.896,23,0.274892491123634,0.008199127496647612,0.28309161862028165
2025-03-19,589430.3999999999,24559.599999999995,24559.6,0,123940.054,5164.1689166666665,7391.388,0,8948.226,372.84275,387.048,20,0.21027088864096596,0.015181140979494783,0.22545202962046074
2025-03-20,589430.3999999999,24559.599999999995,24559.6,0,115231.016,4801.292333333334,8360.998,19,8943.052,372.62716666666665,385.392,19,0.1954955428155725,0.015172363013512708,0.2106679058290852
2025-03-21,589430.3999999999,24559.599999999995,24559.6,0,119476.103,4978.170958333333,8228.796,21,8820.994,367.5414166666667,385.896,14,0.20269755852429738,0.014965285129508085,0.21766284365380548
2025-03-22,589430.3999999999,24559.599999999995,24559.6,0,128130.2,5338.758333333333,8397.528,22,4742.361,197.598375,216.777,12,0.2173796940232469,0.008045667478297693,0.22542536150154457
2025-03-23,589430.3999999999,24559.599999999995,24559.6,0,134943.08,5622.628333333333,9137.846,20,4597.321,191.55504166666665,202.289,12,0.22893810702671596,0.007799599409870955,0.23673770643658693
2025-03-24,589430.3999999999,24559.599999999995,24559.6,0,157802.041,6575.085041666666,9014.085,20,6991.595,291.31645833333334,379.518,16,0.26771954924618757,0.011861612499117795,0.27958116174530534
2025-03-25,589430.3999999999,24559.599999999995,24559.6,0,174478.25,7269.927083333333,9784.313,20,8621.314,359.2214166666667,381.238,13,0.29601162410354137,0.014626517397134593,0.310638141500676
2025-03-26,589430.3999999999,24559.599999999995,24559.6,0,169444.87,7060.202916666666,9542.606,20,8704.661,362.69420833333334,380.493,8,0.28747222742498524,0.014767920012269474,0.3022401474372547
2025-03-27,589430.3999999999,24559.599999999995,24559.6,0,170446.261,7101.927541666667,9390.691,20,8690.305,362.0960416666667,380.154,13,0.28917114047731507,0.014743564295292543,0.3039147047726076
2025-03-28,589430.3999999999,24559.599999999995,24559.6,0,157539.885,6564.161875000001,8882.62,20,7639.65,318.31874999999997,379.084,10,0.2672747876594082,0.012961072248733694,0.2802358599081419
2025-03-29,589430.3999999999,24559.599999999995,24559.6,0,118428.897,4934.537375,7456.622,20,4679.172,194.9655,215.551,15,0.2009209178895422,0.00793846398149807,0.20885938187104025
2025-03-30,589430.3999999999,24559.6,24559.6,0,94081.02991304347,3920.042913043478,7738.186,21,4575.09495652174,190.62895652173916,200.442,11,0.15961346736280227,0.007761891745864721,0.167375359108667
2025-03-31,589430.3999999999,24559.599999999995,24559.6,0,121196.79699999999,5049.866541666666,8720.008,20,7179.123,299.13012499999996,380.425,11,0.20561680734485363,0.012179763717650127,0.21779657106250375
2025-04-01,589430.3999999999,24559.599999999995,24559.6,0,147255.696,6135.6539999999995,9512.347,21,8760.435,365.018125,380.088,16,0.2498271144481181,0.014862543567484813,0.2646896580156029
2025-04-02,589430.3999999999,24559.599999999995,24559.6,0,144984.65899999999,6041.027458333333,9147.135,7,8631.919,359.6632916666667,380.554,12,0.24597417947903605,0.014644509343257492,0.26061868882229355
2025-04-03,589430.3999999999,24559.599999999995,24559.6,0,145392.235,6058.009791666666,8765.602,21,8626.493,359.43720833333333,381.439,16,0.24666565382443797,0.014635303845882401,0.26130095767032036
2025-04-04,589430.3999999999,24559.599999999995,24559.6,0,132457.778,5519.074083333333,8362.828,21,8395.359,349.806625,380.618,14,0.2247216600976129,0.014243172730826238,0.23896483282843914
2025-04-05,589430.3999999999,24559.599999999995,24559.6,0,124268.112,5177.838,8820.449,21,4695.425,195.64270833333333,216.819,13,0.21082745647323248,0.007966038059794678,0.21879349453302716
2025-04-06,589430.3999999999,24559.599999999995,24559.6,0,120987.61799999999,5041.15075,8011.544,21,4584.834,191.03475,201.665,12,0.2052619240541377,0.007778414550725583,0.2130403386048633
2025-04-07,589430.3999999999,24559.599999999995,24559.6,0,147198.0,6133.25,9558.467,7,7284.9580000000005,303.53991666666667,381.653,14,0.2497292301177544,0.012359318419952553,0.26208854853770697
2025-04-08,589430.3999999999,24559.599999999995,24559.6,0,152443.475,6351.811458333334,9202.717,7,8713.279,363.05329166666667,378.32,16,0.2586284572360028,0.014782540907289482,0.2734109981432923
2025-04-09,589430.3999999999,24559.599999999995,24559.6,0,150978.842,6290.785083333333,9418.307,20,8650.81,360.4504166666666,382.567,12,0.25614362951079556,0.014676558928755627,0.2708201884395512
2025-04-10,589430.3999999999,24559.599999999995,24559.6,0,133314.511,5554.771291666667,8986.718,21,8659.679,360.8199583333333,382.799,12,0.22617515316481815,0.014691605658615506,0.24086675882343367
2025-04-11,589430.3999999999,24559.599999999995,24559.6,0,139401.9,5808.412499999999,8089.558,20,8652.375,360.515625,382.455,16,0.2365027321291878,0.01467921403443053,0.25118194616361833
2025-04-12,589430.3999999999,24559.599999999995,24559.6,0,144551.83,6022.992916666666,9054.015,21,4794.808,199.78366666666668,336.949,0,0.2452398620770154,0.008134646601193288,0.2533745086782087
2025-04-13,589430.3999999999,24559.599999999995,24559.6,0,127527.304,5313.6376666666665,8653.386,21,4228.625,176.19270833333334,199.52,14,0.21635684891719195,0.00717408705082059,0.22353093596801255
2025-04-14,589430.3999999999,24559.599999999995,24559.6,0,135254.80299999999,5635.616791666666,8443.728,8,4626.1449999999995,192.75604166666665,228.645,13,0.22946696166332786,0.00784850085777727,0.23731546252110514
2025-04-15,589430.3999999999,24559.599999999995,24559.6,0,120561.087,5023.378625,8609.509,21,4647.141,193.63087499999997,228.845,13,0.20453829154383624,0.007884121687649636,0.21242241323148586
2025-04-16,589430.3999999999,24559.599999999995,24559.6,0,118185.24600000001,4924.38525,8806.392,21,4682.409,195.10037499999999,228.655,18,0.2005075510187463,0.007943955724034594,0.20845150674278087
2025-04-17,589430.3999999999,24559.599999999995,24559.6,0,115180.989,4799.207875,8944.707,21,4365.879,181.911625,229.677,13,0.1954106693512924,0.007406945756445546,0.20281761510773794
2025-04-18,589430.3999999999,24559.599999999995,24559.6,0,111285.9,4636.912499999999,7630.46,22,4368.237,182.009875,229.352,13,0.18880244385087708,0.007410946228765942,0.19621339007964303
2025-04-19,589430.3999999999,24559.599999999995,24559.6,0,103067.923,4294.4967916666665,5900.089,22,4377.906,182.41275,229.296,14,0.1748602091103547,0.0074273502011433425,0.18228755931149804
2025-04-20,589430.3999999999,24559.599999999995,24559.6,0,119442.614,4976.775583333333,9206.407,21,4178.328,174.097,185.547,19,0.20264074265596077,0.007088755517190836,0.20972949817315162
2025-04-21,589430.3999999999,24559.599999999995,24559.6,0,149446.6,6226.941666666667,10049.759,21,4790.432,199.60133333333332,229.187,15,0.25354409952387935,0.008127222484622443,0.2616713220085018
2025-04-22,589430.3999999999,24559.599999999995,24559.6,0,165618.247,6900.7602916666665,10128.573,21,4795.738,199.82241666666667,228.462,15,0.28098015813232574,0.00813622439561991,0.28911638252794564
2025-04-23,589430.3999999999,24559.599999999995,24559.6,0,154139.248,6422.468666666667,9991.399,21,4793.279,199.71995833333335,229.564,10,0.2615054262555851,0.008132052571431675,0.2696374788270168
2025-04-24,589430.3999999999,24559.599999999995,24559.6,0,137078.231,5711.592958333334,10366.891,21,4770.611,198.77545833333332,228.812,10,0.23256050417487803,0.008093595104697688,0.2406540992795757
2025-04-25,589430.3999999999,24559.599999999995,24559.6,0,139679.782,5819.990916666667,9349.647,7,4786.766,199.44858333333332,229.664,12,0.23697417371075538,0.008121002920785898,0.2450951766315413
2025-04-26,589430.3999999999,24559.599999999995,24559.6,0,105408.76800000001,4392.032,7234.548,1,4796.882,199.87008333333333,229.697,12,0.1788315770615157,0.008138165252419964,0.18696974231393568
2025-04-27,589430.3999999999,24559.599999999995,24559.6,0,90906.966,3787.79025,8080.303,21,4348.306,181.17941666666664,187.611,11,0.1542284992426587,0.007377132227995027,0.1616056314706537
2025-04-28,589430.3999999999,24559.599999999995,24559.6,0,91278.536,3803.272333333333,8027.672,7,4229.614285714286,176.23392857142858,229.576,11,0.15485888749545326,0.007175765426612348,0.16203465292206562
2025-04-29,589430.3999999999,24559.599999999995,24559.6,0,155425.053,6476.043875,8545.627,21,3869.624,161.23433333333332,201.498,22,0.2636868627746381,0.006565022774529445,0.27025188554916757
2025-04-30,589430.3999999999,24559.599999999995,24559.6,0,124959.347,5206.639458333333,8445.862,7,4781.393,199.22470833333333,228.455,11,0.21200017338773164,0.008111887340727592,0.22011206072845924
2025-05-01,589430.3999999999,24559.599999999995,24559.6,0,107190.42500000002,4466.267708333334,7123.548,21,4439.575,184.98229166666667,186.48,3,0.1818542528515666,0.007531974937159672,0.18938622778872627
2025-05-02,589430.3999999999,24559.599999999995,24559.6,0,109826.603,4576.108458333333,8248.144,22,4856.829,202.367875,228.283,10,0.18632666893326172,0.008239868523917329,0.19456653745717906
2025-05-03,589430.3999999999,24559.599999999995,24559.6,0,110090.831,4587.117958333333,7380.333,22,4172.4619999999995,173.8525833333333,184.672,19,0.18677494577816148,0.007078803536431104,0.1938537493145926
2025-05-04,589430.3999999999,24559.599999999995,24559.6,0,102538.45200000002,4272.4355000000005,6988.753,22,4198.551,174.939625,184.61,19,0.17396193341911112,0.0071230649114806446,0.18108499833059177
2025-05-05,589430.3999999999,24559.599999999995,24559.6,0,116245.975,4843.582291666667,7321.365,21,4806.712,200.27966666666669,229.304,13,0.1972174747009995,0.008154842369854018,0.20537231707085352
2025-05-06,589430.3999999999,24559.599999999995,24559.6,0,124556.035,5189.834791666667,8718.887,22,4793.611,199.73379166666666,229.652,11,0.21131593314494812,0.008132615827076447,0.21944854897202457
2025-05-07,589430.3999999999,24559.599999999995,24559.6,0,143717.05,5988.210416666666,9850.264,21,4844.354,201.84808333333334,229.382,13,0.2438236134410441,0.00821870402340972,0.2520423174644538
2025-05-08,589430.3999999999,24559.599999999995,24559.6,0,161828.05,6742.835416666666,9608.475,21,4800.227,200.00945833333333,229.629,11,0.2745498874845953,0.008143840222696354,0.2826937277072917
2025-05-09,589430.3999999999,24559.599999999995,24559.6,0,161092.817,6712.200708333334,9432.467,21,4803.198,200.13325,227.639,17,0.2733025256247388,0.0081488806820958,0.2814514063068346
2025-05-10,589430.3999999999,24559.599999999995,24559.6,0,126818.359,5284.098291666666,8924.386,23,4325.616,180.234,184.763,5,0.21515408604646116,0.00733863743709181,0.22249272348355298
2025-05-11,589430.3999999999,24559.599999999995,24559.6,0,114800.351,4783.347958333333,9060.844,22,4196.091,174.83712500000001,184.573,21,0.1947648967545617,0.007118891390739264,0.20188378814530097
2025-05-12,589430.3999999999,24559.599999999995,24559.6,0,142621.215,5942.550625,9843.469,21,4964.576,206.85733333333334,314.873,23,0.24196447112330824,0.008422667035836632,0.2503871381591449
2025-05-13,589430.3999999999,24559.599999999995,24559.6,0,142189.673,5924.569708333333,9300.688,21,5134.235,213.92645833333333,342.63,1,0.24123233718518766,0.008710502546186964,0.24994283973137463
2025-05-14,589430.3999999999,24559.599999999995,24559.6,0,138594.506,5774.771083333333,9052.338,22,4740.096,197.504,217.932,17,0.2351329452976976,0.008041824785419958,0.24317477008311755
2025-05-15,589430.3999999999,24559.599999999995,24559.6,0,130778.005,5449.083541666667,8491.065,21,4765.507,198.56279166666664,218.834,14,0.22187183592838106,0.008084935897435898,0.22995677182581695
2025-05-16,589430.3999999999,24559.599999999995,24559.6,0,123150.75699999998,5131.281541666666,8820.729,22,4769.394,198.72475,218.697,12,0.20893180433177522,0.00809153039951791,0.21702333473129312
2025-05-17,589430.3999999999,24559.599999999995,24559.6,0,125485.81699999998,5228.575708333333,8985.382,22,4501.345,187.5560416666667,187.932,5,0.21289335772298137,0.007636771025043841,0.22053012874802522
2025-05-18,589430.3999999999,24559.599999999995,24559.6,0,110860.52100000001,4619.188375000001,7637.731,21,4499.762,187.49008333333333,188.12,20,0.18808076576980085,0.007634085381412293,0.19571485115121315
2025-05-19,589430.3999999999,24559.599999999995,24559.6,0,117645.973,4901.915541666666,7954.398,21,4708.432,196.18466666666666,219.114,13,0.1995926457135567,0.007988105126576437,0.20758075084013314
2025-05-20,589430.3999999999,24559.599999999995,24559.6,0,113535.036,4730.626499999999,8640.041,21,4702.779,195.949125,219.72,12,0.19261822260948877,0.007978514511637,0.20059673712112577
2025-05-21,589430.3999999999,24559.599999999995,24559.6,0,120675.946,5028.1644166666665,8514.016,21,4712.887,196.37029166666665,218.844,15,0.20473315594173633,0.00799566327084589,0.21272881921258222
2025-05-22,589430.3999999999,24559.599999999995,24559.6,0,107094.641,4462.276708333334,8049.005,21,4672.499,194.68745833333332,219.32,11,0.18169175020494366,0.007927142882348791,0.18961889308729246
2025-05-23,589430.3999999999,24559.599999999995,24559.6,0,97111.283,4046.3034583333333,7808.169,22,4652.218,193.84241666666665,216.901,14,0.16475445277338938,0.00789273508797646,0.17264718786136585
2025-05-24,589430.3999999999,24559.599999999995,24559.6,0,84356.925,3514.8718750000003,8076.078,21,4480.741,186.69754166666667,186.852,16,0.1431160065717683,0.0076018152440050606,0.15071782181577334
2025-05-25,589430.3999999999,24559.599999999995,24559.6,0,71682.35800000001,2986.764916666667,7069.188,22,4480.015,186.66729166666667,186.799,15,0.1216129300422917,0.00760058354642041,0.1292135135887121
2025-05-26,589430.3999999999,24559.599999999995,24559.6,0,95515.637,3979.8182083333336,7756.553,21,4505.496,187.729,217.021,15,0.162047354530747,0.007643813417156632,0.16969116794790365
2025-05-27,589430.3999999999,24559.599999999995,24559.6,0,90237.67,3759.9029166666664,8134.118,21,4698.781,195.78254166666667,218.59,12,0.15309300300764944,0.007971731692155683,0.16106473469980512
2025-05-28,589430.3999999999,24559.599999999995,24559.6,0,103711.603,4321.316791666667,7530.459,22,4691.788,195.49116666666666,218.284,15,0.17595224643995291,0.007959867695999392,0.18391211413595232
2025-05-29,589430.3999999999,24559.599999999995,24559.6,0,101388.32499999998,4224.513541666666,8288.767,21,4654.162,193.92341666666667,218.528,11,0.17201068183792353,0.00789603318729404,0.17990671502521757
2025-05-30,589430.3999999999,24559.599999999995,24559.6,0,99675.495,4153.145625,8181.755,22,4651.64,193.81833333333336,217.895,14,0.16910477471131455,0.007891754480257552,0.1769965291915721
2025-05-31,589430.3999999999,24559.599999999995,24559.6,0,85769.432,3573.7263333333335,7038.449,0,4479.176,186.63233333333335,186.852,21,0.1455123997676401,0.00759916013833016,0.15311155990597025
2025-06-01,589430.3999999999,24559.599999999995,24559.6,0,76811.091,3200.462125,5754.158,22,4481.172,186.7155,186.881,21,0.1303140981530644,0.007602546458411376,0.1379166446114758
2025-06-02,589430.3999999999,24559.599999999995,24559.6,0,86817.431,3617.3929583333334,6819.382,21,4480.236,186.6765,186.809,23,0.14729038576904077,0.007600958484665875,0.15489134425370665
2025-06-03,589430.3999999999,24559.599999999995,24559.6,0,96174.992,4007.291333333333,6344.726,21,4480.429,186.68454166666666,186.848,1,0.16316598533092289,0.007601285919423228,0.1707672712503461
2025-06-04,589430.3999999999,24559.599999999995,24559.6,0,92259.57400000001,3844.148916666667,7810.079,21,4484.943,186.872625,187.552,19,0.15652327060158422,0.0076089441603283455,0.16413221476191256
2025-06-05,589430.3999999999,24559.599999999995,24559.6,0,82111.351,3421.3062916666663,7624.839,21,4527.725,188.65520833333335,218.548,11,0.13930627093546585,0.007681526097059129,0.14698779703252499
2025-06-06,589430.3999999999,24559.599999999995,24559.6,0,88013.164,3667.215166666667,7059.49,21,4490.492,187.10383333333334,187.53,22,0.14931901035304596,0.007618358333740508,0.15693736868678645
2025-06-07,589430.3999999999,24559.599999999995,24559.6,0,70267.547,2927.8144583333337,6035.495,0,4307.78,179.4908333333333,187.536,2,0.11921262798796943,0.007308377715163657,0.1265210057031331
2025-06-08,589430.3999999999,24559.599999999995,24559.6,0,55988.399000000005,2332.8499583333337,5741.058,22,4501.013,187.54220833333332,188.704,12,0.09498729451348287,0.007636207769399069,0.10262350228288193
2025-06-09,589430.3999999999,24559.599999999995,24559.6,0,82448.722,3435.3634166666666,7077.597,22,4487.843,186.99345833333334,187.495,2,0.13987863876718948,0.007613864164454362,0.14749250293164384
2025-06-10,589430.3999999999,24559.599999999995,24559.6,0,105530.53700000001,4397.1057083333335,7264.912,21,4483.189,186.79954166666667,187.635,14,0.1790381646416609,0.007605968406108679,0.18664413304776956
2025-06-11,589430.3999999999,24559.599999999995,24559.6,0,80770.294,3365.4289166666663,5466.779,7,4479.391,186.64129166666666,186.847,20,0.13703109646194023,0.007599524897256742,0.14463062135919696
2025-06-12,589430.3999999999,24559.599999999995,24559.6,0,78835.197,3284.799875,7263.424,21,4481.521,186.73004166666666,186.863,6,0.13374810155702863,0.007603138555459644,0.14135124011248826
2025-06-13,589430.3999999999,24559.599999999995,24559.6,0,81128.696,3380.362333333333,6244.778,22,4482.929,186.78870833333335,187.112,21,0.13763914450289638,0.007605527302290483,0.14524467180518685
2025-06-14,589430.3999999999,24559.599999999995,24559.6,0,59456.827,2477.3677916666666,4639.427,0,4484.99,186.87458333333333,187.024,23,0.1008716669516876,0.00760902389832625,0.10848069085001386
2025-06-15,589430.3999999999,24559.599999999995,24559.6,0,50574.152,2107.2563333333333,4019.902,22,4497.885,187.411875,187.898,21,0.08580173672752543,0.0076309009511555575,0.09343263767868099
2025-06-16,589430.3999999999,24559.599999999995,24559.6,0,65129.009999999995,2713.70875,7048.45,21,4499.635,187.48479166666667,188.215,9,0.11049482687014447,0.007633869919162637,0.11812869678930711
2025-06-17,589430.3999999999,24559.599999999995,24559.6,0,90231.657,3759.652375,7098.299,22,4492.487,187.18695833333334,187.633,14,0.15308280163357713,0.007621742957268578,0.1607045445908457
2025-06-18,589430.3999999999,24559.599999999995,24559.6,0,99163.076,4131.794833333333,7286.244,21,5812.1,242.17083333333335,384.866,22,0.1682354286443319,0.00986053654511203,0.17809596518944396
2025-06-19,589430.3999999999,24559.599999999995,24559.6,0,101076.97900000002,4211.540791666667,6848.666,22,8480.77,353.3654166666667,353.938,8,0.1714824668018481,0.014388077031656328,0.1858705438335044
2025-06-20,589430.3999999999,24559.599999999995,24559.6,0,95111.151,3962.964625,7477.702,21,8487.226,353.6344166666667,353.935,13,0.161361122534569,0.01439902997877273,0.17576015251334173
2025-06-21,589430.3999999999,24559.599999999995,24559.6,0,71594.318,2983.0965833333335,6052.321,22,5883.328,245.1386666666667,354.106,2,0.1214635655032384,0.009981378632659601,0.131444944135898
2025-06-22,589430.3999999999,24559.599999999995,24559.6,0,59769.984,2490.4159999999997,5430.733,21,4288.527,178.688625,188.888,17,0.10140295444551216,0.0072757139774263435,0.1086786684229385
2025-06-23,589430.3999999999,24559.599999999995,24559.6,0,77419.668,3225.8195,7354.9,21,4369.012,182.04216666666665,220.296,19,0.1313465813775469,0.007412261057454791,0.1387588424350017
2025-06-24,589430.3999999999,24559.599999999995,24559.6,0,76243.655,3176.8189583333333,6030.805,22,4708.728,196.197,199.747,7,0.12935141282159862,0.007988607306307922,0.13734002012790655
2025-06-25,589430.3999999999,24559.599999999995,24559.6,0,80991.993,3374.6663750000002,6482.648,22,5025.477,209.39487499999998,317.001,22,0.13740722059805538,0.008525988819036141,0.1459332094170915
2025-06-26,589430.3999999999,24559.599999999995,24559.6,0,79161.853,3298.4105416666666,6786.251,21,6619.765000000001,275.8235416666667,392.145,21,0.13430229082178322,0.011230783142505038,0.14553307396428825
2025-06-27,589430.3999999999,24559.599999999995,24559.6,0,91535.452,3813.977166666667,6867.563,22,8752.734,364.69725,444.579,18,0.15529475914374288,0.014849478411700518,0.1701442375554434
2025-06-28,589430.3999999999,24559.599999999995,24559.6,0,70642.181,2943.4242083333334,6356.341,21,7486.529999999999,311.93874999999997,451.484,10,0.11984821447960609,0.012701296030879982,0.13254951051048608
2025-06-29,589430.3999999999,24559.599999999995,24559.6,0,66280.611,2761.692125,6221.518,22,2550.721,106.28004166666666,164.746,0,0.11244857917067055,0.004327433739420295,0.11677601291009085
2025-06-30,589430.3999999999,24559.599999999995,24559.6,0,97770.34,4073.7641666666664,7077.346,22,5533.205,230.55020833333333,617.194,21,0.1658725780007275,0.009387376355206655,0.17525995435593414
2025-07-01,589430.3999999999,24559.599999999995,24559.6,0,107557.56600000002,4481.565250000001,6584.634,21,11639.608,484.9836666666667,638.21,18,0.18247712707047353,0.01974721358111153,0.20222434065158507
2025-07-02,589430.3999999999,24559.599999999995,24559.6,0,96718.185,4029.924375,5845.151,22,10968.297,457.012375,563.151,9,0.16408754112444832,0.018608298791511265,0.18269583991595958
2025-07-03,589430.3999999999,24559.599999999995,24559.6,0,87585.436,3649.3931666666667,6244.717,22,8609.53,358.7304166666667,531.976,8,0.14859334706862765,0.014606525214851495,0.16319987228347915
2025-07-04,589430.3999999999,24559.599999999995,24559.6,0,85539.443,3564.1434583333335,6887.519,22,7551.425000000001,314.64270833333336,503.672,18,0.14512221120593716,0.012811393847348224,0.15793360505328538
2025-07-05,589430.3999999999,24559.599999999995,24559.6,0,64055.606,2668.983583333333,5810.066,21,5990.972,249.62383333333332,251.184,6,0.10867373993604675,0.010164002399604773,0.11883774233565152
2025-07-06,589430.3999999999,24559.599999999995,24559.6,0,53668.715,2236.1964583333333,5307.014,22,5982.744,249.28099999999998,249.536,17,0.09105182732346348,0.010150043160312058,0.10120187048377553
2025-07-07,589430.3999999999,24559.599999999995,24559.6,0,55801.229999999996,2325.05125,5074.262,22,7210.41,300.43375,465.151,8,0.09466975235753027,0.012232843775957266,0.10690259613348753
2025-07-08,589430.3999999999,24559.599999999995,24559.6,0,51189.804000000004,2132.9085,5168.361,21,6959.239,289.96829166666663,410.268,8,0.08684622306552225,0.011806718825496616,0.09865294189101886
2025-07-09,589430.3999999999,24559.599999999995,24559.6,0,84155.037,3506.459875,6276.529,21,6947.91,289.49625,409.136,8,0.14277349285004642,0.011787498574895357,0.15456099142494178
2025-07-10,589430.3999999999,24559.599999999995,24559.6,0,81237.667,3384.902791666667,6480.204,22,8409.253,350.3855416666667,484.616,7,0.1378240195958675,0.014266744640249301,0.15209076423611678
2025-07-11,589430.3999999999,24559.599999999995,24559.6,0,75633.114,3151.37975,5415.624,22,6389.722,266.23841666666664,308.583,10,0.12831559756673563,0.010840502966932144,0.13915610053366778
2025-07-12,589430.3999999999,24559.599999999995,24559.6,0,67217.281,2800.720041666667,5572.283,22,5985.109,249.37954166666668,249.863,14,0.11403768960677972,0.010154055508504484,0.1241917451152842
2025-07-13,589430.3999999999,24559.599999999995,24559.6,0,53436.50899999999,2226.521208333333,5381.502,22,5986.309,249.42954166666667,249.599,9,0.09065787750343382,0.010156091372280766,0.10081396887571459
2025-07-14,589430.3999999999,24559.599999999995,24559.6,0,63109.454,2629.5605833333334,5503.736,21,7306.726,304.44691666666665,515.968,8,0.10706854278299865,0.012396248988854325,0.11946479177185299
2025-07-15,589430.3999999999,24559.599999999995,24559.6,0,63599.808000000005,2649.992,6415.838,21,0.182,0.007583333333333333,0.008,0,0.10790045440479488,3.0877267273625526e-07,0.10790076317746762
2025-07-16,589430.3999999999,24559.599999999995,24559.6,0,70095.726,2920.65525,6947.84,21,0.182,0.007583333333333333,0.008,0,0.11892112452971548,3.0877267273625526e-07,0.11892143330238822
2025-07-17,589430.3999999999,24559.599999999995,24559.6,0,75394.658,3141.4440833333333,6670.676,21,0.182,0.007583333333333333,0.008,0,0.12791104428953784,3.0877267273625526e-07,0.12791135306221058
2025-07-18,589430.3999999999,24559.599999999995,24559.6,0,65890.869,2745.4528750000004,5323.359,21,0.178,0.007416666666666666,0.008,0,0.11178736115409049,3.019864601486452e-07,0.11178766314055064
2025-07-19,589430.3999999999,24559.599999999995,24559.6,0,37233.657,1551.402375,4013.667,22,0.024,0.001,0.001,1,0.06316887795403835,4.0717275525660036e-08,0.06316891867131387
2025-07-20,589430.3999999999,24559.599999999995,24559.6,0,32188.158000000003,1341.17325,4193.734,22,0.15410526315789475,0.006421052631578947,0.008,6,0.05460892074789493,2.6144776916476443e-07,0.054609182195664095
2025-07-21,589430.3999999999,24559.599999999995,24559.6,0,51870.674,2161.278083333333,6591.033,21,0.18,0.0075,0.008,1,0.08800135520665375,3.053795664424502e-07,0.08800166058622019
2025-07-22,589430.3999999999,24559.599999999995,24559.6,0,64215.56999999999,2675.64875,6199.037,22,0.181,0.007541666666666666,0.008,0,0.10894512736363784,3.0707611958935274e-07,0.10894543443975743
2025-07-23,589430.3999999999,24559.599999999995,24559.6,0,81780.119,3407.5049583333334,5463.924,21,0.16246153846153844,0.006769230769230769,0.011,5,0.13874431824351105,2.756246343275448e-07,0.1387445938681454
2025-07-24,589430.3999999999,24559.599999999995,24559.6,0,48484.364,2020.1818333333333,4273.18,21,0.17759999999999998,0.0073999999999999995,0.01,7,0.08225630031976636,3.013078388898842e-07,0.08225660162760524
2025-07-25,589430.3999999999,24559.599999999995,24559.6,0,37185.399,1549.391625,4224.654,21,0.16941176470588235,0.007058823529411764,0.008,1,0.06308700569227513,2.874160625340708e-07,0.06308729310833766
2025-07-26,589430.3999999999,24559.599999999995,24559.6,0,34074.73,1419.7804166666667,4161.465,22,0.024,0.001,0.001,0,0.05780959041135308,4.0717275525660036e-08,0.0578096311286286
2025-07-27,589430.3999999999,24559.599999999995,24559.6,0,36610.404,1525.4335,4318.881,22,0.024,0.001,0.001,0,0.06211149611557193,4.0717275525660036e-08,0.06211153683284745
2025-07-28,589430.3999999999,24559.599999999995,24559.6,0,38952.927,1623.0386250000001,3872.318,21,0.024,0.001,0.001,0,0.06608571088291341,4.0717275525660036e-08,0.06608575160018894
2025-07-29,589430.3999999999,24559.599999999995,24559.6,0,41071.272,1711.3029999999999,5227.41,21,0.024,0.001,0.001,0,0.06967959575888859,4.0717275525660036e-08,0.06967963647616411
2025-07-30,589430.3999999999,24559.599999999995,24559.6,0,47236.727999999996,1968.197,5024.508,21,0.024,0.001,0.001,5,0.0801396195377775,4.0717275525660036e-08,0.08013966025505302
2025-07-31,589430.3999999999,24559.599999999995,24559.6,0,50513.782,2104.7409166666666,4753.824,21,0.024,0.001,0.001,2,0.08569931581404693,4.0717275525660036e-08,0.08569935653132245
2025-08-01,589430.3999999999,24559.599999999995,24559.6,0,47474.361,1978.0983749999998,4464.04,21,0.024,0.001,0.001,4,0.08054277655173538,4.0717275525660036e-08,0.0805428172690109
2025-08-02,589430.3999999999,24559.599999999995,24559.6,0,33673.477,1403.0615416666667,4204.673,22,0.024,0.001,0.001,1,0.057128843371499,4.0717275525660036e-08,0.05712888408877452
2025-08-03,589430.3999999999,24559.599999999995,24559.6,0,33739.809,1405.8253750000001,5088.679,21,0.024,0.001,0.001,4,0.05724137913483934,4.0717275525660036e-08,0.057241419852114866
2025-08-04,589430.3999999999,24559.599999999995,24559.6,0,59815.266,2492.3027500000003,6439.005,21,0.024,0.001,0.001,1,0.1014797777651102,4.0717275525660036e-08,0.10147981848238573
2025-08-05,589430.3999999999,24559.599999999995,24559.6,0,54197.683000000005,2258.2367916666667,5216.275,21,0.024,0.001,0.001,3,0.09194924964847422,4.0717275525660036e-08,0.09194929036574974
2025-08-06,589430.3999999999,24559.599999999995,24559.6,0,74699.898,3112.49575,6094.757,21,0.024,0.001,0.001,0,0.12673234702519587,4.0717275525660036e-08,0.1267323877424714
2025-08-07,589430.3999999999,24559.599999999995,24559.6,0,84751.446,3531.31025,6505.91,21,0.024,0.001,0.001,3,0.1437853324158374,4.0717275525660036e-08,0.14378537313311293
2025-08-08,589430.3999999999,24559.599999999995,24559.6,0,73693.204,3070.5501666666664,6115.92,21,0.024,0.001,0.001,6,0.125024437151528,4.0717275525660036e-08,0.12502447786880352
2025-08-09,589430.3999999999,24559.599999999995,24559.6,0,59162.326,2465.096916666667,5346.171,21,0.024,0.001,0.001,2,0.10037203035337168,4.0717275525660036e-08,0.1003720710706472
2025-08-10,589430.3999999999,24559.599999999995,24559.6,0,50122.585999999996,2088.441083333333,5700.45,22,0.024,0.001,0.001,5,0.08503563100919126,4.0717275525660036e-08,0.08503567172646678
2025-08-11,589430.3999999999,24559.599999999995,24559.6,0,76487.27,3186.9695833333335,6115.375,21,0.024,0.001,0.001,1,0.12976471861648128,4.0717275525660036e-08,0.1297647593337568
2025-08-12,589430.3999999999,24559.599999999995,24559.6,0,90880.416,3786.6839999999997,5770.259,20,0.024,0.001,0.001,5,0.15418345575660844,4.0717275525660036e-08,0.15418349647388396
2025-08-13,589430.3999999999,24559.599999999995,24559.6,0,85935.496,3580.645666666667,6520.26,21,0.024,0.001,0.001,1,0.14579413616942732,4.0717275525660036e-08,0.14579417688670285
2025-08-14,589430.3999999999,24559.599999999995,24559.6,0,67309.344,2804.556,5867.298,21,0.024,0.001,0.001,3,0.11419387937914299,4.0717275525660036e-08,0.11419392009641852
2025-08-15,589430.3999999999,24559.599999999995,24559.6,0,53278.04400000001,2219.9185,5334.771,21,0.024,0.001,0.001,0,0.09038903320900994,4.0717275525660036e-08,0.09038907392628547
2025-08-16,589430.3999999999,24559.599999999995,24559.6,0,59529.546,2480.39775,5503.034,21,0.024,0.001,0.001,2,0.10099503859997722,4.0717275525660036e-08,0.10099507931725274
2025-08-17,589430.3999999999,24559.599999999995,24559.6,0,55078.69899999999,2294.9457916666665,4697.474,21,0.024,0.001,0.001,5,0.09344394011574564,4.0717275525660036e-08,0.09344398083302116
2025-08-18,589430.3999999999,24559.599999999995,24559.6,0,73305.647,3054.4019583333334,5188.875,21,0.024,0.001,0.001,1,0.1243669261035739,4.0717275525660036e-08,0.12436696682084943
2025-08-19,589430.3999999999,24559.599999999995,24559.6,0,50568.417,2107.017375,3544.781,21,0.024,0.001,0.001,4,0.08579200699522795,4.0717275525660036e-08,0.08579204771250347
2025-08-20,589430.3999999999,24559.599999999995,24559.6,0,44495.691,1853.9871249999999,3816.395,21,0.024,0.001,0.001,0,0.07548930458965131,4.0717275525660036e-08,0.07548934530692683
2025-08-21,589430.3999999999,24559.599999999995,24559.6,0,45223.484,1884.3118333333332,4294.669,21,0.024,0.001,0.001,3,0.07672404409409492,4.0717275525660036e-08,0.07672408481137044
2025-08-22,589430.3999999999,24559.599999999995,24559.6,0,46980.522,1957.5217499999999,5316.481,21,0.024,0.001,0.001,5,0.0797049524422222,4.0717275525660036e-08,0.07970499315949772
2025-08-23,589430.3999999999,24559.599999999995,24559.6,0,55011.85,2292.1604166666666,5452.93,21,0.024,0.001,0.001,2,0.09333052723442836,4.0717275525660036e-08,0.09333056795170389
2025-08-24,589430.3999999999,24559.599999999995,24559.6,0,50372.735,2098.8639583333334,5709.74,21,0.024,0.001,0.001,5,0.08546002208233577,4.0717275525660036e-08,0.0854600627996113
2025-08-25,589430.3999999999,24559.599999999995,24559.6,0,75423.447,3142.643625,5842.355,21,0.024,0.001,0.001,1,0.12795988635808403,4.0717275525660036e-08,0.12795992707535955
2025-08-26,589430.3999999999,24559.599999999995,24559.6,0,75652.951,3152.206291666667,5777.629,21,0.024,0.001,0.001,4,0.12834925209151074,4.0717275525660036e-08,0.12834929280878626
2025-08-27,589430.3999999999,24559.599999999995,24559.6,0,70050.6,2918.775,5392.772,22,0.024,0.001,0.001,0,0.11884456587240838,4.0717275525660036e-08,0.1188446065896839
2025-08-28,589430.3999999999,24559.599999999995,24559.6,0,46234.364,1926.4318333333333,4430.462,21,0.024,0.001,0.001,3,0.07843905573923572,4.0717275525660036e-08,0.07843909645651125
2025-08-29,589430.3999999999,24559.599999999995,24559.6,0,39331.077,1638.7948749999998,4117.847,21,0.024,0.001,0.001,6,0.06672726245541459,4.0717275525660036e-08,0.06672730317269011
2025-08-30,589430.3999999999,24559.599999999995,24559.6,0,34391.283,1432.970125,4646.952,21,0.024,0.001,0.001,2,0.0583466393996645,4.0717275525660036e-08,0.058346680116940025
2025-08-31,589430.3999999999,24559.599999999995,24559.6,0,28519.335,1188.305625,3740.754,0,0.024,0.001,0.001,5,0.04838456754181665,4.0717275525660036e-08,0.048384608259092174
2025-09-01,589430.3999999999,24559.599999999995,24559.6,0,35273.806,1469.7419166666666,4192.345,21,0.024,0.001,0.001,1,0.05984388657252833,4.0717275525660036e-08,0.05984392728980385
2025-09-02,589430.3999999999,24559.599999999995,24559.6,0,41609.376000000004,1733.7240000000002,5254.041,21,0.024,0.001,0.001,4,0.07059251779344942,4.0717275525660036e-08,0.07059255851072495
2025-09-03,589430.3999999999,24559.599999999995,24559.6,0,50509.704,2104.571,4881.368,21,0.024,0.001,0.001,0,0.08569239727031386,4.0717275525660036e-08,0.08569243798758938
2025-09-04,589430.3999999999,24559.599999999995,24559.6,0,47716.049,1988.1687083333334,5287.494,21,0.024,0.001,0.001,3,0.08095281308870396,4.0717275525660036e-08,0.08095285380597948
2025-09-05,589430.3999999999,24559.599999999995,24559.6,0,52940.397,2205.849875,4873.016,21,0.024,0.001,0.001,6,0.08981619712861774,4.0717275525660036e-08,0.08981623784589327
2025-09-06,589430.3999999999,24559.599999999995,24559.6,0,35685.788,1486.9078333333334,4683.924,0,0.024,0.001,0.001,2,0.06054283593109552,4.0717275525660036e-08,0.06054287664837105
2025-09-07,589430.3999999999,24559.599999999995,24559.6,0,42938.018,1789.0840833333332,4583.394,21,0.024,0.001,0.001,5,0.07284662955965625,4.0717275525660036e-08,0.07284667027693177
2025-09-08,589430.3999999999,24559.599999999995,24559.6,0,63605.60799999999,2650.2336666666665,4305.187,7,0.024,0.001,0.001,1,0.1079102944130469,4.0717275525660036e-08,0.10791033513032243
2025-09-09,589430.3999999999,24559.599999999995,24559.6,0,60083.871,2503.494625,5373.519,21,0.024,0.001,0.001,3,0.10193548042313394,4.0717275525660036e-08,0.10193552114040946
2025-09-10,589430.3999999999,24559.599999999995,24559.6,0,46610.325,1942.096875,5097.595,21,0.024,0.001,0.001,7,0.07907689355689833,4.0717275525660036e-08,0.07907693427417385
2025-09-11,589430.3999999999,24559.599999999995,24559.6,0,48882.774,2036.78225,5727.98,21,0.024,0.001,0.001,3,0.08293222405902377,4.0717275525660036e-08,0.0829322647762993
2025-09-12,589430.3999999999,24559.599999999995,24559.6,0,68255.444,2843.9768333333336,5770.373,20,0.024,0.001,0.001,5,0.11579898831142746,4.0717275525660036e-08,0.11579902902870298
2025-09-13,589430.3999999999,24559.599999999995,24559.6,0,54986.676,2291.1115,5010.059,21,0.024,0.001,0.001,1,0.09328781820550824,4.0717275525660036e-08,0.09328785892278377
2025-09-14,589430.3999999999,24559.599999999995,24559.6,0,47093.973,1962.248875,5471.593,21,0.024,0.001,0.001,4,0.07989742809329144,4.0717275525660036e-08,0.07989746881056696
2025-09-15,589430.3999999999,24559.599999999995,24559.6,0,61969.458,2582.06075,5405.142,20,0.024,0.001,0.001,0,0.10513447898174239,4.0717275525660036e-08,0.10513451969901791
2025-09-16,589430.3999999999,24559.599999999995,24559.6,0,62862.099,2619.254125,5573.78,20,3091.1083636363637,128.79618181818182,233.685,22,0.10664889187934659,0.005244229621743915,0.1118931215010905
2025-09-17,589430.3999999999,24559.599999999995,24559.6,0,77972.968,3248.8736666666664,6091.891,21,4130.193,172.091375,206.211,20,0.13228528423372804,0.007007091931464683,0.13929237616519272
2025-09-18,589430.3999999999,24559.599999999995,24559.6,0,73311.16500000001,3054.6318750000005,5998.711,21,3123.452307692308,130.14384615384617,170.156,5,0.12437628768383853,0.005299102841815265,0.1296753905256538
2025-09-19,589430.3999999999,24559.599999999995,24559.6,0,80198.212,3341.592166666667,5226.405,8,0.024,0.001,0.001,4,0.13606052894455395,4.0717275525660036e-08,0.13606056966182947
2025-09-20,589430.3999999999,24559.599999999995,24559.6,0,56687.458,2361.9774166666666,4684.812,20,0.024,0.001,0.001,0,0.09617328525980337,4.0717275525660036e-08,0.0961733259770789
2025-09-21,589430.3999999999,24559.599999999995,24559.6,0,31115.993000000002,1296.4997083333335,3632.05,0,0.024,0.001,0.001,3,0.05278993584314621,4.0717275525660036e-08,0.05278997656042173
2025-09-22,589430.3999999999,24559.599999999995,24559.6,0,40180.325,1674.1802083333332,4630.083,20,0.024,0.001,0.001,6,0.06816805682231525,4.0717275525660036e-08,0.06816809753959077
2025-09-23,589430.3999999999,24559.599999999995,24559.6,0,35334.714,1472.27975,4835.642,20,0.024,0.001,0.001,2,0.059947220231599874,4.0717275525660036e-08,0.0599472609488754
2025-09-24,589430.3999999999,24559.599999999995,24559.6,0,45176.623999999996,1882.359333333333,4985.83,20,0.024,0.001,0.001,6,0.07664454361363106,4.0717275525660036e-08,0.07664458433090658
2025-09-25,589430.3999999999,24559.599999999995,24559.6,0,63016.545,2625.689375,5422.469,20,0.024,0.001,0.001,2,0.10691091772667309,4.0717275525660036e-08,0.10691095844394861
2025-09-26,589430.3999999999,24559.599999999995,24559.6,0,70806.307,2950.2627916666665,5614.283,21,0.024,0.001,0.001,5,0.12012666296139461,4.0717275525660036e-08,0.12012670367867014
2025-09-27,589430.3999999999,24559.599999999995,24559.6,0,59761.297000000006,2490.0540416666668,4715.836,0,0.024,0.001,0.001,1,0.10138821648832502,4.0717275525660036e-08,0.10138825720560055
2025-09-28,589430.3999999999,24559.599999999995,24559.6,0,38927.505,1621.979375,4494.441,22,0.024,0.001,0.001,4,0.06604258110881285,4.0717275525660036e-08,0.06604262182608837
2025-09-29,589430.3999999999,24559.599999999995,24559.6,0,50932.329,2122.180375,4811.156,20,0.024,0.001,0.001,0,0.08640940304402353,4.0717275525660036e-08,0.08640944376129905
2025-09-30,589430.3999999999,24559.599999999995,24559.6,0,63985.51700000001,2666.0632083333335,5536.271,20,0.024,0.001,0.001,3,0.10855483022253351,4.0717275525660036e-08,0.10855487093980903
2025-10-01,589430.3999999999,24559.599999999995,24559.6,0,67758.102,2823.25425,5242.984,20,0.024,0.001,0.001,6,0.11495522117624067,4.0717275525660036e-08,0.1149552618935162
2025-10-02,589430.3999999999,24559.599999999995,24559.6,0,69315.62299999999,2888.150958333333,5652.139,20,0.024,0.001,0.001,2,0.11759763833015739,4.0717275525660036e-08,0.11759767904743292
2025-10-03,589430.3999999999,24559.599999999995,24559.6,0,81541.455,3397.560625,5790.892,21,0.024,0.001,0.001,5,0.1383394120832587,4.0717275525660036e-08,0.13833945280053422
2025-10-04,589430.3999999999,24559.599999999995,24559.6,0,41263.019,1719.2924583333333,4655.494,0,0.024,0.001,0.001,1,0.07000490473514771,4.0717275525660036e-08,0.07000494545242324
2025-10-05,589430.3999999999,24559.599999999995,24559.6,0,23992.046000000002,999.6685833333335,3218.626,20,0.024,0.001,0.001,4,0.040703781141929574,4.0717275525660036e-08,0.0407038218592051
2025-10-06,589430.3999999999,24559.599999999995,24559.6,0,67909.969,2829.5820416666666,5733.478,21,0.024,0.001,0.001,0,0.11521287161300131,4.0717275525660036e-08,0.11521291233027683
2025-10-07,589430.3999999999,24559.599999999995,24559.6,0,83161.451,3465.0604583333334,5756.9,20,0.024,0.001,0.001,3,0.14108782139502818,4.0717275525660036e-08,0.1410878621123037
2025-10-08,589430.3999999999,24559.599999999995,24559.6,0,85916.216,3579.8423333333335,5364.815,8,0.024,0.001,0.001,5,0.14576142662475505,4.0717275525660036e-08,0.14576146734203058
2025-10-09,589430.3999999999,24559.599999999995,24559.6,0,57378.064,2390.7526666666668,5416.366,8,0.024,0.001,0.001,1,0.09734493504237313,4.0717275525660036e-08,0.09734497575964865
2025-10-10,589430.3999999999,24559.599999999995,24559.6,0,54170.301,2257.095875,5329.904,19,0.024,0.001,0.001,4,0.09190279463020572,4.0717275525660036e-08,0.09190283534748124
2025-10-11,589430.3999999999,24559.599999999995,24559.6,0,45291.585,1887.149375,4128.024,20,0.024,0.001,0.001,0,0.07683958105995213,4.0717275525660036e-08,0.07683962177722765
2025-10-12,589430.3999999999,24559.599999999995,24559.6,0,42389.472,1766.228,4665.815,21,0.024,0.001,0.001,3,0.07191599211713547,4.0717275525660036e-08,0.07191603283441099
2025-10-13,589430.3999999999,24559.599999999995,24559.6,0,68989.181,2874.5492083333334,5559.635,21,2830.8720000000003,117.95300000000002,179.741,19,0.11704381212777626,0.004802724800078179,0.12184653692785444
2025-10-14,589430.3999999999,24559.599999999995,24559.6,0,73345.3,3056.054166666667,5604.991,20,4053.282,168.88675,182.954,19,0.12443419952550804,0.006876608332383265,0.1313108078578913
2025-10-15,589430.3999999999,24559.599999999995,24559.6,0,68804.966,2866.8735833333335,5854.26,20,4061.602,169.23341666666667,198.55,8,0.11673128158981962,0.0068907236545654935,0.1236220052443851
2025-10-16,589430.3999999999,24559.599999999995,24559.6,0,75822.816,3159.284,5613.286,20,3991.0150000000003,166.29229166666667,166.577,13,0.12863743709180933,0.006770969057585087,0.13540840614939442
2025-10-17,589430.3999999999,24559.599999999995,24559.6,0,65677.544,2736.5643333333333,5005.452,20,4000.787,166.69945833333333,178.152,19,0.1114254439540275,0.006787547774936617,0.11821299172896411
2025-10-18,589430.3999999999,24559.599999999995,24559.6,0,63857.852,2660.7438333333334,5288.522,20,1131.9360000000001,47.164,115.802,0,0.10833823976503419,0.0019203895828922301,0.11025862934792642
2025-10-19,589430.3999999999,24559.599999999995,24559.6,0,30519.726000000002,1271.65525,3237.707,20,0.024,0.001,0.001,3,0.0517783371879021,4.0717275525660036e-08,0.05177837790517762
2025-10-20,589430.3999999999,24559.599999999995,24559.6,0,40065.807,1669.408625,4422.696,20,0.024,0.001,0.001,6,0.06797377094903827,4.0717275525660036e-08,0.06797381166631379
2025-10-21,589430.3999999999,24559.599999999995,24559.6,0,48938.419,2039.1007916666667,4443.494,20,0.024,0.001,0.001,2,0.08302662875888317,4.0717275525660036e-08,0.0830266694761587
2025-10-22,589430.3999999999,24559.599999999995,24559.6,0,35100.359000000004,1462.5149583333334,3491.186,20,0.024,0.001,0.001,5,0.05954962451885754,4.0717275525660036e-08,0.059549665236133066
2025-10-23,589430.3999999999,24559.599999999995,24559.6,0,26712.832000000002,1113.0346666666667,4474.272,20,0.024,0.001,0.001,2,0.045319739192277844,4.0717275525660036e-08,0.04531977990955337
2025-10-24,589430.3999999999,24559.599999999995,24559.6,0,65307.263,2721.1359583333333,5510.542,20,0.024,0.001,0.001,4,0.11079724255823929,4.0717275525660036e-08,0.11079728327551482
2025-10-25,589430.3999999999,24559.599999999995,24559.6,0,63620.629,2650.8595416666667,5065.413,20,0.024,0.001,0.001,0,0.10793577833786654,4.0717275525660036e-08,0.10793581905514206
2025-10-26,589430.3999999999,24559.6,24559.6,0,35579.187840000006,1482.4661600000002,3914.443,21,0.024,0.001,0.001,2,0.06036198309418722,4.0717275525660036e-08,0.060362023811462745
2025-10-27,589430.3999999999,24559.599999999995,24559.6,0,60161.422000000006,2506.7259166666668,5062.866,21,0.024,0.001,0.001,4,0.10206704981622938,4.0717275525660036e-08,0.1020670905335049
2025-10-28,589430.3999999999,24559.599999999995,24559.6,0,62511.34199999999,2604.6392499999997,4836.945,19,0.024,0.001,0.001,0,0.10605381398719849,4.0717275525660036e-08,0.10605385470447401
2025-10-29,589430.3999999999,24559.599999999995,24559.6,0,61966.128,2581.922,4495.666,20,2862.875076923077,119.28646153846154,166.638,17,0.1051288294597632,0.004857019720942587,0.1099858491807058
2025-10-30,589430.3999999999,24559.599999999995,24559.6,0,53256.148,2219.0061666666666,3877.172,17,3127.4492307692312,130.31038461538463,167.587,8,0.09035188548130536,0.005305883834239347,0.0956577693155447
2025-10-31,589430.3999999999,24559.599999999995,24559.6,0,37025.302,1542.7209166666669,3127.942,21,0.024,0.001,0.001,2,0.06281539262311549,4.0717275525660036e-08,0.06281543334039101
2025-11-01,589430.3999999999,24559.599999999995,24559.6,0,34246.69,1426.9454166666667,3529.279,20,0.024,0.001,0.001,5,0.05810132969049443,4.0717275525660036e-08,0.058101370407769956
2025-11-02,589430.3999999999,24559.599999999995,24559.6,0,25393.625,1058.0677083333333,3638.849,20,0.024,0.001,0.001,1,0.04308163440501203,4.0717275525660036e-08,0.043081675122287555
2025-11-03,589430.3999999999,24559.599999999995,24559.6,0,54714.682,2279.7784166666665,5556.105,20,0.024,0.001,0.001,3,0.09282636592886966,4.0717275525660036e-08,0.09282640664614518
2025-11-04,589430.3999999999,24559.599999999995,24559.6,0,42203.163,1758.465125,4188.225,19,0.024,0.001,0.001,6,0.07159990899688921,4.0717275525660036e-08,0.07159994971416474
2025-11-05,589430.3999999999,24559.599999999995,24559.6,0,25708.934,1071.2055833333334,3075.975,21,0.024,0.001,0.001,2,0.043616572881208716,4.0717275525660036e-08,0.04361661359848424
2025-11-06,589430.3999999999,24559.599999999995,24559.6,0,36340.879,1514.2032916666667,4999.404,20,0.024,0.001,0.001,5,0.06165423262865303,4.0717275525660036e-08,0.06165427334592855
2025-11-07,589430.3999999999,24559.599999999995,24559.6,0,64528.349,2688.6812083333334,5464.317,18,0.024,0.001,0.001,2,0.10947577356037289,4.0717275525660036e-08,0.10947581427764841
2025-11-08,589430.3999999999,24559.599999999995,24559.6,0,40890.758,1703.7815833333334,3785.08,19,0.024,0.001,0.001,5,0.06937334416412863,4.0717275525660036e-08,0.06937338488140415
2025-11-09,589430.3999999999,24559.599999999995,24559.6,0,48560.695,2023.3622916666666,5371.889,20,0.024,0.001,0.001,1,0.08238579991802257,4.0717275525660036e-08,0.0823858406352981
2025-11-10,589430.3999999999,24559.599999999995,24559.6,0,77639.80099999999,3234.991708333333,6276.441,20,0.024,0.001,0.001,3,0.13172004871143397,4.0717275525660036e-08,0.1317200894287095
2025-11-11,589430.3999999999,24559.599999999995,24559.6,0,56505.39899999999,2354.3916249999997,5021.833,20,0.024,0.001,0.001,0,0.09586441249043144,4.0717275525660036e-08,0.09586445320770696
2025-11-12,589430.3999999999,24559.599999999995,24559.6,0,43549.255,1814.5522916666666,4235.717,20,0.024,0.001,0.001,2,0.07388362561550949,4.0717275525660036e-08,0.07388366633278501
2025-11-13,589430.3999999999,24559.599999999995,24559.6,0,53555.864,2231.4943333333335,4358.455,21,0.024,0.001,0.001,5,0.09086036960428238,4.0717275525660036e-08,0.09086041032155791
2025-11-14,589430.3999999999,24559.599999999995,24559.6,0,52938.008,2205.7503333333334,4867.424,19,0.024,0.001,0.001,2,0.0898121440631498,4.0717275525660036e-08,0.08981218478042532
2025-11-15,589430.3999999999,24559.599999999995,24559.6,0,61431.621,2559.650875,4248.218,19,0.024,0.001,0.001,5,0.10422200992687179,4.0717275525660036e-08,0.10422205064414732
2025-11-16,589430.3999999999,24559.599999999995,24559.6,0,63700.778000000006,2654.1990833333334,5653.199,20,0.024,0.001,0.001,1,0.10807175537603764,4.0717275525660036e-08,0.10807179609331316
2025-11-17,589430.3999999999,24559.599999999995,24559.6,0,83973.016,3498.875666666667,5717.703,8,0.024,0.001,0.001,3,0.1424646845496941,4.0717275525660036e-08,0.14246472526696963
2025-11-18,589430.3999999999,24559.599999999995,24559.6,0,82370.053,3432.085541666667,6639.691,20,0.024,0.001,0.001,6,0.13974517262767583,4.0717275525660036e-08,0.13974521334495135
2025-11-19,589430.3999999999,24559.599999999995,24559.6,0,108416.682,4517.36175,6746.841,20,0.024,0.001,0.001,2,0.18393466302382777,4.0717275525660036e-08,0.1839347037411033
2025-11-20,589430.3999999999,24559.599999999995,24559.6,0,97302.391,4054.266291666667,7372.131,20,0.024,0.001,0.001,5,0.16507867765218764,4.0717275525660036e-08,0.16507871836946317
2025-11-21,589430.3999999999,24559.599999999995,24559.6,0,93740.606,3905.858583333333,7351.868,19,0.024,0.001,0.001,1,0.1590359201018475,4.0717275525660036e-08,0.15903596081912302
2025-11-22,589430.3999999999,24559.599999999995,24559.6,0,84268.954,3511.2064166666664,6585.488,19,0.024,0.001,0.001,3,0.14296675909488213,4.0717275525660036e-08,0.14296679981215765
2025-11-23,589430.3999999999,24559.599999999995,24559.6,0,68719.327,2863.305291666667,5183.082,21,0.024,0.001,0.001,0,0.11658599047487204,4.0717275525660036e-08,0.11658603119214757
2025-11-24,589430.3999999999,24559.599999999995,24559.6,0,64607.318,2691.9715833333335,5600.638,19,0.024,0.001,0.001,2,0.10960974866583062,4.0717275525660036e-08,0.10960978938310614
2025-11-25,589430.3999999999,24559.599999999995,24559.6,0,72857.69499999999,3035.7372916666664,6203.971,18,0.024,0.001,0.001,5,0.12360695172831263,4.0717275525660036e-08,0.12360699244558815
2025-11-26,589430.3999999999,24559.599999999995,24559.6,0,92444.575,3851.8572916666667,7570.349,20,0.024,0.001,0.001,1,0.1568371346303143,4.0717275525660036e-08,0.1568371753475898
2025-11-27,589430.3999999999,24559.599999999995,24559.6,0,111617.638,4650.734916666667,8087.367,21,2816.81,117.36708333333333,167.602,20,0.18936525499872423,0.004778867869726435,0.19414412286845065
2025-11-28,589430.3999999999,24559.599999999995,24559.6,0,123313.636,5138.068166666667,8261.089,20,4153.33147826087,173.0554782608696,200.412,12,0.20920813721178957,0.007046347589572698,0.21625448480136228
2025-11-29,589430.3999999999,24559.599999999995,24559.6,0,91300.817,3804.2007083333333,5769.64,21,0.024,0.001,0.001,3,0.1548966883961194,4.0717275525660036e-08,0.15489672911339492
2025-11-30,589430.3999999999,24559.599999999995,24559.6,0,72384.145,3016.006041666667,5162.969,20,0.024,0.001,0.001,5,0.12280354898559696,4.0717275525660036e-08,0.12280358970287249
2025-12-01,589430.3999999999,24559.599999999995,24559.6,0,99661.85200000001,4152.577166666667,7614.596,20,3930.822857142857,163.78428571428572,200.864,14,0.16908162863673137,0.006668849888201996,0.17575047852493336
2025-12-02,589430.3999999999,24559.599999999995,24559.6,0,116146.48999999999,4839.437083333333,7927.549,20,2842.273714285714,118.42807142857143,176.023,7,0.1970486931111799,0.004822068414329689,0.2018707615255096
2025-12-03,589430.3999999999,24559.599999999995,24559.6,0,93469.244,3894.5518333333334,7469.903,19,0.024,0.001,0.001,6,0.15857554004679775,4.0717275525660036e-08,0.15857558076407327
2025-12-04,589430.3999999999,24559.599999999995,24559.6,0,85421.099,3559.2124583333334,6431.962,21,3875.724571428571,161.4885238095238,200.916,8,0.14492143432032012,0.0065753727181844905,0.1514968070385046
2025-12-05,589430.3999999999,24559.599999999995,24559.6,0,76383.784,3182.6576666666665,5097.197,19,4204.7532,175.19805,198.881,13,0.12958914911752092,0.007133587273408363,0.1367227363909293
2025-12-06,589430.3999999999,24559.599999999995,24559.6,0,49372.445999999996,2057.18525,4176.959,19,0.024,0.001,0.001,1,0.08376297863157381,4.0717275525660036e-08,0.08376301934884933
2025-12-07,589430.3999999999,24559.599999999995,24559.6,0,54884.68,2286.8616666666667,4489.378,20,0.024,0.001,0.001,4,0.09311477657073679,4.0717275525660036e-08,0.09311481728801231
2025-12-08,589430.3999999999,24559.599999999995,24559.6,0,67553.173,2814.7155416666665,5360.456,20,0.024,0.001,0.001,1,0.11460754823639908,4.0717275525660036e-08,0.11460758895367461
2025-12-09,589430.3999999999,24559.599999999995,24559.6,0,89056.85399999999,3710.70225,7756.248,20,4164.4836,173.52015,200.085,8,0.1510896859069366,0.0070652677568038575,0.15815495366374047
2025-12-10,589430.3999999999,24559.599999999995,24559.6,0,134729.452,5613.727166666667,7941.902,20,4534.345,188.9310416666667,200.551,13,0.22857567577104948,0.007692757278891623,0.2362684330499411
2025-12-11,589430.3999999999,24559.599999999995,24559.6,0,132621.565,5525.8985416666665,7787.814,20,4377.005,182.37520833333335,200.629,17,0.22499953344788465,0.007425821606757983,0.23242535505464262
2025-12-12,589430.3999999999,24559.599999999995,24559.6,0,133280.86,5553.369166666666,7215.052,8,4197.2765714285715,174.88652380952382,200.788,10,0.2261180624548717,0.007120902775677285,0.233238965230549
2025-12-13,589430.3999999999,24559.599999999995,24559.6,0,97583.053,4065.960541666667,6679.451,20,0.024,0.001,0.001,1,0.16555483565150358,4.0717275525660036e-08,0.1655548763687791
2025-12-14,589430.3999999999,24559.599999999995,24559.6,0,93726.921,3905.288375,6672.02,21,0.024,0.001,0.001,4,0.15901270277203214,4.0717275525660036e-08,0.15901274348930766
2025-12-15,589430.3999999999,24559.599999999995,24559.6,0,125835.823,5243.159291666667,8359.183,20,3374.5666666666666,140.60694444444445,179.982,14,0.21348716150371616,0.0057251316977656175,0.21921229320148178
2025-12-16,589430.3999999999,24559.599999999995,24559.6,0,115871.076,4827.9615,7945.813,19,3986.929,166.12204166666666,166.292,16,0.1965814386227789,0.006764036941426843,0.20334547556420576
2025-12-17,589430.3999999999,24559.599999999995,24559.6,0,127434.476,5309.769833333333,8470.314,20,4198.015,174.91729166666667,199.455,20,0.21619936128167128,0.007122155558993905,0.22332151684066517
2025-12-18,589430.3999999999,24559.599999999995,24559.6,0,109895.984,4578.999333333333,7642.626,21,4111.031,171.29295833333333,199.362,0,0.18644437748714693,0.0069745825800637375,0.19341896006721065
2025-12-19,589430.3999999999,24559.599999999995,24559.6,0,139584.401,5816.016708333334,7843.817,20,3876.0829999999996,161.50345833333333,175.853,7,0.2368123547750507,0.006575980811305288,0.24338833558635597
2025-12-20,589430.3999999999,24559.599999999995,24559.6,0,114476.932,4769.872166666667,6563.151,0,0.024,0.001,0.001,0,0.19421619923234365,4.0717275525660036e-08,0.19421623994961917
2025-12-21,589430.3999999999,24559.599999999995,24559.6,0,87682.524,3653.4385,6578.131,20,0.024,0.001,0.001,2,0.1487580620205541,4.0717275525660036e-08,0.14875810273782963
2025-12-22,589430.3999999999,24559.599999999995,24559.6,0,114694.153,4778.923041666667,7431.364,20,0.024,0.001,0.001,5,0.19458472620346698,4.0717275525660036e-08,0.1945847669207425
2025-12-23,589430.3999999999,24559.599999999995,24559.6,0,122415.509,5100.646208333334,7392.887,20,0.024,0.001,0.001,1,0.2076844170236215,4.0717275525660036e-08,0.20768445774089703
2025-12-24,589430.3999999999,24559.599999999995,24559.6,0,74484.94900000001,3103.539541666667,4696.64,8,0.024,0.001,0.001,3,0.12636767462282233,4.0717275525660036e-08,0.12636771534009786
2025-12-25,589430.3999999999,24559.599999999995,24559.6,0,92294.932,3845.6221666666665,7698.201,21,0.024,0.001,0.001,6,0.15658325732775238,4.0717275525660036e-08,0.1565832980450279
2025-12-26,589430.3999999999,24559.599999999995,24559.6,0,130995.68299999999,5458.153458333333,8307.845,19,0.024,0.001,0.001,2,0.22224113822429248,4.0717275525660036e-08,0.222241178941568
2025-12-27,589430.3999999999,24559.599999999995,24559.6,0,115813.601,4825.566708333333,7197.419,21,0.024,0.001,0.001,4,0.1964839292306607,4.0717275525660036e-08,0.1964839699479362
2025-12-28,589430.3999999999,24559.599999999995,24559.6,0,100941.907,4205.912791666667,7676.335,20,0.024,0.001,0.001,0,0.17125330997518964,4.0717275525660036e-08,0.17125335069246517
2025-12-29,589430.3999999999,24559.599999999995,24559.6,0,128817.497,5367.3957083333335,8561.385,20,0.024,0.001,0.001,2,0.21854572991145355,4.0717275525660036e-08,0.21854577062872907
2025-12-30,589430.3999999999,24559.599999999995,24559.6,0,123395.499,5141.479125,7669.565,8,0.024,0.001,0.001,5,0.20934702214205445,4.0717275525660036e-08,0.20934706285932997
2025-12-31,589430.3999999999,24559.599999999995,24559.6,0,100239.489,4176.645375,8089.818,19,0.024,0.001,0.001,1,0.17006162050684867,4.0717275525660036e-08,0.1700616612241242
2026-01-01,589430.3999999999,24559.599999999995,24559.6,0,70272.837,2928.034875,5373.803,21,0.024,0.001,0.001,3,0.11922160275411653,4.0717275525660036e-08,0.11922164347139205
2026-01-02,589430.3999999999,24559.599999999995,24559.6,0,100435.79999999999,4184.825,6863.3,20,0.024,0.001,0.001,6,0.17039467255167023,4.0717275525660036e-08,0.17039471326894576
2026-01-03,589430.3999999999,24559.599999999995,24559.6,0,95437.406,3976.5585833333334,6542.631,20,0.024,0.001,0.001,1,0.16191463148151167,4.0717275525660036e-08,0.1619146721987872
2026-01-04,589430.3999999999,24559.599999999995,24559.6,0,52503.757,2187.6565416666667,4571.406,20,0.024,0.001,0.001,4,0.08907541416255423,4.0717275525660036e-08,0.08907545487982975
2026-01-05,589430.3999999999,24559.599999999995,24559.6,0,80783.454,3365.97725,6973.193,18,0.024,0.001,0.001,6,0.13705342310135346,4.0717275525660036e-08,0.13705346381862898
2026-01-06,589430.3999999999,24559.599999999995,24559.6,0,61987.992,2582.833,6873.974,21,0.024,0.001,0.001,2,0.10516592289776708,4.0717275525660036e-08,0.1051659636150426
2026-01-07,589430.3999999999,24559.599999999995,24559.6,0,108779.27100000001,4532.469625000001,7355.574,19,0.024,0.001,0.001,5,0.18454981453281002,4.0717275525660036e-08,0.18454985525008555
2026-01-08,589430.3999999999,24559.599999999995,24559.6,0,99824.36,4159.348333333333,6859.355,8,0.024,0.001,0.001,0,0.1693573320955282,4.0717275525660036e-08,0.16935737281280372
2026-01-09,589430.3999999999,24559.599999999995,24559.6,0,57696.731,2404.030458333333,5474.067,19,0.024,0.001,0.001,3,0.09788557054403711,4.0717275525660036e-08,0.09788561126131264
2026-01-10,589430.3999999999,24559.599999999995,24559.6,0,69199.531,2883.313791666667,6125.254,19,0.024,0.001,0.001,6,0.1174006820822272,4.0717275525660036e-08,0.11740072279950273
2026-01-11,589430.3999999999,24559.599999999995,24559.6,0,76726.998,3196.95825,6299.816,19,0.024,0.001,0.001,2,0.13017142990928193,4.0717275525660036e-08,0.13017147062655746
2026-01-12,589430.3999999999,24559.599999999995,24559.6,0,94638.668,3943.2778333333335,6856.458,19,0.024,0.001,0.001,5,0.16055953001406106,4.0717275525660036e-08,0.1605595707313366
2026-01-13,589430.3999999999,24559.599999999995,24559.6,0,119453.551,4977.231291666667,7965.477,21,0.024,0.001,0.001,1,0.20265929785772846,4.0717275525660036e-08,0.20265933857500398
2026-01-14,589430.3999999999,24559.599999999995,24559.6,0,140698.35,5862.431250000001,8048.24,20,2496.680727272727,104.02836363636362,166.728,20,0.23870222845648956,0.00423575154466537,0.24293798000115494
2026-01-15,589430.3999999999,24559.599999999995,24559.6,0,111588.589,4649.524541666667,7509.652,20,0.024,0.001,0.001,1,0.18931597182635987,4.0717275525660036e-08,0.1893160125436354
2026-01-16,589430.3999999999,24559.599999999995,24559.6,0,130860.054,5452.5022500000005,8110.977,19,0.024,0.001,0.001,4,0.22201103641753128,4.0717275525660036e-08,0.2220110771348068
2026-01-17,589430.3999999999,24559.599999999995,24559.6,0,129455.763,5393.990125,7321.187,20,0.024,0.001,0.001,0,0.21962858210231442,4.0717275525660036e-08,0.21962862281958995
2026-01-18,589430.3999999999,24559.599999999995,24559.6,0,114505.103,4771.045958333333,7645.66,20,0.024,0.001,0.001,3,0.19426399283104506,4.0717275525660036e-08,0.19426403354832059
2026-01-19,589430.3999999999,24559.599999999995,24559.6,0,130049.13700000002,5418.714041666667,8025.254,19,0.024,0.001,0.001,5,0.22063527262930455,4.0717275525660036e-08,0.22063531334658007
2026-01-20,589430.3999999999,24559.599999999995,24559.6,0,127007.647,5291.985291666667,7713.601,18,0.024,0.001,0.001,1,0.21547522319853205,4.0717275525660036e-08,0.21547526391580757
2026-01-21,589430.3999999999,24559.599999999995,24559.6,0,115956.15299999999,4831.506375,7322.991,19,0.024,0.001,0.001,5,0.1967257762748579,4.0717275525660036e-08,0.19672581699213343
2026-01-22,589430.3999999999,24559.599999999995,24559.6,0,100181.572,4174.232166666667,8096.177,20,0.024,0.001,0.001,1,0.16996336123823952,4.0717275525660036e-08,0.16996340195551504
2026-01-23,589430.3999999999,24559.599999999995,24559.6,0,105447.726,4393.65525,8413.159,20,0.024,0.001,0.001,5,0.17889767137901272,4.0717275525660036e-08,0.17889771209628824
2026-01-24,589430.3999999999,24559.599999999995,24559.6,0,93099.531,3879.147125,6449.955,20,4421.3376,184.2224,219.689,11,0.15794830229319698,0.007501034218798353,0.16544933651199534
2026-01-25,589430.3999999999,24559.599999999995,24559.6,0,73518.365,3063.2652083333337,6137.943,20,4763.846,198.4935833333333,220.432,13,0.12472781349587672,0.008082117922658894,0.13280993141853562
2026-01-26,589430.3999999999,24559.599999999995,24559.6,0,103655.489,4318.978708333333,7871.655,20,5246.575,218.60729166666667,219.427,4,0.17585704605666763,0.008901093326709991,0.18475813938337762
2026-01-27,589430.3999999999,24559.599999999995,24559.6,0,117612.886,4900.536916666667,7301.819,10,5237.719,218.23829166666667,221.518,8,0.19953651185958515,0.008886068652041022,0.20842258051162618
2026-01-28,589430.3999999999,24559.599999999995,24559.6,0,131342.829,5472.617875,8244.417,9,669.39,27.89125,111.562,0,0.2228300898630271,0.0011356557110050653,0.22396574557403218
2026-01-29,589430.3999999999,24559.599999999995,24559.6,0,126292.025,5262.167708333333,7654.946,20,0.024,0.001,0.001,2,0.21426113244243936,4.0717275525660036e-08,0.21426117315971488
2026-01-30,589430.3999999999,24559.599999999995,24559.6,0,129450.43899999998,5393.768291666666,8138.378,20,0.024,0.001,0.001,0,0.21961954965336028,4.0717275525660036e-08,0.2196195903706358
2026-01-31,589430.3999999999,24559.599999999995,24559.6,0,141263.307,5885.971125,7549.718,21,0.024,0.001,0.001,2,0.23966070803270415,4.0717275525660036e-08,0.23966074874997967
2026-02-01,589430.3999999999,24559.599999999995,24559.6,0,147570.384,6148.766,9140.226,20,0.024,0.001,0.001,4,0.25036099936481054,4.0717275525660036e-08,0.2503610400820861
2026-02-02,589430.3999999999,24559.599999999995,24559.6,0,158292.513,6595.521375,8682.831,20,0.024,0.001,0.001,0,0.2685516610612551,4.0717275525660036e-08,0.26855170177853066
2026-02-03,589430.3999999999,24559.599999999995,24559.6,0,181903.693,7579.320541666667,9667.042,21,0.024,0.001,0.001,3,0.3086092827923365,4.0717275525660036e-08,0.30860932350961207
2026-02-04,589430.3999999999,24559.599999999995,24559.6,0,180375.022,7515.625916666667,8713.543,20,0.024,0.001,0.001,0,0.3060158111967079,4.0717275525660036e-08,0.30601585191398345
2026-02-05,589430.3999999999,24559.599999999995,24559.6,0,185647.299,7735.304125,8469.112,19,0.024,0.001,0.001,3,0.3149605093323996,4.0717275525660036e-08,0.31496055004967516
2026-02-06,589430.3999999999,24559.599999999995,24559.6,0,186127.25699999998,7755.302374999999,8983.811,20,0.024,0.001,0.001,5,0.31577478358768063,4.0717275525660036e-08,0.3157748243049562
2026-02-07,589430.3999999999,24559.599999999995,24559.6,0,195811.892,8158.828833333333,9101.245,20,0.024,0.001,0.001,0,0.33220528157353274,4.0717275525660036e-08,0.3322053222908083
2026-02-08,589430.3999999999,24559.599999999995,24559.6,0,190006.736,7916.9473333333335,8991.38,21,0.024,0.001,0.001,3,0.3223565258934728,4.0717275525660036e-08,0.32235656661074835
2026-02-09,589430.3999999999,24559.599999999995,24559.6,0,186086.471,7753.602958333333,8671.37,20,0.024,0.001,0.001,0,0.31570558797103104,4.0717275525660036e-08,0.3157056286883066
2026-02-10,589430.3999999999,24559.599999999995,24559.6,0,163834.551,6826.439625,8238.652,20,0.024,0.001,0.001,2,0.2779540230704084,4.0717275525660036e-08,0.27795406378768395
2026-02-11,589430.3999999999,24559.599999999995,24559.6,0,144335.154,6013.96475,8250.235,20,0.024,0.001,0.001,3,0.24487225972735718,4.0717275525660036e-08,0.2448723004446327
2026-02-12,589430.3999999999,24559.599999999995,24559.6,0,138863.895,5785.995625,8247.152,20,0.024,0.001,0.001,6,0.23558997805338852,4.0717275525660036e-08,0.23559001877066404
2026-02-13,589430.3999999999,24559.599999999995,24559.6,0,140914.779,5871.449125,7762.857,8,0.024,0.001,0.001,2,0.23906941175752053,4.0717275525660036e-08,0.23906945247479605
2026-02-14,589430.3999999999,24559.599999999995,24559.6,0,125813.841,5242.243375,7191.589,21,0.024,0.001,0.001,5,0.21344986787244094,4.0717275525660036e-08,0.21344990858971646
2026-02-15,589430.3999999999,24559.599999999995,24559.6,0,111779.51799999998,4657.479916666666,6071.969,20,0.024,0.001,0.001,1,0.18963989302214476,4.0717275525660036e-08,0.18963993373942029
2026-02-16,589430.3999999999,24559.599999999995,24559.6,0,119864.106,4994.33775,7475.224,19,0.024,0.001,0.001,4,0.203355826234955,4.0717275525660036e-08,0.2033558669522305
2026-02-17,589430.3999999999,24559.599999999995,24559.6,0,157267.76799999998,6552.823666666666,9914.122,20,0.024,0.001,0.001,0,0.26681312670673246,4.0717275525660036e-08,0.266813167424008
2026-02-18,589430.3999999999,24559.599999999995,24559.6,0,152515.225,6354.801041666667,8721.168,8,0.024,0.001,0.001,3,0.2587501849242931,4.0717275525660036e-08,0.25875022564156863
2026-02-19,589430.3999999999,24559.599999999995,24559.6,0,141236.843,5884.868458333333,10542.111,20,0.024,0.001,0.001,6,0.2396158104502245,4.0717275525660036e-08,0.23961585116750003
2026-02-20,589430.3999999999,24559.599999999995,24559.6,0,162582.915,6774.288125,10456.935,20,0.024,0.001,0.001,2,0.2758305560758319,4.0717275525660036e-08,0.27583059679310745
2026-02-21,589430.3999999999,24559.599999999995,24559.6,0,165670.389,6902.9328749999995,10221.733,21,0.024,0.001,0.001,4,0.28106861980651154,4.0717275525660036e-08,0.2810686605237871
2026-02-22,589430.3999999999,24559.599999999995,24559.6,0,150025.968,6251.081999999999,10339.662,21,0.024,0.001,0.001,0,0.25452702812749395,4.0717275525660036e-08,0.2545270688447695
2026-02-23,589430.3999999999,24559.599999999995,24559.6,0,165776.875,6907.369791666667,10401.709,20,0.024,0.001,0.001,3,0.2812492789649126,4.0717275525660036e-08,0.28124931968218814
2026-02-24,589430.3999999999,24559.599999999995,24559.6,0,170469.978,7102.91575,10306.952,20,0.024,0.001,0.001,5,0.2892113776283002,4.0717275525660036e-08,0.28921141834557573
2026-02-25,589430.3999999999,24559.599999999995,24559.6,0,170338.356,7097.4315,10397.246,20,0.024,0.001,0.001,1,0.2889880739099986,4.0717275525660036e-08,0.28898811462727414
2026-02-26,589430.3999999999,24559.599999999995,24559.6,0,154920.435,6455.018125,10403.65,20,0.024,0.001,0.001,4,0.2628307515187544,4.0717275525660036e-08,0.26283079223602995
2026-02-27,589430.3999999999,24559.599999999995,24559.6,0,152040.02,6335.000833333333,10622.929,20,0.024,0.001,0.001,6,0.2579439743861192,4.0717275525660036e-08,0.25794401510339476
2026-02-28,589430.3999999999,24559.599999999995,24559.6,0,134696.561,5612.356708333333,10036.106,22,0.024,0.001,0.001,2,0.2285198744414947,4.0717275525660036e-08,0.22851991515877024
2026-03-01,589430.3999999999,24559.599999999995,24559.6,0,140115.814,5838.158916666667,9667.65,20,0.024,0.001,0.001,4,0.23771392517250559,4.0717275525660036e-08,0.2377139658897811
2026-03-02,589430.3999999999,24559.599999999995,24559.6,0,130759.01699999999,5448.292375,9825.999,20,0.024,0.001,0.001,0,0.22183962177722766,4.0717275525660036e-08,0.22183966249450318
2026-03-03,589430.3999999999,24559.599999999995,24559.6,0,183151.714,7631.321416666667,10420.406,21,0.024,0.001,0.001,2,0.3107266167472869,4.0717275525660036e-08,0.31072665746456246
2026-03-04,589430.3999999999,24559.599999999995,24559.6,0,208676.34,8694.8475,10408.91,20,0.024,0.001,0.001,5,0.3540305013110963,4.0717275525660036e-08,0.35403054202837186
2026-03-05,589430.3999999999,24559.599999999995,24559.6,0,211962.213,8831.758875,10224.521,20,0.024,0.001,0.001,1,0.3596051594895683,4.0717275525660036e-08,0.35960520020684383
2026-03-06,589430.3999999999,24559.599999999995,24559.6,0,195815.239,8158.968291666667,10104.199,21,0.024,0.001,0.001,4,0.3322109599369154,4.0717275525660036e-08,0.33221100065419096
2026-03-07,589430.3999999999,24559.599999999995,24559.6,0,190859.02,7952.4591666666665,10643.755,22,0.024,0.001,0.001,0,0.32380247099572745,4.0717275525660036e-08,0.323802511713003
2026-03-08,589430.3999999999,24559.599999999995,24559.6,0,186828.595,7784.524791666667,10347.485,20,0.024,0.001,0.001,3,0.31696464077862296,4.0717275525660036e-08,0.3169646814958985
2026-03-09,589430.3999999999,24559.599999999995,24559.6,0,205186.93,8549.455416666666,10294.245,19,2677.79,111.57458333333334,169.017,17,0.34811053179476326,0.004543013051244049,0.3526535448460073
2026-03-10,589430.3999999999,24559.599999999995,24559.6,0,200174.494,8340.603916666667,10359.46,20,4259.173,177.46554166666667,187.059,5,0.3396066677253159,0.007225913356352167,0.34683258108166803
2026-03-11,589430.3999999999,24559.599999999995,24559.6,0,178213.138,7425.547416666667,10479.352,20,4095.97,170.66541666666666,213.689,20,0.30234806009326975,0.006949030793118238,0.309297090886388
2026-03-12,589430.3999999999,24559.599999999995,24559.6,0,165613.838,6900.576583333333,9696.725,19,3940.267636363636,164.17781818181817,167.452,20,0.28097267802950104,0.006684873458110808,0.28765755148761185
2026-03-13,589430.3999999999,24559.599999999995,24559.6,0,139533.456,5813.894,9087.024,7,0.024,0.001,0.001,3,0.23672592387498173,4.0717275525660036e-08,0.23672596459225725
2026-03-14,589430.3999999999,24559.599999999995,24559.6,0,107535.67000000001,4480.652916666667,7980.937,20,0.024,0.001,0.001,6,0.18243997934276893,4.0717275525660036e-08,0.18244002006004445
2026-03-15,589430.3999999999,24559.599999999995,24559.6,0,93712.876,3904.7031666666667,8067.115,20,0.024,0.001,0.001,2,0.1589888746830839,4.0717275525660036e-08,0.15898891540035942
2026-03-16,589430.3999999999,24559.599999999995,24559.6,0,130167.03400000001,5423.626416666667,10277.375,20,0.024,0.001,0.001,4,0.22083529115566491,4.0717275525660036e-08,0.22083533187294044
2026-03-17,589430.3999999999,24559.599999999995,24559.6,0,144955.198,6039.799916666667,10098.769,20,0.024,0.001,0.001,1,0.24592419732677517,4.0717275525660036e-08,0.2459242380440507
2026-03-18,589430.3999999999,24559.599999999995,24559.6,0,146539.256,6105.802333333333,10357.375,20,0.024,0.001,0.001,4,0.24861163591155125,4.0717275525660036e-08,0.24861167662882677
2026-03-19,589430.3999999999,24559.599999999995,24559.6,0,125342.604,5222.6085,9805.153,19,0.024,0.001,0.001,0,0.21265038925715407,4.0717275525660036e-08,0.2126504299744296
2026-03-20,589430.3999999999,24559.599999999995,24559.6,0,163951.094,6831.2955833333335,10258.493,22,0.024,0.001,0.001,3,0.27815174446380786,4.0717275525660036e-08,0.2781517851810834
2026-03-21,589430.3999999999,24559.599999999995,24559.6,0,161364.78399999999,6723.532666666666,10005.895,21,0.024,0.001,0.001,5,0.2737639320944424,4.0717275525660036e-08,0.27376397281171794
2026-03-22,589430.3999999999,24559.599999999995,24559.6,0,128839.038,5368.29325,9277.788,0,0.024,0.001,0.001,1,0.21858227536279096,4.0717275525660036e-08,0.21858231608006648
2026-03-23,589430.3999999999,24559.599999999995,24559.6,0,124892.008,5203.833666666666,9737.397,21,0.024,0.001,0.001,3,0.21188592919537239,4.0717275525660036e-08,0.2118859699126479
2026-03-24,589430.3999999999,24559.599999999995,24559.6,0,138954.049,5789.752041666667,9851.555,21,0.024,0.001,0.001,6,0.23574292910579436,4.0717275525660036e-08,0.2357429698230699
2026-03-25,589430.3999999999,24559.599999999995,24559.6,0,112973.539,4707.230791666667,8620.903,20,0.024,0.001,0.001,2,0.19166561310716249,4.0717275525660036e-08,0.191665653824438
2026-03-26,589430.3999999999,24559.599999999995,24559.6,0,77500.18000000001,3229.174166666667,8459.058,20,0.024,0.001,0.001,4,0.1314831742645103,4.0717275525660036e-08,0.13148321498178583
2026-03-27,589430.3999999999,24559.599999999995,24559.6,0,75645.667,3151.902791666667,8639.331,20,0.024,0.001,0.001,1,0.12833689439838872,4.0717275525660036e-08,0.12833693511566424
2026-03-28,589430.3999999999,24559.599999999995,24559.6,0,54529.617,2272.067375,5228.752,0,0.024,0.001,0.001,4,0.09251239332073813,4.0717275525660036e-08,0.09251243403801365
2026-03-29,589430.3999999999,24559.6,24559.6,0,57395.41565217392,2391.475652173913,5915.476,22,0.024,0.001,0.001,0,0.09737437304247275,4.0717275525660036e-08,0.09737441375974827
2026-03-30,589430.3999999999,24559.599999999995,24559.6,0,75894.584,3162.2743333333333,8850.602,21,0.024,0.001,0.001,3,0.12875919531805624,4.0717275525660036e-08,0.12875923603533176
2026-03-31,589430.3999999999,24559.599999999995,24559.6,0,66338.58,2764.1075,6631.922,21,0.024,0.001,0.001,6,0.11254692666004334,4.0717275525660036e-08,0.11254696737731887
2026-04-01,589430.3999999999,24559.599999999995,24559.6,0,66092.332,2753.8471666666665,7584.714,21,0.024,0.001,0.001,2,0.11212915384072489,4.0717275525660036e-08,0.11212919455800041
2026-04-02,589430.3999999999,24559.599999999995,24559.6,0,57691.575,2403.8156249999997,5827.957,21,0.024,0.001,0.001,5,0.09787682311601167,4.0717275525660036e-08,0.0978768638332872
2026-04-03,589430.3999999999,24559.599999999995,24559.6,0,68067.364,2836.1401666666666,8008.672,21,0.024,0.001,0.001,1,0.11547990059555804,4.0717275525660036e-08,0.11547994131283357
2026-04-04,589430.3999999999,24559.599999999995,24559.6,0,69594.885,2899.786875,8396.406,21,0.024,0.001,0.001,4,0.11807142115506768,4.0717275525660036e-08,0.1180714618723432
2026-04-05,589430.3999999999,24559.599999999995,24559.6,0,70850.777,2952.1157083333333,7747.653,22,0.024,0.001,0.001,0,0.12020210867983737,4.0717275525660036e-08,0.12020214939711289
2026-04-06,589430.3999999999,24559.599999999995,24559.6,0,65653.968,2735.582,6869.861,21,0.024,0.001,0.001,3,0.11138544601703611,4.0717275525660036e-08,0.11138548673431163
2026-04-07,589430.3999999999,24559.599999999995,24559.6,0,95764.736,3990.1973333333335,8930.283,21,0.024,0.001,0.001,6,0.16246996422308727,4.0717275525660036e-08,0.1624700049403628
2026-04-08,589430.3999999999,24559.599999999995,24559.6,0,123441.53100000002,5143.397125,9718.815,21,0.024,0.001,0.001,2,0.20942511787651272,4.0717275525660036e-08,0.20942515859378824
2026-04-09,589430.3999999999,24559.599999999995,24559.6,0,115486.77100000001,4811.948791666667,9481.679,7,0.024,0.001,0.001,5,0.19592944476565854,4.0717275525660036e-08,0.19592948548293407
2026-04-10,589430.3999999999,24559.599999999995,24559.6,0,99574.97099999999,4148.957125,9602.537,21,0.024,0.001,0.001,2,0.1689342304027753,4.0717275525660036e-08,0.16893427112005083
2026-04-11,589430.3999999999,24559.599999999995,24559.6,0,74202.957,3091.789875,6719.394,0,0.024,0.001,0.001,5,0.12588926020782099,4.0717275525660036e-08,0.1258893009250965
2026-04-12,589430.3999999999,24559.599999999995,24559.6,0,53476.869,2228.202875,5434.256,21,0.024,0.001,0.001,1,0.09072635038844282,4.0717275525660036e-08,0.09072639110571834
2026-04-13,589430.3999999999,24559.599999999995,24559.6,0,63223.004,2634.291833333333,7710.43,21,0.024,0.001,0.001,3,0.10726118639282943,4.0717275525660036e-08,0.10726122711010495
2026-04-14,589430.3999999999,24559.599999999995,24559.6,0,84405.924,3516.9135,8951.37,21,0.024,0.001,0.001,0,0.14319913597941336,4.0717275525660036e-08,0.14319917669668888
2026-04-15,589430.3999999999,24559.599999999995,24559.6,0,98952.248,4123.010333333334,8844.029,21,0.024,0.001,0.001,3,0.16787774773747677,4.0717275525660036e-08,0.1678777884547523
2026-04-16,589430.3999999999,24559.599999999995,24559.6,0,104751.49800000002,4364.645750000001,9487.486,21,0.024,0.001,0.001,4,0.1777164835746511,4.0717275525660036e-08,0.17771652429192664
2026-04-17,589430.3999999999,24559.599999999995,24559.6,0,114965.13,4790.21375,9734.827,21,0.024,0.001,0.001,1,0.19504445308555518,4.0717275525660036e-08,0.1950444938028307
2026-04-18,589430.3999999999,24559.599999999995,24559.6,0,77441.963,3226.7484583333335,7198.29,0,0.024,0.001,0.001,4,0.13138440602995707,4.0717275525660036e-08,0.1313844467472326
2026-04-19,589430.3999999999,24559.599999999995,24559.6,0,57652.981,2402.2075416666667,6401.397,21,0.024,0.001,0.001,0,0.09781134634386013,4.0717275525660036e-08,0.09781138706113565
2026-04-20,589430.3999999999,24559.599999999995,24559.6,0,86904.694,3621.0289166666666,8205.141,21,0.024,0.001,0.001,3,0.14743843208629895,4.0717275525660036e-08,0.14743847280357447
2026-04-21,589430.3999999999,24559.599999999995,24559.6,0,79886.022,3328.58425,6801.615,21,0.024,0.001,0.001,6,0.13553088201762245,4.0717275525660036e-08,0.13553092273489797
2026-04-22,589430.3999999999,24559.599999999995,24559.6,0,81620.506,3400.8544166666666,8100.148,21,0.024,0.001,0.001,2,0.13847352630607448,4.0717275525660036e-08,0.13847356702335
2026-04-23,589430.3999999999,24559.599999999995,24559.6,0,81520.744,3396.697666666667,7059.349,21,0.024,0.001,0.001,5,0.13830427477103321,4.0717275525660036e-08,0.13830431548830874
2026-04-24,589430.3999999999,24559.599999999995,24559.6,0,96882.13,4036.755416666667,8402.069,21,0.024,0.001,0.001,1,0.16436568253011724,4.0717275525660036e-08,0.16436572324739276
2026-04-25,589430.3999999999,24559.599999999995,24559.6,0,78000.735,3250.030625,6321.563,21,0.024,0.001,0.001,4,0.1323323924249581,4.0717275525660036e-08,0.1323324331422336
2026-04-26,589430.3999999999,24559.599999999995,24559.6,0,58166.570999999996,2423.607125,6098.713,21,0.024,0.001,0.001,0,0.09868267907457777,4.0717275525660036e-08,0.0986827197918533
2026-04-27,589430.3999999999,24559.599999999995,24559.6,0,69069.018,2877.8757499999997,5897.212,7,0.024,0.001,0.001,2,0.11717925984136551,4.0717275525660036e-08,0.11717930055864104
2026-04-28,589430.3999999999,24559.599999999995,24559.6,0,74045.424,3085.226,7627.205,21,0.024,0.001,0.001,5,0.12562199710093,4.0717275525660036e-08,0.12562203781820552
2026-04-29,589430.3999999999,24559.599999999995,24559.6,0,96888.0,4037.0,7496.405,21,0.024,0.001,0.001,1,0.16437564129708956,4.0717275525660036e-08,0.1643756820143651
2026-04-30,589430.3999999999,24559.599999999995,24559.6,0,98271.02500000001,4094.626041666667,8792.501,21,0.024,0.001,0.001,4,0.1667220167130844,4.0717275525660036e-08,0.16672205743035992
