date,demand_mwh_day,demand_mean_mw,demand_peak_mw,demand_peak_hour
2014-12-31,610512.0,25438.0,25438.0,23
2015-01-01,571080.0,23795.0,29919.0,20
2015-01-02,676067.0,28169.458333333332,34839.0,19
2015-01-03,657926.0,27413.583333333332,31903.0,20
2015-01-04,624535.0,26022.291666666668,32054.0,20
2015-01-05,698009.0,29083.708333333332,33763.0,9
2015-01-06,576909.0,24037.875,30067.0,20
2015-01-07,770449.0,32102.041666666668,38572.0,9
2015-01-08,790115.0,32921.458333333336,38545.0,18
2015-01-09,782316.0,32596.5,37861.0,9
2015-01-10,687649.0,28652.041666666668,33597.0,19
2015-01-11,641319.0,26721.625,32699.0,20
2015-01-12,761208.0,31717.0,37941.0,19
2015-01-13,771450.0,32143.75,37598.0,19
2015-01-14,773836.0,32243.166666666668,38265.0,19
2015-01-15,772603.0,32191.791666666668,37688.0,19
2015-01-16,776508.0,32354.5,37134.0,10
2015-01-17,702056.0,29252.333333333332,34478.0,19
2015-01-18,663503.0,27645.958333333332,33962.0,20
2015-01-19,795959.0,33164.958333333336,38758.0,19
2015-01-20,810986.0,33791.083333333336,39336.0,18
2015-01-21,818144.0,34089.333333333336,39934.0,19
2015-01-22,817542.0,34064.25,39970.0,18
2015-01-23,810497.0,33770.708333333336,38808.0,18
2015-01-24,716472.0,29853.0,35076.0,20
2015-01-25,667800.0,27825.0,34067.0,19
2015-01-26,789424.0,32892.666666666664,38952.0,19
2015-01-27,796589.0,33191.208333333336,38968.0,18
2015-01-28,793623.0,33067.625,38793.0,19
2015-01-29,784117.0,32671.541666666668,38572.0,19
2015-01-30,771262.0,32135.916666666668,36566.0,18
2015-01-31,692247.0,28843.625,33259.0,19
2015-02-01,655724.0,27321.833333333332,33603.0,20
2015-02-02,789878.0,32911.583333333336,38936.0,19
2015-02-03,812154.0,33839.75,39557.0,18
2015-02-04,828144.0,34506.0,40420.0,18
2015-02-05,842830.0,35117.916666666664,41514.0,18
2015-02-06,829252.0,34552.166666666664,39632.0,18
2015-02-07,743444.0,30976.833333333332,35914.0,19
2015-02-08,689445.0,28726.875,35157.0,19
2015-02-09,812279.0,33844.958333333336,40537.0,19
2015-02-10,818301.0,34095.875,39978.0,19
2015-02-11,809172.0,33715.5,39289.0,19
2015-02-12,802452.0,33435.5,38576.0,19
2015-02-13,783407.0,32641.958333333332,37458.0,9
2015-02-14,692731.0,28863.791666666668,33462.0,19
2015-02-15,641664.0,26736.0,32115.0,20
2015-02-16,745982.0,31082.583333333332,36105.0,9
2015-02-17,763754.0,31823.083333333332,37201.0,19
2015-02-18,786122.0,32755.083333333332,37990.0,19
2015-02-19,772436.0,32184.833333333332,37305.0,19
2015-02-20,764281.0,31845.041666666668,36618.0,9
2015-02-21,687333.0,28638.875,32787.0,19
2015-02-22,633460.0,26394.166666666668,32594.0,20
2015-02-23,749605.0,31233.541666666668,36912.0,19
2015-02-24,774039.0,32251.625,37945.0,19
2015-02-25,769361.0,32056.708333333332,37560.0,19
2015-02-26,758806.0,31616.916666666668,36504.0,19
2015-02-27,744171.0,31007.125,35284.0,9
2015-02-28,656232.0,27343.0,31372.0,19
2015-03-01,604051.0,25168.791666666668,30169.0,20
2015-03-02,713294.0,29720.583333333332,34877.0,19
2015-03-03,723022.0,30125.916666666668,34814.0,19
2015-03-04,717430.0,29892.916666666668,34523.0,19
2015-03-05,735825.0,30659.375,35921.0,19
2015-03-06,723645.0,30151.875,34585.0,9
2015-03-07,638470.0,26602.916666666668,30348.0,19
2015-03-08,585768.0,24407.0,29678.0,20
2015-03-09,697013.0,29042.208333333332,34224.0,19
2015-03-10,706208.0,29425.333333333332,34825.0,19
2015-03-11,702684.0,29278.5,34173.0,19
2015-03-12,696807.0,29033.625,33823.0,19
2015-03-13,705600.0,29400.0,33540.0,9
2015-03-14,642773.0,26782.208333333332,30785.0,19
2015-03-15,604028.0,25167.833333333332,30681.0,20
2015-03-16,716263.0,29844.291666666668,35532.0,19
2015-03-17,733957.0,30581.541666666668,36235.0,19
2015-03-18,734589.0,30607.875,35136.0,19
2015-03-19,689057.0,28710.708333333332,33772.0,19
2015-03-20,712813.0,29700.541666666668,34599.0,19
2015-03-21,652512.0,27188.0,31258.0,19
2015-03-22,605978.0,25249.083333333332,30696.0,20
2015-03-23,732657.0,30527.375,36724.0,19
2015-03-24,749491.0,31228.791666666668,36742.0,19
2015-03-25,750797.0,31283.208333333332,37104.0,19
2015-03-26,735960.0,30665.0,36069.0,19
2015-03-27,718028.0,29917.833333333332,34762.0,9
2015-03-28,621734.0,25905.583333333332,29419.0,20
2015-03-29,566413.0,23600.541666666668,28291.0,19
2015-03-30,664519.0,27688.291666666668,31713.0,10
2015-03-31,665057.0,27710.708333333332,31685.0,8
2015-04-01,651016.0,27125.666666666668,30717.0,9
2015-04-02,569357.0,23723.208333333332,27855.0,19
2015-04-03,520078.0,21669.916666666668,25739.0,19
2015-04-04,547807.0,22825.291666666668,27587.0,19
2015-04-05,527399.0,21974.958333333332,26800.0,19
2015-04-06,573192.0,23883.0,28986.0,19
2015-04-07,660442.0,27518.416666666668,32051.0,19
2015-04-08,679168.0,28298.666666666668,33020.0,19
2015-04-09,688971.0,28707.125,32754.0,10
2015-04-10,676129.0,28172.041666666668,32279.0,8
2015-04-11,595978.0,24832.416666666668,29079.0,19
2015-04-12,557199.0,23216.625,28057.0,19
2015-04-13,662889.0,27620.375,31808.0,19
2015-04-14,672093.0,28003.875,31993.0,19
2015-04-15,677940.0,28247.5,32299.0,19
2015-04-16,677840.0,28243.333333333332,32400.0,19
2015-04-17,673849.0,28077.041666666668,31971.0,10
2015-04-18,596125.0,24838.541666666668,28521.0,19
2015-04-19,556201.0,23175.041666666668,27830.0,19
2015-04-20,654418.0,27267.416666666668,31704.0,19
2015-04-21,666605.0,27775.208333333332,31869.0,19
2015-04-22,665808.0,27742.0,31511.0,10
2015-04-23,648429.0,27017.875,30479.0,19
2015-04-24,654508.0,27271.166666666668,30767.0,10
2015-04-25,597457.0,24894.041666666668,28299.0,9
2015-04-26,551687.0,22986.958333333332,27364.0,19
2015-04-27,658018.0,27417.416666666668,31460.0,10
2015-04-28,667867.0,27827.791666666668,31612.0,19
2015-04-29,663279.0,27636.625,31257.0,10
2015-04-30,670031.0,27917.958333333332,31522.0,19
2015-05-01,521495.0,21728.958333333332,25710.0,19
2015-05-02,565944.0,23581.0,27023.0,19
2015-05-03,543955.0,22664.791666666668,27116.0,19
2015-05-04,659261.0,27469.208333333332,31940.0,10
2015-05-05,675880.0,28161.666666666668,32283.0,10
2015-05-06,673248.0,28052.0,31856.0,10
2015-05-07,671990.0,27999.583333333332,31549.0,10
2015-05-08,673952.0,28081.333333333332,32290.0,11
2015-05-09,600999.0,25041.625,28237.0,11
2015-05-10,563585.0,23482.708333333332,27379.0,20
2015-05-11,678918.0,28288.25,32948.0,11
2015-05-12,689164.0,28715.166666666668,32761.0,11
2015-05-13,697144.0,29047.666666666668,33219.0,10
2015-05-14,710643.0,29610.125,33887.0,11
2015-05-15,668045.0,27835.208333333332,31442.0,10
2015-05-16,593455.0,24727.291666666668,27728.0,11
2015-05-17,555790.0,23157.916666666668,27235.0,20
2015-05-18,673519.0,28063.291666666668,32674.0,11
2015-05-19,683199.0,28466.625,32685.0,10
2015-05-20,674590.0,28107.916666666668,31748.0,10
2015-05-21,667236.0,27801.5,31432.0,10
2015-05-22,665861.0,27744.208333333332,31754.0,10
2015-05-23,599348.0,24972.833333333332,28101.0,10
2015-05-24,551111.0,22962.958333333332,26898.0,20
2015-05-25,657147.0,27381.125,31122.0,10
2015-05-26,671176.0,27965.666666666668,31643.0,10
2015-05-27,677403.0,28225.125,32044.0,10
2015-05-28,685046.0,28543.583333333332,32073.0,11
2015-05-29,682567.0,28440.291666666668,32222.0,11
2015-05-30,607736.0,25322.333333333332,28727.0,11
2015-05-31,561843.0,23410.125,27263.0,20
2015-06-01,657791.0,27407.958333333332,31144.0,11
2015-06-02,705091.0,29378.791666666668,33745.0,11
2015-06-03,708746.0,29531.083333333332,33752.0,11
2015-06-04,693120.0,28880.0,32665.0,11
2015-06-05,703235.0,29301.458333333332,33560.0,11
2015-06-06,626835.0,26118.125,29789.0,11
2015-06-07,581586.0,24232.75,28575.0,20
2015-06-08,712001.0,29666.708333333332,34245.0,11
2015-06-09,720829.0,30034.541666666668,34616.0,11
2015-06-10,710587.0,29607.791666666668,33543.0,11
2015-06-11,701780.0,29240.833333333332,33359.0,11
2015-06-12,676700.0,28195.833333333332,32128.0,10
2015-06-13,604178.0,25174.083333333332,28641.0,11
2015-06-14,549886.0,22911.916666666668,26646.0,20
2015-06-15,662014.0,27583.916666666668,32086.0,10
2015-06-16,668950.0,27872.916666666668,31742.0,10
2015-06-17,675692.0,28153.833333333332,32016.0,11
2015-06-18,684788.0,28532.833333333332,32581.0,11
2015-06-19,695030.0,28959.583333333332,33389.0,11
2015-06-20,628583.0,26190.958333333332,29932.0,11
2015-06-21,589233.0,24551.375,28262.0,20
2015-06-22,714402.0,29766.75,34665.0,11
2015-06-23,710270.0,29594.583333333332,34327.0,11
2015-06-24,662044.0,27585.166666666668,31197.0,11
2015-06-25,712297.0,29679.041666666668,33974.0,11
2015-06-26,724139.0,30172.458333333332,34947.0,11
2015-06-27,663531.0,27647.125,32057.0,11
2015-06-28,624562.0,26023.416666666668,30600.0,20
2015-06-29,754336.0,31430.666666666668,36402.0,11
2015-06-30,786116.0,32754.833333333332,38154.0,11
2015-07-01,779674.0,32486.416666666668,37298.0,11
2015-07-02,757347.0,31556.125,36021.0,11
2015-07-03,761492.0,31728.833333333332,36636.0,11
2015-07-04,685430.0,28559.583333333332,32266.0,11
2015-07-05,642328.0,26763.666666666668,31617.0,20
2015-07-06,785576.0,32732.333333333332,38364.0,15
2015-07-07,800687.0,33361.958333333336,38642.0,11
2015-07-08,805553.0,33564.708333333336,38634.0,15
2015-07-09,793254.0,33052.25,38028.0,11
2015-07-10,791633.0,32984.708333333336,37842.0,11
2015-07-11,699340.0,29139.166666666668,33133.0,11
2015-07-12,640170.0,26673.75,31045.0,20
2015-07-13,781491.0,32562.125,38190.0,13
2015-07-14,796190.0,33174.583333333336,38177.0,11
2015-07-15,804941.0,33539.208333333336,38832.0,14
2015-07-16,805491.0,33562.125,38921.0,11
2015-07-17,797162.0,33215.083333333336,38746.0,11
2015-07-18,708279.0,29511.625,33785.0,11
2015-07-19,646846.0,26951.916666666668,30989.0,20
2015-07-20,789585.0,32899.375,38215.0,11
2015-07-21,817414.0,34058.916666666664,39958.0,11
2015-07-22,806159.0,33589.958333333336,39275.0,11
2015-07-23,801463.0,33394.291666666664,38847.0,11
2015-07-24,800796.0,33366.5,39179.0,11
2015-07-25,679152.0,28298.0,31780.0,11
2015-07-26,634270.0,26427.916666666668,31194.0,20
2015-07-27,776599.0,32358.291666666668,37793.0,11
2015-07-28,787600.0,32816.666666666664,37971.0,11
2015-07-29,794242.0,33093.416666666664,38561.0,11
2015-07-30,773395.0,32224.791666666668,37049.0,11
2015-07-31,726904.0,30287.666666666668,34902.0,11
2015-08-01,630495.0,26270.625,29753.0,11
2015-08-02,599264.0,24969.333333333332,29610.0,20
2015-08-03,725953.0,30248.041666666668,35724.0,11
2015-08-04,737893.0,30745.541666666668,35982.0,11
2015-08-05,744240.0,31010.0,36253.0,11
2015-08-06,742511.0,30937.958333333332,35918.0,11
2015-08-07,733829.0,30576.208333333332,35986.0,11
2015-08-08,658607.0,27441.958333333332,30794.0,11
2015-08-09,584184.0,24341.0,28424.0,20
2015-08-10,696924.0,29038.5,33762.0,11
2015-08-11,718493.0,29937.208333333332,34596.0,11
2015-08-12,719418.0,29975.75,34863.0,11
2015-08-13,705605.0,29400.208333333332,34094.0,11
2015-08-14,662561.0,27606.708333333332,31704.0,11
2015-08-15,574377.0,23932.375,26378.0,19
2015-08-16,560475.0,23353.125,27721.0,20
2015-08-17,656164.0,27340.166666666668,32338.0,11
2015-08-18,663851.0,27660.458333333332,31634.0,11
2015-08-19,664229.0,27676.208333333332,31786.0,11
2015-08-20,681113.0,28379.708333333332,32574.0,19
2015-08-21,694907.0,28954.458333333332,33850.0,11
2015-08-22,627769.0,26157.041666666668,29196.0,11
2015-08-23,573157.0,23881.541666666668,27861.0,20
2015-08-24,673475.0,28061.458333333332,32535.0,11
2015-08-25,690408.0,28767.0,32971.0,11
2015-08-26,702001.0,29250.041666666668,34009.0,11
2015-08-27,715554.0,29814.75,34884.0,11
2015-08-28,720783.0,30032.625,34895.0,11
2015-08-29,649373.0,27057.208333333332,30840.0,11
2015-08-30,615481.0,25645.041666666668,29962.0,19
2015-08-31,726290.0,30262.083333333332,35461.0,11
2015-09-01,732877.0,30536.541666666668,36637.0,11
2015-09-02,725709.0,30237.875,35529.0,11
2015-09-03,703488.0,29312.0,33452.0,11
2015-09-04,681922.0,28413.416666666668,32617.0,11
2015-09-05,595511.0,24812.958333333332,28104.0,19
2015-09-06,550452.0,22935.5,27358.0,19
2015-09-07,659871.0,27494.625,32067.0,11
2015-09-08,662247.0,27593.625,31536.0,19
2015-09-09,689263.0,28719.291666666668,33812.0,11
2015-09-10,684977.0,28540.708333333332,32663.0,11
2015-09-11,657685.0,27403.541666666668,31057.0,11
2015-09-12,603706.0,25154.416666666668,28558.0,11
2015-09-13,555011.0,23125.458333333332,27769.0,19
2015-09-14,663463.0,27644.291666666668,31869.0,19
2015-09-15,673410.0,28058.75,32144.0,19
2015-09-16,686950.0,28622.916666666668,33037.0,11
2015-09-17,674795.0,28116.458333333332,32032.0,10
2015-09-18,657067.0,27377.791666666668,30910.0,19
2015-09-19,593652.0,24735.5,28064.0,19
2015-09-20,547410.0,22808.75,27504.0,19
2015-09-21,668146.0,27839.416666666668,33195.0,19
2015-09-22,690031.0,28751.291666666668,32961.0,19
2015-09-23,679931.0,28330.458333333332,32077.0,10
2015-09-24,662641.0,27610.041666666668,31498.0,19
2015-09-25,673151.0,28047.958333333332,31675.0,18
2015-09-26,602267.0,25094.458333333332,28257.0,19
2015-09-27,552333.0,23013.875,27564.0,19
2015-09-28,664941.0,27705.875,32118.0,18
2015-09-29,674352.0,28098.0,32070.0,18
2015-09-30,671497.0,27979.041666666668,32151.0,18
2015-10-01,669153.0,27881.375,32334.0,18
2015-10-02,667921.0,27830.041666666668,31530.0,18
2015-10-03,594950.0,24789.583333333332,28090.0,19
2015-10-04,556758.0,23198.25,27995.0,19
2015-10-05,678569.0,28273.708333333332,32955.0,18
2015-10-06,686608.0,28608.666666666668,33236.0,18
2015-10-07,674904.0,28121.0,32545.0,18
2015-10-08,665878.0,27744.916666666668,32199.0,18
2015-10-09,652357.0,27181.541666666668,30995.0,10
2015-10-10,584084.0,24336.833333333332,27606.0,19
2015-10-11,544064.0,22669.333333333332,27048.0,18
2015-10-12,555596.0,23149.833333333332,27689.0,19
2015-10-13,655656.0,27319.0,32109.0,18
2015-10-14,665412.0,27725.5,32260.0,18
2015-10-15,666597.0,27774.875,32344.0,18
2015-10-16,664662.0,27694.25,31691.0,18
2015-10-17,590831.0,24617.958333333332,28001.0,18
2015-10-18,550516.0,22938.166666666668,27496.0,19
2015-10-19,665781.0,27740.875,32843.0,18
2015-10-20,674784.0,28116.0,32908.0,18
2015-10-21,672864.0,28036.0,32951.0,18
2015-10-22,670109.0,27921.208333333332,32705.0,18
2015-10-23,667026.0,27792.75,31824.0,18
2015-10-24,592119.0,24671.625,28359.0,18
2015-10-25,549185.0,22882.708333333332,27342.0,19
2015-10-26,657618.0,27400.75,33816.0,19
2015-10-27,675714.0,28154.75,33269.0,19
2015-10-28,673299.0,28054.125,33037.0,19
2015-10-29,675708.0,28154.5,33312.0,19
2015-10-30,673816.0,28075.666666666668,32513.0,18
2015-10-31,598177.0,24924.041666666668,28393.0,19
2015-11-01,550989.0,22957.875,27236.0,20
2015-11-02,638832.0,26618.0,31558.0,18
2015-11-03,685873.0,28578.041666666668,33136.0,11
2015-11-04,684425.0,28517.708333333332,33073.0,18
2015-11-05,680060.0,28335.833333333332,33040.0,18
2015-11-06,673582.0,28065.916666666668,32247.0,18
2015-11-07,599894.0,24995.583333333332,28341.0,19
2015-11-08,554862.0,23119.25,27369.0,19
2015-11-09,653252.0,27218.833333333332,31808.0,19
2015-11-10,672434.0,28018.083333333332,32928.0,18
2015-11-11,677936.0,28247.333333333332,33050.0,19
2015-11-12,679233.0,28301.375,33160.0,18
2015-11-13,680810.0,28367.083333333332,32636.0,18
2015-11-14,600224.0,25009.333333333332,28435.0,19
2015-11-15,554841.0,23118.375,27733.0,20
2015-11-16,677589.0,28232.875,33816.0,18
2015-11-17,690464.0,28769.333333333332,33870.0,19
2015-11-18,697060.0,29044.166666666668,34159.0,19
2015-11-19,692728.0,28863.666666666668,33725.0,18
2015-11-20,690349.0,28764.541666666668,33150.0,18
2015-11-21,623592.0,25983.0,29557.0,19
2015-11-22,587714.0,24488.083333333332,29392.0,20
2015-11-23,728791.0,30366.291666666668,36479.0,18
2015-11-24,748546.0,31189.416666666668,36864.0,19
2015-11-25,748983.0,31207.625,36475.0,18
2015-11-26,737833.0,30743.041666666668,35774.0,18
2015-11-27,730344.0,30431.0,35027.0,18
2015-11-28,648332.0,27013.833333333332,30650.0,20
2015-11-29,603727.0,25155.291666666668,30318.0,20
2015-11-30,733478.0,30561.583333333332,36577.0,19
2015-12-01,753456.0,31394.0,36904.0,19
2015-12-02,752605.0,31358.541666666668,36519.0,19
2015-12-03,747590.0,31149.583333333332,36337.0,19
2015-12-04,737532.0,30730.5,35013.0,18
2015-12-05,652670.0,27194.583333333332,30717.0,20
2015-12-06,606425.0,25267.708333333332,30157.0,20
2015-12-07,636381.0,26515.875,31253.0,20
2015-12-08,613707.0,25571.125,30958.0,19
2015-12-09,725845.0,30243.541666666668,35514.0,19
2015-12-10,739650.0,30818.75,35886.0,18
2015-12-11,736741.0,30697.541666666668,34983.0,18
2015-12-12,660449.0,27518.708333333332,31081.0,20
2015-12-13,613061.0,25544.208333333332,30558.0,20
2015-12-14,743171.0,30965.458333333332,36418.0,19
2015-12-15,747621.0,31150.875,35871.0,19
2015-12-16,737451.0,30727.125,35526.0,18
2015-12-17,735189.0,30632.875,35416.0,18
2015-12-18,724524.0,30188.5,34245.0,18
2015-12-19,648147.0,27006.125,30716.0,19
2015-12-20,607509.0,25312.875,30483.0,20
2015-12-21,726012.0,30250.5,35772.0,19
2015-12-22,723776.0,30157.333333333332,35233.0,19
2015-12-23,700116.0,29171.5,34464.0,19
2015-12-24,612702.0,25529.25,29571.0,9
2015-12-25,528510.0,22021.25,27284.0,20
2015-12-26,577780.0,24074.166666666668,27921.0,10
2015-12-27,564233.0,23509.708333333332,28477.0,20
2015-12-28,672435.0,28018.125,33107.0,19
2015-12-29,665579.0,27732.458333333332,32160.0,18
2015-12-30,649652.0,27068.833333333332,31268.0,19
2015-12-31,601137.0,25047.375,29787.0,18
2016-01-01,522898.0,21787.416666666668,26150.0,20
2016-01-02,586809.0,24450.375,29483.0,20
2016-01-03,585050.0,24377.083333333332,29604.0,19
2016-01-04,676027.0,28167.791666666668,32609.0,19
2016-01-05,671944.0,27997.666666666668,32109.0,10
2016-01-06,583268.0,24302.833333333332,29495.0,19
2016-01-07,720515.0,30021.458333333332,35520.0,19
2016-01-08,717396.0,29891.5,33720.0,10
2016-01-09,652136.0,27172.333333333332,31189.0,19
2016-01-10,617969.0,25748.708333333332,30800.0,20
2016-01-11,725209.0,30217.041666666668,35550.0,18
2016-01-12,744615.0,31025.625,35839.0,19
2016-01-13,758093.0,31587.208333333332,36560.0,19
2016-01-14,766619.0,31942.458333333332,37037.0,19
2016-01-15,765642.0,31901.75,36290.0,18
2016-01-16,693673.0,28903.041666666668,33698.0,19
2016-01-17,655537.0,27314.041666666668,33401.0,20
2016-01-18,777297.0,32387.375,38017.0,19
2016-01-19,778801.0,32450.041666666668,37694.0,19
2016-01-20,779346.0,32472.75,37720.0,18
2016-01-21,770208.0,32092.0,37264.0,19
2016-01-22,751580.0,31315.833333333332,35639.0,9
2016-01-23,666434.0,27768.083333333332,31532.0,19
2016-01-24,614160.0,25590.0,31153.0,20
2016-01-25,728688.0,30362.0,35739.0,19
2016-01-26,746572.0,31107.166666666668,36300.0,19
2016-01-27,748569.0,31190.375,36120.0,19
2016-01-28,747993.0,31166.375,36584.0,19
2016-01-29,741636.0,30901.5,35128.0,18
2016-01-30,663341.0,27639.208333333332,31680.0,19
2016-01-31,617670.0,25736.25,31045.0,20
2016-02-01,722040.0,30085.0,35462.0,19
2016-02-02,734792.0,30616.333333333332,35771.0,19
2016-02-03,736717.0,30696.541666666668,35528.0,19
2016-02-04,744353.0,31014.708333333332,36308.0,19
2016-02-05,740060.0,30835.833333333332,35222.0,9
2016-02-06,669550.0,27897.916666666668,31986.0,19
2016-02-07,620093.0,25837.208333333332,31123.0,20
2016-02-08,729049.0,30377.041666666668,35715.0,19
2016-02-09,735257.0,30635.708333333332,35401.0,19
2016-02-10,743028.0,30959.5,35552.0,19
2016-02-11,737669.0,30736.208333333332,35153.0,19
2016-02-12,721761.0,30073.375,34762.0,20
2016-02-13,659818.0,27492.416666666668,31088.0,19
2016-02-14,621289.0,25887.041666666668,31106.0,19
2016-02-15,756554.0,31523.083333333332,37105.0,19
2016-02-16,772584.0,32191.0,37274.0,19
2016-02-17,786254.0,32760.583333333332,38735.0,19
2016-02-18,783722.0,32655.083333333332,37912.0,19
2016-02-19,777166.0,32381.916666666668,36951.0,9
2016-02-20,688895.0,28703.958333333332,32855.0,19
2016-02-21,631535.0,26313.958333333332,31900.0,20
2016-02-22,741849.0,30910.375,36119.0,19
2016-02-23,739753.0,30823.041666666668,35578.0,19
2016-02-24,743091.0,30962.125,35836.0,19
2016-02-25,742398.0,30933.25,35823.0,19
2016-02-26,744118.0,31004.916666666668,35256.0,9
2016-02-27,690017.0,28750.708333333332,33100.0,19
2016-02-28,643753.0,26823.041666666668,32662.0,20
2016-02-29,739243.0,30801.791666666668,36278.0,19
2016-03-01,751838.0,31326.583333333332,36714.0,19
2016-03-02,743369.0,30973.708333333332,35906.0,19
2016-03-03,741590.0,30899.583333333332,35904.0,19
2016-03-04,738243.0,30760.125,35231.0,9
2016-03-05,666882.0,27786.75,32116.0,19
2016-03-06,627954.0,26164.75,31828.0,20
2016-03-07,755517.0,31479.875,37309.0,19
2016-03-08,768903.0,32037.625,37427.0,19
2016-03-09,769241.0,32051.708333333332,37418.0,19
2016-03-10,767150.0,31964.583333333332,37362.0,19
2016-03-11,754388.0,31432.833333333332,35986.0,9
2016-03-12,671950.0,27997.916666666668,32064.0,19
2016-03-13,620692.0,25862.166666666668,31517.0,20
2016-03-14,744178.0,31007.416666666668,36918.0,19
2016-03-15,752475.0,31353.125,36641.0,19
2016-03-16,752666.0,31361.083333333332,36482.0,19
2016-03-17,747995.0,31166.458333333332,36478.0,19
2016-03-18,738152.0,30756.333333333332,35182.0,19
2016-03-19,656123.0,27338.458333333332,31383.0,19
2016-03-20,608104.0,25337.666666666668,30589.0,20
2016-03-21,716812.0,29867.166666666668,34850.0,19
2016-03-22,717074.0,29878.083333333332,34696.0,19
2016-03-23,702466.0,29269.416666666668,33678.0,9
2016-03-24,602780.0,25115.833333333332,29039.0,20
2016-03-25,563682.0,23486.75,27611.0,20
2016-03-26,588539.0,24522.458333333332,29160.0,20
2016-03-27,559476.0,23311.5,28440.0,19
2016-03-28,619702.0,25820.916666666668,31114.0,19
2016-03-29,687343.0,28639.291666666668,32986.0,9
2016-03-30,688087.0,28670.291666666668,32791.0,19
2016-03-31,700891.0,29203.791666666668,33537.0,19
2016-04-01,706369.0,29432.041666666668,34003.0,9
2016-04-02,628699.0,26195.791666666668,30163.0,19
2016-04-03,584659.0,24360.791666666668,29286.0,19
2016-04-04,707818.0,29492.416666666668,34523.0,19
2016-04-05,722810.0,30117.083333333332,34538.0,19
2016-04-06,708253.0,29510.541666666668,33684.0,8
2016-04-07,704943.0,29372.625,33465.0,19
2016-04-08,707315.0,29471.458333333332,33984.0,9
2016-04-09,628789.0,26199.541666666668,29922.0,19
2016-04-10,581650.0,24235.416666666668,29671.0,19
2016-04-11,700741.0,29197.541666666668,33830.0,10
2016-04-12,710047.0,29585.291666666668,33884.0,19
2016-04-13,701640.0,29235.0,33209.0,19
2016-04-14,696889.0,29037.041666666668,32833.0,9
2016-04-15,691443.0,28810.125,32935.0,9
2016-04-16,617182.0,25715.916666666668,29332.0,19
2016-04-17,574958.0,23956.583333333332,28803.0,19
2016-04-18,685292.0,28553.833333333332,33321.0,10
2016-04-19,694647.0,28943.625,32849.0,19
2016-04-20,700653.0,29193.875,33188.0,19
2016-04-21,691906.0,28829.416666666668,32669.0,10
2016-04-22,684124.0,28505.166666666668,32533.0,10
2016-04-23,603478.0,25144.916666666668,28410.0,19
2016-04-24,560161.0,23340.041666666668,28080.0,19
2016-04-25,667628.0,27817.833333333332,32275.0,10
2016-04-26,675476.0,28144.833333333332,32013.0,10
2016-04-27,677169.0,28215.375,32128.0,10
2016-04-28,682828.0,28451.166666666668,32330.0,10
2016-04-29,672198.0,28008.25,32047.0,10
2016-04-30,597954.0,24914.75,28097.0,19
2016-05-01,530089.0,22087.041666666668,26073.0,19
2016-05-02,611902.0,25495.916666666668,29658.0,19
2016-05-03,664850.0,27702.083333333332,31378.0,10
2016-05-04,669080.0,27878.333333333332,31581.0,10
2016-05-05,670086.0,27920.25,31620.0,10
2016-05-06,669865.0,27911.041666666668,31815.0,10
2016-05-07,594570.0,24773.75,27964.0,9
2016-05-08,555274.0,23136.416666666668,27538.0,19
2016-05-09,669080.0,27878.333333333332,32458.0,10
2016-05-10,679981.0,28332.541666666668,32575.0,11
2016-05-11,678333.0,28263.875,32154.0,10
2016-05-12,677178.0,28215.75,32206.0,10
2016-05-13,670772.0,27948.833333333332,32180.0,10
2016-05-14,591990.0,24666.25,27769.0,9
2016-05-15,546601.0,22775.041666666668,26625.0,19
2016-05-16,612304.0,25512.666666666668,28878.0,11
2016-05-17,652251.0,27177.125,30744.0,10
2016-05-18,665818.0,27742.416666666668,31709.0,10
2016-05-19,667082.0,27795.083333333332,31453.0,10
2016-05-20,664074.0,27669.75,31486.0,10
2016-05-21,598191.0,24924.625,28183.0,11
2016-05-22,554232.0,23093.0,26999.0,20
2016-05-23,653139.0,27214.125,31178.0,11
2016-05-24,664258.0,27677.416666666668,31532.0,11
2016-05-25,671158.0,27964.916666666668,31774.0,10
2016-05-26,669399.0,27891.625,31376.0,11
2016-05-27,670989.0,27957.875,32023.0,10
2016-05-28,602278.0,25094.916666666668,28419.0,11
2016-05-29,547079.0,22794.958333333332,26359.0,20
2016-05-30,651280.0,27136.666666666668,31330.0,11
2016-05-31,663009.0,27625.375,31385.0,10
2016-06-01,669210.0,27883.75,31403.0,11
2016-06-02,676154.0,28173.083333333332,31830.0,11
2016-06-03,677412.0,28225.5,32619.0,11
2016-06-04,602172.0,25090.5,28387.0,11
2016-06-05,559039.0,23293.291666666668,27372.0,20
2016-06-06,671633.0,27984.708333333332,32236.0,11
2016-06-07,697189.0,29049.541666666668,33102.0,11
2016-06-08,718764.0,29948.5,34275.0,11
2016-06-09,726487.0,30270.291666666668,34677.0,11
2016-06-10,710922.0,29621.75,34161.0,11
2016-06-11,624104.0,26004.333333333332,29420.0,11
2016-06-12,577699.0,24070.791666666668,28088.0,20
2016-06-13,705823.0,29409.291666666668,33755.0,11
2016-06-14,723595.0,30149.791666666668,34282.0,11
2016-06-15,710150.0,29589.583333333332,33552.0,10
2016-06-16,675407.0,28141.958333333332,31495.0,11
2016-06-17,671003.0,27958.458333333332,31799.0,10
2016-06-18,609449.0,25393.708333333332,28750.0,11
2016-06-19,561550.0,23397.916666666668,27299.0,20
2016-06-20,682093.0,28420.541666666668,32714.0,11
2016-06-21,707289.0,29470.375,33771.0,11
2016-06-22,720121.0,30005.041666666668,34063.0,11
2016-06-23,711025.0,29626.041666666668,33761.0,11
2016-06-24,670624.0,27942.666666666668,31852.0,11
2016-06-25,638110.0,26587.916666666668,30300.0,11
2016-06-26,582424.0,24267.666666666668,28211.0,20
2016-06-27,705818.0,29409.083333333332,33847.0,11
2016-06-28,731587.0,30482.791666666668,34794.0,11
2016-06-29,735814.0,30658.916666666668,35348.0,11
2016-06-30,739454.0,30810.583333333332,35167.0,11
2016-07-01,738448.0,30768.666666666668,35602.0,11
2016-07-02,656613.0,27358.875,31080.0,11
2016-07-03,613098.0,25545.75,29797.0,20
2016-07-04,735745.0,30656.041666666668,35670.0,11
2016-07-05,752570.0,31357.083333333332,36433.0,11
2016-07-06,759285.0,31636.875,36710.0,11
2016-07-07,753876.0,31411.5,36304.0,11
2016-07-08,745563.0,31065.125,35811.0,11
2016-07-09,684906.0,28537.75,33110.0,11
2016-07-10,644355.0,26848.125,31685.0,20
2016-07-11,778532.0,32438.833333333332,38320.0,11
2016-07-12,776176.0,32340.666666666668,37543.0,11
2016-07-13,748622.0,31192.583333333332,35995.0,11
2016-07-14,728777.0,30365.708333333332,34552.0,11
2016-07-15,720258.0,30010.75,34361.0,11
2016-07-16,646849.0,26952.041666666668,30741.0,11
2016-07-17,612073.0,25503.041666666668,29436.0,20
2016-07-18,746340.0,31097.5,36602.0,11
2016-07-19,768183.0,32007.625,37313.0,11
2016-07-20,767807.0,31991.958333333332,36954.0,11
2016-07-21,769073.0,32044.708333333332,36855.0,11
2016-07-22,755940.0,31497.5,36848.0,11
2016-07-23,659341.0,27472.541666666668,31321.0,11
2016-07-24,604431.0,25184.625,29010.0,20
2016-07-25,703555.0,29314.791666666668,33588.0,11
2016-07-26,771042.0,32126.75,37188.0,11
2016-07-27,773514.0,32229.75,37076.0,11
2016-07-28,771168.0,32132.0,36970.0,11
2016-07-29,773533.0,32230.541666666668,37417.0,11
2016-07-30,671517.0,27979.875,31294.0,11
2016-07-31,626445.0,26101.875,30159.0,20
2016-08-01,732973.0,30540.541666666668,35743.0,11
2016-08-02,739802.0,30825.083333333332,35493.0,11
2016-08-03,753402.0,31391.75,36594.0,11
2016-08-04,753287.0,31386.958333333332,36477.0,11
2016-08-05,734076.0,30586.5,35956.0,11
2016-08-06,648207.0,27008.625,30108.0,11
2016-08-07,603103.0,25129.291666666668,28997.0,20
2016-08-08,707729.0,29488.708333333332,34466.0,11
2016-08-09,712375.0,29682.291666666668,34259.0,11
2016-08-10,697656.0,29069.0,34507.0,11
2016-08-11,678131.0,28255.458333333332,32079.0,11
2016-08-12,682354.0,28431.416666666668,32771.0,11
2016-08-13,634542.0,26439.25,29377.0,11
2016-08-14,585114.0,24379.75,28095.0,20
2016-08-15,591843.0,24660.125,28785.0,19
2016-08-16,682588.0,28441.166666666668,33000.0,11
2016-08-17,692950.0,28872.916666666668,32934.0,11
2016-08-18,704400.0,29350.0,33733.0,11
2016-08-19,709862.0,29577.583333333332,34143.0,11
2016-08-20,650497.0,27104.041666666668,30473.0,19
2016-08-21,596454.0,24852.25,28652.0,19
2016-08-22,715952.0,29831.333333333332,34518.0,11
2016-08-23,743487.0,30978.625,36008.0,11
2016-08-24,735603.0,30650.125,35427.0,11
2016-08-25,732970.0,30540.416666666668,35183.0,11
2016-08-26,725336.0,30222.333333333332,35095.0,11
2016-08-27,661424.0,27559.333333333332,31200.0,12
2016-08-28,619940.0,25830.833333333332,30275.0,19
2016-08-29,744272.0,31011.333333333332,36599.0,11
2016-08-30,749316.0,31221.5,36203.0,11
2016-08-31,749246.0,31218.583333333332,36006.0,11
2016-09-01,754597.0,31441.541666666668,36252.0,11
2016-09-02,761877.0,31744.875,37044.0,11
2016-09-03,687902.0,28662.583333333332,32716.0,11
2016-09-04,651380.0,27140.833333333332,32257.0,19
2016-09-05,803495.0,33478.958333333336,39086.0,11
2016-09-06,818007.0,34083.625,39831.0,15
2016-09-07,818532.0,34105.5,40050.0,11
2016-09-08,766156.0,31923.166666666668,36946.0,11
2016-09-09,755558.0,31481.583333333332,36516.0,11
2016-09-10,669654.0,27902.25,31499.0,11
2016-09-11,620484.0,25853.5,30635.0,19
2016-09-12,752809.0,31367.041666666668,36625.0,11
2016-09-13,746715.0,31113.125,36023.0,11
2016-09-14,699384.0,29141.0,32944.0,11
2016-09-15,687769.0,28657.041666666668,32287.0,11
2016-09-16,685951.0,28581.291666666668,32332.0,10
2016-09-17,606386.0,25266.083333333332,28791.0,19
2016-09-18,561481.0,23395.041666666668,28029.0,19
2016-09-19,674664.0,28111.0,32555.0,11
2016-09-20,688813.0,28700.541666666668,32552.0,19
2016-09-21,690760.0,28781.666666666668,32682.0,19
2016-09-22,695519.0,28979.958333333332,32984.0,18
2016-09-23,693020.0,28875.833333333332,32692.0,11
2016-09-24,608123.0,25338.458333333332,29038.0,19
2016-09-25,561510.0,23396.25,28318.0,19
2016-09-26,675949.0,28164.541666666668,32480.0,18
2016-09-27,694160.0,28923.333333333332,32894.0,18
2016-09-28,699789.0,29157.875,33297.0,18
2016-09-29,692201.0,28841.708333333332,32801.0,18
2016-09-30,684112.0,28504.666666666668,32290.0,11
2016-10-01,610804.0,25450.166666666668,29195.0,18
2016-10-02,561842.0,23410.083333333332,28055.0,19
2016-10-03,680402.0,28350.083333333332,33444.0,18
2016-10-04,696248.0,29010.333333333332,33716.0,18
2016-10-05,690444.0,28768.5,33393.0,18
2016-10-06,691911.0,28829.625,33362.0,18
2016-10-07,676788.0,28199.5,32017.0,18
2016-10-08,608598.0,25358.25,28815.0,18
2016-10-09,558330.0,23263.75,27903.0,19
2016-10-10,670614.0,27942.25,32906.0,18
2016-10-11,671634.0,27984.75,32305.0,18
2016-10-12,576139.0,24005.791666666668,28579.0,19
2016-10-13,663552.0,27648.0,32260.0,18
2016-10-14,658157.0,27423.208333333332,31571.0,18
2016-10-15,588296.0,24512.333333333332,28500.0,18
2016-10-16,550241.0,22926.708333333332,27388.0,19
2016-10-17,669420.0,27892.5,33372.0,18
2016-10-18,683231.0,28467.958333333332,33327.0,18
2016-10-19,685009.0,28542.041666666668,33211.0,18
2016-10-20,678647.0,28276.958333333332,33044.0,18
2016-10-21,675324.0,28138.5,32280.0,18
2016-10-22,608082.0,25336.75,28856.0,18
2016-10-23,567857.0,23660.708333333332,28365.0,19
2016-10-24,678832.0,28284.666666666668,33380.0,18
2016-10-25,687683.0,28653.458333333332,33503.0,18
2016-10-26,689300.0,28720.833333333332,33443.0,18
2016-10-27,680964.0,28373.5,33091.0,18
2016-10-28,677371.0,28223.791666666668,32156.0,18
2016-10-29,602039.0,25084.958333333332,28876.0,18
2016-10-30,552245.0,23010.208333333332,27780.0,19
2016-10-31,608312.0,25346.333333333332,29596.0,19
2016-11-01,557636.0,23234.833333333332,27562.0,19
2016-11-02,665526.0,27730.25,32802.0,19
2016-11-03,679166.0,28298.583333333332,33038.0,18
2016-11-04,687979.0,28665.791666666668,32905.0,18
2016-11-05,615471.0,25644.625,29098.0,19
2016-11-06,574686.0,23945.25,28628.0,19
2016-11-07,695631.0,28984.625,34094.0,18
2016-11-08,716757.0,29864.875,35272.0,19
2016-11-09,710483.0,29603.458333333332,34576.0,19
2016-11-10,724712.0,30196.333333333332,35228.0,18
2016-11-11,716633.0,29859.708333333332,34199.0,18
2016-11-12,635786.0,26491.083333333332,29779.0,19
2016-11-13,584387.0,24349.458333333332,29222.0,20
2016-11-14,704088.0,29337.0,34855.0,18
2016-11-15,728916.0,30371.5,35788.0,19
2016-11-16,729990.0,30416.25,35461.0,19
2016-11-17,723804.0,30158.5,35145.0,19
2016-11-18,721504.0,30062.666666666668,34390.0,18
2016-11-19,642105.0,26754.375,30116.0,19
2016-11-20,596739.0,24864.125,30090.0,20
2016-11-21,719422.0,29975.916666666668,35247.0,19
2016-11-22,739628.0,30817.833333333332,36010.0,18
2016-11-23,743040.0,30960.0,36134.0,19
2016-11-24,745416.0,31059.0,36361.0,18
2016-11-25,751601.0,31316.708333333332,35956.0,19
2016-11-26,668676.0,27861.5,31609.0,20
2016-11-27,622402.0,25933.416666666668,31052.0,20
2016-11-28,739170.0,30798.75,36290.0,19
2016-11-29,751946.0,31331.083333333332,36652.0,19
2016-11-30,746843.0,31118.458333333332,35906.0,19
2016-12-01,747903.0,31162.625,36185.0,19
2016-12-02,743612.0,30983.833333333332,35038.0,19
2016-12-03,668308.0,27846.166666666668,31657.0,19
2016-12-04,620334.0,25847.25,31530.0,20
2016-12-05,695934.0,28997.25,33346.0,18
2016-12-06,637755.0,26573.125,31554.0,20
2016-12-07,706846.0,29451.916666666668,33802.0,18
2016-12-08,628718.0,26196.583333333332,30966.0,20
2016-12-09,682905.0,28454.375,32552.0,18
2016-12-10,640812.0,26700.5,30386.0,19
2016-12-11,612274.0,25511.416666666668,30873.0,20
2016-12-12,733466.0,30561.083333333332,36185.0,19
2016-12-13,759893.0,31662.208333333332,36843.0,19
2016-12-14,767206.0,31966.916666666668,37181.0,19
2016-12-15,769230.0,32051.25,37085.0,19
2016-12-16,767201.0,31966.708333333332,36340.0,18
2016-12-17,676076.0,28169.833333333332,31865.0,19
2016-12-18,637436.0,26559.833333333332,32277.0,20
2016-12-19,770145.0,32089.375,37893.0,19
2016-12-20,775201.0,32300.041666666668,37283.0,19
2016-12-21,765144.0,31881.0,37320.0,19
2016-12-22,748596.0,31191.5,35588.0,19
2016-12-23,711740.0,29655.833333333332,34240.0,9
2016-12-24,620071.0,25836.291666666668,30442.0,18
2016-12-25,540011.0,22500.458333333332,27897.0,21
2016-12-26,599673.0,24986.375,30080.0,20
2016-12-27,671731.0,27988.791666666668,33385.0,18
2016-12-28,688273.0,28678.041666666668,33370.0,19
2016-12-29,688545.0,28689.375,33702.0,19
2016-12-30,692220.0,28842.5,33429.0,18
2016-12-31,626800.0,26116.666666666668,31639.0,18
2017-01-01,563502.0,23479.25,29180.0,20
2017-01-02,699084.0,29128.5,34922.0,18
2017-01-03,751676.0,31319.833333333332,36663.0,19
2017-01-04,746341.0,31097.541666666668,35711.0,19
2017-01-05,721603.0,30066.791666666668,35990.0,9
2017-01-06,614398.0,25599.916666666668,31070.0,20
2017-01-07,649206.0,27050.25,32323.0,20
2017-01-08,640396.0,26683.166666666668,32620.0,20
2017-01-09,784730.0,32697.083333333332,39003.0,19
2017-01-10,804569.0,33523.708333333336,39356.0,19
2017-01-11,777201.0,32383.375,37309.0,19
2017-01-12,767257.0,31969.041666666668,37344.0,19
2017-01-13,764721.0,31863.375,36696.0,18
2017-01-14,702583.0,29274.291666666668,34274.0,19
2017-01-15,662416.0,27600.666666666668,33992.0,20
2017-01-16,787137.0,32797.375,38745.0,19
2017-01-17,803813.0,33492.208333333336,39063.0,19
2017-01-18,835591.0,34816.291666666664,41103.0,19
2017-01-19,838562.0,34940.083333333336,40668.0,19
2017-01-20,836464.0,34852.666666666664,40219.0,9
2017-01-21,731209.0,30467.041666666668,34991.0,19
2017-01-22,672725.0,28030.208333333332,34098.0,20
2017-01-23,799429.0,33309.541666666664,39273.0,19
2017-01-24,809685.0,33736.875,39351.0,19
2017-01-25,809916.0,33746.5,39251.0,19
2017-01-26,812324.0,33846.833333333336,39160.0,19
2017-01-27,800282.0,33345.083333333336,38477.0,9
2017-01-28,709290.0,29553.75,33758.0,19
2017-01-29,654189.0,27257.875,32931.0,19
2017-01-30,765727.0,31905.291666666668,37529.0,19
2017-01-31,767549.0,31981.208333333332,37062.0,19
2017-02-01,756375.0,31515.625,36330.0,19
2017-02-02,754880.0,31453.333333333332,36147.0,19
2017-02-03,749175.0,31215.625,35515.0,9
2017-02-04,665483.0,27728.458333333332,31256.0,20
2017-02-05,622825.0,25951.041666666668,31250.0,20
2017-02-06,742343.0,30930.958333333332,36251.0,19
2017-02-07,750209.0,31258.708333333332,35932.0,19
2017-02-08,750381.0,31265.875,36207.0,19
2017-02-09,763246.0,31801.916666666668,36720.0,19
2017-02-10,769275.0,32053.125,36665.0,9
2017-02-11,692557.0,28856.541666666668,32737.0,19
2017-02-12,636500.0,26520.833333333332,31904.0,20
2017-02-13,747337.0,31139.041666666668,36133.0,19
2017-02-14,750522.0,31271.75,36257.0,19
2017-02-15,734243.0,30593.458333333332,35398.0,19
2017-02-16,737773.0,30740.541666666668,35585.0,19
2017-02-17,737099.0,30712.458333333332,35081.0,9
2017-02-18,660262.0,27510.916666666668,31349.0,20
2017-02-19,617731.0,25738.791666666668,31209.0,20
2017-02-20,728841.0,30368.375,35573.0,19
2017-02-21,735177.0,30632.375,35614.0,19
2017-02-22,731012.0,30458.833333333332,35256.0,19
2017-02-23,736421.0,30684.208333333332,35328.0,19
2017-02-24,728420.0,30350.833333333332,34536.0,10
2017-02-25,653428.0,27226.166666666668,31099.0,19
2017-02-26,603937.0,25164.041666666668,30190.0,20
2017-02-27,702555.0,29273.125,33731.0,9
2017-02-28,707511.0,29479.625,33982.0,19
2017-03-01,728300.0,30345.833333333332,34724.0,9
2017-03-02,724079.0,30169.958333333332,34598.0,19
2017-03-03,729233.0,30384.708333333332,34588.0,19
2017-03-04,665915.0,27746.458333333332,31715.0,19
2017-03-05,611619.0,25484.125,30757.0,20
2017-03-06,702762.0,29281.75,34101.0,19
2017-03-07,710574.0,29607.25,34493.0,19
2017-03-08,702095.0,29253.958333333332,33725.0,19
2017-03-09,694438.0,28934.916666666668,33551.0,19
2017-03-10,685474.0,28561.416666666668,32406.0,19
2017-03-11,604996.0,25208.166666666668,28535.0,20
2017-03-12,564404.0,23516.833333333332,28525.0,20
2017-03-13,698089.0,29087.041666666668,34369.0,19
2017-03-14,712078.0,29669.916666666668,34540.0,19
2017-03-15,695426.0,28976.083333333332,33631.0,19
2017-03-16,694907.0,28954.458333333332,33494.0,19
2017-03-17,691985.0,28832.708333333332,32680.0,9
2017-03-18,604591.0,25191.291666666668,28779.0,19
2017-03-19,562173.0,23423.875,28429.0,20
2017-03-20,654560.0,27273.333333333332,32214.0,19
2017-03-21,692747.0,28864.458333333332,33878.0,19
2017-03-22,710612.0,29608.833333333332,34605.0,19
2017-03-23,728666.0,30361.083333333332,35374.0,19
2017-03-24,733259.0,30552.458333333332,35038.0,9
2017-03-25,658806.0,27450.25,31393.0,19
2017-03-26,600497.0,25020.708333333332,30927.0,19
2017-03-27,716297.0,29845.708333333332,34666.0,19
2017-03-28,717601.0,29900.041666666668,33896.0,8
2017-03-29,696285.0,29011.875,33367.0,19
2017-03-30,692244.0,28843.5,32663.0,19
2017-03-31,681675.0,28403.125,32209.0,8
2017-04-01,610142.0,25422.583333333332,29013.0,19
2017-04-02,574192.0,23924.666666666668,29216.0,19
2017-04-03,679798.0,28324.916666666668,32777.0,19
2017-04-04,685699.0,28570.791666666668,32732.0,19
2017-04-05,683894.0,28495.583333333332,32415.0,19
2017-04-06,680159.0,28339.958333333332,32566.0,19
2017-04-07,672617.0,28025.708333333332,31748.0,8
2017-04-08,607928.0,25330.333333333332,28735.0,19
2017-04-09,558337.0,23264.041666666668,28052.0,19
2017-04-10,656913.0,27371.375,31582.0,10
2017-04-11,658636.0,27443.166666666668,31128.0,19
2017-04-12,650985.0,27124.375,30379.0,19
2017-04-13,562316.0,23429.833333333332,26790.0,19
2017-04-14,519455.0,21643.958333333332,25354.0,19
2017-04-15,548256.0,22844.0,26877.0,19
2017-04-16,522945.0,21789.375,26271.0,19
2017-04-17,579647.0,24151.958333333332,28554.0,19
2017-04-18,650282.0,27095.083333333332,31127.0,19
2017-04-19,673746.0,28072.75,31657.0,19
2017-04-20,677126.0,28213.583333333332,31787.0,19
2017-04-21,671817.0,27992.375,31615.0,8
2017-04-22,601863.0,25077.625,28283.0,19
2017-04-23,558121.0,23255.041666666668,27801.0,19
2017-04-24,642643.0,26776.791666666668,30569.0,19
2017-04-25,672970.0,28040.416666666668,31816.0,19
2017-04-26,681309.0,28387.875,32077.0,10
2017-04-27,686248.0,28593.666666666668,32387.0,19
2017-04-28,692739.0,28864.125,32763.0,10
2017-04-29,615282.0,25636.75,28980.0,8
2017-04-30,561798.0,23408.25,26738.0,19
2017-05-01,536324.0,22346.833333333332,26037.0,20
2017-05-02,652428.0,27184.5,31018.0,10
2017-05-03,673645.0,28068.541666666668,31805.0,19
2017-05-04,677226.0,28217.75,31570.0,11
2017-05-05,672366.0,28015.25,31770.0,10
2017-05-06,603114.0,25129.75,28254.0,10
2017-05-07,551601.0,22983.375,26345.0,20
2017-05-08,664652.0,27693.833333333332,31706.0,11
2017-05-09,676818.0,28200.75,31770.0,10
2017-05-10,679229.0,28301.208333333332,31942.0,10
2017-05-11,676924.0,28205.166666666668,31680.0,10
2017-05-12,669092.0,27878.833333333332,31493.0,10
2017-05-13,598511.0,24937.958333333332,28076.0,11
2017-05-14,550487.0,22936.958333333332,26821.0,20
2017-05-15,651751.0,27156.291666666668,30958.0,11
2017-05-16,689805.0,28741.875,32780.0,11
2017-05-17,682341.0,28430.875,32146.0,11
2017-05-18,677858.0,28244.083333333332,31939.0,10
2017-05-19,665532.0,27730.5,31480.0,10
2017-05-20,597005.0,24875.208333333332,27991.0,11
2017-05-21,558863.0,23285.958333333332,26991.0,20
2017-05-22,673244.0,28051.833333333332,32215.0,11
2017-05-23,691656.0,28819.0,32996.0,11
2017-05-24,704815.0,29367.291666666668,33488.0,11
2017-05-25,714876.0,29786.5,34102.0,11
2017-05-26,708754.0,29531.416666666668,34057.0,11
2017-05-27,628163.0,26173.458333333332,30029.0,11
2017-05-28,576225.0,24009.375,27390.0,20
2017-05-29,681834.0,28409.75,32772.0,11
2017-05-30,686235.0,28593.125,32493.0,11
2017-05-31,689744.0,28739.333333333332,32506.0,11
2017-06-01,701514.0,29229.75,32950.0,11
2017-06-02,707328.0,29472.0,33833.0,11
2017-06-03,628054.0,26168.916666666668,29950.0,11
2017-06-04,567403.0,23641.791666666668,27500.0,20
2017-06-05,661472.0,27561.333333333332,31386.0,11
2017-06-06,694763.0,28948.458333333332,32837.0,11
2017-06-07,702721.0,29280.041666666668,33050.0,11
2017-06-08,717625.0,29901.041666666668,33818.0,11
2017-06-09,719167.0,29965.291666666668,34585.0,11
2017-06-10,649180.0,27049.166666666668,30543.0,11
2017-06-11,612919.0,25538.291666666668,29431.0,20
2017-06-12,743618.0,30984.083333333332,35613.0,11
2017-06-13,767536.0,31980.666666666668,36639.0,15
2017-06-14,783428.0,32642.833333333332,37412.0,11
2017-06-15,781684.0,32570.166666666668,37110.0,15
2017-06-16,792304.0,33012.666666666664,38150.0,11
2017-06-17,729079.0,30378.291666666668,34842.0,11
2017-06-18,672728.0,28030.333333333332,32305.0,20
2017-06-19,811233.0,33801.375,39348.0,11
2017-06-20,813681.0,33903.375,38913.0,11
2017-06-21,814284.0,33928.5,38970.0,11
2017-06-22,810282.0,33761.75,38835.0,11
2017-06-23,793534.0,33063.916666666664,38379.0,11
2017-06-24,688024.0,28667.666666666668,32303.0,11
2017-06-25,650081.0,27086.708333333332,30844.0,20
2017-06-26,764517.0,31854.875,37090.0,11
2017-06-27,767309.0,31971.208333333332,36391.0,11
2017-06-28,745590.0,31066.25,35439.0,11
2017-06-29,705835.0,29409.791666666668,33474.0,11
2017-06-30,686249.0,28593.708333333332,32272.0,11
2017-07-01,625664.0,26069.333333333332,29340.0,11
2017-07-02,579175.0,24132.291666666668,27960.0,20
2017-07-03,705232.0,29384.666666666668,33913.0,11
2017-07-04,740153.0,30839.708333333332,35276.0,11
2017-07-05,749415.0,31225.625,35684.0,11
2017-07-06,743120.0,30963.333333333332,35389.0,11
2017-07-07,727564.0,30315.166666666668,34764.0,11
2017-07-08,648747.0,27031.125,30694.0,11
2017-07-09,601246.0,25051.916666666668,29018.0,20
2017-07-10,736485.0,30686.875,35870.0,11
2017-07-11,757038.0,31543.25,35953.0,11
2017-07-12,785319.0,32721.625,37342.0,11
2017-07-13,814264.0,33927.666666666664,39187.0,11
2017-07-14,801898.0,33412.416666666664,38811.0,11
2017-07-15,713722.0,29738.416666666668,33499.0,12
2017-07-16,654484.0,27270.166666666668,31510.0,20
2017-07-17,791462.0,32977.583333333336,38283.0,11
2017-07-18,809054.0,33710.583333333336,38833.0,11
2017-07-19,799276.0,33303.166666666664,38370.0,11
2017-07-20,773390.0,32224.583333333332,37027.0,11
2017-07-21,755307.0,31471.125,36333.0,11
2017-07-22,678458.0,28269.083333333332,31987.0,11
2017-07-23,622954.0,25956.416666666668,29883.0,20
2017-07-24,732949.0,30539.541666666668,35302.0,11
2017-07-25,720173.0,30007.208333333332,33985.0,11
2017-07-26,753397.0,31391.541666666668,36036.0,11
2017-07-27,775839.0,32326.625,37008.0,11
2017-07-28,779470.0,32477.916666666668,37656.0,11
2017-07-29,701100.0,29212.5,32757.0,11
2017-07-30,650649.0,27110.375,31217.0,20
2017-07-31,740917.0,30871.541666666668,36000.0,11
2017-08-01,755766.0,31490.25,36192.0,11
2017-08-02,760477.0,31686.541666666668,36521.0,11
2017-08-03,781224.0,32551.0,37769.0,11
2017-08-04,782936.0,32622.333333333332,38191.0,11
2017-08-05,709683.0,29570.125,33243.0,12
2017-08-06,640964.0,26706.833333333332,30687.0,20
2017-08-07,746631.0,31109.625,35859.0,13
2017-08-08,741157.0,30881.541666666668,35584.0,11
2017-08-09,703061.0,29294.208333333332,33523.0,11
2017-08-10,672868.0,28036.166666666668,31623.0,11
2017-08-11,673337.0,28055.708333333332,32065.0,11
2017-08-12,630004.0,26250.166666666668,29039.0,11
2017-08-13,586548.0,24439.5,28306.0,20
2017-08-14,660903.0,27537.625,31204.0,12
2017-08-15,616184.0,25674.333333333332,29984.0,19
2017-08-16,711836.0,29659.833333333332,34540.0,11
2017-08-17,725000.0,30208.333333333332,34595.0,11
2017-08-18,727358.0,30306.583333333332,35004.0,11
2017-08-19,659424.0,27476.0,31080.0,11
2017-08-20,614315.0,25596.458333333332,29840.0,19
2017-08-21,744191.0,31007.958333333332,36064.0,11
2017-08-22,772708.0,32196.166666666668,37371.0,11
2017-08-23,757789.0,31574.541666666668,36616.0,11
2017-08-24,757594.0,31566.416666666668,36716.0,11
2017-08-25,749112.0,31213.0,36220.0,11
2017-08-26,677501.0,28229.208333333332,31871.0,11
2017-08-27,626939.0,26122.458333333332,30134.0,19
2017-08-28,729914.0,30413.083333333332,35303.0,11
2017-08-29,722353.0,30098.041666666668,35112.0,11
2017-08-30,710569.0,29607.041666666668,34388.0,11
2017-08-31,702299.0,29262.458333333332,33600.0,11
2017-09-01,700296.0,29179.0,33628.0,11
2017-09-02,628711.0,26196.291666666668,29471.0,11
2017-09-03,588512.0,24521.333333333332,29101.0,19
2017-09-04,711274.0,29636.416666666668,34525.0,11
2017-09-05,743666.0,30986.083333333332,35982.0,11
2017-09-06,743542.0,30980.916666666668,35712.0,11
2017-09-07,739022.0,30792.583333333332,35449.0,11
2017-09-08,716479.0,29853.291666666668,34232.0,11
2017-09-09,639045.0,26626.875,29999.0,11
2017-09-10,578564.0,24106.833333333332,28572.0,19
2017-09-11,676455.0,28185.625,32411.0,11
2017-09-12,710858.0,29619.083333333332,33844.0,11
2017-09-13,721787.0,30074.458333333332,34304.0,11
2017-09-14,727123.0,30296.791666666668,34505.0,11
2017-09-15,696735.0,29030.625,33008.0,11
2017-09-16,606130.0,25255.416666666668,28381.0,19
2017-09-17,560483.0,23353.458333333332,27597.0,19
2017-09-18,676568.0,28190.333333333332,32404.0,11
2017-09-19,691806.0,28825.25,32532.0,19
2017-09-20,698454.0,29102.25,32966.0,11
2017-09-21,698340.0,29097.5,32751.0,11
2017-09-22,693198.0,28883.25,32840.0,11
2017-09-23,622482.0,25936.75,29230.0,19
2017-09-24,580850.0,24202.083333333332,28599.0,19
2017-09-25,680872.0,28369.666666666668,32567.0,19
2017-09-26,706799.0,29449.958333333332,33314.0,18
2017-09-27,703941.0,29330.875,33413.0,18
2017-09-28,706426.0,29434.416666666668,33259.0,18
2017-09-29,698391.0,29099.625,33061.0,11
2017-09-30,618980.0,25790.833333333332,28815.0,19
2017-10-01,570363.0,23765.125,28207.0,19
2017-10-02,692667.0,28861.125,33601.0,18
2017-10-03,709438.0,29559.916666666668,33930.0,18
2017-10-04,702262.0,29260.916666666668,33381.0,18
2017-10-05,713701.0,29737.541666666668,34149.0,18
2017-10-06,706688.0,29445.333333333332,33457.0,11
2017-10-07,617876.0,25744.833333333332,28896.0,18
2017-10-08,566998.0,23624.916666666668,28065.0,19
2017-10-09,673946.0,28081.083333333332,32518.0,18
2017-10-10,695473.0,28978.041666666668,33397.0,18
2017-10-11,693489.0,28895.375,32508.0,18
2017-10-12,583528.0,24313.666666666668,28409.0,19
2017-10-13,642691.0,26778.791666666668,31029.0,18
2017-10-14,607530.0,25313.75,28689.0,18
2017-10-15,572116.0,23838.166666666668,27997.0,19
2017-10-16,679137.0,28297.375,33200.0,18
2017-10-17,687361.0,28640.041666666668,32931.0,18
2017-10-18,688850.0,28702.083333333332,33285.0,18
2017-10-19,680944.0,28372.666666666668,32540.0,18
2017-10-20,674132.0,28088.833333333332,31920.0,10
2017-10-21,602316.0,25096.5,28225.0,18
2017-10-22,555179.0,23132.458333333332,27451.0,19
2017-10-23,665094.0,27712.25,32562.0,18
2017-10-24,686235.0,28593.125,33309.0,18
2017-10-25,693555.0,28898.125,33484.0,18
2017-10-26,690699.0,28779.125,33279.0,18
2017-10-27,684546.0,28522.75,32644.0,18
2017-10-28,596129.0,24838.708333333332,28203.0,18
2017-10-29,547097.0,22795.708333333332,27140.0,19
2017-10-30,665912.0,27746.333333333332,32826.0,19
2017-10-31,673586.0,28066.083333333332,32511.0,18
2017-11-01,582478.0,24269.916666666668,28221.0,19
2017-11-02,672475.0,28019.791666666668,33000.0,18
2017-11-03,682676.0,28444.833333333332,32414.0,18
2017-11-04,609182.0,25382.583333333332,28601.0,19
2017-11-05,563263.0,23469.291666666668,27788.0,19
2017-11-06,686632.0,28609.666666666668,33944.0,18
2017-11-07,704631.0,29359.625,34260.0,19
2017-11-08,713376.0,29724.0,34581.0,18
2017-11-09,704094.0,29337.25,34015.0,18
2017-11-10,719611.0,29983.791666666668,33818.0,9
2017-11-11,637807.0,26575.291666666668,29592.0,19
2017-11-12,589489.0,24562.041666666668,29136.0,20
2017-11-13,712630.0,29692.916666666668,35258.0,18
2017-11-14,738860.0,30785.833333333332,36038.0,19
2017-11-15,751001.0,31291.708333333332,36791.0,19
2017-11-16,746741.0,31114.208333333332,36175.0,19
2017-11-17,736530.0,30688.75,34634.0,18
2017-11-18,653455.0,27227.291666666668,30684.0,19
2017-11-19,609020.0,25375.833333333332,30583.0,20
2017-11-20,737460.0,30727.5,36186.0,19
2017-11-21,747183.0,31132.625,36092.0,19
2017-11-22,756527.0,31521.958333333332,36713.0,19
2017-11-23,747003.0,31125.125,35770.0,19
2017-11-24,735994.0,30666.416666666668,34580.0,18
2017-11-25,658496.0,27437.333333333332,30734.0,19
2017-11-26,619450.0,25810.416666666668,31021.0,19
2017-11-27,753355.0,31389.791666666668,37292.0,19
2017-11-28,774558.0,32273.25,37671.0,19
2017-11-29,780591.0,32524.625,37620.0,19
2017-11-30,785788.0,32741.166666666668,38127.0,19
2017-12-01,793157.0,33048.208333333336,37568.0,9
2017-12-02,720934.0,30038.916666666668,34003.0,19
2017-12-03,674062.0,28085.916666666668,33940.0,20
2017-12-04,806773.0,33615.541666666664,39743.0,19
2017-12-05,812659.0,33860.791666666664,38895.0,19
2017-12-06,704292.0,29345.5,35088.0,20
2017-12-07,744496.0,31020.666666666668,35447.0,19
2017-12-08,676221.0,28175.875,33999.0,19
2017-12-09,682625.0,28442.708333333332,32229.0,9
2017-12-10,636708.0,26529.5,32114.0,20
2017-12-11,771319.0,32138.291666666668,37498.0,19
2017-12-12,796545.0,33189.375,38147.0,19
2017-12-13,803456.0,33477.333333333336,38470.0,19
2017-12-14,795092.0,33128.833333333336,37892.0,19
2017-12-15,781197.0,32549.875,37271.0,9
2017-12-16,695857.0,28994.041666666668,33124.0,19
2017-12-17,658985.0,27457.708333333332,33456.0,20
2017-12-18,793565.0,33065.208333333336,38822.0,19
2017-12-19,802919.0,33454.958333333336,38354.0,19
2017-12-20,802335.0,33430.625,38502.0,19
2017-12-21,788996.0,32874.833333333336,37732.0,19
2017-12-22,756450.0,31518.75,36343.0,9
2017-12-23,668422.0,27850.916666666668,31407.0,20
2017-12-24,631499.0,26312.458333333332,30863.0,18
2017-12-25,560504.0,23354.333333333332,28897.0,19
2017-12-26,670499.0,27937.458333333332,33469.0,18
2017-12-27,706401.0,29433.375,34041.0,19
2017-12-28,699623.0,29150.958333333332,33774.0,19
2017-12-29,679026.0,28292.75,32404.0,9
2017-12-30,615780.0,25657.5,30052.0,20
2017-12-31,583282.0,24303.416666666668,28384.0,18
2018-01-01,547430.0,22809.583333333332,28508.0,20
2018-01-02,691543.0,28814.291666666668,33998.0,10
2018-01-03,719323.0,29971.791666666668,34760.0,9
2018-01-04,714703.0,29779.291666666668,34134.0,10
2018-01-05,692495.0,28853.958333333332,33641.0,9
2018-01-06,607299.0,25304.125,29396.0,19
2018-01-07,641716.0,26738.166666666668,32790.0,20
2018-01-08,784279.0,32678.291666666668,38154.0,19
2018-01-09,807542.0,33647.583333333336,39284.0,19
2018-01-10,802171.0,33423.791666666664,38204.0,9
2018-01-11,795644.0,33151.833333333336,38025.0,19
2018-01-12,794205.0,33091.875,38061.0,10
2018-01-13,720965.0,30040.208333333332,34262.0,20
2018-01-14,678164.0,28256.833333333332,34436.0,19
2018-01-15,805313.0,33554.708333333336,39074.0,19
2018-01-16,796704.0,33196.0,38279.0,19
2018-01-17,783065.0,32627.708333333332,37270.0,19
2018-01-18,786113.0,32754.708333333332,37488.0,19
2018-01-19,777076.0,32378.166666666668,36938.0,9
2018-01-20,687167.0,28631.958333333332,32277.0,10
2018-01-21,629605.0,26233.541666666668,31527.0,19
2018-01-22,740401.0,30850.041666666668,35793.0,19
2018-01-23,757185.0,31549.375,36484.0,19
2018-01-24,755294.0,31470.583333333332,36116.0,19
2018-01-25,766067.0,31919.458333333332,36852.0,19
2018-01-26,778864.0,32452.666666666668,36981.0,9
2018-01-27,710165.0,29590.208333333332,33759.0,19
2018-01-28,651186.0,27132.75,32960.0,20
2018-01-29,770638.0,32109.916666666668,37297.0,10
2018-01-30,774991.0,32291.291666666668,37414.0,19
2018-01-31,775301.0,32304.208333333332,37231.0,19
2018-02-01,780820.0,32534.166666666668,37484.0,19
2018-02-02,797998.0,33249.916666666664,37919.0,10
2018-02-03,714513.0,29771.375,33722.0,19
2018-02-04,677048.0,28210.333333333332,34190.0,20
2018-02-05,813437.0,33893.208333333336,39857.0,19
2018-02-06,828212.0,34508.833333333336,40306.0,19
2018-02-07,828117.0,34504.875,40300.0,19
2018-02-08,838288.0,34928.666666666664,40699.0,19
2018-02-09,828648.0,34527.0,39656.0,9
2018-02-10,735789.0,30657.875,34780.0,19
2018-02-11,668890.0,27870.416666666668,33699.0,20
2018-02-12,793294.0,33053.916666666664,38765.0,19
2018-02-13,809263.0,33719.291666666664,39364.0,19
2018-02-14,801270.0,33386.25,38265.0,19
2018-02-15,779192.0,32466.333333333332,37110.0,19
2018-02-16,761666.0,31736.083333333332,36311.0,9
2018-02-17,678643.0,28276.791666666668,31908.0,20
2018-02-18,640789.0,26699.541666666668,32208.0,19
2018-02-19,758175.0,31590.625,37114.0,19
2018-02-20,768262.0,32010.916666666668,36767.0,19
2018-02-21,772911.0,32204.625,37298.0,19
2018-02-22,785559.0,32731.625,38093.0,19
2018-02-23,791419.0,32975.791666666664,37799.0,9
2018-02-24,712032.0,29668.0,33787.0,19
2018-02-25,658001.0,27416.708333333332,32948.0,20
2018-02-26,775576.0,32315.666666666668,38048.0,19
2018-02-27,811400.0,33808.333333333336,39431.0,19
2018-02-28,787017.0,32792.375,37836.0,19
2018-03-01,795155.0,33131.458333333336,38330.0,19
2018-03-02,778401.0,32433.375,37447.0,9
2018-03-03,682283.0,28428.458333333332,32112.0,10
2018-03-04,629482.0,26228.416666666668,31761.0,20
2018-03-05,755077.0,31461.541666666668,37022.0,19
2018-03-06,773704.0,32237.666666666668,37632.0,19
2018-03-07,774503.0,32270.958333333332,37446.0,19
2018-03-08,762771.0,31782.125,36868.0,19
2018-03-09,741224.0,30884.333333333332,35300.0,9
2018-03-10,660098.0,27504.083333333332,30950.0,19
2018-03-11,616544.0,25689.333333333332,30957.0,19
2018-03-12,736989.0,30707.875,36162.0,19
2018-03-13,748622.0,31192.583333333332,35811.0,19
2018-03-14,749436.0,31226.5,35798.0,19
2018-03-15,753315.0,31388.125,36014.0,19
2018-03-16,742597.0,30941.541666666668,35372.0,9
2018-03-17,674311.0,28096.291666666668,31912.0,10
2018-03-18,632099.0,26337.458333333332,31733.0,19
2018-03-19,732905.0,30537.708333333332,35841.0,19
2018-03-20,789164.0,32881.833333333336,38035.0,19
2018-03-21,793892.0,33078.833333333336,38177.0,19
2018-03-22,782273.0,32594.708333333332,37742.0,19
2018-03-23,766639.0,31943.291666666668,36667.0,9
2018-03-24,692785.0,28866.041666666668,32703.0,19
2018-03-25,626155.0,26089.791666666668,32316.0,19
2018-03-26,742948.0,30956.166666666668,36040.0,9
2018-03-27,732151.0,30506.291666666668,35144.0,8
2018-03-28,703061.0,29294.208333333332,33586.0,8
2018-03-29,617278.0,25719.916666666668,29637.0,19
2018-03-30,571678.0,23819.916666666668,28141.0,19
2018-03-31,612392.0,25516.333333333332,29166.0,19
2018-04-01,569553.0,23731.375,28884.0,19
2018-04-02,627092.0,26128.833333333332,31091.0,19
2018-04-03,705475.0,29394.791666666668,34111.0,9
2018-04-04,712310.0,29679.583333333332,33749.0,9
2018-04-05,712451.0,29685.458333333332,33963.0,8
2018-04-06,706237.0,29426.541666666668,33424.0,8
2018-04-07,636923.0,26538.458333333332,30319.0,9
2018-04-08,596686.0,24861.916666666668,29667.0,19
2018-04-09,708925.0,29538.541666666668,34114.0,19
2018-04-10,740406.0,30850.25,35445.0,19
2018-04-11,753596.0,31399.833333333332,35995.0,10
2018-04-12,740855.0,30868.958333333332,35244.0,8
2018-04-13,737394.0,30724.75,35236.0,9
2018-04-14,646809.0,26950.375,31002.0,9
2018-04-15,590040.0,24585.0,29453.0,19
2018-04-16,704296.0,29345.666666666668,33842.0,9
2018-04-17,706184.0,29424.333333333332,33604.0,8
2018-04-18,699544.0,29147.666666666668,32881.0,9
2018-04-19,690562.0,28773.416666666668,32455.0,10
2018-04-20,680524.0,28355.166666666668,32467.0,10
2018-04-21,598557.0,24939.875,28229.0,19
2018-04-22,560156.0,23339.833333333332,28102.0,19
2018-04-23,656538.0,27355.75,31367.0,19
2018-04-24,680021.0,28334.208333333332,32130.0,10
2018-04-25,682420.0,28434.166666666668,32170.0,10
2018-04-26,681980.0,28415.833333333332,32121.0,10
2018-04-27,674587.0,28107.791666666668,31944.0,10
2018-04-28,601065.0,25044.375,28286.0,11
2018-04-29,563177.0,23465.708333333332,27943.0,19
2018-04-30,617433.0,25726.375,29186.0,19
2018-05-01,554393.0,23099.708333333332,27305.0,19
2018-05-02,667214.0,27800.583333333332,32248.0,10
2018-05-03,686183.0,28590.958333333332,32112.0,10
2018-05-04,683412.0,28475.5,32441.0,10
2018-05-05,606258.0,25260.75,28550.0,9
2018-05-06,558781.0,23282.541666666668,27203.0,19
2018-05-07,667687.0,27820.291666666668,32344.0,10
2018-05-08,684441.0,28518.375,32304.0,10
2018-05-09,678894.0,28287.25,31987.0,10
2018-05-10,677303.0,28220.958333333332,31881.0,10
2018-05-11,674269.0,28094.541666666668,31934.0,10
2018-05-12,602209.0,25092.041666666668,28496.0,11
2018-05-13,560560.0,23356.666666666668,27146.0,19
2018-05-14,665344.0,27722.666666666668,31871.0,10
2018-05-15,668389.0,27849.541666666668,31219.0,10
2018-05-16,684055.0,28502.291666666668,32415.0,10
2018-05-17,678075.0,28253.125,31697.0,11
2018-05-18,676671.0,28194.625,32138.0,10
2018-05-19,602844.0,25118.5,28331.0,11
2018-05-20,557219.0,23217.458333333332,26711.0,20
2018-05-21,656480.0,27353.333333333332,31296.0,11
2018-05-22,678050.0,28252.083333333332,32062.0,11
2018-05-23,684480.0,28520.0,32347.0,11
2018-05-24,686951.0,28622.958333333332,32395.0,11
2018-05-25,680598.0,28358.25,32542.0,10
2018-05-26,601188.0,25049.5,28296.0,11
2018-05-27,556296.0,23179.0,26532.0,20
2018-05-28,663172.0,27632.166666666668,31754.0,10
2018-05-29,676762.0,28198.416666666668,32078.0,10
2018-05-30,673652.0,28068.833333333332,32085.0,10
2018-05-31,668127.0,27838.625,31723.0,10
2018-06-01,670579.0,27940.791666666668,32206.0,10
2018-06-02,598279.0,24928.291666666668,28496.0,11
2018-06-03,550513.0,22938.041666666668,26443.0,20
2018-06-04,659065.0,27461.041666666668,31675.0,10
2018-06-05,677157.0,28214.875,32154.0,10
2018-06-06,675287.0,28136.958333333332,32126.0,10
2018-06-07,673053.0,28043.875,31786.0,10
2018-06-08,671668.0,27986.166666666668,32156.0,10
2018-06-09,598670.0,24944.583333333332,28349.0,11
2018-06-10,553661.0,23069.208333333332,26688.0,20
2018-06-11,670270.0,27927.916666666668,32228.0,10
2018-06-12,688194.0,28674.75,32619.0,11
2018-06-13,692613.0,28858.875,32840.0,10
2018-06-14,694262.0,28927.583333333332,32799.0,11
2018-06-15,693741.0,28905.875,33098.0,11
2018-06-16,619750.0,25822.916666666668,29263.0,11
2018-06-17,580726.0,24196.916666666668,27852.0,20
2018-06-18,710407.0,29600.291666666668,34522.0,11
2018-06-19,725882.0,30245.083333333332,34709.0,11
2018-06-20,739110.0,30796.25,35520.0,11
2018-06-21,744317.0,31013.208333333332,35759.0,11
2018-06-22,743453.0,30977.208333333332,35886.0,11
2018-06-23,661010.0,27542.083333333332,31709.0,11
2018-06-24,619440.0,25810.0,29404.0,20
2018-06-25,739224.0,30801.0,35900.0,13
2018-06-26,760898.0,31704.083333333332,36641.0,11
2018-06-27,754610.0,31442.083333333332,36303.0,11
2018-06-28,748012.0,31167.166666666668,35788.0,11
2018-06-29,737929.0,30747.041666666668,35725.0,11
2018-06-30,657964.0,27415.166666666668,31146.0,11
2018-07-01,606212.0,25258.833333333332,29052.0,20
2018-07-02,727311.0,30304.625,35425.0,11
2018-07-03,744739.0,31030.791666666668,35796.0,11
2018-07-04,744567.0,31023.625,35648.0,11
2018-07-05,739407.0,30808.625,35438.0,11
2018-07-06,732876.0,30536.5,35300.0,11
2018-07-07,662621.0,27609.208333333332,31708.0,11
2018-07-08,621254.0,25885.583333333332,29365.0,20
2018-07-09,748255.0,31177.291666666668,36461.0,11
2018-07-10,774812.0,32283.833333333332,37618.0,11
2018-07-11,770544.0,32106.0,37613.0,11
2018-07-12,759991.0,31666.291666666668,36597.0,11
2018-07-13,756108.0,31504.5,36822.0,11
2018-07-14,669220.0,27884.166666666668,31837.0,11
2018-07-15,614245.0,25593.541666666668,29279.0,20
2018-07-16,733029.0,30542.875,35475.0,11
2018-07-17,755405.0,31475.208333333332,36457.0,11
2018-07-18,762981.0,31790.875,37036.0,11
2018-07-19,766124.0,31921.833333333332,36711.0,11
2018-07-20,753403.0,31391.791666666668,36698.0,11
2018-07-21,658674.0,27444.75,31180.0,11
2018-07-22,600011.0,25000.458333333332,28836.0,20
2018-07-23,742733.0,30947.208333333332,36400.0,11
2018-07-24,765828.0,31909.5,37200.0,11
2018-07-25,755567.0,31481.958333333332,36305.0,11
2018-07-26,764554.0,31856.416666666668,36938.0,11
2018-07-27,760266.0,31677.75,37124.0,11
2018-07-28,676564.0,28190.166666666668,31886.0,11
2018-07-29,620988.0,25874.5,29643.0,20
2018-07-30,743431.0,30976.291666666668,36505.0,11
2018-07-31,757176.0,31549.0,36930.0,11
2018-08-01,777238.0,32384.916666666668,38362.0,11
2018-08-02,800319.0,33346.625,39292.0,11
2018-08-03,810293.0,33762.208333333336,40032.0,12
2018-08-04,717759.0,29906.625,33766.0,11
2018-08-05,666361.0,27765.041666666668,32177.0,20
2018-08-06,786964.0,32790.166666666664,39032.0,12
2018-08-07,786886.0,32786.916666666664,38572.0,11
2018-08-08,765408.0,31892.0,37140.0,11
2018-08-09,742967.0,30956.958333333332,36314.0,11
2018-08-10,717674.0,29903.083333333332,34517.0,11
2018-08-11,662328.0,27597.0,31227.0,12
2018-08-12,626676.0,26111.5,29764.0,20
2018-08-13,710378.0,29599.083333333332,34441.0,11
2018-08-14,702659.0,29277.458333333332,33743.0,11
2018-08-15,620914.0,25871.416666666668,29453.0,19
2018-08-16,693781.0,28907.541666666668,33563.0,11
2018-08-17,673295.0,28053.958333333332,32575.0,11
2018-08-18,615291.0,25637.125,28754.0,19
2018-08-19,587159.0,24464.958333333332,28320.0,19
2018-08-20,701137.0,29214.041666666668,34193.0,11
2018-08-21,726083.0,30253.458333333332,35427.0,11
2018-08-22,737379.0,30724.125,35937.0,11
2018-08-23,733451.0,30560.458333333332,35579.0,11
2018-08-24,725697.0,30237.375,34844.0,11
2018-08-25,649284.0,27053.5,30455.0,11
2018-08-26,604099.0,25170.791666666668,29076.0,19
2018-08-27,743361.0,30973.375,36235.0,11
2018-08-28,767006.0,31958.583333333332,37983.0,11
2018-08-29,759545.0,31647.708333333332,36940.0,11
2018-08-30,756261.0,31510.875,36766.0,11
2018-08-31,750214.0,31258.916666666668,36222.0,11
2018-09-01,669772.0,27907.166666666668,31388.0,11
2018-09-02,632952.0,26373.0,30841.0,19
2018-09-03,755131.0,31463.791666666668,37034.0,11
2018-09-04,754408.0,31433.666666666668,36162.0,11
2018-09-05,749458.0,31227.416666666668,36253.0,11
2018-09-06,731902.0,30495.916666666668,34960.0,11
2018-09-07,720186.0,30007.75,34756.0,11
2018-09-08,628420.0,26184.166666666668,29768.0,11
2018-09-09,583839.0,24326.625,28476.0,19
2018-09-10,688572.0,28690.5,33062.0,11
2018-09-11,693227.0,28884.458333333332,32810.0,11
2018-09-12,735223.0,30634.291666666668,35561.0,11
2018-09-13,740341.0,30847.541666666668,35579.0,11
2018-09-14,735149.0,30631.208333333332,35546.0,11
2018-09-15,638399.0,26599.958333333332,30160.0,11
2018-09-16,593125.0,24713.541666666668,29218.0,19
2018-09-17,723862.0,30160.916666666668,35211.0,11
2018-09-18,733668.0,30569.5,35130.0,11
2018-09-19,739847.0,30826.958333333332,35420.0,11
2018-09-20,744627.0,31026.125,35654.0,11
2018-09-21,741262.0,30885.916666666668,35932.0,11
2018-09-22,660443.0,27518.458333333332,31228.0,11
2018-09-23,616901.0,25704.208333333332,30538.0,19
2018-09-24,732682.0,30528.416666666668,35310.0,11
2018-09-25,737990.0,30749.583333333332,34996.0,11
2018-09-26,734025.0,30584.375,34912.0,11
2018-09-27,723673.0,30153.041666666668,34328.0,11
2018-09-28,714212.0,29758.833333333332,33947.0,11
2018-09-29,628147.0,26172.791666666668,29425.0,11
2018-09-30,581220.0,24217.5,28503.0,19
2018-10-01,691375.0,28807.291666666668,33136.0,11
2018-10-02,695159.0,28964.958333333332,32898.0,18
2018-10-03,701519.0,29229.958333333332,33398.0,18
2018-10-04,702089.0,29253.708333333332,33515.0,18
2018-10-05,693568.0,28898.666666666668,33007.0,11
2018-10-06,614511.0,25604.625,28767.0,18
2018-10-07,568162.0,23673.416666666668,27603.0,19
2018-10-08,665489.0,27728.708333333332,31933.0,18
2018-10-09,671499.0,27979.125,31970.0,18
2018-10-10,683355.0,28473.125,32628.0,18
2018-10-11,679216.0,28300.666666666668,32204.0,10
2018-10-12,583878.0,24328.25,27510.0,19
2018-10-13,592716.0,24696.5,28194.0,18
2018-10-14,560683.0,23361.791666666668,27382.0,19
2018-10-15,663559.0,27648.291666666668,32333.0,18
2018-10-16,680860.0,28369.166666666668,32717.0,18
2018-10-17,686798.0,28616.583333333332,32982.0,18
2018-10-18,686103.0,28587.625,32905.0,18
2018-10-19,679700.0,28320.833333333332,32176.0,10
2018-10-20,600439.0,25018.291666666668,28166.0,18
2018-10-21,560424.0,23351.0,27648.0,19
2018-10-22,669967.0,27915.291666666668,32733.0,18
2018-10-23,680172.0,28340.5,32956.0,18
2018-10-24,680880.0,28370.0,32781.0,18
2018-10-25,679455.0,28310.625,32848.0,18
2018-10-26,677546.0,28231.083333333332,32252.0,18
2018-10-27,608145.0,25339.375,28880.0,18
2018-10-28,580205.0,24175.208333333332,28855.0,19
2018-10-29,713410.0,29725.416666666668,35353.0,19
2018-10-30,741771.0,30907.125,36000.0,19
2018-10-31,735500.0,30645.833333333332,35154.0,18
2018-11-01,615925.0,25663.541666666668,29750.0,19
2018-11-02,661799.0,27574.958333333332,31789.0,18
2018-11-03,624171.0,26007.125,29378.0,20
2018-11-04,592653.0,24693.875,29752.0,19
2018-11-05,717221.0,29884.208333333332,35624.0,19
2018-11-06,737280.0,30720.0,35585.0,19
2018-11-07,737766.0,30740.25,35378.0,19
2018-11-08,738232.0,30759.666666666668,35560.0,18
2018-11-09,719726.0,29988.583333333332,34000.0,18
2018-11-10,645125.0,26880.208333333332,30312.0,19
2018-11-11,595949.0,24831.208333333332,29349.0,19
2018-11-12,714232.0,29759.666666666668,34875.0,18
2018-11-13,720206.0,30008.583333333332,34669.0,19
2018-11-14,719295.0,29970.625,34553.0,19
2018-11-15,718314.0,29929.75,34575.0,18
2018-11-16,711696.0,29654.0,33629.0,18
2018-11-17,631416.0,26309.0,29531.0,19
2018-11-18,597491.0,24895.458333333332,29400.0,19
2018-11-19,719544.0,29981.0,35155.0,19
2018-11-20,739775.0,30823.958333333332,35824.0,19
2018-11-21,745097.0,31045.708333333332,35768.0,19
2018-11-22,749030.0,31209.583333333332,36113.0,19
2018-11-23,743821.0,30992.541666666668,35169.0,10
2018-11-24,664621.0,27692.541666666668,31341.0,19
2018-11-25,625577.0,26065.708333333332,31308.0,19
2018-11-26,745757.0,31073.208333333332,36228.0,19
2018-11-27,758631.0,31609.625,36708.0,19
2018-11-28,760003.0,31666.791666666668,36855.0,19
2018-11-29,763854.0,31827.25,36835.0,18
2018-11-30,754246.0,31426.916666666668,35883.0,9
2018-12-01,672455.0,28018.958333333332,31750.0,19
2018-12-02,622818.0,25950.75,30915.0,20
2018-12-03,734339.0,30597.458333333332,35765.0,19
2018-12-04,740374.0,30848.916666666668,35613.0,19
2018-12-05,733781.0,30574.208333333332,34754.0,9
2018-12-06,640706.0,26696.083333333332,30503.0,20
2018-12-07,673675.0,28069.791666666668,31823.0,19
2018-12-08,623905.0,25996.041666666668,29640.0,20
2018-12-09,612122.0,25505.083333333332,30777.0,20
2018-12-10,735477.0,30644.875,35899.0,19
2018-12-11,756097.0,31504.041666666668,36556.0,19
2018-12-12,764037.0,31834.875,36590.0,19
2018-12-13,774115.0,32254.791666666668,37130.0,18
2018-12-14,764333.0,31847.208333333332,36085.0,9
2018-12-15,681065.0,28377.708333333332,32089.0,19
2018-12-16,640395.0,26683.125,31666.0,19
2018-12-17,766826.0,31951.083333333332,37192.0,19
2018-12-18,785252.0,32718.833333333332,37773.0,19
2018-12-19,772780.0,32199.166666666668,36674.0,19
2018-12-20,762322.0,31763.416666666668,36270.0,19
2018-12-21,735688.0,30653.666666666668,34998.0,9
2018-12-22,652149.0,27172.875,30796.0,19
2018-12-23,613821.0,25575.875,30422.0,19
2018-12-24,608339.0,25347.458333333332,30412.0,17
2018-12-25,536538.0,22355.75,26830.0,20
2018-12-26,635727.0,26488.625,31149.0,19
2018-12-27,684792.0,28533.0,33172.0,9
2018-12-28,684785.0,28532.708333333332,32905.0,9
2018-12-29,633769.0,26407.041666666668,30567.0,20
2018-12-30,605691.0,25237.125,30288.0,20
2018-12-31,621806.0,25908.583333333332,30441.0,18
2019-01-01,553948.0,23081.166666666668,28271.0,20
2019-01-02,710398.0,29599.916666666668,34803.0,10
2019-01-03,752262.0,31344.25,36166.0,9
2019-01-04,753730.0,31405.416666666668,36633.0,9
2019-01-05,680010.0,28333.75,31965.0,20
2019-01-06,624886.0,26036.916666666668,31060.0,20
2019-01-07,724972.0,30207.166666666668,36388.0,19
2019-01-08,804307.0,33512.791666666664,39033.0,9
2019-01-09,806501.0,33604.208333333336,38949.0,19
2019-01-10,815402.0,33975.083333333336,39197.0,19
2019-01-11,826987.0,34457.791666666664,39713.0,10
2019-01-12,733571.0,30565.458333333332,34654.0,19
2019-01-13,685820.0,28575.833333333332,34693.0,20
2019-01-14,801540.0,33397.5,39069.0,9
2019-01-15,807899.0,33662.458333333336,39224.0,19
2019-01-16,810386.0,33766.083333333336,38952.0,19
2019-01-17,813466.0,33894.416666666664,39357.0,19
2019-01-18,811659.0,33819.125,38901.0,9
2019-01-19,730449.0,30435.375,34769.0,19
2019-01-20,673868.0,28077.833333333332,33348.0,20
2019-01-21,797056.0,33210.666666666664,38805.0,19
2019-01-22,826450.0,34435.416666666664,40275.0,19
2019-01-23,817857.0,34077.375,39058.0,19
2019-01-24,801263.0,33385.958333333336,38226.0,19
2019-01-25,780192.0,32508.0,37376.0,9
2019-01-26,689484.0,28728.5,32504.0,10
2019-01-27,647302.0,26970.916666666668,32440.0,20
2019-01-28,776338.0,32347.416666666668,38064.0,19
2019-01-29,792212.0,33008.833333333336,38123.0,19
2019-01-30,791886.0,32995.25,38157.0,19
2019-01-31,784822.0,32700.916666666668,37444.0,19
2019-02-01,773034.0,32209.75,36363.0,9
2019-02-02,706359.0,29431.625,33429.0,19
2019-02-03,665213.0,27717.208333333332,33373.0,20
2019-02-04,793781.0,33074.208333333336,38985.0,19
2019-02-05,791691.0,32987.125,38028.0,9
2019-02-06,775360.0,32306.666666666668,37180.0,19
2019-02-07,767796.0,31991.5,36910.0,19
2019-02-08,757994.0,31583.083333333332,36329.0,9
2019-02-09,680540.0,28355.833333333332,32081.0,20
2019-02-10,637871.0,26577.958333333332,32120.0,19
2019-02-11,749184.0,31216.0,36542.0,9
2019-02-12,763410.0,31808.75,36504.0,19
2019-02-13,759325.0,31638.541666666668,36634.0,19
2019-02-14,753457.0,31394.041666666668,36093.0,19
2019-02-15,747891.0,31162.125,35706.0,9
2019-02-16,665906.0,27746.083333333332,31434.0,20
2019-02-17,622242.0,25926.75,31382.0,19
2019-02-18,742769.0,30948.708333333332,36266.0,19
2019-02-19,754469.0,31436.208333333332,36231.0,19
2019-02-20,745547.0,31064.458333333332,35992.0,19
2019-02-21,747497.0,31145.708333333332,35726.0,19
2019-02-22,729893.0,30412.208333333332,34764.0,8
2019-02-23,648985.0,27041.041666666668,30426.0,20
2019-02-24,603517.0,25146.541666666668,30298.0,20
2019-02-25,715876.0,29828.166666666668,34756.0,19
2019-02-26,722389.0,30099.541666666668,34663.0,19
2019-02-27,720603.0,30025.125,34371.0,19
2019-02-28,703117.0,29296.541666666668,33625.0,19
2019-03-01,710903.0,29620.958333333332,33680.0,10
2019-03-02,637298.0,26554.083333333332,29907.0,9
2019-03-03,588848.0,24535.333333333332,29264.0,20
2019-03-04,695466.0,28977.75,33868.0,19
2019-03-05,709688.0,29570.333333333332,34043.0,19
2019-03-06,729362.0,30390.083333333332,35368.0,19
2019-03-07,724464.0,30186.0,34591.0,19
2019-03-08,721436.0,30059.833333333332,34270.0,9
2019-03-09,632469.0,26352.875,29580.0,19
2019-03-10,581078.0,24211.583333333332,28913.0,20
2019-03-11,687997.0,28666.541666666668,33284.0,19
2019-03-12,703879.0,29328.291666666668,33785.0,19
2019-03-13,714274.0,29761.416666666668,34261.0,19
2019-03-14,713079.0,29711.625,34097.0,19
2019-03-15,700274.0,29178.083333333332,33172.0,8
2019-03-16,621205.0,25883.541666666668,29170.0,19
2019-03-17,579768.0,24157.0,28826.0,20
2019-03-18,676990.0,28207.916666666668,32531.0,19
2019-03-19,669890.0,27912.083333333332,32091.0,19
2019-03-20,713307.0,29721.125,34371.0,19
2019-03-21,716516.0,29854.833333333332,34332.0,19
2019-03-22,708267.0,29511.125,33430.0,10
2019-03-23,629885.0,26245.208333333332,29509.0,19
2019-03-24,577404.0,24058.5,28775.0,20
2019-03-25,680949.0,28372.875,33109.0,19
2019-03-26,696784.0,29032.666666666668,33674.0,19
2019-03-27,699273.0,29136.375,33911.0,19
2019-03-28,697774.0,29073.916666666668,33472.0,19
2019-03-29,694694.0,28945.583333333332,32615.0,9
2019-03-30,622173.0,25923.875,29070.0,10
2019-03-31,588357.0,24514.875,29722.0,19
2019-04-01,697188.0,29049.5,34460.0,19
2019-04-02,705305.0,29387.708333333332,33410.0,19
2019-04-03,709098.0,29545.75,33531.0,19
2019-04-04,711921.0,29663.375,33690.0,10
2019-04-05,720206.0,30008.583333333332,34481.0,10
2019-04-06,644902.0,26870.916666666668,30414.0,19
2019-04-07,601709.0,25071.208333333332,30441.0,19
2019-04-08,712384.0,29682.666666666668,34565.0,10
2019-04-09,723180.0,30132.5,34460.0,19
2019-04-10,722441.0,30101.708333333332,34167.0,10
2019-04-11,716656.0,29860.666666666668,33738.0,19
2019-04-12,704374.0,29348.916666666668,33395.0,8
2019-04-13,619279.0,25803.291666666668,29058.0,19
2019-04-14,574154.0,23923.083333333332,28243.0,19
2019-04-15,670668.0,27944.5,32001.0,10
2019-04-16,677152.0,28214.666666666668,32097.0,10
2019-04-17,666112.0,27754.666666666668,31387.0,10
2019-04-18,591064.0,24627.666666666668,27891.0,19
2019-04-19,546601.0,22775.041666666668,26475.0,19
2019-04-20,564225.0,23509.375,27416.0,19
2019-04-21,540912.0,22538.0,27125.0,19
2019-04-22,590638.0,24609.916666666668,29118.0,19
2019-04-23,656627.0,27359.458333333332,31497.0,10
2019-04-24,692312.0,28846.333333333332,33526.0,19
2019-04-25,698191.0,29091.291666666668,33419.0,8
2019-04-26,680780.0,28365.833333333332,32491.0,7
2019-04-27,600557.0,25023.208333333332,28356.0,9
2019-04-28,541660.0,22569.166666666668,26918.0,19
2019-04-29,645719.0,26904.958333333332,30552.0,19
2019-04-30,657482.0,27395.083333333332,30921.0,8
2019-05-01,546590.0,22774.583333333332,26491.0,19
2019-05-02,639555.0,26648.125,30541.0,10
2019-05-03,655371.0,27307.125,30921.0,10
2019-05-04,592185.0,24674.375,28003.0,9
2019-05-05,552026.0,23001.083333333332,26754.0,19
2019-05-06,658562.0,27440.083333333332,31256.0,8
2019-05-07,675194.0,28133.083333333332,31564.0,10
2019-05-08,683123.0,28463.458333333332,31958.0,10
2019-05-09,681933.0,28413.875,31881.0,10
2019-05-10,676989.0,28207.875,31960.0,10
2019-05-11,598868.0,24952.833333333332,28127.0,10
2019-05-12,552212.0,23008.833333333332,26737.0,20
2019-05-13,658538.0,27439.083333333332,30870.0,19
2019-05-14,676817.0,28200.708333333332,31684.0,11
2019-05-15,677436.0,28226.5,31920.0,11
2019-05-16,683130.0,28463.75,31970.0,10
2019-05-17,666372.0,27765.5,31606.0,11
2019-05-18,591086.0,24628.583333333332,27766.0,9
2019-05-19,550728.0,22947.0,26461.0,20
2019-05-20,657270.0,27386.25,31413.0,10
2019-05-21,672699.0,28029.125,31752.0,11
2019-05-22,680519.0,28354.958333333332,31983.0,10
2019-05-23,680644.0,28360.166666666668,32053.0,11
2019-05-24,672667.0,28027.791666666668,31857.0,10
2019-05-25,596342.0,24847.583333333332,28132.0,11
2019-05-26,547928.0,22830.333333333332,26293.0,20
2019-05-27,663715.0,27654.791666666668,31581.0,11
2019-05-28,681909.0,28412.875,32314.0,11
2019-05-29,680372.0,28348.833333333332,32065.0,11
2019-05-30,679363.0,28306.791666666668,32163.0,11
2019-05-31,681890.0,28412.083333333332,32682.0,11
2019-06-01,616931.0,25705.458333333332,29443.0,11
2019-06-02,573308.0,23887.833333333332,27258.0,20
2019-06-03,690492.0,28770.5,33191.0,11
2019-06-04,702912.0,29288.0,33354.0,11
2019-06-05,687033.0,28626.375,32459.0,11
2019-06-06,678206.0,28258.583333333332,31761.0,11
2019-06-07,675634.0,28151.416666666668,31973.0,11
2019-06-08,602431.0,25101.291666666668,28523.0,11
2019-06-09,561079.0,23378.291666666668,26722.0,20
2019-06-10,652579.0,27190.791666666668,31053.0,11
2019-06-11,673999.0,28083.291666666668,31855.0,11
2019-06-12,679733.0,28322.208333333332,31926.0,11
2019-06-13,684046.0,28501.916666666668,32051.0,11
2019-06-14,680066.0,28336.083333333332,32172.0,10
2019-06-15,606581.0,25274.208333333332,28559.0,11
2019-06-16,565977.0,23582.375,26950.0,20
2019-06-17,680559.0,28356.625,32743.0,11
2019-06-18,699437.0,29143.208333333332,33326.0,11
2019-06-19,702088.0,29253.666666666668,33488.0,11
2019-06-20,690129.0,28755.375,32748.0,11
2019-06-21,687083.0,28628.458333333332,32863.0,11
2019-06-22,625648.0,26068.666666666668,29628.0,11
2019-06-23,586626.0,24442.75,27817.0,20
2019-06-24,650350.0,27097.916666666668,30600.0,11
2019-06-25,723572.0,30148.833333333332,34600.0,11
2019-06-26,750687.0,31278.625,36229.0,11
2019-06-27,766404.0,31933.5,36975.0,11
2019-06-28,774886.0,32286.916666666668,37713.0,11
2019-06-29,703637.0,29318.208333333332,33538.0,11
2019-06-30,651641.0,27151.708333333332,30761.0,20
2019-07-01,762336.0,31764.0,36688.0,11
2019-07-02,766740.0,31947.5,36880.0,11
2019-07-03,767500.0,31979.166666666668,36836.0,11
2019-07-04,766708.0,31946.166666666668,36583.0,11
2019-07-05,765756.0,31906.5,37173.0,11
2019-07-06,687076.0,28628.166666666668,32419.0,11
2019-07-07,637421.0,26559.208333333332,30094.0,20
2019-07-08,740982.0,30874.25,36365.0,11
2019-07-09,732276.0,30511.5,34923.0,11
2019-07-10,745359.0,31056.625,35711.0,11
2019-07-11,773952.0,32248.0,37774.0,11
2019-07-12,783710.0,32654.583333333332,38426.0,11
2019-07-13,690048.0,28752.0,33015.0,11
2019-07-14,626044.0,26085.166666666668,29410.0,20
2019-07-15,752761.0,31365.041666666668,36679.0,11
2019-07-16,764907.0,31871.125,36957.0,11
2019-07-17,755256.0,31469.0,36659.0,11
2019-07-18,758946.0,31622.75,36514.0,11
2019-07-19,769865.0,32077.708333333332,37354.0,11
2019-07-20,697745.0,29072.708333333332,33257.0,11
2019-07-21,648956.0,27039.833333333332,30846.0,20
2019-07-22,791526.0,32980.25,38892.0,11
2019-07-23,814615.0,33942.291666666664,39818.0,11
2019-07-24,811102.0,33795.916666666664,39503.0,11
2019-07-25,787735.0,32822.291666666664,38324.0,11
2019-07-26,763029.0,31792.875,37545.0,11
2019-07-27,653870.0,27244.583333333332,30759.0,10
2019-07-28,599585.0,24982.708333333332,28593.0,20
2019-07-29,721895.0,30078.958333333332,35442.0,11
2019-07-30,730108.0,30421.166666666668,35511.0,11
2019-07-31,719666.0,29986.083333333332,34586.0,11
2019-08-01,740471.0,30852.958333333332,36131.0,11
2019-08-02,736573.0,30690.541666666668,36121.0,11
2019-08-03,659689.0,27487.041666666668,31307.0,12
2019-08-04,619772.0,25823.833333333332,29519.0,20
2019-08-05,727444.0,30310.166666666668,35566.0,11
2019-08-06,745782.0,31074.25,36358.0,11
2019-08-07,739467.0,30811.125,36242.0,11
2019-08-08,753039.0,31376.625,36996.0,11
2019-08-09,751473.0,31311.375,37029.0,11
2019-08-10,669303.0,27887.625,31883.0,11
2019-08-11,610094.0,25420.583333333332,28588.0,20
2019-08-12,672316.0,28013.166666666668,32673.0,11
2019-08-13,669773.0,27907.208333333332,31920.0,11
2019-08-14,680904.0,28371.0,32800.0,11
2019-08-15,618297.0,25762.375,29051.0,12
2019-08-16,675232.0,28134.666666666668,32494.0,11
2019-08-17,648736.0,27030.666666666668,30953.0,12
2019-08-18,611379.0,25474.125,29117.0,19
2019-08-19,703288.0,29303.666666666668,34751.0,11
2019-08-20,701654.0,29235.583333333332,34311.0,11
2019-08-21,695675.0,28986.458333333332,33573.0,11
2019-08-22,706184.0,29424.333333333332,34480.0,11
2019-08-23,705310.0,29387.916666666668,34504.0,11
2019-08-24,642393.0,26766.375,30624.0,11
2019-08-25,603093.0,25128.875,28660.0,19
2019-08-26,713155.0,29714.791666666668,35504.0,11
2019-08-27,710543.0,29605.958333333332,34875.0,11
2019-08-28,718050.0,29918.75,35172.0,11
2019-08-29,733817.0,30575.708333333332,35826.0,11
2019-08-30,740553.0,30856.375,36514.0,11
2019-08-31,659551.0,27481.291666666668,31753.0,11
2019-09-01,613084.0,25545.166666666668,29730.0,19
2019-09-02,728104.0,30337.666666666668,35428.0,11
2019-09-03,749781.0,31240.875,35935.0,11
2019-09-04,759979.0,31665.791666666668,36967.0,11
2019-09-05,737959.0,30748.291666666668,35028.0,11
2019-09-06,709839.0,29576.625,33841.0,11
2019-09-07,629569.0,26232.041666666668,29788.0,11
2019-09-08,585498.0,24395.75,28476.0,19
2019-09-09,687674.0,28653.083333333332,33010.0,11
2019-09-10,689836.0,28743.166666666668,32687.0,10
2019-09-11,660888.0,27537.0,30927.0,11
2019-09-12,680150.0,28339.583333333332,32553.0,11
2019-09-13,669177.0,27882.375,31965.0,10
2019-09-14,600755.0,25031.458333333332,28264.0,11
2019-09-15,565408.0,23558.666666666668,27853.0,19
2019-09-16,685183.0,28549.291666666668,33204.0,10
2019-09-17,702061.0,29252.541666666668,33478.0,11
2019-09-18,703419.0,29309.125,33819.0,11
2019-09-19,705208.0,29383.666666666668,33520.0,11
2019-09-20,697141.0,29047.541666666668,33769.0,11
2019-09-21,614034.0,25584.75,29351.0,11
2019-09-22,566527.0,23605.291666666668,27695.0,19
2019-09-23,667036.0,27793.166666666668,32017.0,11
2019-09-24,685007.0,28541.958333333332,32459.0,11
2019-09-25,697779.0,29074.125,33295.0,11
2019-09-26,697879.0,29078.291666666668,33018.0,11
2019-09-27,696486.0,29020.25,33290.0,11
2019-09-28,610022.0,25417.583333333332,28824.0,11
2019-09-29,566988.0,23624.5,27952.0,19
2019-09-30,681479.0,28394.958333333332,32967.0,11
2019-10-01,699821.0,29159.208333333332,33594.0,11
2019-10-02,691194.0,28799.75,32820.0,18
2019-10-03,681382.0,28390.916666666668,32277.0,18
2019-10-04,676814.0,28200.583333333332,32396.0,11
2019-10-05,601317.0,25054.875,28530.0,11
2019-10-06,559081.0,23295.041666666668,27175.0,19
2019-10-07,674270.0,28094.583333333332,32777.0,18
2019-10-08,690666.0,28777.75,32842.0,18
2019-10-09,675289.0,28137.041666666668,32198.0,18
2019-10-10,682636.0,28443.166666666668,32400.0,18
2019-10-11,677621.0,28234.208333333332,32233.0,11
2019-10-12,584614.0,24358.916666666668,27530.0,18
2019-10-13,557539.0,23230.791666666668,27358.0,19
2019-10-14,666695.0,27778.958333333332,32411.0,18
2019-10-15,667440.0,27810.0,31763.0,18
2019-10-16,670642.0,27943.416666666668,32190.0,18
2019-10-17,675742.0,28155.916666666668,32568.0,18
2019-10-18,666856.0,27785.666666666668,31616.0,10
2019-10-19,595256.0,24802.333333333332,28343.0,18
2019-10-20,554711.0,23112.958333333332,27446.0,18
2019-10-21,661405.0,27558.541666666668,32374.0,18
2019-10-22,685734.0,28572.25,33473.0,18
2019-10-23,691663.0,28819.291666666668,33625.0,18
2019-10-24,688536.0,28689.0,32877.0,18
2019-10-25,679379.0,28307.458333333332,32332.0,9
2019-10-26,598157.0,24923.208333333332,28507.0,18
2019-10-27,554594.0,23108.083333333332,27356.0,19
2019-10-28,666504.0,27771.0,32696.0,19
2019-10-29,680124.0,28338.5,33058.0,19
2019-10-30,680401.0,28350.041666666668,32887.0,18
2019-10-31,671489.0,27978.708333333332,31524.0,12
2019-11-01,577723.0,24071.791666666668,27153.0,19
2019-11-02,576500.0,24020.833333333332,26992.0,18
2019-11-03,551588.0,22982.833333333332,26994.0,20
2019-11-04,667768.0,27823.666666666668,32520.0,18
2019-11-05,687003.0,28625.125,32884.0,19
2019-11-06,690598.0,28774.916666666668,32928.0,19
2019-11-07,700621.0,29192.541666666668,33789.0,19
2019-11-08,712378.0,29682.416666666668,33649.0,18
2019-11-09,635028.0,26459.5,30065.0,19
2019-11-10,593841.0,24743.375,29432.0,19
2019-11-11,721385.0,30057.708333333332,35393.0,19
2019-11-12,733153.0,30548.041666666668,35110.0,19
2019-11-13,734682.0,30611.75,35351.0,19
2019-11-14,749926.0,31246.916666666668,36799.0,19
2019-11-15,753262.0,31385.916666666668,35883.0,19
2019-11-16,672919.0,28038.291666666668,31791.0,19
2019-11-17,633718.0,26404.916666666668,31796.0,19
2019-11-18,748339.0,31180.791666666668,36648.0,19
2019-11-19,771134.0,32130.583333333332,37655.0,19
2019-11-20,779086.0,32461.916666666668,37802.0,18
2019-11-21,775515.0,32313.125,37217.0,18
2019-11-22,770889.0,32120.375,36545.0,10
2019-11-23,664480.0,27686.666666666668,31033.0,19
2019-11-24,617134.0,25713.916666666668,30810.0,19
2019-11-25,733917.0,30579.875,35971.0,19
2019-11-26,740826.0,30867.75,35496.0,19
2019-11-27,733362.0,30556.75,34946.0,19
2019-11-28,733917.0,30579.875,35295.0,19
2019-11-29,721607.0,30066.958333333332,33935.0,9
2019-11-30,638894.0,26620.583333333332,29786.0,19
2019-12-01,607722.0,25321.75,30203.0,19
2019-12-02,729031.0,30376.291666666668,35625.0,19
2019-12-03,748259.0,31177.458333333332,36286.0,19
2019-12-04,757264.0,31552.666666666668,36277.0,19
2019-12-05,750013.0,31250.541666666668,35378.0,9
2019-12-06,649946.0,27081.083333333332,31017.0,20
2019-12-07,638284.0,26595.166666666668,30254.0,20
2019-12-08,613994.0,25583.083333333332,30356.0,20
2019-12-09,686890.0,28620.416666666668,33814.0,19
2019-12-10,748163.0,31173.458333333332,36067.0,19
2019-12-11,759463.0,31644.291666666668,36584.0,19
2019-12-12,770128.0,32088.666666666668,37081.0,19
2019-12-13,747639.0,31151.625,35402.0,9
2019-12-14,654863.0,27285.958333333332,30860.0,19
2019-12-15,618138.0,25755.75,30803.0,19
2019-12-16,739934.0,30830.583333333332,35935.0,18
2019-12-17,749838.0,31243.25,35782.0,19
2019-12-18,751638.0,31318.25,36226.0,19
2019-12-19,749725.0,31238.541666666668,35561.0,18
2019-12-20,712142.0,29672.583333333332,33666.0,9
2019-12-21,623417.0,25975.708333333332,29149.0,19
2019-12-22,580756.0,24198.166666666668,28556.0,19
2019-12-23,634160.0,26423.333333333332,30436.0,9
2019-12-24,576055.0,24002.291666666668,28313.0,9
2019-12-25,503178.0,20965.75,25401.0,20
2019-12-26,591885.0,24661.875,28695.0,19
2019-12-27,632391.0,26349.625,30380.0,10
2019-12-28,600237.0,25009.875,28974.0,20
2019-12-29,579882.0,24161.75,29028.0,19
2019-12-30,651326.0,27138.583333333332,31365.0,19
2019-12-31,617737.0,25739.041666666668,30455.0,18
2020-01-01,545664.0,22736.0,27813.0,20
2020-01-02,688590.0,28691.25,33983.0,10
2020-01-03,715525.0,29813.541666666668,34439.0,9
2020-01-04,656178.0,27340.75,31706.0,19
2020-01-05,619095.0,25795.625,29239.0,20
2020-01-06,596386.0,24849.416666666668,30553.0,20
2020-01-07,749767.0,31240.291666666668,36746.0,19
2020-01-08,776967.0,32373.625,37576.0,19
2020-01-09,781416.0,32559.0,38021.0,19
2020-01-10,778542.0,32439.25,37452.0,9
2020-01-11,698661.0,29110.875,33267.0,20
2020-01-12,661987.0,27582.791666666668,33638.0,20
2020-01-13,799250.0,33302.083333333336,39187.0,18
2020-01-14,806100.0,33587.5,39429.0,19
2020-01-15,794760.0,33115.0,38448.0,19
2020-01-16,784074.0,32669.75,37936.0,19
2020-01-17,771479.0,32144.958333333332,36937.0,9
2020-01-18,694007.0,28916.958333333332,32998.0,19
2020-01-19,651145.0,27131.041666666668,32899.0,20
2020-01-20,807576.0,33649.0,40218.0,18
2020-01-21,826810.0,34450.416666666664,40087.0,19
2020-01-22,808653.0,33693.875,39178.0,9
2020-01-23,794735.0,33113.958333333336,37993.0,19
2020-01-24,783830.0,32659.583333333332,37553.0,9
2020-01-25,696900.0,29037.5,32854.0,19
2020-01-26,641969.0,26748.708333333332,32568.0,20
2020-01-27,770335.0,32097.291666666668,38028.0,19
2020-01-28,769432.0,32059.666666666668,37151.0,19
2020-01-29,757440.0,31560.0,36491.0,19
2020-01-30,749615.0,31233.958333333332,36043.0,19
2020-01-31,730006.0,30416.916666666668,34640.0,8
2020-02-01,644581.0,26857.541666666668,30168.0,19
2020-02-02,596205.0,24841.875,29807.0,20
2020-02-03,699404.0,29141.833333333332,34124.0,19
2020-02-04,710912.0,29621.333333333332,34340.0,19
2020-02-05,722067.0,30086.125,34984.0,19
2020-02-06,731340.0,30472.5,35328.0,19
2020-02-07,734724.0,30613.5,35250.0,9
2020-02-08,660720.0,27530.0,31116.0,19
2020-02-09,615437.0,25643.208333333332,30958.0,20
2020-02-10,718082.0,29920.083333333332,34634.0,8
2020-02-11,725923.0,30246.791666666668,35009.0,19
2020-02-12,729646.0,30401.916666666668,35023.0,19
2020-02-13,724241.0,30176.708333333332,34430.0,19
2020-02-14,719298.0,29970.75,34000.0,9
2020-02-15,640723.0,26696.791666666668,30212.0,20
2020-02-16,596749.0,24864.541666666668,30006.0,19
2020-02-17,706149.0,29422.875,34460.0,19
2020-02-18,728792.0,30366.333333333332,35075.0,19
2020-02-19,728907.0,30371.125,34661.0,8
2020-02-20,727083.0,30295.125,34858.0,19
2020-02-21,715868.0,29827.833333333332,34216.0,8
2020-02-22,637182.0,26549.25,29986.0,20
2020-02-23,588429.0,24517.875,29429.0,19
2020-02-24,697495.0,29062.291666666668,33697.0,19
2020-02-25,707952.0,29498.0,34215.0,19
2020-02-26,714068.0,29752.833333333332,34157.0,19
2020-02-27,712873.0,29703.041666666668,34073.0,19
2020-02-28,690397.0,28766.541666666668,32201.0,19
2020-02-29,634915.0,26454.791666666668,29939.0,19
2020-03-01,591814.0,24658.916666666668,29576.0,20
2020-03-02,703865.0,29327.708333333332,34565.0,19
2020-03-03,727653.0,30318.875,34970.0,19
2020-03-04,719042.0,29960.083333333332,34384.0,19
2020-03-05,715440.0,29810.0,34296.0,19
2020-03-06,719410.0,29975.416666666668,33986.0,11
2020-03-07,646353.0,26931.375,30547.0,10
2020-03-08,598903.0,24954.291666666668,29913.0,20
2020-03-09,704377.0,29349.041666666668,33969.0,19
2020-03-10,707587.0,29482.791666666668,33917.0,19
2020-03-11,708044.0,29501.833333333332,33878.0,19
2020-03-12,700996.0,29208.166666666668,33404.0,19
2020-03-13,693598.0,28899.916666666668,32535.0,10
2020-03-14,611829.0,25492.875,28681.0,20
2020-03-15,568484.0,23686.833333333332,28848.0,19
2020-03-16,672869.0,28036.208333333332,32882.0,12
2020-03-17,675072.0,28128.0,32355.0,12
2020-03-18,654205.0,27258.541666666668,30980.0,19
2020-03-19,608148.0,25339.5,29393.0,19
2020-03-20,620068.0,25836.166666666668,29804.0,19
2020-03-21,583542.0,24314.25,28256.0,19
2020-03-22,556255.0,23177.291666666668,27955.0,19
2020-03-23,628227.0,26176.125,30774.0,19
2020-03-24,631872.0,26328.0,30700.0,19
2020-03-25,632547.0,26356.125,30637.0,19
2020-03-26,629325.0,26221.875,30237.0,19
2020-03-27,635122.0,26463.416666666668,30656.0,12
2020-03-28,574760.0,23948.333333333332,27796.0,20
2020-03-29,542007.0,22583.625,27883.0,19
2020-03-30,589969.0,24582.041666666668,29658.0,19
2020-03-31,589797.0,24574.875,29460.0,19
2020-04-01,580225.0,24176.041666666668,28629.0,19
2020-04-02,575779.0,23990.791666666668,28278.0,19
2020-04-03,559920.0,23330.0,27186.0,11
2020-04-04,514043.0,21418.458333333332,26008.0,19
2020-04-05,491232.0,20468.0,25278.0,19
2020-04-06,544813.0,22700.541666666668,27251.0,11
2020-04-07,541086.0,22545.25,26678.0,19
2020-04-08,529823.0,22075.958333333332,25760.0,19
2020-04-09,498206.0,20758.583333333332,25439.0,19
2020-04-10,477778.0,19907.416666666668,24205.0,19
2020-04-11,496790.0,20699.583333333332,25047.0,19
2020-04-12,475207.0,19800.291666666668,24533.0,19
2020-04-13,513535.0,21397.291666666668,26308.0,19
2020-04-14,564896.0,23537.333333333332,28252.0,11
2020-04-15,573898.0,23912.416666666668,28446.0,11
2020-04-16,576968.0,24040.333333333332,28845.0,11
2020-04-17,571081.0,23795.041666666668,28107.0,11
2020-04-18,522893.0,21787.208333333332,25638.0,19
2020-04-19,495960.0,20665.0,25094.0,19
2020-04-20,557584.0,23232.666666666668,27812.0,11
2020-04-21,575786.0,23991.083333333332,28854.0,11
2020-04-22,577172.0,24048.833333333332,28337.0,11
2020-04-23,575045.0,23960.208333333332,28285.0,11
2020-04-24,570850.0,23785.416666666668,27765.0,11
2020-04-25,525796.0,21908.166666666668,25734.0,11
2020-04-26,494971.0,20623.791666666668,24721.0,19
2020-04-27,564521.0,23521.708333333332,27988.0,11
2020-04-28,573603.0,23900.125,28480.0,11
2020-04-29,577270.0,24052.916666666668,28081.0,11
2020-04-30,566420.0,23600.833333333332,27648.0,11
2020-05-01,491450.0,20477.083333333332,24263.0,19
2020-05-02,506244.0,21093.5,25063.0,11
2020-05-03,491997.0,20499.875,24148.0,11
2020-05-04,560684.0,23361.833333333332,27885.0,11
2020-05-05,578124.0,24088.5,28526.0,11
2020-05-06,585292.0,24387.166666666668,28357.0,11
2020-05-07,579955.0,24164.791666666668,28459.0,11
2020-05-08,572686.0,23861.916666666668,28103.0,11
2020-05-09,515970.0,21498.75,25178.0,11
2020-05-10,485411.0,20225.458333333332,23628.0,11
2020-05-11,561192.0,23383.0,27650.0,11
2020-05-12,588375.0,24515.625,29287.0,11
2020-05-13,584465.0,24352.708333333332,28407.0,11
2020-05-14,585245.0,24385.208333333332,28983.0,11
2020-05-15,572488.0,23853.666666666668,28045.0,11
2020-05-16,521096.0,21712.333333333332,25104.0,11
2020-05-17,492640.0,20526.666666666668,24011.0,11
2020-05-18,569644.0,23735.166666666668,28340.0,11
2020-05-19,584962.0,24373.416666666668,28673.0,11
2020-05-20,599290.0,24970.416666666668,29590.0,11
2020-05-21,605365.0,25223.541666666668,29517.0,11
2020-05-22,607133.0,25297.208333333332,29899.0,11
2020-05-23,548973.0,22873.875,27030.0,11
2020-05-24,517867.0,21577.791666666668,25061.0,11
2020-05-25,600848.0,25035.333333333332,29726.0,11
2020-05-26,614498.0,25604.083333333332,30342.0,11
2020-05-27,621152.0,25881.333333333332,30705.0,11
2020-05-28,618072.0,25753.0,30637.0,11
2020-05-29,616136.0,25672.333333333332,30425.0,11
2020-05-30,556894.0,23203.916666666668,26891.0,11
2020-05-31,519349.0,21639.541666666668,24747.0,11
2020-06-01,596112.0,24838.0,29277.0,11
2020-06-02,623421.0,25975.875,30513.0,11
2020-06-03,630215.0,26258.958333333332,30602.0,11
2020-06-04,618638.0,25776.583333333332,29702.0,11
2020-06-05,607982.0,25332.583333333332,29576.0,11
2020-06-06,550523.0,22938.458333333332,26217.0,11
2020-06-07,511034.0,21293.083333333332,24401.0,11
2020-06-08,593464.0,24727.666666666668,28987.0,11
2020-06-09,609785.0,25407.708333333332,29181.0,11
2020-06-10,618424.0,25767.666666666668,29747.0,11
2020-06-11,617038.0,25709.916666666668,29849.0,11
2020-06-12,613753.0,25573.041666666668,29806.0,11
2020-06-13,550845.0,22951.875,26533.0,11
2020-06-14,514612.0,21442.166666666668,24654.0,20
2020-06-15,612831.0,25534.625,29848.0,11
2020-06-16,626590.0,26107.916666666668,30195.0,11
2020-06-17,625463.0,26060.958333333332,30136.0,11
2020-06-18,626476.0,26103.166666666668,29680.0,11
2020-06-19,626953.0,26123.041666666668,30374.0,11
2020-06-20,577492.0,24062.166666666668,28108.0,11
2020-06-21,548746.0,22864.416666666668,26177.0,20
2020-06-22,659483.0,27478.458333333332,32066.0,11
2020-06-23,680145.0,28339.375,33311.0,11
2020-06-24,639754.0,26656.416666666668,30375.0,11
2020-06-25,683221.0,28467.541666666668,33256.0,11
2020-06-26,670074.0,27919.75,32692.0,11
2020-06-27,604568.0,25190.333333333332,29122.0,11
2020-06-28,578852.0,24118.833333333332,27467.0,20
2020-06-29,695385.0,28974.375,34210.0,11
2020-06-30,719099.0,29962.458333333332,35249.0,11
2020-07-01,727103.0,30295.958333333332,35167.0,11
2020-07-02,727720.0,30321.666666666668,35709.0,11
2020-07-03,697369.0,29057.041666666668,33561.0,11
2020-07-04,630625.0,26276.041666666668,29895.0,11
2020-07-05,598786.0,24949.416666666668,28520.0,20
2020-07-06,724519.0,30188.291666666668,35660.0,11
2020-07-07,743834.0,30993.083333333332,35853.0,11
2020-07-08,748813.0,31200.541666666668,36528.0,11
2020-07-09,735409.0,30642.041666666668,35987.0,11
2020-07-10,717115.0,29879.791666666668,34861.0,11
2020-07-11,650132.0,27088.833333333332,31012.0,11
2020-07-12,603601.0,25150.041666666668,28569.0,20
2020-07-13,717743.0,29905.958333333332,35200.0,11
2020-07-14,721107.0,30046.125,34988.0,11
2020-07-15,719143.0,29964.291666666668,34759.0,11
2020-07-16,724634.0,30193.083333333332,35084.0,11
2020-07-17,717776.0,29907.333333333332,34919.0,11
2020-07-18,649725.0,27071.875,30751.0,12
2020-07-19,613176.0,25549.0,29032.0,20
2020-07-20,736023.0,30667.625,36338.0,11
2020-07-21,748776.0,31199.0,36724.0,11
2020-07-22,741312.0,30888.0,36079.0,11
2020-07-23,750893.0,31287.208333333332,36811.0,11
2020-07-24,744894.0,31037.25,36432.0,11
2020-07-25,662407.0,27600.291666666668,31641.0,11
2020-07-26,629427.0,26226.125,30180.0,20
2020-07-27,760720.0,31696.666666666668,37699.0,11
2020-07-28,771983.0,32165.958333333332,37891.0,11
2020-07-29,773513.0,32229.708333333332,37644.0,11
2020-07-30,784920.0,32705.0,38737.0,11
2020-07-31,768350.0,32014.583333333332,37723.0,11
2020-08-01,691434.0,28809.75,33319.0,12
2020-08-02,634663.0,26444.291666666668,30033.0,20
2020-08-03,708296.0,29512.333333333332,34772.0,11
2020-08-04,709645.0,29568.541666666668,34482.0,11
2020-08-05,728155.0,30339.791666666668,35727.0,11
2020-08-06,738996.0,30791.5,36255.0,11
2020-08-07,736425.0,30684.375,36420.0,11
2020-08-08,664147.0,27672.791666666668,31664.0,12
2020-08-09,623073.0,25961.375,29637.0,12
2020-08-10,702034.0,29251.416666666668,34389.0,12
2020-08-11,695719.0,28988.291666666668,34306.0,11
2020-08-12,673238.0,28051.583333333332,33008.0,11
2020-08-13,676850.0,28202.083333333332,33579.0,11
2020-08-14,668603.0,27858.458333333332,32834.0,11
2020-08-15,590224.0,24592.666666666668,27679.0,12
2020-08-16,560156.0,23339.833333333332,26594.0,20
2020-08-17,643041.0,26793.375,31137.0,11
2020-08-18,669498.0,27895.75,32610.0,11
2020-08-19,688089.0,28670.375,33271.0,12
2020-08-20,690076.0,28753.166666666668,33724.0,11
2020-08-21,696241.0,29010.041666666668,34000.0,12
2020-08-22,634293.0,26428.875,30231.0,12
2020-08-23,586115.0,24421.458333333332,28037.0,19
2020-08-24,695510.0,28979.583333333332,34220.0,11
2020-08-25,732212.0,30508.833333333332,35967.0,11
2020-08-26,749018.0,31209.083333333332,36789.0,11
2020-08-27,756559.0,31523.291666666668,37046.0,11
2020-08-28,727627.0,30317.791666666668,35978.0,11
2020-08-29,597613.0,24900.541666666668,27971.0,11
2020-08-30,539577.0,22482.375,25934.0,19
2020-08-31,647645.0,26985.208333333332,31540.0,11
2020-09-01,671460.0,27977.5,32465.0,11
2020-09-02,676518.0,28188.25,32474.0,11
2020-09-03,688670.0,28694.583333333332,33226.0,11
2020-09-04,690997.0,28791.541666666668,33738.0,11
2020-09-05,614102.0,25587.583333333332,29152.0,11
2020-09-06,568490.0,23687.083333333332,27937.0,19
2020-09-07,662316.0,27596.5,31658.0,11
2020-09-08,665235.0,27718.125,31691.0,11
2020-09-09,684319.0,28513.291666666668,32617.0,11
2020-09-10,688795.0,28699.791666666668,32787.0,11
2020-09-11,666773.0,27782.208333333332,31662.0,11
2020-09-12,617515.0,25729.791666666668,29412.0,12
2020-09-13,579861.0,24160.875,28276.0,19
2020-09-14,691743.0,28822.625,33968.0,11
2020-09-15,705953.0,29414.708333333332,34225.0,11
2020-09-16,717518.0,29896.583333333332,34689.0,11
2020-09-17,706352.0,29431.333333333332,34163.0,10
2020-09-18,677375.0,28223.958333333332,32797.0,10
2020-09-19,590454.0,24602.25,28368.0,11
2020-09-20,545339.0,22722.458333333332,26930.0,19
2020-09-21,653341.0,27222.541666666668,31564.0,11
2020-09-22,671042.0,27960.083333333332,31802.0,11
2020-09-23,675736.0,28155.666666666668,32310.0,11
2020-09-24,673072.0,28044.666666666668,32122.0,11
2020-09-25,652564.0,27190.166666666668,30705.0,11
2020-09-26,573398.0,23891.583333333332,27073.0,11
2020-09-27,534219.0,22259.125,26485.0,19
2020-09-28,636842.0,26535.083333333332,30413.0,11
2020-09-29,658000.0,27416.666666666668,31312.0,18
2020-09-30,661515.0,27563.125,31218.0,10
2020-10-01,667446.0,27810.25,31804.0,18
2020-10-02,659639.0,27484.958333333332,31780.0,11
2020-10-03,576111.0,24004.625,27362.0,11
2020-10-04,541739.0,22572.458333333332,26967.0,19
2020-10-05,647417.0,26975.708333333332,31707.0,18
2020-10-06,662741.0,27614.208333333332,31898.0,18
2020-10-07,667776.0,27824.0,32086.0,18
2020-10-08,669923.0,27913.458333333332,31983.0,18
2020-10-09,648778.0,27032.416666666668,30901.0,11
2020-10-10,576970.0,24040.416666666668,27155.0,11
2020-10-11,534847.0,22285.291666666668,25999.0,19
2020-10-12,543596.0,22649.833333333332,27285.0,19
2020-10-13,646100.0,26920.833333333332,31415.0,18
2020-10-14,667835.0,27826.458333333332,32230.0,18
2020-10-15,671665.0,27986.041666666668,32415.0,18
2020-10-16,668227.0,27842.791666666668,31742.0,10
2020-10-17,599243.0,24968.458333333332,28405.0,19
2020-10-18,554272.0,23094.666666666668,27830.0,19
2020-10-19,659930.0,27497.083333333332,32459.0,18
2020-10-20,677956.0,28248.166666666668,33261.0,18
2020-10-21,673874.0,28078.083333333332,32456.0,18
2020-10-22,674503.0,28104.291666666668,32628.0,18
2020-10-23,662719.0,27613.291666666668,31753.0,10
2020-10-24,587683.0,24486.791666666668,27975.0,19
2020-10-25,550674.0,22944.75,27627.0,19
2020-10-26,657750.0,27406.25,32836.0,19
2020-10-27,676561.0,28190.041666666668,33355.0,19
2020-10-28,681571.0,28398.791666666668,33197.0,19
2020-10-29,683161.0,28465.041666666668,32987.0,19
2020-10-30,673302.0,28054.25,31955.0,19
2020-10-31,598097.0,24920.708333333332,28632.0,19
2020-11-01,549967.0,22915.291666666668,26820.0,19
2020-11-02,618689.0,25778.708333333332,30584.0,19
2020-11-03,668828.0,27867.833333333332,32613.0,18
2020-11-04,692366.0,28848.583333333332,33511.0,18
2020-11-05,695887.0,28995.291666666668,33249.0,19
2020-11-06,674639.0,28109.958333333332,31980.0,11
2020-11-07,601343.0,25055.958333333332,28431.0,12
2020-11-08,554192.0,23091.333333333332,27227.0,19
2020-11-09,658145.0,27422.708333333332,32143.0,18
2020-11-10,680546.0,28356.083333333332,32512.0,19
2020-11-11,672855.0,28035.625,33079.0,19
2020-11-12,687228.0,28634.5,33003.0,18
2020-11-13,681393.0,28391.375,32250.0,11
2020-11-14,610624.0,25442.666666666668,28714.0,19
2020-11-15,556957.0,23206.541666666668,27559.0,19
2020-11-16,662497.0,27604.041666666668,32234.0,18
2020-11-17,681604.0,28400.166666666668,32778.0,19
2020-11-18,687285.0,28636.875,32824.0,19
2020-11-19,681479.0,28394.958333333332,32491.0,19
2020-11-20,677653.0,28235.541666666668,32044.0,9
2020-11-21,613512.0,25563.0,29148.0,19
2020-11-22,581532.0,24230.5,29101.0,19
2020-11-23,700010.0,29167.083333333332,34327.0,18
2020-11-24,725144.0,30214.333333333332,35168.0,18
2020-11-25,732151.0,30506.291666666668,35272.0,18
2020-11-26,728264.0,30344.333333333332,34875.0,18
2020-11-27,720830.0,30034.583333333332,34394.0,12
2020-11-28,641409.0,26725.375,30332.0,19
2020-11-29,599616.0,24984.0,29909.0,19
2020-11-30,713490.0,29728.75,34927.0,18
2020-12-01,717750.0,29906.25,34693.0,19
2020-12-02,724651.0,30193.791666666668,35290.0,19
2020-12-03,744326.0,31013.583333333332,36252.0,19
2020-12-04,748842.0,31201.75,35551.0,10
2020-12-05,679990.0,28332.916666666668,32641.0,19
2020-12-06,635905.0,26496.041666666668,31772.0,19
2020-12-07,668409.0,27850.375,32316.0,19
2020-12-08,647180.0,26965.833333333332,32632.0,19
2020-12-09,761593.0,31733.041666666668,37508.0,19
2020-12-10,765613.0,31900.541666666668,36737.0,18
2020-12-11,744168.0,31007.0,35442.0,9
2020-12-12,645498.0,26895.75,30448.0,19
2020-12-13,610912.0,25454.666666666668,30559.0,20
2020-12-14,726878.0,30286.583333333332,35246.0,19
2020-12-15,727712.0,30321.333333333332,35508.0,19
2020-12-16,598466.0,24936.083333333332,36142.0,19
2020-12-17,746267.0,31094.458333333332,35613.0,19
2020-12-18,742096.0,30920.666666666668,35120.0,9
2020-12-19,662881.0,27620.041666666668,31144.0,19
2020-12-20,615875.0,25661.458333333332,30742.0,20
2020-12-21,718482.0,29936.75,34869.0,19
2020-12-22,716391.0,29849.625,34455.0,19
2020-12-23,695076.0,28961.5,33177.0,9
2020-12-24,607848.0,25327.0,29561.0,18
2020-12-25,542574.0,22607.25,27892.0,20
2020-12-26,606921.0,25288.375,30493.0,20
2020-12-27,612882.0,25536.75,31454.0,20
2020-12-28,692530.0,28855.416666666668,34096.0,19
2020-12-29,697867.0,29077.791666666668,34249.0,19
2020-12-30,696166.0,29006.916666666668,34007.0,19
2020-12-31,646686.0,26945.25,32377.0,18
2021-01-01,573483.0,23895.125,29664.0,20
2021-01-02,643531.0,26813.791666666668,32676.0,20
2021-01-03,652858.0,27202.416666666668,33743.0,19
2021-01-04,759889.0,31662.041666666668,37378.0,19
2021-01-05,767193.0,31966.375,37310.0,9
2021-01-06,666313.0,27763.041666666668,33743.0,20
2021-01-07,824781.0,34365.875,40729.0,13
2021-01-08,837658.0,34902.416666666664,41445.0,12
2021-01-09,739565.0,30815.208333333332,35693.0,20
2021-01-10,702151.0,29256.291666666668,35501.0,19
2021-01-11,818937.0,34122.375,40850.0,19
2021-01-12,845584.0,35232.666666666664,41615.0,19
2021-01-13,843494.0,35145.583333333336,40844.0,19
2021-01-14,838890.0,34953.75,40961.0,19
2021-01-15,828739.0,34530.791666666664,40325.0,9
2021-01-16,735129.0,30630.375,35475.0,19
2021-01-17,684001.0,28500.041666666668,34786.0,20
2021-01-18,805079.0,33544.958333333336,39553.0,19
2021-01-19,817422.0,34059.25,40088.0,19
2021-01-20,816904.0,34037.666666666664,39655.0,18
2021-01-21,789310.0,32887.916666666664,37734.0,10
2021-01-22,764563.0,31856.791666666668,36571.0,9
2021-01-23,687924.0,28663.5,32842.0,19
2021-01-24,629406.0,26225.25,31451.0,19
2021-01-25,748617.0,31192.375,36259.0,18
2021-01-26,742995.0,30958.125,35458.0,10
2021-01-27,722509.0,30104.541666666668,34493.0,10
2021-01-28,714474.0,29769.75,33913.0,10
2021-01-29,699387.0,29141.125,33238.0,10
2021-01-30,639368.0,26640.333333333332,30196.0,12
2021-01-31,602657.0,25110.708333333332,29927.0,19
2021-02-01,702961.0,29290.041666666668,34047.0,19
2021-02-02,714473.0,29769.708333333332,34219.0,19
2021-02-03,710951.0,29622.958333333332,33865.0,19
2021-02-04,710906.0,29621.083333333332,33924.0,19
2021-02-05,709866.0,29577.75,33676.0,9
2021-02-06,639669.0,26652.875,30294.0,12
2021-02-07,605684.0,25236.833333333332,30613.0,20
2021-02-08,724705.0,30196.041666666668,35181.0,19
2021-02-09,756849.0,31535.375,36336.0,19
2021-02-10,738850.0,30785.416666666668,34933.0,9
2021-02-11,727360.0,30306.666666666668,34612.0,19
2021-02-12,714869.0,29786.208333333332,34093.0,10
2021-02-13,634648.0,26443.666666666668,29885.0,20
2021-02-14,603730.0,25155.416666666668,30210.0,19
2021-02-15,713499.0,29729.125,34550.0,19
2021-02-16,721933.0,30080.541666666668,34371.0,19
2021-02-17,719144.0,29964.333333333332,34306.0,19
2021-02-18,724333.0,30180.541666666668,34579.0,19
2021-02-19,714991.0,29791.291666666668,34092.0,8
2021-02-20,639780.0,26657.5,30298.0,19
2021-02-21,609076.0,25378.166666666668,30615.0,19
2021-02-22,716200.0,29841.666666666668,34623.0,19
2021-02-23,720226.0,30009.416666666668,34502.0,19
2021-02-24,716582.0,29857.583333333332,34094.0,19
2021-02-25,715084.0,29795.166666666668,34219.0,19
2021-02-26,710229.0,29592.875,33607.0,10
2021-02-27,634134.0,26422.25,29960.0,20
2021-02-28,594363.0,24765.125,29551.0,20
2021-03-01,698320.0,29096.666666666668,34706.0,19
2021-03-02,717788.0,29907.833333333332,34780.0,19
2021-03-03,715652.0,29818.833333333332,34540.0,19
2021-03-04,709190.0,29549.583333333332,34013.0,19
2021-03-05,704281.0,29345.041666666668,33936.0,9
2021-03-06,626982.0,26124.25,30126.0,19
2021-03-07,593037.0,24709.875,29933.0,19
2021-03-08,710978.0,29624.083333333332,34962.0,19
2021-03-09,727485.0,30311.875,35039.0,19
2021-03-10,719321.0,29971.708333333332,34772.0,19
2021-03-11,707767.0,29490.291666666668,33868.0,19
2021-03-12,696846.0,29035.25,33257.0,8
2021-03-13,616897.0,25704.041666666668,29573.0,20
2021-03-14,580984.0,24207.666666666668,29141.0,20
2021-03-15,690571.0,28773.791666666668,33852.0,19
2021-03-16,701546.0,29231.083333333332,33898.0,19
2021-03-17,700532.0,29188.833333333332,33891.0,19
2021-03-18,708209.0,29508.708333333332,34399.0,19
2021-03-19,672156.0,28006.5,32197.0,19
2021-03-20,637747.0,26572.791666666668,30880.0,20
2021-03-21,602232.0,25093.0,30212.0,20
2021-03-22,704518.0,29354.916666666668,34681.0,19
2021-03-23,708738.0,29530.75,34527.0,19
2021-03-24,700429.0,29184.541666666668,33880.0,19
2021-03-25,690777.0,28782.375,33336.0,19
2021-03-26,683724.0,28488.5,32330.0,9
2021-03-27,615397.0,25641.541666666668,29100.0,20
2021-03-28,569003.0,23708.458333333332,28528.0,19
2021-03-29,663312.0,27638.0,32279.0,9
2021-03-30,665129.0,27713.708333333332,31353.0,11
2021-03-31,649165.0,27048.541666666668,30842.0,9
2021-04-01,572910.0,23871.25,27492.0,19
2021-04-02,529193.0,22049.708333333332,25980.0,19
2021-04-03,549714.0,22904.75,27494.0,19
2021-04-04,525076.0,21878.166666666668,26424.0,19
2021-04-05,575881.0,23995.041666666668,28904.0,19
2021-04-06,649455.0,27060.625,31662.0,19
2021-04-07,671189.0,27966.208333333332,32493.0,19
2021-04-08,678797.0,28283.208333333332,32317.0,8
2021-04-09,677082.0,28211.75,32325.0,10
2021-04-10,602629.0,25109.541666666668,28699.0,19
2021-04-11,561238.0,23384.916666666668,28265.0,19
2021-04-12,661383.0,27557.625,31814.0,19
2021-04-13,683223.0,28467.625,32834.0,19
2021-04-14,681276.0,28386.5,32573.0,8
2021-04-15,685978.0,28582.416666666668,32590.0,10
2021-04-16,677268.0,28219.5,32495.0,8
2021-04-17,604594.0,25191.416666666668,28954.0,19
2021-04-18,561053.0,23377.208333333332,28153.0,19
2021-04-19,667022.0,27792.583333333332,32201.0,19
2021-04-20,678110.0,28254.583333333332,32175.0,19
2021-04-21,676988.0,28207.833333333332,32175.0,10
2021-04-22,680328.0,28347.0,32240.0,10
2021-04-23,652987.0,27207.791666666668,31101.0,8
2021-04-24,586465.0,24436.041666666668,27800.0,19
2021-04-25,556217.0,23175.708333333332,27595.0,19
2021-04-26,661205.0,27550.208333333332,31700.0,10
2021-04-27,670798.0,27949.916666666668,32013.0,10
2021-04-28,665501.0,27729.208333333332,31595.0,10
2021-04-29,665072.0,27711.333333333332,31672.0,10
2021-04-30,653749.0,27239.541666666668,31173.0,8
2021-05-01,538893.0,22453.875,25764.0,19
2021-05-02,533452.0,22227.166666666668,25962.0,19
2021-05-03,633712.0,26404.666666666668,30086.0,11
2021-05-04,657749.0,27406.208333333332,31296.0,10
2021-05-05,656837.0,27368.208333333332,30896.0,8
2021-05-06,654881.0,27286.708333333332,30662.0,8
2021-05-07,647914.0,26996.416666666668,30562.0,10
2021-05-08,578367.0,24098.625,27302.0,9
2021-05-09,541898.0,22579.083333333332,26124.0,19
2021-05-10,640500.0,26687.5,30474.0,10
2021-05-11,652942.0,27205.916666666668,30633.0,11
2021-05-12,654497.0,27270.708333333332,30618.0,10
2021-05-13,659844.0,27493.5,30718.0,11
2021-05-14,652305.0,27179.375,30803.0,10
2021-05-15,582676.0,24278.166666666668,27404.0,11
2021-05-16,549226.0,22884.416666666668,26233.0,19
2021-05-17,640698.0,26695.75,30505.0,11
2021-05-18,662243.0,27593.458333333332,31034.0,11
2021-05-19,665797.0,27741.541666666668,31157.0,11
2021-05-20,665313.0,27721.375,31114.0,10
2021-05-21,657632.0,27401.333333333332,31078.0,11
2021-05-22,583667.0,24319.458333333332,27643.0,11
2021-05-23,543071.0,22627.958333333332,25875.0,19
2021-05-24,624645.0,26026.875,29558.0,11
2021-05-25,653785.0,27241.041666666668,30724.0,11
2021-05-26,660901.0,27537.541666666668,31116.0,11
2021-05-27,662855.0,27618.958333333332,31231.0,10
2021-05-28,655280.0,27303.333333333332,31117.0,10
2021-05-29,591539.0,24647.458333333332,28110.0,11
2021-05-30,552339.0,23014.125,26117.0,20
2021-05-31,657187.0,27382.791666666668,31538.0,11
2021-06-01,667695.0,27820.625,31415.0,11
2021-06-02,667242.0,27801.75,30990.0,11
2021-06-03,664693.0,27695.541666666668,31072.0,11
2021-06-04,658556.0,27439.833333333332,30927.0,11
2021-06-05,586571.0,24440.458333333332,27678.0,11
2021-06-06,545958.0,22748.25,25998.0,20
2021-06-07,663244.0,27635.166666666668,31274.0,11
2021-06-08,689612.0,28733.833333333332,32359.0,11
2021-06-09,698270.0,29094.583333333332,32967.0,11
2021-06-10,706392.0,29433.0,33102.0,11
2021-06-11,697955.0,29081.458333333332,33230.0,11
2021-06-12,625579.0,26065.791666666668,29476.0,10
2021-06-13,588684.0,24528.5,27789.0,20
2021-06-14,711457.0,29644.041666666668,34096.0,11
2021-06-15,727472.0,30311.333333333332,34711.0,11
2021-06-16,722040.0,30085.0,34385.0,11
2021-06-17,693829.0,28909.541666666668,32699.0,11
2021-06-18,679770.0,28323.75,32153.0,11
2021-06-19,607464.0,25311.0,28574.0,10
2021-06-20,560979.0,23374.125,26532.0,20
2021-06-21,665292.0,27720.5,31273.0,11
2021-06-22,674854.0,28118.916666666668,31806.0,11
2021-06-23,665415.0,27725.625,31220.0,10
2021-06-24,633648.0,26402.0,29320.0,11
2021-06-25,663060.0,27627.5,31222.0,11
2021-06-26,612466.0,25519.416666666668,28738.0,11
2021-06-27,572672.0,23861.333333333332,27163.0,20
2021-06-28,674028.0,28084.5,31907.0,11
2021-06-29,692446.0,28851.916666666668,32822.0,11
2021-06-30,707544.0,29481.0,33400.0,11
2021-07-01,713368.0,29723.666666666668,33516.0,11
2021-07-02,714066.0,29752.75,33964.0,11
2021-07-03,646457.0,26935.708333333332,30444.0,11
2021-07-04,612867.0,25536.125,29163.0,20
2021-07-05,731950.0,30497.916666666668,35233.0,11
2021-07-06,731044.0,30460.166666666668,34730.0,11
2021-07-07,708552.0,29523.0,33875.0,12
2021-07-08,701925.0,29246.875,32672.0,11
2021-07-09,710653.0,29610.541666666668,33704.0,11
2021-07-10,655769.0,27323.708333333332,30701.0,11
2021-07-11,625623.0,26067.625,29922.0,20
2021-07-12,726001.0,30250.041666666668,34858.0,12
2021-07-13,705499.0,29395.791666666668,32833.0,11
2021-07-14,703925.0,29330.208333333332,32895.0,11
2021-07-15,710938.0,29622.416666666668,33126.0,11
2021-07-16,718568.0,29940.333333333332,33892.0,12
2021-07-17,662164.0,27590.166666666668,30971.0,12
2021-07-18,623525.0,25980.208333333332,29824.0,20
2021-07-19,738858.0,30785.75,35790.0,12
2021-07-20,750734.0,31280.583333333332,35703.0,12
2021-07-21,758299.0,31595.791666666668,36197.0,11
2021-07-22,769264.0,32052.666666666668,37018.0,12
2021-07-23,758789.0,31616.208333333332,36304.0,12
2021-07-24,668755.0,27864.791666666668,31538.0,12
2021-07-25,612705.0,25529.375,29046.0,20
2021-07-26,711997.0,29666.541666666668,33918.0,11
2021-07-27,724275.0,30178.125,34188.0,12
2021-07-28,735631.0,30651.291666666668,34874.0,11
2021-07-29,744805.0,31033.541666666668,35385.0,11
2021-07-30,737472.0,30728.0,35282.0,11
2021-07-31,641569.0,26732.041666666668,29852.0,12
2021-08-01,577892.0,24078.833333333332,27481.0,20
2021-08-02,661733.0,27572.208333333332,31362.0,12
2021-08-03,680288.0,28345.333333333332,32402.0,11
2021-08-04,690442.0,28768.416666666668,32752.0,11
2021-08-05,698975.0,29123.958333333332,33133.0,12
2021-08-06,692420.0,28850.833333333332,33098.0,11
2021-08-07,630608.0,26275.333333333332,29269.0,12
2021-08-08,578787.0,24116.125,27353.0,20
2021-08-09,657739.0,27405.791666666668,31169.0,12
2021-08-10,675578.0,28149.083333333332,31713.0,11
2021-08-11,698627.0,29109.458333333332,33249.0,12
2021-08-12,718602.0,29941.75,34352.0,12
2021-08-13,723197.0,30133.208333333332,34648.0,12
2021-08-14,691243.0,28801.791666666668,32904.0,12
2021-08-15,650269.0,27094.541666666668,30680.0,20
2021-08-16,694811.0,28950.458333333332,33069.0,12
2021-08-17,690469.0,28769.541666666668,32303.0,12
2021-08-18,685270.0,28552.916666666668,32032.0,12
2021-08-19,683210.0,28467.083333333332,32010.0,12
2021-08-20,683908.0,28496.166666666668,32405.0,12
2021-08-21,638455.0,26602.291666666668,29811.0,12
2021-08-22,604341.0,25180.875,29068.0,19
2021-08-23,703593.0,29316.375,34063.0,12
2021-08-24,708834.0,29534.75,33632.0,12
2021-08-25,700825.0,29201.041666666668,33315.0,11
2021-08-26,710335.0,29597.291666666668,33885.0,11
2021-08-27,713581.0,29732.541666666668,34176.0,12
2021-08-28,638886.0,26620.25,29508.0,11
2021-08-29,590347.0,24597.791666666668,28412.0,19
2021-08-30,687576.0,28649.0,32847.0,12
2021-08-31,707935.0,29497.291666666668,33942.0,11
2021-09-01,702720.0,29280.0,33414.0,11
2021-09-02,694359.0,28931.625,32791.0,11
2021-09-03,692820.0,28867.5,33142.0,11
2021-09-04,623191.0,25966.291666666668,28978.0,19
2021-09-05,591838.0,24659.916666666668,29025.0,19
2021-09-06,717743.0,29905.958333333332,34853.0,11
2021-09-07,731153.0,30464.708333333332,35077.0,11
2021-09-08,713156.0,29714.833333333332,33814.0,11
2021-09-09,718146.0,29922.75,34130.0,11
2021-09-10,702530.0,29272.083333333332,33456.0,11
2021-09-11,622597.0,25941.541666666668,28866.0,19
2021-09-12,591049.0,24627.041666666668,28759.0,19
2021-09-13,697573.0,29065.541666666668,33824.0,11
2021-09-14,704260.0,29344.166666666668,33545.0,11
2021-09-15,697871.0,29077.958333333332,32797.0,11
2021-09-16,682886.0,28453.583333333332,31798.0,10
2021-09-17,672833.0,28034.708333333332,31400.0,11
2021-09-18,597081.0,24878.375,27669.0,11
2021-09-19,550807.0,22950.291666666668,27031.0,19
2021-09-20,650753.0,27114.708333333332,30503.0,19
2021-09-21,652661.0,27194.208333333332,30075.0,11
2021-09-22,658464.0,27436.0,30789.0,10
2021-09-23,660465.0,27519.375,30654.0,11
2021-09-24,655018.0,27292.416666666668,30997.0,11
2021-09-25,590842.0,24618.416666666668,27645.0,19
2021-09-26,547406.0,22808.583333333332,26895.0,19
2021-09-27,652333.0,27180.541666666668,31113.0,18
2021-09-28,668930.0,27872.083333333332,31534.0,11
2021-09-29,670736.0,27947.333333333332,31263.0,11
2021-09-30,664995.0,27708.125,31188.0,18
2021-10-01,660697.0,27529.041666666668,30815.0,10
2021-10-02,585944.0,24414.333333333332,27291.0,18
2021-10-03,546003.0,22750.125,26535.0,19
2021-10-04,627129.0,26130.375,29680.0,18
2021-10-05,645034.0,26876.416666666668,30774.0,18
2021-10-06,658957.0,27456.541666666668,31155.0,18
2021-10-07,654098.0,27254.083333333332,30812.0,18
2021-10-08,646377.0,26932.375,30054.0,11
2021-10-09,575199.0,23966.625,26851.0,18
2021-10-10,534325.0,22263.541666666668,26073.0,19
2021-10-11,582972.0,24290.5,27620.0,18
2021-10-12,542358.0,22598.25,26322.0,18
2021-10-13,637108.0,26546.166666666668,30480.0,18
2021-10-14,640987.0,26707.791666666668,30798.0,18
2021-10-15,647782.0,26990.916666666668,30343.0,18
2021-10-16,579063.0,24127.625,27137.0,18
2021-10-17,541522.0,22563.416666666668,26454.0,19
2021-10-18,644416.0,26850.666666666668,31100.0,18
2021-10-19,660395.0,27516.458333333332,31408.0,18
2021-10-20,658591.0,27441.291666666668,31160.0,18
2021-10-21,653389.0,27224.541666666668,30857.0,18
2021-10-22,645270.0,26886.25,30228.0,10
2021-10-23,576370.0,24015.416666666668,26987.0,18
2021-10-24,539580.0,22482.5,26697.0,19
2021-10-25,639950.0,26664.583333333332,30965.0,18
2021-10-26,658392.0,27433.0,31120.0,18
2021-10-27,656175.0,27340.625,31201.0,18
2021-10-28,655280.0,27303.333333333332,31385.0,18
2021-10-29,658828.0,27451.166666666668,30939.0,18
2021-10-30,591633.0,24651.375,27679.0,11
2021-10-31,539899.0,22495.791666666668,26552.0,19
2021-11-01,548667.0,22861.125,26730.0,19
2021-11-02,643690.0,26820.416666666668,31652.0,18
2021-11-03,667051.0,27793.791666666668,31916.0,18
2021-11-04,676358.0,28181.583333333332,32424.0,19
2021-11-05,680940.0,28372.5,32148.0,18
2021-11-06,618250.0,25760.416666666668,29306.0,19
2021-11-07,583873.0,24328.041666666668,29203.0,19
2021-11-08,682041.0,28418.375,33300.0,19
2021-11-09,691709.0,28821.208333333332,33559.0,19
2021-11-10,703399.0,29308.291666666668,33668.0,19
2021-11-11,703854.0,29327.25,33764.0,19
2021-11-12,697752.0,29073.0,32550.0,18
2021-11-13,619074.0,25794.75,29207.0,19
2021-11-14,579277.0,24136.541666666668,28851.0,19
2021-11-15,689010.0,28708.75,33381.0,18
2021-11-16,712006.0,29666.916666666668,34577.0,19
2021-11-17,712928.0,29705.333333333332,34466.0,19
2021-11-18,719682.0,29986.75,34495.0,19
2021-11-19,716138.0,29839.083333333332,33558.0,19
2021-11-20,644871.0,26869.625,30363.0,19
2021-11-21,595604.0,24816.833333333332,29398.0,19
2021-11-22,712568.0,29690.333333333332,35092.0,18
2021-11-23,736432.0,30684.666666666668,35633.0,19
2021-11-24,748503.0,31187.625,35731.0,19
2021-11-25,749114.0,31213.083333333332,35903.0,19
2021-11-26,744212.0,31008.833333333332,34797.0,19
2021-11-27,676338.0,28180.75,32264.0,19
2021-11-28,644810.0,26867.083333333332,32551.0,19
2021-11-29,745109.0,31046.208333333332,36325.0,19
2021-11-30,755300.0,31470.833333333332,36330.0,19
2021-12-01,759573.0,31648.875,36574.0,18
2021-12-02,760116.0,31671.5,36420.0,19
2021-12-03,753039.0,31376.625,35467.0,19
2021-12-04,673094.0,28045.583333333332,31836.0,19
2021-12-05,628054.0,26168.916666666668,30986.0,19
2021-12-06,633877.0,26411.541666666668,31428.0,19
2021-12-07,675043.0,28126.791666666668,31854.0,19
2021-12-08,643316.0,26804.833333333332,32324.0,19
2021-12-09,747323.0,31138.458333333332,36098.0,17
2021-12-10,738461.0,30769.208333333332,34456.0,17
2021-12-11,658983.0,27457.625,30958.0,19
2021-12-12,614132.0,25588.833333333332,30520.0,20
2021-12-13,727216.0,30300.666666666668,35240.0,19
2021-12-14,746156.0,31089.833333333332,35862.0,19
2021-12-15,750739.0,31280.791666666668,35930.0,19
2021-12-16,751436.0,31309.833333333332,35971.0,19
2021-12-17,746709.0,31112.875,35049.0,9
2021-12-18,671749.0,27989.541666666668,31614.0,19
2021-12-19,625164.0,26048.5,31087.0,20
2021-12-20,738022.0,30750.916666666668,35598.0,19
2021-12-21,737285.0,30720.208333333332,35005.0,19
2021-12-22,725579.0,30232.458333333332,34458.0,19
2021-12-23,691429.0,28809.541666666668,32544.0,18
2021-12-24,596260.0,24844.166666666668,28186.0,17
2021-12-25,517797.0,21574.875,25723.0,20
2021-12-26,547723.0,22821.791666666668,27645.0,20
2021-12-27,618795.0,25783.125,29909.0,19
2021-12-28,623228.0,25967.833333333332,29670.0,19
2021-12-29,616811.0,25700.458333333332,29776.0,19
2021-12-30,613533.0,25563.875,29758.0,19
2021-12-31,571146.0,23797.75,27558.0,18
2022-01-01,504460.0,21019.166666666668,25842.0,20
2022-01-02,545673.0,22736.375,28264.0,20
2022-01-03,658293.0,27428.875,32488.0,19
2022-01-04,676858.0,28202.416666666668,32805.0,18
2022-01-05,673541.0,28064.208333333332,31939.0,10
2022-01-06,580706.0,24196.083333333332,29391.0,20
2022-01-07,666252.0,27760.5,32559.0,19
2022-01-08,643619.0,26817.458333333332,31568.0,19
2022-01-09,613975.0,25582.291666666668,31226.0,20
2022-01-10,715327.0,29805.291666666668,34967.0,19
2022-01-11,726614.0,30275.583333333332,35079.0,19
2022-01-12,734029.0,30584.541666666668,35619.0,19
2022-01-13,745738.0,31072.416666666668,36268.0,19
2022-01-14,752783.0,31365.958333333332,35889.0,19
2022-01-15,674409.0,28100.375,32400.0,19
2022-01-16,635362.0,26473.416666666668,32399.0,20
2022-01-17,751781.0,31324.208333333332,37056.0,19
2022-01-18,771202.0,32133.416666666668,37383.0,19
2022-01-19,772903.0,32204.291666666668,37430.0,19
2022-01-20,771952.0,32164.666666666668,37407.0,19
2022-01-21,768659.0,32027.458333333332,36746.0,19
2022-01-22,688533.0,28688.875,33024.0,19
2022-01-23,647412.0,26975.5,32790.0,19
2022-01-24,767221.0,31967.541666666668,37403.0,19
2022-01-25,766313.0,31929.708333333332,37051.0,19
2022-01-26,762910.0,31787.916666666668,36889.0,19
2022-01-27,755439.0,31476.625,36506.0,19
2022-01-28,746075.0,31086.458333333332,35393.0,9
2022-01-29,663233.0,27634.708333333332,31512.0,20
2022-01-30,617141.0,25714.208333333332,31301.0,20
2022-01-31,725826.0,30242.75,35582.0,19
2022-02-01,734254.0,30593.916666666668,35608.0,19
2022-02-02,727304.0,30304.333333333332,35338.0,19
2022-02-03,724323.0,30180.125,35154.0,19
2022-02-04,718883.0,29953.458333333332,34321.0,19
2022-02-05,643909.0,26829.541666666668,30660.0,20
2022-02-06,604787.0,25199.458333333332,30585.0,20
2022-02-07,708448.0,29518.666666666668,34681.0,19
2022-02-08,717590.0,29899.583333333332,34870.0,19
2022-02-09,718220.0,29925.833333333332,34722.0,19
2022-02-10,723340.0,30139.166666666668,35139.0,19
2022-02-11,715456.0,29810.666666666668,33658.0,19
2022-02-12,642972.0,26790.5,30873.0,19
2022-02-13,597915.0,24913.125,30703.0,19
2022-02-14,703292.0,29303.833333333332,34710.0,19
2022-02-15,720121.0,30005.041666666668,35137.0,19
2022-02-16,717289.0,29887.041666666668,34720.0,19
2022-02-17,708909.0,29537.875,33719.0,19
2022-02-18,697045.0,29043.541666666668,32884.0,19
2022-02-19,637216.0,26550.666666666668,30279.0,19
2022-02-20,594966.0,24790.25,29746.0,19
2022-02-21,693467.0,28894.458333333332,33879.0,19
2022-02-22,699126.0,29130.25,33726.0,19
2022-02-23,698042.0,29085.083333333332,33653.0,19
2022-02-24,699885.0,29161.875,34141.0,19
2022-02-25,703459.0,29310.791666666668,33212.0,19
2022-02-26,637339.0,26555.791666666668,30144.0,19
2022-02-27,590683.0,24611.791666666668,29090.0,19
2022-02-28,670454.0,27935.583333333332,32337.0,19
2022-03-01,688832.0,28701.333333333332,33446.0,19
2022-03-02,696890.0,29037.083333333332,33678.0,19
2022-03-03,704261.0,29344.208333333332,34464.0,19
2022-03-04,702173.0,29257.208333333332,32868.0,9
2022-03-05,623201.0,25966.708333333332,29520.0,20
2022-03-06,584823.0,24367.625,29501.0,20
2022-03-07,696521.0,29021.708333333332,34423.0,19
2022-03-08,699516.0,29146.5,33620.0,19
2022-03-09,690564.0,28773.5,33311.0,19
2022-03-10,683108.0,28462.833333333332,32990.0,19
2022-03-11,687843.0,28660.125,32910.0,19
2022-03-12,606539.0,25272.458333333332,28928.0,20
2022-03-13,561567.0,23398.625,28234.0,19
2022-03-14,687035.0,28626.458333333332,33900.0,19
2022-03-15,687916.0,28663.166666666668,33327.0,19
2022-03-16,687923.0,28663.458333333332,33171.0,19
2022-03-17,682598.0,28441.583333333332,32877.0,19
2022-03-18,668421.0,27850.875,31564.0,19
2022-03-19,588710.0,24529.583333333332,28070.0,19
2022-03-20,557304.0,23221.0,28188.0,19
2022-03-21,660329.0,27513.708333333332,32418.0,19
2022-03-22,672943.0,28039.291666666668,32903.0,19
2022-03-23,677866.0,28244.416666666668,32956.0,19
2022-03-24,682746.0,28447.75,33425.0,19
2022-03-25,670859.0,27952.458333333332,31737.0,19
2022-03-26,598773.0,24948.875,28706.0,19
2022-03-27,549536.0,22897.333333333332,27684.0,19
2022-03-28,647202.0,26966.75,31346.0,19
2022-03-29,659525.0,27480.208333333332,31476.0,19
2022-03-30,668070.0,27836.25,31843.0,19
2022-03-31,667809.0,27825.375,31552.0,19
2022-04-01,670897.0,27954.041666666668,31898.0,9
2022-04-02,605013.0,25208.875,29359.0,19
2022-04-03,575557.0,23981.541666666668,29754.0,19
2022-04-04,704033.0,29334.708333333332,34341.0,19
2022-04-05,725631.0,30234.625,34756.0,10
2022-04-06,703165.0,29298.541666666668,33399.0,10
2022-04-07,679234.0,28301.416666666668,32426.0,7
2022-04-08,665022.0,27709.25,31202.0,8
2022-04-09,584250.0,24343.75,27859.0,19
2022-04-10,540569.0,22523.708333333332,26917.0,19
2022-04-11,631030.0,26292.916666666668,29945.0,19
2022-04-12,647237.0,26968.208333333332,30547.0,19
2022-04-13,639387.0,26641.125,30002.0,8
2022-04-14,546574.0,22773.916666666668,25789.0,19
2022-04-15,501762.0,20906.75,24456.0,19
2022-04-16,516385.0,21516.041666666668,25497.0,19
2022-04-17,491677.0,20486.541666666668,24696.0,19
2022-04-18,541363.0,22556.791666666668,26720.0,19
2022-04-19,617412.0,25725.5,29739.0,19
2022-04-20,649994.0,27083.083333333332,30920.0,11
2022-04-21,654255.0,27260.625,30602.0,8
2022-04-22,653709.0,27237.875,30547.0,8
2022-04-23,580972.0,24207.166666666668,27810.0,19
2022-04-24,534677.0,22278.208333333332,26425.0,19
2022-04-25,623278.0,25969.916666666668,29685.0,19
2022-04-26,639467.0,26644.458333333332,30244.0,19
2022-04-27,651021.0,27125.875,30753.0,19
2022-04-28,649330.0,27055.416666666668,30385.0,19
2022-04-29,634678.0,26444.916666666668,29380.0,8
2022-04-30,554315.0,23096.458333333332,26075.0,19
2022-05-01,495856.0,20660.666666666668,24470.0,19
2022-05-02,574533.0,23938.875,27708.0,19
2022-05-03,636196.0,26508.166666666668,29724.0,19
2022-05-04,643680.0,26820.0,29935.0,11
2022-05-05,637191.0,26549.625,29437.0,19
2022-05-06,624218.0,26009.083333333332,28849.0,11
2022-05-07,553668.0,23069.5,25773.0,19
2022-05-08,515932.0,21497.166666666668,25407.0,19
2022-05-09,621057.0,25877.375,29260.0,19
2022-05-10,640195.0,26674.791666666668,30151.0,11
2022-05-11,639817.0,26659.041666666668,29477.0,19
2022-05-12,641431.0,26726.291666666668,29678.0,19
2022-05-13,642042.0,26751.75,30061.0,11
2022-05-14,570362.0,23765.083333333332,26270.0,9
2022-05-15,530033.0,22084.708333333332,25730.0,19
2022-05-16,625336.0,26055.666666666668,29435.0,11
2022-05-17,652383.0,27182.625,30341.0,11
2022-05-18,664232.0,27676.333333333332,31355.0,11
2022-05-19,672788.0,28032.833333333332,31621.0,11
2022-05-20,672645.0,28026.875,31829.0,11
2022-05-21,602123.0,25088.458333333332,28177.0,11
2022-05-22,552823.0,23034.291666666668,26319.0,19
2022-05-23,649025.0,27042.708333333332,30676.0,11
2022-05-24,650203.5,27091.8125,30042.0,11
2022-05-25,634599.5,26441.645833333332,29404.75,11
2022-05-26,639492.75,26645.53125,29476.75,11
2022-05-27,645051.75,26877.15625,30227.25,11
2022-05-28,585208.0,24383.666666666668,27492.25,11
2022-05-29,544117.5,22671.5625,25697.75,20
2022-05-30,638627.0,26609.458333333332,30092.5,11
2022-05-31,660330.25,27513.760416666668,30629.75,11
2022-06-01,666430.5,27767.9375,30867.5,10
2022-06-02,670359.75,27931.65625,31084.75,11
2022-06-03,665965.5,27748.5625,31305.5,11
2022-06-04,588444.5,24518.520833333332,27326.25,11
2022-06-05,548861.0,22869.208333333332,26346.0,20
2022-06-06,636731.25,26530.46875,29599.0,11
2022-06-07,677892.5,28245.520833333332,32178.25,11
2022-06-08,684680.5,28528.354166666668,31989.25,11
2022-06-09,689710.75,28737.947916666668,32239.75,11
2022-06-10,693124.0,28880.166666666668,32596.5,11
2022-06-11,631025.5,26292.729166666668,29507.75,11
2022-06-12,590925.75,24621.90625,28233.5,20
2022-06-13,714774.25,29782.260416666668,34157.75,15
2022-06-14,757103.0,31545.958333333332,35963.75,11
2022-06-15,775812.5,32325.520833333332,37208.75,11
2022-06-16,770819.0,32117.458333333332,37056.75,12
2022-06-17,768176.5,32007.354166666668,37748.25,12
2022-06-18,673785.0,28074.375,32239.25,11
2022-06-19,594202.75,24758.447916666668,27981.5,20
2022-06-20,704537.25,29355.71875,34013.0,11
2022-06-21,710558.25,29606.59375,33721.0,11
2022-06-22,690142.5,28755.9375,32304.75,11
2022-06-23,669889.5,27912.0625,31446.5,11
2022-06-24,616320.5,25680.020833333332,28000.75,11
2022-06-25,586603.25,24441.802083333332,27464.5,11
2022-06-26,550996.5,22958.1875,25930.5,20
2022-06-27,648797.5,27033.229166666668,31260.25,11
2022-06-28,673122.0,28046.75,31810.0,11
2022-06-29,681385.25,28391.052083333332,32194.25,11
2022-06-30,675120.0,28130.0,31942.75,11
2022-07-01,667905.5,27829.395833333332,31774.75,11
2022-07-02,615406.5,25641.9375,28875.25,11
2022-07-03,579629.25,24151.21875,27308.75,20
2022-07-04,686781.5,28615.895833333332,32700.0,11
2022-07-05,716454.0,29852.25,34185.0,11
2022-07-06,709664.0,29569.333333333332,34071.25,11
2022-07-07,699765.5,29156.895833333332,32907.25,11
2022-07-08,707594.5,29483.104166666668,33677.5,11
2022-07-09,641352.0,26723.0,29975.5,12
2022-07-10,610074.5,25419.770833333332,28973.0,20
2022-07-11,742827.25,30951.135416666668,36049.25,12
2022-07-12,766287.5,31928.645833333332,36667.5,12
2022-07-13,783299.0,32637.458333333332,37785.0,12
2022-07-14,785829.75,32742.90625,37927.25,12
2022-07-15,778797.5,32449.895833333332,37501.0,11
2022-07-16,698543.0,29105.958333333332,32567.5,12
2022-07-17,652133.25,27172.21875,31267.5,20
2022-07-18,776048.75,32335.364583333332,37568.75,12
2022-07-19,768047.25,32001.96875,36348.0,11
2022-07-20,764633.5,31859.729166666668,36724.0,12
2022-07-21,776446.0,32351.916666666668,37082.25,11
2022-07-22,773818.75,32242.447916666668,37605.0,12
2022-07-23,678444.25,28268.510416666668,31636.25,12
2022-07-24,642190.75,26757.947916666668,30988.0,20
2022-07-25,734640.75,30610.03125,35483.0,12
2022-07-26,765173.75,31882.239583333332,36543.5,12
2022-07-27,749700.0,31237.5,35710.75,11
2022-07-28,748257.25,31177.385416666668,35509.25,11
2022-07-29,742095.75,30920.65625,35549.25,11
2022-07-30,657026.0,27376.083333333332,30515.0,12
2022-07-31,622401.5,25933.395833333332,29918.0,20
2022-08-01,732908.5,30537.854166666668,35749.75,12
2022-08-02,747978.0,31165.75,36312.75,12
2022-08-03,742409.75,30933.739583333332,35858.0,12
2022-08-04,730467.75,30436.15625,35066.25,12
2022-08-05,710682.0,29611.75,34228.75,12
2022-08-06,636990.25,26541.260416666668,29690.0,11
2022-08-07,599603.0,24983.458333333332,28374.5,20
2022-08-08,678336.75,28264.03125,32505.75,12
2022-08-09,687034.5,28626.4375,32960.75,12
2022-08-10,700214.5,29175.604166666668,33828.5,12
2022-08-11,701710.5,29237.9375,33495.0,12
2022-08-12,699574.0,29148.916666666668,33344.75,12
2022-08-13,645957.0,26914.875,30534.75,12
2022-08-14,583576.75,24315.697916666668,27976.5,19
2022-08-15,572185.5,23841.0625,27804.25,19
2022-08-16,638798.75,26616.614583333332,30035.0,11
2022-08-17,629416.5,26225.6875,29425.25,11
2022-08-18,618954.75,25789.78125,28510.75,19
2022-08-19,620528.0,25855.333333333332,28835.5,11
2022-08-20,590971.5,24623.8125,27882.0,19
2022-08-21,567732.75,23655.53125,27402.5,19
2022-08-22,663997.75,27666.572916666668,31357.0,12
2022-08-23,687695.75,28653.989583333332,32666.0,12
2022-08-24,699601.0,29150.041666666668,33577.5,11
2022-08-25,691919.75,28829.989583333332,32516.5,12
2022-08-26,676204.0,28175.166666666668,32134.5,11
2022-08-27,612407.25,25516.96875,28506.75,19
2022-08-28,578980.25,24124.177083333332,28075.75,19
2022-08-29,689264.25,28719.34375,33419.0,12
2022-08-30,707498.75,29479.114583333332,33830.25,11
2022-08-31,696659.0,29027.458333333332,33083.25,11
2022-09-01,687089.5,28628.729166666668,32460.25,12
2022-09-02,686529.0,28605.375,32880.5,11
2022-09-03,594538.0,24772.416666666668,27584.75,19
2022-09-04,553022.25,23042.59375,27276.75,19
2022-09-05,670590.75,27941.28125,32267.75,11
2022-09-06,680309.5,28346.229166666668,32052.75,11
2022-09-07,683291.25,28470.46875,32606.5,11
2022-09-08,672707.5,28029.479166666668,31440.5,11
2022-09-09,676211.75,28175.489583333332,32229.25,11
2022-09-10,608213.75,25342.239583333332,28634.25,19
2022-09-11,576880.25,24036.677083333332,28443.5,19
2022-09-12,701013.75,29208.90625,33948.75,11
2022-09-13,699738.25,29155.760416666668,33725.25,10
2022-09-14,673428.25,28059.510416666668,31579.5,11
2022-09-15,669861.25,27910.885416666668,31212.75,11
2022-09-16,663847.5,27660.3125,31064.25,11
2022-09-17,580512.5,24188.020833333332,27017.5,19
2022-09-18,537446.5,22393.604166666668,26615.25,19
2022-09-19,650514.25,27104.760416666668,30760.5,18
2022-09-20,662276.0,27594.833333333332,30963.25,11
2022-09-21,657979.75,27415.822916666668,30675.5,11
2022-09-22,658217.75,27425.739583333332,31021.25,18
2022-09-23,651168.0,27132.0,30680.25,11
2022-09-24,560729.0,23363.708333333332,26008.25,19
2022-09-25,511862.25,21327.59375,25270.5,19
2022-09-26,604508.0,25187.833333333332,29113.0,18
2022-09-27,625341.0,26055.875,29700.5,18
2022-09-28,626607.5,26108.645833333332,29776.5,18
2022-09-29,625729.25,26072.052083333332,29625.0,18
2022-09-30,609312.5,25388.020833333332,28411.25,18
2022-10-01,542304.75,22596.03125,25739.25,18
2022-10-02,509308.5,21221.1875,25403.5,19
2022-10-03,617440.5,25726.6875,30088.5,18
2022-10-04,633499.0,26395.791666666668,30633.5,18
2022-10-05,632390.25,26349.59375,30350.0,18
2022-10-06,639107.25,26629.46875,30488.5,18
2022-10-07,629718.25,26238.260416666668,29516.0,18
2022-10-08,552174.25,23007.260416666668,26043.25,18
2022-10-09,511266.0,21302.75,25061.5,19
2022-10-10,615094.75,25628.947916666668,29963.5,18
2022-10-11,620154.75,25839.78125,29183.25,18
2022-10-12,525981.0,21915.875,25534.5,18
2022-10-13,611813.0,25492.208333333332,29575.5,18
2022-10-14,619154.75,25798.114583333332,29433.0,18
2022-10-15,538586.0,22441.083333333332,25711.75,18
2022-10-16,508870.25,21202.927083333332,25322.5,18
2022-10-17,615289.75,25637.072916666668,30065.25,18
2022-10-18,632353.5,26348.0625,30571.75,18
2022-10-19,644150.75,26839.614583333332,30892.0,18
2022-10-20,646840.0,26951.666666666668,30986.75,18
2022-10-21,634157.5,26423.229166666668,29860.75,10
2022-10-22,548021.25,22834.21875,25961.0,18
2022-10-23,515473.0,21478.041666666668,25460.25,18
2022-10-24,614381.25,25599.21875,30246.5,18
2022-10-25,629504.25,26229.34375,30544.0,18
2022-10-26,634795.5,26449.8125,30594.25,18
2022-10-27,630151.25,26256.302083333332,30592.0,18
2022-10-28,617851.25,25743.802083333332,29268.25,18
2022-10-29,537104.5,22379.354166666668,25417.25,18
2022-10-30,501450.0,20893.75,24901.75,19
2022-10-31,557055.25,23210.635416666668,27521.5,18
2022-11-01,509347.25,21222.802083333332,25067.0,19
2022-11-02,603759.5,25156.645833333332,29821.75,18
2022-11-03,621539.75,25897.489583333332,29855.75,18
2022-11-04,617459.5,25727.479166666668,29225.0,18
2022-11-05,540520.25,22521.677083333332,25619.5,19
2022-11-06,502620.5,20942.520833333332,25407.75,19
2022-11-07,605077.0,25211.541666666668,29915.25,19
2022-11-08,632264.0,26344.333333333332,30633.5,18
2022-11-09,625521.5,26063.395833333332,30159.5,19
2022-11-10,630126.5,26255.270833333332,29684.0,19
2022-11-11,631010.25,26292.09375,30055.75,18
2022-11-12,555646.5,23151.9375,26100.0,19
2022-11-13,513650.0,21402.083333333332,25731.25,19
2022-11-14,619129.0,25797.041666666668,30394.5,18
2022-11-15,641265.5,26719.395833333332,30745.0,19
2022-11-16,647388.0,26974.5,31049.0,18
2022-11-17,647303.5,26970.979166666668,31080.0,19
2022-11-18,644565.0,26856.875,30090.25,19
2022-11-19,572376.75,23849.03125,27076.75,19
2022-11-20,533296.5,22220.6875,26670.75,19
2022-11-21,653076.5,27211.520833333332,32140.5,19
2022-11-22,679424.0,28309.333333333332,32918.5,18
2022-11-23,670566.0,27940.25,32125.25,19
2022-11-24,665883.75,27745.15625,32031.0,19
2022-11-25,649105.5,27046.0625,30457.25,19
2022-11-26,580794.5,24199.770833333332,27465.25,19
2022-11-27,550006.75,22916.947916666668,27829.0,20
2022-11-28,659097.5,27462.395833333332,32745.75,19
2022-11-29,681607.5,28400.3125,33131.25,19
2022-11-30,692448.5,28852.020833333332,33745.75,19
2022-12-01,697774.0,29073.916666666668,34005.25,19
2022-12-02,697006.5,29041.9375,33080.0,19
2022-12-03,626034.25,26084.760416666668,29757.75,19
2022-12-04,585237.75,24384.90625,29120.0,19
2022-12-05,673336.0,28055.666666666668,32493.0,18
2022-12-06,614363.0,25598.458333333332,29657.75,20
2022-12-07,662346.25,27597.760416666668,31744.0,19
2022-12-08,599710.0,24987.916666666668,28973.25,19
2022-12-09,639012.75,26625.53125,30331.25,12
2022-12-10,591963.0,24665.125,28399.5,19
2022-12-11,578669.5,24111.229166666668,28662.75,19
2022-12-12,691338.75,28805.78125,33986.5,19
2022-12-13,700020.25,29167.510416666668,33125.25,19
2022-12-14,688052.0,28668.833333333332,32967.25,19
2022-12-15,681381.25,28390.885416666668,32680.75,19
2022-12-16,681250.5,28385.4375,32118.75,19
2022-12-17,600762.5,25031.770833333332,28414.5,19
2022-12-18,567428.25,23642.84375,28304.75,19
2022-12-19,680754.25,28364.760416666668,34104.0,19
2022-12-20,693125.0,28880.208333333332,33431.5,19
2022-12-21,678407.0,28266.958333333332,32714.5,19
2022-12-22,662611.25,27608.802083333332,31913.25,19
2022-12-23,629592.5,26233.020833333332,29592.5,19
2022-12-24,526389.0,21932.875,26088.75,18
2022-12-25,471838.5,19659.9375,23710.25,20
2022-12-26,512670.75,21361.28125,26252.0,20
2022-12-27,575964.25,23998.510416666668,28763.5,19
2022-12-28,591377.25,24640.71875,29330.25,19
2022-12-29,602431.5,25101.3125,29150.0,19
2022-12-30,588353.5,24514.729166666668,28047.0,19
2022-12-31,521072.25,21711.34375,26584.75,18
2023-01-01,467737.75,19489.072916666668,24602.5,20
2023-01-02,589302.0,24554.25,29317.0,19
2023-01-03,635990.75,26499.614583333332,31500.25,19
2023-01-04,648528.75,27022.03125,31549.75,19
2023-01-05,631369.25,26307.052083333332,30021.75,9
2023-01-06,539568.75,22482.03125,27440.5,20
2023-01-07,587530.25,24480.427083333332,29296.0,19
2023-01-08,573446.75,23893.614583333332,29249.75,19
2023-01-09,666050.0,27752.083333333332,32812.0,19
2023-01-10,689208.25,28717.010416666668,33779.0,19
2023-01-11,699438.75,29143.28125,33867.5,19
2023-01-12,699703.25,29154.302083333332,34579.5,19
2023-01-13,697692.5,29070.520833333332,33210.25,19
2023-01-14,624089.75,26003.739583333332,30238.75,19
2023-01-15,581539.25,24230.802083333332,29936.25,19
2023-01-16,719606.25,29983.59375,35621.5,19
2023-01-17,722135.0,30088.958333333332,35437.5,19
2023-01-18,739527.5,30813.645833333332,36604.25,19
2023-01-19,746784.5,31116.020833333332,37215.5,19
2023-01-20,722143.75,30089.322916666668,34404.75,19
2023-01-21,639223.25,26634.302083333332,31532.5,19
2023-01-22,606477.75,25269.90625,32053.5,19
2023-01-23,743723.5,30988.479166666668,37772.0,19
2023-01-24,778784.5,32449.354166666668,39115.5,19
2023-01-25,767061.25,31960.885416666668,37926.75,19
2023-01-26,771738.75,32155.78125,38476.5,19
2023-01-27,757654.5,31568.9375,36655.75,19
2023-01-28,673092.0,28045.5,33227.25,19
2023-01-29,632799.0,26366.625,33155.25,19
2023-01-30,752005.75,31333.572916666668,38289.25,19
2023-01-31,756731.25,31530.46875,37556.25,19
2023-02-01,754244.0,31426.833333333332,37914.75,19
2023-02-02,748541.5,31189.229166666668,37214.75,19
2023-02-03,731524.75,30480.197916666668,35358.25,19
2023-02-04,636127.75,26505.322916666668,31182.5,19
2023-02-05,588855.5,24535.645833333332,31045.0,19
2023-02-06,726593.25,30274.71875,37495.25,19
2023-02-07,765681.75,31903.40625,38292.0,19
2023-02-08,759067.25,31627.802083333332,37433.5,19
2023-02-09,752371.5,31348.8125,36857.5,19
2023-02-10,747208.75,31133.697916666668,36045.5,19
2023-02-11,654184.0,27257.666666666668,31897.0,19
2023-02-12,607867.5,25327.8125,31692.5,19
2023-02-13,723602.5,30150.104166666668,36319.5,19
2023-02-14,733338.25,30555.760416666668,36179.0,19
2023-02-15,722986.75,30124.447916666668,35886.5,19
2023-02-16,716710.5,29862.9375,35251.25,19
2023-02-17,703130.0,29297.083333333332,33831.5,19
2023-02-18,617420.25,25725.84375,29751.75,19
2023-02-19,568784.5,23699.354166666668,29039.5,20
2023-02-20,668362.25,27848.427083333332,33282.0,19
2023-02-21,680004.5,28333.520833333332,33401.75,19
2023-02-22,683446.5,28476.9375,33841.0,19
2023-02-23,700346.25,29181.09375,34452.5,19
2023-02-24,699444.25,29143.510416666668,33456.0,19
2023-02-25,628993.75,26208.072916666668,30473.5,19
2023-02-26,589805.5,24575.229166666668,30097.5,20
2023-02-27,719726.75,29988.614583333332,36238.25,19
2023-02-28,725856.75,30244.03125,35902.5,19
2023-03-01,745893.5,31078.895833333332,37300.75,19
2023-03-02,744775.25,31032.302083333332,36825.75,19
2023-03-03,727458.75,30310.78125,35031.5,19
2023-03-04,632543.5,26355.979166666668,31090.75,20
2023-03-05,602584.0,25107.666666666668,31616.0,19
2023-03-06,699483.5,29145.145833333332,34917.75,19
2023-03-07,693639.5,28901.645833333332,34239.75,19
2023-03-08,681933.0,28413.875,33670.0,19
2023-03-09,674209.25,28092.052083333332,32853.0,19
2023-03-10,649697.5,27070.729166666668,30821.5,19
2023-03-11,569944.75,23747.697916666668,27382.5,20
2023-03-12,525805.0,21908.541666666668,26907.25,19
2023-03-13,625290.0,26053.75,31577.5,19
2023-03-14,636601.0,26525.041666666668,31588.25,19
2023-03-15,636114.5,26504.770833333332,31420.25,19
2023-03-16,636793.5,26533.0625,31512.5,19
2023-03-17,632100.75,26337.53125,30239.0,19
2023-03-18,567002.5,23625.104166666668,27380.0,19
2023-03-19,521782.5,21740.9375,26661.5,19
2023-03-20,606175.75,25257.322916666668,30505.75,19
2023-03-21,630240.0,26260.0,31202.25,19
2023-03-22,625561.5,26065.0625,31115.5,19
2023-03-23,623238.75,25968.28125,31113.25,19
2023-03-24,625092.0,26045.5,30024.0,19
2023-03-25,553419.5,23059.145833333332,27075.0,19
2023-03-26,512465.75,21352.739583333332,26331.75,19
2023-03-27,609943.25,25414.302083333332,30009.25,19
2023-03-28,618935.5,25788.979166666668,30096.75,19
2023-03-29,615239.5,25634.979166666668,29446.25,19
2023-03-30,608917.25,25371.552083333332,29466.0,19
2023-03-31,603968.25,25165.34375,28359.25,19
2023-04-01,533268.75,22219.53125,26163.5,19
2023-04-02,495036.75,20626.53125,25171.0,19
2023-04-03,580724.25,24196.84375,28771.5,19
2023-04-04,591492.5,24645.520833333332,28878.0,19
2023-04-05,581441.0,24226.708333333332,27972.75,19
2023-04-06,509982.75,21249.28125,25018.0,19
2023-04-07,468900.75,19537.53125,23576.0,19
2023-04-08,481243.5,20051.8125,24743.0,19
2023-04-09,461981.25,19249.21875,24099.0,19
2023-04-10,511507.75,21312.822916666668,26008.25,19
2023-04-11,576666.5,24027.770833333332,28124.25,19
2023-04-12,593189.75,24716.239583333332,29105.25,19
2023-04-13,595463.25,24810.96875,28750.75,19
2023-04-14,594647.0,24776.958333333332,28472.5,19
2023-04-15,531094.0,22128.916666666668,25711.75,19
2023-04-16,488209.25,20342.052083333332,25121.75,19
2023-04-17,577410.5,24058.770833333332,28524.5,19
2023-04-18,593460.5,24727.520833333332,28947.5,19
2023-04-19,594287.75,24761.989583333332,28912.75,19
2023-04-20,595464.75,24811.03125,29124.0,19
2023-04-21,588856.5,24535.6875,28079.0,19
2023-04-22,525138.0,21880.75,25231.75,19
2023-04-23,483878.75,20161.614583333332,24823.0,19
2023-04-24,577799.5,24074.979166666668,28472.0,19
2023-04-25,600647.5,25026.979166666668,29202.0,19
2023-04-26,604870.5,25202.9375,28994.25,19
2023-04-27,614059.5,25585.8125,29587.25,19
2023-04-28,605689.0,25237.041666666668,28424.25,19
2023-04-29,532758.0,22198.25,25423.5,19
2023-04-30,487257.0,20302.375,24359.25,19
2023-05-01,466143.75,19422.65625,23881.0,19
2023-05-02,572952.75,23873.03125,27825.5,19
2023-05-03,599728.5,24988.6875,28354.75,19
2023-05-04,601881.25,25078.385416666668,28576.0,19
2023-05-05,600277.75,25011.572916666668,27798.5,19
2023-05-06,528508.5,22021.1875,24944.75,19
2023-05-07,494445.5,20601.895833333332,24565.5,19
2023-05-08,593508.25,24729.510416666668,28590.25,19
2023-05-09,611190.0,25466.25,29136.75,19
2023-05-10,602753.75,25114.739583333332,28566.75,19
2023-05-11,596602.5,24858.4375,28556.75,19
2023-05-12,588067.0,24502.791666666668,27384.75,19
2023-05-13,517421.25,21559.21875,24450.5,19
2023-05-14,482040.5,20085.020833333332,23959.75,19
2023-05-15,569416.0,23725.666666666668,27528.75,19
2023-05-16,590417.25,24600.71875,28062.75,19
2023-05-17,584732.75,24363.864583333332,28135.75,19
2023-05-18,589264.75,24552.697916666668,28079.5,19
2023-05-19,583299.5,24304.145833333332,27036.75,19
2023-05-20,517759.25,21573.302083333332,24837.25,19
2023-05-21,483755.75,20156.489583333332,24080.5,19
2023-05-22,585051.75,24377.15625,28176.5,19
2023-05-23,596894.25,24870.59375,28471.25,19
2023-05-24,592599.5,24691.645833333332,27978.25,19
2023-05-25,592769.75,24698.739583333332,28077.5,19
2023-05-26,579619.75,24150.822916666668,26981.25,11
2023-05-27,508487.0,21186.958333333332,23662.0,19
2023-05-28,470287.0,19595.291666666668,23406.5,19
2023-05-29,567178.0,23632.416666666668,27220.5,19
2023-05-30,587253.25,24468.885416666668,27715.0,19
2023-05-31,591376.25,24640.677083333332,27536.0,19
2023-06-01,601722.25,25071.760416666668,27991.5,19
2023-06-02,600975.0,25040.625,27442.75,19
2023-06-03,524761.25,21865.052083333332,24367.75,19
2023-06-04,489086.0,20378.583333333332,24054.0,20
2023-06-05,591078.0,24628.25,28259.0,19
2023-06-06,617608.5,25733.6875,28788.75,19
2023-06-07,631209.5,26300.395833333332,29740.75,11
2023-06-08,625595.0,26066.458333333332,29143.75,11
2023-06-09,615378.25,25640.760416666668,28503.0,11
2023-06-10,542920.75,22621.697916666668,25464.25,19
2023-06-11,510223.0,21259.291666666668,24944.25,20
2023-06-12,617020.5,25709.1875,28766.25,11
2023-06-13,628350.5,26181.270833333332,29057.5,11
2023-06-14,632118.5,26338.270833333332,29294.5,11
2023-06-15,645388.25,26891.177083333332,29868.25,18
2023-06-16,652161.5,27173.395833333332,30146.25,11
2023-06-17,584097.75,24337.40625,26869.5,19
2023-06-18,537462.75,22394.28125,25478.25,20
2023-06-19,641514.5,26729.770833333332,30417.75,11
2023-06-20,657898.5,27412.4375,30394.75,11
2023-06-21,664922.75,27705.114583333332,31004.0,11
2023-06-22,660938.0,27539.083333333332,30405.0,11
2023-06-23,660029.25,27501.21875,30903.25,11
2023-06-24,579679.0,24153.291666666668,27047.75,19
2023-06-25,568561.25,23690.052083333332,27887.25,20
2023-06-26,709330.75,29555.447916666668,33867.25,15
2023-06-27,726136.5,30255.6875,33849.25,15
2023-06-28,729901.5,30412.5625,33986.75,15
2023-06-29,723080.0,30128.333333333332,33855.5,12
2023-06-30,681888.75,28412.03125,31355.0,11
2023-07-01,597201.5,24883.395833333332,27825.75,19
2023-07-02,571612.5,23817.1875,28142.75,20
2023-07-03,698116.75,29088.197916666668,32906.75,15
2023-07-04,704808.25,29367.010416666668,32769.0,12
2023-07-05,707512.25,29479.677083333332,32892.75,11
2023-07-06,711166.25,29631.927083333332,32934.0,11
2023-07-07,700201.5,29175.0625,32331.0,11
2023-07-08,612756.75,25531.53125,28410.5,19
2023-07-09,582033.25,24251.385416666668,28969.25,20
2023-07-10,731510.5,30479.604166666668,34489.0,12
2023-07-11,770104.25,32087.677083333332,36184.0,12
2023-07-12,760496.75,31687.364583333332,35387.25,14
2023-07-13,748330.75,31180.447916666668,34635.0,12
2023-07-14,746371.75,31098.822916666668,35008.25,11
2023-07-15,643971.0,26832.125,29292.5,19
2023-07-16,591779.0,24657.458333333332,29107.75,20
2023-07-17,734379.0,30599.125,34739.5,15
2023-07-18,778354.5,32431.4375,36796.5,15
2023-07-19,785961.25,32748.385416666668,37071.5,12
2023-07-20,766873.75,31953.072916666668,35845.5,11
2023-07-21,723236.25,30134.84375,33347.75,12
2023-07-22,626554.75,26106.447916666668,28854.75,19
2023-07-23,598520.75,24938.364583333332,29820.5,20
2023-07-24,702372.5,29265.520833333332,33086.75,11
2023-07-25,668040.5,27835.020833333332,30608.75,19
2023-07-26,684973.25,28540.552083333332,31254.75,11
2023-07-27,698854.5,29118.9375,32223.0,11
2023-07-28,687275.0,28636.458333333332,31547.25,11
2023-07-29,625289.5,26053.729166666668,29034.75,19
2023-07-30,595802.25,24825.09375,29154.75,20
2023-07-31,688069.75,28669.572916666668,31982.25,12
2023-08-01,698043.0,29085.125,32399.75,12
2023-08-02,713615.75,29733.989583333332,33253.25,12
2023-08-03,687416.0,28642.333333333332,31827.5,11
2023-08-04,638983.75,26624.322916666668,29042.25,11
2023-08-05,568216.25,23675.677083333332,26844.0,19
2023-08-06,548828.75,22867.864583333332,27329.25,20
2023-08-07,635766.75,26490.28125,30191.75,19
2023-08-08,665267.5,27719.479166666668,31404.0,19
2023-08-09,684907.0,28537.791666666668,31963.0,19
2023-08-10,695894.75,28995.614583333332,32717.25,12
2023-08-11,682723.25,28446.802083333332,31864.25,12
2023-08-12,620668.25,25861.177083333332,29703.75,19
2023-08-13,581779.0,24240.791666666668,28755.0,19
2023-08-14,625855.5,26077.3125,29751.75,19
2023-08-15,573960.25,23915.010416666668,28013.25,19
2023-08-16,654071.25,27252.96875,31035.25,19
2023-08-17,653884.5,27245.1875,31176.5,19
2023-08-18,653511.25,27229.635416666668,30841.75,19
2023-08-19,610618.75,25442.447916666668,29702.75,19
2023-08-20,599637.0,24984.875,29739.75,19
2023-08-21,716233.5,29843.0625,34619.5,19
2023-08-22,735687.75,30653.65625,34890.5,19
2023-08-23,749303.5,31220.979166666668,35289.25,17
2023-08-24,750091.25,31253.802083333332,35453.5,15
2023-08-25,736402.0,30683.416666666668,34660.0,12
2023-08-26,648105.5,27004.395833333332,29863.0,19
2023-08-27,543782.0,22657.583333333332,26102.5,19
2023-08-28,619560.25,25815.010416666668,29941.5,19
2023-08-29,637017.0,26542.375,30246.75,19
2023-08-30,644365.5,26848.5625,30330.5,19
2023-08-31,648970.0,27040.416666666668,31172.25,19
2023-09-01,657125.5,27380.229166666668,30574.75,18
2023-09-02,568353.25,23681.385416666668,26325.25,19
2023-09-03,524008.75,21833.697916666668,25936.75,19
2023-09-04,636801.75,26533.40625,30352.0,19
2023-09-05,653677.0,27236.541666666668,31108.5,19
2023-09-06,665938.25,27747.427083333332,31435.5,19
2023-09-07,671359.5,27973.3125,31453.0,18
2023-09-08,648540.75,27022.53125,30083.5,11
2023-09-09,577107.0,24046.125,27609.5,19
2023-09-10,539954.25,22498.09375,27135.5,19
2023-09-11,630066.5,26252.770833333332,29904.0,19
2023-09-12,654765.75,27281.90625,31061.5,19
2023-09-13,655662.5,27319.270833333332,31064.0,19
2023-09-14,664080.5,27670.020833333332,31414.25,18
2023-09-15,655134.25,27297.260416666668,30607.5,11
2023-09-16,560844.25,23368.510416666668,26878.0,19
2023-09-17,526601.5,21941.729166666668,26307.0,19
2023-09-18,619221.0,25800.875,30160.5,19
2023-09-19,634134.25,26422.260416666668,30182.5,18
2023-09-20,628723.25,26196.802083333332,30582.5,18
2023-09-21,623918.0,25996.583333333332,29908.5,18
2023-09-22,606265.25,25261.052083333332,28726.75,18
2023-09-23,528588.5,22024.520833333332,25893.75,19
2023-09-24,499537.5,20814.0625,25803.75,19
2023-09-25,600340.75,25014.197916666668,29892.5,18
2023-09-26,628298.5,26179.104166666668,31185.75,18
2023-09-27,636550.25,26522.927083333332,31278.0,18
2023-09-28,641965.25,26748.552083333332,31709.5,18
2023-09-29,639039.0,26626.625,30805.75,18
2023-09-30,563185.0,23466.041666666668,27387.75,18
2023-10-01,527709.75,21987.90625,26774.25,18
2023-10-02,633257.25,26385.71875,31520.75,18
2023-10-03,644375.5,26848.979166666668,31897.25,18
2023-10-04,646502.75,26937.614583333332,31945.25,18
2023-10-05,647471.25,26977.96875,31860.5,18
2023-10-06,648354.5,27014.770833333332,31547.5,18
2023-10-07,566813.5,23617.229166666668,27541.5,18
2023-10-08,526932.25,21955.510416666668,26446.75,18
2023-10-09,616252.5,25677.1875,30814.25,18
2023-10-10,632600.25,26358.34375,31241.0,18
2023-10-11,625793.0,26074.708333333332,30106.5,18
2023-10-12,526637.5,21943.229166666668,26140.75,18
2023-10-13,565432.5,23559.6875,27953.25,18
2023-10-14,528319.5,22013.3125,25270.75,18
2023-10-15,498215.0,20758.958333333332,25350.25,19
2023-10-16,608059.0,25335.791666666668,30151.0,18
2023-10-17,632240.5,26343.354166666668,31037.0,18
2023-10-18,633070.5,26377.9375,30933.0,18
2023-10-19,639278.25,26636.59375,30873.75,18
2023-10-20,612397.5,25516.5625,29368.5,18
2023-10-21,529694.5,22070.604166666668,25882.75,18
2023-10-22,506457.0,21102.375,25801.75,19
2023-10-23,613263.75,25552.65625,30412.0,18
2023-10-24,617241.5,25718.395833333332,30876.75,18
2023-10-25,627601.5,26150.0625,30891.5,18
2023-10-26,641179.5,26715.8125,31212.0,18
2023-10-27,628494.0,26187.25,30014.0,18
2023-10-28,550011.0,22917.125,26739.5,18
2023-10-29,519656.75,21652.364583333332,27231.25,18
2023-10-30,617289.5,25720.395833333332,31282.5,19
2023-10-31,633479.75,26394.989583333332,31472.0,18
2023-11-01,546297.75,22762.40625,26952.75,19
2023-11-02,635669.75,26486.239583333332,31866.75,18
2023-11-03,639201.0,26633.375,31175.25,18
2023-11-04,572845.75,23868.572916666668,27514.25,19
2023-11-05,525768.0,21907.0,27442.75,19
2023-11-06,633765.75,26406.90625,32671.75,19
2023-11-07,653431.75,27226.322916666668,32860.75,19
2023-11-08,665124.75,27713.53125,33244.25,19
2023-11-09,655534.0,27313.916666666668,32650.25,19
2023-11-10,654725.75,27280.239583333332,31832.25,19
2023-11-11,577839.75,24076.65625,27778.5,19
2023-11-12,529269.5,22052.895833333332,26981.0,19
2023-11-13,630674.5,26278.104166666668,31463.75,19
2023-11-14,641414.5,26725.604166666668,31571.75,19
2023-11-15,645989.5,26916.229166666668,31978.75,19
2023-11-16,653289.5,27220.395833333332,31513.0,19
2023-11-17,640021.75,26667.572916666668,30972.0,18
2023-11-18,566023.5,23584.3125,26809.75,19
2023-11-19,524950.0,21872.916666666668,26787.0,19
2023-11-20,632946.75,26372.78125,31501.25,19
2023-11-21,648483.25,27020.135416666668,32117.5,19
2023-11-22,659633.25,27484.71875,32816.0,19
2023-11-23,668836.25,27868.177083333332,33300.75,19
2023-11-24,666758.25,27781.59375,32241.5,19
2023-11-25,593744.75,24739.364583333332,28603.75,19
2023-11-26,561338.5,23389.104166666668,28658.75,19
2023-11-27,674531.5,28105.479166666668,33565.25,19
2023-11-28,693048.75,28877.03125,33912.75,19
2023-11-29,686698.75,28612.447916666668,33645.0,19
2023-11-30,682737.25,28447.385416666668,33094.0,19
2023-12-01,676888.25,28203.677083333332,32289.75,19
2023-12-02,602765.75,25115.239583333332,29118.5,19
2023-12-03,581810.25,24242.09375,30091.5,20
2023-12-04,702119.75,29254.989583333332,35220.0,19
2023-12-05,713436.75,29726.53125,35039.0,18
2023-12-06,629782.75,26240.947916666668,31411.5,19
2023-12-07,655964.25,27331.84375,31700.0,17
2023-12-08,594099.25,24754.135416666668,29060.75,20
2023-12-09,589256.25,24552.34375,28628.0,19
2023-12-10,562382.75,23432.614583333332,28591.0,19
2023-12-11,667303.0,27804.291666666668,33101.5,18
2023-12-12,686176.5,28590.6875,33335.0,19
2023-12-13,692214.5,28842.270833333332,33833.0,19
2023-12-14,697558.25,29064.927083333332,34398.5,19
2023-12-15,695303.75,28970.989583333332,33740.25,19
2023-12-16,622253.25,25927.21875,30335.75,19
2023-12-17,598401.0,24933.375,31002.5,19
2023-12-18,720010.75,30000.447916666668,36258.5,19
2023-12-19,728161.25,30340.052083333332,36150.0,19
2023-12-20,731816.75,30492.364583333332,36292.0,19
2023-12-21,709907.0,29579.458333333332,35107.75,19
2023-12-22,676621.25,28192.552083333332,32725.5,19
2023-12-23,594534.0,24772.25,29547.25,20
2023-12-24,556069.5,23169.5625,28753.25,18
2023-12-25,515801.75,21491.739583333332,27104.75,20
2023-12-26,619453.0,25810.541666666668,31824.5,19
2023-12-27,658711.25,27446.302083333332,33274.75,19
2023-12-28,667015.0,27792.291666666668,32973.5,19
2023-12-29,656564.0,27356.833333333332,31958.25,17
2023-12-30,586967.0,24456.958333333332,29649.5,20
2023-12-31,561371.5,23390.479166666668,29132.75,18
2024-01-01,518952.25,21623.010416666668,27522.25,20
2024-01-02,657103.25,27379.302083333332,33049.0,19
2024-01-03,676591.25,28191.302083333332,33253.0,19
2024-01-04,683190.5,28466.270833333332,32929.25,19
2024-01-05,649664.0,27069.333333333332,31124.5,9
2024-01-06,567172.75,23632.197916666668,28816.0,20
2024-01-07,589816.5,24575.6875,31466.0,20
2024-01-08,736877.0,30703.208333333332,37872.5,19
2024-01-09,768141.0,32005.875,37944.5,19
2024-01-10,771789.5,32157.895833333332,37310.75,19
2024-01-11,760673.0,31694.708333333332,37709.25,19
2024-01-12,759326.25,31638.59375,37227.0,18
2024-01-13,672248.0,28010.333333333332,32469.75,19
2024-01-14,614013.5,25583.895833333332,31453.25,20
2024-01-15,725636.75,30234.864583333332,35799.0,19
2024-01-16,723854.0,30160.583333333332,35329.5,19
2024-01-17,709954.5,29581.4375,34530.5,19
2024-01-18,702719.75,29279.989583333332,34327.5,19
2024-01-19,725390.75,30224.614583333332,34723.25,18
2024-01-20,641031.75,26709.65625,31040.25,19
2024-01-21,600068.0,25002.833333333332,30874.0,19
2024-01-22,712061.0,29669.208333333332,35789.25,19
2024-01-23,714190.0,29757.916666666668,35428.25,19
2024-01-24,702337.0,29264.041666666668,34535.5,19
2024-01-25,696029.5,29001.229166666668,34471.25,19
2024-01-26,685166.0,28548.583333333332,32829.75,19
2024-01-27,597936.25,24914.010416666668,28974.25,19
2024-01-28,560279.0,23344.958333333332,29055.0,20
2024-01-29,676465.75,28186.072916666668,34152.25,19
2024-01-30,696128.25,29005.34375,34406.5,19
2024-01-31,699917.25,29163.21875,34230.75,19
2024-02-01,688678.25,28694.927083333332,34011.25,19
2024-02-02,679133.25,28297.21875,33037.0,19
2024-02-03,600017.5,25000.729166666668,29167.0,20
2024-02-04,561649.75,23402.072916666668,29441.75,20
2024-02-05,681624.5,28401.020833333332,34898.0,19
2024-02-06,693065.25,28877.71875,34004.75,19
2024-02-07,699002.0,29125.083333333332,34954.25,19
2024-02-08,707592.75,29483.03125,35244.0,19
2024-02-09,705448.25,29393.677083333332,33429.5,19
2024-02-10,611093.5,25462.229166666668,29459.0,20
2024-02-11,589873.25,24578.052083333332,30460.5,19
2024-02-12,674488.75,28103.697916666668,33436.25,19
2024-02-13,671441.0,27976.708333333332,33389.0,19
2024-02-14,673548.5,28064.520833333332,33419.0,19
2024-02-15,682345.25,28431.052083333332,33404.0,19
2024-02-16,671195.5,27966.479166666668,32002.25,19
2024-02-17,579344.75,24139.364583333332,28134.0,19
2024-02-18,544216.75,22675.697916666668,28246.25,20
2024-02-19,645144.0,26881.0,32898.25,19
2024-02-20,657215.25,27383.96875,33288.5,19
2024-02-21,669883.0,27911.791666666668,33883.0,19
2024-02-22,676702.5,28195.9375,33542.0,19
2024-02-23,668296.5,27845.6875,32660.75,19
2024-02-24,603916.5,25163.1875,29905.25,19
2024-02-25,579856.5,24160.6875,30041.75,19
2024-02-26,681085.75,28378.572916666668,34772.75,19
2024-02-27,693280.5,28886.6875,34799.75,19
2024-02-28,678556.5,28273.1875,33864.25,19
2024-02-29,681399.5,28391.645833333332,34662.75,19
2024-03-01,676526.25,28188.59375,33521.75,19
2024-03-02,616644.5,25693.520833333332,30694.0,19
2024-03-03,571535.75,23813.989583333332,29935.0,19
2024-03-04,693787.5,28907.8125,35446.25,19
2024-03-05,681618.0,28400.75,34492.5,19
2024-03-06,686888.75,28620.364583333332,34828.5,19
2024-03-07,690204.0,28758.5,34743.0,19
2024-03-08,691743.5,28822.645833333332,34045.0,19
2024-03-09,633788.75,26407.864583333332,30861.5,19
2024-03-10,574603.25,23941.802083333332,30383.5,20
2024-03-11,674615.0,28108.958333333332,35021.5,19
2024-03-12,672287.75,28011.989583333332,34074.75,19
2024-03-13,671858.25,27994.09375,33938.5,19
2024-03-14,673063.0,28044.291666666668,33993.75,19
2024-03-15,658102.75,27420.947916666668,32032.25,19
2024-03-16,576961.5,24040.0625,28487.5,20
2024-03-17,534978.0,22290.75,27730.75,20
2024-03-18,620588.5,25857.854166666668,31186.75,19
2024-03-19,614876.25,25619.84375,31013.75,19
2024-03-20,630464.75,26269.364583333332,31384.5,19
2024-03-21,636256.75,26510.697916666668,31786.5,19
2024-03-22,635141.75,26464.239583333332,31194.0,19
2024-03-23,546259.25,22760.802083333332,26652.75,19
2024-03-24,511582.5,21315.9375,26814.5,19
2024-03-25,639006.75,26625.28125,31417.5,19
2024-03-26,651380.25,27140.84375,32115.75,19
2024-03-27,645759.75,26906.65625,32014.75,19
2024-03-28,563896.25,23495.677083333332,28152.5,19
2024-03-29,525821.0,21909.208333333332,26197.5,20
2024-03-30,543689.5,22653.729166666668,27459.25,20
2024-03-31,526252.25,21927.177083333332,27608.5,19
2024-04-01,562800.75,23450.03125,29649.0,19
2024-04-02,650752.25,27114.677083333332,33253.75,19
2024-04-03,642915.25,26788.135416666668,31547.25,19
2024-04-04,631894.0,26328.916666666668,31380.25,19
2024-04-05,620202.25,25841.760416666668,30047.75,19
2024-04-06,545524.75,22730.197916666668,27360.0,19
2024-04-07,517219.5,21550.8125,27126.0,19
2024-04-08,609809.0,25408.708333333332,30789.5,19
2024-04-09,609045.0,25376.875,30677.0,19
2024-04-10,617361.0,25723.375,30878.5,19
2024-04-11,614480.75,25603.364583333332,30651.25,19
2024-04-12,614658.0,25610.75,29689.75,6
2024-04-13,536960.5,22373.354166666668,26981.5,19
2024-04-14,499798.25,20824.927083333332,25998.25,19
2024-04-15,604360.75,25181.697916666668,30559.5,19
2024-04-16,614893.25,25620.552083333332,30632.25,19
2024-04-17,617423.5,25725.979166666668,30196.25,19
2024-04-18,613571.25,25565.46875,30428.75,19
2024-04-19,615992.5,25666.354166666668,29910.75,19
2024-04-20,541538.0,22564.083333333332,26495.75,19
2024-04-21,503426.0,20976.083333333332,26634.75,19
2024-04-22,600512.25,25021.34375,30436.5,19
2024-04-23,620494.25,25853.927083333332,31174.5,19
2024-04-24,627154.25,26131.427083333332,31583.0,19
2024-04-25,644855.75,26868.989583333332,31815.0,19
2024-04-26,630370.75,26265.447916666668,29843.0,19
2024-04-27,562601.25,23441.71875,26803.75,19
2024-04-28,524347.25,21847.802083333332,27083.0,19
2024-04-29,630836.25,26284.84375,31205.25,19
2024-04-30,621201.5,25883.395833333332,30003.0,19
2024-05-01,515793.5,21491.395833333332,26310.0,19
2024-05-02,595530.75,24813.78125,29089.75,19
2024-05-03,606920.0,25288.333333333332,29349.5,19
2024-05-04,544183.5,22674.3125,26740.75,19
2024-05-05,516730.0,21530.416666666668,26759.0,19
2024-05-06,608120.75,25338.364583333332,29656.75,19
2024-05-07,609250.25,25385.427083333332,30059.75,19
2024-05-08,617310.25,25721.260416666668,30189.25,19
2024-05-09,619597.5,25816.5625,30069.25,19
2024-05-10,607966.75,25331.947916666668,28763.75,19
2024-05-11,535913.75,22329.739583333332,26133.0,19
2024-05-12,502257.25,20927.385416666668,25590.25,19
2024-05-13,605497.0,25229.041666666668,29910.75,19
2024-05-14,622586.25,25941.09375,29839.0,19
2024-05-15,609573.75,25398.90625,29190.0,19
2024-05-16,615323.0,25638.458333333332,29473.75,19
2024-05-17,607962.0,25331.75,28354.5,19
2024-05-18,538975.75,22457.322916666668,25654.75,19
2024-05-19,505091.0,21045.458333333332,25769.25,19
2024-05-20,594730.5,24780.4375,28986.0,19
2024-05-21,612165.0,25506.875,29607.0,19
2024-05-22,615273.75,25636.40625,29593.0,19
2024-05-23,614823.75,25617.65625,29229.5,19
2024-05-24,610779.0,25449.125,28191.25,19
2024-05-25,541129.75,22547.072916666668,25743.0,19
2024-05-26,503424.5,20976.020833333332,25515.0,19
2024-05-27,614787.25,25616.135416666668,29894.0,19
2024-05-28,629548.5,26231.1875,30348.75,19
2024-05-29,644762.25,26865.09375,30565.5,18
2024-05-30,644078.75,26836.614583333332,30751.5,19
2024-05-31,636388.25,26516.177083333332,29423.5,19
2024-06-01,556211.5,23175.479166666668,26468.25,19
2024-06-02,518917.25,21621.552083333332,26038.5,19
2024-06-03,627040.25,26126.677083333332,30200.0,19
2024-06-04,636201.5,26508.395833333332,30304.5,19
2024-06-05,651198.75,27133.28125,30852.0,18
2024-06-06,666012.0,27750.5,31217.0,19
2024-06-07,662360.25,27598.34375,30250.25,11
2024-06-08,576591.0,24024.625,26406.75,19
2024-06-09,520308.25,21679.510416666668,25472.5,19
2024-06-10,623312.25,25971.34375,29369.75,19
2024-06-11,627517.75,26146.572916666668,29150.75,19
2024-06-12,623553.0,25981.375,28713.75,19
2024-06-13,611338.75,25472.447916666668,29156.75,19
2024-06-14,628628.0,26192.833333333332,28996.0,18
2024-06-15,553068.5,23044.520833333332,25864.25,19
2024-06-16,513688.0,21403.666666666668,26018.25,20
2024-06-17,635160.5,26465.020833333332,30612.75,19
2024-06-18,654622.0,27275.916666666668,30531.25,18
2024-06-19,644104.0,26837.666666666668,29701.75,19
2024-06-20,634866.0,26452.75,29058.25,11
2024-06-21,620636.5,25859.854166666668,28576.75,19
2024-06-22,559622.5,23317.604166666668,26403.0,19
2024-06-23,523907.25,21829.46875,26216.5,20
2024-06-24,609151.5,25381.3125,29089.75,19
2024-06-25,671129.5,27963.729166666668,31565.25,18
2024-06-26,680258.75,28344.114583333332,31094.0,18
2024-06-27,678192.75,28258.03125,31126.75,18
2024-06-28,669828.75,27909.53125,31052.25,11
2024-06-29,584087.0,24336.958333333332,26644.25,19
2024-06-30,542978.0,22624.083333333332,26941.25,20
2024-07-01,642003.0,26750.125,29797.5,19
2024-07-02,656003.0,27333.458333333332,30778.5,19
2024-07-03,672454.0,28018.916666666668,31370.5,19
2024-07-04,697318.75,29054.947916666668,32853.25,19
2024-07-05,702520.75,29271.697916666668,32084.25,17
2024-07-06,607024.25,25292.677083333332,28150.25,19
2024-07-07,553920.0,23080.0,27435.5,20
2024-07-08,662186.25,27591.09375,31322.75,19
2024-07-09,688755.25,28698.135416666668,32169.5,19
2024-07-10,708672.75,29528.03125,33226.25,19
2024-07-11,736644.5,30693.520833333332,34549.75,17
2024-07-12,724261.0,30177.541666666668,33307.75,11
2024-07-13,620981.75,25874.239583333332,28597.5,19
2024-07-14,576213.25,24008.885416666668,29256.0,20
2024-07-15,701906.0,29246.083333333332,33391.25,18
2024-07-16,715124.5,29796.854166666668,33012.5,18
2024-07-17,722080.0,30086.666666666668,33670.25,18
2024-07-18,743138.0,30964.083333333332,34588.25,16
2024-07-19,741600.25,30900.010416666668,34357.0,17
2024-07-20,658804.5,27450.1875,30819.0,19
2024-07-21,596201.0,24841.708333333332,29025.5,19
2024-07-22,700878.25,29203.260416666668,33281.0,19
2024-07-23,735174.5,30632.270833333332,34539.25,18
2024-07-24,757227.25,31551.135416666668,35239.75,17
2024-07-25,724609.25,30192.052083333332,33785.75,19
2024-07-26,724071.75,30169.65625,33357.5,17
2024-07-27,652368.25,27182.010416666668,30434.0,19
2024-07-28,622635.75,25943.15625,30933.25,19
2024-07-29,751528.75,31313.697916666668,35565.25,16
2024-07-30,769676.0,32069.833333333332,36000.0,16
2024-07-31,760772.5,31698.854166666668,35416.0,17
2024-08-01,764934.25,31872.260416666668,35786.75,17
2024-08-02,738215.5,30758.979166666668,34186.5,11
2024-08-03,641002.75,26708.447916666668,30281.25,19
2024-08-04,615420.75,25642.53125,30440.75,20
2024-08-05,711886.25,29661.927083333332,33823.25,19
2024-08-06,715648.0,29818.666666666668,33628.75,19
2024-08-07,718561.25,29940.052083333332,33893.5,19
2024-08-08,718032.75,29918.03125,33870.0,19
2024-08-09,715835.5,29826.479166666668,33229.25,19
2024-08-10,657810.5,27408.770833333332,31690.0,19
2024-08-11,622381.5,25932.5625,30894.5,19
2024-08-12,703789.5,29324.5625,33839.5,19
2024-08-13,690323.0,28763.458333333332,32308.0,12
2024-08-14,654217.75,27259.072916666668,30358.25,19
2024-08-15,567747.75,23656.15625,27748.0,19
2024-08-16,610764.75,25448.53125,29225.25,19
2024-08-17,599906.5,24996.104166666668,28968.0,19
2024-08-18,582158.25,24256.59375,29031.75,19
2024-08-19,663947.5,27664.479166666668,32419.25,19
2024-08-20,682373.0,28432.208333333332,32979.5,19
2024-08-21,691607.5,28816.979166666668,32791.25,19
2024-08-22,696552.75,29023.03125,32884.75,19
2024-08-23,690304.0,28762.666666666668,32342.25,19
2024-08-24,635117.25,26463.21875,30551.0,19
2024-08-25,595822.25,24825.927083333332,29344.75,19
2024-08-26,691058.25,28794.09375,33331.0,19
2024-08-27,715754.25,29823.09375,34094.5,19
2024-08-28,726491.25,30270.46875,34113.0,19
2024-08-29,718827.0,29951.125,33254.0,19
2024-08-30,700927.0,29205.291666666668,32272.0,11
2024-08-31,625173.0,26048.875,29953.75,19
2024-09-01,585035.5,24376.479166666668,29579.5,19
2024-09-02,698505.0,29104.375,33096.75,19
2024-09-03,700648.75,29193.697916666668,33203.75,11
2024-09-04,674397.0,28099.875,32375.25,19
2024-09-05,661002.25,27541.760416666668,31657.75,19
2024-09-06,658814.0,27450.583333333332,30494.25,19
2024-09-07,580820.75,24200.864583333332,28128.75,19
2024-09-08,541244.25,22551.84375,27519.5,19
2024-09-09,634383.75,26432.65625,31146.5,19
2024-09-10,656137.0,27339.041666666668,31556.5,19
2024-09-11,640823.75,26700.989583333332,30813.0,19
2024-09-12,662393.75,27599.739583333332,31435.0,19
2024-09-13,636724.75,26530.197916666668,29895.25,19
2024-09-14,559998.0,23333.25,27053.75,19
2024-09-15,524268.0,21844.5,27131.5,19
2024-09-16,636232.75,26509.697916666668,31679.25,18
2024-09-17,647745.0,26989.375,31539.25,19
2024-09-18,649775.75,27073.989583333332,31009.25,18
2024-09-19,651505.25,27146.052083333332,31277.25,18
2024-09-20,639704.25,26654.34375,30219.0,18
2024-09-21,564260.75,23510.864583333332,26617.0,18
2024-09-22,523451.75,21810.489583333332,26555.5,19
2024-09-23,615982.25,25665.927083333332,30267.75,18
2024-09-24,622571.75,25940.489583333332,30396.75,18
2024-09-25,646816.0,26950.666666666668,31743.25,18
2024-09-26,665798.5,27741.604166666668,32695.0,18
2024-09-27,637143.0,26547.625,30634.75,18
2024-09-28,547214.0,22800.583333333332,26386.75,18
2024-09-29,511893.75,21328.90625,26388.25,19
2024-09-30,617006.0,25708.583333333332,30858.0,18
2024-10-01,640668.75,26694.53125,31900.0,18
2024-10-02,655641.25,27318.385416666668,32239.25,18
2024-10-03,647002.0,26958.416666666668,31627.75,18
2024-10-04,630298.5,26262.4375,30570.5,18
2024-10-05,559048.25,23293.677083333332,27263.25,18
2024-10-06,537572.5,22398.854166666668,27303.0,18
2024-10-07,647917.75,26996.572916666668,32154.25,18
2024-10-08,640507.75,26687.822916666668,31421.75,18
2024-10-09,638476.75,26603.197916666668,31602.25,18
2024-10-10,631753.5,26323.0625,30918.5,18
2024-10-11,619354.75,25806.447916666668,30254.0,18
2024-10-12,544870.25,22702.927083333332,26134.5,18
2024-10-13,513962.25,21415.09375,26262.75,19
2024-10-14,628372.0,26182.166666666668,31375.5,18
2024-10-15,645313.0,26888.041666666668,31897.5,18
2024-10-16,646784.25,26949.34375,31602.75,18
2024-10-17,638685.25,26611.885416666668,31419.25,18
2024-10-18,624848.75,26035.364583333332,30304.0,18
2024-10-19,546922.0,22788.416666666668,26487.0,18
2024-10-20,512767.25,21365.302083333332,26296.25,18
2024-10-21,610944.5,25456.020833333332,30920.75,18
2024-10-22,631926.25,26330.260416666668,31760.5,18
2024-10-23,629179.75,26215.822916666668,31142.75,18
2024-10-24,628817.75,26200.739583333332,31237.0,18
2024-10-25,633903.25,26412.635416666668,30431.0,18
2024-10-26,552245.25,23010.21875,26905.75,18
2024-10-27,525584.25,21899.34375,27276.5,18
2024-10-28,630516.25,26271.510416666668,31996.0,19
2024-10-29,657456.75,27394.03125,32603.0,19
2024-10-30,646858.0,26952.416666666668,31990.5,19
2024-10-31,627345.25,26139.385416666668,30149.25,18
2024-11-01,537599.25,22399.96875,26380.75,19
2024-11-02,534378.5,22265.770833333332,26387.25,18
2024-11-03,513459.75,21394.15625,26678.5,19
2024-11-04,610955.25,25456.46875,30642.5,18
2024-11-05,631284.75,26303.53125,31197.0,19
2024-11-06,634334.75,26430.614583333332,31343.75,18
2024-11-07,634772.0,26448.833333333332,31556.75,19
2024-11-08,634906.5,26454.4375,30415.5,18
2024-11-09,557886.25,23245.260416666668,26663.25,19
2024-11-10,523101.5,21795.895833333332,26540.25,19
2024-11-11,622803.5,25950.145833333332,31270.75,19
2024-11-12,653617.0,27234.041666666668,32638.25,19
2024-11-13,678227.75,28259.489583333332,33296.5,18
2024-11-14,669483.0,27895.125,33159.5,19
2024-11-15,663507.5,27646.145833333332,31856.75,18
2024-11-16,580965.75,24206.90625,27877.75,19
2024-11-17,541848.75,22577.03125,27668.0,19
2024-11-18,642248.25,26760.34375,32305.5,19
2024-11-19,656166.0,27340.25,32622.25,19
2024-11-20,660532.25,27522.177083333332,33139.0,19
2024-11-21,674499.5,28104.145833333332,33199.0,19
2024-11-22,667559.5,27814.979166666668,31971.75,19
2024-11-23,587424.25,24476.010416666668,28402.25,19
2024-11-24,553287.5,23053.645833333332,28187.5,19
2024-11-25,655081.5,27295.0625,32651.5,19
2024-11-26,676544.0,28189.333333333332,33307.25,19
2024-11-27,680436.75,28351.53125,33746.25,19
2024-11-28,688892.25,28703.84375,34153.25,19
2024-11-29,674873.5,28119.729166666668,32369.75,18
2024-11-30,592336.0,24680.666666666668,28519.75,18
2024-12-01,563174.0,23465.583333333332,28685.0,19
2024-12-02,666321.0,27763.375,33006.5,19
2024-12-03,683124.0,28463.5,33756.25,19
2024-12-04,685937.5,28580.729166666668,34073.75,19
2024-12-05,687874.0,28661.416666666668,33251.75,19
2024-12-06,591000.0,24625.0,28729.5,19
2024-12-07,579552.75,24148.03125,28358.0,20
2024-12-08,574083.25,23920.135416666668,29757.75,19
2024-12-09,681435.0,28393.125,34535.75,19
2024-12-10,739106.25,30796.09375,36972.75,19
2024-12-11,767592.5,31983.020833333332,37761.75,19
2024-12-12,753043.0,31376.791666666668,36951.5,18
2024-12-13,741454.25,30893.927083333332,35241.25,19
2024-12-14,653978.75,27249.114583333332,31880.5,19
2024-12-15,623958.75,25998.28125,32391.75,19
2024-12-16,737579.0,30732.458333333332,37340.75,19
2024-12-17,749413.0,31225.541666666668,37524.25,19
2024-12-18,734777.5,30615.729166666668,36354.5,19
2024-12-19,719390.0,29974.583333333332,35245.0,19
2024-12-20,701845.75,29243.572916666668,33892.25,19
2024-12-21,629236.75,26218.197916666668,30869.5,19
2024-12-22,600020.0,25000.833333333332,31015.0,19
2024-12-23,646244.0,26926.833333333332,32512.25,19
2024-12-24,597249.75,24885.40625,29524.0,18
2024-12-25,513104.5,21379.354166666668,26670.25,20
2024-12-26,603911.0,25162.958333333332,30191.75,20
2024-12-27,634199.0,26424.958333333332,30990.5,19
2024-12-28,600108.5,25004.520833333332,30037.25,20
2024-12-29,580326.75,24180.28125,30069.5,19
2024-12-30,647057.75,26960.739583333332,32655.0,19
2024-12-31,620775.0,25865.625,31619.5,18
2025-01-01,542572.5,22607.1875,28582.75,20
2025-01-02,672853.75,28035.572916666668,33658.25,19
2025-01-03,689442.0,28726.75,33651.5,19
2025-01-04,625606.5,26066.9375,31254.5,19
2025-01-05,595991.25,24832.96875,30935.75,19
2025-01-06,570002.75,23750.114583333332,29921.75,20
2025-01-07,708436.75,29518.197916666668,35981.75,19
2025-01-08,732613.25,30525.552083333332,36955.5,19
2025-01-09,717182.25,29882.59375,35691.5,19
2025-01-10,708705.0,29529.375,34357.0,19
2025-01-11,622769.0,25948.708333333332,29983.25,19
2025-01-12,584561.25,24356.71875,30872.75,20
2025-01-13,728503.0,30354.291666666668,37373.25,19
2025-01-14,766348.5,31931.1875,38680.0,19
2025-01-15,779672.5,32486.354166666668,39675.25,19
2025-01-16,788432.0,32851.333333333336,39526.5,19
2025-01-17,765966.25,31915.260416666668,37435.5,19
2025-01-18,674915.25,28121.46875,33432.25,19
2025-01-19,640538.25,26689.09375,33673.5,19
2025-01-20,770833.0,32118.041666666668,38628.25,19
2025-01-21,770045.0,32085.208333333332,37886.75,19
2025-01-22,744043.5,31001.8125,36981.75,19
2025-01-23,721949.25,30081.21875,35800.5,19
2025-01-24,713166.75,29715.28125,34661.0,19
2025-01-25,639256.0,26635.666666666668,30779.5,19
2025-01-26,604630.75,25192.947916666668,31217.5,19
2025-01-27,710658.75,29610.78125,35545.5,19
2025-01-28,732074.25,30503.09375,36981.25,19
2025-01-29,762770.0,31782.083333333332,37487.25,19
2025-01-30,748094.0,31170.583333333332,37111.5,19
2025-01-31,732319.0,30513.291666666668,35186.75,19
2025-02-01,648934.75,27038.947916666668,31916.0,19
2025-02-02,619048.0,25793.666666666668,32160.0,19
2025-02-03,734325.0,30596.875,37454.25,19
2025-02-04,740813.0,30867.208333333332,37514.0,19
2025-02-05,739966.25,30831.927083333332,37346.5,19
2025-02-06,743258.75,30969.114583333332,37553.25,19
2025-02-07,750562.75,31273.447916666668,36877.0,19
2025-02-08,647397.5,26974.895833333332,31447.75,20
2025-02-09,604982.0,25207.583333333332,31617.5,19
2025-02-10,720303.5,30012.645833333332,36307.0,19
2025-02-11,723728.5,30155.354166666668,36492.25,19
2025-02-12,729406.25,30391.927083333332,36275.0,19
2025-02-13,710528.5,29605.354166666668,35895.0,19
2025-02-14,692682.75,28861.78125,33621.5,19
2025-02-15,620731.75,25863.822916666668,30249.75,19
2025-02-16,579267.0,24136.125,29655.75,20
2025-02-17,678741.75,28280.90625,34947.75,19
2025-02-18,699233.5,29134.729166666668,35182.75,19
2025-02-19,690916.5,28788.1875,34663.0,19
2025-02-20,689423.5,28725.979166666668,34678.0,19
2025-02-21,693030.0,28876.25,33427.5,19
2025-02-22,610552.75,25439.697916666668,29264.75,20
2025-02-23,566561.25,23606.71875,29795.0,20
2025-02-24,681758.0,28406.583333333332,35041.25,19
2025-02-25,702970.75,29290.447916666668,35251.5,19
2025-02-26,689690.0,28737.083333333332,35274.75,19
2025-02-27,705080.25,29378.34375,35384.25,19
2025-02-28,688270.25,28677.927083333332,33682.75,19
2025-03-01,623487.0,25978.625,30797.25,20
2025-03-02,606954.0,25289.75,31614.0,19
2025-03-03,710900.5,29620.854166666668,35802.25,19
2025-03-04,701320.75,29221.697916666668,35223.0,19
2025-03-05,702276.25,29261.510416666668,35369.25,19
2025-03-06,705053.5,29377.229166666668,34695.0,19
2025-03-07,706600.5,29441.6875,34392.25,19
2025-03-08,624785.0,26032.708333333332,30517.5,20
2025-03-09,585366.25,24390.260416666668,30640.75,19
2025-03-10,698436.75,29101.53125,35548.5,19
2025-03-11,708603.25,29525.135416666668,35526.25,19
2025-03-12,699646.0,29151.916666666668,35377.5,19
2025-03-13,721817.25,30075.71875,36190.5,19
2025-03-14,715806.75,29825.28125,34649.25,19
2025-03-15,624965.25,26040.21875,30911.75,20
2025-03-16,599870.75,24994.614583333332,31286.25,19
2025-03-17,721572.5,30065.520833333332,36581.25,19
2025-03-18,721475.25,30061.46875,36129.75,19
2025-03-19,696255.0,29010.625,34344.25,19
2025-03-20,685988.5,28582.854166666668,34455.25,19
2025-03-21,689152.75,28714.697916666668,32910.5,19
2025-03-22,606491.5,25270.479166666668,30266.5,20
2025-03-23,589002.25,24541.760416666668,31331.75,20
2025-03-24,700541.25,29189.21875,36119.5,19
2025-03-25,696840.25,29035.010416666668,35225.0,19
2025-03-26,678497.5,28270.729166666668,34893.5,19
2025-03-27,674837.25,28118.21875,34116.75,20
2025-03-28,645454.25,26893.927083333332,32264.0,20
2025-03-29,562916.0,23454.833333333332,29014.25,20
2025-03-30,527288.0,21970.333333333332,29030.75,19
2025-03-31,634059.0,26419.125,32297.25,19
2025-04-01,623782.25,25990.927083333332,31514.75,19
2025-04-02,655435.5,27309.8125,32075.25,18
2025-04-03,668695.0,27862.291666666668,32688.25,19
2025-04-04,659760.5,27490.020833333332,32067.25,19
2025-04-05,566054.5,23585.604166666668,27825.0,19
2025-04-06,526947.5,21956.145833333332,28010.75,19
2025-04-07,619298.5,25804.104166666668,31345.0,19
2025-04-08,622878.5,25953.270833333332,31465.5,19
2025-04-09,623459.0,25977.458333333332,30822.75,19
2025-04-10,624486.5,26020.270833333332,30956.0,19
2025-04-11,635869.25,26494.552083333332,30322.25,19
2025-04-12,567949.5,23664.5625,27715.75,19
2025-04-13,528228.5,22009.520833333332,27006.5,19
2025-04-14,613385.5,25557.729166666668,30091.5,19
2025-04-15,628432.0,26184.666666666668,30838.75,19
2025-04-16,616297.0,25679.041666666668,29990.5,19
2025-04-17,542853.5,22618.895833333332,27105.75,19
2025-04-18,503505.5,20979.395833333332,25833.25,19
2025-04-19,516774.75,21532.28125,26740.25,19
2025-04-20,504172.25,21007.177083333332,26524.75,19
2025-04-21,555375.25,23140.635416666668,29953.75,19
2025-04-22,622461.0,25935.875,31705.75,19
2025-04-23,608984.75,25374.364583333332,30349.75,19
2025-04-24,609539.0,25397.458333333332,30497.5,19
2025-04-25,610823.75,25450.989583333332,29884.5,19
2025-04-26,531379.5,22140.8125,26224.5,19
2025-04-27,496527.0,20688.625,26817.0,19
2025-04-28,590741.75,24614.239583333332,29893.75,19
2025-04-29,610654.0,25443.916666666668,30799.0,19
2025-04-30,591747.25,24656.135416666668,29626.0,19
2025-05-01,488019.5,20334.145833333332,25104.5,19
2025-05-02,536033.0,22334.708333333332,26576.0,19
2025-05-03,517458.0,21560.75,25816.75,19
2025-05-04,493322.75,20555.114583333332,25603.0,19
2025-05-05,594459.0,24769.125,29785.25,19
2025-05-06,600952.5,25039.6875,29410.25,19
2025-05-07,605269.25,25219.552083333332,30111.0,19
2025-05-08,619137.25,25797.385416666668,30440.75,19
2025-05-09,616732.5,25697.1875,29508.0,19
2025-05-10,538387.75,22432.822916666668,26266.5,19
2025-05-11,495838.0,20659.916666666668,25791.0,19
2025-05-12,592375.25,24682.302083333332,29864.75,19
2025-05-13,611948.5,25497.854166666668,30593.5,19
2025-05-14,619432.5,25809.6875,30302.5,19
2025-05-15,609362.75,25390.114583333332,29471.0,19
2025-05-16,596610.0,24858.75,28632.5,19
2025-05-17,525185.0,21882.708333333332,26067.5,19
2025-05-18,494797.25,20616.552083333332,25690.75,19
2025-05-19,598874.0,24953.083333333332,29421.5,19
2025-05-20,604316.5,25179.854166666668,29462.25,19
2025-05-21,609402.0,25391.75,29807.0,19
2025-05-22,614496.0,25604.0,29704.5,19
2025-05-23,603942.25,25164.260416666668,28559.75,19
2025-05-24,527920.0,21996.666666666668,25734.5,19
2025-05-25,500393.0,20849.708333333332,25858.75,19
2025-05-26,606117.25,25254.885416666668,30048.75,19
2025-05-27,623026.5,25959.4375,30223.5,19
2025-05-28,642812.25,26783.84375,31035.25,19
2025-05-29,661878.5,27578.270833333332,31688.0,19
2025-05-30,672895.0,28037.291666666668,31830.25,18
2025-05-31,592116.75,24671.53125,28004.5,19
2025-06-01,556732.0,23197.166666666668,27773.5,19
2025-06-02,660511.25,27521.302083333332,31274.0,18
2025-06-03,656722.5,27363.4375,30697.75,18
2025-06-04,644978.5,26874.104166666668,30340.0,19
2025-06-05,651941.0,27164.208333333332,30761.5,19
2025-06-06,655531.25,27313.802083333332,29990.0,19
2025-06-07,579531.0,24147.125,27607.5,19
2025-06-08,548671.5,22861.3125,27838.5,19
2025-06-09,667523.0,27813.458333333332,32076.0,19
2025-06-10,703492.25,29312.177083333332,33268.5,17
2025-06-11,697039.0,29043.291666666668,32692.0,17
2025-06-12,683302.25,28470.927083333332,31916.75,18
2025-06-13,690862.0,28785.916666666668,31940.0,17
2025-06-14,610329.25,25430.385416666668,28482.5,19
2025-06-15,575183.25,23965.96875,28657.75,19
2025-06-16,710189.25,29591.21875,34231.25,17
2025-06-17,743309.5,30971.229166666668,35154.0,15
2025-06-18,747923.5,31163.479166666668,34888.25,17
2025-06-19,751029.75,31292.90625,35205.75,16
2025-06-20,747966.0,31165.25,34791.5,16
2025-06-21,664036.0,27668.166666666668,30859.25,18
2025-06-22,618849.75,25785.40625,30392.0,20
2025-06-23,722836.5,30118.1875,34406.75,17
2025-06-24,702672.0,29278.0,32651.75,18
2025-06-25,723269.0,30136.208333333332,33297.5,19
2025-06-26,735520.0,30646.666666666668,34540.25,18
2025-06-27,755414.5,31475.604166666668,35257.5,17
2025-06-28,686594.75,28608.114583333332,32278.5,19
2025-06-29,659260.75,27469.197916666668,32849.0,20
2025-06-30,795663.25,33152.635416666664,38114.5,16
2025-07-01,805088.75,33545.364583333336,37637.75,15
2025-07-02,807907.0,33662.791666666664,37569.5,15
2025-07-03,800671.5,33361.3125,37371.0,15
2025-07-04,783454.75,32643.947916666668,36224.75,17
2025-07-05,689387.5,28724.479166666668,32092.25,18
2025-07-06,637583.25,26565.96875,31659.0,20
2025-07-07,750396.75,31266.53125,35250.75,17
2025-07-08,735749.25,30656.21875,34151.25,19
2025-07-09,756033.0,31501.375,35060.0,11
2025-07-10,755320.0,31471.666666666668,34961.75,18
2025-07-11,731946.25,30497.760416666668,33506.75,11
2025-07-12,617308.5,25721.1875,27884.25,19
2025-07-13,568653.75,23693.90625,28989.5,20
2025-07-14,712711.0,29696.291666666668,33704.75,17
2025-07-15,740023.0,30834.291666666668,34908.5,18
2025-07-16,761856.25,31744.010416666668,36013.75,18
2025-07-17,784927.5,32705.3125,36947.5,18
2025-07-18,760576.0,31690.666666666668,34952.0,17
2025-07-19,642137.5,26755.729166666668,30173.75,19
2025-07-20,598566.0,24940.25,30198.25,20
2025-07-21,702949.5,29289.5625,33123.75,19
2025-07-22,715075.5,29794.8125,33577.5,18
2025-07-23,729869.0,30411.208333333332,33741.25,11
2025-07-24,690670.25,28777.927083333332,31146.5,11
2025-07-25,636122.75,26505.114583333332,29303.0,19
2025-07-26,587121.5,24463.395833333332,28253.5,19
2025-07-27,571384.25,23807.677083333332,28895.25,20
2025-07-28,680588.5,28357.854166666668,32523.0,19
2025-07-29,676182.5,28174.270833333332,31750.75,19
2025-07-30,684572.5,28523.854166666668,32120.5,19
2025-07-31,686098.25,28587.427083333332,32215.5,18
2025-08-01,680592.5,28358.020833333332,31650.25,18
2025-08-02,605435.5,25226.479166666668,29499.0,19
2025-08-03,582492.25,24270.510416666668,29521.5,19
2025-08-04,693418.75,28892.447916666668,33249.5,19
2025-08-05,701589.0,29232.875,33528.5,19
2025-08-06,704304.5,29346.020833333332,33047.25,19
2025-08-07,705160.5,29381.6875,33688.0,19
2025-08-08,702768.0,29282.0,32912.0,17
2025-08-09,640182.5,26674.270833333332,30933.5,19
2025-08-10,613002.25,25541.760416666668,30946.25,19
2025-08-11,721735.5,30072.3125,35332.25,19
2025-08-12,735622.5,30650.9375,35153.0,16
2025-08-13,727474.0,30311.416666666668,34199.25,19
2025-08-14,712710.25,29696.260416666668,33925.5,17
2025-08-15,641223.0,26717.625,31691.5,19
2025-08-16,655402.75,27308.447916666668,32448.5,19
2025-08-17,644225.75,26842.739583333332,32701.5,19
2025-08-18,734414.75,30600.614583333332,34971.0,19
2025-08-19,701244.5,29218.520833333332,33041.25,19
2025-08-20,664076.5,27669.854166666668,31015.75,19
2025-08-21,649221.25,27050.885416666668,30866.5,19
2025-08-22,640442.5,26685.104166666668,30258.75,19
2025-08-23,593308.25,24721.177083333332,29411.75,19
2025-08-24,574196.5,23924.854166666668,29239.5,19
2025-08-25,689166.25,28715.260416666668,33149.5,19
2025-08-26,712205.0,29675.208333333332,34368.5,19
2025-08-27,717204.75,29883.53125,33817.25,19
2025-08-28,675363.0,28140.125,31999.5,19
2025-08-29,648763.0,27031.791666666668,30651.75,19
2025-08-30,591488.75,24645.364583333332,29528.5,19
2025-08-31,564330.5,23513.770833333332,28960.5,19
2025-09-01,639765.75,26656.90625,31147.5,19
2025-09-02,648016.25,27000.677083333332,31532.5,19
2025-09-03,670971.75,27957.15625,32890.0,19
2025-09-04,680745.5,28364.395833333332,32926.0,19
2025-09-05,676044.5,28168.520833333332,32065.0,18
2025-09-06,605196.25,25216.510416666668,29398.25,19
2025-09-07,582084.25,24253.510416666668,29451.5,19
2025-09-08,681777.75,28407.40625,32566.0,19
2025-09-09,673166.0,28048.583333333332,31810.75,19
2025-09-10,664952.75,27706.364583333332,31836.0,19
2025-09-11,652065.0,27169.375,31861.5,19
2025-09-12,666616.25,27775.677083333332,31806.75,18
2025-09-13,596456.0,24852.333333333332,28990.0,19
2025-09-14,563640.0,23485.0,29261.75,19
2025-09-15,688750.5,28697.9375,34049.75,18
2025-09-16,708798.75,29533.28125,34519.25,18
2025-09-17,723081.75,30128.40625,35451.25,18
2025-09-18,724842.5,30201.770833333332,35314.75,18
2025-09-19,717323.0,29888.458333333332,34172.5,18
2025-09-20,621734.75,25905.614583333332,29802.25,18
2025-09-21,563958.0,23498.25,27778.25,19
2025-09-22,619214.5,25800.604166666668,30533.0,18
2025-09-23,625363.25,26056.802083333332,30738.75,18
2025-09-24,621494.5,25895.604166666668,30856.5,18
2025-09-25,635893.75,26495.572916666668,31491.5,18
2025-09-26,635499.25,26479.135416666668,30723.75,18
2025-09-27,562590.25,23441.260416666668,27312.5,18
2025-09-28,529963.25,22081.802083333332,26708.5,19
2025-09-29,619936.5,25830.6875,30613.0,18
2025-09-30,631382.6086956521,26307.608695652172,31614.25,18
2025-10-01,634049.25,26418.71875,31792.5,18
2025-10-02,640389.75,26682.90625,31670.75,18
2025-10-03,645291.75,26887.15625,31123.25,18
2025-10-04,570084.5,23753.520833333332,27801.0,18
2025-10-05,517629.75,21567.90625,26227.75,18
2025-10-06,625198.25,26049.927083333332,31606.0,18
2025-10-07,639628.5,26651.1875,32412.75,18
2025-10-08,643608.25,26817.010416666668,31672.75,18
2025-10-09,627135.5,26130.645833333332,30888.25,18
2025-10-10,618205.25,25758.552083333332,30124.5,18
2025-10-11,547131.5,22797.145833333332,26553.0,18
2025-10-12,511767.75,21323.65625,26070.75,18
2025-10-13,603267.0,25136.125,30211.0,18
2025-10-14,641495.0,26728.958333333332,32093.75,18
2025-10-15,641348.25,26722.84375,31733.25,18
2025-10-16,646713.75,26946.40625,32099.75,18
2025-10-17,637160.5,26548.354166666668,30705.5,18
2025-10-18,553177.25,23049.052083333332,27302.75,18
2025-10-19,516988.25,21541.177083333332,26448.0,18
2025-10-20,623200.5,25966.6875,30710.75,18
2025-10-21,635319.25,26471.635416666668,32061.75,18
2025-10-22,641141.5,26714.229166666668,31528.75,18
2025-10-23,634850.5,26452.104166666668,31583.25,18
2025-10-24,631533.0,26313.875,30647.0,18
2025-10-25,559507.0,23312.791666666668,27175.75,18
2025-10-26,522136.25,21755.677083333332,26623.5,18
2025-10-27,619041.0,25793.375,31676.0,18
2025-10-28,641063.0,26710.958333333332,32328.25,19
2025-10-29,652478.5,27186.604166666668,32382.75,19
2025-10-30,642551.0,26772.958333333332,32118.25,19
2025-10-31,633348.25,26389.510416666668,30779.75,19
2025-11-01,540848.25,22535.34375,26165.0,18
2025-11-02,518076.25,21586.510416666668,26664.0,19
2025-11-03,623560.0,25981.666666666668,31479.0,19
2025-11-04,644904.0,26871.0,32434.0,19
2025-11-05,651948.75,27164.53125,31700.75,19
2025-11-06,644224.5,26842.6875,32018.0,19
2025-11-07,655137.75,27297.40625,31946.0,18
2025-11-08,580376.25,24182.34375,27904.75,19
2025-11-09,546516.0,22771.5,28120.25,19
2025-11-10,648470.0,27019.583333333332,33144.5,19
2025-11-11,671851.5,27993.8125,33373.75,19
2025-11-12,660415.0,27517.291666666668,32724.25,19
2025-11-13,678663.25,28277.635416666668,33293.5,18
2025-11-14,669767.5,27906.979166666668,31870.0,19
2025-11-15,592441.5,24685.0625,28237.5,19
2025-11-16,543513.25,22646.385416666668,27727.0,19
2025-11-17,662351.0,27597.958333333332,33105.75,19
2025-11-18,676100.75,28170.864583333332,33935.25,19
2025-11-19,699622.5,29150.9375,34844.75,19
2025-11-20,712623.0,29692.625,35525.0,19
2025-11-21,724342.25,30180.927083333332,35656.0,18
2025-11-22,647075.75,26961.489583333332,31522.25,18
2025-11-23,605095.25,25212.302083333332,31508.5,19
2025-11-24,715478.25,29811.59375,35763.75,19
2025-11-25,723511.0,30146.291666666668,36270.75,19
2025-11-26,736332.75,30680.53125,37009.75,19
2025-11-27,746824.75,31117.697916666668,37394.25,19
2025-11-28,741817.5,30909.0625,36079.75,19
2025-11-29,655578.5,27315.770833333332,31782.5,19
2025-11-30,613024.25,25542.677083333332,31494.0,19
2025-12-01,738871.0,30786.291666666668,37335.75,19
2025-12-02,757008.25,31542.010416666668,37194.5,19
2025-12-03,753324.25,31388.510416666668,37742.25,19
2025-12-04,772230.0,32176.25,37807.75,19
2025-12-05,742183.75,30924.322916666668,35309.0,17
2025-12-06,623074.25,25961.427083333332,29912.25,19
2025-12-07,579596.25,24149.84375,29090.5,19
2025-12-08,607503.0,25312.625,31887.75,19
2025-12-09,717384.0,29891.0,35697.25,19
2025-12-10,746702.0,31112.583333333332,36312.5,19
2025-12-11,739084.25,30795.177083333332,36410.5,19
2025-12-12,741763.5,30906.8125,35247.0,19
2025-12-13,639743.5,26655.979166666668,30386.5,19
2025-12-14,612923.75,25538.489583333332,31134.0,20
2025-12-15,732239.25,30509.96875,36979.75,19
2025-12-16,751735.75,31322.322916666668,36928.5,19
2025-12-17,735967.75,30665.322916666668,36533.5,19
2025-12-18,732255.0,30510.625,36081.5,19
2025-12-19,732519.25,30521.635416666668,35036.25,17
2025-12-20,639873.75,26661.40625,30606.75,19
2025-12-21,616746.75,25697.78125,31593.5,19
2025-12-22,720960.0,30040.0,36046.5,17
2025-12-23,720206.25,30008.59375,35395.5,19
2025-12-24,629181.75,26215.90625,30897.5,18
2025-12-25,561505.75,23396.072916666668,28966.0,20
2025-12-26,642409.25,26767.052083333332,32130.75,19
2025-12-27,624529.5,26022.0625,31013.75,20
2025-12-28,591088.25,24628.677083333332,30682.5,19
2025-12-29,674708.75,28112.864583333332,33853.5,19
2025-12-30,678931.5,28288.8125,33899.75,19
2025-12-31,636427.75,26517.822916666668,32691.75,18
2026-01-01,568342.25,23680.927083333332,29513.0,20
2026-01-02,664220.0,27675.833333333332,33229.0,19
2026-01-03,643790.25,26824.59375,31745.75,19
2026-01-04,618085.25,25753.552083333332,31755.5,19
2026-01-05,679456.75,28310.697916666668,32558.75,19
2026-01-06,621711.5,25904.645833333332,32813.5,20
2026-01-07,796070.5,33169.604166666664,40685.0,19
2026-01-08,796216.75,33175.697916666664,39724.0,19
2026-01-09,768515.75,32021.489583333332,37426.0,19
2026-01-10,669353.75,27889.739583333332,32861.75,19
2026-01-11,636472.0,26519.666666666668,34001.0,20
2026-01-12,763241.25,31801.71875,39160.75,19
2026-01-13,777011.0,32375.458333333332,38798.75,19
2026-01-14,772768.5,32198.6875,38557.5,19
2026-01-15,777010.5,32375.4375,38901.0,19
2026-01-16,774040.25,32251.677083333332,37645.75,19
2026-01-17,693131.25,28880.46875,33611.75,19
2026-01-18,647105.0,26962.708333333332,33594.75,19
2026-01-19,776825.25,32367.71875,39255.75,19
2026-01-20,794022.75,33084.28125,39941.75,19
2026-01-21,796573.75,33190.572916666664,39662.75,19
2026-01-22,767971.25,31998.802083333332,38663.0,19
2026-01-23,758929.75,31622.072916666668,37364.5,19
2026-01-24,689356.25,28723.177083333332,33820.25,19
2026-01-25,638901.0,26620.875,33474.75,19
2026-01-26,767132.25,31963.84375,38789.5,19
2026-01-27,777850.25,32410.427083333332,38279.25,19
2026-01-28,783470.25,32644.59375,38423.75,19
2026-01-29,765232.25,31884.677083333332,37323.25,19
2026-01-30,737055.0,30710.625,35947.25,19
2026-01-31,638337.25,26597.385416666668,31333.0,20
2026-02-01,625703.0,26070.958333333332,32714.25,19
2026-02-02,749977.25,31249.052083333332,38049.0,19
2026-02-03,764892.75,31870.53125,38647.0,19
2026-02-04,776751.25,32364.635416666668,38068.75,19
2026-02-05,745653.25,31068.885416666668,36737.0,19
2026-02-06,726411.5,30267.145833333332,35540.5,19
2026-02-07,657219.0,27384.125,32139.25,19
2026-02-08,609579.25,25399.135416666668,31696.75,19
2026-02-09,728758.75,30364.947916666668,36898.0,19
2026-02-10,729533.75,30397.239583333332,35694.75,19
2026-02-11,715810.75,29825.447916666668,35190.75,19
2026-02-12,679783.75,28324.322916666668,34640.75,19
2026-02-13,716350.75,29847.947916666668,34377.0,19
2026-02-14,613501.0,25562.541666666668,30254.0,19
2026-02-15,588802.5,24533.4375,30841.5,19
2026-02-16,693823.75,28909.322916666668,35301.25,19
2026-02-17,686939.0,28622.458333333332,34950.25,19
2026-02-18,701090.25,29212.09375,35667.75,19
2026-02-19,689819.75,28742.489583333332,35443.0,19
2026-02-20,699741.0,29155.875,34490.75,19
2026-02-21,609509.5,25396.229166666668,30274.75,19
2026-02-22,571949.75,23831.239583333332,30373.25,20
2026-02-23,678278.5,28261.604166666668,35258.25,19
2026-02-24,684192.75,28508.03125,35170.5,19
2026-02-25,684776.75,28532.364583333332,34512.75,19
2026-02-26,674605.75,28108.572916666668,34456.75,19
2026-02-27,675160.75,28131.697916666668,33232.5,19
2026-02-28,604160.75,25173.364583333332,29688.0,19
2026-03-01,563320.5,23471.6875,29633.5,20
2026-03-02,680908.75,28371.197916666668,35099.75,19
2026-03-03,700678.5,29194.9375,34996.0,19
2026-03-04,706691.25,29445.46875,34488.0,19
2026-03-05,713551.0,29731.291666666668,35472.5,19
2026-03-06,723044.5,30126.854166666668,34706.0,19
2026-03-07,624917.5,26038.229166666668,30412.0,19
2026-03-08,592250.75,24677.114583333332,30957.0,19
2026-03-09,705568.25,29398.677083333332,35940.75,19
2026-03-10,728185.0,30341.041666666668,36329.75,19
2026-03-11,709560.0,29565.0,35350.0,19
2026-03-12,687424.5,28642.6875,34647.0,19
2026-03-13,673097.75,28045.739583333332,33327.5,19
2026-03-14,611002.75,25458.447916666668,29860.5,19
2026-03-15,557336.0,23222.333333333332,29155.0,19
2026-03-16,660546.5,27522.770833333332,34456.75,19
2026-03-17,664455.75,27685.65625,33650.0,19
2026-03-18,663967.75,27665.322916666668,33473.75,19
2026-03-19,633862.0,26410.916666666668,32234.25,19
2026-03-20,657767.75,27406.989583333332,32345.5,19
2026-03-21,604309.25,25179.552083333332,29250.25,20
2026-03-22,553813.25,23075.552083333332,29017.0,19
2026-03-23,653421.5,27225.895833333332,33789.25,19
2026-03-24,669120.75,27880.03125,34145.75,19
2026-03-25,658385.25,27432.71875,32975.0,19
2026-03-26,650781.75,27115.90625,33398.0,19
2026-03-27,655496.75,27312.364583333332,32696.25,19
2026-03-28,577256.25,24052.34375,28877.75,19
2026-03-29,536428.0,22351.166666666668,28243.5,19
2026-03-30,642616.75,26775.697916666668,32613.5,19
2026-03-31,638559.5,26606.645833333332,31760.75,19
2026-04-01,622875.75,25953.15625,30711.5,19
2026-04-02,555535.75,23147.322916666668,27841.25,19
2026-04-03,505883.25,21078.46875,26058.75,19
2026-04-04,512191.5,21341.3125,26713.0,19
2026-04-05,489728.75,20405.364583333332,26459.5,19
2026-04-06,534972.5,22290.520833333332,28333.0,19
2026-04-07,615585.0,25649.375,31910.75,19
2026-04-08,645308.25,26887.84375,31878.5,19
2026-04-09,642791.75,26782.989583333332,31787.25,19
2026-04-10,636085.0,26503.541666666668,30911.5,19
2026-04-11,566747.75,23614.489583333332,27291.75,19
2026-04-12,536689.25,22362.052083333332,27640.5,19
2026-04-13,624257.25,26010.71875,31080.0,19
2026-04-14,633364.0,26390.166666666668,31779.0,19
2026-04-15,630143.0,26255.958333333332,31682.75,19
2026-04-16,631415.75,26308.989583333332,31476.25,19
2026-04-17,630357.25,26264.885416666668,30797.25,19
2026-04-18,552082.0,23003.416666666668,27121.5,19
2026-04-19,512752.25,21364.677083333332,26862.5,19
2026-04-20,619546.75,25814.447916666668,31624.0,19
2026-04-21,633610.5,26400.4375,31409.5,19
2026-04-22,625540.0,26064.166666666668,31273.75,19
2026-04-23,616411.5,25683.8125,30708.0,19
2026-04-24,625208.0,26050.333333333332,30040.0,19
2026-04-25,548410.25,22850.427083333332,26542.25,19
2026-04-26,508498.0,21187.416666666668,26850.5,19
2026-04-27,613363.75,25556.822916666668,31057.0,19
2026-04-28,628493.25,26187.21875,30973.0,19
2026-04-29,640062.75,26669.28125,31207.0,19
2026-04-30,633245.7272727273,26385.238636363636,30282.0,19
