date,price_spain,price_france,price_portugal,spread_fr_es,spread_pt_es
2015-01-01,46.70249999999999,41.499583333333334,46.70249999999999,-5.20291666666666,0.0
2015-01-02,54.32208333333333,41.00125,54.32208333333333,-13.320833333333333,0.0
2015-01-03,53.76833333333334,41.6575,53.76833333333334,-12.11083333333334,0.0
2015-01-04,45.757083333333334,34.4175,46.225833333333334,-11.339583333333337,0.46875
2015-01-05,59.77625,44.42625,59.77625,-15.349999999999994,0.0
2015-01-06,53.42208333333334,45.163333333333334,53.79125,-8.258750000000006,0.36916666666665776
2015-01-07,64.39666666666666,45.365833333333335,64.39666666666666,-19.030833333333327,0.0
2015-01-08,65.71791666666667,43.01416666666666,65.96208333333333,-22.703750000000007,0.24416666666665776
2015-01-09,63.60041666666667,33.55916666666666,63.60041666666667,-30.041250000000005,0.0
2015-01-10,56.74583333333333,17.798333333333336,57.437916666666666,-38.94749999999999,0.6920833333333363
2015-01-11,46.51625000000001,26.0175,46.57541666666666,-20.49875000000001,0.05916666666665549
2015-01-12,58.19875,36.27333333333333,58.45041666666666,-21.925416666666663,0.25166666666666515
2015-01-13,56.87875,36.75833333333333,57.07875000000001,-20.120416666666664,0.20000000000000995
2015-01-14,61.4975,39.089166666666664,61.58958333333334,-22.40833333333334,0.09208333333333485
2015-01-15,47.65833333333333,36.85041666666667,47.65833333333333,-10.807916666666664,0.0
2015-01-16,52.63999999999999,42.11666666666667,52.63999999999999,-10.523333333333326,0.0
2015-01-17,46.60833333333333,36.98625,46.60833333333333,-9.622083333333329,0.0
2015-01-18,42.803333333333335,36.79291666666666,42.803333333333335,-6.010416666666671,0.0
2015-01-19,52.168749999999996,46.24166666666667,52.168749999999996,-5.927083333333329,0.0
2015-01-20,60.57416666666666,49.73375000000001,60.57416666666666,-10.840416666666655,0.0
2015-01-21,52.115,50.13458333333333,52.115,-1.9804166666666703,0.0
2015-01-22,50.64333333333334,51.49125,50.64333333333334,0.8479166666666629,0.0
2015-01-23,53.649166666666666,48.418749999999996,53.85125,-5.23041666666667,0.20208333333333428
2015-01-24,46.94166666666666,42.3825,46.94166666666666,-4.559166666666663,0.0
2015-01-25,40.69375,40.249583333333334,40.69375,-0.4441666666666677,0.0
2015-01-26,57.5875,47.13958333333333,57.5875,-10.447916666666671,0.0
2015-01-27,55.57666666666666,48.22958333333333,56.412083333333335,-7.34708333333333,0.8354166666666742
2015-01-28,57.44875,45.137499999999996,57.44875,-12.311250000000001,0.0
2015-01-29,44.35375,49.5975,44.35375,5.243749999999999,0.0
2015-01-30,33.564166666666665,41.682916666666664,33.964166666666664,8.118749999999999,0.3999999999999986
2015-01-31,17.177916666666665,41.99458333333333,20.337083333333332,24.816666666666666,3.1591666666666676
2015-02-01,16.530833333333334,36.270833333333336,16.530833333333334,19.740000000000002,0.0
2015-02-02,48.25875,54.07666666666666,47.60791666666666,5.817916666666662,-0.6508333333333383
2015-02-03,43.39291666666667,56.70166666666666,43.39291666666667,13.30874999999999,0.0
2015-02-04,39.51916666666667,53.552083333333336,39.51916666666667,14.032916666666665,0.0
2015-02-05,42.64958333333333,52.60541666666666,42.64958333333333,9.95583333333333,0.0
2015-02-06,46.11875,51.72416666666666,46.11875,5.605416666666663,0.0
2015-02-07,53.093333333333334,52.106249999999996,53.093333333333334,-0.987083333333338,0.0
2015-02-08,40.22,48.73208333333333,40.22,8.51208333333333,0.0
2015-02-09,51.60458333333333,62.117916666666666,51.6675,10.513333333333335,0.06291666666666629
2015-02-10,60.21125,62.10333333333333,60.17666666666667,1.892083333333332,-0.0345833333333303
2015-02-11,63.699999999999996,56.02666666666667,63.699999999999996,-7.673333333333325,0.0
2015-02-12,65.33624999999999,54.06916666666667,65.77708333333332,-11.267083333333325,0.4408333333333303
2015-02-13,51.46958333333333,49.244166666666665,51.46958333333333,-2.2254166666666677,0.0
2015-02-14,39.01916666666667,40.35916666666667,39.01916666666667,1.3399999999999963,0.0
2015-02-15,28.902083333333334,41.56458333333333,28.902083333333334,12.662499999999998,0.0
2015-02-16,51.232499999999995,55.03458333333333,51.232499999999995,3.8020833333333357,0.0
2015-02-17,39.831250000000004,49.81708333333333,39.831250000000004,9.985833333333325,0.0
2015-02-18,45.81583333333333,51.12708333333333,45.98875,5.311250000000001,0.17291666666667282
2015-02-19,56.27041666666667,52.04416666666666,56.27041666666667,-4.226250000000007,0.0
2015-02-20,52.00875,50.885,52.00875,-1.1237500000000011,0.0
2015-02-21,35.39791666666667,48.497083333333336,35.39791666666667,13.099166666666669,0.0
2015-02-22,16.349999999999998,39.60166666666667,16.46875,23.25166666666667,0.11875000000000213
2015-02-23,29.65416666666667,46.88583333333333,29.65416666666667,17.231666666666662,0.0
2015-02-24,26.175,46.111250000000005,26.175,19.936250000000005,0.0
2015-02-25,34.01541666666667,49.099583333333335,34.01541666666667,15.084166666666668,0.0
2015-02-26,40.49916666666667,48.08708333333333,40.49916666666667,7.587916666666665,0.0
2015-02-27,39.639583333333334,48.42625,39.639583333333334,8.786666666666669,0.0
2015-02-28,34.986666666666665,47.23500000000001,34.986666666666665,12.248333333333342,0.0
2015-03-01,25.799166666666665,27.0325,25.975416666666664,1.2333333333333343,0.17624999999999957
2015-03-02,42.73374999999999,44.42291666666666,42.73374999999999,1.6891666666666652,0.0
2015-03-03,54.595416666666665,51.524166666666666,54.595416666666665,-3.071249999999999,0.0
2015-03-04,35.158750000000005,47.54791666666667,35.158750000000005,12.389166666666668,0.0
2015-03-05,26.497083333333336,49.54958333333334,26.497083333333336,23.052500000000002,0.0
2015-03-06,47.905833333333334,50.178333333333335,47.895,2.272500000000001,-0.010833333333330586
2015-03-07,45.48916666666667,41.37416666666667,45.48916666666667,-4.115000000000002,0.0
2015-03-08,37.60208333333333,30.349166666666665,37.60208333333333,-7.252916666666668,0.0
2015-03-09,46.276250000000005,44.4975,46.276250000000005,-1.7787500000000023,0.0
2015-03-10,53.50458333333333,47.196666666666665,53.50458333333333,-6.307916666666664,0.0
2015-03-11,48.5,46.19125,48.5,-2.3087500000000034,0.0
2015-03-12,46.59625,45.02166666666667,46.59625,-1.5745833333333294,0.0
2015-03-13,41.815000000000005,44.37083333333334,41.815000000000005,2.5558333333333323,0.0
2015-03-14,40.80916666666666,40.83625,40.80916666666666,0.027083333333337123,0.0
2015-03-15,41.30416666666667,38.98,41.30416666666667,-2.3241666666666703,0.0
2015-03-16,54.159166666666664,54.10541666666666,54.159166666666664,-0.05375000000000085,0.0
2015-03-17,46.586666666666666,47.66708333333333,46.586666666666666,1.0804166666666646,0.0
2015-03-18,46.695,45.46458333333334,46.695,-1.2304166666666632,0.0
2015-03-19,38.55583333333333,42.21,38.55583333333333,3.6541666666666686,0.0
2015-03-20,39.10666666666667,40.35375,39.122083333333336,1.2470833333333289,0.015416666666666856
2015-03-21,43.312083333333334,44.66458333333333,43.312083333333334,1.3524999999999991,0.0
2015-03-22,40.52791666666666,31.779583333333335,40.52791666666666,-8.748333333333328,0.0
2015-03-23,53.39458333333334,52.89166666666667,53.39458333333334,-0.502916666666664,0.0
2015-03-24,45.907916666666665,56.835,45.907916666666665,10.927083333333336,0.0
2015-03-25,42.547916666666666,57.0075,42.547916666666666,14.459583333333335,0.0
2015-03-26,45.08291666666667,50.30458333333333,45.08291666666667,5.221666666666664,0.0
2015-03-27,45.82333333333333,50.71791666666667,45.82333333333333,4.894583333333337,0.0
2015-03-28,44.065,36.514583333333334,44.065,-7.5504166666666634,0.0
2015-03-29,30.96782608695652,19.21,33.53434782608696,-11.75782608695652,2.5665217391304367
2015-03-30,41.705416666666665,37.90083333333333,41.705416666666665,-3.8045833333333334,0.0
2015-03-31,43.495000000000005,40.44875,43.495000000000005,-3.0462500000000077,0.0
2015-04-01,29.873333333333335,43.13708333333333,29.944166666666664,13.263749999999995,0.0708333333333293
2015-04-02,37.719166666666666,50.2475,37.69083333333333,12.528333333333336,-0.028333333333335986
2015-04-03,35.81916666666667,47.162083333333335,35.81916666666667,11.342916666666667,0.0
2015-04-04,25.367500000000003,30.958333333333332,25.367500000000003,5.590833333333329,0.0
2015-04-05,23.620416666666667,27.277083333333334,25.739583333333332,3.6566666666666663,2.119166666666665
2015-04-06,37.58208333333334,34.12083333333333,37.58208333333334,-3.461250000000007,0.0
2015-04-07,44.50958333333333,51.42875,44.50958333333333,6.919166666666669,0.0
2015-04-08,41.466249999999995,54.22125,41.466249999999995,12.755000000000003,0.0
2015-04-09,51.32,52.71666666666667,51.32,1.3966666666666683,0.0
2015-04-10,56.09916666666667,46.45416666666667,56.09916666666667,-9.644999999999996,0.0
2015-04-11,49.82875000000001,36.22541666666667,49.82875000000001,-13.603333333333339,0.0
2015-04-12,33.25666666666667,24.726249999999997,34.62375,-8.530416666666671,1.3670833333333334
2015-04-13,47.1525,48.68625,47.1525,1.5337499999999977,0.0
2015-04-14,43.013749999999995,44.01166666666666,43.013749999999995,0.9979166666666686,0.0
2015-04-15,48.95458333333334,45.77916666666667,48.95458333333334,-3.1754166666666706,0.0
2015-04-16,50.90625,45.16,50.90625,-5.746250000000003,0.0
2015-04-17,56.300000000000004,43.57,56.300000000000004,-12.730000000000004,0.0
2015-04-18,48.11625,25.47375,48.11625,-22.642500000000002,0.0
2015-04-19,40.74166666666667,24.08875,41.496249999999996,-16.652916666666666,0.7545833333333292
2015-04-20,55.29083333333333,40.63125,55.29083333333333,-14.65958333333333,0.0
2015-04-21,48.41708333333333,42.51541666666667,48.41708333333333,-5.901666666666664,0.0
2015-04-22,49.48583333333334,39.430416666666666,49.84916666666667,-10.055416666666673,0.36333333333332973
2015-04-23,61.625,39.30166666666667,61.625,-22.32333333333333,0.0
2015-04-24,56.220416666666665,36.145833333333336,56.220416666666665,-20.07458333333333,0.0
2015-04-25,44.26500000000001,27.072083333333335,44.26500000000001,-17.192916666666672,0.0
2015-04-26,31.597916666666666,22.63,31.66208333333333,-8.967916666666667,0.06416666666666515
2015-04-27,43.02375,39.30916666666666,43.02375,-3.714583333333337,0.0
2015-04-28,55.51541666666666,41.44875,55.51541666666666,-14.066666666666663,0.0
2015-04-29,59.27458333333333,40.950833333333335,59.27458333333333,-18.323749999999997,0.0
2015-04-30,53.76625000000001,41.35958333333333,53.76625000000001,-12.406666666666673,0.0
2015-05-01,38.810833333333335,21.757916666666663,38.810833333333335,-17.052916666666672,0.0
2015-05-02,40.39416666666667,25.22,40.39416666666667,-15.174166666666672,0.0
2015-05-03,38.410000000000004,16.50375,38.410000000000004,-21.906250000000004,0.0
2015-05-04,44.88958333333333,34.303333333333335,44.88958333333333,-10.586249999999993,0.0
2015-05-05,44.32875000000001,27.544583333333335,45.56375,-16.78416666666667,1.2349999999999923
2015-05-06,59.78,30.24208333333333,59.78,-29.53791666666667,0.0
2015-05-07,49.46,38.60708333333333,49.46,-10.852916666666673,0.0
2015-05-08,38.3525,25.62125,38.3525,-12.73125,0.0
2015-05-09,52.800000000000004,17.29041666666667,52.800000000000004,-35.50958333333334,0.0
2015-05-10,42.097500000000004,11.938749999999999,42.097500000000004,-30.158750000000005,0.0
2015-05-11,52.38583333333333,31.00791666666667,52.38583333333333,-21.37791666666666,0.0
2015-05-12,52.63666666666666,28.6775,52.63666666666666,-23.959166666666665,0.0
2015-05-13,48.98041666666666,26.802083333333332,48.98041666666666,-22.17833333333333,0.0
2015-05-14,44.67958333333333,20.044999999999998,44.67958333333333,-24.634583333333335,0.0
2015-05-15,43.282916666666665,29.915000000000003,43.282916666666665,-13.367916666666662,0.0
2015-05-16,34.013333333333335,21.766666666666666,34.013333333333335,-12.24666666666667,0.0
2015-05-17,29.36375,14.059166666666668,29.765833333333333,-15.304583333333332,0.40208333333333357
2015-05-18,51.822916666666664,29.894583333333333,51.822916666666664,-21.92833333333333,0.0
2015-05-19,42.190000000000005,29.056250000000002,42.190000000000005,-13.133750000000003,0.0
2015-05-20,45.93083333333333,35.5075,45.93083333333333,-10.423333333333332,0.0
2015-05-21,43.67583333333334,35.342083333333335,43.67583333333334,-8.333750000000002,0.0
2015-05-22,44.20791666666667,32.87625,44.20791666666667,-11.33166666666667,0.0
2015-05-23,34.380833333333335,24.955833333333334,34.380833333333335,-9.425,0.0
2015-05-24,31.64125,19.598333333333333,31.810000000000002,-12.042916666666667,0.16875000000000284
2015-05-25,48.23416666666666,22.943749999999998,48.23416666666666,-25.290416666666662,0.0
2015-05-26,47.58291666666667,34.03333333333333,47.58291666666667,-13.549583333333338,0.0
2015-05-27,48.55166666666667,31.35166666666667,48.55166666666667,-17.2,0.0
2015-05-28,52.672083333333326,32.985416666666666,52.672083333333326,-19.68666666666666,0.0
2015-05-29,54.617916666666666,33.72,54.617916666666666,-20.897916666666667,0.0
2015-05-30,50.84,20.96375,50.84,-29.876250000000002,0.0
2015-05-31,47.763749999999995,16.336666666666666,47.763749999999995,-31.42708333333333,0.0
2015-06-01,55.779583333333335,30.997500000000002,55.779583333333335,-24.782083333333333,0.0
2015-06-02,56.21458333333334,24.302083333333332,56.21458333333334,-31.912500000000005,0.0
2015-06-03,55.38333333333333,30.33,55.38333333333333,-25.053333333333335,0.0
2015-06-04,56.41291666666667,31.705833333333334,56.41291666666667,-24.707083333333333,0.0
2015-06-05,55.76791666666667,39.05958333333333,55.76791666666667,-16.708333333333343,0.0
2015-06-06,48.437916666666666,25.234166666666667,48.437916666666666,-23.20375,0.0
2015-06-07,46.16,18.4025,46.16,-27.757499999999997,0.0
2015-06-08,55.87416666666667,32.97958333333333,55.87416666666667,-22.894583333333337,0.0
2015-06-09,57.19291666666667,33.46875,57.47833333333333,-23.72416666666667,0.2854166666666629
2015-06-10,57.1,32.39666666666667,57.1,-24.703333333333333,0.0
2015-06-11,60.77291666666667,36.99125,60.923750000000005,-23.781666666666666,0.15083333333333826
2015-06-12,58.21208333333333,35.924166666666665,58.21208333333333,-22.287916666666668,0.0
2015-06-13,56.374583333333334,26.1375,56.374583333333334,-30.237083333333334,0.0
2015-06-14,50.867916666666666,19.289166666666667,50.867916666666666,-31.57875,0.0
2015-06-15,55.80291666666667,34.933749999999996,55.80291666666667,-20.869166666666672,0.0
2015-06-16,53.517500000000005,38.93666666666667,53.517500000000005,-14.580833333333338,0.0
2015-06-17,48.54916666666667,31.436666666666667,48.54916666666667,-17.112500000000004,0.0
2015-06-18,45.68666666666667,36.92166666666667,45.68666666666667,-8.765,0.0
2015-06-19,48.47541666666667,35.9325,48.47541666666667,-12.54291666666667,0.0
2015-06-20,46.125,26.933333333333334,46.125,-19.191666666666666,0.0
2015-06-21,47.35375,18.489166666666666,47.35375,-28.864583333333332,0.0
2015-06-22,60.76833333333334,34.25208333333333,60.76833333333334,-26.516250000000007,0.0
2015-06-23,58.535,37.93416666666666,58.535,-20.600833333333334,0.0
2015-06-24,59.46083333333333,35.26416666666667,59.46083333333333,-24.196666666666665,0.0
2015-06-25,60.937916666666666,42.06166666666667,60.937916666666666,-18.87625,0.0
2015-06-26,62.507083333333334,40.795833333333334,62.507083333333334,-21.71125,0.0
2015-06-27,56.040416666666665,30.002499999999998,56.06583333333333,-26.037916666666668,0.025416666666664867
2015-06-28,49.562916666666666,24.68041666666667,49.562916666666666,-24.882499999999997,0.0
2015-06-29,58.97875,37.745,58.98833333333334,-21.23375,0.009583333333338828
2015-06-30,59.01541666666666,39.48458333333333,59.01541666666666,-19.530833333333327,0.0
2015-07-01,59.465833333333336,42.67124999999999,59.48541666666667,-16.794583333333343,0.01958333333333684
2015-07-02,63.98208333333333,48.57416666666666,63.98208333333333,-15.407916666666665,0.0
2015-07-03,60.1775,50.6025,60.1775,-9.575000000000003,0.0
2015-07-04,56.60708333333333,35.134166666666665,56.60708333333333,-21.472916666666663,0.0
2015-07-05,50.296666666666674,29.23625,52.137499999999996,-21.060416666666676,1.8408333333333218
2015-07-06,59.47625,45.73500000000001,59.47625,-13.741249999999994,0.0
2015-07-07,61.059583333333336,50.56041666666667,61.059583333333336,-10.499166666666667,0.0
2015-07-08,59.25833333333333,37.181666666666665,59.25833333333333,-22.076666666666668,0.0
2015-07-09,59.73208333333333,39.29708333333333,59.73208333333333,-20.434999999999995,0.0
2015-07-10,62.947916666666664,38.91583333333333,62.947916666666664,-24.032083333333333,0.0
2015-07-11,55.92958333333333,35.67458333333334,55.92958333333333,-20.254999999999995,0.0
2015-07-12,52.42791666666667,28.230416666666667,52.42791666666667,-24.1975,0.0
2015-07-13,62.513749999999995,40.34458333333333,62.513749999999995,-22.169166666666662,0.0
2015-07-14,60.419999999999995,34.665,60.419999999999995,-25.754999999999995,0.0
2015-07-15,61.590833333333336,47.18333333333334,61.590833333333336,-14.407499999999999,0.0
2015-07-16,64.25166666666667,47.40541666666667,64.25166666666667,-16.846249999999998,0.0
2015-07-17,63.48791666666667,41.68125,63.48791666666667,-21.806666666666672,0.0
2015-07-18,61.928333333333335,38.693333333333335,61.928333333333335,-23.235,0.0
2015-07-19,56.22625,31.161666666666665,56.22625,-25.064583333333335,0.0
2015-07-20,63.87125,43.916666666666664,63.87125,-19.95458333333334,0.0
2015-07-21,65.24958333333333,50.89666666666667,65.24958333333333,-14.352916666666665,0.0
2015-07-22,64.0275,45.90708333333333,64.0275,-18.12041666666667,0.0
2015-07-23,64.50458333333334,48.08083333333334,64.50458333333334,-16.423750000000005,0.0
2015-07-24,59.70791666666667,45.60916666666666,59.70791666666667,-14.09875000000001,0.0
2015-07-25,51.57708333333333,20.0675,51.57708333333333,-31.509583333333328,0.0
2015-07-26,49.39041666666666,16.413333333333334,49.45916666666667,-32.977083333333326,0.06875000000000853
2015-07-27,60.653333333333336,25.548333333333332,60.653333333333336,-35.105000000000004,0.0
2015-07-28,62.73499999999999,26.432083333333335,62.73499999999999,-36.30291666666666,0.0
2015-07-29,60.47291666666666,28.28125,60.47291666666666,-32.19166666666666,0.0
2015-07-30,56.333333333333336,30.836250000000003,56.333333333333336,-25.497083333333332,0.0
2015-07-31,55.64166666666667,31.4025,55.64166666666667,-24.239166666666673,0.0
2015-08-01,53.47,25.862916666666667,53.47,-27.607083333333332,0.0
2015-08-02,45.785,18.847083333333334,45.785,-26.937916666666663,0.0
2015-08-03,61.3425,31.18875,61.3425,-30.153750000000002,0.0
2015-08-04,61.70916666666667,36.860416666666666,61.70916666666667,-24.848750000000003,0.0
2015-08-05,61.4375,35.43083333333333,61.4375,-26.006666666666668,0.0
2015-08-06,62.49458333333333,36.32208333333333,62.49458333333333,-26.1725,0.0
2015-08-07,62.826249999999995,35.56041666666667,62.826249999999995,-27.265833333333326,0.0
2015-08-08,54.930416666666666,27.93875,54.930416666666666,-26.991666666666667,0.0
2015-08-09,46.461666666666666,27.16541666666667,46.461666666666666,-19.296249999999997,0.0
2015-08-10,60.27875,33.24125,60.27875,-27.0375,0.0
2015-08-11,62.106249999999996,37.13625,62.106249999999996,-24.97,0.0
2015-08-12,59.49791666666667,35.55083333333334,59.49791666666667,-23.94708333333333,0.0
2015-08-13,52.274166666666666,31.659166666666668,52.274166666666666,-20.615,0.0
2015-08-14,55.221666666666664,29.961250000000003,55.221666666666664,-25.26041666666666,0.0
2015-08-15,49.142500000000005,26.25708333333333,49.142500000000005,-22.885416666666675,0.0
2015-08-16,52.05166666666667,25.835833333333337,52.05166666666667,-26.215833333333332,0.0
2015-08-17,60.00791666666667,38.91166666666667,60.00791666666667,-21.096249999999998,0.0
2015-08-18,55.932500000000005,34.748333333333335,55.932500000000005,-21.18416666666667,0.0
2015-08-19,57.34291666666667,38.430416666666666,57.34291666666667,-18.9125,0.0
2015-08-20,57.734583333333326,33.3125,57.734583333333326,-24.422083333333326,0.0
2015-08-21,61.870000000000005,29.879583333333333,61.870000000000005,-31.990416666666672,0.0
2015-08-22,53.87291666666667,31.897916666666664,53.87291666666667,-21.975000000000005,0.0
2015-08-23,32.67541666666667,18.861666666666668,32.93875,-13.813750000000002,0.2633333333333283
2015-08-24,53.00583333333333,32.839999999999996,53.00583333333333,-20.16583333333333,0.0
2015-08-25,60.411249999999995,31.4375,60.411249999999995,-28.973749999999995,0.0
2015-08-26,54.94916666666666,32.28916666666667,54.94916666666666,-22.659999999999997,0.0
2015-08-27,51.279583333333335,35.68958333333333,51.279583333333335,-15.590000000000003,0.0
2015-08-28,60.314166666666665,42.80083333333334,60.314166666666665,-17.51333333333333,0.0
2015-08-29,52.400416666666665,34.345,52.400416666666665,-18.055416666666666,0.0
2015-08-30,46.821666666666665,26.935000000000002,46.821666666666665,-19.886666666666663,0.0
2015-08-31,63.52,39.88791666666666,63.52,-23.63208333333334,0.0
2015-09-01,57.96791666666667,42.211666666666666,57.96791666666667,-15.756250000000001,0.0
2015-09-02,58.19333333333333,41.415416666666665,58.19333333333333,-16.777916666666663,0.0
2015-09-03,54.74166666666667,41.6775,54.74166666666667,-13.064166666666665,0.0
2015-09-04,54.78541666666666,37.41958333333333,54.78541666666666,-17.365833333333335,0.0
2015-09-05,51.89125000000001,29.5325,51.89125000000001,-22.358750000000008,0.0
2015-09-06,51.072916666666664,17.425,51.072916666666664,-33.64791666666666,0.0
2015-09-07,59.040416666666665,36.23416666666667,59.040416666666665,-22.80625,0.0
2015-09-08,61.27666666666667,38.231249999999996,61.27666666666667,-23.045416666666675,0.0
2015-09-09,60.96625,37.59875,60.96625,-23.3675,0.0
2015-09-10,59.65208333333334,38.65916666666667,59.65208333333334,-20.992916666666666,0.0
2015-09-11,55.69958333333333,39.26416666666667,55.69958333333333,-16.43541666666666,0.0
2015-09-12,51.62708333333333,34.731249999999996,51.62708333333333,-16.895833333333336,0.0
2015-09-13,35.91791666666666,28.879583333333333,36.54833333333333,-7.03833333333333,0.6304166666666688
2015-09-14,49.657916666666665,37.93083333333333,49.657916666666665,-11.727083333333333,0.0
2015-09-15,46.947916666666664,36.28916666666667,46.947916666666664,-10.658749999999998,0.0
2015-09-16,34.662083333333335,37.295,35.23916666666667,2.6329166666666666,0.5770833333333343
2015-09-17,48.24166666666667,35.721250000000005,48.24166666666667,-12.520416666666662,0.0
2015-09-18,53.845,37.72958333333333,53.845,-16.11541666666667,0.0
2015-09-19,47.30083333333334,30.956666666666667,47.30083333333334,-16.34416666666667,0.0
2015-09-20,46.21875,23.589166666666667,46.21875,-22.629583333333333,0.0
2015-09-21,54.52166666666667,39.92625,54.52166666666667,-14.595416666666665,0.0
2015-09-22,48.81375,42.20875,48.81375,-6.604999999999997,0.0
2015-09-23,49.8325,47.6875,49.8325,-2.145000000000003,0.0
2015-09-24,52.49041666666667,45.20083333333333,52.565416666666664,-7.28958333333334,0.07499999999999574
2015-09-25,52.36958333333333,45.04583333333333,52.36958333333333,-7.323750000000004,0.0
2015-09-26,50.82083333333333,38.9325,50.82083333333333,-11.888333333333335,0.0
2015-09-27,46.08708333333333,33.516666666666666,46.08708333333333,-12.570416666666667,0.0
2015-09-28,51.44166666666666,44.32791666666666,51.44166666666666,-7.113750000000003,0.0
2015-09-29,54.25,42.3175,54.25,-11.932499999999997,0.0
2015-09-30,56.01416666666666,41.42375,56.01416666666666,-14.590416666666663,0.0
2015-10-01,57.37958333333333,42.33166666666667,57.37958333333333,-15.047916666666659,0.0
2015-10-02,57.59041666666667,46.382083333333334,57.59041666666667,-11.208333333333336,0.0
2015-10-03,50.39625,37.857083333333335,50.39625,-12.539166666666667,0.0
2015-10-04,37.64,36.57541666666666,37.64,-1.0645833333333385,0.0
2015-10-05,41.3025,41.38333333333333,41.107083333333335,0.08083333333333087,-0.19541666666666657
2015-10-06,44.53208333333333,39.74166666666667,44.790416666666665,-4.790416666666665,0.25833333333333286
2015-10-07,58.88083333333333,41.723333333333336,58.88083333333333,-17.15749999999999,0.0
2015-10-08,56.59791666666666,48.25083333333333,56.59791666666666,-8.34708333333333,0.0
2015-10-09,56.01624999999999,45.41083333333333,56.01624999999999,-10.605416666666663,0.0
2015-10-10,48.56791666666667,37.97291666666667,48.56791666666667,-10.594999999999999,0.0
2015-10-11,47.02125,31.399583333333336,47.02125,-15.621666666666666,0.0
2015-10-12,47.92625,44.35833333333333,47.92625,-3.567916666666676,0.0
2015-10-13,50.07083333333333,46.10541666666666,49.99125,-3.9654166666666697,-0.07958333333333201
2015-10-14,49.74333333333333,51.99791666666667,49.74333333333333,2.2545833333333363,0.0
2015-10-15,54.27791666666667,52.37625,54.27791666666667,-1.9016666666666708,0.0
2015-10-16,57.99875,55.85958333333334,57.99875,-2.139166666666661,0.0
2015-10-17,45.5225,43.7725,45.50333333333333,-1.75,-0.01916666666667055
2015-10-18,49.46208333333333,40.74208333333333,49.46208333333333,-8.719999999999999,0.0
2015-10-19,54.83833333333333,54.30041666666667,54.83833333333333,-0.5379166666666606,0.0
2015-10-20,47.24375,53.34875,47.24375,6.105000000000004,0.0
2015-10-21,48.87916666666666,51.77333333333333,48.86416666666667,2.8941666666666706,-0.014999999999993463
2015-10-22,51.41916666666666,48.85916666666666,51.41916666666666,-2.5600000000000023,0.0
2015-10-23,56.762499999999996,50.275,56.762499999999996,-6.487499999999997,0.0
2015-10-24,50.96458333333334,39.22208333333334,50.98083333333333,-11.7425,0.016249999999992326
2015-10-25,44.26,36.54,44.26,-7.719999999999999,0.0
2015-10-26,49.09708333333333,47.21208333333333,49.09708333333333,-1.884999999999998,0.0
2015-10-27,47.19375,45.819583333333334,47.19375,-1.3741666666666674,0.0
2015-10-28,42.94375,49.23500000000001,42.94375,6.291250000000005,0.0
2015-10-29,50.15625,50.71416666666667,50.15625,0.5579166666666708,0.0
2015-10-30,46.76666666666667,45.2075,46.76666666666667,-1.5591666666666697,0.0
2015-10-31,45.5375,36.972500000000004,45.5375,-8.564999999999998,0.0
2015-11-01,32.4,30.76625,32.51208333333333,-1.6337499999999991,0.11208333333333087
2015-11-02,44.70875,42.316250000000004,44.70875,-2.3924999999999983,0.0
2015-11-03,47.817499999999995,45.36625,47.817499999999995,-2.4512499999999946,0.0
2015-11-04,50.05458333333333,46.12583333333333,50.05458333333333,-3.928750000000001,0.0
2015-11-05,49.419999999999995,46.70083333333333,49.419999999999995,-2.7191666666666663,0.0
2015-11-06,53.43083333333333,39.472500000000004,53.43083333333333,-13.958333333333329,0.0
2015-11-07,50.43833333333333,33.53333333333333,50.43833333333333,-16.905,0.0
2015-11-08,40.446666666666665,31.176666666666666,40.446666666666665,-9.27,0.0
2015-11-09,58.185,36.749583333333334,58.185,-21.43541666666667,0.0
2015-11-10,59.44208333333333,40.95583333333334,59.44208333333333,-18.48624999999999,0.0
2015-11-11,59.852916666666665,36.717083333333335,59.852916666666665,-23.13583333333333,0.0
2015-11-12,60.151666666666664,46.32416666666666,60.151666666666664,-13.8275,0.0
2015-11-13,55.107499999999995,38.39083333333333,55.107499999999995,-16.71666666666666,0.0
2015-11-14,50.23333333333333,39.29,50.23333333333333,-10.943333333333328,0.0
2015-11-15,47.997083333333336,33.346250000000005,47.997083333333336,-14.650833333333331,0.0
2015-11-16,56.826249999999995,37.70583333333334,56.826249999999995,-19.120416666666657,0.0
2015-11-17,56.35708333333333,35.077083333333334,56.35708333333333,-21.279999999999994,0.0
2015-11-18,58.137499999999996,43.23374999999999,58.137499999999996,-14.903750000000002,0.0
2015-11-19,58.16375,41.0775,58.16375,-17.08625,0.0
2015-11-20,49.52875,39.67583333333334,49.52875,-9.852916666666665,0.0
2015-11-21,28.427916666666665,32.84375,32.406666666666666,4.415833333333335,3.9787500000000016
2015-11-22,38.30625,36.45083333333333,38.30625,-1.8554166666666703,0.0
2015-11-23,58.52291666666667,64.72958333333334,58.52291666666667,6.2066666666666706,0.0
2015-11-24,59.62375,60.24791666666667,60.26916666666667,0.6241666666666674,0.6454166666666694
2015-11-25,50.91583333333333,55.64625,50.91583333333333,4.73041666666667,0.0
2015-11-26,50.03041666666667,57.119166666666665,50.03041666666667,7.088749999999997,0.0
2015-11-27,54.60458333333333,53.921666666666674,54.72708333333333,-0.6829166666666566,0.12250000000000227
2015-11-28,47.044999999999995,37.5175,47.044999999999995,-9.527499999999996,0.0
2015-11-29,49.45083333333333,31.22583333333333,52.19291666666666,-18.224999999999998,2.7420833333333334
2015-11-30,60.31875,37.44541666666667,60.64208333333334,-22.873333333333335,0.3233333333333377
2015-12-01,65.35583333333334,44.54416666666666,65.35583333333334,-20.811666666666675,0.0
2015-12-02,66.40833333333333,54.10833333333333,67.1225,-12.300000000000004,0.7141666666666708
2015-12-03,61.905833333333334,45.44416666666667,61.905833333333334,-16.461666666666666,0.0
2015-12-04,64.22625000000001,37.467083333333335,64.22625000000001,-26.759166666666673,0.0
2015-12-05,59.77041666666667,37.07541666666666,59.83833333333333,-22.695000000000007,0.06791666666666174
2015-12-06,50.338750000000005,31.884583333333335,50.338750000000005,-18.45416666666667,0.0
2015-12-07,47.46666666666667,40.772083333333335,47.46666666666667,-6.694583333333334,0.0
2015-12-08,53.83375,38.12083333333333,53.83375,-15.712916666666672,0.0
2015-12-09,60.23166666666666,51.40416666666667,60.23166666666666,-8.827499999999993,0.0
2015-12-10,64.02083333333333,50.473749999999995,64.02083333333333,-13.547083333333333,0.0
2015-12-11,62.79666666666666,46.5725,62.90833333333333,-16.22416666666666,0.11166666666667169
2015-12-12,60.481249999999996,38.81916666666667,60.481249999999996,-21.662083333333328,0.0
2015-12-13,47.10166666666667,37.42541666666667,47.10166666666667,-9.676249999999996,0.0
2015-12-14,52.20416666666667,48.46875,52.20416666666667,-3.735416666666673,0.0
2015-12-15,50.23500000000001,44.86708333333333,50.23500000000001,-5.367916666666673,0.0
2015-12-16,55.66291666666667,38.37208333333333,55.66291666666667,-17.29083333333334,0.0
2015-12-17,55.731249999999996,33.50791666666667,55.731249999999996,-22.22333333333333,0.0
2015-12-18,55.85041666666667,35.086666666666666,55.85041666666667,-20.76375,0.0
2015-12-19,47.60666666666666,29.34375,47.60666666666666,-18.262916666666662,0.0
2015-12-20,45.82874999999999,20.597916666666666,48.029583333333335,-25.230833333333326,2.2008333333333425
2015-12-21,56.85708333333333,32.4775,59.98,-24.37958333333333,3.1229166666666686
2015-12-22,55.01,30.209166666666665,55.47833333333333,-24.800833333333333,0.4683333333333337
2015-12-23,57.07333333333333,30.079166666666666,57.413333333333334,-26.994166666666665,0.3400000000000034
2015-12-24,48.42416666666667,22.541666666666668,48.42416666666667,-25.882500000000004,0.0
2015-12-25,45.324999999999996,18.242083333333333,45.324999999999996,-27.082916666666662,0.0
2015-12-26,41.94041666666667,14.907499999999999,41.94041666666667,-27.032916666666672,0.0
2015-12-27,28.47,18.184166666666666,29.7225,-10.285833333333333,1.2525000000000013
2015-12-28,35.623333333333335,30.73625,36.42916666666667,-4.8870833333333366,0.8058333333333323
2015-12-29,47.07208333333333,33.264583333333334,47.07208333333333,-13.807499999999997,0.0
2015-12-30,40.50083333333333,30.349166666666665,40.50083333333333,-10.151666666666667,0.0
2015-12-31,47.56,23.67625,47.96333333333334,-23.883750000000003,0.403333333333336
2016-01-01,27.332083333333333,23.65833333333333,27.618750000000002,-3.673750000000002,0.28666666666666885
2016-01-02,30.724999999999998,23.430833333333336,31.79375,-7.294166666666662,1.0687500000000014
2016-01-03,18.477083333333333,17.93875,22.174166666666668,-0.538333333333334,3.6970833333333353
2016-01-04,30.463333333333335,27.975416666666664,31.394583333333333,-2.4879166666666706,0.9312499999999986
2016-01-05,31.770833333333332,33.83583333333333,31.770833333333332,2.0650000000000013,0.0
2016-01-06,15.883333333333333,34.979166666666664,15.883333333333333,19.09583333333333,0.0
2016-01-07,28.450416666666666,34.57416666666666,27.96875,6.123749999999998,-0.4816666666666656
2016-01-08,33.75666666666667,31.777916666666666,32.45875,-1.9787500000000016,-1.2979166666666657
2016-01-09,28.13208333333333,29.268333333333334,24.899583333333336,1.136250000000004,-3.2324999999999946
2016-01-10,11.697083333333333,20.799583333333334,11.34875,9.102500000000001,-0.3483333333333327
2016-01-11,25.727083333333336,32.57458333333333,24.650000000000002,6.847499999999993,-1.0770833333333343
2016-01-12,35.88,31.488333333333333,35.88,-4.391666666666669,0.0
2016-01-13,40.57625,36.39458333333334,40.36708333333333,-4.181666666666665,-0.20916666666666828
2016-01-14,36.92541666666667,39.080416666666665,36.083333333333336,2.154999999999994,-0.8420833333333348
2016-01-15,39.250416666666666,39.34458333333333,38.51125,0.09416666666666629,-0.7391666666666694
2016-01-16,35.13125,35.22375,34.58833333333333,0.09250000000000114,-0.5429166666666703
2016-01-17,37.259166666666665,35.91791666666666,37.169583333333335,-1.3412500000000023,-0.08958333333333002
2016-01-18,42.39083333333333,47.66166666666666,42.39083333333333,5.270833333333329,0.0
2016-01-19,52.01625000000001,54.26,50.57,2.2437499999999915,-1.4462500000000063
2016-01-20,53.065416666666664,59.072916666666664,53.065416666666664,6.0075,0.0
2016-01-21,51.11000000000001,59.37875,51.11000000000001,8.26874999999999,0.0
2016-01-22,47.24375,42.99875,47.24375,-4.244999999999997,0.0
2016-01-23,42.46208333333333,33.121249999999996,42.46208333333333,-9.340833333333336,0.0
2016-01-24,34.44083333333334,31.302083333333332,34.44083333333334,-3.1387500000000053,0.0
2016-01-25,45.915,31.95,46.03333333333333,-13.965,0.11833333333333229
2016-01-26,49.14333333333334,31.050416666666667,49.14333333333334,-18.09291666666667,0.0
2016-01-27,43.49208333333333,27.384583333333335,43.49208333333333,-16.107499999999998,0.0
2016-01-28,47.260416666666664,30.17625,47.260416666666664,-17.084166666666665,0.0
2016-01-29,45.52333333333333,29.477500000000003,45.52333333333333,-16.04583333333333,0.0
2016-01-30,38.1675,19.09875,38.1675,-19.068749999999998,0.0
2016-01-31,32.70291666666667,16.479583333333334,32.70291666666667,-16.223333333333333,0.0
2016-02-01,44.13916666666666,23.53333333333333,45.95041666666666,-20.60583333333333,1.8112500000000011
2016-02-02,42.55583333333333,23.26,42.55583333333333,-19.29583333333333,0.0
2016-02-03,33.48083333333333,24.644166666666667,33.3825,-8.836666666666662,-0.09833333333332916
2016-02-04,34.143750000000004,26.51125,33.40333333333333,-7.632500000000004,-0.7404166666666754
2016-02-05,37.711666666666666,28.705833333333334,37.711666666666666,-9.005833333333332,0.0
2016-02-06,27.86916666666667,16.945416666666667,27.86916666666667,-10.923750000000002,0.0
2016-02-07,16.151666666666667,13.505416666666667,16.151666666666667,-2.64625,0.0
2016-02-08,29.720416666666665,19.53,29.720416666666665,-10.190416666666664,0.0
2016-02-09,23.812083333333334,24.28,22.985416666666666,0.4679166666666674,-0.826666666666668
2016-02-10,27.538749999999997,27.67625,28.351666666666663,0.13750000000000284,0.8129166666666663
2016-02-11,32.184583333333336,31.965416666666666,31.699166666666667,-0.21916666666666984,-0.48541666666666927
2016-02-12,24.243333333333336,28.618333333333336,24.216250000000002,4.375,-0.02708333333333357
2016-02-13,9.190833333333334,23.313333333333333,9.190833333333334,14.122499999999999,0.0
2016-02-14,6.4875,16.0825,5.7,9.594999999999999,-0.7874999999999996
2016-02-15,18.424166666666668,26.112916666666667,18.168333333333333,7.688749999999999,-0.25583333333333513
2016-02-16,32.005,34.95916666666667,31.443749999999998,2.9541666666666657,-0.5612500000000047
2016-02-17,37.919999999999995,39.44375,37.42791666666667,1.5237500000000068,-0.4920833333333263
2016-02-18,36.69625,37.04333333333333,35.35791666666667,0.3470833333333303,-1.3383333333333312
2016-02-19,37.72875,33.317083333333336,37.00625,-4.411666666666662,-0.7224999999999966
2016-02-20,33.224583333333335,19.385416666666668,33.12916666666667,-13.839166666666667,-0.09541666666666515
2016-02-21,23.822083333333335,12.71,23.822083333333335,-11.112083333333334,0.0
2016-02-22,39.13791666666666,21.891666666666666,39.13791666666666,-17.246249999999996,0.0
2016-02-23,32.89333333333333,30.207916666666666,32.89333333333333,-2.685416666666665,0.0
2016-02-24,30.423333333333332,29.64625,30.423333333333332,-0.7770833333333336,0.0
2016-02-25,26.920833333333334,29.56125,26.920833333333334,2.640416666666667,0.0
2016-02-26,25.458333333333332,28.088333333333335,24.901666666666667,2.6300000000000026,-0.5566666666666649
2016-02-27,5.792083333333333,23.25125,5.792083333333333,17.459166666666665,0.0
2016-02-28,6.680416666666667,18.35291666666667,6.680416666666667,11.672500000000003,0.0
2016-02-29,21.114583333333332,27.752916666666668,21.114583333333332,6.638333333333335,0.0
2016-03-01,29.46166666666667,31.256249999999998,29.46166666666667,1.7945833333333283,0.0
2016-03-02,23.0475,26.56958333333333,23.0475,3.522083333333331,0.0
2016-03-03,25.59583333333333,29.251666666666665,25.582916666666666,3.6558333333333337,-0.012916666666665577
2016-03-04,19.837500000000002,29.96166666666667,19.837500000000002,10.124166666666667,0.0
2016-03-05,10.6825,24.118333333333336,10.2925,13.435833333333337,-0.3899999999999988
2016-03-06,13.356250000000001,21.609166666666667,13.114583333333334,8.252916666666666,-0.24166666666666714
2016-03-07,25.288750000000004,32.990833333333335,22.293333333333333,7.702083333333331,-2.995416666666671
2016-03-08,29.982083333333335,32.23708333333334,29.942916666666665,2.2550000000000026,-0.039166666666670125
2016-03-09,21.46166666666667,27.745,21.268333333333334,6.283333333333331,-0.19333333333333513
2016-03-10,20.497083333333332,31.515416666666667,20.497083333333332,11.018333333333334,0.0
2016-03-11,30.865,29.68041666666667,30.41333333333333,-1.1845833333333289,-0.451666666666668
2016-03-12,28.22458333333333,27.814583333333335,28.22458333333333,-0.4099999999999966,0.0
2016-03-13,24.054166666666664,22.7375,24.265833333333333,-1.3166666666666629,0.21166666666666956
2016-03-14,36.54083333333333,27.868750000000002,36.45583333333333,-8.67208333333333,-0.08500000000000085
2016-03-15,41.621249999999996,29.675,41.621249999999996,-11.946249999999996,0.0
2016-03-16,35.36083333333333,28.73375,35.57958333333333,-6.627083333333331,0.21875
2016-03-17,41.45041666666667,29.734166666666667,41.45041666666667,-11.716250000000002,0.0
2016-03-18,43.767500000000005,31.313333333333333,43.64875,-12.454166666666673,-0.11875000000000568
2016-03-19,37.61,27.268333333333334,37.61,-10.341666666666665,0.0
2016-03-20,34.85666666666666,20.991666666666667,34.85666666666666,-13.864999999999995,0.0
2016-03-21,35.99583333333333,32.263333333333335,35.88916666666667,-3.7324999999999946,-0.10666666666666202
2016-03-22,34.63916666666667,33.11125,34.31666666666667,-1.5279166666666697,-0.322499999999998
2016-03-23,30.11125,30.176666666666666,29.892916666666665,0.06541666666666757,-0.2183333333333337
2016-03-24,28.30666666666667,28.842083333333335,28.30666666666667,0.5354166666666664,0.0
2016-03-25,26.61125,26.545,26.61125,-0.06624999999999659,0.0
2016-03-26,20.194583333333334,19.675833333333333,20.245416666666667,-0.5187500000000007,0.050833333333333286
2016-03-27,13.253043478260869,11.411304347826086,14.311739130434784,-1.8417391304347834,1.058695652173915
2016-03-28,14.182083333333333,9.6925,15.755416666666667,-4.489583333333332,1.5733333333333341
2016-03-29,30.46875,26.74208333333333,29.900833333333335,-3.72666666666667,-0.5679166666666653
2016-03-30,30.834166666666665,29.686666666666667,30.540000000000003,-1.1474999999999973,-0.294166666666662
2016-03-31,23.17625,28.185833333333335,22.78625,5.009583333333335,-0.39000000000000057
2016-04-01,32.593333333333334,31.36208333333333,32.41166666666667,-1.2312500000000028,-0.18166666666666487
2016-04-02,27.22458333333333,26.672083333333333,27.22458333333333,-0.5524999999999984,0.0
2016-04-03,13.93625,16.154166666666665,13.93625,2.2179166666666656,0.0
2016-04-04,27.963333333333335,28.62125,26.282916666666665,0.6579166666666652,-1.6804166666666696
2016-04-05,21.562083333333334,26.94666666666667,21.562083333333334,5.384583333333335,0.0
2016-04-06,27.8,26.656666666666666,27.63875,-1.1433333333333344,-0.161249999999999
2016-04-07,22.735416666666666,24.16,22.612083333333334,1.4245833333333344,-0.1233333333333313
2016-04-08,20.959166666666665,28.347083333333334,20.959166666666665,7.387916666666669,0.0
2016-04-09,17.8325,24.178749999999997,17.8325,6.346249999999998,0.0
2016-04-10,8.525,17.73625,8.525,9.211249999999998,0.0
2016-04-11,17.535,23.601249999999997,17.535,6.066249999999997,0.0
2016-04-12,21.489166666666666,28.147499999999997,20.5525,6.658333333333331,-0.9366666666666674
2016-04-13,22.35166666666667,27.755416666666665,22.287916666666664,5.403749999999995,-0.06375000000000597
2016-04-14,25.14333333333333,26.764583333333334,24.618333333333336,1.6212500000000034,-0.524999999999995
2016-04-15,25.18625,25.330416666666668,24.357916666666668,0.144166666666667,-0.8283333333333331
2016-04-16,18.53375,18.917916666666667,18.065,0.38416666666666544,-0.46875
2016-04-17,19.11625,18.486250000000002,19.11625,-0.629999999999999,0.0
2016-04-18,26.13625,26.432083333333335,22.337500000000002,0.2958333333333343,-3.7987499999999983
2016-04-19,20.832083333333333,24.656666666666666,18.225416666666668,3.824583333333333,-2.6066666666666656
2016-04-20,29.039583333333336,24.489583333333332,25.14916666666667,-4.550000000000004,-3.890416666666667
2016-04-21,30.868333333333336,26.677083333333332,29.50208333333333,-4.191250000000004,-1.3662500000000044
2016-04-22,35.1,26.17375,34.322916666666664,-8.926250000000003,-0.7770833333333371
2016-04-23,22.53333333333333,22.59875,22.53333333333333,0.06541666666666757,0.0
2016-04-24,11.454583333333334,15.202083333333334,11.454583333333334,3.7475000000000005,0.0
2016-04-25,26.115416666666665,27.30458333333333,26.103333333333335,1.1891666666666652,-0.012083333333329449
2016-04-26,29.625833333333333,29.032083333333333,29.625833333333333,-0.59375,0.0
2016-04-27,32.560833333333335,32.560833333333335,32.560833333333335,0.0,0.0
2016-04-28,31.703333333333333,34.19708333333333,31.703333333333333,2.4937499999999986,0.0
2016-04-29,31.83875,29.922083333333333,31.83875,-1.9166666666666679,0.0
2016-04-30,24.989166666666666,25.438333333333333,23.985416666666666,0.4491666666666667,-1.0037500000000001
2016-05-01,13.560833333333333,18.921666666666667,13.543333333333335,5.360833333333334,-0.017499999999998295
2016-05-02,24.815833333333334,28.619583333333335,24.815833333333334,3.803750000000001,0.0
2016-05-03,26.104583333333334,29.304166666666664,26.104583333333334,3.1995833333333294,0.0
2016-05-04,31.541666666666668,27.520416666666666,30.607499999999998,-4.021250000000002,-0.9341666666666697
2016-05-05,36.2725,19.606666666666666,36.2725,-16.665833333333335,0.0
2016-05-06,36.09625,23.547916666666666,36.09625,-12.548333333333332,0.0
2016-05-07,20.708333333333332,15.180416666666666,20.708333333333332,-5.527916666666666,0.0
2016-05-08,5.456666666666667,7.318333333333334,5.456666666666667,1.8616666666666672,0.0
2016-05-09,22.985416666666666,25.165833333333335,21.379583333333333,2.1804166666666696,-1.605833333333333
2016-05-10,30.48125,30.072916666666668,23.774583333333336,-0.40833333333333144,-6.7066666666666634
2016-05-11,28.0575,27.8925,25.26291666666667,-0.1650000000000027,-2.794583333333332
2016-05-12,23.78333333333333,26.47791666666667,23.78333333333333,2.6945833333333375,0.0
2016-05-13,18.9225,27.364166666666666,18.9225,8.441666666666666,0.0
2016-05-14,10.764166666666666,13.617083333333333,10.764166666666666,2.852916666666667,0.0
2016-05-15,10.38125,11.9925,10.386666666666667,1.61125,0.005416666666667069
2016-05-16,23.5675,21.910416666666666,23.5675,-1.6570833333333326,0.0
2016-05-17,32.257083333333334,31.052916666666665,31.485833333333332,-1.2041666666666693,-0.771250000000002
2016-05-18,31.609583333333333,31.51875,29.713333333333335,-0.09083333333333243,-1.8962499999999984
2016-05-19,31.284583333333334,33.42541666666667,28.99291666666667,2.1408333333333367,-2.2916666666666643
2016-05-20,31.40416666666667,28.945833333333336,31.3925,-2.458333333333332,-0.011666666666670267
2016-05-21,20.09,20.65875,20.09,0.5687500000000014,0.0
2016-05-22,9.422916666666667,11.179583333333333,9.61875,1.756666666666666,0.19583333333333286
2016-05-23,30.609166666666667,30.528750000000002,28.030416666666667,-0.08041666666666458,-2.5787499999999994
2016-05-24,32.064166666666665,29.861250000000002,28.832083333333333,-2.2029166666666633,-3.232083333333332
2016-05-25,34.68083333333333,31.427916666666665,34.23708333333333,-3.2529166666666676,-0.4437500000000014
2016-05-26,36.42458333333333,29.660416666666666,36.38375,-6.764166666666664,-0.04083333333333172
2016-05-27,36.03,30.062916666666666,34.599583333333335,-5.967083333333335,-1.430416666666666
2016-05-28,23.752916666666668,24.37291666666667,23.702083333333334,0.620000000000001,-0.050833333333333286
2016-05-29,12.6825,11.348333333333334,12.745833333333332,-1.3341666666666647,0.06333333333333258
2016-05-30,35.31875,25.64916666666667,34.3375,-9.669583333333332,-0.9812500000000028
2016-05-31,37.604166666666664,28.175416666666667,37.34083333333333,-9.428749999999997,-0.2633333333333354
2016-06-01,37.42041666666666,30.775000000000002,37.0675,-6.645416666666659,-0.35291666666665833
2016-06-02,39.865,28.013333333333332,39.5475,-11.85166666666667,-0.31750000000000256
2016-06-03,40.56458333333333,29.16875,39.645833333333336,-11.395833333333332,-0.9187499999999957
2016-06-04,39.723333333333336,25.451666666666668,38.83625,-14.271666666666668,-0.8870833333333366
2016-06-05,39.747499999999995,19.465416666666666,39.5825,-20.28208333333333,-0.16499999999999204
2016-06-06,44.3675,30.49,44.035,-13.877500000000001,-0.3325000000000031
2016-06-07,45.9,29.58875,45.02708333333334,-16.311249999999998,-0.8729166666666615
2016-06-08,42.53,28.97791666666667,41.55166666666667,-13.552083333333332,-0.9783333333333317
2016-06-09,41.46333333333333,30.16625,40.13041666666667,-11.29708333333333,-1.3329166666666623
2016-06-10,40.029583333333335,28.80875,36.077083333333334,-11.220833333333335,-3.9525000000000006
2016-06-11,38.708333333333336,25.449166666666667,37.930416666666666,-13.259166666666669,-0.7779166666666697
2016-06-12,36.7725,21.2075,36.36541666666667,-15.565000000000001,-0.4070833333333326
2016-06-13,35.956250000000004,28.8075,35.92208333333333,-7.148750000000003,-0.03416666666667112
2016-06-14,36.944583333333334,30.35291666666667,36.88375,-6.591666666666665,-0.06083333333333485
2016-06-15,31.582916666666666,31.384583333333335,29.188333333333333,-0.19833333333333059,-2.3945833333333333
2016-06-16,36.318333333333335,32.0475,34.654583333333335,-4.270833333333336,-1.6637500000000003
2016-06-17,44.038333333333334,28.738333333333333,43.36041666666667,-15.3,-0.6779166666666612
2016-06-18,35.32041666666667,21.2275,35.18666666666667,-14.092916666666667,-0.13374999999999915
2016-06-19,30.166666666666668,15.676666666666668,30.166666666666668,-14.49,0.0
2016-06-20,41.21333333333333,29.037916666666664,40.41916666666666,-12.175416666666667,-0.7941666666666691
2016-06-21,41.93541666666666,33.27,41.88291666666667,-8.665416666666658,-0.052499999999994884
2016-06-22,38.43666666666667,33.43875,38.402499999999996,-4.997916666666669,-0.03416666666667112
2016-06-23,38.772083333333335,32.72375,38.772083333333335,-6.048333333333332,0.0
2016-06-24,37.81375,34.064166666666665,37.369166666666665,-3.7495833333333337,-0.444583333333334
2016-06-25,34.833333333333336,25.425416666666667,34.833333333333336,-9.407916666666669,0.0
2016-06-26,24.798750000000002,13.813749999999999,25.272499999999997,-10.985000000000003,0.47374999999999545
2016-06-27,37.626666666666665,29.9325,37.308749999999996,-7.694166666666664,-0.31791666666666885
2016-06-28,43.12291666666667,33.22083333333333,43.12291666666667,-9.902083333333337,0.0
2016-06-29,45.48666666666667,28.8925,44.727916666666665,-16.594166666666673,-0.7587500000000063
2016-06-30,45.446666666666665,30.74416666666667,45.060833333333335,-14.702499999999997,-0.3858333333333306
2016-07-01,43.30875,29.682083333333335,43.18833333333333,-13.626666666666669,-0.12041666666667084
2016-07-02,39.32125,21.49625,39.32125,-17.825,0.0
2016-07-03,33.82375,15.602083333333333,33.82375,-18.221666666666664,0.0
2016-07-04,40.70166666666667,34.846666666666664,40.70166666666667,-5.855000000000004,0.0
2016-07-05,41.99375,29.736666666666665,41.99375,-12.257083333333334,0.0
2016-07-06,41.88708333333333,26.659583333333334,41.88708333333333,-15.227499999999996,0.0
2016-07-07,43.28,31.5975,43.28,-11.682500000000001,0.0
2016-07-08,42.223333333333336,30.50208333333333,42.223333333333336,-11.721250000000005,0.0
2016-07-09,41.360416666666666,23.584999999999997,41.257083333333334,-17.77541666666667,-0.10333333333333172
2016-07-10,39.14541666666667,18.477916666666665,38.66458333333333,-20.667500000000004,-0.48083333333333655
2016-07-11,42.35375,29.398749999999996,40.6,-12.955000000000002,-1.7537499999999966
2016-07-12,41.08625,33.055416666666666,40.16125,-8.030833333333334,-0.9249999999999972
2016-07-13,38.37291666666667,33.76416666666667,38.12583333333333,-4.608750000000001,-0.24708333333333599
2016-07-14,36.98875,26.776666666666667,36.98875,-10.212083333333336,0.0
2016-07-15,38.64625,27.06833333333333,38.13458333333333,-11.57791666666667,-0.5116666666666703
2016-07-16,39.47,25.876666666666665,39.47,-13.593333333333334,0.0
2016-07-17,39.99125,23.735416666666666,39.76708333333333,-16.255833333333335,-0.22416666666666885
2016-07-18,41.95333333333333,35.97,41.95333333333333,-5.983333333333334,0.0
2016-07-19,41.16916666666666,37.985416666666666,41.16916666666666,-3.1837499999999963,0.0
2016-07-20,41.69875,36.95125,41.69875,-4.747499999999995,0.0
2016-07-21,44.17875,40.025,43.68625,-4.153750000000002,-0.4924999999999997
2016-07-22,40.19833333333333,36.067083333333336,40.01916666666667,-4.131249999999994,-0.17916666666666003
2016-07-23,39.246249999999996,32.973333333333336,39.246249999999996,-6.27291666666666,0.0
2016-07-24,37.59125,27.12375,37.59125,-10.467500000000001,0.0
2016-07-25,40.278749999999995,36.317083333333336,40.278749999999995,-3.961666666666659,0.0
2016-07-26,40.8125,35.162083333333335,40.8125,-5.650416666666665,0.0
2016-07-27,41.65875,34.597500000000004,41.59916666666667,-7.061249999999994,-0.05958333333332888
2016-07-28,42.419583333333335,33.543749999999996,42.419583333333335,-8.87583333333334,0.0
2016-07-29,43.7725,31.146666666666665,43.7725,-12.625833333333336,0.0
2016-07-30,41.13583333333333,28.02625,41.13583333333333,-13.10958333333333,0.0
2016-07-31,36.280833333333334,25.520416666666666,36.280833333333334,-10.760416666666668,0.0
2016-08-01,43.12041666666667,29.995,43.12041666666667,-13.12541666666667,0.0
2016-08-02,42.598333333333336,32.55166666666667,42.598333333333336,-10.046666666666667,0.0
2016-08-03,44.90625,29.7225,44.89666666666667,-15.18375,-0.009583333333331723
2016-08-04,43.25333333333333,29.47875,43.21958333333333,-13.774583333333329,-0.033749999999997726
2016-08-05,41.17583333333334,31.933333333333334,41.17583333333334,-9.242500000000003,0.0
2016-08-06,38.90958333333333,25.29375,38.90958333333333,-13.615833333333331,0.0
2016-08-07,32.74666666666666,16.724999999999998,32.74666666666666,-16.021666666666665,0.0
2016-08-08,42.168749999999996,24.642916666666668,41.659166666666664,-17.525833333333328,-0.5095833333333317
2016-08-09,39.83291666666667,28.77125,39.83291666666667,-11.061666666666671,0.0
2016-08-10,35.824999999999996,27.909583333333334,35.824999999999996,-7.915416666666662,0.0
2016-08-11,38.931666666666665,28.089166666666667,38.931666666666665,-10.842499999999998,0.0
2016-08-12,42.12416666666667,28.4425,42.12416666666667,-13.681666666666668,0.0
2016-08-13,41.42875,19.769583333333333,41.42875,-21.659166666666668,0.0
2016-08-14,38.84875,21.777916666666666,38.84875,-17.070833333333336,0.0
2016-08-15,41.281666666666666,27.76625,41.281666666666666,-13.515416666666667,0.0
2016-08-16,44.861250000000005,30.1975,44.861250000000005,-14.663750000000004,0.0
2016-08-17,43.475,32.906666666666666,43.475,-10.568333333333335,0.0
2016-08-18,43.56125,32.21041666666667,43.56125,-11.350833333333334,0.0
2016-08-19,42.212916666666665,33.49125,42.212916666666665,-8.721666666666664,0.0
2016-08-20,39.39458333333334,24.959999999999997,39.39458333333334,-14.43458333333334,0.0
2016-08-21,37.027499999999996,15.67,37.027499999999996,-21.357499999999995,0.0
2016-08-22,41.38125,30.462500000000002,41.38125,-10.91875,0.0
2016-08-23,41.350833333333334,33.486250000000005,41.350833333333334,-7.864583333333329,0.0
2016-08-24,41.852916666666665,34.21375,41.852916666666665,-7.639166666666668,0.0
2016-08-25,41.45041666666667,34.344166666666666,41.45041666666667,-7.106250000000003,0.0
2016-08-26,41.66916666666666,36.876666666666665,41.66916666666666,-4.792499999999997,0.0
2016-08-27,41.37416666666667,32.74166666666667,41.37416666666667,-8.6325,0.0
2016-08-28,40.65958333333334,27.530416666666667,40.65958333333334,-13.12916666666667,0.0
2016-08-29,41.51875,40.4525,41.51875,-1.0662499999999966,0.0
2016-08-30,43.0225,39.875416666666666,42.995,-3.1470833333333346,-0.02750000000000341
2016-08-31,43.852916666666665,38.01916666666667,43.852916666666665,-5.833749999999995,0.0
2016-09-01,42.62083333333333,39.83583333333333,42.62083333333333,-2.7849999999999966,0.0
2016-09-02,45.5825,37.135416666666664,45.5825,-8.447083333333339,0.0
2016-09-03,42.77166666666667,32.27625,42.77166666666667,-10.49541666666667,0.0
2016-09-04,41.57958333333333,25.47208333333333,41.57958333333333,-16.1075,0.0
2016-09-05,47.1225,42.253750000000004,46.74541666666667,-4.868749999999999,-0.37708333333333144
2016-09-06,48.16583333333333,40.37291666666667,48.132083333333334,-7.792916666666663,-0.033749999999997726
2016-09-07,48.74583333333334,40.41708333333333,48.47625,-8.328750000000007,-0.26958333333333684
2016-09-08,44.48666666666667,34.0425,44.48666666666667,-10.444166666666675,0.0
2016-09-09,46.221666666666664,35.85,46.221666666666664,-10.371666666666663,0.0
2016-09-10,42.873333333333335,31.136666666666667,42.873333333333335,-11.736666666666668,0.0
2016-09-11,40.57875,27.432916666666667,40.57875,-13.145833333333332,0.0
2016-09-12,43.82083333333333,41.8025,43.82083333333333,-2.018333333333331,0.0
2016-09-13,42.97708333333333,40.0,42.937083333333334,-2.977083333333333,-0.03999999999999915
2016-09-14,42.40833333333333,40.26166666666666,42.40833333333333,-2.1466666666666683,0.0
2016-09-15,43.66458333333333,40.303333333333335,43.66458333333333,-3.3612499999999983,0.0
2016-09-16,41.298750000000005,36.01708333333333,41.298750000000005,-5.281666666666673,0.0
2016-09-17,39.82541666666666,30.669166666666666,39.82541666666666,-9.156249999999996,0.0
2016-09-18,35.660000000000004,28.2675,37.401666666666664,-7.392500000000005,1.74166666666666
2016-09-19,41.90083333333333,38.842083333333335,41.90708333333333,-3.0587499999999963,0.006250000000001421
2016-09-20,43.78875,41.128750000000004,43.78875,-2.6599999999999966,0.0
2016-09-21,45.66,41.3925,45.66,-4.267499999999998,0.0
2016-09-22,46.874583333333334,40.95916666666667,46.874583333333334,-5.915416666666665,0.0
2016-09-23,46.60833333333333,41.940416666666664,46.60833333333333,-4.667916666666663,0.0
2016-09-24,41.566250000000004,32.43833333333333,41.566250000000004,-9.127916666666671,0.0
2016-09-25,37.937083333333334,25.569999999999997,37.937083333333334,-12.367083333333337,0.0
2016-09-26,46.55375,43.24666666666667,46.27708333333333,-3.307083333333331,-0.27666666666667084
2016-09-27,44.05875,41.9125,44.04583333333333,-2.146250000000002,-0.012916666666676235
2016-09-28,43.281666666666666,43.00416666666666,43.215,-0.2775000000000034,-0.06666666666666288
2016-09-29,43.536249999999995,39.889583333333334,43.536249999999995,-3.646666666666661,0.0
2016-09-30,45.456250000000004,41.78041666666667,45.456250000000004,-3.675833333333337,0.0
2016-10-01,44.00958333333333,38.19166666666667,44.00958333333333,-5.817916666666662,0.0
2016-10-02,43.77,32.477916666666665,43.77,-11.292083333333338,0.0
2016-10-03,48.58833333333333,43.91208333333333,48.58833333333333,-4.676250000000003,0.0
2016-10-04,52.544999999999995,42.02458333333333,52.544999999999995,-10.520416666666662,0.0
2016-10-05,50.131249999999994,37.60041666666667,50.131249999999994,-12.530833333333327,0.0
2016-10-06,52.35041666666667,48.2775,52.35041666666667,-4.072916666666664,0.0
2016-10-07,54.84,57.29208333333333,54.84,2.452083333333327,0.0
2016-10-08,48.55291666666667,44.35375,48.55291666666667,-4.19916666666667,0.0
2016-10-09,42.97333333333333,36.705,42.97333333333333,-6.268333333333331,0.0
2016-10-10,53.73541666666667,56.70208333333333,53.73541666666667,2.9666666666666544,0.0
2016-10-11,56.839166666666664,71.21208333333333,56.839166666666664,14.372916666666661,0.0
2016-10-12,51.497083333333336,62.81041666666667,51.497083333333336,11.313333333333333,0.0
2016-10-13,57.60166666666667,64.25083333333333,57.890833333333326,6.649166666666666,0.28916666666665947
2016-10-14,54.85208333333333,64.10375,54.85208333333333,9.251666666666672,0.0
2016-10-15,45.64333333333334,44.28125,45.64333333333334,-1.362083333333338,0.0
2016-10-16,45.61208333333334,40.016666666666666,45.61208333333334,-5.595416666666672,0.0
2016-10-17,59.31916666666667,56.40958333333333,59.25666666666667,-2.9095833333333374,-0.0625
2016-10-18,57.57749999999999,66.94375000000001,57.57749999999999,9.366250000000015,0.0
2016-10-19,59.286249999999995,67.68791666666667,59.69916666666666,8.40166666666667,0.4129166666666677
2016-10-20,59.65,76.30458333333333,59.65,16.654583333333328,0.0
2016-10-21,59.47,72.94958333333334,59.47,13.479583333333338,0.0
2016-10-22,52.21333333333333,55.72083333333333,52.21333333333333,3.5075000000000003,0.0
2016-10-23,40.777499999999996,44.568333333333335,40.777499999999996,3.790833333333339,0.0
2016-10-24,54.593333333333334,72.63375,53.06041666666667,18.040416666666673,-1.5329166666666652
2016-10-25,59.2425,79.915,58.82958333333334,20.672500000000007,-0.4129166666666606
2016-10-26,60.40833333333333,70.53333333333333,60.315416666666664,10.125,-0.09291666666666742
2016-10-27,56.47958333333333,61.48875,56.434583333333336,5.0091666666666725,-0.0449999999999946
2016-10-28,56.61416666666667,58.38333333333333,56.61416666666667,1.7691666666666634,0.0
2016-10-29,53.61875,52.11875,53.61875,-1.5,0.0
2016-10-30,51.1492,40.9528,51.1492,-10.196399999999997,0.0
2016-10-31,53.814166666666665,48.95416666666667,53.814166666666665,-4.859999999999992,0.0
2016-11-01,50.1325,47.62625,50.1325,-2.5062500000000014,0.0
2016-11-02,61.3375,64.005,61.3375,2.667499999999997,0.0
2016-11-03,63.63833333333333,68.82291666666667,63.63833333333333,5.184583333333343,0.0
2016-11-04,61.28041666666667,74.075,61.28041666666667,12.794583333333335,0.0
2016-11-05,51.07083333333333,50.90125,51.07083333333333,-0.16958333333333542,0.0
2016-11-06,44.63583333333333,43.47125,45.435833333333335,-1.1645833333333329,0.8000000000000043
2016-11-07,57.62916666666666,125.67333333333333,57.62916666666666,68.04416666666667,0.0
2016-11-08,54.96875,114.81708333333334,54.96875,59.84833333333334,0.0
2016-11-09,52.27583333333333,88.34750000000001,52.27583333333333,36.07166666666668,0.0
2016-11-10,60.23333333333333,73.79541666666667,60.23333333333333,13.56208333333334,0.0
2016-11-11,61.229166666666664,61.524166666666666,61.229166666666664,0.2950000000000017,0.0
2016-11-12,59.10833333333333,59.86541666666667,59.11375,0.7570833333333411,0.005416666666675951
2016-11-13,52.645,53.07125,52.69583333333333,0.426249999999996,0.05083333333332973
2016-11-14,55.159166666666664,118.3275,55.159166666666664,63.16833333333334,0.0
2016-11-15,59.495416666666664,86.89958333333334,59.495416666666664,27.404166666666676,0.0
2016-11-16,63.70875,66.02041666666666,63.70875,2.3116666666666603,0.0
2016-11-17,62.22666666666667,59.56625,62.22666666666667,-2.66041666666667,0.0
2016-11-18,58.298750000000005,57.23083333333333,58.298750000000005,-1.067916666666676,0.0
2016-11-19,53.286249999999995,51.470416666666665,53.286249999999995,-1.8158333333333303,0.0
2016-11-20,40.65625,39.431666666666665,40.65625,-1.2245833333333351,0.0
2016-11-21,44.1575,40.47,47.02333333333333,-3.6875,2.8658333333333346
2016-11-22,62.74875,53.13291666666667,62.74875,-9.615833333333335,0.0
2016-11-23,57.45333333333334,52.89875,57.45333333333334,-4.5545833333333405,0.0
2016-11-24,56.694583333333334,50.76499999999999,56.694583333333334,-5.9295833333333405,0.0
2016-11-25,55.57875000000001,52.38,55.51,-3.198750000000004,-0.06875000000000853
2016-11-26,48.367916666666666,44.60333333333333,48.367916666666666,-3.7645833333333343,0.0
2016-11-27,51.16833333333333,37.99791666666667,51.16833333333333,-13.17041666666666,0.0
2016-11-28,62.08166666666667,56.26333333333333,62.08166666666667,-5.818333333333342,0.0
2016-11-29,65.375,70.21166666666666,65.375,4.836666666666659,0.0
2016-11-30,57.29958333333334,90.65458333333333,57.27291666666667,33.355,-0.026666666666670835
2016-12-01,64.64458333333333,102.99583333333334,64.30541666666666,38.35125000000001,-0.33916666666667084
2016-12-02,66.42625,71.51583333333333,66.42625,5.089583333333337,0.0
2016-12-03,56.85,56.677083333333336,54.824999999999996,-0.17291666666666572,-2.0250000000000057
2016-12-04,48.35041666666667,43.49541666666667,48.239583333333336,-4.854999999999997,-0.11083333333333201
2016-12-05,60.80583333333333,62.659166666666664,59.655,1.8533333333333317,-1.1508333333333312
2016-12-06,64.09583333333333,66.21124999999999,64.09583333333333,2.115416666666661,0.0
2016-12-07,63.07708333333333,61.33083333333334,63.07708333333333,-1.7462499999999892,0.0
2016-12-08,54.25958333333333,53.910833333333336,52.2525,-0.34874999999999545,-2.007083333333334
2016-12-09,55.75208333333333,55.161249999999995,54.689166666666665,-0.590833333333336,-1.0629166666666663
2016-12-10,57.76624999999999,51.88916666666666,57.76624999999999,-5.877083333333331,0.0
2016-12-11,60.845416666666665,51.66458333333333,60.845416666666665,-9.180833333333332,0.0
2016-12-12,65.03333333333333,64.27833333333334,65.03333333333333,-0.7549999999999955,0.0
2016-12-13,66.46708333333333,63.861250000000005,66.55791666666666,-2.6058333333333294,0.09083333333332178
2016-12-14,64.20416666666667,67.72583333333334,64.17458333333333,3.5216666666666754,-0.02958333333333485
2016-12-15,66.9225,68.58708333333333,66.83,1.6645833333333258,-0.09250000000000114
2016-12-16,63.91958333333333,63.90708333333333,63.28458333333333,-0.012499999999995737,-0.634999999999998
2016-12-17,55.63166666666667,54.20333333333334,55.63166666666667,-1.4283333333333275,0.0
2016-12-18,53.64625,50.50541666666667,53.64625,-3.140833333333333,0.0
2016-12-19,64.44125,66.93958333333333,64.23708333333333,2.498333333333335,-0.20416666666666572
2016-12-20,64.59583333333333,68.02583333333332,64.59583333333333,3.4299999999999926,0.0
2016-12-21,64.64458333333333,64.86874999999999,64.61749999999999,0.22416666666666174,-0.027083333333337123
2016-12-22,66.31083333333333,64.1375,66.31083333333333,-2.173333333333332,0.0
2016-12-23,65.09208333333333,56.73,65.09208333333333,-8.362083333333338,0.0
2016-12-24,56.892500000000005,50.1525,57.15,-6.740000000000002,0.2574999999999932
2016-12-25,49.65958333333333,36.68416666666666,49.8125,-12.975416666666668,0.1529166666666697
2016-12-26,53.9175,44.46041666666667,53.9175,-9.45708333333333,0.0
2016-12-27,61.9275,56.4075,61.9275,-5.520000000000003,0.0
2016-12-28,58.9,51.95875,59.10166666666667,-6.941249999999997,0.201666666666668
2016-12-29,58.432916666666664,51.67625,58.432916666666664,-6.756666666666661,0.0
2016-12-30,62.592083333333335,59.73916666666667,62.592083333333335,-2.8529166666666654,0.0
2016-12-31,58.947916666666664,54.55458333333333,59.3325,-4.393333333333331,0.38458333333333883
2017-01-01,51.090833333333336,50.23374999999999,51.44583333333333,-0.8570833333333425,0.3549999999999969
2017-01-02,60.201249999999995,60.680416666666666,59.16083333333333,0.4791666666666714,-1.0404166666666654
2017-01-03,65.60583333333334,69.53833333333334,65.60583333333334,3.9325000000000045,0.0
2017-01-04,66.28833333333334,66.40333333333334,66.4725,0.11499999999999488,0.1841666666666555
2017-01-05,64.77708333333334,66.2625,67.16083333333334,1.4854166666666657,2.3837500000000063
2017-01-06,64.62875,74.91708333333334,64.62875,10.288333333333341,0.0
2017-01-07,65.1125,62.526250000000005,65.35083333333334,-2.5862499999999926,0.23833333333334394
2017-01-08,59.98291666666666,59.71125,60.002916666666664,-0.27166666666666117,0.020000000000003126
2017-01-09,70.30125,70.25,69.8575,-0.05124999999999602,-0.4437499999999943
2017-01-10,65.67375,73.0575,65.67375,7.383750000000006,0.0
2017-01-11,72.89041666666667,77.50916666666667,72.86874999999999,4.618750000000006,-0.021666666666675383
2017-01-12,75.28375,74.32083333333334,75.27416666666666,-0.9629166666666578,-0.009583333333338828
2017-01-13,68.13375,79.23875,68.13375,11.10499999999999,0.0
2017-01-14,64.99708333333334,66.44083333333333,64.99708333333334,1.4437499999999943,0.0
2017-01-15,61.443333333333335,64.08,61.53,2.636666666666663,0.086666666666666
2017-01-16,68.47666666666667,88.63583333333334,68.79125,20.159166666666664,0.31458333333333144
2017-01-17,72.38958333333333,106.11791666666666,72.84583333333333,33.728333333333325,0.45624999999999716
2017-01-18,78.83458333333333,94.49041666666666,78.54916666666666,15.655833333333334,-0.2854166666666629
2017-01-19,85.78875,92.22791666666666,85.62624999999998,6.439166666666665,-0.16250000000000853
2017-01-20,87.99791666666665,98.59708333333333,87.17291666666667,10.599166666666676,-0.8249999999999886
2017-01-21,79.0125,75.605,79.0125,-3.407499999999999,0.0
2017-01-22,72.07291666666667,71.58916666666666,72.74541666666666,-0.4837500000000148,0.6724999999999852
2017-01-23,83.85041666666667,93.64625000000001,83.85041666666667,9.795833333333334,0.0
2017-01-24,87.90125,116.08375,87.90125,28.18249999999999,0.0
2017-01-25,91.88333333333333,121.09708333333333,91.90583333333332,29.213750000000005,0.022499999999993747
2017-01-26,87.88,109.67958333333333,87.125,21.79958333333333,-0.7549999999999955
2017-01-27,75.92666666666666,78.1775,75.35208333333334,2.2508333333333326,-0.5745833333333223
2017-01-28,61.415416666666665,58.14541666666667,61.864583333333336,-3.269999999999996,0.44916666666667027
2017-01-29,62.294999999999995,59.03375,62.294999999999995,-3.261249999999997,0.0
2017-01-30,70.8125,63.03541666666666,70.8125,-7.777083333333337,0.0
2017-01-31,73.265,76.70125,73.24249999999999,3.436250000000001,-0.022500000000007958
2017-02-01,69.09083333333334,65.85625,69.09083333333334,-3.234583333333333,0.0
2017-02-02,49.015833333333326,47.03125,49.245416666666664,-1.984583333333326,0.2295833333333377
2017-02-03,47.76541666666666,47.693333333333335,47.32333333333333,-0.07208333333332462,-0.44208333333332916
2017-02-04,44.248333333333335,45.45375000000001,44.07375,1.2054166666666717,-0.17458333333333798
2017-02-05,29.76,45.92333333333334,29.76,16.163333333333338,0.0
2017-02-06,49.66166666666667,63.634166666666665,49.59625,13.972499999999997,-0.06541666666667112
2017-02-07,55.46083333333333,60.55625,55.168749999999996,5.095416666666665,-0.2920833333333377
2017-02-08,55.42666666666667,63.56125,55.42666666666667,8.134583333333332,0.0
2017-02-09,61.10708333333333,62.94833333333333,60.18875,1.8412500000000023,-0.9183333333333294
2017-02-10,64.47,67.13166666666666,62.64291666666667,2.6616666666666617,-1.8270833333333272
2017-02-11,54.0525,55.145833333333336,52.12958333333333,1.0933333333333337,-1.9229166666666728
2017-02-12,42.78375,42.78375,42.78375,0.0,0.0
2017-02-13,51.392500000000005,49.78875,51.65625,-1.6037500000000051,0.2637499999999946
2017-02-14,56.1675,54.72333333333333,54.14541666666667,-1.4441666666666677,-2.0220833333333275
2017-02-15,56.57874999999999,51.94,55.79791666666666,-4.638749999999995,-0.7808333333333337
2017-02-16,57.247083333333336,55.244166666666665,56.80125,-2.002916666666671,-0.44583333333333286
2017-02-17,59.558749999999996,54.26083333333333,59.384166666666665,-5.297916666666666,-0.17458333333333087
2017-02-18,54.12166666666667,46.29583333333333,54.087916666666665,-7.8258333333333425,-0.03375000000000483
2017-02-19,46.227916666666665,45.034166666666664,46.227916666666665,-1.1937500000000014,0.0
2017-02-20,52.744166666666665,52.744166666666665,51.01416666666666,0.0,-1.730000000000004
2017-02-21,51.40625,50.344166666666666,51.02333333333333,-1.0620833333333337,-0.38291666666666657
2017-02-22,52.376666666666665,47.606249999999996,52.309583333333336,-4.770416666666669,-0.06708333333332916
2017-02-23,55.16,43.45249999999999,55.15,-11.707500000000003,-0.00999999999999801
2017-02-24,50.498333333333335,49.68416666666667,50.239583333333336,-0.8141666666666652,-0.25874999999999915
2017-02-25,50.107499999999995,44.85708333333333,50.107499999999995,-5.250416666666666,0.0
2017-02-26,47.80166666666667,38.43666666666667,47.80166666666667,-9.365000000000002,0.0
2017-02-27,44.40416666666667,40.40083333333333,44.40416666666667,-4.003333333333337,0.0
2017-02-28,40.092083333333335,39.89666666666667,41.24333333333333,-0.19541666666666657,1.1512499999999974
2017-03-01,48.580000000000005,45.723749999999995,48.580000000000005,-2.85625000000001,0.0
2017-03-02,51.07666666666666,46.334583333333335,51.07666666666666,-4.742083333333326,0.0
2017-03-03,40.66708333333333,39.920833333333334,40.66708333333333,-0.7462499999999963,0.0
2017-03-04,36.431666666666665,35.86333333333334,37.88,-0.568333333333328,1.4483333333333377
2017-03-05,28.809166666666666,21.912916666666664,32.80125,-6.896250000000002,3.992083333333337
2017-03-06,42.16166666666667,40.9225,43.076249999999995,-1.2391666666666694,0.9145833333333258
2017-03-07,48.37875,45.189166666666665,47.88583333333333,-3.1895833333333314,-0.492916666666666
2017-03-08,49.309583333333336,43.03333333333333,49.28708333333333,-6.2762500000000045,-0.022500000000007958
2017-03-09,49.46208333333333,42.065000000000005,49.46208333333333,-7.3970833333333275,0.0
2017-03-10,48.72625,40.55166666666667,48.72625,-8.17458333333333,0.0
2017-03-11,46.0,33.20875,46.0,-12.791249999999998,0.0
2017-03-12,21.311666666666667,22.059166666666666,31.319166666666664,0.7474999999999987,10.007499999999997
2017-03-13,32.66708333333333,35.583333333333336,37.99208333333333,2.916250000000005,5.325000000000003
2017-03-14,38.62625,38.72625,38.553333333333335,0.10000000000000142,-0.0729166666666643
2017-03-15,44.03,38.843333333333334,44.0725,-5.186666666666667,0.042499999999996874
2017-03-16,45.16833333333333,36.49708333333333,45.16833333333333,-8.67125,0.0
2017-03-17,46.46125,35.74041666666667,46.42250000000001,-10.720833333333331,-0.03874999999999318
2017-03-18,43.35708333333333,25.65833333333333,43.35708333333333,-17.698749999999997,0.0
2017-03-19,44.49458333333334,20.314583333333335,44.49458333333334,-24.180000000000003,0.0
2017-03-20,47.19541666666667,32.89958333333333,47.19541666666667,-14.295833333333334,0.0
2017-03-21,45.77875,39.202083333333334,45.77875,-6.576666666666668,0.0
2017-03-22,38.07791666666667,37.62375,38.96875,-0.4541666666666657,0.8908333333333331
2017-03-23,45.22208333333333,36.92458333333334,45.86208333333334,-8.297499999999992,0.6400000000000077
2017-03-24,51.999583333333334,36.13791666666666,51.999583333333334,-15.861666666666672,0.0
2017-03-25,40.135416666666664,28.33583333333333,40.135416666666664,-11.799583333333334,0.0
2017-03-26,35.33347826086956,28.08869565217391,35.33347826086956,-7.244782608695651,0.0
2017-03-27,44.80083333333334,34.849583333333335,44.956250000000004,-9.951250000000002,0.15541666666666742
2017-03-28,48.42583333333334,34.579166666666666,48.42583333333334,-13.846666666666671,0.0
2017-03-29,48.56708333333333,35.18083333333333,48.56708333333333,-13.386249999999997,0.0
2017-03-30,45.46125,33.54708333333333,45.5375,-11.914166666666667,0.0762500000000017
2017-03-31,41.94,32.248333333333335,42.59291666666667,-9.691666666666663,0.6529166666666697
2017-04-01,31.859583333333333,31.46291666666667,33.935,-0.3966666666666647,2.075416666666669
2017-04-02,33.821666666666665,30.32166666666667,35.842083333333335,-3.4999999999999964,2.0204166666666694
2017-04-03,48.505833333333335,37.8425,48.47416666666667,-10.663333333333334,-0.03166666666666629
2017-04-04,45.00875,38.746249999999996,45.00875,-6.262500000000003,0.0
2017-04-05,38.44833333333333,35.558749999999996,38.775416666666665,-2.8895833333333343,0.3270833333333343
2017-04-06,37.9575,35.874583333333334,38.057916666666664,-2.0829166666666694,0.1004166666666606
2017-04-07,45.205000000000005,38.42458333333334,45.1475,-6.780416666666667,-0.05750000000000455
2017-04-08,47.94208333333333,34.41916666666667,47.94208333333333,-13.52291666666666,0.0
2017-04-09,43.10458333333333,29.450416666666666,43.10458333333333,-13.654166666666665,0.0
2017-04-10,47.10125,33.83708333333333,47.099583333333335,-13.264166666666668,-0.0016666666666651508
2017-04-11,47.90291666666667,35.920833333333334,47.90291666666667,-11.982083333333335,0.0
2017-04-12,51.857499999999995,35.62583333333333,51.822916666666664,-16.231666666666662,-0.0345833333333303
2017-04-13,48.17583333333334,34.888333333333335,48.17583333333334,-13.287500000000001,0.0
2017-04-14,45.29541666666666,34.34166666666667,45.29541666666666,-10.953749999999992,0.0
2017-04-15,42.10541666666666,30.999583333333334,42.420833333333334,-11.10583333333333,0.3154166666666711
2017-04-16,40.075833333333335,30.55,40.075833333333335,-9.525833333333335,0.0
2017-04-17,47.98583333333334,26.851249999999997,47.98583333333334,-21.134583333333342,0.0
2017-04-18,43.1,35.693333333333335,43.1,-7.406666666666666,0.0
2017-04-19,39.23916666666667,38.29333333333333,39.23916666666667,-0.94583333333334,0.0
2017-04-20,40.46125,40.32416666666666,40.365,-0.13708333333333655,-0.09624999999999773
2017-04-21,44.17458333333334,44.07875000000001,43.685,-0.09583333333333144,-0.4895833333333357
2017-04-22,46.22958333333333,33.96958333333333,46.22958333333333,-12.259999999999998,0.0
2017-04-23,48.23875,25.134583333333335,48.23875,-23.104166666666668,0.0
2017-04-24,53.72541666666667,36.18208333333333,53.72541666666667,-17.543333333333337,0.0
2017-04-25,50.15083333333333,36.927083333333336,49.721666666666664,-13.223749999999995,-0.42916666666666714
2017-04-26,47.275416666666665,43.80625,47.275416666666665,-3.4691666666666663,0.0
2017-04-27,44.918749999999996,43.87916666666666,44.79458333333333,-1.0395833333333329,-0.12416666666666742
2017-04-28,48.01500000000001,41.637499999999996,47.165416666666665,-6.377500000000012,-0.8495833333333422
2017-04-29,45.84458333333333,32.875416666666666,45.84458333333333,-12.969166666666666,0.0
2017-04-30,16.90375,15.210416666666667,28.88875,-1.6933333333333316,11.985000000000003
2017-05-01,37.87833333333334,19.105833333333333,38.20583333333333,-18.772500000000004,0.32749999999999346
2017-05-02,51.73041666666666,42.031666666666666,51.73041666666666,-9.698749999999997,0.0
2017-05-03,49.24583333333334,46.08166666666667,49.24583333333334,-3.1641666666666666,0.0
2017-05-04,48.35708333333333,44.86333333333334,48.35708333333333,-3.4937499999999915,0.0
2017-05-05,43.26291666666666,39.54333333333333,43.26291666666666,-3.7195833333333326,0.0
2017-05-06,41.115,33.37833333333334,41.115,-7.736666666666665,0.0
2017-05-07,45.861250000000005,30.243333333333336,45.861250000000005,-15.61791666666667,0.0
2017-05-08,48.599583333333335,33.964999999999996,48.599583333333335,-14.634583333333339,0.0
2017-05-09,51.34458333333333,39.99916666666667,51.34458333333333,-11.345416666666665,0.0
2017-05-10,47.24375,40.07416666666666,47.23541666666667,-7.169583333333335,-0.008333333333325754
2017-05-11,40.9825,36.85958333333333,40.9825,-4.122916666666669,0.0
2017-05-12,43.106249999999996,37.27583333333333,43.106249999999996,-5.830416666666665,0.0
2017-05-13,42.56458333333333,32.44833333333333,42.56458333333333,-10.11625,0.0
2017-05-14,44.12833333333333,28.478333333333335,44.12833333333333,-15.649999999999995,0.0
2017-05-15,49.10874999999999,36.4325,49.10874999999999,-12.676249999999996,0.0
2017-05-16,51.99916666666667,34.53208333333333,51.99916666666667,-17.467083333333335,0.0
2017-05-17,47.873333333333335,33.23166666666667,47.873333333333335,-14.641666666666666,0.0
2017-05-18,43.57708333333333,34.03375,43.57708333333333,-9.54333333333333,0.0
2017-05-19,46.36625,34.527499999999996,46.36625,-11.838750000000005,0.0
2017-05-20,45.923750000000005,27.704583333333332,45.923750000000005,-18.219166666666673,0.0
2017-05-21,40.27041666666667,21.741249999999997,40.27041666666667,-18.529166666666672,0.0
2017-05-22,48.60583333333333,36.052083333333336,48.60583333333333,-12.553749999999994,0.0
2017-05-23,46.35375,33.670833333333334,46.35375,-12.682916666666664,0.0
2017-05-24,47.9175,32.56375,47.9175,-15.353749999999998,0.0
2017-05-25,53.065,28.44875,53.065,-24.616249999999997,0.0
2017-05-26,52.51499999999999,32.41833333333333,52.51499999999999,-20.096666666666664,0.0
2017-05-27,47.68375,28.238333333333333,47.68375,-19.44541666666667,0.0
2017-05-28,44.655833333333334,23.490416666666665,44.655833333333334,-21.16541666666667,0.0
2017-05-29,52.35874999999999,37.270833333333336,52.35874999999999,-15.087916666666658,0.0
2017-05-30,53.074999999999996,40.89833333333333,53.074999999999996,-12.176666666666662,0.0
2017-05-31,53.68541666666667,41.558749999999996,53.68541666666667,-12.126666666666672,0.0
2017-06-01,55.20458333333334,39.004583333333336,55.20458333333334,-16.200000000000003,0.0
2017-06-02,52.745416666666664,36.446666666666665,52.745416666666664,-16.29875,0.0
2017-06-03,48.469166666666666,31.227083333333336,48.467083333333335,-17.24208333333333,-0.0020833333333314386
2017-06-04,42.865,22.615,42.865,-20.250000000000004,0.0
2017-06-05,47.23499999999999,28.8425,47.23499999999999,-18.39249999999999,0.0
2017-06-06,47.262499999999996,22.028750000000002,47.23083333333333,-25.233749999999993,-0.03166666666666629
2017-06-07,49.54125,21.2125,49.49333333333333,-28.32875,-0.04791666666666572
2017-06-08,48.11833333333333,29.49,48.11833333333333,-18.628333333333334,0.0
2017-06-09,51.19583333333333,33.36833333333333,51.150416666666665,-17.8275,-0.04541666666666799
2017-06-10,49.36375,31.03,49.36375,-18.333750000000002,0.0
2017-06-11,44.26708333333334,23.219583333333333,44.26708333333334,-21.047500000000007,0.0
2017-06-12,48.892500000000005,32.88875,48.94166666666666,-16.003750000000004,0.04916666666665748
2017-06-13,50.525416666666665,36.224583333333335,50.525416666666665,-14.30083333333333,0.0
2017-06-14,53.786249999999995,37.90708333333333,53.786249999999995,-15.879166666666663,0.0
2017-06-15,53.709583333333335,34.79625,53.09166666666667,-18.913333333333334,-0.617916666666666
2017-06-16,51.024166666666666,29.8275,51.024166666666666,-21.196666666666665,0.0
2017-06-17,50.22333333333333,27.28625,50.22333333333333,-22.93708333333333,0.0
2017-06-18,50.36083333333334,28.27125,50.270833333333336,-22.08958333333334,-0.09000000000000341
2017-06-19,53.032916666666665,38.07625,53.47708333333333,-14.956666666666663,0.4441666666666677
2017-06-20,54.21083333333333,38.57125,54.21083333333333,-15.639583333333334,0.0
2017-06-21,56.84041666666667,46.22125,56.84041666666667,-10.619166666666672,0.0
2017-06-22,55.986250000000005,41.374583333333334,55.986250000000005,-14.611666666666672,0.0
2017-06-23,52.79750000000001,34.68541666666666,52.79750000000001,-18.112083333333345,0.0
2017-06-24,51.95875,26.07875,51.95875,-25.880000000000003,0.0
2017-06-25,47.85041666666667,20.389583333333334,48.50375,-27.460833333333333,0.6533333333333289
2017-06-26,54.63833333333333,41.47875,54.63833333333333,-13.15958333333333,0.0
2017-06-27,51.291666666666664,40.795833333333334,51.02583333333334,-10.49583333333333,-0.26583333333332604
2017-06-28,43.663333333333334,36.52041666666667,43.663333333333334,-7.142916666666665,0.0
2017-06-29,44.44125,38.26208333333333,44.44125,-6.179166666666667,0.0
2017-06-30,45.05708333333333,32.98875,45.05708333333333,-12.068333333333328,0.0
2017-07-01,44.60458333333333,31.292083333333334,44.60458333333333,-13.312499999999996,0.0
2017-07-02,42.669999999999995,27.28125,42.669999999999995,-15.388749999999995,0.0
2017-07-03,47.35833333333333,38.222500000000004,47.35833333333333,-9.135833333333323,0.0
2017-07-04,49.04458333333333,42.97625,49.04458333333333,-6.068333333333328,0.0
2017-07-05,48.65291666666667,43.66166666666667,48.65291666666667,-4.991250000000001,0.0
2017-07-06,52.25375,45.505833333333335,52.25375,-6.7479166666666615,0.0
2017-07-07,50.20249999999999,40.51583333333333,50.20249999999999,-9.68666666666666,0.0
2017-07-08,48.27458333333333,34.40208333333333,48.27458333333333,-13.872500000000002,0.0
2017-07-09,46.77541666666667,33.13166666666667,46.54750000000001,-13.643750000000004,-0.22791666666666544
2017-07-10,48.836666666666666,40.24208333333333,48.836666666666666,-8.594583333333333,0.0
2017-07-11,50.22541666666667,36.882083333333334,50.22541666666667,-13.343333333333334,0.0
2017-07-12,50.11958333333333,36.07666666666667,50.11958333333333,-14.042916666666663,0.0
2017-07-13,53.10958333333334,36.20666666666667,53.10958333333334,-16.90291666666667,0.0
2017-07-14,49.20666666666667,34.047916666666666,49.20666666666667,-15.158750000000005,0.0
2017-07-15,47.229166666666664,32.49666666666666,47.229166666666664,-14.732500000000002,0.0
2017-07-16,47.03583333333333,30.421666666666667,47.03333333333333,-16.614166666666662,-0.0024999999999977263
2017-07-17,49.242916666666666,38.12791666666667,49.30833333333334,-11.114999999999995,0.06541666666667112
2017-07-18,49.298750000000005,39.55708333333333,49.298750000000005,-9.741666666666674,0.0
2017-07-19,49.20416666666667,36.395,49.20416666666667,-12.80916666666667,0.0
2017-07-20,48.788333333333334,36.62291666666667,48.74583333333334,-12.165416666666665,-0.042499999999996874
2017-07-21,48.57375,36.80375,48.20416666666667,-11.769999999999996,-0.36958333333332405
2017-07-22,48.74041666666667,33.3225,48.51583333333334,-15.41791666666667,-0.22458333333332803
2017-07-23,46.744166666666665,27.25,46.744166666666665,-19.494166666666665,0.0
2017-07-24,47.67458333333334,39.19625,47.67458333333334,-8.478333333333339,0.0
2017-07-25,46.963750000000005,35.05958333333333,46.963750000000005,-11.904166666666676,0.0
2017-07-26,50.440416666666664,33.76083333333333,50.440416666666664,-16.679583333333333,0.0
2017-07-27,53.81875,33.48458333333333,53.685833333333335,-20.33416666666667,-0.13291666666666657
2017-07-28,50.73791666666667,33.08708333333333,50.73791666666667,-17.65083333333334,0.0
2017-07-29,49.055416666666666,21.508333333333336,49.055416666666666,-27.54708333333333,0.0
2017-07-30,44.76958333333334,14.002916666666666,44.76958333333334,-30.766666666666673,0.0
2017-07-31,48.009166666666665,32.38291666666667,48.009166666666665,-15.626249999999999,0.0
2017-08-01,50.52583333333333,34.8125,50.52583333333333,-15.713333333333331,0.0
2017-08-02,51.30833333333334,32.60333333333333,51.30833333333334,-18.705000000000005,0.0
2017-08-03,51.421666666666674,30.011666666666667,51.421666666666674,-21.410000000000007,0.0
2017-08-04,50.393750000000004,30.658749999999998,50.393750000000004,-19.735000000000007,0.0
2017-08-05,46.52916666666667,28.876666666666665,46.52916666666667,-17.652500000000003,0.0
2017-08-06,41.282916666666665,20.485,41.282916666666665,-20.797916666666666,0.0
2017-08-07,47.82125,33.606249999999996,47.61208333333334,-14.215000000000003,-0.20916666666666117
2017-08-08,46.57333333333333,31.814166666666665,46.41583333333333,-14.759166666666665,-0.15749999999999886
2017-08-09,45.70916666666667,30.542916666666667,45.584583333333335,-15.166250000000002,-0.12458333333333371
2017-08-10,44.07791666666666,35.50791666666667,44.07791666666666,-8.569999999999993,0.0
2017-08-11,43.05416666666667,35.183749999999996,43.05416666666667,-7.870416666666671,0.0
2017-08-12,43.223749999999995,22.86,43.223749999999995,-20.363749999999996,0.0
2017-08-13,41.904583333333335,20.359166666666667,41.904583333333335,-21.545416666666668,0.0
2017-08-14,44.24583333333334,33.306666666666665,44.15375,-10.939166666666672,-0.09208333333333485
2017-08-15,42.665,27.781666666666666,42.665,-14.883333333333333,0.0
2017-08-16,48.440416666666664,35.90625,48.37875,-12.534166666666664,-0.061666666666667425
2017-08-17,48.32791666666666,33.63291666666667,48.27291666666667,-14.694999999999993,-0.05499999999999261
2017-08-18,46.85666666666666,34.20041666666667,46.83541666666667,-12.656249999999993,-0.021249999999994884
2017-08-19,43.75125,17.754583333333333,43.75125,-25.996666666666666,0.0
2017-08-20,40.807916666666664,11.272916666666667,40.807916666666664,-29.534999999999997,0.0
2017-08-21,48.76083333333333,31.333333333333332,48.76083333333333,-17.4275,0.0
2017-08-22,50.80875,36.91708333333333,50.80875,-13.891666666666673,0.0
2017-08-23,50.19291666666667,37.10166666666667,50.19291666666667,-13.091250000000002,0.0
2017-08-24,49.385416666666664,37.92791666666667,49.385416666666664,-11.457499999999996,0.0
2017-08-25,51.14083333333334,38.16583333333333,51.14083333333334,-12.975000000000009,0.0
2017-08-26,49.72833333333333,35.30375,49.72833333333333,-14.42458333333333,0.0
2017-08-27,48.36833333333333,32.68666666666667,48.36833333333333,-15.681666666666665,0.0
2017-08-28,51.961666666666666,40.20875,51.961666666666666,-11.752916666666664,0.0
2017-08-29,53.278333333333336,43.25125,53.278333333333336,-10.027083333333337,0.0
2017-08-30,51.58541666666667,38.90875,51.58541666666667,-12.67666666666667,0.0
2017-08-31,47.06916666666667,39.482499999999995,47.06916666666667,-7.586666666666673,0.0
2017-09-01,46.805,38.87791666666667,46.805,-7.927083333333329,0.0
2017-09-02,42.748333333333335,34.03916666666667,42.748333333333335,-8.709166666666668,0.0
2017-09-03,46.937083333333334,31.125416666666666,46.887499999999996,-15.811666666666667,-0.049583333333337976
2017-09-04,49.252916666666664,36.9275,49.252916666666664,-12.325416666666662,0.0
2017-09-05,51.26499999999999,37.66375,51.26499999999999,-13.601249999999993,0.0
2017-09-06,47.861250000000005,36.28791666666667,47.861250000000005,-11.573333333333338,0.0
2017-09-07,48.115833333333335,34.70291666666667,48.115833333333335,-13.412916666666668,0.0
2017-09-08,50.63916666666666,32.06875,50.63916666666666,-18.57041666666666,0.0
2017-09-09,40.40708333333333,33.342083333333335,40.40708333333333,-7.064999999999998,0.0
2017-09-10,37.25125,23.835416666666664,37.66791666666666,-13.415833333333335,0.4166666666666643
2017-09-11,45.8675,26.279583333333335,45.85166666666667,-19.587916666666665,-0.015833333333333144
2017-09-12,49.76416666666666,33.47291666666667,49.76416666666666,-16.29124999999999,0.0
2017-09-13,50.12291666666667,25.982083333333332,50.12291666666667,-24.140833333333337,0.0
2017-09-14,47.680416666666666,29.522499999999997,47.680416666666666,-18.15791666666667,0.0
2017-09-15,46.3075,37.905833333333334,46.29833333333334,-8.401666666666664,-0.00916666666665833
2017-09-16,48.64041666666666,37.66291666666667,48.595416666666665,-10.977499999999992,-0.0449999999999946
2017-09-17,48.46458333333334,34.02583333333333,48.46458333333334,-14.438750000000006,0.0
2017-09-18,48.09916666666667,44.5525,48.09916666666667,-3.546666666666667,0.0
2017-09-19,52.02458333333333,41.52583333333333,52.02458333333333,-10.498750000000001,0.0
2017-09-20,53.86041666666667,41.72416666666667,53.86041666666667,-12.136250000000004,0.0
2017-09-21,52.11958333333334,39.25833333333333,52.11958333333334,-12.861250000000005,0.0
2017-09-22,50.43375,40.0725,50.43375,-10.361250000000005,0.0
2017-09-23,50.778333333333336,37.17125,50.778333333333336,-13.607083333333335,0.0
2017-09-24,49.155833333333334,36.00875,49.155833333333334,-13.147083333333335,0.0
2017-09-25,51.61625,44.26708333333334,51.61625,-7.349166666666662,0.0
2017-09-26,52.326249999999995,46.18625,52.326249999999995,-6.1399999999999935,0.0
2017-09-27,54.94958333333333,45.201249999999995,54.94958333333333,-9.748333333333335,0.0
2017-09-28,54.208333333333336,47.065416666666664,54.208333333333336,-7.142916666666672,0.0
2017-09-29,54.07583333333333,42.695,54.07583333333333,-11.380833333333328,0.0
2017-09-30,52.779583333333335,39.18666666666667,52.779583333333335,-13.592916666666667,0.0
2017-10-01,50.090833333333336,35.95666666666667,50.090833333333336,-14.134166666666665,0.0
2017-10-02,54.821666666666665,42.123333333333335,54.821666666666665,-12.69833333333333,0.0
2017-10-03,56.693333333333335,44.239583333333336,56.693333333333335,-12.45375,0.0
2017-10-04,57.51625000000001,51.94958333333333,57.51625000000001,-5.566666666666677,0.0
2017-10-05,57.84041666666667,49.65166666666667,57.84041666666667,-8.188749999999999,0.0
2017-10-06,51.66833333333333,47.150416666666665,53.236250000000005,-4.517916666666665,1.567916666666676
2017-10-07,53.26708333333334,46.19541666666667,53.26708333333334,-7.0716666666666725,0.0
2017-10-08,53.97625,41.969166666666666,53.97625,-12.007083333333334,0.0
2017-10-09,60.651250000000005,53.42416666666667,60.651250000000005,-7.227083333333333,0.0
2017-10-10,64.58,58.309583333333336,64.58,-6.270416666666662,0.0
2017-10-11,63.774166666666666,55.95666666666667,63.774166666666666,-7.8174999999999955,0.0
2017-10-12,60.01333333333333,53.03541666666666,60.01333333333333,-6.977916666666665,0.0
2017-10-13,61.87125,50.1975,61.87125,-11.673750000000005,0.0
2017-10-14,60.1675,43.75208333333333,60.1675,-16.415416666666665,0.0
2017-10-15,50.4975,36.50291666666667,50.4975,-13.994583333333331,0.0
2017-10-16,54.172083333333326,46.11208333333334,56.33375,-8.059999999999988,2.161666666666676
2017-10-17,58.41458333333333,56.04125,58.41458333333333,-2.373333333333335,0.0
2017-10-18,58.61708333333333,56.62416666666667,58.61708333333333,-1.992916666666666,0.0
2017-10-19,61.36875,57.04291666666666,61.36875,-4.325833333333335,0.0
2017-10-20,55.50083333333333,52.25791666666667,55.50083333333333,-3.242916666666666,0.0
2017-10-21,53.30041666666667,39.739583333333336,53.30041666666667,-13.560833333333335,0.0
2017-10-22,53.28375,39.7825,53.28375,-13.501249999999999,0.0
2017-10-23,61.74541666666667,56.46333333333334,61.74541666666667,-5.282083333333333,0.0
2017-10-24,61.3975,57.7525,61.3975,-3.645000000000003,0.0
2017-10-25,62.59041666666667,60.16916666666666,62.59041666666667,-2.4212500000000077,0.0
2017-10-26,60.04416666666666,56.874583333333334,60.04416666666666,-3.1695833333333283,0.0
2017-10-27,57.71208333333333,55.25125,57.71208333333333,-2.4608333333333334,0.0
2017-10-28,50.26,46.80416666666667,50.28875,-3.455833333333331,0.028750000000002274
2017-10-29,46.791199999999996,40.2552,47.6696,-6.535999999999994,0.8784000000000063
2017-10-30,50.879999999999995,51.88666666666666,52.345416666666665,1.0066666666666677,1.4654166666666697
2017-10-31,56.865833333333335,56.91708333333333,56.865833333333335,0.05124999999999602,0.0
2017-11-01,48.79708333333334,45.99375,48.89541666666667,-2.8033333333333417,0.09833333333332916
2017-11-02,56.26708333333334,55.565416666666664,56.32916666666667,-0.7016666666666751,0.06208333333333371
2017-11-03,58.66625,57.17583333333334,58.66625,-1.4904166666666612,0.0
2017-11-04,53.912083333333335,41.97291666666667,53.912083333333335,-11.939166666666665,0.0
2017-11-05,40.212916666666665,39.12291666666667,42.612500000000004,-1.0899999999999963,2.3995833333333394
2017-11-06,54.64625,60.63458333333333,54.87916666666666,5.98833333333333,0.2329166666666609
2017-11-07,57.998333333333335,65.40125,58.088750000000005,7.40291666666667,0.0904166666666697
2017-11-08,57.45333333333334,81.61583333333333,57.45333333333334,24.162499999999987,0.0
2017-11-09,57.42666666666667,89.94166666666666,57.42666666666667,32.51499999999999,0.0
2017-11-10,58.33541666666667,81.3025,58.33541666666667,22.967083333333328,0.0
2017-11-11,56.10874999999999,56.22958333333333,56.1175,0.12083333333333712,0.008750000000006253
2017-11-12,51.73041666666666,46.968333333333334,51.73041666666666,-4.7620833333333294,0.0
2017-11-13,52.03041666666667,59.07541666666666,53.02875,7.044999999999995,0.9983333333333348
2017-11-14,57.87166666666667,82.1375,57.87166666666667,24.265833333333333,0.0
2017-11-15,64.59583333333333,78.38625,64.59583333333333,13.790416666666673,0.0
2017-11-16,67.06875000000001,81.29916666666666,67.06875000000001,14.230416666666656,0.0
2017-11-17,67.10166666666667,73.54708333333333,67.10166666666667,6.4454166666666595,0.0
2017-11-18,59.93875,59.5075,60.0525,-0.4312499999999986,0.11375000000000313
2017-11-19,59.73541666666667,59.247083333333336,60.93,-0.48833333333333684,1.194583333333327
2017-11-20,67.595,67.66166666666668,67.595,0.06666666666667709,0.0
2017-11-21,64.74833333333333,61.08291666666667,64.79791666666667,-3.6654166666666654,0.04958333333333087
2017-11-22,59.16625,59.4325,59.16625,0.26624999999999943,0.0
2017-11-23,57.33416666666667,54.154583333333335,57.33416666666667,-3.1795833333333334,0.0
2017-11-24,61.182500000000005,57.211666666666666,61.182500000000005,-3.9708333333333385,0.0
2017-11-25,55.595416666666665,53.421666666666674,55.595416666666665,-2.173749999999991,0.0
2017-11-26,56.07,52.98916666666667,56.07,-3.080833333333331,0.0
2017-11-27,66.31708333333333,63.35666666666666,66.31708333333333,-2.960416666666667,0.0
2017-11-28,69.57000000000001,65.52541666666666,69.57000000000001,-4.04458333333335,0.0
2017-11-29,68.62583333333333,77.49958333333333,68.62583333333333,8.873750000000001,0.0
2017-11-30,69.55916666666667,75.37,69.55916666666667,5.810833333333335,0.0
2017-12-01,66.32958333333333,73.75125,66.32958333333333,7.421666666666667,0.0
2017-12-02,61.59833333333333,64.18583333333333,61.78875,2.5875000000000057,0.19041666666667112
2017-12-03,61.0875,60.927083333333336,61.60666666666666,-0.16041666666666288,0.5191666666666634
2017-12-04,72.37166666666667,81.90333333333334,72.37166666666667,9.531666666666666,0.0
2017-12-05,76.54333333333334,91.90375,76.54333333333334,15.360416666666666,0.0
2017-12-06,75.69958333333334,86.89791666666667,77.5,11.198333333333338,1.8004166666666634
2017-12-07,71.0725,68.34,72.27,-2.7325000000000017,1.197499999999991
2017-12-08,66.2025,63.71125,67.515,-2.491250000000001,1.3125
2017-12-09,68.42541666666666,68.42541666666666,68.42541666666666,0.0,0.0
2017-12-10,48.85874999999999,49.30708333333333,50.49125,0.4483333333333377,1.6325000000000074
2017-12-11,50.17333333333334,56.38791666666666,55.33041666666667,6.214583333333323,5.157083333333333
2017-12-12,69.00583333333333,77.86333333333333,69.00583333333333,8.857500000000002,0.0
2017-12-13,69.53458333333333,70.89,69.605,1.3554166666666703,0.07041666666667368
2017-12-14,61.22416666666667,58.291666666666664,62.335,-2.9325000000000045,1.110833333333332
2017-12-15,58.85833333333333,58.13833333333333,61.750416666666666,-0.7199999999999989,2.892083333333339
2017-12-16,57.57708333333333,55.751666666666665,58.66958333333333,-1.825416666666662,1.0925000000000011
2017-12-17,55.661249999999995,52.93125,60.48875,-2.729999999999997,4.827500000000008
2017-12-18,64.86083333333333,61.245,65.98416666666667,-3.6158333333333346,1.1233333333333348
2017-12-19,63.32416666666666,64.38583333333334,64.17541666666666,1.0616666666666745,0.8512500000000003
2017-12-20,66.43291666666666,66.50125,67.04833333333333,0.06833333333334224,0.6154166666666754
2017-12-21,65.58166666666666,64.15333333333334,65.6275,-1.4283333333333275,0.04583333333333428
2017-12-22,60.03041666666667,55.340833333333336,62.8375,-4.689583333333331,2.807083333333331
2017-12-23,54.89625,46.27291666666667,55.237500000000004,-8.623333333333335,0.3412500000000023
2017-12-24,52.18208333333334,44.97708333333333,52.64083333333334,-7.205000000000005,0.458750000000002
2017-12-25,47.18375,28.015833333333333,48.3725,-19.16791666666667,1.1887499999999989
2017-12-26,45.41458333333333,29.80666666666667,47.461666666666666,-15.607916666666664,2.047083333333333
2017-12-27,40.691250000000004,38.24583333333333,43.75875,-2.4454166666666737,3.0674999999999955
2017-12-28,47.07,46.7525,47.43125,-0.31750000000000256,0.3612499999999983
2017-12-29,46.819583333333334,42.84041666666667,46.819583333333334,-3.9791666666666643,0.0
2017-12-30,35.291666666666664,20.859583333333333,41.10791666666667,-14.432083333333331,5.816250000000004
2017-12-31,16.151666666666667,10.935,23.634583333333335,-5.216666666666667,7.482916666666668
2018-01-01,7.639166666666667,2.6616666666666666,25.66,-4.977500000000001,18.020833333333332
2018-01-02,37.690000000000005,32.250416666666666,40.89625,-5.4395833333333385,3.206249999999997
2018-01-03,37.947916666666664,16.522083333333335,45.745,-21.42583333333333,7.797083333333333
2018-01-04,36.55166666666667,30.69875,45.370416666666664,-5.852916666666669,8.818749999999994
2018-01-05,42.20458333333333,34.010416666666664,44.784166666666664,-8.194166666666668,2.579583333333332
2018-01-06,45.844166666666666,36.20875,45.9075,-9.635416666666664,0.06333333333333258
2018-01-07,44.75083333333333,22.41125,47.06166666666667,-22.339583333333334,2.310833333333335
2018-01-08,65.1125,36.81458333333333,64.77291666666666,-28.297916666666666,-0.3395833333333371
2018-01-09,58.58541666666667,47.044999999999995,58.875,-11.540416666666673,0.28958333333333286
2018-01-10,53.919999999999995,41.187083333333334,53.919999999999995,-12.73291666666666,0.0
2018-01-11,51.11291666666667,48.06,51.18625,-3.0529166666666683,0.07333333333333059
2018-01-12,60.04125,44.405833333333334,60.04125,-15.635416666666664,0.0
2018-01-13,55.319583333333334,39.44625,55.319583333333334,-15.873333333333335,0.0
2018-01-14,53.17166666666666,36.4425,53.17166666666666,-16.729166666666657,0.0
2018-01-15,57.992916666666666,40.78958333333333,57.992916666666666,-17.203333333333333,0.0
2018-01-16,51.682500000000005,33.54083333333333,52.16458333333333,-18.141666666666673,0.4820833333333283
2018-01-17,52.56,37.0575,52.56,-15.502500000000005,0.0
2018-01-18,57.596666666666664,35.06875,57.596666666666664,-22.527916666666663,0.0
2018-01-19,55.11041666666667,40.689166666666665,55.11041666666667,-14.421250000000008,0.0
2018-01-20,47.5925,36.845,51.34458333333333,-10.747500000000002,3.7520833333333314
2018-01-21,43.1575,34.305,46.907916666666665,-8.8525,3.7504166666666663
2018-01-22,53.73791666666667,37.433749999999996,53.73791666666667,-16.304166666666674,0.0
2018-01-23,57.961666666666666,38.3675,57.961666666666666,-19.594166666666666,0.0
2018-01-24,56.53541666666666,29.7825,56.53541666666666,-26.752916666666664,0.0
2018-01-25,53.40541666666667,34.37583333333333,53.40541666666667,-19.029583333333335,0.0
2018-01-26,48.861250000000005,45.14125000000001,49.37916666666666,-3.719999999999999,0.5179166666666575
2018-01-27,48.58375,36.78875,48.58375,-11.795000000000002,0.0
2018-01-28,48.932916666666664,24.91416666666667,48.932916666666664,-24.018749999999994,0.0
2018-01-29,54.70458333333334,36.82666666666667,54.70458333333334,-17.87791666666667,0.0
2018-01-30,53.98083333333333,40.36375,53.98083333333333,-13.617083333333326,0.0
2018-01-31,57.07333333333333,33.149166666666666,57.07333333333333,-23.924166666666665,0.0
2018-02-01,54.33291666666667,39.425000000000004,54.33291666666667,-14.907916666666665,0.0
2018-02-02,50.787083333333335,40.90416666666667,50.787083333333335,-9.882916666666667,0.0
2018-02-03,49.24375,41.10958333333333,49.24375,-8.134166666666665,0.0
2018-02-04,52.6975,38.64458333333334,52.6975,-14.052916666666661,0.0
2018-02-05,55.45041666666666,45.284166666666664,55.45041666666666,-10.166249999999998,0.0
2018-02-06,53.791666666666664,50.5625,53.791666666666664,-3.2291666666666643,0.0
2018-02-07,56.19875,50.70291666666666,56.39208333333334,-5.495833333333337,0.19333333333334224
2018-02-08,62.87875,54.55875,62.87875,-8.319999999999993,0.0
2018-02-09,60.92249999999999,47.19583333333333,61.12416666666667,-13.72666666666666,0.2016666666666751
2018-02-10,51.21958333333333,42.02333333333333,51.42125000000001,-9.19625,0.2016666666666751
2018-02-11,49.16791666666666,33.724583333333335,49.16791666666666,-15.443333333333328,0.0
2018-02-12,55.55416666666667,48.88333333333333,55.57916666666667,-6.670833333333334,0.025000000000005684
2018-02-13,51.74666666666667,42.92875,51.71208333333333,-8.817916666666669,-0.03458333333333741
2018-02-14,48.40875,44.65375,48.55791666666667,-3.7549999999999955,0.1491666666666731
2018-02-15,54.85541666666666,42.59458333333333,55.365833333333335,-12.26083333333333,0.5104166666666714
2018-02-16,59.95083333333333,43.147083333333335,59.995416666666664,-16.803749999999994,0.04458333333333542
2018-02-17,50.93083333333333,41.178333333333335,50.93083333333333,-9.752499999999998,0.0
2018-02-18,51.02708333333334,39.654583333333335,51.02708333333334,-11.372500000000002,0.0
2018-02-19,56.59125,50.98583333333334,56.59125,-5.605416666666663,0.0
2018-02-20,52.2875,49.712916666666665,52.47125,-2.5745833333333366,0.1837499999999963
2018-02-21,49.75375,48.855,50.467083333333335,-0.8987499999999997,0.7133333333333383
2018-02-22,53.42458333333334,51.967083333333335,54.065,-1.4575000000000031,0.6404166666666598
2018-02-23,57.64791666666667,52.11666666666667,57.625,-5.53125,-0.02291666666666714
2018-02-24,59.42791666666667,53.453333333333326,59.42791666666667,-5.974583333333342,0.0
2018-02-25,57.96375,44.69291666666667,57.96375,-13.270833333333329,0.0
2018-02-26,58.790416666666665,60.937916666666666,58.79666666666666,2.147500000000001,0.006249999999994316
2018-02-27,64.09625,83.75541666666666,64.09625,19.659166666666664,0.0
2018-02-28,57.553333333333335,80.06875000000001,57.553333333333335,22.515416666666674,0.0
2018-03-01,51.59583333333333,84.28291666666667,51.59583333333333,32.687083333333334,0.0
2018-03-02,50.60791666666666,84.05416666666666,51.17250000000001,33.44625,0.5645833333333456
2018-03-03,44.530833333333334,47.062916666666666,44.530833333333334,2.5320833333333326,0.0
2018-03-04,44.507083333333334,43.61000000000001,44.535833333333336,-0.8970833333333275,0.028750000000002274
2018-03-05,50.99125,54.92083333333333,47.85125,3.9295833333333263,-3.1400000000000006
2018-03-06,49.92666666666667,50.42041666666666,48.76666666666667,0.4937499999999915,-1.1599999999999966
2018-03-07,51.34625,48.78583333333333,50.555416666666666,-2.5604166666666686,-0.7908333333333317
2018-03-08,47.99541666666667,45.42958333333333,47.99541666666667,-2.5658333333333374,0.0
2018-03-09,43.13458333333333,42.85833333333333,43.13458333333333,-0.27625000000000455,0.0
2018-03-10,31.96166666666667,34.18333333333333,31.96166666666667,2.2216666666666605,0.0
2018-03-11,7.640416666666667,27.010833333333334,7.640416666666667,19.370416666666667,0.0
2018-03-12,38.6075,38.547916666666666,38.044583333333335,-0.059583333333335986,-0.5629166666666663
2018-03-13,48.500416666666666,47.25125,46.81125,-1.2491666666666674,-1.6891666666666652
2018-03-14,37.96,47.50833333333333,35.83583333333333,9.548333333333332,-2.1241666666666674
2018-03-15,33.5175,36.31375,32.9125,2.7962500000000006,-0.6049999999999969
2018-03-16,45.39208333333334,46.64333333333334,44.87375,1.2512499999999989,-0.518333333333338
2018-03-17,45.61083333333334,51.79333333333333,45.61083333333334,6.18249999999999,0.0
2018-03-18,39.3825,41.085,39.3825,1.7025000000000006,0.0
2018-03-19,45.559583333333336,54.24791666666667,43.481249999999996,8.688333333333333,-2.0783333333333402
2018-03-20,38.764583333333334,48.83083333333334,38.764583333333334,10.066250000000004,0.0
2018-03-21,45.49333333333333,55.01583333333334,45.49333333333333,9.522500000000008,0.0
2018-03-22,54.095416666666665,61.368750000000006,53.293749999999996,7.2733333333333405,-0.8016666666666694
2018-03-23,46.52583333333333,53.895,46.51916666666667,7.369166666666672,-0.006666666666660603
2018-03-24,22.912499999999998,45.63958333333333,22.912499999999998,22.72708333333333,0.0
2018-03-25,43.11913043478261,43.162608695652175,43.54217391304348,0.043478260869562746,0.4230434782608654
2018-03-26,50.19875,53.09125,49.13583333333333,2.8925000000000054,-1.0629166666666663
2018-03-27,46.77791666666667,46.30041666666667,46.28916666666667,-0.47749999999999915,-0.4887500000000031
2018-03-28,44.2225,43.37708333333333,44.87916666666666,-0.8454166666666652,0.6566666666666663
2018-03-29,27.73125,44.87416666666667,27.73125,17.142916666666668,0.0
2018-03-30,4.49625,39.90875,4.49625,35.412499999999994,0.0
2018-03-31,12.596666666666666,34.46041666666667,12.596666666666666,21.863750000000003,0.0
2018-04-01,25.9425,27.798333333333332,26.182083333333335,1.855833333333333,0.2395833333333357
2018-04-02,28.392083333333332,29.159166666666664,28.392083333333332,0.767083333333332,0.0
2018-04-03,31.077916666666667,36.87083333333333,31.077916666666667,5.792916666666663,0.0
2018-04-04,31.0325,36.288333333333334,31.0325,5.255833333333335,0.0
2018-04-05,48.13125,41.22625,48.13125,-6.905000000000001,0.0
2018-04-06,37.8025,36.486666666666665,37.8025,-1.3158333333333374,0.0
2018-04-07,41.40625,26.313333333333333,41.40625,-15.092916666666667,0.0
2018-04-08,33.75625,24.315833333333334,33.36708333333333,-9.440416666666668,-0.389166666666668
2018-04-09,49.61083333333334,44.912083333333335,49.46333333333333,-4.698750000000004,-0.14750000000000796
2018-04-10,46.312916666666666,41.78541666666667,44.747083333333336,-4.527499999999996,-1.5658333333333303
2018-04-11,40.63666666666666,39.503750000000004,40.63666666666666,-1.1329166666666595,0.0
2018-04-12,47.92583333333334,44.08291666666667,45.24125,-3.8429166666666674,-2.684583333333336
2018-04-13,58.96666666666667,44.9775,57.98708333333334,-13.98916666666667,-0.9795833333333306
2018-04-14,50.1,36.90291666666666,49.89833333333333,-13.197083333333339,-0.201666666666668
2018-04-15,37.9,26.24625,38.24666666666666,-11.653749999999999,0.346666666666664
2018-04-16,48.11083333333334,46.62583333333333,47.977916666666665,-1.4850000000000065,-0.13291666666667368
2018-04-17,51.74791666666667,43.803333333333335,51.6175,-7.944583333333334,-0.13041666666666885
2018-04-18,51.43875,40.99916666666667,51.2575,-10.439583333333331,-0.18124999999999858
2018-04-19,46.345416666666665,40.185,46.345416666666665,-6.160416666666663,0.0
2018-04-20,40.29,38.996249999999996,40.160833333333336,-1.2937500000000028,-0.12916666666666288
2018-04-21,38.371249999999996,25.095416666666665,38.3725,-13.275833333333331,0.0012500000000059686
2018-04-22,41.04,15.98625,41.98083333333333,-25.05375,0.9408333333333303
2018-04-23,50.22875,34.1325,50.22875,-16.096249999999998,0.0
2018-04-24,48.35125,35.62,48.35125,-12.731250000000003,0.0
2018-04-25,45.94208333333333,28.48375,45.94208333333333,-17.45833333333333,0.0
2018-04-26,46.331250000000004,31.493333333333336,47.060833333333335,-14.837916666666668,0.7295833333333306
2018-04-27,49.72458333333333,36.66166666666667,49.72458333333333,-13.06291666666666,0.0
2018-04-28,43.85125,21.97083333333333,43.85125,-21.88041666666667,0.0
2018-04-29,27.210416666666664,13.849166666666667,28.100416666666664,-13.361249999999997,0.8900000000000006
2018-04-30,42.169999999999995,17.209166666666665,45.315416666666664,-24.96083333333333,3.1454166666666694
2018-05-01,39.67,11.802083333333334,40.11708333333333,-27.867916666666666,0.4470833333333317
2018-05-02,45.24166666666667,40.31666666666667,45.54208333333333,-4.924999999999997,0.30041666666666345
2018-05-03,42.87291666666667,39.96,43.9125,-2.9129166666666677,1.0395833333333329
2018-05-04,42.155,36.42125,42.155,-5.733750000000001,0.0
2018-05-05,45.35791666666666,27.947083333333335,45.35791666666666,-17.410833333333326,0.0
2018-05-06,47.60166666666667,21.133333333333333,47.60166666666667,-26.468333333333334,0.0
2018-05-07,56.434583333333336,39.910000000000004,56.434583333333336,-16.524583333333332,0.0
2018-05-08,56.74583333333334,30.299166666666665,56.7425,-26.446666666666673,-0.003333333333337407
2018-05-09,55.719166666666666,38.24041666666667,55.719166666666666,-17.478749999999998,0.0
2018-05-10,52.74375,24.366249999999997,52.74375,-28.3775,0.0
2018-05-11,58.701249999999995,41.88125,58.701249999999995,-16.819999999999993,0.0
2018-05-12,44.050000000000004,31.335416666666664,45.12041666666667,-12.71458333333334,1.0704166666666666
2018-05-13,34.227916666666665,17.16541666666667,36.49333333333333,-17.062499999999996,2.265416666666667
2018-05-14,52.37958333333333,33.30125,52.37958333333333,-19.078333333333326,0.0
2018-05-15,49.85458333333333,43.04916666666667,49.85458333333333,-6.805416666666659,0.0
2018-05-16,51.48499999999999,37.233333333333334,51.49333333333333,-14.251666666666658,0.008333333333339965
2018-05-17,54.00666666666667,34.26291666666666,54.00666666666667,-19.743750000000006,0.0
2018-05-18,57.23541666666667,38.776666666666664,57.23541666666667,-18.45875000000001,0.0
2018-05-19,60.39291666666667,22.633750000000003,60.39291666666667,-37.75916666666667,0.0
2018-05-20,59.1625,13.35875,59.1625,-45.80375,0.0
2018-05-21,62.684583333333336,11.815,62.684583333333336,-50.86958333333334,0.0
2018-05-22,63.443333333333335,46.365833333333335,63.443333333333335,-17.0775,0.0
2018-05-23,64.90791666666667,44.00958333333333,64.90791666666667,-20.898333333333333,0.0
2018-05-24,64.17333333333333,42.11541666666667,64.17333333333333,-22.057916666666664,0.0
2018-05-25,64.73916666666666,42.77791666666667,64.73916666666666,-21.961249999999993,0.0
2018-05-26,61.11416666666667,33.69,61.11416666666667,-27.42416666666667,0.0
2018-05-27,60.10375,33.76166666666666,60.10375,-26.342083333333335,0.0
2018-05-28,62.03333333333333,48.22083333333333,62.03333333333333,-13.8125,0.0
2018-05-29,65.46166666666666,46.967083333333335,65.46166666666666,-18.494583333333324,0.0
2018-05-30,65.10875,47.947916666666664,65.10875,-17.160833333333336,0.0
2018-05-31,62.57416666666666,45.95458333333334,62.57416666666666,-16.619583333333324,0.0
2018-06-01,63.298750000000005,46.78,63.298750000000005,-16.518750000000004,0.0
2018-06-02,60.71666666666667,28.686666666666667,60.71666666666667,-32.03,0.0
2018-06-03,54.74333333333333,22.56041666666667,54.861250000000005,-32.182916666666664,0.11791666666667311
2018-06-04,57.92291666666667,45.739583333333336,57.92291666666667,-12.183333333333337,0.0
2018-06-05,58.779583333333335,52.07958333333334,58.779583333333335,-6.699999999999996,0.0
2018-06-06,62.512499999999996,51.28583333333333,62.423750000000005,-11.226666666666667,-0.08874999999999034
2018-06-07,62.62833333333333,51.830000000000005,62.62833333333333,-10.798333333333325,0.0
2018-06-08,62.07666666666666,49.67583333333334,62.07666666666666,-12.400833333333324,0.0
2018-06-09,58.7575,39.75541666666667,58.7575,-19.00208333333333,0.0
2018-06-10,55.90625,35.56791666666667,55.90625,-20.33833333333333,0.0
2018-06-11,58.99583333333334,47.63291666666667,58.99583333333334,-11.36291666666667,0.0
2018-06-12,54.904583333333335,48.1875,54.904583333333335,-6.717083333333335,0.0
2018-06-13,52.85541666666666,48.22083333333333,52.85541666666666,-4.634583333333332,0.0
2018-06-14,57.83958333333334,45.93375,57.83958333333334,-11.905833333333334,0.0
2018-06-15,57.73541666666667,50.56625,57.73541666666667,-7.169166666666676,0.0
2018-06-16,52.83291666666667,38.82875,52.83291666666667,-14.00416666666667,0.0
2018-06-17,44.855,24.420833333333334,45.510416666666664,-20.434166666666663,0.6554166666666674
2018-06-18,54.666666666666664,45.57791666666666,54.666666666666664,-9.088750000000005,0.0
2018-06-19,54.58041666666667,49.13458333333333,54.58041666666667,-5.44583333333334,0.0
2018-06-20,61.4975,47.23333333333333,61.4975,-14.264166666666675,0.0
2018-06-21,60.862500000000004,36.73708333333334,60.862500000000004,-24.125416666666666,0.0
2018-06-22,59.74875,25.995833333333334,59.72875,-33.752916666666664,-0.020000000000003126
2018-06-23,56.73500000000001,27.73,56.73500000000001,-29.005000000000006,0.0
2018-06-24,59.27166666666667,30.28458333333333,59.27166666666667,-28.987083333333338,0.0
2018-06-25,61.5075,45.977916666666665,61.5075,-15.529583333333335,0.0
2018-06-26,62.675000000000004,48.745000000000005,62.675000000000004,-13.93,0.0
2018-06-27,62.56125,49.596666666666664,62.56125,-12.964583333333337,0.0
2018-06-28,61.770833333333336,45.04791666666667,61.770833333333336,-16.722916666666663,0.0
2018-06-29,61.77875,46.19375,61.77875,-15.585,0.0
2018-06-30,58.77375,43.51624999999999,58.77375,-15.257500000000007,0.0
2018-07-01,56.26083333333333,30.586250000000003,56.26083333333333,-25.674583333333327,0.0
2018-07-02,60.617916666666666,52.26958333333334,59.814166666666665,-8.34833333333333,-0.8037500000000009
2018-07-03,61.20666666666667,56.89625,61.15958333333333,-4.310416666666669,-0.04708333333334025
2018-07-04,60.995,57.28916666666667,60.855,-3.705833333333331,-0.14000000000000057
2018-07-05,59.15041666666667,55.96458333333334,59.149166666666666,-3.185833333333335,-0.0012500000000059686
2018-07-06,60.49125,51.85916666666666,60.49125,-8.632083333333341,0.0
2018-07-07,60.68666666666667,43.875416666666666,60.68666666666667,-16.81125,0.0
2018-07-08,57.56666666666666,36.391666666666666,57.56666666666666,-21.174999999999997,0.0
2018-07-09,61.06708333333333,52.385416666666664,61.06708333333333,-8.681666666666665,0.0
2018-07-10,60.68875,52.95041666666666,60.68875,-7.738333333333337,0.0
2018-07-11,60.77708333333334,52.57208333333333,60.77708333333334,-8.205000000000005,0.0
2018-07-12,63.87375,53.306666666666665,63.817083333333336,-10.567083333333336,-0.05666666666666487
2018-07-13,63.24041666666667,51.44625,63.24041666666667,-11.79416666666667,0.0
2018-07-14,62.20458333333334,48.98500000000001,62.20458333333334,-13.219583333333333,0.0
2018-07-15,59.365833333333335,46.362500000000004,59.365833333333335,-13.00333333333333,0.0
2018-07-16,60.315416666666664,53.70249999999999,60.245000000000005,-6.6129166666666706,-0.07041666666665947
2018-07-17,63.074999999999996,52.137499999999996,63.074999999999996,-10.9375,0.0
2018-07-18,63.20041666666666,50.6625,63.20041666666666,-12.53791666666666,0.0
2018-07-19,64.32708333333333,51.697916666666664,64.32708333333333,-12.62916666666667,0.0
2018-07-20,61.80125,53.54291666666666,61.80125,-8.25833333333334,0.0
2018-07-21,61.60666666666666,50.369166666666665,61.60666666666666,-11.237499999999997,0.0
2018-07-22,59.66708333333333,46.82083333333333,59.66708333333333,-12.846249999999998,0.0
2018-07-23,63.099583333333335,55.06333333333333,63.099583333333335,-8.036250000000003,0.0
2018-07-24,64.86791666666666,57.23458333333334,64.86791666666666,-7.633333333333319,0.0
2018-07-25,64.75666666666667,59.23791666666667,64.75666666666667,-5.518750000000004,0.0
2018-07-26,66.01833333333333,60.03541666666666,65.94708333333334,-5.982916666666668,-0.07124999999999204
2018-07-27,64.56541666666666,56.22625,64.56541666666666,-8.339166666666664,0.0
2018-07-28,63.596666666666664,47.35458333333333,63.596666666666664,-16.242083333333333,0.0
2018-07-29,59.482499999999995,44.87083333333334,59.482499999999995,-14.611666666666657,0.0
2018-07-30,64.36958333333332,55.1875,64.34958333333333,-9.182083333333324,-0.01999999999999602
2018-07-31,65.41166666666666,56.32874999999999,65.41166666666666,-9.08291666666667,0.0
2018-08-01,62.663333333333334,56.302083333333336,62.663333333333334,-6.361249999999998,0.0
2018-08-02,64.11458333333333,59.51333333333333,64.11458333333333,-4.60125,0.0
2018-08-03,67.88708333333334,63.70916666666667,67.88708333333334,-4.177916666666668,0.0
2018-08-04,65.42208333333333,51.34625,65.42208333333333,-14.075833333333335,0.0
2018-08-05,63.9925,50.95583333333334,63.9925,-13.036666666666662,0.0
2018-08-06,68.50583333333333,62.219166666666666,68.02208333333333,-6.286666666666662,-0.48375000000000057
2018-08-07,64.15666666666667,63.36208333333334,63.882083333333334,-0.7945833333333283,-0.2745833333333323
2018-08-08,64.90625,56.49875,64.90625,-8.407499999999999,0.0
2018-08-09,62.274166666666666,54.71,62.274166666666666,-7.564166666666665,0.0
2018-08-10,62.15375,46.475,62.15375,-15.67875,0.0
2018-08-11,63.471666666666664,48.034166666666664,63.471666666666664,-15.4375,0.0
2018-08-12,61.326249999999995,43.15,61.326249999999995,-18.176249999999996,0.0
2018-08-13,63.48875,55.99125,63.48875,-7.497500000000002,0.0
2018-08-14,61.48208333333333,55.211666666666666,61.48208333333333,-6.270416666666662,0.0
2018-08-15,59.37958333333333,52.87375,59.37958333333333,-6.505833333333328,0.0
2018-08-16,64.13250000000001,56.232499999999995,64.13250000000001,-7.900000000000013,0.0
2018-08-17,60.77125,57.93291666666667,60.77125,-2.838333333333331,0.0
2018-08-18,57.215,54.879999999999995,57.215,-2.335000000000008,0.0
2018-08-19,56.632083333333334,49.90083333333333,56.632083333333334,-6.731250000000003,0.0
2018-08-20,62.944583333333334,60.548750000000005,62.944583333333334,-2.3958333333333286,0.0
2018-08-21,66.14166666666667,67.35833333333333,66.14166666666667,1.2166666666666686,0.0
2018-08-22,68.52375,68.01916666666666,68.52375,-0.5045833333333434,0.0
2018-08-23,67.68916666666667,67.325,67.68916666666667,-0.3641666666666623,0.0
2018-08-24,64.61041666666667,62.154583333333335,64.61041666666667,-2.455833333333331,0.0
2018-08-25,62.189166666666665,59.23916666666667,62.189166666666665,-2.9499999999999957,0.0
2018-08-26,64.67291666666667,54.76333333333333,64.67291666666667,-9.909583333333337,0.0
2018-08-27,66.56458333333333,60.15208333333334,66.56458333333333,-6.412499999999994,0.0
2018-08-28,67.66958333333334,68.24,67.59458333333333,0.5704166666666595,-0.07500000000000284
2018-08-29,70.98666666666666,68.3025,70.83,-2.6841666666666697,-0.1566666666666663
2018-08-30,69.6575,68.19458333333334,69.53166666666667,-1.4629166666666578,-0.12583333333333258
2018-08-31,68.53,66.88333333333334,68.53,-1.6466666666666612,0.0
2018-09-01,64.13250000000001,61.63916666666666,64.13250000000001,-2.4933333333333465,0.0
2018-09-02,64.08416666666666,54.388749999999995,64.08416666666666,-9.695416666666667,0.0
2018-09-03,70.44375000000001,65.22625000000001,70.44375000000001,-5.217500000000001,0.0
2018-09-04,71.30624999999999,66.94041666666666,71.30624999999999,-4.3658333333333275,0.0
2018-09-05,74.5825,69.40583333333333,74.5825,-5.176666666666662,0.0
2018-09-06,71.04166666666667,66.95625,71.04166666666667,-4.085416666666674,0.0
2018-09-07,68.05166666666666,65.10083333333334,68.05166666666666,-2.950833333333321,0.0
2018-09-08,69.19250000000001,58.838750000000005,69.19250000000001,-10.353750000000005,0.0
2018-09-09,70.86958333333334,50.708333333333336,70.86958333333334,-20.161250000000003,0.0
2018-09-10,72.44041666666666,65.74416666666667,72.44041666666666,-6.696249999999992,0.0
2018-09-11,71.78666666666668,64.11083333333333,71.78666666666668,-7.675833333333344,0.0
2018-09-12,75.39125,68.30041666666666,75.39125,-7.090833333333336,0.0
2018-09-13,74.76166666666667,71.10000000000001,74.76166666666667,-3.6616666666666617,0.0
2018-09-14,73.00458333333333,66.25,73.00458333333333,-6.754583333333329,0.0
2018-09-15,70.44708333333334,54.82541666666666,70.44708333333334,-15.621666666666677,0.0
2018-09-16,71.01291666666667,47.291666666666664,71.01291666666667,-23.721250000000005,0.0
2018-09-17,72.37,64.93666666666667,72.37,-7.433333333333337,0.0
2018-09-18,74.835,61.83625,74.835,-12.998749999999994,0.0
2018-09-19,75.93416666666667,62.46041666666667,75.93416666666667,-13.473750000000003,0.0
2018-09-20,74.44583333333334,62.12875,74.44583333333334,-12.317083333333343,0.0
2018-09-21,73.2375,59.24208333333333,73.2375,-13.995416666666664,0.0
2018-09-22,72.06541666666666,64.95083333333334,72.06541666666666,-7.114583333333329,0.0
2018-09-23,69.48416666666667,50.237500000000004,69.48416666666667,-19.246666666666663,0.0
2018-09-24,65.71916666666667,65.6725,66.35833333333333,-0.046666666666666856,0.639166666666668
2018-09-25,68.12875,65.30541666666666,68.19375000000001,-2.8233333333333377,0.06500000000001194
2018-09-26,71.11625,63.638749999999995,71.11625,-7.477499999999999,0.0
2018-09-27,73.1225,64.44166666666666,73.1225,-8.68083333333334,0.0
2018-09-28,75.92375,61.72083333333333,75.92375,-14.202916666666667,0.0
2018-09-29,70.07208333333334,60.026250000000005,70.07208333333334,-10.045833333333334,0.0
2018-09-30,69.20333333333333,55.746249999999996,69.20333333333333,-13.457083333333337,0.0
2018-10-01,64.42458333333333,65.05125,65.5125,0.6266666666666652,1.087916666666672
2018-10-02,66.17291666666667,66.27125,66.17291666666667,0.09833333333332916,0.0
2018-10-03,71.27625,68.71083333333333,71.27625,-2.5654166666666782,0.0
2018-10-04,73.88083333333334,71.50125,73.88083333333334,-2.3795833333333434,0.0
2018-10-05,72.95375,67.38833333333334,72.95375,-5.565416666666664,0.0
2018-10-06,68.30333333333333,59.17125000000001,68.38833333333334,-9.13208333333332,0.08500000000000796
2018-10-07,56.61375,55.45374999999999,61.08625,-1.1600000000000108,4.472499999999997
2018-10-08,68.00500000000001,70.23458333333333,68.00500000000001,2.2295833333333235,0.0
2018-10-09,69.78,75.20416666666667,69.78,5.424166666666665,0.0
2018-10-10,67.33083333333333,68.03583333333333,67.33083333333333,0.7049999999999983,0.0
2018-10-11,64.87083333333334,65.3075,64.87083333333334,0.4366666666666674,0.0
2018-10-12,61.657916666666665,61.49,61.70208333333333,-0.16791666666666316,0.044166666666662024
2018-10-13,61.56625,57.617916666666666,61.56625,-3.9483333333333306,0.0
2018-10-14,53.35041666666667,40.61375,53.4425,-12.736666666666665,0.09208333333333485
2018-10-15,61.38583333333333,67.75625,64.98041666666667,6.370416666666664,3.5945833333333397
2018-10-16,73.34708333333333,74.03750000000001,73.34708333333333,0.6904166666666782,0.0
2018-10-17,72.08166666666666,74.8175,72.08166666666666,2.735833333333332,0.0
2018-10-18,65.36666666666666,66.16583333333334,65.29833333333333,0.7991666666666788,-0.06833333333332803
2018-10-19,62.59458333333333,66.52499999999999,62.565416666666664,3.930416666666659,-0.02916666666666856
2018-10-20,59.63166666666667,60.312916666666666,59.63166666666667,0.6812499999999986,0.0
2018-10-21,60.663333333333334,57.020833333333336,60.663333333333334,-3.6424999999999983,0.0
2018-10-22,63.18541666666667,62.7275,63.18541666666667,-0.4579166666666694,0.0
2018-10-23,62.67958333333333,63.498333333333335,62.67958333333333,0.8187500000000014,0.0
2018-10-24,66.05583333333333,67.24875,66.05583333333333,1.192916666666676,0.0
2018-10-25,70.65208333333334,71.67125,70.65208333333334,1.0191666666666634,0.0
2018-10-26,71.04708333333333,70.50458333333334,71.04708333333333,-0.5424999999999898,0.0
2018-10-27,60.69,66.22625000000001,60.69,5.53625000000001,0.0
2018-10-28,54.431999999999995,53.776,54.431999999999995,-0.6559999999999917,0.0
2018-10-29,59.9625,74.30916666666667,59.9625,14.346666666666671,0.0
2018-10-30,65.40458333333333,73.11625,65.40458333333333,7.711666666666659,0.0
2018-10-31,68.50083333333333,73.27,68.50083333333333,4.7691666666666634,0.0
2018-11-01,63.915416666666665,54.11625,63.915416666666665,-9.799166666666665,0.0
2018-11-02,63.79833333333334,65.98,63.79833333333334,2.181666666666665,0.0
2018-11-03,63.77,61.09,64.0525,-2.6799999999999997,0.28249999999999176
2018-11-04,59.802083333333336,54.40375,59.802083333333336,-5.398333333333333,0.0
2018-11-05,60.68958333333333,62.70541666666667,60.68958333333333,2.0158333333333402,0.0
2018-11-06,59.15375,60.2425,59.20791666666667,1.0887499999999974,0.05416666666666714
2018-11-07,59.8975,57.26291666666666,59.8975,-2.634583333333339,0.0
2018-11-08,62.61875,62.956250000000004,62.61875,0.3375000000000057,0.0
2018-11-09,59.182500000000005,60.51833333333334,59.18666666666667,1.3358333333333334,0.004166666666662877
2018-11-10,51.711666666666666,51.08833333333333,51.711666666666666,-0.6233333333333348,0.0
2018-11-11,53.92125000000001,49.89875,53.92125000000001,-4.022500000000008,0.0
2018-11-12,64.01458333333333,62.87916666666666,64.80208333333333,-1.1354166666666714,0.7874999999999943
2018-11-13,65.23458333333333,64.74,65.23458333333333,-0.49458333333333826,0.0
2018-11-14,62.65625,64.47208333333333,62.65625,1.8158333333333303,0.0
2018-11-15,64.48916666666666,66.37583333333333,64.48916666666666,1.8866666666666703,0.0
2018-11-16,64.54541666666667,67.30333333333333,64.54541666666667,2.7579166666666595,0.0
2018-11-17,61.065416666666664,60.27041666666667,61.065,-0.7949999999999946,-0.0004166666666662877
2018-11-18,57.34791666666666,56.91083333333333,57.425000000000004,-0.4370833333333337,0.07708333333334139
2018-11-19,68.49374999999999,74.31166666666667,68.49374999999999,5.817916666666676,0.0
2018-11-20,63.79416666666666,95.19,63.79416666666666,31.395833333333336,0.0
2018-11-21,64.58999999999999,115.13,64.58999999999999,50.540000000000006,0.0
2018-11-22,65.88583333333334,102.21833333333332,65.88583333333334,36.33249999999998,0.0
2018-11-23,67.08291666666666,84.76125,67.08291666666666,17.67833333333334,0.0
2018-11-24,62.22833333333333,66.47375000000001,62.22833333333333,4.245416666666678,0.0
2018-11-25,58.937916666666666,59.425000000000004,59.001666666666665,0.487083333333338,0.06374999999999886
2018-11-26,58.59916666666667,89.12124999999999,58.59916666666667,30.52208333333332,0.0
2018-11-27,64.69458333333334,77.49541666666667,64.70375,12.80083333333333,0.00916666666665833
2018-11-28,62.45541666666667,62.23916666666667,62.45541666666667,-0.21625000000000227,0.0
2018-11-29,61.88583333333333,62.37708333333333,61.88583333333333,0.49125000000000085,0.0
2018-11-30,62.655833333333334,62.18,62.669999999999995,-0.475833333333334,0.014166666666660888
2018-12-01,60.81,58.0625,60.81,-2.7475000000000023,0.0
2018-12-02,56.27375,45.49875,56.42791666666667,-10.774999999999999,0.15416666666666856
2018-12-03,61.77708333333334,51.99,62.643750000000004,-9.787083333333335,0.8666666666666671
2018-12-04,66.54291666666667,60.34916666666667,66.54291666666667,-6.193750000000001,0.0
2018-12-05,63.415416666666665,59.627916666666664,63.415416666666665,-3.7875000000000014,0.0
2018-12-06,61.093333333333334,57.59375,61.093333333333334,-3.4995833333333337,0.0
2018-12-07,61.581250000000004,48.65833333333333,61.581250000000004,-12.922916666666673,0.0
2018-12-08,59.99166666666667,29.12625,59.99166666666667,-30.86541666666667,0.0
2018-12-09,59.562916666666666,25.631666666666664,59.562916666666666,-33.931250000000006,0.0
2018-12-10,62.443333333333335,50.98166666666666,62.507083333333334,-11.461666666666673,0.06374999999999886
2018-12-11,65.205,62.315416666666664,65.205,-2.8895833333333343,0.0
2018-12-12,64.51083333333334,71.00791666666667,64.51083333333334,6.497083333333336,0.0
2018-12-13,60.55166666666667,69.83125,60.42291666666667,9.279583333333328,-0.1287499999999966
2018-12-14,61.805416666666666,75.33541666666666,61.805416666666666,13.529999999999994,0.0
2018-12-15,60.04208333333333,61.29958333333334,60.04208333333333,1.2575000000000074,0.0
2018-12-16,56.5075,57.29083333333333,56.594166666666666,0.7833333333333314,0.086666666666666
2018-12-17,64.085,70.04541666666667,64.99,5.960416666666674,0.9050000000000011
2018-12-18,61.805416666666666,61.91791666666666,61.58958333333334,0.11249999999999716,-0.21583333333332888
2018-12-19,60.29416666666666,61.11625,60.255833333333335,0.8220833333333388,-0.03833333333332689
2018-12-20,63.3975,59.45875,63.3975,-3.938749999999999,0.0
2018-12-21,60.55916666666667,53.955000000000005,60.55916666666667,-6.604166666666664,0.0
2018-12-22,62.48666666666667,44.58416666666667,62.48666666666667,-17.902500000000003,0.0
2018-12-23,62.98583333333334,45.356249999999996,62.98583333333334,-17.629583333333343,0.0
2018-12-24,64.08916666666667,50.32875000000001,64.08916666666667,-13.760416666666664,0.0
2018-12-25,62.46625,39.28541666666667,62.46625,-23.180833333333332,0.0
2018-12-26,62.99333333333334,52.689166666666665,63.08833333333334,-10.304166666666674,0.09499999999999886
2018-12-27,67.63458333333334,61.50625,67.63458333333334,-6.128333333333337,0.0
2018-12-28,63.78541666666666,60.83916666666667,63.78541666666666,-2.946249999999992,0.0
2018-12-29,57.04833333333334,53.44833333333333,57.04833333333334,-3.6000000000000085,0.0
2018-12-30,58.49375,47.331250000000004,58.49375,-11.162499999999994,0.0
2018-12-31,61.794999999999995,55.321666666666665,61.794999999999995,-6.473333333333329,0.0
2019-01-01,63.45458333333334,41.2425,63.45458333333334,-22.21208333333334,0.0
2019-01-02,60.54083333333333,54.270833333333336,61.58541666666667,-6.269999999999996,1.0445833333333354
2019-01-03,64.00958333333334,61.24625,63.961666666666666,-2.7633333333333354,-0.047916666666672825
2019-01-04,66.83583333333333,64.92666666666666,66.83583333333333,-1.909166666666664,0.0
2019-01-05,65.32875,62.66416666666667,65.32875,-2.664583333333333,0.0
2019-01-06,59.115,55.61375,59.57375,-3.501249999999999,0.4587499999999949
2019-01-07,63.319583333333334,62.78375,63.319583333333334,-0.5358333333333363,0.0
2019-01-08,62.52583333333334,57.79833333333334,62.555,-4.727499999999999,0.029166666666661456
2019-01-09,60.61000000000001,57.7575,61.69583333333333,-2.8525000000000063,1.0858333333333263
2019-01-10,62.4025,69.23333333333333,62.4025,6.830833333333331,0.0
2019-01-11,63.88625,65.34416666666667,63.88625,1.4579166666666694,0.0
2019-01-12,62.45458333333334,53.53916666666667,62.45458333333334,-8.915416666666673,0.0
2019-01-13,60.13625,46.28333333333333,60.26499999999999,-13.852916666666665,0.1287499999999966
2019-01-14,63.342083333333335,56.65,66.19333333333334,-6.692083333333336,2.8512500000000074
2019-01-15,67.02458333333333,60.94,67.02458333333333,-6.0845833333333275,0.0
2019-01-16,69.42666666666666,62.70041666666666,69.42666666666666,-6.72625,0.0
2019-01-17,65.59625,61.55833333333334,65.56958333333334,-4.037916666666661,-0.026666666666656624
2019-01-18,67.97958333333334,66.67875,67.97958333333334,-1.300833333333344,0.0
2019-01-19,64.75458333333333,63.87125,64.75458333333333,-0.8833333333333258,0.0
2019-01-20,61.75,61.54333333333333,61.75,-0.20666666666667055,0.0
2019-01-21,65.595,71.51125,65.54083333333334,5.916250000000005,-0.054166666666660035
2019-01-22,64.55166666666666,72.31666666666666,64.55166666666666,7.765000000000001,0.0
2019-01-23,60.32375,76.07041666666667,60.32375,15.746666666666677,0.0
2019-01-24,61.04333333333333,85.94291666666668,61.04333333333333,24.899583333333347,0.0
2019-01-25,61.98666666666667,69.53166666666667,62.94416666666667,7.544999999999995,0.957499999999996
2019-01-26,61.500416666666666,54.39458333333334,63.165416666666665,-7.1058333333333294,1.6649999999999991
2019-01-27,43.97958333333333,40.52708333333333,51.112500000000004,-3.4525000000000006,7.132916666666674
2019-01-28,55.71208333333333,55.89208333333334,57.39333333333334,0.18000000000000682,1.6812500000000057
2019-01-29,59.53541666666666,62.67291666666667,62.72666666666667,3.13750000000001,3.1912500000000037
2019-01-30,57.97875,59.17791666666667,59.69,1.1991666666666703,1.7112499999999997
2019-01-31,54.880833333333335,61.134166666666665,54.880833333333335,6.25333333333333,0.0
2019-02-01,52.68125,59.49458333333333,52.68125,6.813333333333333,0.0
2019-02-02,37.955416666666665,50.21458333333334,38.46333333333333,12.259166666666673,0.5079166666666666
2019-02-03,48.4025,47.78041666666667,49.27458333333333,-0.622083333333336,0.8720833333333289
2019-02-04,58.95083333333333,57.229166666666664,61.22416666666666,-1.721666666666664,2.2733333333333334
2019-02-05,60.412083333333335,58.36291666666667,61.66041666666666,-2.0491666666666646,1.2483333333333277
2019-02-06,61.26125,52.995000000000005,61.40416666666667,-8.266249999999992,0.1429166666666717
2019-02-07,58.08958333333334,48.2075,59.51,-9.882083333333334,1.4204166666666609
2019-02-08,56.47291666666666,47.39333333333334,58.20916666666667,-9.079583333333325,1.7362500000000054
2019-02-09,54.355,33.778333333333336,54.864583333333336,-20.57666666666666,0.5095833333333388
2019-02-10,37.69541666666667,32.08625,38.96458333333333,-5.609166666666667,1.2691666666666634
2019-02-11,56.249583333333334,47.13041666666667,57.86083333333334,-9.119166666666665,1.6112500000000054
2019-02-12,60.562083333333334,51.38999999999999,60.61333333333334,-9.17208333333334,0.051250000000003126
2019-02-13,61.51,49.69541666666667,61.647083333333335,-11.814583333333331,0.13708333333333655
2019-02-14,56.38041666666667,50.451249999999995,56.38041666666667,-5.929166666666674,0.0
2019-02-15,55.28666666666666,48.84625,55.28666666666666,-6.440416666666664,0.0
2019-02-16,51.19,44.02791666666667,51.59291666666667,-7.162083333333328,0.4029166666666697
2019-02-17,47.04083333333333,39.673750000000005,48.52791666666667,-7.367083333333326,1.487083333333338
2019-02-18,56.268750000000004,47.02125,56.268750000000004,-9.247500000000002,0.0
2019-02-19,58.88958333333333,47.017500000000005,58.88958333333333,-11.872083333333322,0.0
2019-02-20,57.50791666666667,47.15708333333333,57.50791666666667,-10.350833333333334,0.0
2019-02-21,54.76333333333333,47.025416666666665,54.92333333333334,-7.7379166666666634,0.1600000000000108
2019-02-22,53.276250000000005,47.01958333333334,53.276250000000005,-6.256666666666668,0.0
2019-02-23,51.77333333333333,40.06125,54.706250000000004,-11.712083333333332,2.932916666666671
2019-02-24,51.08291666666667,39.64041666666667,53.48208333333333,-11.442500000000003,2.399166666666659
2019-02-25,55.31916666666667,44.44083333333333,55.83291666666667,-10.878333333333337,0.5137500000000017
2019-02-26,53.127916666666664,43.74541666666667,53.127916666666664,-9.382499999999993,0.0
2019-02-27,52.80791666666667,43.427083333333336,52.80791666666667,-9.380833333333335,0.0
2019-02-28,52.92916666666667,40.085,53.009166666666665,-12.844166666666666,0.0799999999999983
2019-03-01,54.44291666666667,44.3525,54.44291666666667,-10.09041666666667,0.0
2019-03-02,48.74625,40.70583333333334,49.26,-8.040416666666665,0.5137499999999946
2019-03-03,39.78208333333333,17.884583333333335,39.785833333333336,-21.897499999999997,0.003750000000003695
2019-03-04,41.1075,29.229166666666668,43.611250000000005,-11.878333333333334,2.5037500000000037
2019-03-05,52.61000000000001,40.41125,52.61000000000001,-12.198750000000004,0.0
2019-03-06,37.8225,35.97541666666667,37.85375,-1.8470833333333303,0.03125
2019-03-07,50.47416666666667,32.652499999999996,51.39541666666667,-17.821666666666673,0.9212500000000006
2019-03-08,55.70416666666667,40.02791666666666,55.70416666666667,-15.67625000000001,0.0
2019-03-09,54.385416666666664,24.02541666666667,54.385416666666664,-30.359999999999996,0.0
2019-03-10,47.23166666666666,18.28708333333333,47.56916666666667,-28.94458333333333,0.3375000000000057
2019-03-11,51.887499999999996,39.27791666666666,51.887499999999996,-12.609583333333333,0.0
2019-03-12,52.03958333333333,39.410000000000004,52.06125,-12.62958333333333,0.021666666666668277
2019-03-13,45.85999999999999,28.876666666666665,45.88333333333333,-16.983333333333327,0.023333333333340533
2019-03-14,51.58916666666667,35.12833333333334,51.742916666666666,-16.460833333333333,0.15374999999999517
2019-03-15,54.78666666666667,29.845416666666665,55.629999999999995,-24.941250000000004,0.8433333333333266
2019-03-16,51.29,17.748749999999998,51.29,-33.541250000000005,0.0
2019-03-17,34.747083333333336,8.764166666666666,38.59875,-25.982916666666668,3.8516666666666666
2019-03-18,48.768750000000004,38.60166666666667,48.768750000000004,-10.167083333333338,0.0
2019-03-19,49.88458333333333,45.312916666666666,49.88458333333333,-4.571666666666665,0.0
2019-03-20,48.63916666666666,41.96333333333333,48.63916666666666,-6.67583333333333,0.0
2019-03-21,52.42875,39.935,52.53041666666667,-12.493749999999999,0.10166666666666657
2019-03-22,55.727916666666665,40.44958333333333,55.727916666666665,-15.278333333333336,0.0
2019-03-23,51.22083333333333,35.600833333333334,51.22083333333333,-15.619999999999997,0.0
2019-03-24,44.302083333333336,33.35458333333333,44.82458333333333,-10.947500000000005,0.5224999999999937
2019-03-25,42.531666666666666,33.86083333333333,44.47,-8.670833333333334,1.9383333333333326
2019-03-26,41.08708333333333,37.29416666666666,41.14208333333333,-3.7929166666666703,0.054999999999999716
2019-03-27,47.180416666666666,39.97375,47.180416666666666,-7.2066666666666634,0.0
2019-03-28,50.82666666666666,40.479166666666664,50.82666666666666,-10.347499999999997,0.0
2019-03-29,52.998333333333335,39.33875,52.998333333333335,-13.659583333333337,0.0
2019-03-30,51.93291666666667,34.04708333333333,51.93291666666667,-17.885833333333338,0.0
2019-03-31,51.46565217391304,26.676086956521736,51.46565217391304,-24.789565217391306,0.0
2019-04-01,58.43375,36.669583333333335,58.43375,-21.764166666666668,0.0
2019-04-02,57.98208333333333,35.72833333333333,57.98208333333333,-22.253749999999997,0.0
2019-04-03,52.92625,42.930416666666666,52.86041666666667,-9.995833333333337,-0.0658333333333303
2019-04-04,53.38583333333333,43.79750000000001,53.38583333333333,-9.588333333333324,0.0
2019-04-05,51.35166666666667,43.529583333333335,51.35166666666667,-7.822083333333332,0.0
2019-04-06,44.30041666666667,39.12625,44.30041666666667,-5.174166666666672,0.0
2019-04-07,47.2225,38.37291666666667,47.395833333333336,-8.849583333333328,0.1733333333333391
2019-04-08,53.25833333333333,45.4175,53.02791666666667,-7.840833333333336,-0.23041666666666316
2019-04-09,50.30833333333334,42.7225,50.30833333333334,-7.5858333333333405,0.0
2019-04-10,50.82958333333334,44.071666666666665,50.727916666666665,-6.757916666666674,-0.10166666666667368
2019-04-11,54.65291666666667,44.74125,54.63708333333333,-9.911666666666669,-0.01583333333334025
2019-04-12,56.969166666666666,44.90166666666667,56.969166666666666,-12.067499999999995,0.0
2019-04-13,57.541666666666664,42.955000000000005,57.541666666666664,-14.586666666666659,0.0
2019-04-14,52.61666666666667,41.568333333333335,52.61666666666667,-11.048333333333332,0.0
2019-04-15,53.800000000000004,46.91458333333333,53.775416666666665,-6.885416666666671,-0.024583333333339397
2019-04-16,57.17458333333334,45.25458333333333,57.17458333333334,-11.920000000000009,0.0
2019-04-17,47.050000000000004,42.25625,47.430416666666666,-4.793750000000003,0.38041666666666174
2019-04-18,55.092083333333335,41.55083333333334,55.812083333333334,-13.541249999999998,0.7199999999999989
2019-04-19,37.31375,36.29541666666667,40.369166666666665,-1.0183333333333309,3.055416666666666
2019-04-20,31.749166666666667,30.31375,35.23416666666667,-1.4354166666666686,3.4849999999999994
2019-04-21,39.687916666666666,30.88,39.687916666666666,-8.807916666666667,0.0
2019-04-22,55.76208333333333,10.855833333333335,55.76208333333333,-44.90624999999999,0.0
2019-04-23,49.2225,26.936666666666667,49.2225,-22.28583333333333,0.0
2019-04-24,40.00791666666667,33.39083333333333,40.07125,-6.617083333333333,0.06333333333333258
2019-04-25,29.685833333333335,28.660416666666666,29.685833333333335,-1.0254166666666684,0.0
2019-04-26,48.92458333333334,39.96666666666666,48.92458333333334,-8.957916666666677,0.0
2019-04-27,55.66583333333333,24.25708333333333,55.66583333333333,-31.40875,0.0
2019-04-28,52.6025,33.461666666666666,52.6025,-19.140833333333333,0.0
2019-04-29,57.909166666666664,42.06333333333333,57.909166666666664,-15.845833333333331,0.0
2019-04-30,58.77875,42.85,58.77875,-15.92875,0.0
2019-05-01,50.28625,28.342083333333335,50.49125,-21.944166666666668,0.2049999999999983
2019-05-02,45.64625,38.92791666666667,46.14333333333334,-6.718333333333334,0.497083333333336
2019-05-03,50.0975,40.78375,50.68208333333333,-9.313749999999999,0.5845833333333346
2019-05-04,44.473333333333336,38.56666666666667,46.755,-5.906666666666666,2.2816666666666663
2019-05-05,33.87,31.326666666666668,37.77708333333333,-2.5433333333333294,3.9070833333333326
2019-05-06,53.05041666666667,44.75875,53.05041666666667,-8.291666666666671,0.0
2019-05-07,51.92208333333334,50.01541666666666,51.89416666666667,-1.9066666666666805,-0.0279166666666697
2019-05-08,38.7675,38.403749999999995,38.93541666666667,-0.3637500000000031,0.16791666666667027
2019-05-09,45.79666666666666,44.655833333333334,46.974583333333335,-1.140833333333326,1.1779166666666754
2019-05-10,47.26541666666666,44.876666666666665,47.26541666666666,-2.3887499999999946,0.0
2019-05-11,49.91625,33.336666666666666,49.91625,-16.579583333333332,0.0
2019-05-12,36.42041666666667,23.531666666666666,36.66416666666667,-12.888750000000002,0.24374999999999858
2019-05-13,47.12708333333333,39.20708333333334,47.12708333333333,-7.919999999999995,0.0
2019-05-14,51.41791666666666,40.56541666666667,51.41791666666666,-10.852499999999992,0.0
2019-05-15,53.697916666666664,40.72416666666667,53.697916666666664,-12.973749999999995,0.0
2019-05-16,52.4725,39.7275,52.4725,-12.744999999999997,0.0
2019-05-17,43.79791666666667,42.10958333333333,43.79791666666667,-1.6883333333333397,0.0
2019-05-18,46.305,36.85208333333333,46.305,-9.452916666666667,0.0
2019-05-19,48.06791666666667,35.223333333333336,48.14666666666667,-12.844583333333333,0.07874999999999943
2019-05-20,52.742916666666666,45.492916666666666,52.742916666666666,-7.25,0.0
2019-05-21,56.86708333333333,42.650416666666665,56.86708333333333,-14.216666666666669,0.0
2019-05-22,57.98500000000001,40.085,57.98500000000001,-17.900000000000006,0.0
2019-05-23,57.06916666666666,39.6725,57.06916666666666,-17.39666666666666,0.0
2019-05-24,49.04333333333333,38.814166666666665,49.04333333333333,-10.229166666666664,0.0
2019-05-25,42.329166666666666,36.67541666666667,42.329166666666666,-5.653749999999995,0.0
2019-05-26,40.46208333333333,21.340416666666666,42.41041666666667,-19.121666666666666,1.9483333333333377
2019-05-27,50.673750000000005,31.830833333333334,50.673750000000005,-18.84291666666667,0.0
2019-05-28,47.1625,34.52,47.1625,-12.642499999999998,0.0
2019-05-29,47.57791666666666,37.49166666666667,47.57791666666666,-10.086249999999993,0.0
2019-05-30,52.413333333333334,19.287916666666664,52.413333333333334,-33.125416666666666,0.0
2019-05-31,55.321666666666665,33.81875,55.321666666666665,-21.502916666666664,0.0
2019-06-01,53.28458333333333,28.87708333333333,53.28458333333333,-24.4075,0.0
2019-06-02,47.817499999999995,17.690833333333334,47.817499999999995,-30.12666666666666,0.0
2019-06-03,53.415,35.22,53.415,-18.195,0.0
2019-06-04,49.41125,35.59666666666667,49.41125,-13.814583333333331,0.0
2019-06-05,45.32708333333333,35.11291666666667,45.41166666666667,-10.214166666666657,0.08458333333334167
2019-06-06,43.82416666666666,33.534166666666664,43.82416666666666,-10.29,0.0
2019-06-07,41.63458333333333,26.44666666666667,41.85166666666667,-15.187916666666663,0.21708333333333485
2019-06-08,46.25208333333333,3.6804166666666664,46.25208333333333,-42.571666666666665,0.0
2019-06-09,43.29833333333334,20.034166666666668,43.29833333333334,-23.26416666666667,0.0
2019-06-10,44.73708333333334,31.259583333333335,44.763749999999995,-13.477500000000003,0.026666666666656624
2019-06-11,45.36291666666667,40.333333333333336,45.36291666666667,-5.029583333333335,0.0
2019-06-12,48.20416666666667,39.47666666666667,48.20416666666667,-8.727500000000006,0.0
2019-06-13,46.405,32.443333333333335,46.405,-13.961666666666666,0.0
2019-06-14,46.3225,34.501666666666665,46.3225,-11.820833333333333,0.0
2019-06-15,45.56625,27.787916666666664,45.56625,-17.778333333333332,0.0
2019-06-16,46.67291666666667,23.77,46.67291666666667,-22.902916666666673,0.0
2019-06-17,49.19,33.40416666666667,49.19,-15.78583333333333,0.0
2019-06-18,46.6025,33.77,46.6025,-12.832499999999996,0.0
2019-06-19,46.99166666666667,33.260416666666664,46.99166666666667,-13.731250000000003,0.0
2019-06-20,46.56791666666667,34.66375,46.56791666666667,-11.904166666666669,0.0
2019-06-21,46.7225,33.88833333333333,46.7225,-12.834166666666668,0.0
2019-06-22,46.18875,24.305000000000003,46.18875,-21.883749999999996,0.0
2019-06-23,42.6075,12.014583333333334,42.776250000000005,-30.592916666666667,0.16875000000000284
2019-06-24,48.61041666666667,29.725416666666664,48.61041666666667,-18.88500000000001,0.0
2019-06-25,50.07375,33.5375,50.07375,-16.536249999999995,0.0
2019-06-26,47.276250000000005,29.328333333333333,47.276250000000005,-17.94791666666667,0.0
2019-06-27,49.530833333333334,31.24625,49.530833333333334,-18.284583333333334,0.0
2019-06-28,51.94083333333333,35.01916666666667,51.94083333333333,-16.92166666666666,0.0
2019-06-29,49.26416666666666,29.182083333333335,49.26416666666666,-20.082083333333326,0.0
2019-06-30,46.70375000000001,18.611250000000002,46.70375000000001,-28.092500000000005,0.0
2019-07-01,48.32208333333333,30.131666666666664,48.32208333333333,-18.190416666666668,0.0
2019-07-02,48.807500000000005,33.945,48.807500000000005,-14.862500000000004,0.0
2019-07-03,50.95208333333333,31.81958333333333,50.95208333333333,-19.132499999999997,0.0
2019-07-04,53.06458333333333,31.27916666666667,53.06458333333333,-21.785416666666663,0.0
2019-07-05,56.02375,33.83375,56.02375,-22.189999999999998,0.0
2019-07-06,51.7825,29.340833333333332,51.7825,-22.441666666666666,0.0
2019-07-07,49.62291666666667,25.43541666666667,49.62291666666667,-24.1875,0.0
2019-07-08,51.15208333333334,34.745,51.27375,-16.40708333333334,0.12166666666666259
2019-07-09,52.47875,35.634166666666665,52.47875,-16.844583333333333,0.0
2019-07-10,51.42250000000001,40.46541666666666,51.42250000000001,-10.957083333333344,0.0
2019-07-11,53.99541666666667,44.111250000000005,53.99541666666667,-9.884166666666665,0.0
2019-07-12,57.09458333333333,40.919583333333335,56.95208333333333,-16.174999999999997,-0.1425000000000054
2019-07-13,51.31125,36.43958333333333,51.31125,-14.87166666666667,0.0
2019-07-14,48.89125000000001,33.03625,48.89125000000001,-15.855000000000004,0.0
2019-07-15,52.36333333333334,39.6,52.36333333333334,-12.763333333333335,0.0
2019-07-16,51.501666666666665,42.901250000000005,51.501666666666665,-8.60041666666666,0.0
2019-07-17,52.67458333333334,45.221666666666664,52.67458333333334,-7.452916666666674,0.0
2019-07-18,53.92249999999999,40.96875,53.92249999999999,-12.953749999999992,0.0
2019-07-19,52.463750000000005,42.387499999999996,52.463750000000005,-10.076250000000009,0.0
2019-07-20,50.59375,33.143750000000004,50.59375,-17.449999999999996,0.0
2019-07-21,49.302083333333336,32.28458333333334,49.302083333333336,-17.0175,0.0
2019-07-22,56.12583333333333,41.80083333333334,56.12583333333333,-14.324999999999996,0.0
2019-07-23,55.02875,46.06625,55.02875,-8.962500000000006,0.0
2019-07-24,55.83083333333334,52.93,55.83083333333334,-2.9008333333333383,0.0
2019-07-25,53.67250000000001,50.25541666666667,53.67250000000001,-3.4170833333333377,0.0
2019-07-26,52.335,46.794999999999995,52.335,-5.540000000000006,0.0
2019-07-27,45.94166666666666,36.26,45.94166666666666,-9.681666666666665,0.0
2019-07-28,45.59291666666667,31.63875,45.59291666666667,-13.954166666666666,0.0
2019-07-29,47.96666666666667,40.384166666666665,47.96666666666667,-7.582500000000003,0.0
2019-07-30,48.032916666666665,31.97208333333333,48.032916666666665,-16.060833333333335,0.0
2019-07-31,47.11291666666667,31.794166666666666,47.11291666666667,-15.318750000000005,0.0
2019-08-01,48.21458333333334,41.99791666666667,48.21458333333334,-6.216666666666669,0.0
2019-08-02,48.85333333333333,41.30916666666666,48.85333333333333,-7.544166666666669,0.0
2019-08-03,47.409166666666664,35.12791666666667,47.409166666666664,-12.281249999999993,0.0
2019-08-04,46.407916666666665,34.057916666666664,46.407916666666665,-12.350000000000001,0.0
2019-08-05,50.27333333333333,36.625416666666666,50.27333333333333,-13.647916666666667,0.0
2019-08-06,49.96791666666667,41.19,49.96791666666667,-8.77791666666667,0.0
2019-08-07,49.45875,36.464999999999996,49.45875,-12.993750000000006,0.0
2019-08-08,47.88666666666666,33.39125,47.88666666666666,-14.495416666666664,0.0
2019-08-09,43.95333333333334,29.018333333333334,43.95333333333334,-14.935000000000006,0.0
2019-08-10,46.19375,14.025416666666667,46.19375,-32.16833333333334,0.0
2019-08-11,42.47958333333333,20.133333333333333,42.47958333333333,-22.346249999999998,0.0
2019-08-12,43.59458333333333,32.584583333333335,43.59458333333333,-11.009999999999998,0.0
2019-08-13,42.92875,33.64833333333333,42.96416666666667,-9.280416666666667,0.03541666666666998
2019-08-14,45.69583333333333,31.895,45.69583333333333,-13.800833333333333,0.0
2019-08-15,40.7825,23.831666666666667,40.7825,-16.950833333333332,0.0
2019-08-16,44.47875,31.292916666666667,44.47875,-13.185833333333331,0.0
2019-08-17,41.9075,24.13083333333333,41.9075,-17.776666666666667,0.0
2019-08-18,38.87916666666667,22.749166666666667,38.87916666666667,-16.130000000000003,0.0
2019-08-19,41.48041666666666,31.117500000000003,41.48041666666666,-10.36291666666666,0.0
2019-08-20,40.025416666666665,34.60125,40.025416666666665,-5.424166666666665,0.0
2019-08-21,41.114583333333336,34.033750000000005,41.114583333333336,-7.080833333333331,0.0
2019-08-22,40.996249999999996,33.29416666666666,40.9975,-7.702083333333334,0.0012500000000059686
2019-08-23,41.4075,31.307083333333335,41.4075,-10.100416666666664,0.0
2019-08-24,42.139583333333334,31.264166666666668,42.139583333333334,-10.875416666666666,0.0
2019-08-25,39.280833333333334,28.50125,39.280833333333334,-10.779583333333335,0.0
2019-08-26,43.17625,40.41583333333333,43.17625,-2.7604166666666714,0.0
2019-08-27,50.31125,45.492916666666666,50.31125,-4.818333333333335,0.0
2019-08-28,51.19375,46.79541666666666,51.19375,-4.3983333333333405,0.0
2019-08-29,50.065416666666664,42.67958333333333,50.065416666666664,-7.385833333333331,0.0
2019-08-30,49.38833333333333,39.94083333333333,49.38833333333333,-9.447499999999998,0.0
2019-08-31,43.838750000000005,32.25666666666667,43.838750000000005,-11.582083333333337,0.0
2019-09-01,39.31875,30.09166666666667,39.31875,-9.227083333333333,0.0
2019-09-02,39.11375,38.35208333333333,39.45041666666666,-0.7616666666666703,0.3366666666666589
2019-09-03,43.49125,36.39041666666667,43.49125,-7.100833333333334,0.0
2019-09-04,43.39291666666667,33.0825,43.39291666666667,-10.310416666666669,0.0
2019-09-05,37.371249999999996,32.61708333333333,37.371249999999996,-4.754166666666663,0.0
2019-09-06,36.28541666666667,32.15416666666667,36.317083333333336,-4.131250000000001,0.03166666666666629
2019-09-07,32.869166666666665,32.772083333333335,33.0675,-0.0970833333333303,0.1983333333333377
2019-09-08,34.393750000000004,31.104166666666668,34.393750000000004,-3.2895833333333364,0.0
2019-09-09,43.57958333333334,42.821666666666665,43.57958333333334,-0.7579166666666737,0.0
2019-09-10,34.315416666666664,35.59583333333333,34.315416666666664,1.2804166666666674,0.0
2019-09-11,34.3325,32.7925,34.44041666666667,-1.5400000000000063,0.10791666666666799
2019-09-12,38.420833333333334,37.38791666666666,38.572916666666664,-1.0329166666666723,0.15208333333333002
2019-09-13,38.9375,38.843333333333334,38.9375,-0.09416666666666629,0.0
2019-09-14,37.23458333333333,34.50125,37.23458333333333,-2.7333333333333343,0.0
2019-09-15,38.057916666666664,28.285833333333333,38.057916666666664,-9.772083333333331,0.0
2019-09-16,47.98374999999999,47.00083333333333,47.98374999999999,-0.9829166666666609,0.0
2019-09-17,50.40375,42.74583333333334,50.40375,-7.657916666666665,0.0
2019-09-18,50.24125,39.0575,50.24125,-11.183750000000003,0.0
2019-09-19,50.60833333333333,42.831250000000004,50.60833333333333,-7.777083333333323,0.0
2019-09-20,48.50416666666666,40.28208333333333,48.50416666666666,-8.22208333333333,0.0
2019-09-21,39.86083333333333,28.83583333333333,39.86083333333333,-11.025000000000002,0.0
2019-09-22,37.763333333333335,27.461249999999996,37.763333333333335,-10.30208333333334,0.0
2019-09-23,45.70041666666666,41.73875,45.70041666666666,-3.961666666666659,0.0
2019-09-24,42.99166666666667,40.246249999999996,42.99166666666667,-2.745416666666671,0.0
2019-09-25,44.01458333333333,39.885,44.01458333333333,-4.129583333333329,0.0
2019-09-26,48.544999999999995,39.30583333333333,48.544999999999995,-9.239166666666662,0.0
2019-09-27,48.557500000000005,37.242916666666666,48.557500000000005,-11.314583333333339,0.0
2019-09-28,45.68083333333333,28.369583333333335,45.68083333333333,-17.311249999999998,0.0
2019-09-29,42.072916666666664,17.794999999999998,42.072916666666664,-24.277916666666666,0.0
2019-09-30,49.36875,36.66625,49.36875,-12.7025,0.0
2019-10-01,47.32916666666667,39.965833333333336,47.32916666666667,-7.363333333333337,0.0
2019-10-02,43.42166666666666,38.691250000000004,43.42166666666666,-4.730416666666656,0.0
2019-10-03,48.29,40.80416666666667,48.29,-7.485833333333332,0.0
2019-10-04,52.736250000000005,40.00125,52.736250000000005,-12.735000000000007,0.0
2019-10-05,49.06583333333333,37.31041666666667,49.06583333333333,-11.755416666666662,0.0
2019-10-06,45.23708333333334,31.810000000000002,45.23708333333334,-13.427083333333336,0.0
2019-10-07,50.497083333333336,44.7275,50.497083333333336,-5.769583333333337,0.0
2019-10-08,54.31708333333333,39.214999999999996,54.305416666666666,-15.102083333333333,-0.011666666666663161
2019-10-09,47.88625,36.25291666666667,47.88625,-11.633333333333326,0.0
2019-10-10,46.959583333333335,35.0825,46.959583333333335,-11.877083333333331,0.0
2019-10-11,48.46083333333333,27.903333333333332,48.46083333333333,-20.5575,0.0
2019-10-12,39.224583333333335,24.985416666666666,39.224583333333335,-14.23916666666667,0.0
2019-10-13,37.969166666666666,23.807916666666667,37.969166666666666,-14.161249999999999,0.0
2019-10-14,42.424166666666665,37.52708333333333,42.424166666666665,-4.897083333333335,0.0
2019-10-15,42.56791666666667,43.63958333333333,43.49041666666667,1.0716666666666583,0.9224999999999994
2019-10-16,43.236250000000005,41.20458333333333,43.236250000000005,-2.0316666666666734,0.0
2019-10-17,47.08708333333333,44.07666666666666,47.08708333333333,-3.0104166666666714,0.0
2019-10-18,46.08375,39.22625,46.08375,-6.857500000000002,0.0
2019-10-19,43.35916666666666,33.086666666666666,43.35916666666666,-10.272499999999994,0.0
2019-10-20,41.452083333333334,34.82958333333333,41.452083333333334,-6.622500000000002,0.0
2019-10-21,54.33625,44.650416666666665,54.33625,-9.685833333333335,0.0
2019-10-22,49.404583333333335,47.45083333333333,49.404583333333335,-1.9537500000000065,0.0
2019-10-23,45.73833333333334,44.47083333333333,45.81916666666667,-1.2675000000000054,0.08083333333333087
2019-10-24,45.4025,39.1975,45.76208333333333,-6.205000000000005,0.35958333333332604
2019-10-25,48.79749999999999,38.33958333333333,48.79749999999999,-10.457916666666662,0.0
2019-10-26,45.85791666666666,26.155416666666667,45.85791666666666,-19.702499999999993,0.0
2019-10-27,46.1056,30.8272,46.1056,-15.278400000000001,0.0
2019-10-28,53.8525,46.91833333333333,53.65416666666667,-6.93416666666667,-0.19833333333333059
2019-10-29,53.904583333333335,48.567499999999995,53.904583333333335,-5.337083333333339,0.0
2019-10-30,51.96083333333333,49.655833333333334,51.96083333333333,-2.3049999999999997,0.0
2019-10-31,49.26208333333333,46.48416666666666,49.26208333333333,-2.7779166666666697,0.0
2019-11-01,32.835,31.699583333333333,32.835,-1.1354166666666679,0.0
2019-11-02,28.43875,28.381249999999998,28.43875,-0.057500000000000995,0.0
2019-11-03,18.8775,25.66541666666667,18.8775,6.787916666666668,0.0
2019-11-04,28.47875,37.49,28.47875,9.01125,0.0
2019-11-05,29.624166666666667,42.70208333333333,29.624166666666667,13.07791666666666,0.0
2019-11-06,40.643750000000004,51.79083333333333,40.643750000000004,11.147083333333327,0.0
2019-11-07,39.2975,43.51499999999999,39.2975,4.217499999999994,0.0
2019-11-08,37.59458333333333,48.38166666666667,37.59458333333333,10.787083333333335,0.0
2019-11-09,40.915416666666665,41.6925,40.915416666666665,0.7770833333333371,0.0
2019-11-10,37.26625,41.031666666666666,37.26625,3.765416666666667,0.0
2019-11-11,44.73791666666667,44.55833333333334,44.73791666666667,-0.17958333333333343,0.0
2019-11-12,48.05916666666667,48.4475,47.80125,0.3883333333333283,-0.25791666666666657
2019-11-13,48.19083333333333,56.48708333333334,47.58166666666667,8.296250000000008,-0.6091666666666598
2019-11-14,45.52458333333333,53.081250000000004,45.38583333333333,7.556666666666672,-0.1387500000000017
2019-11-15,48.20791666666667,57.4125,48.18208333333333,9.204583333333332,-0.02583333333333826
2019-11-16,45.74916666666667,46.33708333333333,45.74916666666667,0.5879166666666649,0.0
2019-11-17,43.335,43.240833333333335,43.335,-0.09416666666666629,0.0
2019-11-18,50.012499999999996,56.2525,50.012499999999996,6.240000000000002,0.0
2019-11-19,57.48875,64.20333333333333,57.48875,6.71458333333333,0.0
2019-11-20,57.84625,59.36833333333333,57.84625,1.5220833333333346,0.0
2019-11-21,55.42416666666667,56.23875,55.42416666666667,0.8145833333333314,0.0
2019-11-22,46.31166666666667,47.53333333333333,46.28333333333333,1.221666666666664,-0.028333333333335986
2019-11-23,36.77708333333333,40.66958333333333,36.77708333333333,3.8924999999999983,0.0
2019-11-24,41.016666666666666,41.22708333333333,41.016666666666666,0.21041666666666714,0.0
2019-11-25,47.12291666666667,51.23833333333334,46.95458333333334,4.115416666666668,-0.16833333333332945
2019-11-26,44.810833333333335,47.367916666666666,44.18541666666667,2.557083333333331,-0.6254166666666663
2019-11-27,42.07125,42.30583333333333,41.990833333333335,0.23458333333333314,-0.08041666666666458
2019-11-28,40.21458333333333,40.21458333333333,40.21458333333333,0.0,0.0
2019-11-29,47.529583333333335,47.40708333333333,47.529583333333335,-0.12250000000000227,0.0
2019-11-30,41.36083333333333,42.32041666666667,41.36083333333333,0.9595833333333346,0.0
2019-12-01,43.287083333333335,43.13375,43.287083333333335,-0.15333333333333599,0.0
2019-12-02,44.81875,50.98083333333333,44.79833333333334,6.162083333333328,-0.02041666666666231
2019-12-03,50.081250000000004,57.845,49.968333333333334,7.763749999999995,-0.11291666666667055
2019-12-04,53.946666666666665,59.57541666666666,53.82749999999999,5.628749999999997,-0.11916666666667197
2019-12-05,47.665416666666665,57.83416666666667,47.55666666666667,10.168750000000003,-0.10874999999999346
2019-12-06,47.67124999999999,48.7825,47.67124999999999,1.1112500000000054,0.0
2019-12-07,47.25875,45.72666666666667,47.25875,-1.5320833333333326,0.0
2019-12-08,40.977916666666665,31.537499999999998,41.02375,-9.440416666666668,0.04583333333333428
2019-12-09,41.3575,36.63291666666667,41.3575,-4.724583333333335,0.0
2019-12-10,46.6,45.689166666666665,46.6,-0.9108333333333363,0.0
2019-12-11,43.39833333333333,46.534166666666664,43.02666666666667,3.1358333333333306,-0.3716666666666626
2019-12-12,38.57833333333333,45.17124999999999,38.57833333333333,6.59291666666666,0.0
2019-12-13,27.172083333333333,35.73583333333333,27.172083333333333,8.563749999999999,0.0
2019-12-14,28.028750000000002,29.24791666666667,28.028750000000002,1.2191666666666663,0.0
2019-12-15,26.062916666666666,24.989583333333332,26.062916666666666,-1.0733333333333341,0.0
2019-12-16,40.268750000000004,42.89125000000001,39.69375,2.6225000000000023,-0.5750000000000028
2019-12-17,42.893750000000004,42.668749999999996,42.61083333333333,-0.22500000000000853,-0.28291666666667226
2019-12-18,38.647083333333335,41.927083333333336,37.78416666666667,3.280000000000001,-0.8629166666666634
2019-12-19,22.70625,28.187083333333334,21.81458333333333,5.480833333333333,-0.8916666666666693
2019-12-20,17.433333333333334,26.169166666666666,17.433333333333334,8.735833333333332,0.0
2019-12-21,2.5341666666666662,20.024166666666666,2.0754166666666665,17.49,-0.45874999999999977
2019-12-22,1.9420833333333334,13.791666666666666,1.6770833333333333,11.849583333333333,-0.2650000000000001
2019-12-23,23.40375,26.14916666666667,23.40375,2.745416666666671,0.0
2019-12-24,20.958333333333332,20.695833333333333,20.958333333333332,-0.2624999999999993,0.0
2019-12-25,14.236666666666666,14.518749999999999,14.236666666666666,0.2820833333333326,0.0
2019-12-26,25.413749999999997,25.779583333333335,25.413749999999997,0.3658333333333381,0.0
2019-12-27,32.72166666666667,32.72166666666667,32.72166666666667,0.0,0.0
2019-12-28,31.09,31.28625,31.09,0.19624999999999915,0.0
2019-12-29,31.794583333333335,31.087500000000002,31.794583333333335,-0.7070833333333333,0.0
2019-12-30,36.72666666666667,34.74,36.72666666666667,-1.9866666666666646,0.0
2019-12-31,38.27583333333333,38.26,38.27583333333333,-0.015833333333333144,0.0
2020-01-01,35.540416666666665,35.206250000000004,35.540416666666665,-0.33416666666666117,0.0
2020-01-02,39.995,39.46083333333333,39.995,-0.534166666666664,0.0
2020-01-03,39.50625,36.835,39.50625,-2.6712500000000006,0.0
2020-01-04,35.670833333333334,34.336666666666666,35.70458333333333,-1.3341666666666683,0.033749999999997726
2020-01-05,38.17541666666667,36.04541666666667,38.17541666666667,-2.1300000000000026,0.0
2020-01-06,42.16625,39.193333333333335,42.16625,-2.972916666666663,0.0
2020-01-07,47.012499999999996,41.96958333333333,46.52916666666667,-5.042916666666663,-0.4833333333333272
2020-01-08,46.80625,40.43333333333333,46.72375,-6.372916666666669,-0.08249999999999602
2020-01-09,44.20583333333334,36.280833333333334,44.22666666666667,-7.925000000000004,0.020833333333328596
2020-01-10,40.56916666666667,38.48,40.53375,-2.089166666666671,-0.03541666666666998
2020-01-11,41.839166666666664,35.15416666666666,41.839166666666664,-6.685000000000002,0.0
2020-01-12,42.35958333333333,28.88,42.35958333333333,-13.479583333333334,0.0
2020-01-13,46.48708333333334,38.52625,46.48708333333334,-7.9608333333333405,0.0
2020-01-14,38.67791666666667,30.553749999999997,38.67791666666667,-8.124166666666671,0.0
2020-01-15,38.45125,31.616249999999997,38.45125,-6.835000000000004,0.0
2020-01-16,38.53,37.14291666666667,37.874583333333334,-1.3870833333333294,-0.6554166666666674
2020-01-17,39.39666666666667,36.79416666666666,39.39666666666667,-2.6025000000000063,0.0
2020-01-18,38.29541666666667,35.69083333333334,38.29541666666667,-2.6045833333333306,0.0
2020-01-19,29.764583333333334,33.259166666666665,29.764583333333334,3.494583333333331,0.0
2020-01-20,35.71083333333333,44.78041666666667,34.93875,9.069583333333334,-0.7720833333333346
2020-01-21,39.10458333333333,46.854166666666664,38.73583333333333,7.749583333333334,-0.3687499999999986
2020-01-22,47.27125,48.40291666666667,45.85541666666666,1.1316666666666677,-1.4158333333333388
2020-01-23,53.95416666666667,51.53625,53.00958333333333,-2.4179166666666703,-0.9445833333333411
2020-01-24,53.70583333333334,50.92458333333334,52.9275,-2.78125,-0.778333333333336
2020-01-25,48.17541666666667,40.80291666666667,48.17541666666667,-7.372500000000002,0.0
2020-01-26,40.00791666666667,34.681666666666665,40.00791666666667,-5.326250000000002,0.0
2020-01-27,39.34041666666666,38.50875,39.34041666666666,-0.8316666666666634,0.0
2020-01-28,38.470416666666665,34.79333333333333,38.470416666666665,-3.6770833333333357,0.0
2020-01-29,39.77125,36.19166666666667,39.77125,-3.579583333333332,0.0
2020-01-30,37.94875,35.66125,37.94875,-2.2874999999999943,0.0
2020-01-31,37.23291666666667,29.20125,37.23291666666667,-8.031666666666666,0.0
2020-02-01,29.23166666666667,17.402916666666666,29.23166666666667,-11.828750000000003,0.0
2020-02-02,27.847083333333334,20.439583333333335,29.57875,-7.407499999999999,1.7316666666666656
2020-02-03,40.660000000000004,26.430000000000003,40.660000000000004,-14.23,0.0
2020-02-04,37.821666666666665,27.972083333333334,37.821666666666665,-9.849583333333332,0.0
2020-02-05,36.82,36.54458333333333,36.75291666666667,-0.27541666666667197,-0.06708333333332916
2020-02-06,38.637499999999996,37.03541666666667,38.625,-1.6020833333333258,-0.012499999999995737
2020-02-07,39.87291666666667,34.869166666666665,39.87291666666667,-5.003750000000004,0.0
2020-02-08,39.05458333333333,27.981666666666666,39.05458333333333,-11.072916666666668,0.0
2020-02-09,30.080416666666668,14.731250000000001,30.327083333333334,-15.349166666666667,0.24666666666666615
2020-02-10,31.812916666666666,19.780833333333334,31.909583333333334,-12.032083333333333,0.09666666666666757
2020-02-11,41.98875,24.668333333333333,41.98875,-17.32041666666667,0.0
2020-02-12,44.282916666666665,28.475416666666664,44.282916666666665,-15.807500000000001,0.0
2020-02-13,38.229166666666664,30.44333333333333,38.229166666666664,-7.785833333333333,0.0
2020-02-14,41.74125,30.807083333333335,41.74125,-10.934166666666666,0.0
2020-02-15,35.17208333333333,22.41625,35.42916666666667,-12.755833333333332,0.257083333333334
2020-02-16,24.477500000000003,8.07625,25.87125,-16.401250000000005,1.3937499999999972
2020-02-17,35.958333333333336,24.023333333333337,35.931666666666665,-11.934999999999999,-0.026666666666670835
2020-02-18,38.23041666666666,26.525833333333335,38.23041666666666,-11.704583333333328,0.0
2020-02-19,42.754999999999995,31.138333333333332,42.754999999999995,-11.616666666666664,0.0
2020-02-20,42.528749999999995,30.098333333333333,42.528749999999995,-12.430416666666662,0.0
2020-02-21,39.28666666666667,30.58791666666667,39.28666666666667,-8.69875,0.0
2020-02-22,39.723333333333336,24.00583333333333,39.723333333333336,-15.717500000000005,0.0
2020-02-23,36.47666666666667,19.531666666666666,36.513749999999995,-16.945,0.03708333333332803
2020-02-24,41.615,28.167083333333334,41.615,-13.447916666666668,0.0
2020-02-25,32.78416666666667,26.50125,32.78416666666667,-6.282916666666672,0.0
2020-02-26,31.973333333333333,31.00375,31.973333333333333,-0.9695833333333326,0.0
2020-02-27,30.619583333333335,34.592083333333335,31.662916666666664,3.9725,1.0433333333333294
2020-02-28,33.915416666666665,31.015416666666667,34.127500000000005,-2.8999999999999986,0.2120833333333394
2020-02-29,16.595,15.869166666666667,16.595,-0.7258333333333322,0.0
2020-03-01,14.219166666666666,15.645000000000001,14.219166666666666,1.425833333333335,0.0
2020-03-02,21.89375,32.71125,21.89375,10.817499999999999,0.0
2020-03-03,26.1425,36.6175,26.1425,10.475000000000001,0.0
2020-03-04,32.6,39.34041666666666,32.6,6.740416666666661,0.0
2020-03-05,25.15125,33.86125,25.15125,8.709999999999997,0.0
2020-03-06,21.427916666666665,30.478333333333335,21.84875,9.05041666666667,0.4208333333333343
2020-03-07,27.732083333333335,28.607916666666668,27.732083333333335,0.8758333333333326,0.0
2020-03-08,26.877499999999998,18.381666666666668,27.46875,-8.49583333333333,0.5912500000000023
2020-03-09,32.522083333333335,35.86541666666667,32.522083333333335,3.3433333333333337,0.0
2020-03-10,34.5425,26.832916666666666,34.78041666666667,-7.709583333333331,0.23791666666667055
2020-03-11,38.63375,26.26625,38.63375,-12.3675,0.0
2020-03-12,38.78375,24.935000000000002,38.78375,-13.848749999999995,0.0
2020-03-13,33.987500000000004,28.996666666666666,34.61291666666667,-4.990833333333338,0.6254166666666663
2020-03-14,35.59125,29.87125,35.59125,-5.720000000000002,0.0
2020-03-15,26.801666666666666,13.842500000000001,26.87875,-12.959166666666665,0.07708333333333428
2020-03-16,27.019583333333333,30.62291666666667,27.019583333333333,3.6033333333333353,0.0
2020-03-17,28.4275,28.302916666666665,28.4275,-0.12458333333333371,0.0
2020-03-18,30.692916666666665,26.148333333333337,30.692916666666665,-4.544583333333328,0.0
2020-03-19,30.425416666666667,25.392083333333332,30.425416666666667,-5.033333333333335,0.0
2020-03-20,28.080416666666668,20.874583333333334,28.080416666666668,-7.205833333333334,0.0
2020-03-21,27.653750000000002,11.644166666666665,27.653750000000002,-16.00958333333334,0.0
2020-03-22,27.52916666666667,6.049166666666667,27.52916666666667,-21.48,0.0
2020-03-23,29.04416666666667,16.715416666666666,29.04416666666667,-12.328750000000003,0.0
2020-03-24,27.414583333333336,20.117916666666666,27.414583333333336,-7.29666666666667,0.0
2020-03-25,31.589583333333334,22.472916666666666,31.589583333333334,-9.116666666666667,0.0
2020-03-26,22.823333333333334,21.31833333333333,23.010416666666668,-1.5050000000000026,0.1870833333333337
2020-03-27,25.072083333333335,21.455416666666668,25.072083333333335,-3.616666666666667,0.0
2020-03-28,27.94125,14.131666666666668,27.94125,-13.809583333333332,0.0
2020-03-29,19.37217391304348,6.823478260869565,20.732608695652175,-12.548695652173915,1.3604347826086958
2020-03-30,19.049583333333334,21.715833333333332,19.182916666666667,2.666249999999998,0.13333333333333286
2020-03-31,20.55,22.047083333333333,20.55,1.4970833333333324,0.0
2020-04-01,26.201666666666668,22.97791666666667,26.201666666666668,-3.223749999999999,0.0
2020-04-02,23.897499999999997,21.855416666666667,23.897499999999997,-2.0420833333333306,0.0
2020-04-03,23.72875,22.110416666666666,23.96083333333333,-1.6183333333333358,0.2320833333333283
2020-04-04,16.24,16.826249999999998,16.24,0.5862499999999997,0.0
2020-04-05,8.164166666666667,6.202500000000001,8.164166666666667,-1.961666666666666,0.0
2020-04-06,24.83125,12.587083333333334,24.83125,-12.244166666666667,0.0
2020-04-07,22.454583333333332,16.777083333333334,22.621666666666666,-5.677499999999998,0.16708333333333414
2020-04-08,23.617083333333337,15.174999999999999,23.617083333333337,-8.442083333333338,0.0
2020-04-09,22.31625,17.2375,22.31625,-5.078749999999999,0.0
2020-04-10,19.07125,14.5075,19.66625,-4.563749999999999,0.5950000000000024
2020-04-11,22.02416666666667,13.354999999999999,22.02416666666667,-8.669166666666671,0.0
2020-04-12,17.817916666666665,11.371666666666668,17.817916666666665,-6.446249999999997,0.0
2020-04-13,22.25791666666667,-6.505,22.25791666666667,-28.76291666666667,0.0
2020-04-14,21.951666666666668,12.00625,21.951666666666668,-9.945416666666668,0.0
2020-04-15,16.614583333333332,14.477083333333333,18.70875,-2.1374999999999993,2.0941666666666663
2020-04-16,12.73375,12.6,12.73375,-0.13375000000000092,0.0
2020-04-17,14.54,14.062916666666666,14.54,-0.47708333333333286,0.0
2020-04-18,21.283333333333335,15.167083333333332,21.692916666666665,-6.116250000000003,0.4095833333333303
2020-04-19,13.302916666666667,7.5675,13.302916666666667,-5.735416666666667,0.0
2020-04-20,11.119166666666667,4.7058333333333335,11.119166666666667,-6.413333333333333,0.0
2020-04-21,9.23625,4.183333333333334,9.23625,-5.0529166666666665,0.0
2020-04-22,9.985000000000001,8.57,9.985000000000001,-1.415000000000001,0.0
2020-04-23,17.753333333333334,17.753333333333334,17.753333333333334,0.0,0.0
2020-04-24,18.820416666666667,18.715,18.820416666666667,-0.10541666666666671,0.0
2020-04-25,17.63416666666667,15.468333333333334,17.63416666666667,-2.1658333333333353,0.0
2020-04-26,15.217083333333333,14.431666666666667,15.222083333333332,-0.7854166666666664,0.004999999999999005
2020-04-27,19.98875,19.98875,19.98875,0.0,0.0
2020-04-28,18.594166666666666,18.695416666666667,18.594166666666666,0.10125000000000028,0.0
2020-04-29,10.690833333333332,12.769166666666665,10.690833333333332,2.078333333333333,0.0
2020-04-30,7.5008333333333335,7.861249999999999,7.5008333333333335,0.3604166666666657,0.0
2020-05-01,4.629583333333334,5.472083333333333,4.629583333333334,0.8424999999999994,0.0
2020-05-02,11.305416666666666,11.251249999999999,11.401666666666666,-0.05416666666666714,0.0962499999999995
2020-05-03,14.152500000000002,11.88875,13.96625,-2.2637500000000017,-0.18625000000000114
2020-05-04,16.145833333333332,16.462500000000002,16.145833333333332,0.31666666666667,0.0
2020-05-05,18.235416666666666,17.985833333333332,18.235416666666666,-0.2495833333333337,0.0
2020-05-06,22.391666666666666,21.144166666666667,22.391666666666666,-1.2474999999999987,0.0
2020-05-07,20.936666666666667,20.41125,20.936666666666667,-0.5254166666666684,0.0
2020-05-08,20.048333333333336,19.3825,20.048333333333336,-0.6658333333333353,0.0
2020-05-09,18.709583333333335,17.90791666666667,18.709583333333335,-0.8016666666666659,0.0
2020-05-10,12.705416666666666,10.493333333333334,13.177083333333334,-2.2120833333333323,0.47166666666666757
2020-05-11,15.3225,10.487499999999999,15.3225,-4.835000000000001,0.0
2020-05-12,24.243333333333336,21.280416666666667,24.243333333333336,-2.9629166666666684,0.0
2020-05-13,25.295,22.09583333333333,25.284583333333334,-3.1991666666666703,-0.010416666666667851
2020-05-14,24.472916666666666,18.922083333333333,24.472916666666666,-5.550833333333333,0.0
2020-05-15,20.1375,18.620416666666667,20.1375,-1.517083333333332,0.0
2020-05-16,16.19333333333333,16.003333333333334,16.282083333333333,-0.18999999999999773,0.088750000000001
2020-05-17,15.620833333333332,10.110416666666667,15.797916666666666,-5.510416666666664,0.17708333333333393
2020-05-18,26.124583333333334,16.936249999999998,26.124583333333334,-9.188333333333336,0.0
2020-05-19,26.060000000000002,19.612083333333334,26.060000000000002,-6.447916666666668,0.0
2020-05-20,26.827083333333334,19.422083333333333,26.827083333333334,-7.405000000000001,0.0
2020-05-21,28.118750000000002,17.819583333333334,28.118750000000002,-10.299166666666668,0.0
2020-05-22,29.442916666666665,14.752083333333333,29.442916666666665,-14.690833333333332,0.0
2020-05-23,17.47625,11.652500000000002,19.12875,-5.823749999999999,1.6524999999999999
2020-05-24,11.4925,-10.095416666666667,12.40625,-21.587916666666665,0.9137500000000003
2020-05-25,23.78625,16.863333333333333,23.95875,-6.922916666666666,0.17249999999999943
2020-05-26,22.2075,16.439583333333335,22.2075,-5.767916666666665,0.0
2020-05-27,25.04875,19.408333333333335,25.04875,-5.640416666666663,0.0
2020-05-28,29.285416666666666,17.229166666666668,29.285416666666666,-12.056249999999999,0.0
2020-05-29,33.0775,16.81375,33.0775,-16.26375,0.0
2020-05-30,29.71291666666667,11.697083333333333,29.71291666666667,-18.015833333333333,0.0
2020-05-31,29.695833333333336,2.2575000000000003,29.695833333333336,-27.438333333333336,0.0
2020-06-01,34.225833333333334,8.675416666666667,34.225833333333334,-25.550416666666667,0.0
2020-06-02,34.864583333333336,20.324166666666667,34.864583333333336,-14.540416666666669,0.0
2020-06-03,32.675000000000004,25.391666666666666,32.675000000000004,-7.2833333333333385,0.0
2020-06-04,24.123333333333335,22.567083333333333,24.300416666666667,-1.5562500000000021,0.17708333333333215
2020-06-05,27.70125,17.854166666666668,27.70125,-9.847083333333334,0.0
2020-06-06,28.516666666666666,7.442916666666666,28.520833333333332,-21.07375,0.00416666666666643
2020-06-07,19.595833333333335,17.40375,20.007083333333334,-2.1920833333333363,0.411249999999999
2020-06-08,27.004166666666666,29.598333333333333,27.004166666666666,2.5941666666666663,0.0
2020-06-09,29.0725,29.84,29.0725,0.7674999999999983,0.0
2020-06-10,30.72,30.070833333333336,30.72,-0.6491666666666625,0.0
2020-06-11,23.71291666666667,24.063333333333333,23.71291666666667,0.35041666666666416,0.0
2020-06-12,20.292083333333334,20.69333333333333,20.292083333333334,0.40124999999999744,0.0
2020-06-13,21.1975,20.177083333333332,21.25375,-1.0204166666666694,0.05624999999999858
2020-06-14,26.614583333333332,19.345833333333335,26.614583333333332,-7.268749999999997,0.0
2020-06-15,31.761666666666667,31.05333333333333,31.761666666666667,-0.7083333333333357,0.0
2020-06-16,31.070833333333336,32.3925,31.070833333333336,1.3216666666666619,0.0
2020-06-17,34.263333333333335,34.68541666666667,34.263333333333335,0.42208333333333314,0.0
2020-06-18,35.339166666666664,31.77,35.339166666666664,-3.569166666666664,0.0
2020-06-19,33.59625,29.859583333333333,33.59625,-3.7366666666666646,0.0
2020-06-20,31.805000000000003,24.08458333333333,31.805000000000003,-7.720416666666672,0.0
2020-06-21,25.914166666666663,19.08625,25.914166666666663,-6.827916666666663,0.0
2020-06-22,30.352500000000003,30.182916666666667,30.352500000000003,-0.16958333333333542,0.0
2020-06-23,34.54458333333333,32.26541666666667,34.54458333333333,-2.2791666666666615,0.0
2020-06-24,37.405,34.99,37.405,-2.414999999999999,0.0
2020-06-25,39.43458333333333,35.9125,39.43458333333333,-3.5220833333333275,0.0
2020-06-26,37.76416666666667,35.267916666666665,37.76416666666667,-2.4962500000000034,0.0
2020-06-27,30.457916666666666,26.784583333333334,30.54041666666667,-3.673333333333332,0.08250000000000313
2020-06-28,29.534583333333334,18.187083333333334,29.534583333333334,-11.3475,0.0
2020-06-29,37.3975,29.244583333333335,37.3975,-8.152916666666666,0.0
2020-06-30,37.574999999999996,34.360416666666666,37.574999999999996,-3.21458333333333,0.0
2020-07-01,37.454166666666666,35.125,37.454166666666666,-2.3291666666666657,0.0
2020-07-02,34.51291666666666,38.944583333333334,34.433749999999996,4.431666666666672,-0.07916666666666572
2020-07-03,34.915,36.5675,34.915,1.6525000000000034,0.0
2020-07-04,28.677083333333332,21.88208333333333,28.677083333333332,-6.795000000000002,0.0
2020-07-05,25.859166666666667,3.1929166666666666,25.859166666666667,-22.66625,0.0
2020-07-06,28.39375,27.13,28.39375,-1.2637500000000017,0.0
2020-07-07,35.19875,35.0925,35.19875,-0.10624999999999574,0.0
2020-07-08,37.788333333333334,41.26375,37.788333333333334,3.4754166666666677,0.0
2020-07-09,39.945,41.541666666666664,39.945,1.596666666666664,0.0
2020-07-10,37.94708333333333,38.02041666666667,37.94708333333333,0.07333333333333769,0.0
2020-07-11,29.106666666666666,29.383750000000003,29.106666666666666,0.2770833333333371,0.0
2020-07-12,28.79875,24.898750000000003,28.79875,-3.899999999999995,0.0
2020-07-13,33.95666666666667,34.68083333333333,33.95666666666667,0.7241666666666617,0.0
2020-07-14,33.622499999999995,35.11958333333333,33.622499999999995,1.497083333333336,0.0
2020-07-15,31.05875,39.942083333333336,31.05875,8.883333333333336,0.0
2020-07-16,34.8925,40.264583333333334,34.8925,5.372083333333336,0.0
2020-07-17,32.172916666666666,36.977916666666665,32.172916666666666,4.805,0.0
2020-07-18,30.831666666666667,30.10166666666667,30.831666666666667,-0.7299999999999969,0.0
2020-07-19,30.454583333333332,28.137916666666666,30.454583333333332,-2.3166666666666664,0.0
2020-07-20,35.55083333333334,35.42,35.558749999999996,-0.13083333333333513,0.007916666666659467
2020-07-21,36.07041666666667,36.05083333333334,36.07041666666667,-0.019583333333329733,0.0
2020-07-22,40.84291666666667,37.71125,40.84291666666667,-3.1316666666666677,0.0
2020-07-23,42.03666666666667,39.433749999999996,42.03666666666667,-2.6029166666666725,0.0
2020-07-24,36.09791666666667,33.962916666666665,36.09791666666667,-2.135000000000005,0.0
2020-07-25,33.321666666666665,27.292916666666667,33.321666666666665,-6.028749999999999,0.0
2020-07-26,29.777916666666666,20.155833333333334,29.777916666666666,-9.622083333333332,0.0
2020-07-27,38.2825,35.04708333333333,38.2825,-3.2354166666666657,0.0
2020-07-28,35.88916666666667,32.98833333333334,35.88916666666667,-2.900833333333331,0.0
2020-07-29,37.74666666666666,37.6875,37.74666666666666,-0.05916666666666259,0.0
2020-07-30,40.44625,40.358333333333334,40.44625,-0.08791666666666487,0.0
2020-07-31,42.067083333333336,41.40916666666667,42.01083333333333,-0.6579166666666652,-0.056250000000005684
2020-08-01,33.50416666666667,32.795833333333334,33.50416666666667,-0.7083333333333357,0.0
2020-08-02,28.642916666666665,28.34375,28.674583333333334,-0.2991666666666646,0.03166666666666984
2020-08-03,36.61708333333333,36.69708333333333,36.6,0.0799999999999983,-0.017083333333332007
2020-08-04,35.39875,34.80583333333333,35.39875,-0.5929166666666674,0.0
2020-08-05,36.433749999999996,33.30833333333333,36.433749999999996,-3.1254166666666663,0.0
2020-08-06,37.36291666666667,36.717083333333335,37.31875,-0.6458333333333357,-0.04416666666666913
2020-08-07,38.59583333333333,38.00208333333333,38.4675,-0.59375,-0.1283333333333303
2020-08-08,36.91291666666667,33.17208333333333,36.91291666666667,-3.7408333333333346,0.0
2020-08-09,34.652499999999996,30.176666666666666,34.652499999999996,-4.47583333333333,0.0
2020-08-10,38.08958333333333,38.504583333333336,38.09375,0.41500000000000625,0.0041666666666699825
2020-08-11,38.88,39.885,38.88,1.0049999999999955,0.0
2020-08-12,39.27375,40.489583333333336,39.27375,1.215833333333336,0.0
2020-08-13,40.51958333333334,39.32875,40.51958333333334,-1.1908333333333374,0.0
2020-08-14,36.711666666666666,37.70333333333333,36.711666666666666,0.9916666666666671,0.0
2020-08-15,31.554166666666664,31.864583333333332,31.554166666666664,0.31041666666666856,0.0
2020-08-16,29.078333333333333,28.800833333333333,29.973333333333333,-0.27749999999999986,0.8949999999999996
2020-08-17,36.211666666666666,39.93541666666667,36.11166666666667,3.7237500000000026,-0.09999999999999432
2020-08-18,38.51375,41.28458333333334,38.51375,2.7708333333333357,0.0
2020-08-19,34.903749999999995,38.138749999999995,34.903749999999995,3.2349999999999994,0.0
2020-08-20,34.4975,37.79291666666666,34.4975,3.295416666666661,0.0
2020-08-21,33.584583333333335,32.905833333333334,33.66791666666666,-0.6787500000000009,0.0833333333333286
2020-08-22,32.17375,25.0175,32.17375,-7.15625,0.0
2020-08-23,29.220416666666665,22.152916666666666,29.55875,-7.067499999999999,0.3383333333333347
2020-08-24,38.702083333333334,44.72875,37.689166666666665,6.026666666666664,-1.0129166666666691
2020-08-25,39.85208333333333,39.70333333333333,39.737500000000004,-0.14874999999999972,-0.1145833333333286
2020-08-26,39.4925,37.39666666666667,38.87708333333333,-2.0958333333333314,-0.6154166666666683
2020-08-27,46.24583333333334,52.82125,45.33375,6.575416666666662,-0.9120833333333351
2020-08-28,39.80041666666667,42.61416666666667,38.97541666666667,2.813749999999999,-0.8250000000000028
2020-08-29,30.95875,36.24333333333333,30.95875,5.284583333333334,0.0
2020-08-30,33.747499999999995,33.747499999999995,33.747499999999995,0.0,0.0
2020-08-31,42.00625,54.30875,41.84291666666667,12.302500000000002,-0.163333333333334
2020-09-01,46.012499999999996,49.867916666666666,45.850833333333334,3.8554166666666703,-0.16166666666666174
2020-09-02,44.20250000000001,49.824999999999996,44.20250000000001,5.622499999999988,0.0
2020-09-03,46.155833333333334,46.98,45.93375,0.8241666666666632,-0.2220833333333303
2020-09-04,43.97333333333333,44.37708333333333,43.97333333333333,0.4037500000000023,0.0
2020-09-05,35.2025,35.377916666666664,35.2025,0.17541666666666345,0.0
2020-09-06,31.67375,34.879583333333336,31.785,3.205833333333338,0.11125000000000185
2020-09-07,39.52833333333333,45.85375,39.52833333333333,6.325416666666669,0.0
2020-09-08,41.535833333333336,46.58583333333333,41.535833333333336,5.049999999999997,0.0
2020-09-09,46.07916666666667,49.47708333333333,46.07916666666667,3.39791666666666,0.0
2020-09-10,45.09791666666666,50.925000000000004,45.09791666666666,5.827083333333341,0.0
2020-09-11,46.9625,52.43333333333333,46.9625,5.470833333333331,0.0
2020-09-12,40.38625,39.864583333333336,40.38625,-0.5216666666666612,0.0
2020-09-13,35.06041666666667,34.71041666666667,35.06041666666667,-0.3500000000000014,0.0
2020-09-14,43.49125,55.23374999999999,43.49125,11.742499999999993,0.0
2020-09-15,48.90208333333334,72.75625000000001,48.90208333333334,23.85416666666667,0.0
2020-09-16,51.04833333333334,57.831250000000004,50.81375,6.782916666666665,-0.23458333333334025
2020-09-17,47.106249999999996,50.251666666666665,47.10375,3.1454166666666694,-0.0024999999999977263
2020-09-18,43.38375,44.71083333333333,43.38375,1.3270833333333343,0.0
2020-09-19,39.33708333333333,39.58625,39.33708333333333,0.24916666666666742,0.0
2020-09-20,39.17375,38.90416666666667,39.17375,-0.26958333333332973,0.0
2020-09-21,49.25625,64.39541666666666,49.11708333333333,15.13916666666666,-0.139166666666668
2020-09-22,50.666666666666664,55.5425,50.627916666666664,4.875833333333333,-0.038750000000000284
2020-09-23,44.97666666666667,48.763749999999995,44.97666666666667,3.787083333333328,0.0
2020-09-24,39.71666666666667,43.64416666666667,39.71666666666667,3.927500000000002,0.0
2020-09-25,26.885833333333334,41.92791666666667,26.885833333333334,15.042083333333334,0.0
2020-09-26,29.247083333333332,33.27458333333333,29.247083333333332,4.0275,0.0
2020-09-27,24.722083333333334,31.048333333333332,24.722083333333334,6.326249999999998,0.0
2020-09-28,41.4325,47.260416666666664,41.401666666666664,5.827916666666667,-0.030833333333333712
2020-09-29,48.348749999999995,58.8175,48.262499999999996,10.468750000000007,-0.08624999999999972
2020-09-30,49.14666666666667,50.78583333333333,49.145,1.6391666666666609,-0.0016666666666651508
2020-10-01,41.47666666666667,44.087916666666665,41.149166666666666,2.6112499999999983,-0.32750000000000057
2020-10-02,24.795833333333334,38.49875,24.795833333333334,13.702916666666667,0.0
2020-10-03,19.133333333333333,29.960416666666664,19.133333333333333,10.82708333333333,0.0
2020-10-04,14.399583333333332,17.70875,14.640416666666667,3.309166666666666,0.24083333333333456
2020-10-05,35.12375,33.735,33.64333333333334,-1.3887500000000017,-1.4804166666666632
2020-10-06,40.99875,35.32833333333333,40.99875,-5.670416666666668,0.0
2020-10-07,43.01791666666667,38.33375,42.89833333333333,-4.68416666666667,-0.11958333333333826
2020-10-08,43.95416666666667,37.22125,43.95416666666667,-6.732916666666675,0.0
2020-10-09,44.38916666666666,42.24916666666667,43.53375,-2.1399999999999935,-0.8554166666666632
2020-10-10,32.489583333333336,33.52291666666667,32.489583333333336,1.0333333333333314,0.0
2020-10-11,27.844166666666666,32.76083333333333,27.844166666666666,4.916666666666664,0.0
2020-10-12,38.37583333333333,47.189166666666665,38.37583333333333,8.813333333333333,0.0
2020-10-13,40.46666666666667,46.95083333333333,40.46666666666667,6.48416666666666,0.0
2020-10-14,36.735,43.30083333333334,36.60458333333333,6.565833333333337,-0.13041666666666885
2020-10-15,39.33416666666667,44.02625,39.209583333333335,4.692083333333329,-0.12458333333333371
2020-10-16,43.32541666666666,47.80375,43.31916666666667,4.478333333333339,-0.006249999999994316
2020-10-17,42.365833333333335,41.92333333333333,42.32,-0.44250000000000256,-0.04583333333333428
2020-10-18,40.25625,39.166666666666664,39.91916666666666,-1.0895833333333371,-0.3370833333333394
2020-10-19,35.71083333333333,44.62833333333333,35.71083333333333,8.917499999999997,0.0
2020-10-20,36.03333333333333,39.270833333333336,36.03333333333333,3.2375000000000043,0.0
2020-10-21,36.58,38.99333333333333,36.483333333333334,2.413333333333334,-0.09666666666666401
2020-10-22,45.22125,44.02333333333333,44.55291666666667,-1.1979166666666643,-0.6683333333333294
2020-10-23,45.19,46.67666666666667,45.19,1.4866666666666717,0.0
2020-10-24,32.254583333333336,31.18041666666667,32.254583333333336,-1.0741666666666667,0.0
2020-10-25,14.779200000000001,17.8828,14.779200000000001,3.1035999999999984,0.0
2020-10-26,34.430416666666666,39.645833333333336,34.430416666666666,5.21541666666667,0.0
2020-10-27,39.95166666666667,38.88333333333333,39.95166666666667,-1.0683333333333351,0.0
2020-10-28,43.36166666666667,38.20041666666666,43.36166666666667,-5.16125000000001,0.0
2020-10-29,44.942499999999995,37.184583333333336,44.942499999999995,-7.7579166666666595,0.0
2020-10-30,41.58,33.022083333333335,41.58,-8.557916666666664,0.0
2020-10-31,35.77041666666667,31.98,35.81541666666667,-3.790416666666669,0.045000000000001705
2020-11-01,27.215833333333332,17.345,33.30125,-9.870833333333334,6.085416666666671
2020-11-02,40.893750000000004,26.6975,40.834583333333335,-14.196250000000003,-0.0591666666666697
2020-11-03,39.02333333333333,36.9925,39.02333333333333,-2.0308333333333337,0.0
2020-11-04,38.795,41.62583333333333,38.795,2.830833333333331,0.0
2020-11-05,33.98708333333334,39.01541666666667,33.98708333333334,5.028333333333329,0.0
2020-11-06,34.97958333333333,40.33375,34.97958333333333,5.354166666666671,0.0
2020-11-07,33.529583333333335,35.206250000000004,33.529583333333335,1.6766666666666694,0.0
2020-11-08,34.64416666666667,35.02625,34.64416666666667,0.3820833333333269,0.0
2020-11-09,45.62083333333334,44.04083333333333,45.61958333333333,-1.5800000000000054,-0.0012500000000059686
2020-11-10,50.672083333333326,46.12833333333333,50.61166666666667,-4.543749999999996,-0.06041666666665435
2020-11-11,43.300000000000004,39.78125,43.300000000000004,-3.5187500000000043,0.0
2020-11-12,45.346666666666664,40.885,45.346666666666664,-4.461666666666666,0.0
2020-11-13,44.51499999999999,41.160833333333336,44.51499999999999,-3.354166666666657,0.0
2020-11-14,38.11291666666667,36.115833333333335,38.11291666666667,-1.997083333333336,0.0
2020-11-15,24.139166666666668,13.187083333333334,24.564166666666665,-10.952083333333334,0.42499999999999716
2020-11-16,42.47625,31.28625,42.47625,-11.190000000000001,0.0
2020-11-17,44.74625,40.004583333333336,44.74625,-4.741666666666667,0.0
2020-11-18,42.45916666666667,39.24375,42.392916666666665,-3.2154166666666697,-0.0662500000000037
2020-11-19,39.07958333333333,33.655833333333334,39.07958333333333,-5.423749999999998,0.0
2020-11-20,41.30125,44.385,41.168749999999996,3.083749999999995,-0.1325000000000074
2020-11-21,40.25,38.28875,40.25,-1.9612499999999997,0.0
2020-11-22,42.000416666666666,38.050000000000004,42.000416666666666,-3.950416666666662,0.0
2020-11-23,50.51,48.291666666666664,49.70916666666667,-2.2183333333333337,-0.8008333333333297
2020-11-24,46.68,46.750416666666666,46.635416666666664,0.07041666666666657,-0.04458333333333542
2020-11-25,47.34166666666667,47.455000000000005,47.27875,0.11333333333333684,-0.06291666666666629
2020-11-26,48.16291666666667,54.675000000000004,48.16291666666667,6.5120833333333366,0.0
2020-11-27,52.55833333333334,60.085,52.55833333333334,7.526666666666664,0.0
2020-11-28,48.07041666666667,47.68666666666667,48.07041666666667,-0.38374999999999915,0.0
2020-11-29,45.442499999999995,45.42791666666667,45.442499999999995,-0.014583333333327175,0.0
2020-11-30,52.23041666666666,54.52458333333333,51.62083333333334,2.294166666666669,-0.609583333333326
2020-12-01,50.36416666666667,55.56666666666666,50.33708333333333,5.2024999999999935,-0.027083333333337123
2020-12-02,49.4625,74.29,49.4625,24.827500000000008,0.0
2020-12-03,49.49041666666667,53.156666666666666,49.32083333333333,3.666249999999998,-0.16958333333333542
2020-12-04,43.35958333333334,51.15083333333333,43.35958333333334,7.791249999999991,0.0
2020-12-05,45.21458333333334,51.05083333333334,45.21458333333334,5.83625,0.0
2020-12-06,39.98583333333333,46.15166666666667,39.98583333333333,6.165833333333339,0.0
2020-12-07,38.01583333333333,61.70291666666666,38.01583333333333,23.687083333333327,0.0
2020-12-08,27.482916666666668,66.73166666666667,27.482916666666668,39.24875,0.0
2020-12-09,47.51666666666667,76.02499999999999,47.51666666666667,28.50833333333332,0.0
2020-12-10,43.41708333333333,70.23083333333334,43.41708333333333,26.813750000000006,0.0
2020-12-11,37.24666666666666,52.20583333333334,37.24666666666666,14.959166666666675,0.0
2020-12-12,36.26625,46.2175,36.26625,9.951250000000002,0.0
2020-12-13,43.192499999999995,43.9275,43.192499999999995,0.7350000000000065,0.0
2020-12-14,46.49458333333333,47.54208333333333,46.49458333333333,1.0474999999999994,0.0
2020-12-15,48.9175,52.42875,48.9175,3.511250000000004,0.0
2020-12-16,49.344166666666666,52.09625,49.344166666666666,2.7520833333333314,0.0
2020-12-17,56.87166666666667,54.817499999999995,56.87166666666667,-2.0541666666666742,0.0
2020-12-18,49.11083333333334,48.2825,49.11083333333334,-0.8283333333333402,0.0
2020-12-19,44.262499999999996,38.579166666666666,44.29791666666667,-5.68333333333333,0.03541666666667709
2020-12-20,43.42166666666666,41.39875,43.744166666666665,-2.02291666666666,0.3225000000000051
2020-12-21,46.78708333333333,45.11041666666667,46.78708333333333,-1.6766666666666552,0.0
2020-12-22,46.709583333333335,34.545,46.709583333333335,-12.164583333333333,0.0
2020-12-23,46.29750000000001,41.88791666666666,46.32208333333333,-4.4095833333333445,0.024583333333325186
2020-12-24,39.939166666666665,29.92916666666667,39.939166666666665,-10.009999999999994,0.0
2020-12-25,16.035833333333333,25.735833333333332,16.035833333333333,9.7,0.0
2020-12-26,32.86416666666667,29.747083333333332,32.86416666666667,-3.117083333333337,0.0
2020-12-27,26.505,19.578333333333333,28.31375,-6.926666666666666,1.8087499999999999
2020-12-28,20.040833333333335,42.08625,20.040833333333335,22.045416666666664,0.0
2020-12-29,38.66166666666667,49.22708333333333,38.66166666666667,10.565416666666664,0.0
2020-12-30,48.98458333333334,50.27458333333333,49.077916666666674,1.289999999999992,0.09333333333333371
2020-12-31,48.66,49.23291666666666,48.66,0.5729166666666643,0.0
2021-01-01,42.51,48.39833333333333,42.51,5.888333333333335,0.0
2021-01-02,48.720416666666665,50.5625,48.720416666666665,1.8420833333333348,0.0
2021-01-03,46.9275,47.09583333333333,47.159166666666664,0.16833333333332945,0.23166666666666202
2021-01-04,59.84958333333333,59.2725,59.84958333333333,-0.5770833333333272,0.0
2021-01-05,67.54541666666667,63.85208333333333,67.54541666666667,-3.693333333333335,0.0
2021-01-06,70.59916666666668,70.1625,70.59916666666668,-0.43666666666668164,0.0
2021-01-07,88.92625,82.10291666666667,88.92625,-6.8233333333333235,0.0
2021-01-08,94.98875,84.85458333333334,94.98875,-10.134166666666658,0.0
2021-01-09,80.66,60.595416666666665,83.79833333333333,-20.06458333333333,3.1383333333333354
2021-01-10,66.27083333333333,56.85166666666667,70.6025,-9.419166666666662,4.331666666666678
2021-01-11,82.45,67.68916666666667,82.45,-14.760833333333338,0.0
2021-01-12,84.24499999999999,63.53541666666666,85.53791666666666,-20.709583333333327,1.2929166666666703
2021-01-13,89.93541666666665,73.85416666666667,91.41541666666667,-16.081249999999983,1.4800000000000182
2021-01-14,87.25208333333335,73.33458333333333,87.25208333333335,-13.917500000000018,0.0
2021-01-15,78.42041666666667,72.31958333333334,79.745,-6.100833333333327,1.3245833333333366
2021-01-16,67.72,57.78041666666667,68.10666666666667,-9.939583333333331,0.38666666666667027
2021-01-17,64.51125,56.655833333333334,67.12958333333333,-7.85541666666667,2.618333333333325
2021-01-18,82.07625,69.16666666666667,82.07625,-12.90958333333333,0.0
2021-01-19,76.46541666666667,60.38958333333333,76.46541666666667,-16.075833333333343,0.0
2021-01-20,51.6625,49.13458333333333,51.6625,-2.5279166666666697,0.0
2021-01-21,41.63875,41.59708333333334,43.56666666666666,-0.0416666666666643,1.9279166666666612
2021-01-22,41.974583333333335,49.95041666666666,41.974583333333335,7.975833333333327,0.0
2021-01-23,27.495,51.805416666666666,27.495,24.310416666666665,0.0
2021-01-24,28.724999999999998,49.159166666666664,28.724999999999998,20.434166666666666,0.0
2021-01-25,59.41833333333333,61.6975,58.54583333333333,2.2791666666666686,-0.8725000000000023
2021-01-26,65.97791666666667,64.12166666666667,65.97791666666667,-1.8562500000000028,0.0
2021-01-27,59.774166666666666,59.2575,60.06166666666667,-0.5166666666666657,0.2875000000000014
2021-01-28,55.39041666666666,55.010416666666664,55.39041666666666,-0.37999999999999545,0.0
2021-01-29,47.38916666666666,47.713750000000005,47.60541666666666,0.32458333333334366,0.21625000000000227
2021-01-30,4.185833333333333,48.02458333333333,4.185833333333333,43.83875,0.0
2021-01-31,1.4195833333333334,47.93416666666667,1.4195833333333334,46.514583333333334,0.0
2021-02-01,11.8975,56.812916666666666,11.8975,44.915416666666665,0.0
2021-02-02,26.337500000000002,48.70041666666666,26.337500000000002,22.36291666666666,0.0
2021-02-03,36.262499999999996,41.86708333333333,36.262499999999996,5.604583333333338,0.0
2021-02-04,52.19708333333333,52.260416666666664,52.19708333333333,0.06333333333333258,0.0
2021-02-05,50.99125,51.522083333333335,50.99125,0.5308333333333337,0.0
2021-02-06,36.01583333333333,38.34166666666667,36.01583333333333,2.3258333333333354,0.0
2021-02-07,12.580833333333333,26.027916666666666,12.580833333333333,13.447083333333333,0.0
2021-02-08,8.296666666666667,50.065416666666664,8.296666666666667,41.76875,0.0
2021-02-09,7.104166666666667,65.31083333333333,6.6312500000000005,58.20666666666667,-0.47291666666666643
2021-02-10,26.259583333333335,72.48416666666667,21.607916666666668,46.22458333333333,-4.651666666666667
2021-02-11,48.00458333333333,79.00500000000001,47.620000000000005,31.00041666666668,-0.3845833333333246
2021-02-12,36.935833333333335,63.45875,36.64083333333333,26.522916666666667,-0.2950000000000017
2021-02-13,36.900416666666665,54.645,36.900416666666665,17.74458333333334,0.0
2021-02-14,13.378749999999998,47.815,13.378749999999998,34.43625,0.0
2021-02-15,14.85125,52.09583333333333,13.513750000000002,37.24458333333333,-1.3374999999999986
2021-02-16,23.982083333333335,53.68,23.90041666666667,29.697916666666664,-0.081666666666667
2021-02-17,41.930416666666666,49.86625,41.930416666666666,7.935833333333335,0.0
2021-02-18,36.17791666666667,48.34916666666666,36.17791666666667,12.171249999999993,0.0
2021-02-19,22.269166666666667,47.53958333333333,22.269166666666667,25.270416666666666,0.0
2021-02-20,2.185416666666667,32.74166666666667,2.0191666666666666,30.55625,-0.16625000000000023
2021-02-21,5.6745833333333335,32.152499999999996,5.6745833333333335,26.477916666666662,0.0
2021-02-22,39.39083333333333,48.50541666666667,39.39083333333333,9.114583333333336,0.0
2021-02-23,43.6475,44.39958333333333,43.45166666666666,0.7520833333333314,-0.19583333333333997
2021-02-24,24.8225,35.97875,23.830000000000002,11.156249999999996,-0.9924999999999997
2021-02-25,45.83291666666667,46.156666666666666,46.026250000000005,0.3237499999999969,0.19333333333333513
2021-02-26,46.09291666666667,47.706250000000004,46.05791666666667,1.6133333333333368,-0.03499999999999659
2021-02-27,29.243750000000002,44.076249999999995,29.243750000000002,14.832499999999992,0.0
2021-02-28,18.533333333333335,40.762499999999996,18.533333333333335,22.22916666666666,0.0
2021-03-01,42.24208333333333,49.95583333333334,42.24208333333333,7.7137500000000045,0.0
2021-03-02,52.66625,54.16291666666667,52.66625,1.4966666666666697,0.0
2021-03-03,53.24375,53.02375,53.24375,-0.21999999999999886,0.0
2021-03-04,55.42583333333334,54.281666666666666,55.26499999999999,-1.1441666666666706,-0.16083333333334338
2021-03-05,52.45375000000001,52.38833333333333,52.348749999999995,-0.06541666666667822,-0.10500000000001108
2021-03-06,45.07333333333333,44.93958333333333,45.07333333333333,-0.13374999999999915,0.0
2021-03-07,47.053333333333335,46.63041666666667,46.98375000000001,-0.4229166666666657,-0.06958333333332689
2021-03-08,54.425000000000004,61.73541666666667,54.425000000000004,7.310416666666669,0.0
2021-03-09,56.87916666666666,61.20333333333334,56.87916666666666,4.324166666666677,0.0
2021-03-10,55.8675,54.20166666666666,55.8675,-1.6658333333333388,0.0
2021-03-11,40.75958333333333,39.85958333333333,41.49166666666667,-0.8999999999999986,0.7320833333333354
2021-03-12,40.1625,37.36083333333333,40.1625,-2.8016666666666694,0.0
2021-03-13,27.752916666666664,23.6075,27.752916666666664,-4.145416666666662,0.0
2021-03-14,24.544583333333332,24.742500000000003,24.544583333333332,0.1979166666666714,0.0
2021-03-15,47.585,50.11166666666667,47.585,2.526666666666671,0.0
2021-03-16,34.514583333333334,56.229166666666664,34.514583333333334,21.71458333333333,0.0
2021-03-17,17.34958333333333,56.17541666666667,17.115416666666665,38.825833333333335,-0.23416666666666686
2021-03-18,32.772083333333335,64.25958333333334,32.772083333333335,31.487500000000004,0.0
2021-03-19,29.66125,56.531666666666666,29.66125,26.870416666666667,0.0
2021-03-20,22.18875,51.4625,22.18875,29.27375,0.0
2021-03-21,30.275000000000002,40.44916666666666,30.275000000000002,10.174166666666661,0.0
2021-03-22,55.79416666666666,60.84833333333333,55.79416666666666,5.054166666666667,0.0
2021-03-23,64.47125,63.571666666666665,64.32583333333334,-0.8995833333333323,-0.1454166666666623
2021-03-24,64.81541666666666,61.41458333333333,64.70333333333333,-3.400833333333331,-0.11208333333333087
2021-03-25,66.35375,59.484166666666674,65.73916666666666,-6.869583333333331,-0.6145833333333428
2021-03-26,60.31041666666667,53.92291666666667,60.31041666666667,-6.387499999999996,0.0
2021-03-27,41.10583333333333,36.380833333333335,41.10583333333333,-4.724999999999994,0.0
2021-03-28,38.60130434782609,28.31260869565217,38.60130434782609,-10.288695652173917,0.0
2021-03-29,45.69166666666666,46.05375,45.35375,0.362083333333338,-0.33791666666666487
2021-03-30,53.532916666666665,55.41458333333333,52.935833333333335,1.8816666666666677,-0.5970833333333303
2021-03-31,55.15875,57.04291666666666,54.87291666666667,1.8841666666666654,-0.28583333333332916
2021-04-01,52.117916666666666,52.78625,52.117916666666666,0.6683333333333366,0.0
2021-04-02,51.00416666666666,41.35166666666667,51.00416666666666,-9.652499999999996,0.0
2021-04-03,35.175000000000004,35.00125,36.481249999999996,-0.1737500000000054,1.3062499999999915
2021-04-04,27.735,29.20375,27.735,1.46875,0.0
2021-04-05,44.552083333333336,26.813333333333333,44.552083333333336,-17.738750000000003,0.0
2021-04-06,55.97,58.51333333333333,55.97,2.5433333333333294,0.0
2021-04-07,66.11166666666666,75.25875,66.11166666666666,9.147083333333342,0.0
2021-04-08,69.77541666666666,71.50916666666667,69.62,1.7337500000000148,-0.1554166666666532
2021-04-09,71.86749999999999,72.62791666666666,70.72500000000001,0.7604166666666714,-1.142499999999984
2021-04-10,65.00541666666668,59.62875,65.00541666666668,-5.376666666666679,0.0
2021-04-11,52.01291666666666,53.34,52.01291666666666,1.3270833333333414,0.0
2021-04-12,63.03541666666667,72.01375,63.03541666666667,8.978333333333332,0.0
2021-04-13,75.4975,83.61541666666666,74.81416666666667,8.117916666666659,-0.6833333333333371
2021-04-14,73.95666666666666,80.65583333333333,73.01041666666667,6.69916666666667,-0.946249999999992
2021-04-15,68.185,74.31958333333334,67.98,6.134583333333339,-0.2049999999999983
2021-04-16,68.9275,71.42041666666667,68.9275,2.492916666666673,0.0
2021-04-17,64.18833333333333,64.45791666666666,64.20708333333333,0.26958333333332973,0.018749999999997158
2021-04-18,64.53916666666667,64.32916666666667,64.53916666666667,-0.21000000000000796,0.0
2021-04-19,79.02499999999999,82.15666666666667,78.94166666666666,3.131666666666675,-0.0833333333333286
2021-04-20,78.57625,81.13875,78.0625,2.5625,-0.5137500000000017
2021-04-21,79.59625,78.27333333333333,79.50541666666668,-1.3229166666666714,-0.09083333333332178
2021-04-22,74.41416666666667,70.11041666666667,74.41416666666667,-4.303750000000008,0.0
2021-04-23,68.55541666666666,65.18541666666667,68.55541666666666,-3.3699999999999903,0.0
2021-04-24,57.31166666666667,53.01791666666667,57.31166666666667,-4.293749999999996,0.0
2021-04-25,61.08833333333333,37.447916666666664,61.08833333333333,-23.640416666666667,0.0
2021-04-26,75.98833333333333,60.653333333333336,75.98833333333333,-15.334999999999994,0.0
2021-04-27,77.95333333333333,66.55624999999999,77.95333333333333,-11.397083333333342,0.0
2021-04-28,74.40416666666667,69.4325,74.40416666666667,-4.971666666666664,0.0
2021-04-29,74.66833333333334,68.72333333333334,74.66833333333334,-5.944999999999993,0.0
2021-04-30,79.28583333333333,73.57708333333333,79.28583333333333,-5.708749999999995,0.0
2021-05-01,59.36166666666667,57.01458333333333,59.36166666666667,-2.3470833333333445,0.0
2021-05-02,61.39166666666667,46.805416666666666,61.39166666666667,-14.586250000000007,0.0
2021-05-03,73.54041666666667,66.64333333333333,73.45208333333333,-6.897083333333342,-0.08833333333333826
2021-05-04,81.27,36.990833333333335,81.27,-44.27916666666666,0.0
2021-05-05,75.71458333333332,62.48374999999999,75.71458333333332,-13.23083333333333,0.0
2021-05-06,73.10833333333333,73.14541666666666,73.10833333333333,0.03708333333332803,0.0
2021-05-07,73.49916666666667,72.43208333333332,73.49916666666667,-1.0670833333333434,0.0
2021-05-08,47.25208333333333,47.317499999999995,47.515833333333326,0.06541666666666401,0.2637499999999946
2021-05-09,10.5275,6.646666666666666,10.5275,-3.8808333333333342,0.0
2021-05-10,59.26458333333333,58.35833333333333,59.26458333333333,-0.90625,0.0
2021-05-11,54.05041666666667,72.17166666666667,54.05041666666667,18.121249999999996,0.0
2021-05-12,53.04333333333333,68.76833333333333,54.55083333333334,15.725000000000001,1.5075000000000074
2021-05-13,59.79624999999999,62.73541666666667,59.79624999999999,2.9391666666666794,0.0
2021-05-14,71.52958333333333,71.52958333333333,71.52958333333333,0.0,0.0
2021-05-15,43.15625,57.48916666666667,43.555416666666666,14.33291666666667,0.399166666666666
2021-05-16,26.649583333333336,30.128333333333334,26.649583333333336,3.478749999999998,0.0
2021-05-17,76.81958333333334,69.89874999999999,76.22083333333333,-6.9208333333333485,-0.5987500000000097
2021-05-18,77.64999999999999,74.17875,77.64999999999999,-3.4712499999999977,0.0
2021-05-19,77.11041666666667,76.88416666666667,76.74374999999999,-0.22624999999999318,-0.36666666666667425
2021-05-20,79.79208333333334,69.34291666666667,79.70666666666666,-10.44916666666667,-0.08541666666667425
2021-05-21,69.54083333333334,28.0525,68.88041666666666,-41.488333333333344,-0.6604166666666771
2021-05-22,66.40708333333333,17.986666666666668,66.40708333333333,-48.42041666666667,0.0
2021-05-23,68.66791666666667,23.90041666666667,68.66791666666667,-44.7675,0.0
2021-05-24,67.40416666666667,32.81375,67.40416666666667,-34.59041666666667,0.0
2021-05-25,76.64375,59.83416666666667,76.5625,-16.80958333333333,-0.08124999999999716
2021-05-26,80.71958333333333,69.18125,80.52458333333333,-11.538333333333327,-0.1950000000000074
2021-05-27,86.22874999999999,72.52416666666666,86.22874999999999,-13.704583333333332,0.0
2021-05-28,88.95208333333333,73.3425,88.95208333333333,-15.609583333333333,0.0
2021-05-29,81.76708333333333,56.56666666666666,81.76708333333333,-25.20041666666667,0.0
2021-05-30,71.92916666666666,31.772499999999997,71.92916666666666,-40.156666666666666,0.0
2021-05-31,88.08416666666666,66.655,87.95583333333333,-21.42916666666666,-0.1283333333333303
2021-06-01,86.56458333333335,68.2175,86.56458333333335,-18.347083333333345,0.0
2021-06-02,84.84541666666667,65.9675,84.84541666666667,-18.877916666666664,0.0
2021-06-03,79.80208333333333,65.53875000000001,79.80208333333333,-14.263333333333321,0.0
2021-06-04,80.58624999999999,71.79666666666667,80.58624999999999,-8.789583333333326,0.0
2021-06-05,76.16791666666667,63.23458333333334,76.16791666666667,-12.93333333333333,0.0
2021-06-06,68.86833333333333,57.5525,68.86833333333333,-11.315833333333323,0.0
2021-06-07,79.69083333333333,77.34125,79.69083333333333,-2.349583333333328,0.0
2021-06-08,82.33416666666666,76.17833333333333,82.07791666666667,-6.155833333333334,-0.2562499999999943
2021-06-09,81.60166666666667,75.56833333333334,81.60166666666667,-6.033333333333331,0.0
2021-06-10,83.33624999999999,78.18791666666667,83.23916666666666,-5.148333333333326,-0.0970833333333303
2021-06-11,82.53458333333333,77.52374999999999,82.29375,-5.010833333333338,-0.24083333333332746
2021-06-12,77.59833333333333,46.705000000000005,77.59833333333333,-30.893333333333324,0.0
2021-06-13,79.19583333333334,26.00791666666667,79.19583333333334,-53.187916666666666,0.0
2021-06-14,88.47416666666668,75.06875000000001,88.95875000000001,-13.405416666666667,0.48458333333333314
2021-06-15,90.95083333333334,82.52374999999999,90.71708333333333,-8.427083333333343,-0.23375000000000057
2021-06-16,94.63291666666667,86.84958333333333,94.63291666666667,-7.783333333333346,0.0
2021-06-17,92.99666666666667,82.24166666666666,92.99666666666667,-10.75500000000001,0.0
2021-06-18,92.67416666666666,80.72166666666666,92.67416666666666,-11.9525,0.0
2021-06-19,87.22416666666668,73.15916666666666,87.22416666666668,-14.065000000000012,0.0
2021-06-20,52.63458333333333,57.88833333333333,52.63458333333333,5.253749999999997,0.0
2021-06-21,82.55166666666666,77.63250000000001,82.55166666666666,-4.919166666666655,0.0
2021-06-22,89.52499999999999,83.17999999999999,89.52499999999999,-6.344999999999999,0.0
2021-06-23,89.88375,84.34333333333333,89.88375,-5.5404166666666725,0.0
2021-06-24,85.73458333333333,88.97708333333333,85.73458333333333,3.2424999999999926,0.0
2021-06-25,86.56958333333334,86.39958333333334,86.56958333333334,-0.1700000000000017,0.0
2021-06-26,83.99208333333333,76.44416666666667,83.99208333333333,-7.5479166666666515,0.0
2021-06-27,64.21166666666666,51.90541666666667,64.21166666666666,-12.306249999999991,0.0
2021-06-28,86.435,87.83999999999999,86.435,1.404999999999987,0.0
2021-06-29,93.49125,90.07166666666666,93.49125,-3.4195833333333354,0.0
2021-06-30,93.88666666666667,90.23791666666666,93.88666666666667,-3.648750000000007,0.0
2021-07-01,92.44083333333333,87.79,92.44083333333333,-4.650833333333324,0.0
2021-07-02,99.79791666666667,96.45833333333333,99.79791666666667,-3.339583333333337,0.0
2021-07-03,94.2275,83.79416666666667,94.2275,-10.433333333333337,0.0
2021-07-04,79.42666666666666,79.35875,79.42666666666666,-0.06791666666666174,0.0
2021-07-05,93.85041666666666,92.64041666666667,93.85041666666666,-1.2099999999999937,0.0
2021-07-06,93.57125,80.94541666666667,93.57125,-12.625833333333333,0.0
2021-07-07,98.72375,98.10041666666666,98.72375,-0.6233333333333348,0.0
2021-07-08,93.67458333333333,93.89791666666667,93.67458333333333,0.22333333333334338,0.0
2021-07-09,93.4975,90.68624999999999,93.4975,-2.8112500000000153,0.0
2021-07-10,90.47833333333334,81.60333333333334,90.47833333333334,-8.875,0.0
2021-07-11,90.76625,77.74,90.76625,-13.026250000000005,0.0
2021-07-12,86.675,93.32541666666667,86.675,6.650416666666672,0.0
2021-07-13,94.39,94.19541666666667,94.39,-0.1945833333333269,0.0
2021-07-14,84.45875,70.23041666666667,84.45875,-14.228333333333325,0.0
2021-07-15,87.18374999999999,74.085,87.18374999999999,-13.098749999999995,0.0
2021-07-16,87.31708333333334,83.48458333333333,87.31708333333334,-3.8325000000000102,0.0
2021-07-17,90.95208333333333,63.380833333333335,90.95208333333333,-27.57125,0.0
2021-07-18,74.19375000000001,45.90833333333333,80.6375,-28.285416666666677,6.443749999999994
2021-07-19,98.80291666666666,89.36708333333333,98.64666666666666,-9.435833333333335,-0.15625
2021-07-20,101.82249999999999,91.17958333333333,101.11041666666667,-10.642916666666665,-0.7120833333333252
2021-07-21,106.57333333333334,91.01416666666667,106.57333333333334,-15.55916666666667,0.0
2021-07-22,101.51666666666667,88.18833333333333,101.51666666666667,-13.328333333333333,0.0
2021-07-23,95.88708333333334,87.76333333333334,95.88708333333334,-8.123750000000001,0.0
2021-07-24,92.01875,76.16083333333333,92.01875,-15.857916666666668,0.0
2021-07-25,93.20208333333333,61.388749999999995,93.20208333333333,-31.81333333333334,0.0
2021-07-26,99.52333333333333,86.61083333333333,99.52333333333333,-12.912499999999994,0.0
2021-07-27,99.04666666666667,84.39041666666667,99.04666666666667,-14.65625,0.0
2021-07-28,95.57416666666667,66.98833333333333,95.57416666666667,-28.58583333333334,0.0
2021-07-29,98.83166666666666,48.66166666666667,98.83166666666666,-50.169999999999995,0.0
2021-07-30,95.36625,42.67208333333334,95.36625,-52.69416666666665,0.0
2021-07-31,61.08625,27.45375,61.08625,-33.6325,0.0
2021-08-01,76.88666666666667,50.15208333333334,76.88666666666667,-26.734583333333333,0.0
2021-08-02,103.07458333333334,80.73208333333334,103.07458333333334,-22.3425,0.0
2021-08-03,106.26666666666667,90.60000000000001,106.26666666666667,-15.666666666666657,0.0
2021-08-04,105.23916666666666,91.6275,105.23916666666666,-13.611666666666665,0.0
2021-08-05,101.60458333333332,86.20458333333333,101.60458333333332,-15.399999999999991,0.0
2021-08-06,97.21583333333332,18.798333333333332,97.21583333333332,-78.41749999999999,0.0
2021-08-07,65.63541666666667,43.147083333333335,65.63541666666667,-22.488333333333337,0.0
2021-08-08,85.29208333333334,0.28083333333333343,85.29208333333334,-85.01125,0.0
2021-08-09,106.74208333333333,66.57833333333333,106.74208333333333,-40.16374999999999,0.0
2021-08-10,111.87583333333333,86.27291666666667,111.87583333333333,-25.60291666666666,0.0
2021-08-11,113.99416666666667,99.16541666666666,113.99416666666667,-14.828750000000014,0.0
2021-08-12,115.82666666666667,104.93791666666668,115.82666666666667,-10.888749999999987,0.0
2021-08-13,117.29166666666667,93.66416666666667,117.29166666666667,-23.627499999999998,0.0
2021-08-14,114.63333333333333,70.06666666666666,114.63333333333333,-44.56666666666666,0.0
2021-08-15,110.02291666666667,51.77791666666667,110.02291666666667,-58.245000000000005,0.0
2021-08-16,88.92458333333333,47.40083333333333,88.92458333333333,-41.52375,0.0
2021-08-17,89.49958333333332,66.75791666666667,89.49958333333332,-22.741666666666646,0.0
2021-08-18,105.40375,80.12666666666667,106.79416666666667,-25.277083333333337,1.3904166666666669
2021-08-19,113.40416666666665,94.46625,113.40416666666665,-18.937916666666652,0.0
2021-08-20,117.13916666666667,101.055,117.13916666666667,-16.08416666666666,0.0
2021-08-21,110.14041666666667,91.46291666666667,110.14041666666667,-18.677499999999995,0.0
2021-08-22,100.50916666666666,75.78541666666666,100.50916666666666,-24.723749999999995,0.0
2021-08-23,99.755,90.89458333333334,99.755,-8.860416666666652,0.0
2021-08-24,102.06333333333333,78.99416666666667,102.06333333333333,-23.06916666666666,0.0
2021-08-25,116.73375,86.28708333333333,116.73375,-30.446666666666673,0.0
2021-08-26,122.75666666666666,93.20208333333333,122.75666666666666,-29.554583333333326,0.0
2021-08-27,118.99416666666667,96.02791666666667,118.99416666666667,-22.966250000000002,0.0
2021-08-28,110.22000000000001,74.0175,110.22000000000001,-36.202500000000015,0.0
2021-08-29,102.03416666666668,70.87708333333333,102.03416666666668,-31.157083333333347,0.0
2021-08-30,124.45125,106.85791666666667,124.45125,-17.593333333333334,0.0
2021-08-31,130.53041666666667,108.17083333333333,130.53041666666667,-22.359583333333333,0.0
2021-09-01,132.465,104.34375,132.465,-28.121250000000003,0.0
2021-09-02,140.22708333333333,107.18624999999999,140.22708333333333,-33.04083333333334,0.0
2021-09-03,137.70000000000002,110.11583333333333,137.70000000000002,-27.58416666666669,0.0
2021-09-04,134.89458333333332,107.35000000000001,134.89458333333332,-27.544583333333307,0.0
2021-09-05,128.69625,98.95666666666666,128.69625,-29.73958333333333,0.0
2021-09-06,132.645,123.98416666666667,132.645,-8.660833333333343,0.0
2021-09-07,127.35583333333334,123.69,127.35583333333334,-3.665833333333339,0.0
2021-09-08,135.65416666666667,122.38708333333334,135.65416666666667,-13.267083333333332,0.0
2021-09-09,141.7125,131.76208333333332,141.7125,-9.950416666666683,0.0
2021-09-10,152.31958333333333,137.23875,152.31958333333333,-15.080833333333317,0.0
2021-09-11,150.77916666666667,129.15125,150.77916666666667,-21.627916666666664,0.0
2021-09-12,144.17791666666668,109.56041666666665,144.17791666666668,-34.61750000000002,0.0
2021-09-13,154.15666666666667,139.41375,154.15666666666667,-14.742916666666673,0.0
2021-09-14,153.43,145.51541666666665,153.43,-7.914583333333354,0.0
2021-09-15,172.78333333333333,166.82541666666665,172.78333333333333,-5.9579166666666765,0.0
2021-09-16,188.17666666666665,169.36249999999998,188.17666666666665,-18.814166666666665,0.0
2021-09-17,166.29,157.85166666666666,166.29,-8.438333333333333,0.0
2021-09-18,159.36833333333334,139.66875000000002,159.36833333333334,-19.699583333333322,0.0
2021-09-19,146.57416666666668,98.59458333333333,155.56791666666666,-47.97958333333335,8.993749999999977
2021-09-20,156.74791666666667,153.25125,156.74791666666667,-3.4966666666666697,0.0
2021-09-21,150.25666666666666,147.66125,150.25666666666666,-2.595416666666665,0.0
2021-09-22,175.87208333333334,149.73625,175.39,-26.135833333333323,-0.48208333333334963
2021-09-23,165.19,143.80958333333334,165.19,-21.38041666666666,0.0
2021-09-24,172.96624999999997,147.58416666666668,172.96624999999997,-25.3820833333333,0.0
2021-09-25,166.35916666666665,146.37625,167.58124999999998,-19.982916666666654,1.2220833333333303
2021-09-26,160.41583333333332,125.71750000000002,162.2175,-34.69833333333331,1.8016666666666765
2021-09-27,174.6833333333333,146.21208333333334,174.6833333333333,-28.47124999999997,0.0
2021-09-28,182.7125,159.82500000000002,182.7125,-22.88749999999999,0.0
2021-09-29,189.8983333333333,150.57958333333332,189.8983333333333,-39.318749999999994,0.0
2021-09-30,189.82583333333332,165.56791666666666,189.82583333333332,-24.25791666666666,0.0
2021-10-01,216.00833333333333,141.80583333333334,216.00833333333333,-74.20249999999999,0.0
2021-10-02,173.64916666666667,101.61166666666666,173.64916666666667,-72.03750000000001,0.0
2021-10-03,111.60125,64.53041666666667,111.60125,-47.070833333333326,0.0
2021-10-04,186.45749999999998,156.35708333333335,186.45749999999998,-30.100416666666632,0.0
2021-10-05,203.68208333333334,159.80458333333334,203.68208333333334,-43.8775,0.0
2021-10-06,228.5925,182.15291666666667,228.5925,-46.43958333333333,0.0
2021-10-07,288.5254166666667,298.3225,288.5254166666667,9.797083333333319,0.0
2021-10-08,229.20375,203.56208333333333,229.20375,-25.64166666666668,0.0
2021-10-09,226.21,182.82708333333335,226.21,-43.38291666666666,0.0
2021-10-10,175.64041666666665,149.2425,175.90916666666666,-26.397916666666646,0.26875000000001137
2021-10-11,184.47916666666666,182.99791666666667,184.47916666666666,-1.4812499999999886,0.0
2021-10-12,184.29416666666665,188.47,184.73749999999998,4.175833333333344,0.44333333333332803
2021-10-13,185.73583333333332,194.28041666666664,185.73583333333332,8.544583333333321,0.0
2021-10-14,215.63,199.51833333333332,215.63,-16.11166666666668,0.0
2021-10-15,231.81708333333333,214.12208333333334,231.81708333333333,-17.694999999999993,0.0
2021-10-16,226.92916666666667,189.76375,226.92916666666667,-37.16541666666669,0.0
2021-10-17,209.62541666666667,165.97416666666666,209.62541666666667,-43.651250000000005,0.0
2021-10-18,227.45041666666668,198.33875,227.45041666666668,-29.11166666666668,0.0
2021-10-19,207.13916666666668,164.07083333333333,207.13916666666668,-43.06833333333336,0.0
2021-10-20,201.39958333333334,101.085,201.39958333333334,-100.31458333333335,0.0
2021-10-21,207.92458333333332,151.90375,207.92458333333332,-56.020833333333314,0.0
2021-10-22,203.54458333333332,209.65333333333334,203.54458333333332,6.108750000000015,0.0
2021-10-23,211.2125,208.70416666666665,211.2125,-2.508333333333354,0.0
2021-10-24,213.28916666666666,168.54416666666665,213.28916666666666,-44.745000000000005,0.0
2021-10-25,225.36249999999998,206.43875,225.36249999999998,-18.923749999999984,0.0
2021-10-26,215.83375,215.6775,215.83375,-0.15625,0.0
2021-10-27,226.15291666666667,204.44625,226.15291666666667,-21.706666666666678,0.0
2021-10-28,205.045,193.45666666666668,205.045,-11.58833333333331,0.0
2021-10-29,175.82708333333335,152.56,175.82708333333335,-23.267083333333346,0.0
2021-10-30,124.52625,120.495,124.52625,-4.03125,0.0
2021-10-31,78.9956,78.9956,78.9956,0.0,0.0
2021-11-01,91.19625,92.36708333333333,91.19625,1.17083333333332,0.0
2021-11-02,145.94833333333335,203.94833333333335,145.94833333333335,58.0,0.0
2021-11-03,154.29333333333332,186.05583333333334,154.29333333333332,31.762500000000017,0.0
2021-11-04,171.9125,178.85333333333335,171.9125,6.940833333333359,0.0
2021-11-05,171.44958333333332,188.25375,171.44958333333332,16.804166666666674,0.0
2021-11-06,157.42916666666667,164.51458333333332,157.42916666666667,7.085416666666646,0.0
2021-11-07,131.49791666666667,136.93083333333334,132.49291666666667,5.432916666666671,0.9950000000000045
2021-11-08,167.67249999999999,210.23333333333335,167.67249999999999,42.56083333333336,0.0
2021-11-09,178.45208333333335,190.22041666666667,178.45208333333335,11.768333333333317,0.0
2021-11-10,199.28,232.39541666666665,199.28,33.11541666666665,0.0
2021-11-11,183.20583333333332,187.89,183.20583333333332,4.68416666666667,0.0
2021-11-12,185.01874999999998,186.3658333333333,185.01874999999998,1.3470833333333303,0.0
2021-11-13,180.475,170.01208333333332,180.475,-10.462916666666672,0.0
2021-11-14,172.47208333333333,172.05458333333334,172.47208333333333,-0.41749999999998977,0.0
2021-11-15,180.57291666666666,228.06375,180.88208333333333,47.49083333333334,0.3091666666666697
2021-11-16,194.22583333333333,236.9595833333333,194.22583333333333,42.733749999999986,0.0
2021-11-17,194.84124999999997,214.24458333333334,194.84124999999997,19.403333333333364,0.0
2021-11-18,226.9425,238.2891666666667,225.11833333333334,11.346666666666692,-1.824166666666656
2021-11-19,228.84208333333333,243.74416666666664,228.47333333333333,14.902083333333309,-0.3687500000000057
2021-11-20,218.46083333333334,231.1291666666667,218.46083333333334,12.66833333333335,0.0
2021-11-21,229.61625,226.67041666666668,229.61625,-2.9458333333333258,0.0
2021-11-22,236.50708333333333,251.84333333333333,236.50708333333333,15.336250000000007,0.0
2021-11-23,225.57500000000002,270.21208333333334,225.57500000000002,44.63708333333332,0.0
2021-11-24,225.70375,295.82041666666663,225.70375,70.11666666666662,0.0
2021-11-25,228.41708333333335,302.14375,228.41708333333335,73.72666666666666,0.0
2021-11-26,227.59333333333333,275.15833333333336,227.59333333333333,47.565000000000026,0.0
2021-11-27,204.3529166666667,220.0925,204.3529166666667,15.739583333333314,0.0
2021-11-28,201.4154166666667,204.21416666666667,201.4154166666667,2.798749999999984,0.0
2021-11-29,214.99708333333334,301.11875000000003,214.99708333333334,86.1216666666667,0.0
2021-11-30,274.5570833333333,271.985,277.5520833333333,-2.572083333333296,2.9950000000000045
2021-12-01,247.2095833333333,280.09499999999997,247.2095833333333,32.88541666666666,0.0
2021-12-02,220.6604166666667,277.7654166666667,220.6604166666667,57.10499999999999,0.0
2021-12-03,226.1470833333333,299.21875,226.1470833333333,73.07166666666669,0.0
2021-12-04,220.89791666666667,222.17083333333335,220.89791666666667,1.2729166666666742,0.0
2021-12-05,101.97250000000001,221.00250000000003,101.97250000000001,119.03000000000002,0.0
2021-12-06,209.78291666666667,282.52125,212.24125,72.73833333333334,2.458333333333343
2021-12-07,211.80583333333334,258.6454166666667,211.80583333333334,46.83958333333334,0.0
2021-12-08,108.72666666666667,247.42499999999998,108.72666666666667,138.69833333333332,0.0
2021-12-09,216.73708333333332,287.5004166666667,216.73708333333332,70.76333333333338,0.0
2021-12-10,208.40708333333336,247.18541666666667,208.40708333333336,38.77833333333331,0.0
2021-12-11,239.5325,249.46541666666667,239.5325,9.93291666666667,0.0
2021-12-12,256.97583333333336,250.85375,256.97583333333336,-6.122083333333364,0.0
2021-12-13,268.20750000000004,300.69208333333336,268.20750000000004,32.48458333333332,0.0
2021-12-14,287.77625,329.2725,287.77625,41.496249999999975,0.0
2021-12-15,291.7275,346.28125,291.7275,54.55374999999998,0.0
2021-12-16,302.4845833333333,353.0916666666667,302.4845833333333,50.60708333333338,0.0
2021-12-17,309.19625,341.2366666666667,309.19625,32.04041666666666,0.0
2021-12-18,306.32958333333335,315.80125,306.32958333333335,9.471666666666636,0.0
2021-12-19,319.62833333333333,343.15958333333333,319.62833333333333,23.53125,0.0
2021-12-20,339.8391666666667,382.07708333333335,339.8391666666667,42.23791666666665,0.0
2021-12-21,327.37958333333336,442.8808333333333,327.37958333333336,115.50124999999997,0.0
2021-12-22,360.02416666666664,452.94,360.02416666666664,92.91583333333335,0.0
2021-12-23,383.67249999999996,416.4395833333333,383.67249999999996,32.767083333333346,0.0
2021-12-24,311.01666666666665,319.5258333333333,311.01666666666665,8.509166666666658,0.0
2021-12-25,226.41625,218.11166666666668,226.41625,-8.304583333333312,0.0
2021-12-26,188.52625,185.37166666666667,188.6875,-3.154583333333335,0.16124999999999545
2021-12-27,96.07833333333333,161.0825,96.09666666666668,65.00416666666668,0.01833333333334508
2021-12-28,104.36416666666666,101.63791666666667,104.88,-2.726249999999993,0.5158333333333331
2021-12-29,181.08833333333334,155.60333333333332,181.08833333333334,-25.485000000000014,0.0
2021-12-30,200.68166666666664,105.74458333333332,200.68166666666664,-94.93708333333332,0.0
2021-12-31,140.82125,120.01875,140.82125,-20.802499999999995,0.0
2022-01-01,122.62916666666666,87.08083333333333,122.62916666666666,-35.54833333333333,0.0
2022-01-02,136.96833333333333,49.11625,137.75041666666667,-87.85208333333333,0.7820833333333326
2022-01-03,150.49833333333333,92.12208333333332,150.49833333333333,-58.37625000000001,0.0
2022-01-04,152.14541666666665,156.29833333333332,152.47333333333333,4.15291666666667,0.32791666666668107
2022-01-05,180.20000000000002,185.55666666666664,180.98791666666668,5.3566666666666265,0.7879166666666606
2022-01-06,212.97916666666666,225.76666666666665,212.97916666666666,12.787499999999994,0.0
2022-01-07,215.85583333333332,215.915,215.85583333333332,0.0591666666666697,0.0
2022-01-08,203.44625,176.55708333333334,204.31541666666666,-26.889166666666654,0.869166666666672
2022-01-09,119.24374999999999,150.28166666666667,119.82541666666667,31.037916666666675,0.5816666666666777
2022-01-10,217.26458333333335,261.25166666666667,217.26458333333335,43.98708333333332,0.0
2022-01-11,223.16333333333333,253.95875,223.16333333333333,30.795416666666682,0.0
2022-01-12,206.06833333333336,237.20416666666665,206.06833333333336,31.135833333333295,0.0
2022-01-13,215.105,223.69625,215.105,8.591250000000002,0.0
2022-01-14,202.94708333333335,233.57833333333335,202.94708333333335,30.631249999999994,0.0
2022-01-15,218.81833333333336,220.4958333333333,218.81833333333336,1.6774999999999523,0.0
2022-01-16,213.09625000000003,212.54958333333332,213.09625000000003,-0.5466666666667095,0.0
2022-01-17,244.66958333333332,261.13,244.66958333333332,16.460416666666674,0.0
2022-01-18,222.73000000000002,244.82500000000002,222.73000000000002,22.095,0.0
2022-01-19,213.16083333333333,236.03,213.16083333333333,22.869166666666672,0.0
2022-01-20,190.63916666666668,228.01791666666668,190.63916666666668,37.37875,0.0
2022-01-21,179.0895833333333,216.69375,179.0895833333333,37.604166666666686,0.0
2022-01-22,190.41458333333333,202.73791666666668,190.41458333333333,12.323333333333352,0.0
2022-01-23,201.34,196.96833333333333,201.34,-4.37166666666667,0.0
2022-01-24,226.99875,246.99625,226.99875,19.997500000000002,0.0
2022-01-25,224.23666666666668,295.10541666666666,224.23666666666668,70.86874999999998,0.0
2022-01-26,236.77125,275.45458333333335,236.77125,38.68333333333334,0.0
2022-01-27,232.50208333333333,262.1454166666667,232.50208333333333,29.643333333333345,0.0
2022-01-28,224.58791666666664,250.65291666666667,224.58791666666664,26.065000000000026,0.0
2022-01-29,223.35500000000002,218.89666666666668,223.35500000000002,-4.458333333333343,0.0
2022-01-30,230.50458333333333,223.54875,230.50458333333333,-6.955833333333317,0.0
2022-01-31,221.81708333333333,213.47708333333333,223.95458333333332,-8.340000000000003,2.1374999999999886
2022-02-01,206.54125,213.76416666666668,206.54125,7.222916666666691,0.0
2022-02-02,210.17624999999998,205.80666666666664,210.17624999999998,-4.369583333333338,0.0
2022-02-03,207.89,205.96583333333334,207.89,-1.9241666666666504,0.0
2022-02-04,197.02625,192.80875,197.02625,-4.217500000000001,0.0
2022-02-05,198.37249999999997,193.2770833333333,198.37249999999997,-5.095416666666665,0.0
2022-02-06,190.4675,136.96375,190.4675,-53.50375,0.0
2022-02-07,206.46208333333334,205.50291666666666,206.46208333333334,-0.9591666666666754,0.0
2022-02-08,203.69833333333335,202.52958333333333,203.69833333333335,-1.168750000000017,0.0
2022-02-09,210.52458333333334,209.28583333333333,210.52458333333334,-1.2387500000000102,0.0
2022-02-10,205.7025,204.92291666666665,209.12541666666667,-0.7795833333333348,3.42291666666668
2022-02-11,196.49291666666667,206.9625,196.49291666666667,10.469583333333333,0.0
2022-02-12,198.9383333333333,190.93125,198.9383333333333,-8.007083333333298,0.0
2022-02-13,164.04416666666665,150.26333333333335,165.38708333333332,-13.780833333333305,1.3429166666666674
2022-02-14,183.32375000000002,187.27374999999998,183.32375000000002,3.94999999999996,0.0
2022-02-15,199.94458333333333,193.44500000000002,199.94458333333333,-6.499583333333305,0.0
2022-02-16,178.09124999999997,152.46,178.13541666666666,-25.631249999999966,0.04416666666668334
2022-02-17,163.40916666666666,132.70374999999999,168.34166666666667,-30.70541666666668,4.9325000000000045
2022-02-18,184.25625,158.68625,184.25625,-25.569999999999993,0.0
2022-02-19,137.75791666666666,115.94541666666667,137.75791666666666,-21.812499999999986,0.0
2022-02-20,162.64208333333332,94.34416666666668,163.06291666666667,-68.29791666666664,0.4208333333333485
2022-02-21,183.31791666666666,153.67249999999999,186.37958333333333,-29.645416666666677,3.0616666666666674
2022-02-22,179.73916666666665,175.00291666666666,180.52166666666668,-4.736249999999984,0.7825000000000273
2022-02-23,195.86208333333335,189.37875,195.86208333333335,-6.4833333333333485,0.0
2022-02-24,205.6025,187.14458333333334,205.6025,-18.457916666666648,0.0
2022-02-25,240.13125,245.43458333333334,240.13125,5.303333333333342,0.0
2022-02-26,261.1120833333333,243.39625,261.1120833333333,-17.715833333333308,0.0
2022-02-27,256.83750000000003,196.55291666666665,256.83750000000003,-60.28458333333339,0.0
2022-02-28,277.77500000000003,250.95291666666665,277.77500000000003,-26.82208333333338,0.0
2022-03-01,258.65875,270.0158333333333,258.65875,11.357083333333321,0.0
2022-03-02,254.03041666666664,274.0183333333334,254.03041666666664,19.987916666666734,0.0
2022-03-03,341.5229166666666,346.6658333333333,341.06166666666667,5.142916666666679,-0.46124999999995
2022-03-04,340.69541666666663,363.70250000000004,340.69541666666663,23.007083333333412,0.0
2022-03-05,366.5495833333334,355.0416666666667,366.5495833333334,-11.507916666666688,0.0
2022-03-06,379.03125,364.4241666666667,379.03125,-14.607083333333321,0.0
2022-03-07,442.53749999999997,421.04833333333335,442.53749999999997,-21.48916666666662,0.0
2022-03-08,544.98375,540.6570833333334,542.7791666666667,-4.326666666666597,-2.2045833333332894
2022-03-09,472.9704166666666,462.2966666666666,472.9704166666666,-10.673749999999984,0.0
2022-03-10,369.7475,367.22749999999996,369.7475,-2.5200000000000387,0.0
2022-03-11,284.57875,278.65208333333334,284.57875,-5.9266666666666765,0.0
2022-03-12,246.05124999999998,263.955,246.05124999999998,17.903750000000002,0.0
2022-03-13,247.88958333333335,250.31916666666666,248.55625,2.429583333333312,0.6666666666666572
2022-03-14,251.70416666666665,301.2675,251.70416666666665,49.56333333333333,0.0
2022-03-15,249.66375000000002,295.7733333333333,249.66375000000002,46.10958333333329,0.0
2022-03-16,263.64708333333334,278.32916666666665,263.64708333333334,14.68208333333331,0.0
2022-03-17,217.12541666666667,260.2633333333333,217.12541666666667,43.137916666666655,0.0
2022-03-18,232.2820833333333,233.82583333333332,232.2820833333333,1.543750000000017,0.0
2022-03-19,221.91125,208.45000000000002,221.91125,-13.461249999999978,0.0
2022-03-20,207.11249999999998,219.67916666666667,207.11249999999998,12.566666666666691,0.0
2022-03-21,229.71124999999998,243.5929166666667,229.71124999999998,13.881666666666717,0.0
2022-03-22,226.1425,239.93083333333334,226.1425,13.788333333333327,0.0
2022-03-23,212.43666666666664,242.44083333333333,212.43666666666664,30.00416666666669,0.0
2022-03-24,225.7125,248.21333333333334,225.7125,22.500833333333333,0.0
2022-03-25,263.85125,272.78833333333336,262.84083333333336,8.937083333333362,-1.0104166666666288
2022-03-26,237.4454166666667,231.235,237.4454166666667,-6.210416666666674,0.0
2022-03-27,219.42260869565217,207.5682608695652,219.42260869565217,-11.854347826086979,0.0
2022-03-28,231.71875,250.66416666666666,231.71875,18.94541666666666,0.0
2022-03-29,248.09708333333333,260.1929166666667,248.09708333333333,12.09583333333336,0.0
2022-03-30,255.80999999999997,301.2595833333333,255.80999999999997,45.44958333333332,0.0
2022-03-31,239.36916666666664,294.20166666666665,239.36916666666664,54.83250000000001,0.0
2022-04-01,224.75458333333333,317.49791666666664,224.75458333333333,92.74333333333331,0.0
2022-04-02,225.08375,302.9220833333333,225.08375,77.83833333333331,0.0
2022-04-03,228.29583333333335,292.65375,228.53666666666666,64.35791666666665,0.24083333333331325
2022-04-04,251.86749999999998,551.4316666666667,251.40583333333333,299.5641666666668,-0.4616666666666447
2022-04-05,265.01625,308.3020833333333,265.01625,43.2858333333333,0.0
2022-04-06,254.99458333333334,274.35166666666663,254.99458333333334,19.357083333333293,0.0
2022-04-07,214.79291666666666,219.54291666666666,214.79291666666666,4.75,0.0
2022-04-08,154.69625,248.10583333333332,154.69625,93.40958333333333,0.0
2022-04-09,241.58624999999998,241.63166666666666,241.58624999999998,0.045416666666682204,0.0
2022-04-10,159.33124999999998,217.91375000000002,159.33124999999998,58.58250000000004,0.0
2022-04-11,163.1275,229.04958333333332,163.1275,65.92208333333332,0.0
2022-04-12,237.29958333333335,239.96,237.29958333333335,2.660416666666663,0.0
2022-04-13,229.43499999999997,238.07583333333332,229.43499999999997,8.640833333333347,0.0
2022-04-14,220.76125,227.92333333333332,220.76125,7.162083333333328,0.0
2022-04-15,198.4729166666667,199.735,198.4729166666667,1.2620833333333223,0.0
2022-04-16,153.85,152.00583333333333,162.61375,-1.8441666666666663,8.763750000000016
2022-04-17,111.35083333333334,112.22791666666667,120.43916666666667,0.8770833333333314,9.088333333333324
2022-04-18,103.24333333333334,123.55416666666667,103.24333333333334,20.310833333333335,0.0
2022-04-19,112.12166666666667,217.79875,112.12166666666667,105.67708333333334,0.0
2022-04-20,85.18916666666667,206.01874999999998,85.18916666666667,120.82958333333332,0.0
2022-04-21,161.7175,202.56083333333333,161.7175,40.843333333333334,0.0
2022-04-22,207.76874999999998,200.51874999999998,207.76874999999998,-7.25,0.0
2022-04-23,86.24874999999999,172.35666666666668,86.24874999999999,86.1079166666667,0.0
2022-04-24,146.94666666666666,149.01041666666666,146.94666666666666,2.063749999999999,0.0
2022-04-25,226.56583333333333,222.82833333333335,224.635,-3.737499999999983,-1.9308333333333394
2022-04-26,233.78,243.57375,233.78,9.793749999999989,0.0
2022-04-27,220.94625,222.02166666666668,220.7804166666667,1.0754166666666833,-0.1658333333332962
2022-04-28,224.965,230.19958333333332,224.25625,5.234583333333319,-0.7087500000000091
2022-04-29,214.83833333333334,228.1725,214.8175,13.334166666666675,-0.020833333333342807
2022-04-30,186.44916666666666,200.93291666666667,186.44916666666666,14.483750000000015,0.0
2022-05-01,177.85833333333335,194.74125,177.85833333333335,16.88291666666666,0.0
2022-05-02,191.80625,218.9475,191.80625,27.141249999999985,0.0
2022-05-03,191.47125000000003,218.20916666666668,191.47125000000003,26.73791666666665,0.0
2022-05-04,202.14916666666667,234.59416666666667,202.14916666666667,32.44499999999999,0.0
2022-05-05,190.7725,234.27833333333334,190.7725,43.50583333333333,0.0
2022-05-06,197.63208333333333,225.35916666666665,197.63208333333333,27.727083333333326,0.0
2022-05-07,184.86374999999998,201.4283333333333,184.86374999999998,16.56458333333333,0.0
2022-05-08,172.39208333333332,174.9958333333333,174.0895833333333,2.603749999999991,1.697499999999991
2022-05-09,208.73666666666668,219.24625,208.73666666666668,10.509583333333325,0.0
2022-05-10,208.70624999999998,207.12666666666667,208.70624999999998,-1.5795833333333178,0.0
2022-05-11,186.83916666666667,191.42083333333335,186.87708333333333,4.581666666666678,0.0379166666666606
2022-05-12,187.26625,196.24875,187.26625,8.982499999999987,0.0
2022-05-13,202.99041666666668,203.91166666666666,202.61208333333332,0.9212499999999864,-0.3783333333333587
2022-05-14,191.5525,183.58583333333334,191.5525,-7.966666666666669,0.0
2022-05-15,127.22833333333334,147.72458333333333,127.22833333333334,20.49624999999999,0.0
2022-05-16,195.23458333333335,218.89916666666667,194.64791666666667,23.664583333333326,-0.5866666666666731
2022-05-17,199.35708333333332,229.80875,199.35708333333332,30.451666666666682,0.0
2022-05-18,194.86166666666668,213.3275,194.86166666666668,18.465833333333308,0.0
2022-05-19,191.07541666666668,213.87958333333333,191.07541666666668,22.804166666666646,0.0
2022-05-20,203.73625,207.39125,203.73625,3.655000000000001,0.0
2022-05-21,178.70749999999998,177.80999999999997,178.70749999999998,-0.897500000000008,0.0
2022-05-22,170.56125,166.18791666666667,170.56125,-4.373333333333335,0.0
2022-05-23,194.16125,191.03916666666666,194.16125,-3.122083333333336,0.0
2022-05-24,180.01083333333335,183.17666666666665,180.01083333333335,3.165833333333296,0.0
2022-05-25,184.57333333333335,191.13375,184.57333333333335,6.56041666666664,0.0
2022-05-26,173.28833333333333,166.01791666666665,173.28833333333333,-7.2704166666666765,0.0
2022-05-27,168.53916666666666,162.85,168.53916666666666,-5.689166666666665,0.0
2022-05-28,162.25166666666667,151.16333333333333,162.25166666666667,-11.088333333333338,0.0
2022-05-29,161.8425,158.81833333333333,161.8425,-3.024166666666673,0.0
2022-05-30,206.61875,225.99291666666667,206.61875,19.374166666666667,0.0
2022-05-31,213.8216666666667,211.0404166666667,213.8216666666667,-2.78125,0.0
2022-06-01,210.45333333333335,216.84583333333333,210.45333333333335,6.392499999999984,0.0
2022-06-02,214.73791666666668,193.48874999999998,214.73791666666668,-21.249166666666696,0.0
2022-06-03,214.5041666666667,198.70875,214.5041666666667,-15.795416666666682,0.0
2022-06-04,203.86125,174.00875,203.86125,-29.85250000000002,0.0
2022-06-05,193.65416666666667,153.64791666666667,193.98291666666668,-40.006249999999994,0.32875000000001364
2022-06-06,194.9416666666667,153.32833333333335,194.9416666666667,-41.613333333333344,0.0
2022-06-07,193.3204166666667,188.10333333333332,193.3204166666667,-5.217083333333363,0.0
2022-06-08,185.44833333333335,191.82625,185.44833333333335,6.377916666666636,0.0
2022-06-09,182.66958333333332,185.19083333333333,182.66958333333332,2.521250000000009,0.0
2022-06-10,194.35083333333333,194.04916666666668,194.35083333333333,-0.3016666666666481,0.0
2022-06-11,190.49833333333333,182.37750000000003,190.49833333333333,-8.120833333333309,0.0
2022-06-12,167.06041666666667,148.6275,171.5775,-18.43291666666667,4.517083333333318
2022-06-13,200.61749999999998,203.38375,200.61749999999998,2.7662500000000136,0.0
2022-06-14,214.04541666666668,211.4425,214.04541666666668,-2.6029166666666868,0.0
2022-06-15,165.58958333333334,233.25541666666666,165.58958333333334,67.66583333333332,0.0
2022-06-16,170.81291666666667,272.8533333333333,170.81291666666667,102.04041666666663,0.0
2022-06-17,177.90333333333334,303.54125,177.90333333333334,125.63791666666665,0.0
2022-06-18,146.53583333333333,280.15416666666664,146.53583333333333,133.6183333333333,0.0
2022-06-19,122.61166666666666,165.42875,122.61166666666666,42.81708333333334,0.0
2022-06-20,157.48041666666668,303.9533333333333,157.48041666666668,146.47291666666663,0.0
2022-06-21,148.02791666666667,354.02708333333334,148.02791666666667,205.99916666666667,0.0
2022-06-22,152.75,383.1445833333333,152.75,230.3945833333333,0.0
2022-06-23,149.85541666666666,352.5641666666667,149.85541666666666,202.70875000000007,0.0
2022-06-24,137.58791666666667,302.5975,137.58791666666667,165.00958333333335,0.0
2022-06-25,128.70333333333335,258.43083333333334,128.70333333333335,129.7275,0.0
2022-06-26,117.9425,249.06499999999997,117.9425,131.12249999999997,0.0
2022-06-27,143.27,334.25375,142.47708333333333,190.98375000000001,-0.7929166666666845
2022-06-28,144.66416666666666,366.40291666666667,144.66416666666666,221.73875,0.0
2022-06-29,132.73999999999998,335.2404166666667,134.65541666666667,202.50041666666672,1.9154166666666868
2022-06-30,132.1325,362.0629166666667,132.1325,229.9304166666667,0.0
2022-07-01,145.22083333333333,343.155,145.22083333333333,197.93416666666664,0.0
2022-07-02,142.42375,265.61833333333334,142.42375,123.19458333333333,0.0
2022-07-03,133.495,215.88291666666666,145.10458333333335,82.38791666666665,11.609583333333347
2022-07-04,159.92333333333332,369.45625,159.92333333333332,209.5329166666667,0.0
2022-07-05,139.16416666666666,371.6020833333334,139.16416666666666,232.43791666666672,0.0
2022-07-06,145.29916666666665,388.68666666666667,145.29916666666665,243.38750000000002,0.0
2022-07-07,124.20291666666667,381.7920833333333,124.83833333333332,257.58916666666664,0.6354166666666572
2022-07-08,146.73208333333335,410.94624999999996,146.73208333333335,264.21416666666664,0.0
2022-07-09,148.62083333333334,332.92333333333335,148.62083333333334,184.3025,0.0
2022-07-10,138.62083333333334,224.42666666666665,138.62083333333334,85.80583333333331,0.0
2022-07-11,157.53833333333333,384.1041666666667,157.53833333333333,226.56583333333336,0.0
2022-07-12,155.705,432.4258333333333,155.705,276.7208333333333,0.0
2022-07-13,159.45000000000002,446.955,159.45000000000002,287.505,0.0
2022-07-14,162.2225,386.72375000000005,171.72541666666666,224.50125000000006,9.502916666666664
2022-07-15,147.25166666666667,397.4920833333333,148.1775,250.24041666666665,0.9258333333333439
2022-07-16,136.83291666666665,320.29625,137.66958333333335,183.46333333333334,0.8366666666667015
2022-07-17,102.445,239.88083333333336,106.78750000000001,137.43583333333336,4.342500000000015
2022-07-18,115.76791666666666,485.99916666666667,115.76791666666666,370.23125,0.0
2022-07-19,142.35375000000002,521.2954166666667,142.35375000000002,378.9416666666667,0.0
2022-07-20,147.5375,589.2245833333333,147.5375,441.68708333333325,0.0
2022-07-21,138.84375,555.35875,140.5625,416.515,1.71875
2022-07-22,133.45250000000001,494.0325,133.45250000000001,360.58000000000004,0.0
2022-07-23,155.98958333333334,348.32,156.20208333333332,192.33041666666665,0.21249999999997726
2022-07-24,136.98625,334.13124999999997,141.28916666666666,197.14499999999995,4.302916666666647
2022-07-25,158.02,373.045,158.02,215.025,0.0
2022-07-26,145.6475,532.2529166666667,146.02666666666667,386.60541666666666,0.3791666666666629
2022-07-27,148.25291666666666,529.61625,148.25291666666666,381.36333333333334,0.0
2022-07-28,169.85999999999999,534.6829166666666,169.85999999999999,364.82291666666663,0.0
2022-07-29,141.50625,499.49125,141.50625,357.985,0.0
2022-07-30,129.9779166666667,397.5295833333333,129.9779166666667,267.5516666666666,0.0
2022-07-31,113.09166666666665,319.50958333333335,114.13499999999999,206.4179166666667,1.0433333333333366
2022-08-01,147.43458333333334,454.77833333333336,148.70166666666668,307.34375,1.2670833333333462
2022-08-02,151.29416666666665,471.6358333333333,151.29416666666665,320.3416666666667,0.0
2022-08-03,147.85,508.48083333333335,147.85,360.6308333333334,0.0
2022-08-04,147.23375000000001,482.3654166666667,147.23375000000001,335.13166666666666,0.0
2022-08-05,135.24125,411.3254166666666,135.24125,276.08416666666665,0.0
2022-08-06,135.53416666666666,282.40333333333336,144.33375,146.8691666666667,8.799583333333345
2022-08-07,123.97541666666666,215.59375,144.30499999999998,91.61833333333334,20.329583333333318
2022-08-08,146.30791666666667,359.17875000000004,146.30791666666667,212.87083333333337,0.0
2022-08-09,143.98749999999998,347.70958333333334,144.70250000000001,203.72208333333336,0.7150000000000318
2022-08-10,144.77791666666667,336.04791666666665,144.77791666666667,191.26999999999998,0.0
2022-08-11,150.12708333333333,376.2345833333333,150.18541666666667,226.1075,0.05833333333333712
2022-08-12,158.2475,444.9141666666667,158.2475,286.6666666666667,0.0
2022-08-13,152.32375,396.94208333333336,152.32375,244.61833333333337,0.0
2022-08-14,149.18166666666667,365.85249999999996,149.18166666666667,216.6708333333333,0.0
2022-08-15,145.35125,424.64375,153.78708333333333,279.2925,8.435833333333335
2022-08-16,143.20458333333332,500.81583333333333,143.20458333333332,357.61125000000004,0.0
2022-08-17,139.29666666666665,552.8495833333333,139.29666666666665,413.55291666666665,0.0
2022-08-18,134.67375,553.6245833333334,134.67375,418.9508333333333,0.0
2022-08-19,135.35,509.8425,135.35,374.49249999999995,0.0
2022-08-20,169.11416666666665,463.22625,169.11416666666665,294.1120833333333,0.0
2022-08-21,141.09916666666666,398.1983333333333,144.64000000000001,257.09916666666663,3.540833333333353
2022-08-22,176.57666666666668,571.34,176.40375000000003,394.7633333333333,-0.1729166666666515
2022-08-23,182.92999999999998,611.8533333333334,182.92999999999998,428.9233333333334,0.0
2022-08-24,186.95208333333335,645.5370833333333,186.95208333333335,458.5849999999999,0.0
2022-08-25,161.87875,630.6158333333334,161.87875,468.73708333333343,0.0
2022-08-26,175.32625,706.3229166666666,175.32625,530.9966666666667,0.0
2022-08-27,160.03875,626.7870833333333,160.03875,466.7483333333333,0.0
2022-08-28,138.74375,488.78,169.28666666666666,350.03625,30.542916666666656
2022-08-29,188.42125,733.6358333333333,188.42125,545.2145833333333,0.0
2022-08-30,201.96291666666664,743.8433333333334,201.96291666666664,541.8804166666667,0.0
2022-08-31,187.29583333333335,651.7733333333333,187.29583333333335,464.47749999999996,0.0
2022-09-01,193.36125,635.62875,193.36125,442.2674999999999,0.0
2022-09-02,152.13583333333332,516.6870833333334,152.13583333333332,364.55125000000004,0.0
2022-09-03,119.22375,416.62416666666667,119.22375,297.4004166666667,0.0
2022-09-04,146.61666666666667,322.7345833333333,146.61666666666667,176.11791666666664,0.0
2022-09-05,188.53166666666667,435.81916666666666,188.53166666666667,247.2875,0.0
2022-09-06,169.56791666666666,523.9875000000001,169.56791666666666,354.41958333333343,0.0
2022-09-07,106.56291666666668,468.96208333333334,106.56291666666668,362.39916666666664,0.0
2022-09-08,155.93625,453.37791666666664,155.93625,297.4416666666666,0.0
2022-09-09,159.725,347.51875,159.725,187.79375000000002,0.0
2022-09-10,176.05291666666665,404.31791666666663,176.05291666666665,228.265,0.0
2022-09-11,161.42125000000001,390.93625,161.42125000000001,229.51499999999996,0.0
2022-09-12,175.63125,416.88208333333336,175.63125,241.25083333333336,0.0
2022-09-13,128.7525,444.21333333333337,128.7525,315.46083333333337,0.0
2022-09-14,133.61333333333332,461.37625,133.61333333333332,327.7629166666667,0.0
2022-09-15,176.46124999999998,436.555,176.46124999999998,260.09375,0.0
2022-09-16,171.46375,398.99625,171.46375,227.53249999999997,0.0
2022-09-17,61.68291666666667,225.85875,64.28750000000001,164.17583333333332,2.6045833333333377
2022-09-18,131.60791666666668,199.94958333333332,131.60791666666668,68.34166666666664,0.0
2022-09-19,193.03083333333333,315.64833333333337,193.03083333333333,122.61750000000004,0.0
2022-09-20,149.47125,377.66291666666666,149.47125,228.19166666666666,0.0
2022-09-21,137.40291666666667,381.0333333333333,137.40291666666667,243.63041666666663,0.0
2022-09-22,175.41916666666665,408.95666666666665,175.41916666666665,233.5375,0.0
2022-09-23,127.90666666666668,399.15291666666667,127.90666666666668,271.24625,0.0
2022-09-24,106.74291666666666,353.2058333333334,106.74291666666666,246.46291666666673,0.0
2022-09-25,71.96625,272.835,75.45041666666667,200.86874999999998,3.484166666666667
2022-09-26,119.76666666666667,277.28916666666663,119.27416666666666,157.52249999999998,-0.4925000000000068
2022-09-27,100.15875,350.21208333333334,100.15875,250.05333333333334,0.0
2022-09-28,108.80083333333333,392.8591666666667,108.6225,284.05833333333334,-0.17833333333332746
2022-09-29,114.68624999999999,464.8454166666666,114.68624999999999,350.15916666666664,0.0
2022-09-30,118.38958333333333,346.97208333333333,118.38958333333333,228.58249999999998,0.0
2022-10-01,116.085,123.46416666666666,116.085,7.379166666666663,0.0
2022-10-02,145.00458333333333,196.26999999999998,145.00458333333333,51.26541666666665,0.0
2022-10-03,200.38041666666666,287.7083333333333,200.38041666666666,87.32791666666665,0.0
2022-10-04,190.52541666666664,296.59625,190.52541666666664,106.07083333333335,0.0
2022-10-05,167.96124999999998,221.82791666666665,167.96124999999998,53.866666666666674,0.0
2022-10-06,113.10583333333334,255.95333333333335,113.10583333333334,142.84750000000003,0.0
2022-10-07,154.37041666666667,271.93541666666664,154.37041666666667,117.56499999999997,0.0
2022-10-08,119.30624999999999,215.20583333333332,119.30624999999999,95.89958333333333,0.0
2022-10-09,114.23125,168.45708333333332,115.665,54.22583333333331,1.4337500000000034
2022-10-10,163.91666666666666,208.06500000000003,163.91666666666666,44.14833333333337,0.0
2022-10-11,170.76999999999998,269.76625,170.76999999999998,98.99625000000003,0.0
2022-10-12,133.95708333333332,287.455,133.95708333333332,153.49791666666667,0.0
2022-10-13,145.72,259.90208333333334,145.72,114.18208333333334,0.0
2022-10-14,134.32666666666668,260.46666666666664,134.32666666666668,126.13999999999996,0.0
2022-10-15,115.7275,159.16791666666668,115.7275,43.44041666666668,0.0
2022-10-16,103.96583333333332,125.31791666666668,103.96583333333332,21.352083333333354,0.0
2022-10-17,140.22916666666666,174.30124999999998,140.22916666666666,34.072083333333325,0.0
2022-10-18,107.46291666666667,191.11833333333334,107.46291666666667,83.65541666666667,0.0
2022-10-19,81.71208333333334,159.00625,79.87416666666667,77.29416666666665,-1.837916666666672
2022-10-20,86.65541666666667,142.56041666666667,86.65541666666667,55.905,0.0
2022-10-21,107.80333333333334,158.12708333333333,107.80333333333334,50.32374999999999,0.0
2022-10-22,105.90499999999999,129.81208333333333,105.90499999999999,23.907083333333347,0.0
2022-10-23,72.83583333333333,87.36958333333332,72.83583333333333,14.533749999999998,0.0
2022-10-24,109.78458333333333,87.50833333333333,109.78458333333333,-22.276250000000005,0.0
2022-10-25,106.65833333333335,110.06333333333333,106.65833333333335,3.404999999999987,0.0
2022-10-26,108.62041666666666,110.87166666666667,108.62041666666666,2.251250000000013,0.0
2022-10-27,114.46166666666666,121.66833333333334,114.46166666666666,7.206666666666678,0.0
2022-10-28,110.95916666666666,108.53291666666667,110.95916666666666,-2.426249999999996,0.0
2022-10-29,101.3925,98.5575,101.3925,-2.8349999999999937,0.0
2022-10-30,135.6244,116.6224,136.03719999999998,-19.00200000000001,0.41279999999997585
2022-10-31,164.07291666666666,144.23749999999998,164.07291666666666,-19.835416666666674,0.0
2022-11-01,110.32041666666667,90.41708333333334,110.32041666666667,-19.903333333333336,0.0
2022-11-02,125.98333333333333,117.10833333333333,125.98333333333333,-8.875,0.0
2022-11-03,121.89375,121.38625,121.89375,-0.5074999999999932,0.0
2022-11-04,150.44208333333333,186.1604166666667,150.44208333333333,35.71833333333336,0.0
2022-11-05,124.79208333333334,141.09833333333333,124.79208333333334,16.30624999999999,0.0
2022-11-06,113.48125,107.68958333333335,114.23375,-5.791666666666657,0.7524999999999977
2022-11-07,120.91000000000001,124.89,120.91000000000001,3.9799999999999898,0.0
2022-11-08,113.395,113.97791666666667,113.395,0.5829166666666765,0.0
2022-11-09,132.51541666666665,138.89833333333334,132.51541666666665,6.382916666666688,0.0
2022-11-10,134.78333333333333,157.32208333333332,134.78333333333333,22.538749999999993,0.0
2022-11-11,121.18416666666667,138.47333333333333,121.18416666666667,17.28916666666666,0.0
2022-11-12,106.22166666666668,153.21833333333333,106.22166666666668,46.996666666666655,0.0
2022-11-13,131.68833333333333,148.25666666666666,131.68833333333333,16.568333333333328,0.0
2022-11-14,139.80291666666668,195.19708333333332,139.80291666666668,55.39416666666665,0.0
2022-11-15,109.65666666666668,184.3116666666667,109.65666666666668,74.65500000000002,0.0
2022-11-16,103.97708333333333,175.16625,103.97708333333333,71.18916666666667,0.0
2022-11-17,78.93333333333332,159.18666666666667,78.93333333333332,80.25333333333334,0.0
2022-11-18,115.67375,239.33624999999998,109.59750000000001,123.66249999999998,-6.0762499999999875
2022-11-19,67.38166666666667,211.79291666666666,67.38166666666667,144.41125,0.0
2022-11-20,96.57833333333333,211.07833333333335,96.57833333333333,114.50000000000001,0.0
2022-11-21,80.64375,244.99041666666668,80.64375,164.3466666666667,0.0
2022-11-22,73.35666666666667,209.90666666666667,73.35666666666667,136.55,0.0
2022-11-23,90.53416666666668,186.85416666666666,90.53416666666668,96.31999999999998,0.0
2022-11-24,137.73499999999999,237.14499999999998,137.73499999999999,99.41,0.0
2022-11-25,141.39291666666665,261.02,141.39291666666665,119.62708333333333,0.0
2022-11-26,130.21125,240.17624999999998,130.21125,109.96499999999997,0.0
2022-11-27,117.04291666666667,172.89166666666665,117.04291666666667,55.84874999999998,0.0
2022-11-28,103.36416666666666,318.84791666666666,103.36416666666666,215.48375,0.0
2022-11-29,121.54124999999999,373.24333333333334,121.54124999999999,251.70208333333335,0.0
2022-11-30,151.24583333333334,396.4391666666667,151.24583333333334,245.19333333333338,0.0
2022-12-01,150.075,390.9925,150.075,240.91750000000002,0.0
2022-12-02,127.62041666666666,384.85999999999996,127.62041666666666,257.2395833333333,0.0
2022-12-03,120.02166666666666,307.8275,120.02166666666666,187.80583333333334,0.0
2022-12-04,189.80666666666664,307.19166666666666,189.80666666666664,117.38500000000002,0.0
2022-12-05,209.29541666666668,373.2,209.29541666666668,163.9045833333333,0.0
2022-12-06,153.44458333333333,418.44416666666666,153.44458333333333,264.99958333333336,0.0
2022-12-07,142.30416666666665,429.57708333333335,142.30416666666665,287.2729166666667,0.0
2022-12-08,122.38625,417.36125,122.38625,294.97499999999997,0.0
2022-12-09,144.38833333333335,448.18041666666664,141.65333333333334,303.79208333333327,-2.7350000000000136
2022-12-10,125.01875,370.20208333333335,125.01875,245.18333333333334,0.0
2022-12-11,146.44958333333332,333.04,146.44958333333332,186.5904166666667,0.0
2022-12-12,114.50875,465.4895833333333,114.50875,350.9808333333333,0.0
2022-12-13,97.68583333333333,463.46000000000004,97.68583333333333,365.7741666666667,0.0
2022-12-14,81.38333333333334,451.4504166666666,81.38333333333334,370.0670833333333,0.0
2022-12-15,131.31291666666667,404.1970833333333,128.50458333333333,272.8841666666666,-2.808333333333337
2022-12-16,128.6158333333333,410.64625,128.25333333333333,282.0304166666667,-0.36249999999998295
2022-12-17,133.82250000000002,281.63166666666666,133.82250000000002,147.80916666666664,0.0
2022-12-18,97.73416666666667,230.51833333333332,97.73416666666667,132.78416666666664,0.0
2022-12-19,81.06833333333334,200.275,81.06833333333334,119.20666666666666,0.0
2022-12-20,65.40666666666667,200.9645833333333,64.93083333333333,135.55791666666664,-0.4758333333333411
2022-12-21,64.08833333333334,217.46583333333334,64.08833333333334,153.3775,0.0
2022-12-22,52.03041666666667,194.69708333333332,52.03041666666667,142.66666666666666,0.0
2022-12-23,22.340833333333336,171.26458333333335,22.340833333333336,148.92375,0.0
2022-12-24,36.40625,113.11416666666668,31.434583333333332,76.70791666666668,-4.971666666666668
2022-12-25,15.242916666666666,107.96583333333332,15.242916666666666,92.72291666666666,0.0
2022-12-26,77.32333333333334,74.75833333333334,77.32333333333334,-2.5649999999999977,0.0
2022-12-27,109.4925,122.79416666666667,109.4925,13.301666666666662,0.0
2022-12-28,41.410833333333336,51.537083333333335,41.410833333333336,10.126249999999999,0.0
2022-12-29,16.1875,31.525833333333335,16.1875,15.338333333333335,0.0
2022-12-30,6.0225,18.475833333333334,6.0225,12.453333333333333,0.0
2022-12-31,2.65375,4.377083333333333,1.5687499999999999,1.7233333333333332,-1.0850000000000002
2023-01-01,6.697083333333334,14.909583333333332,6.697083333333334,8.212499999999999,0.0
2023-01-02,112.55,124.57583333333334,110.0825,12.025833333333338,-2.467500000000001
2023-01-03,138.78666666666666,146.04999999999998,136.85416666666666,7.263333333333321,-1.9325000000000045
2023-01-04,115.25708333333334,97.73791666666666,115.25708333333334,-17.519166666666678,0.0
2023-01-05,109.185,126.67583333333333,108.51416666666667,17.490833333333327,-0.6708333333333343
2023-01-06,104.14,121.48166666666667,104.14,17.34166666666667,0.0
2023-01-07,23.773750000000003,85.46458333333334,23.773750000000003,61.69083333333333,0.0
2023-01-08,10.281666666666666,68.20208333333333,10.281666666666666,57.92041666666667,0.0
2023-01-09,85.78250000000001,126.41000000000001,85.78250000000001,40.6275,0.0
2023-01-10,109.39875,128.07916666666668,109.39875,18.680416666666673,0.0
2023-01-11,83.83541666666666,87.89916666666666,83.83541666666666,4.063749999999999,0.0
2023-01-12,92.68875000000001,81.17,92.68875000000001,-11.518750000000011,0.0
2023-01-13,88.48291666666667,78.81125,88.48291666666667,-9.671666666666667,0.0
2023-01-14,52.9975,55.92541666666667,52.9975,2.9279166666666683,0.0
2023-01-15,22.0525,34.882083333333334,22.0525,12.829583333333336,0.0
2023-01-16,13.221666666666666,134.70125,13.221666666666666,121.47958333333332,0.0
2023-01-17,5.09625,178.66916666666668,5.09625,173.57291666666669,0.0
2023-01-18,21.609583333333333,157.11291666666668,21.459166666666665,135.50333333333333,-0.15041666666666842
2023-01-19,34.513333333333335,184.69041666666666,34.513333333333335,150.17708333333331,0.0
2023-01-20,91.2025,186.74708333333334,91.2025,95.54458333333334,0.0
2023-01-21,58.89083333333334,155.72833333333332,58.89083333333334,96.83749999999998,0.0
2023-01-22,37.69916666666666,167.5925,37.69916666666666,129.89333333333335,0.0
2023-01-23,71.92,204.92583333333334,71.92,133.00583333333333,0.0
2023-01-24,87.44791666666667,204.49750000000003,87.44791666666667,117.04958333333336,0.0
2023-01-25,93.2525,186.30208333333334,92.29916666666666,93.04958333333335,-0.9533333333333331
2023-01-26,67.39791666666666,171.3216666666667,67.39791666666666,103.92375000000003,0.0
2023-01-27,45.672083333333326,171.10041666666666,46.05083333333334,125.42833333333334,0.3787500000000108
2023-01-28,41.41833333333333,146.7125,41.41833333333333,105.29416666666668,0.0
2023-01-29,68.40791666666667,144.59541666666667,68.40791666666667,76.1875,0.0
2023-01-30,135.37083333333334,162.12916666666666,134.83708333333334,26.758333333333326,-0.5337499999999977
2023-01-31,127.07333333333332,159.90833333333333,127.07333333333332,32.83500000000001,0.0
2023-02-01,128.5525,150.87375,127.65333333333335,22.321249999999992,-0.8991666666666589
2023-02-02,138.46083333333334,155.58541666666667,137.07500000000002,17.124583333333334,-1.3858333333333235
2023-02-03,138.58458333333334,140.57750000000001,138.58458333333334,1.992916666666673,0.0
2023-02-04,125.59916666666668,152.99083333333334,125.55041666666666,27.391666666666666,-0.048750000000012506
2023-02-05,79.38125000000001,133.11333333333332,79.38125000000001,53.73208333333331,0.0
2023-02-06,134.98291666666668,171.4825,134.98291666666668,36.499583333333305,0.0
2023-02-07,137.35999999999999,175.17208333333335,137.2225,37.81208333333336,-0.13749999999998863
2023-02-08,138.0025,164.75166666666667,137.92583333333334,26.749166666666667,-0.07666666666665378
2023-02-09,144.99625,179.68708333333333,144.99625,34.69083333333333,0.0
2023-02-10,142.05166666666665,158.70583333333335,141.40291666666667,16.654166666666697,-0.6487499999999784
2023-02-11,131.76,149.16083333333333,131.76,17.40083333333334,0.0
2023-02-12,137.76874999999998,143.0225,137.73791666666668,5.253750000000025,-0.03083333333330529
2023-02-13,146.76708333333332,163.40041666666667,146.76708333333332,16.633333333333354,0.0
2023-02-14,142.90291666666667,155.94333333333333,142.90291666666667,13.040416666666658,0.0
2023-02-15,145.07083333333333,149.10791666666668,145.07083333333333,4.0370833333333564,0.0
2023-02-16,145.805,148.73791666666668,145.32750000000001,2.932916666666671,-0.47749999999999204
2023-02-17,133.55916666666667,130.92166666666665,133.51375,-2.637500000000017,-0.045416666666682204
2023-02-18,128.5625,112.56833333333333,128.5625,-15.994166666666672,0.0
2023-02-19,124.08666666666666,121.005,124.08666666666666,-3.0816666666666634,0.0
2023-02-20,134.13291666666666,134.22458333333333,134.13291666666666,0.09166666666666856,0.0
2023-02-21,151.42708333333334,153.87083333333334,151.42708333333334,2.4437499999999943,0.0
2023-02-22,144.44958333333332,149.83416666666668,144.44958333333332,5.384583333333353,0.0
2023-02-23,140.56833333333333,149.10666666666665,140.38916666666668,8.538333333333327,-0.17916666666664582
2023-02-24,148.07874999999999,148.20041666666665,148.07874999999999,0.1216666666666697,0.0
2023-02-25,143.0975,142.17249999999999,143.0975,-0.9250000000000114,0.0
2023-02-26,81.04625,115.53625,106.18541666666665,34.489999999999995,25.139166666666654
2023-02-27,117.50791666666667,154.88833333333335,117.50791666666667,37.380416666666676,0.0
2023-02-28,132.68125,160.76708333333332,132.68125,28.085833333333312,0.0
2023-03-01,145.91125,152.80958333333334,145.91125,6.8983333333333405,0.0
2023-03-02,142.09125,166.05583333333334,142.09125,23.964583333333337,0.0
2023-03-03,142.55541666666667,162.01583333333335,142.55541666666667,19.460416666666674,0.0
2023-03-04,138.56916666666666,142.24625,138.56916666666666,3.677083333333343,0.0
2023-03-05,143.92416666666665,146.07583333333332,143.92416666666665,2.151666666666671,0.0
2023-03-06,147.77083333333334,160.06375,147.77083333333334,12.292916666666656,0.0
2023-03-07,120.98666666666666,152.40875,120.98666666666666,31.422083333333333,0.0
2023-03-08,98.92958333333333,139.96916666666667,98.92958333333333,41.03958333333334,0.0
2023-03-09,73.59291666666667,127.19833333333332,73.59291666666667,53.605416666666656,0.0
2023-03-10,42.71041666666667,119.83791666666667,43.27166666666667,77.1275,0.5612500000000011
2023-03-11,30.032083333333333,122.26666666666667,30.244583333333335,92.23458333333333,0.21250000000000213
2023-03-12,80.61833333333333,95.76166666666667,80.61833333333333,15.143333333333345,0.0
2023-03-13,36.84125,44.03541666666666,38.147083333333335,7.194166666666661,1.3058333333333323
2023-03-14,61.509166666666665,80.97875,64.41333333333334,19.46958333333334,2.9041666666666757
2023-03-15,132.67499999999998,144.85791666666668,132.67499999999998,12.1829166666667,0.0
2023-03-16,87.83083333333333,107.28416666666668,87.83083333333333,19.453333333333347,0.0
2023-03-17,70.2675,101.52458333333334,70.2675,31.25708333333334,0.0
2023-03-18,101.61375,109.89999999999999,101.61375,8.286249999999995,0.0
2023-03-19,95.87416666666667,111.64625000000001,95.87416666666667,15.772083333333342,0.0
2023-03-20,121.56416666666667,125.22916666666667,121.56416666666667,3.6650000000000063,0.0
2023-03-21,119.33875,116.53041666666667,119.33875,-2.808333333333337,0.0
2023-03-22,101.21749999999999,89.02791666666667,101.21749999999999,-12.189583333333317,0.0
2023-03-23,83.83833333333332,81.41708333333334,84.12125,-2.4212499999999864,0.28291666666667936
2023-03-24,59.154583333333335,56.91166666666667,61.08375,-2.242916666666666,1.9291666666666671
2023-03-25,39.038333333333334,26.142500000000002,42.35666666666666,-12.895833333333332,3.318333333333328
2023-03-26,28.477391304347826,71.82173913043479,28.477391304347826,43.34434782608697,0.0
2023-03-27,102.62875000000001,118.69083333333333,102.62875000000001,16.06208333333332,0.0
2023-03-28,111.91083333333334,124.34249999999999,111.91083333333334,12.431666666666644,0.0
2023-03-29,68.90541666666667,115.13708333333334,68.90541666666667,46.23166666666667,0.0
2023-03-30,31.109583333333333,82.68166666666666,31.400833333333335,51.572083333333325,0.29125000000000156
2023-03-31,16.52625,74.15791666666667,16.5675,57.63166666666666,0.04124999999999801
2023-04-01,33.994166666666665,59.23583333333334,33.994166666666665,25.241666666666674,0.0
2023-04-02,15.74375,70.87958333333333,16.17125,55.13583333333333,0.4275000000000002
2023-04-03,61.791666666666664,123.47250000000001,62.399166666666666,61.68083333333335,0.6075000000000017
2023-04-04,56.20541666666667,135.12041666666667,59.86000000000001,78.91499999999999,3.654583333333335
2023-04-05,104.085,142.57708333333332,104.74958333333332,38.492083333333326,0.6645833333333258
2023-04-06,89.65333333333332,130.36833333333334,98.44208333333334,40.71500000000002,8.788750000000022
2023-04-07,83.20666666666666,122.94458333333334,101.04625,39.73791666666668,17.839583333333337
2023-04-08,86.6175,116.58958333333334,86.6175,29.97208333333333,0.0
2023-04-09,75.56958333333334,105.0475,75.56958333333334,29.47791666666666,0.0
2023-04-10,52.536249999999995,54.305416666666666,52.536249999999995,1.7691666666666706,0.0
2023-04-11,91.40375,90.61208333333333,91.40375,-0.7916666666666714,0.0
2023-04-12,38.897083333333335,105.545,38.897083333333335,66.64791666666667,0.0
2023-04-13,56.99541666666667,116.85416666666667,66.88333333333334,59.85875,9.88791666666667
2023-04-14,46.725,129.71083333333334,50.85916666666666,82.98583333333335,4.134166666666658
2023-04-15,21.76875,106.29666666666667,21.76875,84.52791666666667,0.0
2023-04-16,25.410833333333333,110.11874999999999,35.494166666666665,84.70791666666666,10.083333333333332
2023-04-17,66.66416666666667,124.23583333333333,78.27333333333333,57.57166666666666,11.609166666666653
2023-04-18,96.19041666666668,111.255,99.47291666666666,15.064583333333317,3.2824999999999847
2023-04-19,113.47708333333334,109.52958333333333,113.54291666666667,-3.947500000000005,0.0658333333333303
2023-04-20,108.28375,113.26083333333334,115.23125,4.97708333333334,6.947500000000005
2023-04-21,100.89791666666667,118.83791666666667,100.89791666666667,17.939999999999998,0.0
2023-04-22,78.77708333333334,92.69333333333333,78.77708333333334,13.916249999999991,0.0
2023-04-23,49.93958333333333,82.75833333333334,49.93958333333333,32.81875000000001,0.0
2023-04-24,92.07583333333334,106.01791666666666,96.39708333333334,13.94208333333333,4.321250000000006
2023-04-25,90.94916666666666,111.38625,96.07541666666667,20.437083333333348,5.126250000000013
2023-04-26,108.73416666666667,117.85291666666666,108.73416666666667,9.118749999999991,0.0
2023-04-27,109.05,107.70458333333333,109.05,-1.3454166666666652,0.0
2023-04-28,107.89333333333333,104.73,107.89333333333333,-3.163333333333327,0.0
2023-04-29,83.42583333333333,100.44,87.83958333333334,17.014166666666668,4.413750000000007
2023-04-30,65.03875000000001,70.515,69.96208333333333,5.476249999999993,4.923333333333318
2023-05-01,61.346666666666664,79.58458333333333,94.92666666666666,18.237916666666663,33.58
2023-05-02,108.39666666666666,106.13,111.37208333333332,-2.2666666666666657,2.9754166666666606
2023-05-03,84.3025,93.28291666666667,84.3025,8.98041666666667,0.0
2023-05-04,90.39916666666666,87.34791666666666,90.39916666666666,-3.051249999999996,0.0
2023-05-05,100.82333333333334,97.73083333333334,100.82333333333334,-3.092500000000001,0.0
2023-05-06,91.42625,89.21916666666665,91.42625,-2.207083333333344,0.0
2023-05-07,63.53916666666667,79.03958333333334,63.53916666666667,15.500416666666673,0.0
2023-05-08,97.51333333333334,95.83,97.51333333333334,-1.6833333333333371,0.0
2023-05-09,89.48291666666667,100.44166666666666,89.48291666666667,10.958749999999995,0.0
2023-05-10,82.76833333333333,100.48625,82.76833333333333,17.717916666666667,0.0
2023-05-11,81.73125,111.55874999999999,81.73125,29.827499999999986,0.0
2023-05-12,74.13708333333334,96.72500000000001,74.13708333333334,22.587916666666672,0.0
2023-05-13,51.123333333333335,75.26916666666666,51.123333333333335,24.14583333333333,0.0
2023-05-14,39.575,59.355,50.35958333333334,19.779999999999994,10.784583333333337
2023-05-15,55.602916666666665,89.58,57.06166666666667,33.97708333333333,1.458750000000002
2023-05-16,42.47708333333333,80.19416666666667,43.57958333333334,37.71708333333334,1.1025000000000063
2023-05-17,49.57916666666667,81.51166666666667,49.57916666666667,31.932499999999997,0.0
2023-05-18,51.75833333333333,80.56041666666667,51.75833333333333,28.802083333333336,0.0
2023-05-19,60.2725,79.57458333333334,60.2725,19.302083333333336,0.0
2023-05-20,45.26958333333334,46.87875,45.26958333333334,1.6091666666666598,0.0
2023-05-21,31.515,29.949166666666667,39.620416666666664,-1.5658333333333339,8.105416666666663
2023-05-22,88.84541666666667,85.52,88.84541666666667,-3.325416666666669,0.0
2023-05-23,83.77666666666666,73.06916666666667,83.77666666666666,-10.707499999999982,0.0
2023-05-24,85.22666666666667,83.19833333333334,85.22666666666667,-2.028333333333336,0.0
2023-05-25,75.88375,71.84041666666667,76.09875,-4.0433333333333366,0.2149999999999892
2023-05-26,65.54583333333333,63.46666666666667,65.54583333333333,-2.0791666666666657,0.0
2023-05-27,86.41583333333334,59.246249999999996,86.41583333333334,-27.169583333333343,0.0
2023-05-28,84.9425,39.97,84.9425,-44.9725,0.0
2023-05-29,95.80208333333333,28.83458333333333,95.80208333333333,-66.9675,0.0
2023-05-30,92.53166666666668,74.92291666666667,92.53166666666668,-17.608750000000015,0.0
2023-05-31,88.44708333333334,63.626666666666665,88.44708333333334,-24.820416666666674,0.0
2023-06-01,85.37124999999999,71.30333333333333,85.37124999999999,-14.067916666666662,0.0
2023-06-02,86.73541666666667,72.79083333333334,86.73541666666667,-13.944583333333327,0.0
2023-06-03,79.36333333333333,52.005833333333335,85.40875,-27.357499999999995,6.045416666666668
2023-06-04,67.23291666666667,48.54458333333333,77.33916666666666,-18.68833333333334,10.106249999999989
2023-06-05,86.65416666666665,81.75083333333333,86.91916666666667,-4.903333333333322,0.2650000000000148
2023-06-06,87.26208333333334,82.71291666666666,87.26208333333334,-4.549166666666679,0.0
2023-06-07,87.16000000000001,86.72666666666667,87.14999999999999,-0.4333333333333371,-0.010000000000019327
2023-06-08,81.12583333333333,81.49791666666667,81.12583333333333,0.372083333333336,0.0
2023-06-09,81.66666666666667,85.31125,81.66666666666667,3.6445833333333297,0.0
2023-06-10,80.87666666666667,63.07958333333334,82.49875,-17.797083333333326,1.622083333333336
2023-06-11,67.19958333333334,49.67625,79.71958333333333,-17.523333333333333,12.519999999999996
2023-06-12,93.57875,99.04083333333334,93.57875,5.462083333333339,0.0
2023-06-13,89.72083333333335,92.71791666666667,89.72083333333335,2.9970833333333218,0.0
2023-06-14,84.53166666666667,99.44333333333333,86.07375,14.911666666666662,1.5420833333333377
2023-06-15,104.87625000000001,112.30291666666666,104.87625000000001,7.426666666666648,0.0
2023-06-16,122.42416666666666,127.045,122.64458333333333,4.620833333333337,0.22041666666666515
2023-06-17,97.4875,103.92125,99.23625,6.433750000000003,1.7487500000000011
2023-06-18,86.39041666666667,89.46458333333334,88.27666666666666,3.0741666666666703,1.8862499999999898
2023-06-19,106.71916666666668,113.18416666666667,106.71916666666668,6.464999999999989,0.0
2023-06-20,111.73916666666666,119.98166666666667,111.73916666666666,8.242500000000007,0.0
2023-06-21,117.05624999999999,123.40375,117.05624999999999,6.347500000000011,0.0
2023-06-22,122.44541666666667,124.48541666666667,122.66624999999999,2.039999999999992,0.22083333333331723
2023-06-23,110.35666666666667,106.98291666666667,110.97833333333334,-3.373750000000001,0.6216666666666697
2023-06-24,82.33624999999999,76.82041666666667,93.5225,-5.515833333333319,11.186250000000001
2023-06-25,72.27458333333333,62.94916666666666,99.0475,-9.325416666666662,26.772916666666674
2023-06-26,93.34500000000001,90.3075,95.54708333333333,-3.0375000000000085,2.20208333333332
2023-06-27,100.52,103.75166666666667,100.52,3.231666666666669,0.0
2023-06-28,103.79791666666667,106.34208333333333,103.79791666666667,2.544166666666669,0.0
2023-06-29,103.8325,110.41958333333334,103.8325,6.587083333333339,0.0
2023-06-30,96.57041666666667,100.78791666666666,96.57041666666667,4.217499999999987,0.0
2023-07-01,60.34375,40.842083333333335,88.58708333333334,-19.501666666666665,28.24333333333334
2023-07-02,48.278333333333336,-1.1970833333333324,85.98958333333333,-49.47541666666667,37.71124999999999
2023-07-03,117.02375,67.49374999999999,117.02375,-49.530000000000015,0.0
2023-07-04,113.02875,97.12041666666666,113.03541666666666,-15.908333333333346,0.006666666666660603
2023-07-05,106.54083333333334,79.93124999999999,106.54083333333334,-26.609583333333347,0.0
2023-07-06,111.93791666666668,103.185,111.93791666666668,-8.752916666666678,0.0
2023-07-07,102.73583333333333,93.235,102.73583333333333,-9.500833333333333,0.0
2023-07-08,87.92541666666666,81.42833333333333,90.895,-6.497083333333336,2.9695833333333326
2023-07-09,91.19916666666667,88.36208333333333,92.47291666666666,-2.8370833333333394,1.2737499999999926
2023-07-10,109.92333333333333,115.49083333333334,109.92333333333333,5.56750000000001,0.0
2023-07-11,106.36958333333332,104.00791666666667,106.36958333333332,-2.3616666666666504,0.0
2023-07-12,100.35416666666667,97.80624999999999,100.35416666666667,-2.54791666666668,0.0
2023-07-13,102.45166666666667,100.52958333333333,102.45166666666667,-1.9220833333333331,0.0
2023-07-14,87.45208333333333,80.69208333333333,87.895,-6.760000000000005,0.44291666666666174
2023-07-15,63.001666666666665,29.977500000000003,69.06041666666667,-33.02416666666666,6.058750000000003
2023-07-16,59.673750000000005,18.35125,59.673750000000005,-41.322500000000005,0.0
2023-07-17,87.47500000000001,80.7175,87.47500000000001,-6.757500000000007,0.0
2023-07-18,96.62,103.33958333333334,96.64958333333334,6.719583333333333,0.02958333333333485
2023-07-19,95.105,88.97958333333334,95.105,-6.125416666666666,0.0
2023-07-20,93.81,96.14041666666667,93.81,2.3304166666666646,0.0
2023-07-21,92.81041666666665,89.3625,92.84791666666666,-3.447916666666657,0.037500000000008527
2023-07-22,91.51666666666667,74.18625,92.22083333333335,-17.330416666666665,0.7041666666666799
2023-07-23,61.92625,32.13375,64.55375,-29.792500000000004,2.6274999999999906
2023-07-24,90.27416666666666,86.02749999999999,90.27416666666666,-4.24666666666667,0.0
2023-07-25,90.63416666666666,92.83125,90.63416666666666,2.197083333333339,0.0
2023-07-26,101.3675,97.53833333333334,101.3675,-3.8291666666666657,0.0
2023-07-27,99.23083333333334,88.91875,99.23083333333334,-10.312083333333334,0.0
2023-07-28,98.25083333333333,92.78583333333334,98.25083333333333,-5.464999999999989,0.0
2023-07-29,80.56083333333333,75.90208333333334,92.40583333333332,-4.658749999999998,11.844999999999985
2023-07-30,67.78666666666668,41.57958333333333,79.10125000000001,-26.207083333333344,11.314583333333331
2023-07-31,88.92333333333333,69.34958333333333,88.92333333333333,-19.573750000000004,0.0
2023-08-01,86.65333333333332,76.17458333333333,87.63541666666667,-10.478749999999991,0.9820833333333496
2023-08-02,76.09041666666667,57.6775,77.59083333333334,-18.412916666666668,1.5004166666666663
2023-08-03,64.75875,46.23875,65.38375,-18.520000000000003,0.625
2023-08-04,66.84333333333333,92.50083333333333,69.77499999999999,25.6575,2.9316666666666578
2023-08-05,68.9525,75.82833333333333,84.05083333333333,6.875833333333333,15.09833333333333
2023-08-06,28.14916666666667,24.158749999999998,53.99625,-3.990416666666672,25.847083333333334
2023-08-07,74.44625,70.06,83.10833333333333,-4.386250000000004,8.662083333333328
2023-08-08,96.43624999999999,67.93124999999999,96.43624999999999,-28.504999999999995,0.0
2023-08-09,99.76666666666667,92.04625,99.76666666666667,-7.720416666666665,0.0
2023-08-10,104.74541666666666,94.3175,104.74541666666666,-10.427916666666661,0.0
2023-08-11,113.09249999999999,96.26333333333334,113.09249999999999,-16.82916666666665,0.0
2023-08-12,98.19666666666667,80.16458333333334,98.19666666666667,-18.032083333333333,0.0
2023-08-13,72.81791666666668,65.07833333333333,73.39,-7.739583333333343,0.5720833333333246
2023-08-14,97.6075,88.77749999999999,97.6075,-8.830000000000013,0.0
2023-08-15,95.63416666666666,86.7,95.63416666666666,-8.934166666666655,0.0
2023-08-16,105.84166666666665,104.48,105.84166666666665,-1.3616666666666504,0.0
2023-08-17,113.95666666666666,101.26416666666667,113.95666666666666,-12.692499999999995,0.0
2023-08-18,107.6375,95.67875,107.6375,-11.958750000000009,0.0
2023-08-19,109.84916666666668,68.2675,109.84916666666668,-41.58166666666668,0.0
2023-08-20,113.16916666666667,90.20166666666667,113.16916666666667,-22.9675,0.0
2023-08-21,117.24583333333334,114.53541666666666,117.24583333333334,-2.7104166666666742,0.0
2023-08-22,120.6725,118.62708333333335,120.6725,-2.045416666666654,0.0
2023-08-23,134.94,146.73958333333334,134.94,11.799583333333345,0.0
2023-08-24,132.91,144.02416666666667,132.91,11.114166666666677,0.0
2023-08-25,111.69291666666668,111.08375000000001,111.69291666666668,-0.6091666666666669,0.0
2023-08-26,101.86916666666667,98.36708333333333,101.86916666666667,-3.5020833333333456,0.0
2023-08-27,52.31166666666667,89.40166666666666,52.31166666666667,37.08999999999999,0.0
2023-08-28,89.66083333333334,103.61416666666666,89.66083333333334,13.953333333333319,0.0
2023-08-29,102.57458333333334,109.36541666666666,102.57458333333334,6.790833333333325,0.0
2023-08-30,108.32249999999999,105.43124999999999,108.32249999999999,-2.8912499999999994,0.0
2023-08-31,110.57041666666667,102.08291666666668,110.57041666666667,-8.487499999999997,0.0
2023-09-01,105.7975,101.08625,105.7975,-4.711249999999993,0.0
2023-09-02,102.33291666666666,92.68583333333333,102.33291666666666,-9.647083333333327,0.0
2023-09-03,63.3475,72.9325,63.467083333333335,9.585000000000008,0.11958333333333826
2023-09-04,86.85374999999999,89.11833333333334,86.85374999999999,2.2645833333333485,0.0
2023-09-05,103.78750000000001,93.92958333333333,103.78750000000001,-9.857916666666682,0.0
2023-09-06,107.09541666666667,100.44875,107.09541666666667,-6.646666666666661,0.0
2023-09-07,107.09666666666668,101.27,107.09666666666668,-5.826666666666682,0.0
2023-09-08,103.82708333333333,100.71416666666666,103.82708333333333,-3.1129166666666777,0.0
2023-09-09,100.7,92.26208333333334,100.855,-8.437916666666666,0.15500000000000114
2023-09-10,102.07041666666667,78.71208333333333,103.45833333333333,-23.35833333333335,1.387916666666655
2023-09-11,116.9375,116.54708333333333,116.9375,-0.39041666666666686,0.0
2023-09-12,116.65625,107.73416666666667,116.65625,-8.922083333333333,0.0
2023-09-13,108.57083333333333,105.63458333333334,108.57083333333333,-2.936249999999987,0.0
2023-09-14,106.455,100.9375,106.455,-5.517499999999998,0.0
2023-09-15,115.37708333333335,95.78083333333332,115.37708333333335,-19.596250000000026,0.0
2023-09-16,98.91000000000001,79.92208333333333,98.91000000000001,-18.987916666666678,0.0
2023-09-17,63.76958333333334,72.54125,63.76958333333334,8.771666666666668,0.0
2023-09-18,105.8075,80.93041666666666,105.8075,-24.877083333333346,0.0
2023-09-19,109.90291666666667,40.260416666666664,109.90291666666667,-69.64250000000001,0.0
2023-09-20,93.65333333333332,40.37416666666667,93.98666666666666,-53.279166666666654,0.3333333333333428
2023-09-21,92.105,82.91375000000001,92.105,-9.191249999999997,0.0
2023-09-22,101.46625,85.64416666666666,101.46625,-15.822083333333339,0.0
2023-09-23,110.03541666666666,97.6675,110.06166666666667,-12.367916666666659,0.026250000000004547
2023-09-24,83.0125,51.16416666666667,102.45875,-31.848333333333336,19.446249999999992
2023-09-25,119.04791666666667,86.995,119.54791666666667,-32.05291666666666,0.5
2023-09-26,123.05208333333333,113.32291666666667,123.05208333333333,-9.729166666666657,0.0
2023-09-27,114.83458333333333,103.70333333333333,115.73666666666666,-11.131249999999994,0.9020833333333371
2023-09-28,113.85666666666667,92.56208333333332,115.20375,-21.29458333333335,1.3470833333333303
2023-09-29,118.96083333333333,94.72333333333334,118.96083333333333,-24.237499999999983,0.0
2023-09-30,104.89333333333333,88.64416666666666,104.89333333333333,-16.249166666666667,0.0
2023-10-01,95.99583333333334,68.19041666666666,98.32916666666667,-27.805416666666673,2.3333333333333286
2023-10-02,114.86125,110.76833333333333,114.86125,-4.092916666666667,0.0
2023-10-03,106.60416666666667,49.471666666666664,107.85041666666666,-57.13250000000001,1.2462499999999892
2023-10-04,102.74,75.51708333333333,102.74,-27.222916666666663,0.0
2023-10-05,103.5,92.96125,103.5,-10.538749999999993,0.0
2023-10-06,105.50958333333334,82.68124999999999,105.50958333333334,-22.828333333333347,0.0
2023-10-07,99.15791666666667,51.1775,99.15791666666667,-47.98041666666666,0.0
2023-10-08,104.2325,88.72333333333334,104.2325,-15.509166666666658,0.0
2023-10-09,120.96041666666667,114.3925,120.96041666666667,-6.567916666666676,0.0
2023-10-10,125.38958333333333,106.41208333333333,125.20125,-18.977500000000006,-0.18833333333333258
2023-10-11,123.58583333333333,78.88041666666668,123.58583333333333,-44.70541666666665,0.0
2023-10-12,121.94958333333334,124.77666666666666,122.01708333333333,2.82708333333332,0.06749999999999545
2023-10-13,118.63791666666667,69.5275,118.63791666666667,-49.110416666666666,0.0
2023-10-14,135.1341666666667,41.389583333333334,135.1341666666667,-93.74458333333335,0.0
2023-10-15,132.18541666666667,52.63125,132.18541666666667,-79.55416666666667,0.0
2023-10-16,141.045,133.50875,138.04875,-7.5362499999999955,-2.996249999999975
2023-10-17,108.22916666666667,112.73083333333334,107.79916666666666,4.501666666666665,-0.4300000000000068
2023-10-18,60.740833333333335,61.50125,60.875,0.7604166666666643,0.13416666666666544
2023-10-19,67.80583333333333,81.15583333333333,67.80583333333333,13.350000000000009,0.0
2023-10-20,23.122083333333332,86.10958333333333,23.122083333333332,62.9875,0.0
2023-10-21,61.240833333333335,42.814166666666665,61.240833333333335,-18.42666666666667,0.0
2023-10-22,86.97916666666667,62.97291666666667,86.97916666666667,-24.00625,0.0
2023-10-23,124.12041666666666,116.07249999999999,124.12041666666666,-8.047916666666666,0.0
2023-10-24,104.17541666666666,115.90416666666665,104.17541666666666,11.728749999999991,0.0
2023-10-25,68.70875,108.2925,68.70875,39.58375000000001,0.0
2023-10-26,51.77041666666667,119.19166666666666,51.77041666666667,67.42124999999999,0.0
2023-10-27,27.209166666666665,100.70958333333334,27.209166666666665,73.50041666666668,0.0
2023-10-28,6.447916666666667,49.73374999999999,6.447916666666667,43.28583333333333,0.0
2023-10-29,12.2472,15.7644,11.9988,3.5172000000000008,-0.24840000000000018
2023-10-30,34.99583333333333,92.21249999999999,34.99583333333333,57.21666666666666,0.0
2023-10-31,104.92458333333333,108.79083333333334,96.13083333333333,3.866250000000008,-8.793750000000003
2023-11-01,4.525416666666667,38.5625,4.525416666666667,34.037083333333335,0.0
2023-11-02,4.4174999999999995,57.45916666666667,4.4174999999999995,53.04166666666667,0.0
2023-11-03,5.757916666666667,57.10541666666666,5.757916666666667,51.3475,0.0
2023-11-04,1.5125,24.553749999999997,1.5125,23.041249999999998,0.0
2023-11-05,5.0249999999999995,19.62666666666667,5.0249999999999995,14.60166666666667,0.0
2023-11-06,55.145833333333336,73.97458333333334,55.145833333333336,18.828750000000007,0.0
2023-11-07,97.88791666666667,101.29124999999999,97.54083333333334,3.4033333333333218,-0.3470833333333303
2023-11-08,91.46249999999999,92.57875,90.32416666666667,1.116250000000008,-1.1383333333333212
2023-11-09,71.20916666666666,98.31958333333334,71.20916666666666,27.11041666666668,0.0
2023-11-10,54.35166666666667,93.46541666666667,54.35166666666667,39.11375,0.0
2023-11-11,8.7325,96.79583333333333,8.7325,88.06333333333333,0.0
2023-11-12,20.992916666666666,84.4375,20.992916666666666,63.444583333333334,0.0
2023-11-13,52.13708333333333,76.18041666666666,48.507083333333334,24.04333333333333,-3.6299999999999955
2023-11-14,67.26875,65.62833333333333,67.26875,-1.6404166666666669,0.0
2023-11-15,94.71875,93.94791666666667,94.71875,-0.7708333333333286,0.0
2023-11-16,101.85333333333334,105.26583333333333,101.70875000000001,3.4124999999999943,-0.14458333333332973
2023-11-17,118.00041666666668,121.06875000000001,118.00041666666668,3.068333333333328,0.0
2023-11-18,89.04833333333333,85.48958333333333,89.04833333333333,-3.5587500000000034,0.0
2023-11-19,71.19458333333334,36.77041666666667,71.19458333333334,-34.42416666666667,0.0
2023-11-20,94.11458333333333,99.43708333333332,93.74833333333333,5.322499999999991,-0.36624999999999375
2023-11-21,41.053333333333335,118.76083333333334,41.053333333333335,77.70750000000001,0.0
2023-11-22,29.610416666666666,109.60333333333334,29.610416666666666,79.99291666666667,0.0
2023-11-23,52.48916666666667,82.03916666666667,52.48916666666667,29.550000000000004,0.0
2023-11-24,66.13375,74.18375,66.13375,8.049999999999997,0.0
2023-11-25,87.80708333333332,95.93958333333335,87.80708333333332,8.132500000000022,0.0
2023-11-26,117.58458333333334,117.83666666666666,117.58458333333334,0.2520833333333172,0.0
2023-11-27,107.84708333333333,116.3575,107.84708333333333,8.510416666666671,0.0
2023-11-28,108.36,122.77583333333332,108.36,14.415833333333325,0.0
2023-11-29,85.00458333333333,140.48,85.00458333333333,55.47541666666666,0.0
2023-11-30,98.1225,168.79625000000001,98.1225,70.67375000000001,0.0
2023-12-01,97.96749999999999,155.67166666666665,97.29,57.704166666666666,-0.6774999999999807
2023-12-02,81.02583333333332,117.21541666666667,81.02583333333332,36.189583333333346,0.0
2023-12-03,79.92291666666667,105.29958333333333,79.92291666666667,25.376666666666665,0.0
2023-12-04,77.24083333333333,111.96458333333334,77.24083333333333,34.72375000000001,0.0
2023-12-05,113.13583333333332,113.62541666666665,112.42166666666667,0.4895833333333286,-0.7141666666666566
2023-12-06,105.96499999999999,128.62375,105.96499999999999,22.658750000000012,0.0
2023-12-07,85.07333333333334,105.08458333333334,85.07333333333334,20.011250000000004,0.0
2023-12-08,21.780416666666667,102.28375,21.780416666666667,80.50333333333333,0.0
2023-12-09,35.3925,75.79583333333333,35.3925,40.403333333333336,0.0
2023-12-10,38.895,45.3475,39.16458333333333,6.4524999999999935,0.26958333333332973
2023-12-11,74.62875,80.06708333333333,74.62875,5.438333333333333,0.0
2023-12-12,69.56166666666667,88.23375,69.56166666666667,18.672083333333333,0.0
2023-12-13,57.288333333333334,90.93124999999999,57.288333333333334,33.64291666666666,0.0
2023-12-14,67.25875,94.18083333333334,67.40125,26.922083333333333,0.1424999999999983
2023-12-15,74.85541666666667,93.29541666666667,74.85541666666667,18.439999999999998,0.0
2023-12-16,79.22791666666667,74.44541666666667,79.22791666666667,-4.782499999999999,0.0
2023-12-17,76.27791666666667,58.08833333333333,76.27791666666667,-18.18958333333334,0.0
2023-12-18,97.89958333333334,82.84083333333334,97.89958333333334,-15.058750000000003,0.0
2023-12-19,86.68374999999999,80.94833333333334,86.68791666666668,-5.7354166666666515,0.004166666666691299
2023-12-20,60.29791666666667,67.34958333333334,60.29791666666667,7.051666666666669,0.0
2023-12-21,53.19958333333333,37.35791666666667,53.31333333333333,-15.841666666666661,0.11375000000000313
2023-12-22,51.77125,27.500416666666666,51.77125,-24.270833333333336,0.0
2023-12-23,46.62166666666667,18.953333333333333,46.62166666666667,-27.668333333333337,0.0
2023-12-24,69.17208333333333,0.6266666666666666,69.17208333333333,-68.54541666666667,0.0
2023-12-25,63.09083333333333,0.38916666666666666,63.09083333333333,-62.70166666666666,0.0
2023-12-26,93.45875000000001,27.08666666666667,93.45875000000001,-66.37208333333334,0.0
2023-12-27,79.545,57.75458333333333,79.765,-21.790416666666673,0.21999999999999886
2023-12-28,98.19333333333333,21.949166666666667,98.19333333333333,-76.24416666666666,0.0
2023-12-29,103.50041666666668,15.34875,103.50041666666668,-88.15166666666669,0.0
2023-12-30,68.40541666666667,35.016666666666666,68.40541666666667,-33.38875,0.0
2023-12-31,30.056250000000002,9.42625,31.634583333333335,-20.630000000000003,1.5783333333333331
2024-01-01,36.2425,13.136666666666665,37.76375,-23.105833333333337,1.521250000000002
2024-01-02,40.907916666666665,36.1875,41.78208333333333,-4.720416666666665,0.8741666666666674
2024-01-03,55.08416666666667,46.11041666666667,55.93958333333333,-8.973749999999995,0.8554166666666632
2024-01-04,91.35791666666667,78.97958333333334,91.35791666666667,-12.37833333333333,0.0
2024-01-05,68.61541666666666,90.53833333333334,68.91875,21.92291666666668,0.30333333333334167
2024-01-06,43.97,87.54416666666667,43.97,43.57416666666667,0.0
2024-01-07,75.99833333333333,86.325,75.99833333333333,10.326666666666668,0.0
2024-01-08,105.50916666666666,102.23416666666667,106.16208333333333,-3.2749999999999915,0.6529166666666697
2024-01-09,113.82875,106.58666666666666,113.82875,-7.2420833333333405,0.0
2024-01-10,100.87916666666666,109.61625,100.87916666666666,8.73708333333333,0.0
2024-01-11,96.97083333333335,106.78875,96.97083333333335,9.817916666666648,0.0
2024-01-12,97.5575,106.53041666666667,97.08749999999999,8.972916666666663,-0.4700000000000131
2024-01-13,87.35041666666666,87.51833333333333,87.09583333333335,0.16791666666667027,-0.25458333333331495
2024-01-14,75.12541666666667,82.12125,75.12541666666667,6.995833333333337,0.0
2024-01-15,87.55958333333332,88.89875,87.55958333333332,1.339166666666685,0.0
2024-01-16,90.11583333333334,103.05041666666666,86.61833333333334,12.934583333333322,-3.4975000000000023
2024-01-17,26.955,85.23791666666666,26.955,58.282916666666665,0.0
2024-01-18,46.842083333333335,85.88625,46.842083333333335,39.04416666666667,0.0
2024-01-19,70.86541666666666,82.00208333333333,70.86541666666666,11.13666666666667,0.0
2024-01-20,80.52583333333332,77.87125,80.52583333333332,-2.6545833333333206,0.0
2024-01-21,64.40166666666667,58.07375,64.40166666666667,-6.327916666666674,0.0
2024-01-22,67.91666666666667,57.46083333333333,69.72291666666666,-10.455833333333338,1.8062499999999915
2024-01-23,78.01916666666666,56.98374999999999,78.01916666666666,-21.03541666666667,0.0
2024-01-24,83.42333333333333,48.31375,83.22458333333333,-35.10958333333333,-0.19875000000000398
2024-01-25,76.79666666666667,73.32416666666667,76.79666666666667,-3.4724999999999966,0.0
2024-01-26,72.56458333333333,65.82458333333334,72.56458333333333,-6.739999999999995,0.0
2024-01-27,66.065,68.42999999999999,65.86958333333334,2.364999999999995,-0.19541666666665947
2024-01-28,52.14000000000001,53.19416666666667,52.14000000000001,1.05416666666666,0.0
2024-01-29,77.9675,76.39458333333333,77.59083333333334,-1.5729166666666714,-0.37666666666666515
2024-01-30,81.28458333333333,78.03125,81.28458333333333,-3.2533333333333303,0.0
2024-01-31,84.2625,75.20458333333333,82.605,-9.05791666666667,-1.6574999999999989
2024-02-01,70.94833333333334,75.15083333333332,70.94833333333334,4.202499999999986,0.0
2024-02-02,65.3175,67.16458333333334,65.3175,1.8470833333333445,0.0
2024-02-03,60.32416666666666,46.099583333333335,60.32416666666666,-14.224583333333328,0.0
2024-02-04,63.09916666666667,27.947083333333335,63.09916666666667,-35.15208333333334,0.0
2024-02-05,80.91666666666667,53.51,80.91666666666667,-27.406666666666673,0.0
2024-02-06,74.02791666666667,53.471666666666664,74.02791666666667,-20.556250000000006,0.0
2024-02-07,50.10791666666666,57.5525,50.322916666666664,7.444583333333341,0.2150000000000034
2024-02-08,38.6675,51.666666666666664,38.07541666666666,12.999166666666667,-0.5920833333333348
2024-02-09,40.17625,48.9575,40.17625,8.78125,0.0
2024-02-10,9.470416666666667,71.9525,9.470416666666667,62.482083333333335,0.0
2024-02-11,44.82916666666667,57.47666666666667,43.47,12.647499999999994,-1.359166666666674
2024-02-12,45.854166666666664,73.425,45.854166666666664,27.570833333333333,0.0
2024-02-13,62.718333333333334,71.01583333333333,61.906666666666666,8.2975,-0.8116666666666674
2024-02-14,59.56916666666667,65.01416666666667,58.70041666666666,5.445,-0.8687500000000057
2024-02-15,51.21958333333333,56.904583333333335,51.11416666666667,5.685000000000002,-0.10541666666666316
2024-02-16,54.2425,60.7525,54.237500000000004,6.509999999999998,-0.0049999999999954525
2024-02-17,48.693333333333335,62.10125,48.693333333333335,13.407916666666665,0.0
2024-02-18,47.03541666666666,47.4075,47.03541666666666,0.372083333333336,0.0
2024-02-19,45.54791666666667,61.27791666666667,45.54791666666667,15.729999999999997,0.0
2024-02-20,52.86291666666667,62.34125,52.61291666666667,9.478333333333332,-0.25
2024-02-21,45.29958333333334,55.0525,44.93375,9.752916666666664,-0.36583333333333456
2024-02-22,10.70875,40.71625,10.70875,30.0075,0.0
2024-02-23,6.715833333333333,45.63708333333333,6.715833333333333,38.92124999999999,0.0
2024-02-24,6.941666666666666,56.560833333333335,6.941666666666666,49.61916666666667,0.0
2024-02-25,3.060416666666667,58.74541666666667,3.060416666666667,55.685,0.0
2024-02-26,3.8175000000000003,65.84291666666667,3.8175000000000003,62.025416666666665,0.0
2024-02-27,3.655,68.53166666666667,3.655,64.87666666666667,0.0
2024-02-28,9.34625,66.90249999999999,9.34625,57.55624999999999,0.0
2024-02-29,4.796666666666667,63.585,4.796666666666667,58.788333333333334,0.0
2024-03-01,2.13875,67.21333333333332,2.13875,65.07458333333332,0.0
2024-03-02,4.164583333333334,66.04208333333334,4.127916666666667,61.877500000000005,-0.03666666666666707
2024-03-03,3.7891666666666666,63.3525,3.7891666666666666,59.56333333333333,0.0
2024-03-04,7.95375,74.78458333333333,6.452916666666667,66.83083333333333,-1.5008333333333335
2024-03-05,33.45291666666667,76.41791666666667,32.8275,42.965,-0.6254166666666663
2024-03-06,45.96625,81.66458333333334,39.129583333333336,35.69833333333334,-6.836666666666666
2024-03-07,8.522916666666667,73.24291666666666,8.522916666666667,64.72,0.0
2024-03-08,1.6654166666666665,65.55541666666666,1.5945833333333335,63.88999999999999,-0.07083333333333308
2024-03-09,0.5908333333333333,49.135416666666664,0.5908333333333333,48.54458333333333,0.0
2024-03-10,0.5370833333333334,53.74166666666667,0.5370833333333334,53.20458333333333,0.0
2024-03-11,14.6325,72.20958333333333,14.6325,57.57708333333333,0.0
2024-03-12,42.2825,72.34041666666667,36.250416666666666,30.05791666666667,-6.032083333333333
2024-03-13,42.35583333333333,61.64208333333334,36.33833333333333,19.28625000000001,-6.017499999999998
2024-03-14,35.99,58.76083333333333,32.81166666666667,22.77083333333333,-3.1783333333333346
2024-03-15,37.7325,42.67208333333334,37.7325,4.9395833333333385,0.0
2024-03-16,31.61375,51.62958333333333,30.479166666666668,20.01583333333333,-1.1345833333333317
2024-03-17,28.050833333333333,46.74166666666667,28.013333333333332,18.690833333333334,-0.03750000000000142
2024-03-18,61.33541666666667,66.54166666666667,58.97875,5.206250000000004,-2.356666666666669
2024-03-19,65.00458333333334,68.43333333333334,64.32458333333334,3.4287499999999937,-0.6800000000000068
2024-03-20,56.94416666666667,59.7125,56.94416666666667,2.768333333333331,0.0
2024-03-21,35.90416666666667,54.05625,35.90416666666667,18.15208333333333,0.0
2024-03-22,22.40416666666667,36.049166666666665,21.88625,13.644999999999996,-0.5179166666666681
2024-03-23,2.0054166666666666,9.63125,2.0054166666666666,7.625833333333333,0.0
2024-03-24,6.691666666666666,16.131666666666664,6.353750000000001,9.439999999999998,-0.33791666666666575
2024-03-25,23.745416666666667,47.635416666666664,21.487916666666667,23.889999999999997,-2.2575000000000003
2024-03-26,2.3595833333333336,46.61333333333334,2.3595833333333336,44.253750000000004,0.0
2024-03-27,0.755,50.68083333333333,0.755,49.92583333333333,0.0
2024-03-28,0.66,16.952083333333334,0.66,16.292083333333334,0.0
2024-03-29,4.0525,34.691250000000004,4.0525,30.63875,0.0
2024-03-30,4.515833333333333,52.03541666666666,4.515833333333333,47.51958333333333,0.0
2024-03-31,0.8326086956521739,23.847826086956523,0.8326086956521739,23.01521739130435,0.0
2024-04-01,2.76375,17.414583333333333,2.765,14.650833333333333,0.0012500000000001954
2024-04-02,9.85125,19.583333333333332,6.53875,9.732083333333332,-3.3125
2024-04-03,9.030833333333334,13.527500000000002,8.913333333333332,4.496666666666668,-0.11750000000000149
2024-04-04,3.99875,9.540000000000001,3.9566666666666666,5.541250000000002,-0.04208333333333325
2024-04-05,0.4395833333333334,6.05125,0.105,5.611666666666666,-0.3345833333333334
2024-04-06,0.7441666666666666,-0.7104166666666667,0.7445833333333334,-1.4545833333333333,0.0004166666666667318
2024-04-07,4.0475,3.7429166666666664,4.0475,-0.30458333333333387,0.0
2024-04-08,0.52125,5.349583333333334,0.4054166666666667,4.828333333333334,-0.11583333333333329
2024-04-09,1.2895833333333333,1.6925000000000001,1.29125,0.4029166666666668,0.0016666666666667052
2024-04-10,4.312083333333334,38.76833333333334,4.315416666666667,34.456250000000004,0.0033333333333329662
2024-04-11,12.02875,16.339166666666667,12.024583333333334,4.310416666666667,-0.00416666666666643
2024-04-12,19.9425,21.044166666666666,14.979166666666666,1.1016666666666666,-4.963333333333333
2024-04-13,9.167083333333332,1.4241666666666672,9.207083333333333,-7.742916666666665,0.040000000000000924
2024-04-14,5.59875,2.59875,5.715833333333333,-3.0,0.11708333333333343
2024-04-15,3.48375,3.99,3.345833333333333,0.5062500000000001,-0.1379166666666669
2024-04-16,1.3670833333333334,3.1962500000000005,1.3670833333333334,1.829166666666667,0.0
2024-04-17,3.2604166666666665,39.143750000000004,2.674166666666667,35.88333333333334,-0.5862499999999997
2024-04-18,4.537916666666667,59.15166666666667,3.87625,54.61375,-0.6616666666666666
2024-04-19,15.180833333333334,18.3975,14.59375,3.216666666666667,-0.5870833333333341
2024-04-20,5.658333333333334,8.416666666666666,5.66125,2.758333333333332,0.0029166666666657903
2024-04-21,2.1725,17.395416666666666,2.3995833333333336,15.222916666666666,0.22708333333333375
2024-04-22,1.90125,59.60708333333333,1.90125,57.70583333333333,0.0
2024-04-23,5.840416666666667,84.66708333333334,5.841666666666666,78.82666666666667,0.0012499999999988631
2024-04-24,18.5725,67.32291666666667,18.5725,48.750416666666666,0.0
2024-04-25,41.444583333333334,79.135,38.596666666666664,37.69041666666667,-2.84791666666667
2024-04-26,57.49125,80.6475,57.49125,23.156249999999993,0.0
2024-04-27,25.023750000000003,37.00875,25.023750000000003,11.984999999999996,0.0
2024-04-28,28.7225,12.441249999999998,28.7225,-16.28125,0.0
2024-04-29,58.2725,61.23583333333334,58.2725,2.9633333333333383,0.0
2024-04-30,53.435833333333335,58.89291666666667,53.435833333333335,5.457083333333337,0.0
2024-05-01,12.530833333333334,13.938333333333333,12.636249999999999,1.4074999999999989,0.10541666666666494
2024-05-02,15.6025,17.51625,15.6025,1.9137500000000003,0.0
2024-05-03,26.110416666666666,24.474166666666665,26.110416666666666,-1.6362500000000004,0.0
2024-05-04,14.795833333333334,31.804999999999996,14.795833333333334,17.009166666666662,0.0
2024-05-05,17.529166666666665,29.027916666666666,17.529166666666665,11.498750000000001,0.0
2024-05-06,47.805,68.48041666666667,47.805,20.67541666666667,0.0
2024-05-07,42.04125,63.765833333333326,43.26,21.724583333333328,1.21875
2024-05-08,21.245,21.98,21.674583333333334,0.7349999999999994,0.42958333333333343
2024-05-09,33.53875,18.12333333333333,35.73875,-15.415416666666669,2.200000000000003
2024-05-10,28.947916666666668,13.920416666666666,29.267916666666665,-15.027500000000002,0.31999999999999673
2024-05-11,20.59,8.282083333333334,20.68375,-12.307916666666666,0.09375
2024-05-12,21.530416666666667,1.8945833333333333,22.279583333333335,-19.635833333333334,0.7491666666666674
2024-05-13,23.33666666666667,23.554166666666664,23.36125,0.21749999999999403,0.02458333333332874
2024-05-14,8.140833333333333,6.895,8.146666666666667,-1.2458333333333336,0.005833333333333357
2024-05-15,14.212083333333332,18.991666666666667,14.2475,4.779583333333335,0.035416666666668206
2024-05-16,32.35,30.617083333333337,32.54958333333334,-1.7329166666666644,0.19958333333333655
2024-05-17,53.42166666666666,43.27291666666667,53.42166666666666,-10.148749999999993,0.0
2024-05-18,32.989583333333336,27.2,32.989583333333336,-5.789583333333336,0.0
2024-05-19,26.602083333333336,15.263333333333334,26.653333333333332,-11.338750000000003,0.05124999999999602
2024-05-20,32.71541666666666,19.495833333333334,33.33708333333333,-13.219583333333329,0.6216666666666697
2024-05-21,46.090833333333336,32.0925,46.090833333333336,-13.998333333333335,0.0
2024-05-22,44.759166666666665,29.89916666666667,44.759166666666665,-14.859999999999996,0.0
2024-05-23,60.446666666666665,48.427083333333336,60.446666666666665,-12.01958333333333,0.0
2024-05-24,71.66583333333334,71.4075,73.11041666666667,-0.25833333333333997,1.444583333333327
2024-05-25,43.71458333333334,40.39458333333334,43.71458333333334,-3.3200000000000003,0.0
2024-05-26,25.422083333333333,13.781666666666666,25.422083333333333,-11.640416666666667,0.0
2024-05-27,30.84,30.081666666666667,30.84,-0.7583333333333329,0.0
2024-05-28,27.467083333333335,19.302083333333332,30.42958333333333,-8.165000000000003,2.962499999999995
2024-05-29,38.858333333333334,32.212916666666665,38.858333333333334,-6.645416666666669,0.0
2024-05-30,24.367499999999996,19.586666666666666,24.367499999999996,-4.78083333333333,0.0
2024-05-31,2.6891666666666665,6.659583333333334,2.689583333333333,3.9704166666666674,0.0004166666666667318
2024-06-01,1.7595833333333335,3.5904166666666666,1.7745833333333334,1.830833333333333,0.014999999999999902
2024-06-02,4.2612499999999995,1.5025000000000002,4.6137500000000005,-2.758749999999999,0.3525000000000009
2024-06-03,28.55541666666667,27.745,33.9325,-0.8104166666666686,5.377083333333328
2024-06-04,87.64,49.579583333333325,92.13708333333334,-38.060416666666676,4.497083333333336
2024-06-05,93.26041666666667,39.084583333333335,96.97833333333334,-54.17583333333334,3.7179166666666674
2024-06-06,93.42333333333333,51.4925,93.42333333333333,-41.93083333333333,0.0
2024-06-07,79.13291666666667,56.90083333333334,81.31,-22.232083333333335,2.1770833333333286
2024-06-08,71.42041666666667,20.222916666666666,71.42041666666667,-51.197500000000005,0.0
2024-06-09,16.427916666666665,13.015833333333333,23.7825,-3.4120833333333316,7.354583333333334
2024-06-10,44.60583333333333,28.397916666666664,45.65,-16.207916666666666,1.0441666666666691
2024-06-11,65.47708333333334,46.897083333333335,65.47708333333334,-18.580000000000005,0.0
2024-06-12,55.145833333333336,33.2775,57.882083333333334,-21.868333333333332,2.7362499999999983
2024-06-13,65.21666666666667,24.90875,70.52291666666666,-40.30791666666667,5.3062499999999915
2024-06-14,43.74333333333333,16.409583333333334,43.74333333333333,-27.33375,0.0
2024-06-15,19.693333333333335,-5.756666666666667,19.693333333333335,-25.450000000000003,0.0
2024-06-16,16.124166666666667,2.914583333333333,16.649166666666666,-13.209583333333335,0.5249999999999986
2024-06-17,29.27416666666667,33.13,32.120416666666664,3.855833333333333,2.846249999999994
2024-06-18,56.7125,35.00416666666667,57.07,-21.70833333333333,0.3575000000000017
2024-06-19,76.33291666666666,57.39083333333334,76.49583333333334,-18.942083333333322,0.16291666666667481
2024-06-20,90.60000000000001,79.23583333333333,90.73291666666667,-11.364166666666677,0.13291666666665947
2024-06-21,85.92083333333333,81.82625,86.77999999999999,-4.094583333333333,0.8591666666666526
2024-06-22,42.906666666666666,42.12416666666667,45.94583333333333,-0.7824999999999989,3.0391666666666666
2024-06-23,26.760416666666668,31.766666666666666,26.97583333333333,5.006249999999998,0.2154166666666626
2024-06-24,41.15125,54.91291666666667,57.708333333333336,13.76166666666667,16.55708333333334
2024-06-25,70.06833333333334,45.74166666666667,70.06833333333334,-24.326666666666675,0.0
2024-06-26,97.16875,105.97625,97.16875,8.80749999999999,0.0
2024-06-27,89.09625,68.39,89.48125,-20.706249999999997,0.3850000000000051
2024-06-28,82.04166666666667,34.420833333333334,83.46916666666667,-47.62083333333334,1.4274999999999949
2024-06-29,50.53666666666667,25.398749999999996,50.53666666666667,-25.137916666666673,0.0
2024-06-30,57.93541666666667,22.491666666666664,59.770833333333336,-35.44375000000001,1.8354166666666671
2024-07-01,53.224583333333335,52.49791666666667,60.99166666666667,-0.7266666666666666,7.767083333333332
2024-07-02,46.969166666666666,52.19,58.04291666666666,5.220833333333331,11.073749999999997
2024-07-03,61.706250000000004,38.105,71.67208333333333,-23.601250000000007,9.965833333333329
2024-07-04,51.848749999999995,10.532083333333333,72.70625,-41.31666666666666,20.8575
2024-07-05,59.875416666666666,27.51125,61.0,-32.36416666666666,1.1245833333333337
2024-07-06,33.97541666666667,-4.28625,33.97541666666667,-38.26166666666667,0.0
2024-07-07,34.70791666666667,11.161666666666667,34.708333333333336,-23.54625,0.0004166666666662877
2024-07-08,73.18666666666667,70.2325,74.12,-2.9541666666666657,0.9333333333333371
2024-07-09,69.55166666666666,46.33375,72.07041666666667,-23.21791666666666,2.5187500000000114
2024-07-10,87.60916666666667,67.97541666666667,87.71875,-19.633749999999992,0.10958333333333314
2024-07-11,85.53083333333332,78.4175,85.78625,-7.1133333333333155,0.25541666666667595
2024-07-12,58.7825,54.502916666666664,59.09708333333333,-4.279583333333335,0.31458333333333144
2024-07-13,51.375,30.232916666666668,51.49625,-21.142083333333332,0.12125000000000341
2024-07-14,52.28208333333333,19.004166666666666,52.51166666666666,-33.27791666666667,0.22958333333333059
2024-07-15,53.95333333333334,50.01333333333333,53.95333333333334,-3.940000000000012,0.0
2024-07-16,87.24416666666667,40.32791666666667,87.24416666666667,-46.916250000000005,0.0
2024-07-17,94.42208333333333,74.26875,94.42208333333333,-20.153333333333336,0.0
2024-07-18,101.36541666666666,82.02291666666666,101.36541666666666,-19.3425,0.0
2024-07-19,97.78208333333333,78.57916666666667,97.78208333333333,-19.202916666666667,0.0
2024-07-20,51.470416666666665,52.362500000000004,51.528333333333336,0.8920833333333391,0.057916666666670835
2024-07-21,30.412916666666664,25.79625,30.426666666666666,-4.616666666666664,0.013750000000001705
2024-07-22,79.53041666666667,57.61375,79.53041666666667,-21.916666666666664,0.0
2024-07-23,91.72708333333333,53.875416666666666,91.72708333333333,-37.85166666666666,0.0
2024-07-24,94.88,61.048750000000005,94.88,-33.83124999999999,0.0
2024-07-25,89.26416666666667,53.89458333333334,89.53333333333335,-35.36958333333333,0.26916666666667766
2024-07-26,94.89666666666666,64.76666666666667,94.89666666666666,-30.129999999999995,0.0
2024-07-27,76.97125,41.38875,76.97125,-35.582499999999996,0.0
2024-07-28,63.32708333333333,17.680833333333332,63.32708333333333,-45.646249999999995,0.0
2024-07-29,108.77749999999999,31.631666666666664,108.77749999999999,-77.14583333333333,0.0
2024-07-30,99.70666666666666,52.82749999999999,99.77458333333334,-46.87916666666667,0.06791666666667595
2024-07-31,105.34125,65.55958333333334,105.56333333333333,-39.781666666666666,0.2220833333333303
2024-08-01,107.31708333333334,79.39999999999999,107.31708333333334,-27.917083333333352,0.0
2024-08-02,93.49874999999999,78.495,93.49874999999999,-15.003749999999982,0.0
2024-08-03,77.645,33.785000000000004,77.645,-43.85999999999999,0.0
2024-08-04,75.47666666666667,32.22291666666667,75.47666666666667,-43.253750000000004,0.0
2024-08-05,109.82416666666667,46.518750000000004,109.82416666666667,-63.305416666666666,0.0
2024-08-06,105.55791666666666,43.606249999999996,105.55791666666666,-61.95166666666666,0.0
2024-08-07,97.42625,34.39791666666667,97.455,-63.02833333333333,0.028750000000002274
2024-08-08,101.18624999999999,31.014166666666668,101.18624999999999,-70.17208333333332,0.0
2024-08-09,102.31916666666666,23.786666666666665,102.31916666666666,-78.5325,0.0
2024-08-10,71.35791666666667,21.32875,71.35791666666667,-50.02916666666667,0.0
2024-08-11,69.2225,12.792499999999999,69.2225,-56.43,0.0
2024-08-12,105.80916666666667,45.52291666666667,105.80916666666667,-60.28625,0.0
2024-08-13,106.37166666666667,82.90833333333333,106.37166666666667,-23.46333333333334,0.0
2024-08-14,89.0525,86.15333333333332,89.0525,-2.899166666666673,0.0
2024-08-15,44.290416666666665,42.17958333333333,44.290416666666665,-2.110833333333332,0.0
2024-08-16,88.2275,75.29875,88.2275,-12.928750000000008,0.0
2024-08-17,83.21375,75.14583333333333,83.21375,-8.067916666666676,0.0
2024-08-18,55.59583333333333,51.54666666666666,55.59583333333333,-4.049166666666672,0.0
2024-08-19,93.71625,87.77791666666667,93.71625,-5.938333333333333,0.0
2024-08-20,95.6225,56.70416666666667,95.6225,-38.91833333333333,0.0
2024-08-21,79.05833333333334,39.290416666666665,80.67125,-39.76791666666667,1.6129166666666634
2024-08-22,109.39708333333333,36.70125,109.39708333333333,-72.69583333333333,0.0
2024-08-23,107.08708333333334,35.683749999999996,107.08708333333334,-71.40333333333334,0.0
2024-08-24,60.32416666666666,29.145833333333332,60.48416666666666,-31.17833333333333,0.1599999999999966
2024-08-25,31.200833333333332,18.88,31.201249999999998,-12.320833333333333,0.0004166666666662877
2024-08-26,94.1925,69.11041666666667,94.1925,-25.08208333333333,0.0
2024-08-27,107.71249999999999,69.52208333333333,107.71249999999999,-38.190416666666664,0.0
2024-08-28,108.43166666666667,89.39958333333334,108.43166666666667,-19.032083333333333,0.0
2024-08-29,120.36625,99.20666666666666,120.36625,-21.15958333333333,0.0
2024-08-30,115.56875000000001,95.1875,115.56875000000001,-20.38125000000001,0.0
2024-08-31,116.61375,68.66875,116.61375,-47.94499999999999,0.0
2024-09-01,99.64458333333334,61.543749999999996,99.64458333333334,-38.10083333333335,0.0
2024-09-02,116.66083333333334,104.93958333333335,116.66083333333334,-11.721249999999998,0.0
2024-09-03,108.44333333333333,104.21541666666667,108.44333333333333,-4.227916666666658,0.0
2024-09-04,95.41250000000001,104.69375000000001,95.41250000000001,9.28125,0.0
2024-09-05,104.28291666666667,86.12875000000001,104.50166666666667,-18.154166666666654,0.21875
2024-09-06,86.72375,78.79625,86.72375,-7.927499999999995,0.0
2024-09-07,79.0125,60.69375,87.055,-18.31875,8.042500000000004
2024-09-08,67.75750000000001,36.88458333333333,67.75791666666667,-30.872916666666676,0.0004166666666662877
2024-09-09,86.53583333333334,57.002916666666664,90.84125,-29.53291666666668,4.305416666666659
2024-09-10,75.21375,44.03666666666667,82.19583333333334,-31.177083333333336,6.982083333333335
2024-09-11,76.73875,54.59625,76.73875,-22.1425,0.0
2024-09-12,72.21083333333333,67.88583333333334,72.21083333333333,-4.324999999999989,0.0
2024-09-13,47.105,58.4725,47.12875,11.3675,0.023749999999999716
2024-09-14,45.60999999999999,47.651250000000005,45.60999999999999,2.041250000000012,0.0
2024-09-15,32.51625,29.958333333333332,32.572916666666664,-2.5579166666666673,0.05666666666666487
2024-09-16,27.18625,39.135,27.27541666666667,11.948749999999997,0.08916666666666728
2024-09-17,25.697083333333335,21.905416666666667,25.72125,-3.791666666666668,0.024166666666666003
2024-09-18,90.92041666666667,48.56625,90.92041666666667,-42.35416666666667,0.0
2024-09-19,106.98041666666667,54.6025,106.98041666666667,-52.37791666666667,0.0
2024-09-20,107.68916666666667,56.557916666666664,107.68916666666667,-51.13125,0.0
2024-09-21,85.38625,33.26375,85.38625,-52.1225,0.0
2024-09-22,69.90541666666667,45.96875,69.94,-23.936666666666667,0.0345833333333303
2024-09-23,90.03333333333335,54.8225,91.09916666666668,-35.21083333333335,1.0658333333333303
2024-09-24,95.81208333333335,54.13708333333333,95.81208333333335,-41.67500000000002,0.0
2024-09-25,57.225,42.31916666666667,57.225,-14.905833333333334,0.0
2024-09-26,24.177083333333332,28.035416666666666,24.177083333333332,3.8583333333333343,0.0
2024-09-27,25.60625,15.0525,30.429999999999996,-10.553749999999999,4.823749999999997
2024-09-28,46.80916666666667,27.144166666666667,46.809583333333336,-19.665000000000003,0.0004166666666662877
2024-09-29,43.55791666666667,24.550833333333333,43.70083333333333,-19.007083333333338,0.14291666666665748
2024-09-30,87.84541666666667,12.150416666666667,92.13833333333334,-75.695,4.29291666666667
2024-10-01,97.90125,62.57375,98.07416666666667,-35.32750000000001,0.17291666666666572
2024-10-02,93.59375,90.43458333333332,93.59375,-3.1591666666666782,0.0
2024-10-03,57.919999999999995,57.63916666666666,67.44583333333334,-0.2808333333333337,9.525833333333345
2024-10-04,98.97583333333334,88.42375,98.97583333333334,-10.552083333333343,0.0
2024-10-05,60.39541666666667,64.20041666666667,60.39541666666667,3.8049999999999997,0.0
2024-10-06,21.96166666666667,24.656666666666666,21.96166666666667,2.6949999999999967,0.0
2024-10-07,55.455000000000005,56.19916666666666,55.455000000000005,0.7441666666666578,0.0
2024-10-08,31.374583333333334,32.7475,31.374583333333334,1.3729166666666686,0.0
2024-10-09,24.515416666666667,33.86208333333334,24.515416666666667,9.346666666666671,0.0
2024-10-10,76.18166666666666,47.56333333333333,76.18166666666666,-28.618333333333325,0.0
2024-10-11,90.66375,87.26708333333333,87.37791666666668,-3.396666666666661,-3.285833333333315
2024-10-12,69.85625,50.059583333333336,69.85625,-19.796666666666667,0.0
2024-10-13,52.750416666666666,17.93375,52.780833333333334,-34.81666666666666,0.030416666666667425
2024-10-14,104.16708333333334,89.34791666666666,104.16708333333334,-14.819166666666675,0.0
2024-10-15,87.22541666666666,71.0275,87.22541666666666,-16.197916666666657,0.0
2024-10-16,48.83708333333333,30.890416666666667,48.83708333333333,-17.946666666666665,0.0
2024-10-17,51.250416666666666,59.455000000000005,51.250416666666666,8.20458333333334,0.0
2024-10-18,51.987500000000004,67.37708333333333,63.60166666666667,15.389583333333327,11.614166666666662
2024-10-19,48.70791666666667,38.112500000000004,49.840833333333336,-10.595416666666665,1.1329166666666666
2024-10-20,44.66291666666667,13.514583333333333,51.29208333333333,-31.148333333333333,6.629166666666663
2024-10-21,93.62666666666667,67.53333333333333,94.0025,-26.093333333333334,0.3758333333333326
2024-10-22,80.17666666666666,86.44,80.17666666666666,6.263333333333335,0.0
2024-10-23,87.22875,85.1125,87.24666666666667,-2.116250000000008,0.017916666666664582
2024-10-24,70.19375000000001,65.08416666666666,70.19375000000001,-5.109583333333347,0.0
2024-10-25,63.79583333333333,59.30291666666667,63.83041666666667,-4.492916666666659,0.03458333333334451
2024-10-26,49.60583333333333,57.22666666666667,50.54291666666666,7.620833333333337,0.9370833333333337
2024-10-27,77.6732,74.3136,77.6732,-3.3596000000000004,0.0
2024-10-28,76.04,82.0925,75.77583333333332,6.052499999999995,-0.2641666666666822
2024-10-29,73.40375,86.73416666666667,73.40375,13.330416666666665,0.0
2024-10-30,83.49125,79.06958333333334,83.8225,-4.421666666666653,0.33125000000001137
2024-10-31,101.16958333333334,97.02125000000001,100.76583333333333,-4.148333333333326,-0.4037500000000023
2024-11-01,81.61041666666667,80.75208333333333,81.61041666666667,-0.8583333333333343,0.0
2024-11-02,91.94458333333334,91.69666666666666,91.94458333333334,-0.24791666666668277,0.0
2024-11-03,72.57083333333334,79.4975,72.57083333333334,6.926666666666662,0.0
2024-11-04,108.87958333333334,107.88291666666667,108.72458333333333,-0.9966666666666697,-0.15500000000001535
2024-11-05,117.04541666666667,115.32,117.04541666666667,-1.7254166666666748,0.0
2024-11-06,116.83083333333333,116.48875,116.83083333333333,-0.34208333333333485,0.0
2024-11-07,111.82833333333333,109.47708333333333,111.82833333333333,-2.3512500000000074,0.0
2024-11-08,117.48916666666668,112.12,117.48916666666668,-5.369166666666672,0.0
2024-11-09,110.4575,111.59625,110.4575,1.1387500000000017,0.0
2024-11-10,90.90458333333333,105.87625000000001,90.90458333333333,14.971666666666678,0.0
2024-11-11,77.90875,99.88666666666667,80.79666666666667,21.977916666666673,2.887916666666669
2024-11-12,63.70375000000001,103.73541666666667,64.73958333333333,40.03166666666666,1.035833333333322
2024-11-13,105.62124999999999,123.41666666666667,105.62124999999999,17.795416666666682,0.0
2024-11-14,118.61625,125.10125,118.61625,6.484999999999999,0.0
2024-11-15,124.55333333333334,124.20708333333333,124.55333333333334,-0.34625000000001194,0.0
2024-11-16,112.16375,107.15583333333332,112.16375,-5.007916666666674,0.0
2024-11-17,114.02125000000001,89.99958333333335,114.02125000000001,-24.02166666666666,0.0
2024-11-18,136.37458333333333,113.87541666666665,136.37458333333333,-22.49916666666668,0.0
2024-11-19,133.49041666666668,87.63875,133.49041666666668,-45.851666666666674,0.0
2024-11-20,95.78541666666666,112.43374999999999,95.78541666666666,16.648333333333326,0.0
2024-11-21,77.915,113.49583333333334,78.715,35.58083333333333,0.7999999999999972
2024-11-22,119.51583333333333,110.75791666666667,119.51583333333333,-8.75791666666666,0.0
2024-11-23,78.18541666666667,70.44416666666667,78.18541666666667,-7.741249999999994,0.0
2024-11-24,10.710416666666667,10.659166666666666,10.710416666666667,-0.05125000000000135,0.0
2024-11-25,81.72791666666667,66.74083333333333,82.00625000000001,-14.987083333333345,0.278333333333336
2024-11-26,143.24541666666667,114.24166666666667,143.24541666666667,-29.003749999999997,0.0
2024-11-27,136.45374999999999,82.06291666666667,136.45374999999999,-54.39083333333332,0.0
2024-11-28,132.18875,109.76916666666666,132.18875,-22.419583333333335,0.0
2024-11-29,127.15666666666668,114.25291666666668,127.29916666666666,-12.903750000000002,0.14249999999998408
2024-11-30,124.00833333333333,105.39625,124.00833333333333,-18.61208333333333,0.0
2024-12-01,126.51541666666667,91.52666666666666,126.51541666666667,-34.98875000000001,0.0
2024-12-02,143.21125,106.59916666666668,143.21125,-36.61208333333333,0.0
2024-12-03,140.4275,142.76708333333332,140.4275,2.3395833333333087,0.0
2024-12-04,133.36625,144.54208333333332,134.22291666666666,11.175833333333316,0.8566666666666549
2024-12-05,135.26166666666668,108.43416666666667,135.61916666666667,-26.827500000000015,0.3574999999999875
2024-12-06,117.58708333333334,87.27916666666665,118.65958333333333,-30.307916666666685,1.072499999999991
2024-12-07,36.66833333333333,42.221666666666664,36.66833333333333,5.553333333333335,0.0
2024-12-08,22.188333333333333,37.19541666666667,22.188333333333333,15.007083333333334,0.0
2024-12-09,67.18875,88.63208333333334,67.18875,21.443333333333342,0.0
2024-12-10,134.22416666666666,126.21333333333332,134.22416666666666,-8.010833333333338,0.0
2024-12-11,139.0925,164.09666666666666,140.60916666666665,25.004166666666663,1.5166666666666515
2024-12-12,146.67291666666668,173.1258333333333,146.67291666666668,26.452916666666624,0.0
2024-12-13,143.7275,176.68541666666667,145.29041666666666,32.95791666666668,1.5629166666666663
2024-12-14,128.845,109.47041666666667,128.845,-19.374583333333334,0.0
2024-12-15,102.99458333333332,73.5,102.99458333333332,-29.494583333333324,0.0
2024-12-16,120.86166666666666,76.52499999999999,120.86166666666666,-44.33666666666667,0.0
2024-12-17,121.85416666666667,93.1375,121.85416666666667,-28.71666666666667,0.0
2024-12-18,113.445,58.73666666666667,113.445,-54.70833333333332,0.0
2024-12-19,75.91958333333334,58.942499999999995,79.79791666666667,-16.97708333333334,3.8783333333333303
2024-12-20,114.67166666666667,80.3275,114.67166666666667,-34.344166666666666,0.0
2024-12-21,94.72625,32.24583333333333,94.72625,-62.48041666666666,0.0
2024-12-22,53.92875,24.732916666666668,53.92875,-29.195833333333333,0.0
2024-12-23,46.57208333333333,65.55708333333332,46.57208333333333,18.984999999999992,0.0
2024-12-24,73.85458333333334,102.48625,73.85458333333334,28.63166666666666,0.0
2024-12-25,100.94333333333333,96.78625,100.94333333333333,-4.157083333333333,0.0
2024-12-26,133.94458333333333,112.64166666666667,133.94458333333333,-21.30291666666666,0.0
2024-12-27,133.60416666666666,119.54166666666667,133.60416666666666,-14.062499999999986,0.0
2024-12-28,133.13,120.32416666666667,133.13,-12.805833333333325,0.0
2024-12-29,136.14708333333334,113.87458333333332,136.14708333333334,-22.272500000000022,0.0
2024-12-30,140.9375,117.545,140.9375,-23.3925,0.0
2024-12-31,135.85958333333335,97.78500000000001,135.85958333333335,-38.07458333333334,0.0
2025-01-01,100.92875,22.59,103.62416666666667,-78.33874999999999,2.6954166666666737
2025-01-02,134.02333333333334,107.68541666666665,134.375,-26.337916666666686,0.35166666666665947
2025-01-03,122.33666666666666,115.69375000000001,122.44208333333334,-6.64291666666665,0.10541666666668448
2025-01-04,111.57208333333334,121.73833333333333,111.72958333333332,10.166249999999991,0.15749999999998465
2025-01-05,51.44291666666667,47.949999999999996,51.44291666666667,-3.492916666666673,0.0
2025-01-06,45.42875,35.44375,47.53125,-9.985,2.102499999999999
2025-01-07,83.43083333333333,74.2625,86.05666666666667,-9.168333333333322,2.625833333333347
2025-01-08,98.91875,104.33291666666668,98.73041666666667,5.414166666666674,-0.18833333333333258
2025-01-09,87.40291666666667,85.61500000000001,87.40291666666667,-1.7879166666666606,0.0
2025-01-10,111.51666666666667,112.95708333333334,111.86791666666666,1.4404166666666782,0.3512499999999932
2025-01-11,95.87583333333333,106.69125000000001,95.87583333333333,10.815416666666678,0.0
2025-01-12,73.72416666666668,108.26166666666666,73.88625,34.53749999999998,0.16208333333332803
2025-01-13,125.81124999999999,125.24791666666665,125.81124999999999,-0.5633333333333326,0.0
2025-01-14,137.83291666666665,136.72333333333333,136.92708333333334,-1.109583333333319,-0.9058333333333053
2025-01-15,140.6783333333333,160.56833333333333,140.6783333333333,19.890000000000015,0.0
2025-01-16,135.08916666666667,139.88375,134.08,4.794583333333321,-1.0091666666666583
2025-01-17,135.61875,142.84,134.56125,7.221249999999998,-1.0575000000000045
2025-01-18,133.16208333333333,131.33708333333334,133.16208333333333,-1.8249999999999886,0.0
2025-01-19,125.11333333333334,127.33999999999999,124.77125000000001,2.2266666666666453,-0.34208333333333485
2025-01-20,144.92,196.71291666666664,144.92,51.792916666666656,0.0
2025-01-21,140.60458333333335,159.89958333333334,139.28083333333333,19.294999999999987,-1.3237500000000182
2025-01-22,134.95541666666665,146.94833333333335,134.95541666666665,11.992916666666702,0.0
2025-01-23,140.55249999999998,110.32875,140.55249999999998,-30.22374999999998,0.0
2025-01-24,91.74624999999999,78.04208333333334,91.74624999999999,-13.704166666666652,0.0
2025-01-25,42.51958333333334,61.43875,42.51958333333334,18.919166666666662,0.0
2025-01-26,26.4225,38.428333333333335,26.4225,12.005833333333335,0.0
2025-01-27,21.790833333333335,28.93875,21.10125,7.147916666666664,-0.689583333333335
2025-01-28,16.44666666666667,30.525833333333335,16.36916666666667,14.079166666666666,-0.07750000000000057
2025-01-29,48.7875,72.7675,47.11958333333333,23.979999999999997,-1.6679166666666703
2025-01-30,42.3975,107.86208333333333,42.3975,65.46458333333334,0.0
2025-01-31,96.33416666666666,131.46083333333334,96.33416666666666,35.12666666666668,0.0
2025-02-01,95.25916666666666,130.27958333333333,95.25916666666666,35.02041666666668,0.0
2025-02-02,124.73875,132.14166666666668,124.73875,7.402916666666684,0.0
2025-02-03,133.04999999999998,150.65291666666667,132.495,17.602916666666687,-0.5549999999999784
2025-02-04,143.38625,141.065,143.38625,-2.321249999999992,0.0
2025-02-05,117.50875,145.30791666666667,117.50875,27.799166666666665,0.0
2025-02-06,138.6029166666667,142.57874999999999,138.6029166666667,3.9758333333332985,0.0
2025-02-07,117.87,129.77833333333334,116.79208333333334,11.908333333333331,-1.0779166666666669
2025-02-08,105.09708333333333,123.31833333333333,105.09708333333333,18.221249999999998,0.0
2025-02-09,109.59541666666667,133.74666666666667,109.59541666666667,24.151250000000005,0.0
2025-02-10,139.73958333333334,144.21041666666667,139.52083333333334,4.470833333333331,-0.21875
2025-02-11,133.15541666666667,141.57083333333333,132.43541666666667,8.415416666666658,-0.7199999999999989
2025-02-12,119.86,154.36625,119.86,34.50625000000001,0.0
2025-02-13,130.97916666666666,150.62708333333333,130.97916666666666,19.647916666666674,0.0
2025-02-14,121.06875000000001,147.95125,121.06875000000001,26.88249999999998,0.0
2025-02-15,90.43166666666667,121.07875,90.43166666666667,30.647083333333327,0.0
2025-02-16,88.21958333333333,125.30333333333334,88.21958333333333,37.08375000000001,0.0
2025-02-17,138.16625000000002,144.87666666666667,138.16625000000002,6.710416666666646,0.0
2025-02-18,79.73458333333333,130.18166666666667,79.73458333333333,50.44708333333334,0.0
2025-02-19,123.555,117.30708333333332,123.555,-6.247916666666683,0.0
2025-02-20,87.56875000000001,99.48833333333333,87.56875000000001,11.919583333333321,0.0
2025-02-21,47.992916666666666,63.90291666666667,47.992916666666666,15.910000000000004,0.0
2025-02-22,70.84375,75.14958333333333,70.84375,4.305833333333325,0.0
2025-02-23,65.81,70.30041666666666,65.81,4.490416666666661,0.0
2025-02-24,78.56625,86.75041666666668,78.56625,8.184166666666684,0.0
2025-02-25,94.83749999999999,103.69333333333333,94.83749999999999,8.855833333333337,0.0
2025-02-26,105.34458333333333,101.84750000000001,105.34458333333333,-3.4970833333333218,0.0
2025-02-27,120.43208333333332,114.745,120.43208333333332,-5.6870833333333195,0.0
2025-02-28,111.205,112.21749999999999,111.205,1.0124999999999886,0.0
2025-03-01,65.8325,97.33583333333333,65.8325,31.50333333333333,0.0
2025-03-02,65.56125,91.24041666666666,65.56125,25.67916666666666,0.0
2025-03-03,96.98958333333333,117.73125,96.98958333333333,20.741666666666674,0.0
2025-03-04,96.44458333333334,109.14999999999999,96.44458333333334,12.70541666666665,0.0
2025-03-05,78.87833333333333,88.06041666666665,78.87833333333333,9.182083333333324,0.0
2025-03-06,78.06291666666667,72.18666666666667,78.06291666666667,-5.876249999999999,0.0
2025-03-07,49.07125,59.84,49.085,10.768750000000004,0.013750000000001705
2025-03-08,15.220416666666667,37.09916666666667,15.220416666666667,21.878750000000004,0.0
2025-03-09,46.507083333333334,46.507083333333334,46.507083333333334,0.0,0.0
2025-03-10,92.99416666666667,92.99416666666667,88.13166666666666,0.0,-4.862500000000011
2025-03-11,96.94333333333333,101.1175,96.94333333333333,4.174166666666679,0.0
2025-03-12,93.06416666666667,111.50833333333333,93.06416666666667,18.44416666666666,0.0
2025-03-13,111.72708333333333,121.68458333333332,111.72708333333333,9.957499999999996,0.0
2025-03-14,57.68291666666667,115.78041666666667,57.68291666666667,58.0975,0.0
2025-03-15,48.88999999999999,88.63833333333334,48.89041666666666,39.74833333333334,0.0004166666666662877
2025-03-16,60.574999999999996,73.12791666666666,60.574999999999996,12.552916666666668,0.0
2025-03-17,88.65333333333332,97.40750000000001,84.05583333333333,8.754166666666691,-4.597499999999997
2025-03-18,57.68083333333333,76.3975,57.68083333333333,18.71666666666666,0.0
2025-03-19,29.107083333333332,69.08833333333334,23.023750000000003,39.98125,-6.083333333333329
2025-03-20,22.692083333333333,45.757083333333334,22.692083333333333,23.065,0.0
2025-03-21,10.75,30.67125,10.685833333333333,19.92125,-0.06416666666666693
2025-03-22,11.225,29.587500000000002,11.225,18.362500000000004,0.0
2025-03-23,29.131666666666664,49.384166666666665,28.370416666666667,20.2525,-0.7612499999999969
2025-03-24,44.455000000000005,102.97125,44.455000000000005,58.51624999999999,0.0
2025-03-25,42.40541666666667,93.21666666666665,42.420833333333334,50.81124999999999,0.015416666666666856
2025-03-26,36.205,98.8825,36.30375,62.677499999999995,0.09875000000000256
2025-03-27,54.59,81.12083333333334,54.60458333333333,26.530833333333334,0.014583333333327175
2025-03-28,25.706666666666667,63.51333333333333,26.02333333333333,37.80666666666666,0.3166666666666629
2025-03-29,4.322916666666667,41.1925,5.167083333333333,36.86958333333334,0.8441666666666663
2025-03-30,3.0278260869565217,17.312173913043477,3.4408695652173913,14.284347826086956,0.4130434782608696
2025-03-31,29.446250000000003,60.24875,28.73375,30.8025,-0.7125000000000021
2025-04-01,58.6025,55.05708333333334,60.57333333333333,-3.545416666666661,1.9708333333333314
2025-04-02,27.98875,28.43166666666667,28.010416666666668,0.44291666666666885,0.021666666666668277
2025-04-03,22.096249999999998,48.73041666666666,22.096249999999998,26.634166666666665,0.0
2025-04-04,11.23625,38.8825,9.647499999999999,27.646250000000002,-1.588750000000001
2025-04-05,24.420416666666668,25.2175,24.420416666666668,0.7970833333333331,0.0
2025-04-06,26.559166666666666,11.269583333333335,26.559166666666666,-15.289583333333331,0.0
2025-04-07,56.13916666666666,63.74166666666667,55.04333333333333,7.602500000000006,-1.0958333333333314
2025-04-08,47.672083333333326,61.123333333333335,47.672083333333326,13.451250000000009,0.0
2025-04-09,31.980416666666667,34.67125,31.980416666666667,2.690833333333334,0.0
2025-04-10,19.1975,29.657083333333333,19.1975,10.459583333333331,0.0
2025-04-11,18.34958333333333,36.9575,18.34958333333333,18.60791666666667,0.0
2025-04-12,27.0125,24.873333333333335,27.0125,-2.1391666666666644,0.0
2025-04-13,18.345,18.842499999999998,18.345,0.4974999999999987,0.0
2025-04-14,24.542916666666667,36.222500000000004,24.542916666666667,11.679583333333337,0.0
2025-04-15,11.733333333333334,16.831666666666667,11.733333333333334,5.098333333333333,0.0
2025-04-16,12.137500000000001,56.979166666666664,12.137500000000001,44.84166666666666,0.0
2025-04-17,21.940833333333334,62.50208333333333,21.940833333333334,40.56125,0.0
2025-04-18,12.347500000000002,32.83041666666667,12.347500000000002,20.482916666666668,0.0
2025-04-19,1.7241666666666668,22.572083333333335,1.7241666666666668,20.84791666666667,0.0
2025-04-20,10.707916666666668,30.221666666666664,5.839166666666666,19.513749999999995,-4.868750000000001
2025-04-21,49.08875,53.538333333333334,46.720416666666665,4.4495833333333366,-2.3683333333333323
2025-04-22,64.39208333333333,72.58208333333333,64.19541666666667,8.189999999999998,-0.19666666666665833
2025-04-23,44.232499999999995,67.30041666666666,44.23666666666667,23.06791666666667,0.004166666666677088
2025-04-24,43.53333333333333,78.635,43.67875,35.101666666666674,0.14541666666666941
2025-04-25,45.656666666666666,67.33166666666666,37.46,21.674999999999997,-8.196666666666665
2025-04-26,5.539166666666667,36.685,5.539166666666667,31.145833333333336,0.0
2025-04-27,10.977083333333333,34.624583333333334,11.59375,23.6475,0.6166666666666671
2025-04-28,18.499166666666667,46.84041666666667,18.260833333333334,28.341250000000002,-0.23833333333333329
2025-04-29,5.793333333333333,24.910416666666666,5.793333333333333,19.117083333333333,0.0
2025-04-30,31.828333333333333,48.259166666666665,20.541666666666668,16.430833333333332,-11.286666666666665
2025-05-01,13.293750000000001,5.8999999999999995,18.849999999999998,-7.393750000000002,5.556249999999997
2025-05-02,10.9375,19.587083333333332,13.986249999999998,8.649583333333332,3.0487499999999983
2025-05-03,16.17125,18.390833333333333,17.387083333333333,2.2195833333333326,1.2158333333333324
2025-05-04,10.997916666666667,12.42125,20.714166666666667,1.4233333333333338,9.71625
2025-05-05,10.891666666666666,13.485833333333334,43.94,2.594166666666668,33.04833333333333
2025-05-06,10.241666666666667,13.591666666666667,47.92083333333333,3.3499999999999996,37.67916666666666
2025-05-07,19.006666666666664,21.734583333333333,49.18833333333333,2.727916666666669,30.18166666666667
2025-05-08,16.75625,10.069583333333334,41.86166666666667,-6.686666666666667,25.10541666666667
2025-05-09,18.236666666666668,15.301666666666668,34.46333333333333,-2.9350000000000005,16.226666666666663
2025-05-10,9.078333333333333,-1.0529166666666667,14.035833333333334,-10.13125,4.957500000000001
2025-05-11,2.205833333333333,-5.84,6.958749999999999,-8.045833333333333,4.752916666666666
2025-05-12,21.6925,25.60083333333333,27.838333333333335,3.9083333333333314,6.145833333333336
2025-05-13,41.42375,46.55041666666667,49.85666666666666,5.126666666666672,8.432916666666664
2025-05-14,30.545833333333334,34.23875,40.209583333333335,3.692916666666669,9.66375
2025-05-15,11.62,15.51,19.742916666666666,3.8900000000000006,8.122916666666667
2025-05-16,4.6762500000000005,11.237499999999999,13.580416666666666,6.5612499999999985,8.904166666666665
2025-05-17,10.638333333333334,14.247916666666667,15.84625,3.609583333333333,5.207916666666666
2025-05-18,6.756666666666667,14.3275,11.942083333333334,7.570833333333334,5.185416666666668
2025-05-19,12.84875,24.596249999999998,14.733333333333333,11.747499999999997,1.8845833333333317
2025-05-20,13.40875,22.375416666666666,17.217916666666667,8.966666666666667,3.809166666666668
2025-05-21,20.190416666666668,33.77166666666667,22.90375,13.58125,2.713333333333331
2025-05-22,3.3475,20.74125,6.920000000000001,17.39375,3.5725000000000007
2025-05-23,5.114166666666667,16.550416666666667,7.752916666666667,11.436250000000001,2.63875
2025-05-24,7.195833333333333,12.670416666666668,11.895833333333334,5.474583333333335,4.700000000000001
2025-05-25,6.4695833333333335,4.18625,11.022083333333333,-2.283333333333333,4.552499999999999
2025-05-26,17.177083333333332,20.93375,19.22625,3.7566666666666677,2.049166666666668
2025-05-27,26.84166666666667,30.495,30.924583333333334,3.6533333333333324,4.082916666666666
2025-05-28,27.779583333333335,27.08875,33.69625,-0.6908333333333339,5.916666666666664
2025-05-29,35.013333333333335,30.559583333333336,40.185,-4.453749999999999,5.171666666666667
2025-05-30,43.95791666666667,42.0325,49.97666666666667,-1.9254166666666706,6.018749999999997
2025-05-31,40.23791666666667,29.358333333333334,44.831250000000004,-10.879583333333336,4.593333333333334
2025-06-01,19.497916666666665,15.522083333333333,24.227500000000003,-3.975833333333332,4.729583333333338
2025-06-02,31.133750000000003,36.56125,34.959583333333335,5.427499999999998,3.825833333333332
2025-06-03,51.694583333333334,17.242916666666666,53.94833333333333,-34.45166666666667,2.2537499999999966
2025-06-04,58.55708333333333,20.660833333333333,66.155,-37.896249999999995,7.59791666666667
2025-06-05,59.52041666666667,5.2299999999999995,67.84208333333333,-54.29041666666667,8.321666666666665
2025-06-06,71.53875000000001,22.673333333333332,73.64958333333333,-48.865416666666675,2.110833333333318
2025-06-07,49.571666666666665,14.782916666666667,50.615833333333335,-34.78875,1.0441666666666691
2025-06-08,37.821666666666665,2.4895833333333335,39.73291666666667,-35.33208333333333,1.9112500000000026
2025-06-09,61.504999999999995,16.302916666666665,63.19291666666666,-45.202083333333334,1.6879166666666663
2025-06-10,100.19291666666668,26.252916666666668,100.19291666666668,-73.94000000000001,0.0
2025-06-11,73.62916666666666,30.559583333333332,73.62916666666666,-43.06958333333333,0.0
2025-06-12,62.41916666666666,27.282916666666665,65.58791666666666,-35.13625,3.1687499999999957
2025-06-13,69.72875,49.560833333333335,71.91958333333334,-20.16791666666667,2.1908333333333303
2025-06-14,56.680416666666666,29.544166666666666,57.60166666666667,-27.13625,0.9212500000000006
2025-06-15,22.330416666666668,17.442916666666665,24.688333333333333,-4.887500000000003,2.3579166666666644
2025-06-16,52.35958333333334,35.38291666666667,55.71041666666667,-16.976666666666674,3.350833333333327
2025-06-17,94.14041666666667,47.12041666666667,95.32249999999999,-47.019999999999996,1.182083333333324
2025-06-18,106.32375,65.15833333333333,106.32375,-41.16541666666667,0.0
2025-06-19,116.4575,46.18833333333333,116.4575,-70.26916666666666,0.0
2025-06-20,113.24916666666667,71.34333333333333,113.24916666666667,-41.905833333333334,0.0
2025-06-21,76.98958333333333,71.76333333333334,77.03958333333334,-5.226249999999993,0.05000000000001137
2025-06-22,67.25125,24.11791666666667,67.35791666666667,-43.133333333333326,0.10666666666666913
2025-06-23,110.55958333333332,26.804166666666664,110.55958333333332,-83.75541666666666,0.0
2025-06-24,97.17583333333333,56.260416666666664,97.17583333333333,-40.915416666666665,0.0
2025-06-25,81.06,77.635,81.06,-3.424999999999997,0.0
2025-06-26,93.02958333333333,81.82541666666667,93.02958333333333,-11.204166666666666,0.0
2025-06-27,93.09583333333335,83.21541666666667,93.09583333333335,-9.880416666666676,0.0
2025-06-28,68.39041666666667,45.3675,68.85791666666667,-23.022916666666667,0.46750000000000114
2025-06-29,71.07458333333334,57.854166666666664,71.07458333333334,-13.220416666666672,0.0
2025-06-30,110.9375,100.12083333333334,110.9375,-10.816666666666663,0.0
2025-07-01,111.20083333333334,117.62124999999999,111.20083333333334,6.420416666666654,0.0
2025-07-02,100.35833333333333,93.85291666666666,100.35833333333333,-6.505416666666676,0.0
2025-07-03,91.33166666666666,81.49249999999999,91.33166666666666,-9.83916666666667,0.0
2025-07-04,99.62916666666666,72.52,99.62916666666666,-27.109166666666667,0.0
2025-07-05,72.34666666666666,31.272499999999997,72.34666666666666,-41.07416666666667,0.0
2025-07-06,56.10916666666666,31.593333333333334,56.10916666666666,-24.515833333333326,0.0
2025-07-07,60.36208333333334,36.78333333333333,62.086666666666666,-23.578750000000007,1.724583333333328
2025-07-08,45.15291666666667,37.49791666666667,45.94916666666666,-7.655000000000001,0.7962499999999935
2025-07-09,89.7,46.062083333333334,89.7,-43.63791666666667,0.0
2025-07-10,106.96583333333332,67.61874999999999,106.96583333333332,-39.34708333333333,0.0
2025-07-11,98.25458333333334,54.427083333333336,98.25458333333334,-43.82750000000001,0.0
2025-07-12,75.91125000000001,57.112500000000004,75.91125000000001,-18.798750000000005,0.0
2025-07-13,64.58874999999999,50.24,64.58874999999999,-14.348749999999988,0.0
2025-07-14,84.20333333333333,53.20875,84.20333333333333,-30.99458333333333,0.0
2025-07-15,83.1125,58.1975,83.1125,-24.915,0.0
2025-07-16,101.9775,64.71208333333333,101.9775,-37.26541666666668,0.0
2025-07-17,102.84666666666668,91.22541666666666,102.84666666666668,-11.621250000000018,0.0
2025-07-18,95.07583333333334,92.02125000000001,95.07583333333334,-3.0545833333333263,0.0
2025-07-19,50.16083333333333,46.2525,50.16083333333333,-3.9083333333333314,0.0
2025-07-20,27.218333333333334,20.583333333333332,27.218333333333334,-6.635000000000002,0.0
2025-07-21,57.606249999999996,24.34166666666667,57.606249999999996,-33.26458333333333,0.0
2025-07-22,81.88291666666667,59.124583333333334,81.88291666666667,-22.75833333333334,0.0
2025-07-23,84.42875,83.36833333333333,84.42875,-1.0604166666666686,0.0
2025-07-24,46.20333333333334,74.295,46.20333333333334,28.09166666666666,0.0
2025-07-25,41.845,71.07666666666667,42.074999999999996,29.23166666666667,0.22999999999999687
2025-07-26,38.53458333333333,46.22541666666667,38.53458333333333,7.690833333333337,0.0
2025-07-27,32.393750000000004,37.03791666666667,32.393750000000004,4.6441666666666634,0.0
2025-07-28,34.22,41.90291666666666,34.22,7.682916666666664,0.0
2025-07-29,32.14833333333333,42.17791666666667,32.14833333333333,10.029583333333335,0.0
2025-07-30,40.46375,48.7225,40.46375,8.25875,0.0
2025-07-31,64.22125,64.735,64.22125,0.5137500000000017,0.0
2025-08-01,64.79166666666667,64.79166666666667,64.79166666666667,0.0,0.0
2025-08-02,37.24208333333333,42.78541666666666,37.275,5.5433333333333294,0.03291666666666515
2025-08-03,29.875416666666666,30.477083333333336,30.513333333333335,0.6016666666666701,0.6379166666666691
2025-08-04,65.54875,47.0075,65.62541666666667,-18.541249999999998,0.07666666666666799
2025-08-05,57.19291666666667,12.1025,58.80166666666667,-45.09041666666667,1.6087500000000006
2025-08-06,78.27083333333333,49.42916666666667,78.4975,-28.84166666666666,0.22666666666667368
2025-08-07,84.06208333333333,53.446666666666665,84.06208333333333,-30.61541666666667,0.0
2025-08-08,74.085,53.86083333333334,77.63458333333334,-20.224166666666655,3.549583333333345
2025-08-09,62.03125,38.0625,62.04458333333333,-23.96875,0.013333333333328312
2025-08-10,55.451249999999995,33.00666666666667,55.51083333333333,-22.444583333333327,0.059583333333335986
2025-08-11,80.105,52.107499999999995,80.105,-27.99750000000001,0.0
2025-08-12,89.70125,79.83708333333333,89.70125,-9.864166666666677,0.0
2025-08-13,101.19875,96.56291666666668,101.19875,-4.6358333333333235,0.0
2025-08-14,96.69583333333334,89.68,96.69583333333334,-7.015833333333333,0.0
2025-08-15,69.26916666666666,57.967083333333335,69.26916666666666,-11.302083333333329,0.0
2025-08-16,74.10166666666667,47.26125,74.215,-26.840416666666677,0.11333333333332973
2025-08-17,68.70208333333333,40.96458333333333,68.75875,-27.737500000000004,0.05666666666667197
2025-08-18,96.67625,69.9675,96.67625,-26.708749999999995,0.0
2025-08-19,77.71708333333333,71.23541666666667,77.71708333333333,-6.481666666666669,0.0
2025-08-20,68.31041666666667,64.10541666666667,68.31041666666667,-4.204999999999998,0.0
2025-08-21,53.89125000000001,32.727916666666665,53.92416666666667,-21.16333333333334,0.03291666666666515
2025-08-22,53.61166666666667,50.7175,53.61166666666667,-2.8941666666666706,0.0
2025-08-23,63.40375,63.189166666666665,63.4975,-0.21458333333333712,0.09375
2025-08-24,62.276666666666664,57.39124999999999,62.34833333333333,-4.885416666666671,0.07166666666666544
2025-08-25,92.29708333333333,75.92583333333333,92.29708333333333,-16.371250000000003,0.0
2025-08-26,87.75083333333333,76.93583333333333,87.75083333333333,-10.814999999999998,0.0
2025-08-27,88.02875,87.49916666666667,88.02875,-0.5295833333333348,0.0
2025-08-28,53.84166666666667,58.882083333333334,54.3775,5.040416666666665,0.5358333333333292
2025-08-29,45.75083333333333,35.26125,45.75083333333333,-10.489583333333336,0.0
2025-08-30,52.60583333333333,35.568333333333335,52.662083333333335,-17.037499999999994,0.056250000000005684
2025-08-31,37.29833333333334,18.875416666666666,37.29833333333334,-18.422916666666673,0.0
2025-09-01,30.629166666666666,33.464166666666664,30.652083333333334,2.8349999999999973,0.02291666666666714
2025-09-02,61.09708333333333,28.090833333333332,61.767083333333325,-33.006249999999994,0.6699999999999946
2025-09-03,55.10041666666667,18.485416666666666,55.31916666666667,-36.615,0.21875
2025-09-04,55.647083333333335,30.637916666666666,55.678333333333335,-25.00916666666667,0.03125
2025-09-05,55.32083333333333,56.70041666666666,55.732499999999995,1.3795833333333292,0.41166666666666174
2025-09-06,26.53916666666667,20.940416666666668,26.53916666666667,-5.598750000000003,0.0
2025-09-07,31.84375,13.23625,31.84375,-18.6075,0.0
2025-09-08,76.36749999999999,66.02458333333333,76.36749999999999,-10.342916666666667,0.0
2025-09-09,63.562083333333334,51.58166666666667,63.562083333333334,-11.980416666666663,0.0
2025-09-10,51.564166666666665,13.856666666666667,51.56583333333333,-37.707499999999996,0.0016666666666651508
2025-09-11,54.415,10.10375,54.68208333333333,-44.31125,0.267083333333332
2025-09-12,73.12958333333333,18.188333333333333,73.64625,-54.94125,0.5166666666666657
2025-09-13,60.844166666666666,9.691666666666666,60.845,-51.1525,0.0008333333333325754
2025-09-14,48.872083333333336,15.072083333333332,48.872083333333336,-33.800000000000004,0.0
2025-09-15,66.88041666666668,3.3841666666666668,66.88041666666668,-63.49625000000001,0.0
2025-09-16,72.54666666666667,26.74625,72.64125,-45.80041666666666,0.09458333333333258
2025-09-17,86.00999999999999,59.35208333333333,86.00999999999999,-26.657916666666658,0.0
2025-09-18,97.0125,51.39291666666667,97.0125,-45.61958333333333,0.0
2025-09-19,89.55333333333334,53.57333333333333,89.55333333333334,-35.98000000000001,0.0
2025-09-20,66.05666666666666,19.996666666666666,66.33041666666666,-46.05999999999999,0.2737500000000068
2025-09-21,42.28625,15.901666666666666,42.28625,-26.38458333333334,0.0
2025-09-22,34.53333333333333,13.1175,34.53333333333333,-21.41583333333333,0.0
2025-09-23,51.56375,14.16375,52.27291666666667,-37.4,0.7091666666666683
2025-09-24,46.399166666666666,31.58791666666667,47.602916666666665,-14.811249999999998,1.2037499999999994
2025-09-25,79.39916666666666,62.77875,79.39916666666666,-16.620416666666657,0.0
2025-09-26,91.65375,86.77083333333333,91.65375,-4.882916666666674,0.0
2025-09-27,71.78541666666666,54.15958333333333,71.78541666666666,-17.625833333333333,0.0
2025-09-28,48.793749999999996,46.581250000000004,48.793749999999996,-2.2124999999999915,0.0
2025-09-29,59.062083333333334,58.34,59.062083333333334,-0.7220833333333303,0.0
2025-09-30,82.80166666666666,60.32083333333333,82.80166666666666,-22.48083333333333,0.0
2025-10-01,348.3,255.07625,348.375,-93.22375000000002,0.07499999999998863
2025-10-02,344.7404166666667,230.22583333333333,345.29125,-114.51458333333338,0.5508333333332871
2025-10-03,372.9820833333333,186.33791666666664,372.9820833333333,-186.64416666666668,0.0
2025-10-04,212.41958333333332,18.49375,212.50041666666667,-193.92583333333332,0.08083333333334508
2025-10-05,97.22041666666667,37.625,97.22041666666667,-59.595416666666665,0.0
2025-10-06,316.185,278.9641666666667,314.11583333333334,-37.2208333333333,-2.0691666666666606
2025-10-07,394.61833333333334,356.12125,394.61833333333334,-38.497083333333364,0.0
2025-10-08,396.7579166666667,381.7866666666667,393.17875000000004,-14.971249999999998,-3.5791666666666515
2025-10-09,258.53791666666666,333.90749999999997,281.1525,75.36958333333331,22.614583333333314
2025-10-10,316.8795833333333,332.19875,316.8795833333333,15.319166666666717,0.0
2025-10-11,294.8070833333333,273.93041666666664,294.8070833333333,-20.876666666666665,0.0
2025-10-12,258.50291666666664,240.32291666666666,258.62208333333336,-18.17999999999998,0.11916666666672882
2025-10-13,409.4591666666667,314.07874999999996,410.62833333333333,-95.38041666666675,1.1691666666666265
2025-10-14,432.95458333333335,380.4275,442.6983333333333,-52.52708333333334,9.743749999999977
2025-10-15,437.58666666666664,359.45250000000004,448.23375000000004,-78.1341666666666,10.647083333333399
2025-10-16,439.50708333333336,345.6020833333334,445.82708333333335,-93.90499999999997,6.319999999999993
2025-10-17,429.94041666666664,366.0441666666666,434.93291666666664,-63.89625000000001,4.992500000000007
2025-10-18,323.27875,303.54291666666666,324.10541666666666,-19.735833333333346,0.8266666666666538
2025-10-19,131.11041666666668,136.74541666666667,131.11041666666668,5.634999999999991,0.0
2025-10-20,163.99708333333334,131.22958333333332,166.56125,-32.76750000000001,2.564166666666665
2025-10-21,153.44875,226.64,153.51833333333335,73.19125,0.06958333333335531
2025-10-22,110.03041666666667,268.2729166666667,111.93791666666665,158.2425,1.9074999999999847
2025-10-23,94.37666666666667,41.80583333333333,100.22416666666668,-52.57083333333333,5.847500000000011
2025-10-24,367.31375,149.6925,383.7208333333333,-217.62125000000003,16.407083333333276
2025-10-25,323.6070833333333,69.27791666666667,326.81,-254.32916666666665,3.202916666666681
2025-10-26,205.11880000000002,64.2516,204.10708333333332,-140.86720000000003,-1.0117166666667003
2025-10-27,358.8983333333333,190.65874999999997,358.8983333333333,-168.23958333333334,0.0
2025-10-28,406.0741666666667,224.67583333333334,406.0741666666667,-181.39833333333337,0.0
2025-10-29,417.945,333.61833333333334,418.9675,-84.32666666666665,1.0224999999999795
2025-10-30,357.03666666666663,213.0325,363.68625,-144.00416666666663,6.649583333333339
2025-10-31,223.16958333333332,89.22541666666666,223.16958333333332,-133.94416666666666,0.0
2025-11-01,182.32041666666666,108.47833333333334,182.32041666666666,-73.84208333333332,0.0
2025-11-02,160.06125,100.38333333333333,160.06125,-59.677916666666675,0.0
2025-11-03,331.11625,184.75750000000002,331.5566666666667,-146.35874999999996,0.44041666666669244
2025-11-04,197.75708333333333,83.78375,197.75708333333333,-113.97333333333333,0.0
2025-11-05,111.01249999999999,85.86375,111.01249999999999,-25.148749999999993,0.0
2025-11-06,161.00833333333333,249.18999999999997,164.94375,88.18166666666664,3.9354166666666686
2025-11-07,272.8670833333333,266.54791666666665,272.8670833333333,-6.319166666666661,0.0
2025-11-08,164.68583333333333,224.35,178.93083333333334,59.66416666666666,14.245000000000005
2025-11-09,231.59875,241.48166666666668,232.77166666666668,9.882916666666688,1.17291666666668
2025-11-10,326.7454166666667,196.52083333333334,326.7454166666667,-130.22458333333336,0.0
2025-11-11,267.51,91.28333333333335,267.51,-176.22666666666663,0.0
2025-11-12,111.12333333333333,84.93875,111.12333333333333,-26.184583333333336,0.0
2025-11-13,127.59916666666668,126.34083333333332,127.59916666666668,-1.2583333333333542,0.0
2025-11-14,117.57333333333334,103.99916666666667,117.57333333333334,-13.57416666666667,0.0
2025-11-15,125.85125,125.11874999999999,125.85125,-0.7325000000000017,0.0
2025-11-16,136.55583333333334,147.67833333333334,136.55583333333334,11.122500000000002,0.0
2025-11-17,316.82708333333335,254.37583333333336,316.82708333333335,-62.45124999999999,0.0
2025-11-18,316.31083333333333,352.22291666666666,317.51,35.91208333333333,1.199166666666656
2025-11-19,400.65541666666667,350.31958333333336,400.65541666666667,-50.33583333333331,0.0
2025-11-20,338.17958333333337,408.74708333333336,338.1025,70.5675,-0.07708333333334849
2025-11-21,240.56416666666667,450.8858333333333,254.15666666666667,210.32166666666666,13.592500000000001
2025-11-22,236.27833333333334,344.64625,236.28416666666666,108.36791666666667,0.005833333333328028
2025-11-23,159.50333333333333,279.63708333333335,159.50333333333333,120.13375000000002,0.0
2025-11-24,167.09666666666666,311.76208333333335,167.09666666666666,144.6654166666667,0.0
2025-11-25,192.6654166666667,280.0,192.67375,87.33458333333331,0.008333333333325754
2025-11-26,276.84875,385.27875,294.6933333333333,108.43,17.844583333333333
2025-11-27,344.06333333333333,335.72125,344.06333333333333,-8.342083333333335,0.0
2025-11-28,394.91541666666666,312.3883333333333,394.91541666666666,-82.52708333333334,0.0
2025-11-29,328.9379166666667,295.2404166666667,328.9379166666667,-33.69749999999999,0.0
2025-11-30,299.66291666666666,313.30375,299.66291666666666,13.640833333333319,0.0
2025-12-01,367.11375,311.97291666666666,367.11375,-55.14083333333332,0.0
2025-12-02,354.59833333333336,332.51,354.59833333333336,-22.088333333333367,0.0
2025-12-03,281.6666666666667,359.69458333333336,281.6666666666667,78.02791666666667,0.0
2025-12-04,259.06625,304.69666666666666,259.06625,45.63041666666663,0.0
2025-12-05,282.45666666666665,320.05958333333336,282.48083333333335,37.602916666666715,0.02416666666670153
2025-12-06,132.29041666666666,100.64041666666667,132.29041666666666,-31.64999999999999,0.0
2025-12-07,129.18958333333333,80.73416666666667,129.18958333333333,-48.455416666666665,0.0
2025-12-08,221.28875000000002,139.01166666666668,221.28875000000002,-82.27708333333334,0.0
2025-12-09,252.68791666666667,115.1725,252.68791666666667,-137.51541666666668,0.0
2025-12-10,412.02416666666664,269.8175,412.02416666666664,-142.20666666666665,0.0
2025-12-11,384.75458333333336,319.5516666666667,384.75458333333336,-65.20291666666668,0.0
2025-12-12,388.74,334.05833333333334,388.74,-54.68166666666667,0.0
2025-12-13,316.7870833333333,305.59291666666667,316.7870833333333,-11.19416666666666,0.0
2025-12-14,314.26458333333335,278.3120833333333,314.26458333333335,-35.95250000000004,0.0
2025-12-15,369.88041666666663,295.51416666666665,369.88041666666663,-74.36624999999998,0.0
2025-12-16,378.10791666666665,366.3229166666667,378.10791666666665,-11.784999999999968,0.0
2025-12-17,405.64208333333335,340.0,405.65166666666664,-65.64208333333335,0.009583333333296196
2025-12-18,340.19625,137.0175,340.19625,-203.17875,0.0
2025-12-19,411.04125,270.3025,411.04125,-140.73874999999998,0.0
2025-12-20,283.07208333333335,280.6358333333333,283.07208333333335,-2.4362500000000296,0.0
2025-12-21,245.91833333333332,245.91833333333332,245.91833333333332,0.0,0.0
2025-12-22,282.39916666666664,291.54125,282.39916666666664,9.142083333333346,0.0
2025-12-23,311.65875,305.1766666666667,311.65875,-6.482083333333321,0.0
2025-12-24,162.56125,149.48,162.56125,-13.081250000000011,0.0
2025-12-25,194.795,189.73583333333332,194.795,-5.05916666666667,0.0
2025-12-26,356.7870833333333,349.4708333333333,356.7870833333333,-7.316250000000025,0.0
2025-12-27,320.4633333333333,321.89458333333334,320.4633333333333,1.431250000000034,0.0
2025-12-28,315.7441666666667,336.28000000000003,315.7441666666667,20.535833333333358,0.0
2025-12-29,428.79041666666666,377.86625000000004,428.79041666666666,-50.92416666666662,0.0
2025-12-30,364.93875,337.47166666666664,364.93875,-27.46708333333339,0.0
2025-12-31,391.2775,356.2679166666667,391.2775,-35.009583333333296,0.0
2026-01-01,327.46583333333336,194.71833333333333,327.46583333333336,-132.74750000000003,0.0
2026-01-02,331.74,272.17625,331.74,-59.56375000000003,0.0
2026-01-03,353.7108333333333,355.98333333333335,353.7108333333333,2.2725000000000364,0.0
2026-01-04,267.1325,376.2204166666667,267.1325,109.08791666666673,0.0
2026-01-05,381.7504166666667,512.8354166666667,381.7504166666667,131.08499999999998,0.0
2026-01-06,251.58208333333334,509.60083333333336,252.29375000000002,258.01875,0.7116666666666731
2026-01-07,409.30375000000004,421.35291666666666,409.30375000000004,12.049166666666622,0.0
2026-01-08,325.5366666666667,432.64416666666665,327.1766666666667,107.10749999999996,1.6399999999999864
2026-01-09,213.585,282.45666666666665,213.72625000000002,68.87166666666664,0.14125000000001364
2026-01-10,292.92875,321.6116666666667,292.92875,28.6829166666667,0.0
2026-01-11,322.51500000000004,351.4670833333333,322.51500000000004,28.952083333333235,0.0
2026-01-12,354.05833333333334,345.97625,354.04875,-8.082083333333344,-0.009583333333353039
2026-01-13,382.74666666666667,360.2033333333333,382.74666666666667,-22.54333333333335,0.0
2026-01-14,462.1441666666667,449.9475,471.0620833333333,-12.196666666666715,8.9179166666666
2026-01-15,425.62166666666667,390.31958333333336,425.62166666666667,-35.302083333333314,0.0
2026-01-16,475.96208333333334,451.3829166666667,475.96208333333334,-24.57916666666665,0.0
2026-01-17,508.9454166666667,450.96583333333336,508.9454166666667,-57.97958333333332,0.0
2026-01-18,473.5566666666667,441.77416666666664,473.5566666666667,-31.782500000000027,0.0
2026-01-19,519.45125,537.3608333333333,516.2445833333334,17.90958333333333,-3.2066666666665924
2026-01-20,408.5308333333333,406.54833333333335,408.5308333333333,-1.982499999999959,0.0
2026-01-21,330.28416666666664,350.96333333333337,329.5108333333333,20.67916666666673,-0.7733333333333121
2026-01-22,239.34375,354.46458333333334,239.34375,115.12083333333334,0.0
2026-01-23,153.58708333333334,411.0466666666667,153.58708333333334,257.45958333333334,0.0
2026-01-24,84.16291666666667,417.22875,84.16291666666667,333.06583333333333,0.0
2026-01-25,45.01416666666666,399.4533333333333,45.01416666666666,354.43916666666667,0.0
2026-01-26,142.08416666666668,466.3833333333334,136.51666666666668,324.2991666666667,-5.5674999999999955
2026-01-27,115.27,377.95125,115.27,262.68125000000003,0.0
2026-01-28,112.235,506.0779166666666,109.84583333333335,393.8429166666666,-2.389166666666654
2026-01-29,104.3625,468.92625,77.2775,364.56374999999997,-27.084999999999994
2026-01-30,50.43083333333333,416.14708333333334,18.080833333333334,365.71625,-32.349999999999994
2026-01-31,22.270416666666666,446.4458333333334,21.939166666666665,424.1754166666667,-0.3312500000000007
2026-02-01,98.30250000000001,440.19041666666664,4.1525,341.8879166666666,-94.15
2026-02-02,55.33625,439.70125,17.820416666666667,384.365,-37.51583333333333
2026-02-03,130.96708333333333,347.76624999999996,42.8725,216.79916666666662,-88.09458333333333
2026-02-04,68.87791666666666,354.615,32.80708333333333,285.7370833333333,-36.07083333333333
2026-02-05,25.21541666666667,280.9975,8.055,255.78208333333333,-17.16041666666667
2026-02-06,37.5675,277.3975,20.893333333333334,239.82999999999998,-16.674166666666668
2026-02-07,27.419166666666666,250.60708333333332,2.1570833333333335,223.18791666666667,-25.262083333333333
2026-02-08,23.697083333333335,306.4458333333333,3.1979166666666665,282.74875,-20.499166666666667
2026-02-09,83.80416666666666,334.41625,12.981250000000001,250.61208333333332,-70.82291666666666
2026-02-10,18.77875,222.22,7.269583333333333,203.44125,-11.509166666666665
2026-02-11,16.911666666666665,54.44291666666667,1.3629166666666668,37.53125,-15.548749999999998
2026-02-12,22.804999999999996,67.33291666666666,23.03625,44.52791666666667,0.23125000000000284
2026-02-13,17.66541666666667,232.48291666666668,4.26375,214.81750000000002,-13.401666666666669
2026-02-14,8.520000000000001,136.47625,8.5375,127.95625,0.017499999999998295
2026-02-15,6.214166666666666,61.56041666666667,3.6320833333333336,55.346250000000005,-2.582083333333333
2026-02-16,17.605,48.52666666666667,13.990833333333333,30.92166666666667,-3.6141666666666676
2026-02-17,107.1275,182.92541666666668,34.89666666666667,75.79791666666668,-72.23083333333332
2026-02-18,72.975,118.38916666666667,20.435416666666665,45.414166666666674,-52.539583333333326
2026-02-19,59.48083333333333,149.58,59.28791666666667,90.09916666666669,-0.19291666666666174
2026-02-20,113.52833333333332,188.36166666666668,120.46791666666667,74.83333333333336,6.939583333333346
2026-02-21,116.42166666666667,66.94583333333334,99.18541666666665,-49.47583333333333,-17.236250000000013
2026-02-22,88.84083333333332,38.25875,67.85708333333334,-50.58208333333332,-20.983749999999986
2026-02-23,139.29875,110.7025,134.6625,-28.596250000000012,-4.636250000000018
2026-02-24,112.98583333333333,126.15125,69.29833333333333,13.165416666666673,-43.6875
2026-02-25,119.61708333333333,107.87958333333334,123.09166666666665,-11.737499999999983,3.474583333333328
2026-02-26,109.52333333333333,90.99041666666666,116.06458333333335,-18.532916666666665,6.541250000000019
2026-02-27,80.40291666666667,50.80583333333333,84.98833333333333,-29.597083333333337,4.58541666666666
2026-02-28,58.00583333333333,68.11791666666666,54.95875,10.11208333333333,-3.047083333333326
2026-03-01,59.998333333333335,73.26208333333334,60.31375,13.263750000000002,0.315416666666664
2026-03-02,73.44791666666667,117.18916666666667,73.54833333333333,43.741249999999994,0.1004166666666606
2026-03-03,113.72166666666668,237.27416666666667,113.72166666666668,123.5525,0.0
2026-03-04,226.03416666666666,300.2404166666667,225.59833333333333,74.20625000000004,-0.43583333333333485
2026-03-05,360.5429166666667,332.995,345.7495833333333,-27.54791666666671,-14.793333333333408
2026-03-06,252.9608333333333,289.7320833333333,252.9608333333333,36.77125000000001,0.0
2026-03-07,250.27916666666667,248.155,250.26291666666668,-2.1241666666666674,-0.01624999999998522
2026-03-08,314.74583333333334,308.30625000000003,293.1766666666667,-6.439583333333303,-21.56916666666666
2026-03-09,477.69041666666664,482.64916666666664,443.71000000000004,4.958750000000009,-33.9804166666666
2026-03-10,547.44375,500.10375,527.155,-47.34000000000003,-20.28875000000005
2026-03-11,416.1133333333333,217.59375,402.8316666666667,-198.5195833333333,-13.281666666666581
2026-03-12,284.795,203.58666666666667,291.61,-81.20833333333334,6.814999999999998
2026-03-13,151.54291666666668,166.2575,152.08291666666665,14.714583333333309,0.5399999999999636
2026-03-14,57.567499999999995,437.9725,57.567499999999995,380.40500000000003,0.0
2026-03-15,25.774583333333336,253.31625,25.774583333333336,227.54166666666666,0.0
2026-03-16,148.72708333333333,253.20291666666665,148.72708333333333,104.47583333333333,0.0
2026-03-17,196.19916666666666,286.72999999999996,183.04166666666666,90.5308333333333,-13.157499999999999
2026-03-18,115.5125,103.98291666666667,114.67916666666667,-11.529583333333335,-0.8333333333333286
2026-03-19,99.8125,122.98875,99.8125,23.176249999999996,0.0
2026-03-20,150.26541666666665,220.27166666666668,150.26624999999999,70.00625000000002,0.0008333333333325754
2026-03-21,165.8675,162.26500000000001,165.8675,-3.602499999999992,0.0
2026-03-22,112.6025,163.8525,112.96375,51.249999999999986,0.3612499999999983
2026-03-23,135.25541666666666,345.24666666666667,135.25541666666666,209.99125,0.0
2026-03-24,217.34916666666666,204.23125000000002,214.60999999999999,-13.117916666666645,-2.7391666666666765
2026-03-25,76.21291666666667,64.88375,76.40416666666667,-11.329166666666666,0.1912499999999966
2026-03-26,20.085833333333333,282.50875,20.085833333333333,262.4229166666667,0.0
2026-03-27,36.17666666666667,459.98583333333335,36.17666666666667,423.80916666666667,0.0
2026-03-28,12.113333333333332,250.50125,12.113333333333332,238.38791666666665,0.0
2026-03-29,0.7113043478260875,201.81043478260872,0.7113043478260875,201.09913043478264,0.0
2026-03-30,42.33875,189.10916666666665,42.33875,146.77041666666665,0.0
2026-03-31,30.221249999999998,435.0466666666667,30.32041666666667,404.8254166666667,0.0991666666666724
2026-04-01,20.607083333333332,538.7979166666667,22.127916666666668,518.1908333333333,1.5208333333333357
2026-04-02,20.017916666666668,439.95125,23.353333333333335,419.93333333333334,3.335416666666667
2026-04-03,57.754583333333336,301.63958333333335,57.754583333333336,243.88500000000002,0.0
2026-04-04,84.85541666666667,78.35416666666667,84.85541666666667,-6.501249999999999,0.0
2026-04-05,92.58458333333334,-14.252083333333331,92.58458333333334,-106.83666666666667,0.0
2026-04-06,77.61666666666666,13.897499999999999,77.57833333333333,-63.71916666666666,-0.03833333333332689
2026-04-07,133.89916666666667,144.74541666666667,128.30958333333334,10.846249999999998,-5.589583333333337
2026-04-08,252.82375000000002,216.69500000000002,248.05416666666667,-36.12875,-4.769583333333344
2026-04-09,212.80458333333334,207.15291666666667,209.09041666666667,-5.651666666666671,-3.714166666666671
2026-04-10,177.93625,159.72833333333332,177.54458333333332,-18.207916666666677,-0.39166666666667993
2026-04-11,115.63625,43.74166666666667,115.63625,-71.89458333333334,0.0
2026-04-12,53.314166666666665,163.37791666666666,41.77333333333333,110.06375,-11.540833333333332
2026-04-13,95.21833333333335,470.54583333333335,95.53833333333334,375.3275,0.3199999999999932
2026-04-14,183.87208333333334,362.2479166666667,189.62458333333333,178.37583333333336,5.752499999999998
2026-04-15,239.61541666666665,281.21958333333333,242.18083333333334,41.604166666666686,2.5654166666666924
2026-04-16,277.32875,293.25624999999997,278.59875,15.927499999999952,1.2699999999999818
2026-04-17,283.47999999999996,288.315,283.49833333333333,4.835000000000036,0.018333333333373503
2026-04-18,186.24750000000003,189.19958333333332,186.24750000000003,2.9520833333332916,0.0
2026-04-19,144.87708333333333,101.28083333333332,144.87708333333333,-43.59625000000001,0.0
2026-04-20,203.38583333333335,84.27916666666667,204.90041666666664,-119.10666666666668,1.5145833333332916
2026-04-21,181.11291666666668,66.15333333333334,181.11291666666668,-114.95958333333334,0.0
2026-04-22,195.98833333333334,45.76208333333333,196.1341666666667,-150.22625000000002,0.1458333333333428
2026-04-23,196.33416666666665,83.19416666666667,198.2770833333333,-113.13999999999997,1.9429166666666617
2026-04-24,290.56333333333333,91.99208333333333,290.56333333333333,-198.57125000000002,0.0
2026-04-25,203.15374999999997,5.2583333333333355,203.15374999999997,-197.89541666666665,0.0
2026-04-26,141.20041666666665,-163.33,143.67166666666665,-304.53041666666667,2.4712499999999977
2026-04-27,187.94083333333333,147.64124999999999,187.94083333333333,-40.299583333333345,0.0
2026-04-28,222.68500000000003,75.38000000000001,223.0275,-147.305,0.3424999999999727
2026-04-29,302.8833333333333,13.270416666666668,302.8833333333333,-289.61291666666665,0.0
2026-04-30,257.54583333333335,46.352916666666665,259.14125,-211.1929166666667,1.5954166666666652
