date,wind_mwh_day,wind_mean_mw,wind_peak_mw,wind_peak_hour
2014-12-31,71533.752,2980.573,2980.573,23
2015-01-01,71498.6,2979.1083333333336,6160.27,20
2015-01-02,103311.867,4304.661125,7781.209,20
2015-01-03,80945.191,3372.716291666667,6184.686,20
2015-01-04,70833.639,2951.401625,6459.418,20
2015-01-05,103964.718,4331.863249999999,6557.362,9
2015-01-06,83236.94499999999,3468.2060416666664,7065.895,21
2015-01-07,129464.58,5394.3575,8783.927,19
2015-01-08,112037.10199999998,4668.212583333333,6863.867,8
2015-01-09,95893.751,3995.5729583333336,6555.619,18
2015-01-10,71498.921,2979.1217083333336,5297.164,18
2015-01-11,53874.067,2244.752791666667,6023.285,19
2015-01-12,78469.026,3269.54275,5168.411,19
2015-01-13,74937.371,3122.3904583333333,6071.291,19
2015-01-14,89164.447,3715.1852916666667,6121.796,8
2015-01-15,64230.255,2676.260625,4804.658,18
2015-01-16,66444.58,2768.5241666666666,4967.633,18
2015-01-17,72124.391,3005.1829583333333,5481.443,18
2015-01-18,64497.50899999999,2687.396208333333,5321.673,20
2015-01-19,81703.598,3404.3165833333333,6812.894,19
2015-01-20,114919.845,4788.326875,7544.061,18
2015-01-21,84482.099,3520.0874583333334,5559.623,8
2015-01-22,72051.106,3002.1294166666667,5352.179,18
2015-01-23,74958.138,3123.2557500000003,5168.979,18
2015-01-24,63784.508,2657.6878333333334,4873.217,18
2015-01-25,56086.602,2336.94175,5072.146,20
2015-01-26,87822.315,3659.263125,6737.835,19
2015-01-27,74297.571,3095.732125,5092.894,19
2015-01-28,79799.994,3324.9997500000004,5322.745,19
2015-01-29,64100.364,2670.8485,3842.177,8
2015-01-30,100595.949,4191.497875,7489.855,20
2015-01-31,115759.755,4823.323125,6441.154,19
2015-02-01,113828.30599999998,4742.846083333333,6507.525,20
2015-02-02,132445.404,5518.5585,7461.855,7
2015-02-03,119299.618,4970.817416666667,7020.571,18
2015-02-04,119858.451,4994.102125,5974.225,9
2015-02-05,121620.86299999998,5067.535958333333,6743.158,18
2015-02-06,135149.031,5631.2096249999995,7695.974,18
2015-02-07,144776.491,6032.353791666667,7985.638,10
2015-02-08,94719.065,3946.6277083333334,5520.479,19
2015-02-09,112957.657,4706.569041666667,8188.396,19
2015-02-10,135178.789,5632.449541666666,7800.119,19
2015-02-11,145044.798,6043.53325,7608.059,9
2015-02-12,145944.177,6081.007375,7885.858,8
2015-02-13,119496.456,4979.019,6336.532,8
2015-02-14,101880.05000000002,4245.002083333334,5942.836,19
2015-02-15,104971.25,4373.802083333333,6254.646,21
2015-02-16,123638.44399999999,5151.601833333333,6789.857,18
2015-02-17,110035.76200000002,4584.823416666667,6672.937,19
2015-02-18,130984.62400000001,5457.692666666667,7384.417,18
2015-02-19,152830.20799999998,6367.925333333333,8525.57,18
2015-02-20,149878.931,6244.955458333334,7700.424,7
2015-02-21,129304.943,5387.705958333333,6969.302,8
2015-02-22,114383.519,4765.979958333333,6928.101,19
2015-02-23,120447.614,5018.650583333333,7321.98,19
2015-02-24,128265.89800000002,5344.412416666667,7384.48,19
2015-02-25,131654.973,5485.623875,7538.322,8
2015-02-26,142309.83,5929.576249999999,7873.86,19
2015-02-27,141843.784,5910.157666666667,7702.767,19
2015-02-28,135800.056,5658.335666666667,7146.623,20
2015-03-01,118235.41400000002,4926.475583333334,7142.348,19
2015-03-02,158781.23500000002,6615.884791666667,9422.196,19
2015-03-03,175786.589,7324.441208333334,8824.601,18
2015-03-04,151448.713,6310.3630416666665,7757.616,19
2015-03-05,150724.341,6280.180874999999,8414.059,19
2015-03-06,176431.98500000002,7351.332708333334,9117.185,19
2015-03-07,153999.676,6416.653166666667,8030.292,20
2015-03-08,134127.215,5588.633958333333,7202.838,20
2015-03-09,162960.333,6790.013875000001,8770.7,19
2015-03-10,163341.994,6805.916416666667,9001.191,19
2015-03-11,157474.185,6561.424375,8526.515,19
2015-03-12,141821.471,5909.227958333333,7865.139,8
2015-03-13,132535.786,5522.324416666666,7794.435,19
2015-03-14,110715.438,4613.14325,7304.674,20
2015-03-15,108365.987,4515.249458333333,7736.078,20
2015-03-16,147968.758,6165.364916666666,8388.194,19
2015-03-17,133858.532,5577.438833333334,7777.995,18
2015-03-18,137970.182,5748.757583333333,8270.147,10
2015-03-19,90575.613,3773.983875,5557.731,19
2015-03-20,92176.337,3840.6807083333333,6257.313,19
2015-03-21,113733.696,4738.9039999999995,7230.738,19
2015-03-22,85209.573,3550.3988750000003,6374.474,21
2015-03-23,125489.75,5228.739583333333,7706.917,9
2015-03-24,104489.084,4353.711833333334,6494.227,9
2015-03-25,84295.196,3512.299833333333,5985.536,19
2015-03-26,88764.022,3698.5009166666664,5479.422,20
2015-03-27,95078.941,3961.622541666667,6089.638,19
2015-03-28,83223.011,3467.6254583333334,5912.839,19
2015-03-29,75289.553,3137.0647083333333,5039.318,19
2015-03-30,89860.151,3744.172958333333,5536.566,19
2015-03-31,101977.643,4249.068458333333,6280.228,7
2015-04-01,107810.742,4492.11425,6600.941,18
2015-04-02,98097.138,4087.3807500000003,6537.043,19
2015-04-03,84723.219,3530.134125,5455.289,19
2015-04-04,87094.15,3628.9229166666664,5598.196,19
2015-04-05,84870.482,3536.2700833333333,5838.773,19
2015-04-06,88060.082,3669.170083333333,5505.009,19
2015-04-07,83463.837,3477.659875,4992.325,7
2015-04-08,86259.675,3594.1531250000003,6132.317,19
2015-04-09,119584.11000000002,4982.67125,7352.727,19
2015-04-10,111788.425,4657.851041666667,6784.697,19
2015-04-11,98392.304,4099.6793333333335,6280.906,9
2015-04-12,57933.50899999999,2413.896208333333,3896.668,19
2015-04-13,72844.384,3035.182666666667,4837.983,19
2015-04-14,76447.505,3185.3127083333334,4901.562,19
2015-04-15,91014.824,3792.284333333333,5960.76,19
2015-04-16,91177.277,3799.0532083333333,5657.878,9
2015-04-17,103602.1,4316.754166666667,6369.82,19
2015-04-18,71278.511,2969.9379583333334,4125.334,19
2015-04-19,72274.853,3011.4522083333336,6121.103,19
2015-04-20,94191.328,3924.6386666666663,5660.672,7
2015-04-21,73971.394,3082.141416666667,4789.058,7
2015-04-22,91293.107,3803.8794583333333,6796.994,19
2015-04-23,107714.793,4488.1163750000005,6803.817,19
2015-04-24,90841.656,3785.069,5779.883,8
2015-04-25,66924.552,2788.5229999999997,3992.779,8
2015-04-26,65892.781,2745.532541666667,4210.419,19
2015-04-27,80731.769,3363.8237083333333,5585.637,19
2015-04-28,105544.639,4397.6932916666665,6948.108,19
2015-04-29,105279.589,4386.649541666667,6281.762,7
2015-04-30,92971.862,3873.827583333333,6258.457,7
2015-05-01,69916.966,2913.2069166666665,5569.502,19
2015-05-02,74227.795,3092.8247916666664,5079.364,19
2015-05-03,90770.466,3782.10275,7116.931,20
2015-05-04,94432.992,3934.708,5490.065,7
2015-05-05,123352.82800000001,5139.701166666667,7188.242,19
2015-05-06,138567.241,5773.635041666667,7764.299,19
2015-05-07,114334.943,4763.955958333333,6016.69,6
2015-05-08,116651.442,4860.47675,7042.398,19
2015-05-09,126968.435,5290.3514583333335,7262.043,19
2015-05-10,103247.89299999998,4301.995541666666,7038.427,19
2015-05-11,125686.07700000002,5236.9198750000005,7253.202,19
2015-05-12,131359.347,5473.306125,7482.96,8
2015-05-13,127008.695,5292.028958333333,7381.938,8
2015-05-14,110809.37599999999,4617.057333333333,8332.83,7
2015-05-15,87828.107,3659.5044583333333,4916.023,10
2015-05-16,81327.532,3388.647166666667,5421.964,19
2015-05-17,68621.802,2859.2417499999997,5861.295,20
2015-05-18,121370.71600000001,5057.113166666667,7350.213,11
2015-05-19,91589.289,3816.2203750000003,6107.357,7
2015-05-20,94462.935,3935.955625,6508.603,9
2015-05-21,87881.484,3661.7284999999997,5935.039,19
2015-05-22,83479.364,3478.3068333333335,5585.559,10
2015-05-23,64439.85800000001,2684.9940833333335,4102.92,20
2015-05-24,56054.778999999995,2335.6157916666666,3914.252,20
2015-05-25,92671.131,3861.2971249999996,6201.933,8
2015-05-26,80009.7,3333.7374999999997,4765.385,8
2015-05-27,84288.579,3512.024125,5464.613,11
2015-05-28,95356.901,3973.204208333333,5862.468,10
2015-05-29,97665.404,4069.391833333333,6841.594,7
2015-05-30,71954.235,2998.093125,5347.886,8
2015-05-31,58675.85799999999,2444.8274166666665,5414.589,20
2015-06-01,97724.241,4071.843375,5880.105,9
2015-06-02,106762.28,4448.428333333333,6405.11,10
2015-06-03,97945.549,4081.0645416666666,5977.867,10
2015-06-04,88564.288,3690.1786666666667,5034.282,10
2015-06-05,90873.257,3786.3857083333332,5862.676,10
2015-06-06,75170.564,3132.1068333333333,4982.676,11
2015-06-07,67608.178,2817.007416666667,5043.87,20
2015-06-08,86095.13,3587.2970833333334,5055.382,9
2015-06-09,88768.89199999999,3698.703833333333,5498.661,10
2015-06-10,94742.705,3947.6127083333336,5954.701,19
2015-06-11,102197.65900000001,4258.235791666667,6704.465,8
2015-06-12,95287.629,3970.317875,5570.145,7
2015-06-13,71719.823,2988.3259583333333,4629.417,8
2015-06-14,69429.877,2892.9115416666664,5976.436,20
2015-06-15,86715.003,3613.125125,5841.357,8
2015-06-16,67424.887,2809.3702916666666,4314.059,10
2015-06-17,63739.941000000006,2655.830875,3453.936,8
2015-06-18,67695.694,2820.6539166666666,3942.056,20
2015-06-19,64369.143,2682.0476249999997,4234.739,10
2015-06-20,66083.493,2753.4788750000002,4104.327,11
2015-06-21,70946.372,2956.0988333333335,5358.578,20
2015-06-22,103719.745,4321.656041666666,6616.647,11
2015-06-23,79501.557,3312.564875,5577.756,7
2015-06-24,84163.152,3506.7980000000002,5072.713,10
2015-06-25,93465.151,3894.3812916666666,5533.047,9
2015-06-26,93492.421,3895.5175416666666,5948.637,10
2015-06-27,85767.951,3573.664625,5267.378,10
2015-06-28,61374.018000000004,2557.25075,4471.268,20
2015-06-29,93170.824,3882.1176666666665,5957.915,8
2015-06-30,84029.432,3501.2263333333335,5615.432,8
2015-07-01,71283.014,2970.125583333333,5066.265,7
2015-07-02,84671.089,3527.962041666667,5515.126,8
2015-07-03,68665.22,2861.0508333333332,4989.339,8
2015-07-04,63857.358,2660.72325,4587.6,10
2015-07-05,58076.937,2419.872375,4797.42,20
2015-07-06,88010.719,3667.1132916666666,5390.906,10
2015-07-07,93165.491,3881.895458333333,6019.985,10
2015-07-08,67079.203,2794.9667916666663,4436.482,9
2015-07-09,76222.961,3175.956708333333,4879.854,20
2015-07-10,68797.53,2866.56375,4719.053,8
2015-07-11,58925.027,2455.2094583333333,4488.221,11
2015-07-12,52966.742,2206.947583333333,4477.879,20
2015-07-13,75486.382,3145.2659166666667,5289.659,12
2015-07-14,74070.579,3086.274125,5671.303,11
2015-07-15,75373.94900000001,3140.5812083333335,5159.609,11
2015-07-16,69307.606,2887.8169166666667,4720.645,10
2015-07-17,76594.564,3191.4401666666668,5262.462,10
2015-07-18,53955.454,2248.1439166666664,3773.396,21
2015-07-19,48663.451,2027.6437916666666,4764.143,20
2015-07-20,80659.976,3360.8323333333333,5546.498,11
2015-07-21,70890.721,2953.780041666667,4868.627,10
2015-07-22,64942.757,2705.9482083333332,4756.574,10
2015-07-23,77488.941,3228.705875,5105.593,11
2015-07-24,52814.068,2200.5861666666665,4347.575,10
2015-07-25,44141.493,1839.228875,3558.5,20
2015-07-26,41679.856,1736.6606666666667,3488.852,20
2015-07-27,59630.32299999999,2484.5967916666664,4125.681,11
2015-07-28,66337.145,2764.0477083333335,4740.451,10
2015-07-29,65793.723,2741.4051249999998,5060.604,10
2015-07-30,51821.525,2159.2302083333334,3629.868,10
2015-07-31,56931.157999999996,2372.1315833333333,4088.887,10
2015-08-01,55569.299,2315.387458333333,3745.01,20
2015-08-02,49239.28,2051.6366666666668,4360.42,20
2015-08-03,63102.977,2629.2907083333334,4767.387,8
2015-08-04,73656.465,3069.019375,4521.015,20
2015-08-05,80776.47,3365.68625,4972.036,20
2015-08-06,76029.882,3167.9117499999998,4827.637,11
2015-08-07,74927.581,3121.9825416666667,5513.643,11
2015-08-08,61006.595,2541.9414583333332,4516.631,10
2015-08-09,47601.344,1983.3893333333333,3800.584,20
2015-08-10,60129.329,2505.3887083333334,3911.272,11
2015-08-11,57440.524000000005,2393.3551666666667,3887.664,10
2015-08-12,53641.614,2235.06725,3617.311,9
2015-08-13,41112.227,1713.0094583333332,2481.808,10
2015-08-14,44200.57,1841.6904166666666,2971.556,10
2015-08-15,41809.952,1742.0813333333333,2887.596,20
2015-08-16,40898.221,1704.0925416666666,3648.631,19
2015-08-17,47396.308000000005,1974.846166666667,3283.465,11
2015-08-18,42919.698,1788.3207499999999,2928.298,11
2015-08-19,52342.41100000001,2180.933791666667,3353.796,19
2015-08-20,56970.19499999999,2373.758125,3884.254,19
2015-08-21,60939.662000000004,2539.1525833333335,4187.609,8
2015-08-22,39219.775,1634.1572916666667,2675.591,8
2015-08-23,31590.587,1316.2744583333333,2629.037,19
2015-08-24,43819.897,1825.8290416666666,4240.803,19
2015-08-25,48410.824,2017.1176666666668,3029.204,11
2015-08-26,43624.672,1817.6946666666665,3765.664,19
2015-08-27,45271.396,1886.3081666666667,4178.021,19
2015-08-28,58711.384999999995,2446.3077083333333,4048.64,10
2015-08-29,39693.338,1653.8890833333335,3194.693,19
2015-08-30,41470.507,1727.9377916666665,3221.883,19
2015-08-31,71314.145,2971.4227083333335,4674.628,9
2015-09-01,61137.18800000001,2547.3828333333336,3774.834,8
2015-09-02,56332.865,2347.2027083333332,4114.639,7
2015-09-03,54065.520000000004,2252.73,3859.676,10
2015-09-04,52424.459,2184.3524583333333,4123.076,11
2015-09-05,51890.28599999999,2162.09525,3959.541,19
2015-09-06,41291.005,1720.4585416666666,4042.078,19
2015-09-07,64047.251000000004,2668.6354583333336,4317.989,10
2015-09-08,63228.314,2634.5130833333333,4069.587,9
2015-09-09,63432.493,2643.0205416666668,4717.168,19
2015-09-10,59536.776,2480.699,4333.159,8
2015-09-11,40838.532,1701.6055,3384.389,8
2015-09-12,46143.163,1922.6317916666667,3564.714,9
2015-09-13,29831.992,1242.9996666666666,3277.714,19
2015-09-14,51442.329,2143.430375,4163.353,19
2015-09-15,42561.082,1773.3784166666667,3326.1,7
2015-09-16,40804.278,1700.17825,3692.202,19
2015-09-17,53786.517,2241.104875,4409.568,19
2015-09-18,58768.816,2448.7006666666666,3953.927,7
2015-09-19,51390.971000000005,2141.2904583333334,4173.825,19
2015-09-20,47066.364,1961.0985,4527.33,19
2015-09-21,59010.189,2458.757875,4404.705,18
2015-09-22,52915.431,2204.809625,4090.988,7
2015-09-23,51495.056,2145.6273333333334,3967.15,18
2015-09-24,64631.517,2692.979875,5008.909,19
2015-09-25,62727.469,2613.6445416666666,4545.583,18
2015-09-26,53493.053,2228.8772083333333,3929.867,8
2015-09-27,41521.397,1730.0582083333331,2916.527,20
2015-09-28,57173.47,2382.2279166666667,4353.165,18
2015-09-29,64395.018,2683.1257499999997,4294.487,8
2015-09-30,71493.775,2978.9072916666664,5049.051,18
2015-10-01,67169.493,2798.7288750000002,4615.746,7
2015-10-02,61386.258,2557.76075,4734.822,7
2015-10-03,54506.565,2271.106875,4612.164,19
2015-10-04,25576.707,1065.696125,1923.517,18
2015-10-05,37117.334,1546.5555833333335,3123.302,18
2015-10-06,49346.256,2056.094,4934.962,19
2015-10-07,76827.425,3201.1427083333333,4755.143,7
2015-10-08,72609.969,3025.415375,4995.138,18
2015-10-09,71116.277,2963.1782083333333,4855.497,18
2015-10-10,48776.398,2032.3499166666668,4044.114,19
2015-10-11,46554.087,1939.753625,3724.19,19
2015-10-12,43712.699,1821.3624583333333,3278.453,19
2015-10-13,50598.907,2108.2877916666666,4300.516,17
2015-10-14,44175.364,1840.6401666666668,3914.709,18
2015-10-15,64913.894,2704.7455833333333,5273.718,18
2015-10-16,73184.286,3049.34525,4968.945,7
2015-10-17,38926.762,1621.9484166666668,3958.373,19
2015-10-18,54645.328,2276.8886666666667,5038.936,18
2015-10-19,70292.225,2928.8427083333336,5239.567,17
2015-10-20,42096.036,1754.0015,3463.519,18
2015-10-21,44341.031,1847.5429583333334,4539.703,18
2015-10-22,47196.485,1966.5202083333334,4251.836,18
2015-10-23,80987.08,3374.4616666666666,5238.482,7
2015-10-24,56817.542,2367.3975833333334,4840.941,18
2015-10-25,33798.348,1408.2645,3144.526,18
2015-10-26,45902.815,1912.6172916666667,3956.906,18
2015-10-27,42075.925,1753.1635416666668,3530.465,18
2015-10-28,43471.763999999996,1811.3234999999997,4280.273,18
2015-10-29,55564.999,2315.208291666667,4479.571,18
2015-10-30,54428.378000000004,2267.8490833333335,4208.179,18
2015-10-31,49177.103,2049.0459583333336,4680.422,18
2015-11-01,30297.200000000004,1262.3833333333334,2232.802,19
2015-11-02,53304.98300000001,2221.0409583333335,4787.857,17
2015-11-03,55943.738,2330.9890833333334,5127.109,17
2015-11-04,66201.599,2758.3999583333334,5525.269,17
2015-11-05,68959.72,2873.3216666666667,6023.7,17
2015-11-06,74015.389,3083.9745416666665,5455.991,18
2015-11-07,56442.641,2351.7767083333333,4375.311,19
2015-11-08,42489.521,1770.3967083333334,5071.358,19
2015-11-09,83145.253,3464.3855416666665,6055.349,18
2015-11-10,87460.57,3644.190416666667,6204.928,18
2015-11-11,90644.794,3776.8664166666663,6181.567,18
2015-11-12,88941.167,3705.8819583333334,5813.726,17
2015-11-13,75634.168,3151.423666666667,5427.081,9
2015-11-14,51771.512,2157.1463333333336,5066.683,19
2015-11-15,53348.10699999999,2222.8377916666664,5900.083,19
2015-11-16,79290.62700000001,3303.7761250000003,6101.348,18
2015-11-17,74895.167,3120.6319583333334,5374.976,18
2015-11-18,81002.44,3375.101666666667,5849.247,18
2015-11-19,71887.647,2995.318625,5194.658,19
2015-11-20,44784.199,1866.0082916666668,3735.615,9
2015-11-21,32233.670000000002,1343.0695833333334,3180.613,19
2015-11-22,45178.962999999996,1882.4567916666665,4385.54,19
2015-11-23,81729.554,3405.3980833333335,6229.13,17
2015-11-24,80638.352,3359.9313333333334,5439.19,7
2015-11-25,51141.45700000001,2130.894041666667,3930.433,18
2015-11-26,46240.202000000005,1926.6750833333335,3970.69,18
2015-11-27,61811.024,2575.4593333333332,4830.636,17
2015-11-28,41942.076,1747.5865000000001,3910.573,20
2015-11-29,45917.213,1913.2172083333335,5338.886,19
2015-11-30,75945.507,3164.3961249999998,5659.37,18
2015-12-01,85730.893,3572.1205416666667,5797.128,17
2015-12-02,76454.021,3185.584208333333,6281.678,17
2015-12-03,46460.751,1935.864625,3813.013,18
2015-12-04,73587.781,3066.157541666667,5083.28,18
2015-12-05,42981.096,1790.879,3655.681,19
2015-12-06,25057.949,1044.0812083333333,2551.544,19
2015-12-07,27038.283000000003,1126.595125,2908.908,18
2015-12-08,40536.042,1689.0017500000001,4591.026,18
2015-12-09,58954.187000000005,2456.4244583333334,5616.861,17
2015-12-10,58588.261,2441.1775416666665,4964.599,19
2015-12-11,59780.693,2490.8622083333335,4872.803,19
2015-12-12,47680.29,1986.67875,4404.769,18
2015-12-13,24931.672999999995,1038.8197083333332,2570.402,19
2015-12-14,40702.648,1695.9436666666668,4164.01,18
2015-12-15,46019.842000000004,1917.493416666667,4775.067,18
2015-12-16,50242.523,2093.4384583333335,4655.227,18
2015-12-17,54727.649999999994,2280.31875,4387.881,18
2015-12-18,55370.372,2307.0988333333335,4138.691,18
2015-12-19,34379.316,1432.4714999999999,2821.403,19
2015-12-20,38630.477,1609.6032083333332,4195.033,19
2015-12-21,59065.69,2461.070416666667,4662.527,18
2015-12-22,45243.804,1885.1584999999998,4449.021,19
2015-12-23,66178.951,2757.456291666667,4672.806,8
2015-12-24,36339.468,1514.1445,3050.83,18
2015-12-25,26102.381999999998,1087.59925,2142.717,19
2015-12-26,25465.828,1061.0761666666667,2575.963,19
2015-12-27,20436.939,851.5391249999999,1988.481,19
2015-12-28,35557.42,1481.5591666666667,2564.068,19
2015-12-29,47449.802,1977.0750833333334,3683.492,19
2015-12-30,36771.234,1532.13475,2767.309,19
2015-12-31,51681.795,2153.408125,5285.407,18
2016-01-01,29874.189,1244.757875,2539.963,0
2016-01-02,37026.049,1542.7520416666666,3775.981,19
2016-01-03,35028.531,1459.5221250000002,2797.341,19
2016-01-04,66886.513,2786.938041666667,4986.361,17
2016-01-05,79957.518,3331.5632499999997,4368.977,17
2016-01-06,68573.626,2857.2344166666667,4077.685,20
2016-01-07,78084.715,3253.5297916666664,4470.572,17
2016-01-08,99673.609,4153.067041666666,5823.516,18
2016-01-09,95020.591,3959.1912916666665,5087.436,10
2016-01-10,102671.914,4277.996416666667,5919.46,19
2016-01-11,136323.644,5680.151833333333,6934.509,18
2016-01-12,155011.746,6458.82275,7604.821,18
2016-01-13,153514.963,6396.4567916666665,7569.827,17
2016-01-14,153975.04,6415.626666666667,7498.192,18
2016-01-15,148360.875,6181.703125,7190.951,9
2016-01-16,140738.462,5864.102583333333,7060.49,17
2016-01-17,138999.102,5791.629250000001,7207.218,18
2016-01-18,143093.373,5962.223875,7245.945,18
2016-01-19,150182.272,6257.594666666667,7939.383,18
2016-01-20,146259.421,6094.142541666667,8936.261,9
2016-01-21,137844.19,5743.5079166666665,7322.57,18
2016-01-22,134988.137,5624.505708333333,7003.495,17
2016-01-23,112840.313,4701.679708333333,6387.306,20
2016-01-24,92020.248,3834.177,6003.591,18
2016-01-25,118109.101,4921.212541666667,7189.25,19
2016-01-26,127684.70199999999,5320.195916666667,7098.822,10
2016-01-27,123531.432,5147.143,6991.211,8
2016-01-28,129623.22700000001,5400.967791666667,8023.696,18
2016-01-29,128697.19399999999,5362.383083333333,7580.336,18
2016-01-30,97424.147,4059.3394583333334,6538.531,9
2016-01-31,80524.686,3355.19525,6403.271,19
2016-02-01,128796.81599999999,5366.534,7936.507,18
2016-02-02,130480.511,5436.687958333333,7398.716,8
2016-02-03,93052.675,3877.194791666667,5831.162,18
2016-02-04,115578.195,4815.758125,7311.829,18
2016-02-05,127297.94,5304.080833333333,7385.15,18
2016-02-06,88092.171,3670.507125,5703.146,9
2016-02-07,64623.063,2692.627625,5823.986,19
2016-02-08,87400.057,3641.6690416666665,5431.597,20
2016-02-09,94230.994,3926.291416666667,6335.117,18
2016-02-10,104971.18400000001,4373.799333333333,6545.923,18
2016-02-11,125326.07499999998,5221.919791666666,7238.938,18
2016-02-12,129225.34899999999,5384.389541666666,6803.285,18
2016-02-13,143619.339,5984.139125000001,7355.752,19
2016-02-14,145591.797,6066.324874999999,7318.003,19
2016-02-15,155260.539,6469.189125,7888.913,18
2016-02-16,170389.484,7099.561833333333,8622.344,18
2016-02-17,171462.594,7144.2747500000005,8365.524,18
2016-02-18,179495.649,7478.985375,8845.701,8
2016-02-19,174658.132,7277.422166666667,8325.737,18
2016-02-20,160893.413,6703.892208333334,7863.583,19
2016-02-21,155263.681,6469.320041666667,8296.0,19
2016-02-22,166654.395,6943.933125,8646.253,8
2016-02-23,163361.376,6806.723999999999,9001.472,19
2016-02-24,172244.713,7176.8630416666665,8247.502,18
2016-02-25,173658.178,7235.757416666667,8647.375,20
2016-02-26,181840.24,7576.676666666666,8905.747,18
2016-02-27,153422.704,6392.612666666667,8020.389,19
2016-02-28,131998.67,5499.944583333334,7120.786,19
2016-02-29,166852.952,6952.206333333333,8495.23,19
2016-03-01,175229.681,7301.236708333334,8456.966,8
2016-03-02,163265.698,6802.737416666667,8078.962,9
2016-03-03,174216.034,7259.001416666667,8687.816,18
2016-03-04,166460.762,6935.865083333333,7996.256,20
2016-03-05,122841.74300000002,5118.405958333334,8013.27,21
2016-03-06,131674.484,5486.436833333333,7966.768,21
2016-03-07,162683.071,6778.4612916666665,8363.46,11
2016-03-08,178266.709,7427.779541666667,9434.545,19
2016-03-09,158686.126,6611.921916666666,7877.339,8
2016-03-10,155742.771,6489.282125000001,8880.496,19
2016-03-11,166563.151,6940.1312916666675,8520.255,19
2016-03-12,139386.778,5807.782416666666,7409.436,18
2016-03-13,112360.663,4681.694291666667,7426.483,19
2016-03-14,162204.032,6758.501333333334,8915.225,19
2016-03-15,169035.54,7043.1475,8357.433,19
2016-03-16,140251.226,5843.801083333333,8456.762,19
2016-03-17,165764.829,6906.867875,8967.489,8
2016-03-18,167588.91,6982.87125,8797.362,19
2016-03-19,134922.175,5621.757291666666,7886.189,19
2016-03-20,122552.538,5106.35575,7249.928,21
2016-03-21,139662.774,5819.28225,7535.629,19
2016-03-22,139694.503,5820.6042916666665,7260.781,18
2016-03-23,124877.89600000001,5203.245666666667,6509.95,19
2016-03-24,135462.44,5644.268333333333,6963.031,19
2016-03-25,107137.88400000002,4464.0785000000005,5671.017,19
2016-03-26,96080.611,4003.358791666667,4810.29,21
2016-03-27,87850.468,3660.4361666666664,4961.275,19
2016-03-28,95932.297,3997.1790416666668,5891.842,19
2016-03-29,112691.43100000001,4695.476291666667,7505.198,19
2016-03-30,127558.204,5314.925166666667,6958.788,19
2016-03-31,133187.604,5549.483499999999,6925.536,7
2016-04-01,162120.603,6755.025125,8700.464,19
2016-04-02,158465.209,6602.717041666667,7673.006,7
2016-04-03,139843.244,5826.801833333334,7587.365,19
2016-04-04,165711.633,6904.651375,8397.566,17
2016-04-05,164971.965,6873.831875,7996.191,10
2016-04-06,169483.017,7061.792375,8135.373,7
2016-04-07,168472.518,7019.68825,8272.455,7
2016-04-08,168993.908,7041.412833333333,8645.869,19
2016-04-09,167553.516,6981.3965,8594.351,20
2016-04-10,137354.284,5723.095166666667,8212.981,19
2016-04-11,171383.572,7140.982166666666,8811.31,8
2016-04-12,180743.227,7530.967791666667,9192.244,7
2016-04-13,168846.544,7035.272666666667,8302.658,18
2016-04-14,161676.578,6736.524083333334,8427.952,19
2016-04-15,170341.922,7097.580083333333,8438.848,6
2016-04-16,167410.917,6975.454874999999,7947.508,19
2016-04-17,174135.168,7255.6320000000005,8937.8,19
2016-04-18,197122.25399999996,8213.427249999999,8937.339,5
2016-04-19,195317.645,8138.235208333333,9047.002,19
2016-04-20,201709.686,8404.570249999999,9545.656,19
2016-04-21,201526.69199999998,8396.9455,9906.143,19
2016-04-22,204089.961,8503.748375000001,9323.872,8
2016-04-23,190634.808,7943.116999999999,8644.4,7
2016-04-24,175370.857,7307.119041666666,8402.103,19
2016-04-25,186005.5,7750.229166666667,8720.003,19
2016-04-26,188985.345,7874.389375,8805.731,7
2016-04-27,192340.325,8014.180208333334,9154.507,19
2016-04-28,189165.419,7881.892458333333,9422.461,8
2016-04-29,179206.21,7466.925416666666,8872.284,7
2016-04-30,147830.877,6159.619875,6773.737,19
2016-05-01,125414.12900000002,5225.588708333334,6551.621,19
2016-05-02,142954.351,5956.431291666667,8090.495,19
2016-05-03,151288.592,6303.691333333333,8004.281,19
2016-05-04,168996.646,7041.526916666667,9061.858,19
2016-05-05,176781.828,7365.909500000001,9129.066,10
2016-05-06,180565.81,7523.575416666667,9180.002,19
2016-05-07,147539.538,6147.48075,8077.686,8
2016-05-08,124530.16500000001,5188.756875,6464.823,19
2016-05-09,178254.199,7427.258291666666,9451.893,19
2016-05-10,195139.095,8130.795625,9178.119,19
2016-05-11,209866.40500000003,8744.433541666667,9819.542,19
2016-05-12,211348.507,8806.187791666667,9446.717,19
2016-05-13,211988.78499999997,8832.866041666666,9583.858,8
2016-05-14,202325.731,8430.238791666667,9152.576,7
2016-05-15,190306.649,7929.443708333333,9127.741,20
2016-05-16,188647.42,7860.309166666667,9309.073,19
2016-05-17,186566.524,7773.605166666667,9542.59,8
2016-05-18,180929.003,7538.7084583333335,9495.806,6
2016-05-19,179808.296,7492.012333333333,9057.805,7
2016-05-20,192132.068,8005.502833333333,9328.31,6
2016-05-21,167924.418,6996.8507500000005,8921.423,8
2016-05-22,146198.307,6091.596125,8453.425,19
2016-05-23,166977.626,6957.401083333333,8463.342,19
2016-05-24,158703.107,6612.629458333333,8732.107,7
2016-05-25,160106.675,6671.111458333333,8634.734,19
2016-05-26,166038.477,6918.269875000001,9056.667,7
2016-05-27,153863.073,6410.961375,8907.405,7
2016-05-28,112089.473,4670.394708333333,7166.652,8
2016-05-29,88096.269,3670.677875,5273.581,20
2016-05-30,119776.58899999998,4990.691208333333,7068.42,7
2016-05-31,109851.487,4577.145291666667,6471.368,9
2016-06-01,115219.68000000002,4800.820000000001,6688.88,19
2016-06-02,140833.725,5868.071875000001,8037.131,9
2016-06-03,144171.665,6007.152708333334,8553.057,8
2016-06-04,104968.13199999998,4373.672166666666,7230.963,8
2016-06-05,96416.028,4017.3345000000004,6715.058,20
2016-06-06,122132.409,5088.850375,7219.861,10
2016-06-07,106705.522,4446.063416666667,6374.852,10
2016-06-08,112335.204,4680.6335,6647.281,9
2016-06-09,116954.73799999998,4873.114083333333,7072.519,10
2016-06-10,106067.582,4419.482583333333,6618.446,9
2016-06-11,88499.739,3687.489125,5571.443,10
2016-06-12,74881.323,3120.0551250000003,5074.242,20
2016-06-13,93758.298,3906.59575,6406.446,8
2016-06-14,86369.982,3598.7492500000003,6163.901,7
2016-06-15,90409.033,3767.0430416666663,6531.594,8
2016-06-16,94459.894,3935.828916666667,5665.906,19
2016-06-17,104010.452,4333.7688333333335,6117.581,6
2016-06-18,73846.55500000001,3076.939791666667,3891.358,0
2016-06-19,61571.53600000001,2565.480666666667,5386.776,20
2016-06-20,101784.533,4241.022208333333,6148.318,11
2016-06-21,102069.05000000002,4252.877083333334,5968.292,8
2016-06-22,91463.334,3810.9722500000003,5718.756,8
2016-06-23,102705.617,4279.400708333334,6124.123,10
2016-06-24,96127.048,4005.2936666666665,6937.895,9
2016-06-25,71901.389,2995.891208333333,4616.716,10
2016-06-26,62599.898,2608.3290833333335,4068.1,20
2016-06-27,95086.655,3961.9439583333333,5620.663,18
2016-06-28,112036.682,4668.195083333333,7024.239,10
2016-06-29,89965.812,3748.5755000000004,6046.578,10
2016-06-30,95059.081,3960.7950416666667,6323.836,10
2016-07-01,88835.454,3701.47725,5434.913,8
2016-07-02,65778.06,2740.7525,4822.497,10
2016-07-03,52997.68,2208.2366666666667,3711.502,20
2016-07-04,76864.701,3202.695875,4932.698,19
2016-07-05,84007.282,3500.303416666667,5346.662,10
2016-07-06,87837.479,3659.8949583333338,5239.904,15
2016-07-07,100996.082,4208.170083333333,6274.289,10
2016-07-08,94381.496,3932.5623333333333,6454.23,10
2016-07-09,91427.565,3809.481875,6250.098,11
2016-07-10,64315.168,2679.7986666666666,5535.484,20
2016-07-11,94919.446,3954.9769166666665,6572.413,10
2016-07-12,79755.419,3323.1424583333333,5826.868,10
2016-07-13,67463.59,2810.9829166666664,4905.257,11
2016-07-14,68008.695,2833.6956250000003,5375.427,10
2016-07-15,71227.682,2967.8200833333335,5182.69,11
2016-07-16,61716.319,2571.5132916666666,3835.297,20
2016-07-17,49300.253,2054.177208333333,4335.004,20
2016-07-18,71515.696,2979.8206666666665,4769.599,10
2016-07-19,75446.967,3143.623625,4394.022,8
2016-07-20,83249.317,3468.7215416666663,6529.269,9
2016-07-21,83762.957,3490.123208333333,6331.137,9
2016-07-22,65876.434,2744.8514166666664,4749.621,11
2016-07-23,50083.781,2086.8242083333334,2972.293,11
2016-07-24,51362.299,2140.0957916666666,3807.605,20
2016-07-25,65525.288,2730.220333333333,4467.303,11
2016-07-26,71629.795,2984.5747916666664,5375.87,11
2016-07-27,72651.05500000001,3027.127291666667,5271.754,10
2016-07-28,81327.301,3388.637541666667,5369.585,11
2016-07-29,84122.30900000001,3505.096208333334,5250.393,11
2016-07-30,62466.894,2602.78725,4790.009,9
2016-07-31,52778.3,2199.0958333333333,4324.396,20
2016-08-01,74570.306,3107.0960833333334,5437.947,11
2016-08-02,81422.055,3392.5856249999997,5436.295,11
2016-08-03,85866.455,3577.7689583333336,5702.044,10
2016-08-04,74214.064,3092.2526666666668,5365.692,9
2016-08-05,66709.534,2779.5639166666665,4809.97,11
2016-08-06,57231.596999999994,2384.6498749999996,4407.181,11
2016-08-07,46248.203,1927.0084583333335,3842.475,19
2016-08-08,76136.326,3172.346916666667,5304.593,11
2016-08-09,66502.412,2770.933833333333,4887.554,10
2016-08-10,47660.033,1985.8347083333335,2907.777,13
2016-08-11,64408.987,2683.7077916666667,4534.315,18
2016-08-12,84303.559,3512.6482916666664,5470.738,11
2016-08-13,64855.710999999996,2702.3212916666666,4761.727,19
2016-08-14,48763.07,2031.7945833333333,4145.345,20
2016-08-15,59875.784,2494.8243333333335,5017.402,19
2016-08-16,76636.229,3193.1762083333338,4770.503,9
2016-08-17,64825.566000000006,2701.06525,4734.412,11
2016-08-18,73453.133,3060.5472083333334,5125.86,10
2016-08-19,74223.391,3092.641291666667,5085.888,19
2016-08-20,56254.678,2343.944916666667,4245.595,11
2016-08-21,46949.748,1956.2395,4530.887,20
2016-08-22,70415.027,2933.9594583333333,4396.338,19
2016-08-23,68599.919,2858.3299583333333,4566.816,11
2016-08-24,64391.022,2682.95925,4011.963,10
2016-08-25,64497.09299999999,2687.378875,4213.383,19
2016-08-26,71803.185,2991.799375,5417.589,19
2016-08-27,61515.88399999999,2563.161833333333,4773.224,19
2016-08-28,46138.027,1922.4177916666667,3843.176,19
2016-08-29,69065.83,2877.7429166666666,4978.652,10
2016-08-30,68543.21,2855.9670833333334,4730.622,11
2016-08-31,69890.064,2912.086,5238.292,10
2016-09-01,73426.665,3059.4443749999996,4394.634,10
2016-09-02,79793.892,3324.7455000000004,4479.97,11
2016-09-03,53922.911,2246.7879583333333,4253.113,19
2016-09-04,52873.883,2203.0784583333334,4768.535,20
2016-09-05,89955.455,3748.1439583333336,5349.299,11
2016-09-06,89318.228,3721.5928333333336,5406.747,11
2016-09-07,71674.074,2986.4197499999996,4317.775,7
2016-09-08,55826.458,2326.1024166666666,4121.643,10
2016-09-09,61227.05,2551.1270833333333,4108.89,11
2016-09-10,43074.724,1794.7801666666667,3888.04,19
2016-09-11,42904.369,1787.6820416666667,3971.197,19
2016-09-12,58430.303,2434.5959583333333,4039.039,18
2016-09-13,50747.032,2114.4596666666666,4761.621,7
2016-09-14,50652.316999999995,2110.5132083333333,4690.2,7
2016-09-15,48033.402,2001.39175,4040.797,7
2016-09-16,45862.513,1910.9380416666665,3156.803,7
2016-09-17,39658.739,1652.4474583333333,3566.595,19
2016-09-18,36382.704,1515.946,3814.034,19
2016-09-19,45094.064,1878.9193333333333,3545.428,18
2016-09-20,51660.06,2152.5025,4500.44,18
2016-09-21,64724.854999999996,2696.868958333333,4543.296,7
2016-09-22,63647.851,2651.9937916666668,4639.795,7
2016-09-23,68754.351,2864.764625,4863.995,7
2016-09-24,37734.918,1572.2882499999998,2567.154,18
2016-09-25,41653.331,1735.5554583333333,3202.747,19
2016-09-26,57634.494999999995,2401.4372916666666,4540.545,18
2016-09-27,43782.541,1824.2725416666665,2959.901,18
2016-09-28,44202.138,1841.75575,4161.784,18
2016-09-29,43173.777,1798.907375,4791.945,18
2016-09-30,46510.292,1937.9288333333334,4244.43,6
2016-10-01,35708.711,1487.8629583333334,3181.176,19
2016-10-02,35670.32,1486.2633333333333,3837.917,19
2016-10-03,49497.67300000001,2062.403041666667,4501.585,18
2016-10-04,60405.761,2516.9067083333334,4645.701,18
2016-10-05,56873.317,2369.721541666667,4724.65,18
2016-10-06,63701.206000000006,2654.2169166666667,4611.26,18
2016-10-07,72963.616,3040.1506666666664,5118.101,18
2016-10-08,30173.185000000005,1257.2160416666668,3054.306,18
2016-10-09,27967.994999999995,1165.3331249999999,3046.371,18
2016-10-10,67357.91100000001,2806.5796250000003,4616.727,18
2016-10-11,59612.97499999999,2483.873958333333,4273.457,8
2016-10-12,50256.167,2094.0069583333334,3957.361,18
2016-10-13,61607.329,2566.9720416666664,3856.549,8
2016-10-14,48803.393,2033.4747083333332,4028.428,8
2016-10-15,33246.541,1385.2725416666665,3135.472,18
2016-10-16,38319.781,1596.6575416666667,4447.464,18
2016-10-17,75804.415,3158.5172916666666,5099.449,18
2016-10-18,71937.427,2997.3927916666667,4630.996,18
2016-10-19,64986.239,2707.7599583333335,4338.489,18
2016-10-20,56338.668000000005,2347.4445,3619.082,8
2016-10-21,67957.98300000001,2831.5826250000005,4262.271,18
2016-10-22,50204.973,2091.8738749999998,4117.645,7
2016-10-23,24165.655,1006.9022916666667,3456.742,18
2016-10-24,66324.39600000001,2763.5165,4452.493,18
2016-10-25,69845.234,2910.218083333333,4753.896,18
2016-10-26,68389.882,2849.5784166666667,4564.856,6
2016-10-27,59533.368,2480.5570000000002,4941.307,18
2016-10-28,60149.31,2506.22125,4759.875,18
2016-10-29,40883.185,1703.4660416666666,4274.885,18
2016-10-30,31633.335,1318.055625,3058.825,19
2016-10-31,30819.675000000003,1284.153125,3143.138,18
2016-11-01,32464.148,1352.6728333333333,4448.65,18
2016-11-02,59027.893,2459.4955416666667,4724.768,19
2016-11-03,50679.632,2111.6513333333332,3581.149,10
2016-11-04,58262.577000000005,2427.607375,4551.189,10
2016-11-05,33273.775,1386.4072916666667,2729.843,18
2016-11-06,29157.033000000003,1214.876375,2915.965,18
2016-11-07,45770.244,1907.0935,3106.708,8
2016-11-08,35709.009,1487.8753749999998,2594.861,8
2016-11-09,37523.769,1563.490375,3205.653,19
2016-11-10,54091.42300000001,2253.809291666667,4156.495,19
2016-11-11,55754.089,2323.0870416666667,4073.54,9
2016-11-12,47397.047999999995,1974.8769999999997,4317.913,18
2016-11-13,32436.253000000004,1351.5105416666668,3329.12,18
2016-11-14,33840.561,1410.023375,3199.798,19
2016-11-15,46948.503,1956.1876249999998,4585.784,19
2016-11-16,59413.461,2475.560875,4943.425,18
2016-11-17,54781.873,2282.5780416666666,4407.682,17
2016-11-18,47696.127,1987.338625,3537.668,18
2016-11-19,31978.746,1332.44775,2974.031,9
2016-11-20,24957.044,1039.8768333333335,2126.884,19
2016-11-21,44717.523,1863.230125,4112.247,18
2016-11-22,68229.124,2842.8801666666664,4034.183,8
2016-11-23,66481.9,2770.0791666666664,4668.028,17
2016-11-24,61249.00199999999,2552.04175,4794.826,17
2016-11-25,61503.576,2562.649,4566.887,17
2016-11-26,53186.088,2216.087,3919.863,19
2016-11-27,48305.283,2012.720125,4115.792,19
2016-11-28,81876.097,3411.5040416666666,5963.574,17
2016-11-29,85848.622,3577.025916666667,5783.256,17
2016-11-30,56096.511,2337.354625,5014.705,19
2016-12-01,85853.738,3577.2390833333334,6484.67,19
2016-12-02,96139.315,4005.804791666667,6221.665,18
2016-12-03,50167.926,2090.33025,4273.036,9
2016-12-04,39522.795,1646.783125,3056.751,20
2016-12-05,73299.059,3054.127458333333,5895.407,17
2016-12-06,71713.918,2988.079916666667,5959.602,18
2016-12-07,68462.397,2852.599875,5918.469,17
2016-12-08,39996.846,1666.53525,4104.57,17
2016-12-09,44686.116,1861.9215000000002,4716.338,17
2016-12-10,45924.757,1913.5315416666665,4802.644,19
2016-12-11,50298.496,2095.770666666667,4572.648,18
2016-12-12,70952.122,2956.338416666667,5645.635,18
2016-12-13,76537.669,3189.0695416666663,5546.07,17
2016-12-14,82878.977,3453.2907083333334,5866.361,18
2016-12-15,86778.804,3615.7835,5852.792,9
2016-12-16,66013.098,2750.5457499999998,5471.252,8
2016-12-17,38245.734000000004,1593.5722500000002,4397.628,18
2016-12-18,37723.616,1571.8173333333334,4300.631,18
2016-12-19,77296.347,3220.6811249999996,4983.081,9
2016-12-20,73296.512,3054.0213333333336,4863.139,9
2016-12-21,73195.677,3049.8198749999997,5761.615,17
2016-12-22,77900.849,3245.8687083333334,5619.471,18
2016-12-23,62629.651,2609.5687916666666,4336.414,18
2016-12-24,36625.507,1526.0627916666665,3732.39,18
2016-12-25,28005.920999999995,1166.9133749999999,3292.458,19
2016-12-26,30717.197,1279.8832083333334,3101.316,18
2016-12-27,56738.432,2364.1013333333335,4579.644,17
2016-12-28,46631.287,1942.9702916666665,3909.915,18
2016-12-29,54976.236000000004,2290.6765,4845.32,18
2016-12-30,58982.979999999996,2457.6241666666665,4356.4,18
2016-12-31,44880.591,1870.024625,4359.092,18
2017-01-01,39668.463,1652.8526250000002,3528.258,18
2017-01-02,57782.068,2407.5861666666665,5409.054,18
2017-01-03,74583.256,3107.6356666666666,5238.586,10
2017-01-04,62714.952000000005,2613.123,4319.292,9
2017-01-05,55606.137,2316.922375,4192.768,10
2017-01-06,54446.466,2268.60275,4511.072,20
2017-01-07,55724.39,2321.849583333333,4751.667,18
2017-01-08,38007.739,1583.6557916666668,4202.631,18
2017-01-09,77045.578,3210.2324166666663,5621.849,17
2017-01-10,66370.114,2765.4214166666666,4920.569,18
2017-01-11,74710.422,3112.9342500000002,5650.508,18
2017-01-12,65351.234,2722.968083333333,4696.887,9
2017-01-13,48069.543,2002.8976249999998,4033.337,19
2017-01-14,50457.834,2102.4097500000003,4219.723,18
2017-01-15,34881.621,1453.400875,4472.931,19
2017-01-16,53011.546,2208.8144166666666,4696.407,18
2017-01-17,62132.374,2588.848916666667,5460.761,18
2017-01-18,81214.139,3383.922458333333,5012.993,18
2017-01-19,111007.263,4625.302625,6343.103,10
2017-01-20,105707.77300000002,4404.490541666667,6264.833,18
2017-01-21,86176.686,3590.69525,4820.243,10
2017-01-22,62433.492,2601.3955,4875.885,18
2017-01-23,89099.622,3712.48425,5508.812,18
2017-01-24,94893.13,3953.880416666667,5514.161,18
2017-01-25,101557.595,4231.566458333334,5629.185,9
2017-01-26,90872.413,3786.3505416666667,4928.696,9
2017-01-27,67379.317,2807.4715416666663,4452.379,19
2017-01-28,34924.04,1455.1683333333333,3994.653,19
2017-01-29,31078.241,1294.9267083333334,2848.806,19
2017-01-30,49089.175,2045.3822916666668,3873.091,18
2017-01-31,63765.471000000005,2656.8946250000004,4726.685,18
2017-02-01,44513.033,1854.7097083333335,3261.386,9
2017-02-02,34285.113,1428.546375,2317.29,18
2017-02-03,49100.154,2045.83975,2937.14,7
2017-02-04,52354.25600000001,2181.4273333333335,3396.551,20
2017-02-05,70124.383,2921.849291666667,4051.707,18
2017-02-06,70261.01,2927.5420833333333,4573.803,19
2017-02-07,75912.245,3163.010208333333,4818.126,8
2017-02-08,79251.015,3302.125625,5129.927,19
2017-02-09,95470.853,3977.9522083333336,5989.437,18
2017-02-10,112226.149,4676.089541666667,6419.648,18
2017-02-11,73651.23,3068.80125,4724.345,18
2017-02-12,51405.210999999996,2141.8837916666666,3729.655,18
2017-02-13,81296.011,3387.3337916666665,5480.379,19
2017-02-14,82758.148,3448.2561666666666,5699.025,19
2017-02-15,75097.5,3129.0625,5414.001,19
2017-02-16,79802.86,3325.119166666667,5712.198,19
2017-02-17,84011.188,3500.4661666666666,5675.657,18
2017-02-18,69904.28,2912.6783333333333,4275.313,19
2017-02-19,57100.247,2379.1769583333335,3780.308,19
2017-02-20,65839.027,2743.2927916666667,4207.028,18
2017-02-21,72212.387,3008.8494583333336,4766.744,19
2017-02-22,79953.636,3331.4015,6007.343,19
2017-02-23,88408.69499999999,3683.695625,5623.714,10
2017-02-24,65201.22600000001,2716.7177500000003,4309.169,19
2017-02-25,68274.529,2844.7720416666666,5047.567,19
2017-02-26,60960.947,2540.039458333333,4720.357,19
2017-02-27,54031.783,2251.324291666667,3929.587,8
2017-02-28,63439.193,2643.2997083333335,4967.764,20
2017-03-01,87933.83,3663.9095833333336,5993.237,19
2017-03-02,99255.934,4135.663916666666,6296.402,18
2017-03-03,78445.073,3268.5447083333333,5073.798,8
2017-03-04,84609.232,3525.384666666667,6023.755,19
2017-03-05,69222.739,2884.2807916666666,4695.277,19
2017-03-06,84788.158,3532.8399166666663,6685.016,18
2017-03-07,89715.252,3738.1355,6003.879,18
2017-03-08,104555.538,4356.48075,6819.293,19
2017-03-09,99022.63399999999,4125.943083333333,6400.686,19
2017-03-10,94670.514,3944.60475,6157.504,19
2017-03-11,71442.196,2976.7581666666665,4173.626,10
2017-03-12,49525.85500000001,2063.577291666667,2794.313,21
2017-03-13,71742.042,2989.25175,4579.629,19
2017-03-14,81347.895,3389.495625,6395.583,19
2017-03-15,87191.337,3632.972375,6352.898,18
2017-03-16,93058.579,3877.4407916666664,5848.514,20
2017-03-17,97225.75,4051.0729166666665,6212.39,19
2017-03-18,92617.73,3859.072083333333,5407.004,19
2017-03-19,82241.461,3426.7275416666666,5922.099,20
2017-03-20,92049.137,3835.3807083333336,5861.669,8
2017-03-21,91516.141,3813.172541666667,5671.348,18
2017-03-22,90084.007,3753.5002916666667,6458.417,19
2017-03-23,104912.16699999999,4371.340291666666,6814.639,19
2017-03-24,133867.117,5577.796541666667,7659.935,11
2017-03-25,88842.727,3701.7802916666665,6370.149,19
2017-03-26,61540.937000000005,2564.2057083333334,4166.159,19
2017-03-27,97475.502,4061.47925,6029.91,19
2017-03-28,88632.893,3693.037208333333,6120.329,19
2017-03-29,88653.405,3693.891875,6265.242,19
2017-03-30,73501.83,3062.57625,5421.476,7
2017-03-31,74133.486,3088.89525,6190.618,7
2017-04-01,58634.655,2443.110625,4264.729,19
2017-04-02,58998.083999999995,2458.2535,4700.499,19
2017-04-03,96456.37299999999,4019.015541666666,5841.746,7
2017-04-04,73166.463,3048.602625,5364.521,6
2017-04-05,55504.243,2312.6767916666668,3873.684,6
2017-04-06,57994.429,2416.4345416666665,4381.356,19
2017-04-07,77851.067,3243.7944583333333,5558.411,19
2017-04-08,66883.107,2786.7961250000003,4613.947,19
2017-04-09,51596.154,2149.83975,4097.926,19
2017-04-10,75468.87,3144.5362499999997,4911.67,19
2017-04-11,91973.313,3832.2213749999996,5241.413,7
2017-04-12,92881.006,3870.0419166666666,5343.257,7
2017-04-13,61097.65000000001,2545.735416666667,4061.885,8
2017-04-14,54588.435,2274.518125,3395.395,8
2017-04-15,48375.481,2015.6450416666667,3030.061,8
2017-04-16,51241.396,2135.0581666666667,4194.871,19
2017-04-17,63114.756,2629.7815,3792.708,8
2017-04-18,57164.348,2381.8478333333333,3453.792,9
2017-04-19,49121.526,2046.7302499999998,2686.013,19
2017-04-20,52144.795,2172.6997916666664,4077.218,6
2017-04-21,56363.041,2348.4600416666667,4832.645,6
2017-04-22,62428.763,2601.1984583333333,4981.032,19
2017-04-23,50423.247,2100.968625,4137.644,19
2017-04-24,81147.525,3381.146875,5351.343,7
2017-04-25,72883.541,3036.814208333333,6008.101,7
2017-04-26,64681.751000000004,2695.0729583333336,4621.627,8
2017-04-27,67673.184,2819.716,5244.509,7
2017-04-28,63369.951,2640.414625,4003.47,9
2017-04-29,47407.537000000004,1975.3140416666668,3999.032,8
2017-04-30,35865.698,1494.4040833333331,2639.669,19
2017-05-01,45848.09,1910.337083333333,5448.99,19
2017-05-02,63369.324,2640.3885,4221.756,7
2017-05-03,64193.505,2674.729375,5187.008,6
2017-05-04,61354.513000000006,2556.438041666667,4921.366,19
2017-05-05,50360.78,2098.3658333333333,4246.482,8
2017-05-06,53523.504,2230.146,5078.58,20
2017-05-07,45255.245,1885.6352083333334,3006.59,19
2017-05-08,65797.93,2741.580416666666,4110.443,19
2017-05-09,64403.82399999999,2683.4926666666665,4231.4,10
2017-05-10,55495.978,2312.3324166666666,3545.064,8
2017-05-11,53263.111999999994,2219.296333333333,3454.734,19
2017-05-12,65039.917,2709.996541666667,3839.588,19
2017-05-13,58562.28,2440.095,3950.253,19
2017-05-14,57726.36,2405.265,4465.302,20
2017-05-15,65643.251,2735.1354583333336,4608.007,19
2017-05-16,75312.676,3138.028166666667,4717.589,7
2017-05-17,60539.85800000001,2522.4940833333335,3758.229,7
2017-05-18,60873.542,2536.3975833333334,3574.103,19
2017-05-19,62484.643,2603.5267916666667,3598.925,7
2017-05-20,53475.45700000001,2228.144041666667,3603.205,19
2017-05-21,52217.98299999999,2175.7492916666665,3474.137,18
2017-05-22,67048.076,2793.6698333333334,4309.482,8
2017-05-23,54705.39600000001,2279.3915,3170.449,9
2017-05-24,65374.466,2723.9360833333335,3909.412,19
2017-05-25,87546.632,3647.7763333333332,5637.241,7
2017-05-26,74639.825,3109.992708333333,4993.35,10
2017-05-27,62334.903999999995,2597.2876666666666,3879.485,20
2017-05-28,59549.06300000001,2481.2109583333336,4667.037,20
2017-05-29,85045.17,3543.54875,5575.756,10
2017-05-30,76510.531,3187.938791666667,5578.032,8
2017-05-31,69453.586,2893.8994166666666,4494.676,10
2017-06-01,77442.431,3226.7679583333334,4432.292,7
2017-06-02,64642.042,2693.418416666667,5239.473,7
2017-06-03,54306.850999999995,2262.7854583333333,3567.304,9
2017-06-04,46987.239,1957.801625,3212.588,20
2017-06-05,50331.202,2097.1334166666666,2635.966,8
2017-06-06,52338.30200000001,2180.7625833333336,2859.636,7
2017-06-07,51406.867,2141.9527916666666,2699.206,9
2017-06-08,51687.485,2153.6452083333334,2952.416,11
2017-06-09,68331.639,2847.151625,5074.78,10
2017-06-10,48716.965000000004,2029.8735416666668,2994.282,20
2017-06-11,49603.36899999999,2066.8070416666665,3219.805,11
2017-06-12,70424.75,2934.3645833333335,4375.633,11
2017-06-13,64293.219,2678.884125,4003.371,19
2017-06-14,74453.966,3102.2485833333335,4412.07,8
2017-06-15,54836.28300000001,2284.8451250000003,3972.001,10
2017-06-16,61003.351,2541.8062916666668,4313.07,11
2017-06-17,57087.443,2378.6434583333335,3605.517,10
2017-06-18,48472.594,2019.6914166666666,3457.886,20
2017-06-19,50705.138999999996,2112.714125,3412.455,10
2017-06-20,59943.88100000001,2497.6617083333335,3750.998,15
2017-06-21,65178.7,2715.7791666666667,3952.195,10
2017-06-22,54115.79000000001,2254.8245833333335,3993.095,10
2017-06-23,51458.583,2144.107625,3964.279,10
2017-06-24,38437.796,1601.5748333333333,2516.361,10
2017-06-25,44996.332,1874.8471666666667,3199.675,12
2017-06-26,59431.079,2476.2949583333334,3718.69,19
2017-06-27,44813.528,1867.2303333333332,3776.24,7
2017-06-28,40937.75,1705.7395833333333,2464.521,20
2017-06-29,37371.51,1557.14625,2425.413,20
2017-06-30,41717.859,1738.244125,2685.361,8
2017-07-01,35004.954,1458.53975,2190.655,20
2017-07-02,38602.391,1608.4329583333335,3103.829,20
2017-07-03,37466.821,1561.1175416666667,2396.799,11
2017-07-04,35928.685,1497.0285416666666,2368.559,10
2017-07-05,41967.947,1748.6644583333334,3142.05,9
2017-07-06,39212.496,1633.854,2723.247,9
2017-07-07,34893.397,1453.8915416666666,2715.104,7
2017-07-08,34601.979,1441.749125,2449.741,20
2017-07-09,32667.958,1361.1649166666666,2508.575,20
2017-07-10,39740.476,1655.8531666666668,3006.873,9
2017-07-11,43057.206,1794.05025,3154.943,10
2017-07-12,52121.931,2171.747125,3245.875,10
2017-07-13,51966.33900000001,2165.264125,3773.748,8
2017-07-14,37611.524,1567.1468333333332,2453.85,11
2017-07-15,36140.702,1505.8625833333333,2339.221,11
2017-07-16,33116.829,1379.867875,2641.853,20
2017-07-17,37247.413,1551.9755416666667,2534.683,10
2017-07-18,35702.039,1487.5849583333331,2733.878,8
2017-07-19,37580.459,1565.8524583333335,2695.038,8
2017-07-20,37010.952,1542.1229999999998,2872.803,11
2017-07-21,38994.918,1624.7882499999998,2614.855,9
2017-07-22,36655.42,1527.3091666666667,2574.422,9
2017-07-23,32665.219000000005,1361.0507916666668,2244.654,11
2017-07-24,36801.63,1533.40125,2595.538,9
2017-07-25,36254.2,1510.5916666666665,2336.756,10
2017-07-26,42864.636,1786.0265,2730.596,11
2017-07-27,46539.352,1939.1396666666667,3105.868,10
2017-07-28,40652.702,1693.8625833333333,3072.591,10
2017-07-29,38424.63,1601.02625,3078.315,20
2017-07-30,33505.151,1396.0479583333333,2524.836,20
2017-07-31,36493.944,1520.5810000000001,2962.841,8
2017-08-01,42987.972,1791.1655,4187.968,9
2017-08-02,36466.982,1519.4575833333336,2800.801,11
2017-08-03,44783.969,1865.9987083333333,2936.302,11
2017-08-04,45911.629,1912.9845416666667,3139.024,20
2017-08-05,29906.159999999996,1246.09,2152.644,9
2017-08-06,33088.247,1378.6769583333335,2619.791,19
2017-08-07,44735.02,1863.9591666666665,3956.812,8
2017-08-08,35548.016,1481.1673333333335,2408.547,19
2017-08-09,29349.03,1222.87625,2504.632,10
2017-08-10,30081.398999999998,1253.391625,1991.687,12
2017-08-11,34703.913,1445.996375,2468.614,11
2017-08-12,30077.568,1253.232,1954.641,11
2017-08-13,27609.339,1150.389125,2270.626,19
2017-08-14,28416.78,1184.0325,2017.028,10
2017-08-15,34483.306,1436.8044166666666,2618.825,10
2017-08-16,37543.158,1564.29825,2723.678,19
2017-08-17,38225.213,1592.7172083333335,2513.516,9
2017-08-18,33485.231,1395.2179583333334,2582.162,10
2017-08-19,27255.928999999996,1135.6637083333333,2240.446,11
2017-08-20,25871.214,1077.96725,2191.85,19
2017-08-21,32680.788999999997,1361.6995416666666,2166.682,11
2017-08-22,34581.968,1440.9153333333334,2317.082,11
2017-08-23,35243.815,1468.4922916666667,2624.883,8
2017-08-24,37183.537,1549.3140416666665,2603.841,19
2017-08-25,39328.916,1638.7048333333332,3005.342,8
2017-08-26,31502.872000000003,1312.6196666666667,2622.894,19
2017-08-27,27130.515,1130.438125,2239.345,19
2017-08-28,39127.546,1630.3144166666668,2759.503,9
2017-08-29,39317.345,1638.2227083333335,3074.403,9
2017-08-30,37721.134,1571.7139166666666,2681.307,9
2017-08-31,37590.722,1566.2800833333333,2664.861,10
2017-09-01,34503.663,1437.652625,2800.489,8
2017-09-02,35783.587,1490.9827916666666,3300.435,19
2017-09-03,29416.805,1225.7002083333334,2898.534,19
2017-09-04,40757.248,1698.2186666666666,3056.761,19
2017-09-05,42018.012,1750.7505,3046.621,11
2017-09-06,35464.275,1477.6781250000001,2896.765,11
2017-09-07,41895.85,1745.6604166666666,2972.289,19
2017-09-08,42225.025,1759.3760416666667,2581.462,10
2017-09-09,25314.129,1054.755375,2056.414,19
2017-09-10,25878.26,1078.2608333333333,2574.24,19
2017-09-11,29088.280999999995,1212.0117083333332,2219.059,19
2017-09-12,40245.647,1676.9019583333331,2944.416,19
2017-09-13,42294.225,1762.2593749999999,2426.313,10
2017-09-14,40524.414,1688.5172499999999,2487.106,10
2017-09-15,40885.174999999996,1703.548958333333,2846.24,7
2017-09-16,45807.246,1908.63525,2901.371,19
2017-09-17,38676.093,1611.503875,3287.745,19
2017-09-18,44665.528,1861.0636666666667,3036.403,19
2017-09-19,50679.58,2111.6491666666666,3524.991,19
2017-09-20,55669.94,2319.5808333333334,3152.952,6
2017-09-21,47163.914,1965.1630833333331,2820.755,7
2017-09-22,42230.198,1759.5915833333331,2585.872,18
2017-09-23,38336.804,1597.3668333333333,2893.767,18
2017-09-24,32825.417,1367.7257083333334,2790.027,19
2017-09-25,36079.826,1503.3260833333334,2357.445,9
2017-09-26,37320.433,1555.0180416666665,2957.667,19
2017-09-27,40786.501000000004,1699.437541666667,2756.759,18
2017-09-28,33104.928,1379.372,2554.325,8
2017-09-29,29255.557,1218.9815416666668,2269.598,7
2017-09-30,28981.295999999995,1207.5539999999999,2040.123,19
2017-10-01,24549.738,1022.90575,2640.281,19
2017-10-02,35415.893,1475.6622083333332,2399.989,18
2017-10-03,28560.019999999997,1190.0008333333333,2375.625,7
2017-10-04,27579.543,1149.147625,1958.022,18
2017-10-05,29507.512,1229.4796666666666,2095.655,11
2017-10-06,21656.213,902.3422083333334,1285.845,9
2017-10-07,18705.285,779.386875,1622.659,18
2017-10-08,24045.237,1001.8848750000001,2064.9,19
2017-10-09,28402.962,1183.45675,2344.339,19
2017-10-10,26452.532,1102.1888333333334,1966.273,5
2017-10-11,25198.167,1049.9236250000001,1562.299,19
2017-10-12,24975.197,1040.6332083333334,1514.848,18
2017-10-13,26041.14,1085.0475,2192.402,19
2017-10-14,23816.173,992.3405416666666,1938.438,19
2017-10-15,16645.035,693.543125,1135.686,18
2017-10-16,24099.719,1004.1549583333334,1670.421,17
2017-10-17,28023.854,1167.6605833333333,2228.936,18
2017-10-18,28074.688,1169.7786666666666,1974.472,19
2017-10-19,24947.432,1039.4763333333333,1932.734,7
2017-10-20,28435.727999999996,1184.822,2066.279,17
2017-10-21,21253.288,885.5536666666667,1511.297,19
2017-10-22,20678.364,861.5985000000001,2429.959,18
2017-10-23,25165.484000000004,1048.5618333333334,2268.906,18
2017-10-24,26619.535,1109.1472916666667,2417.152,17
2017-10-25,33373.495,1390.5622916666669,2487.938,18
2017-10-26,30917.133,1288.2138750000001,2643.495,17
2017-10-27,23220.525,967.521875,1847.166,6
2017-10-28,17783.854,740.9939166666667,1827.545,18
2017-10-29,13491.403,562.1417916666667,1197.683,19
2017-10-30,18503.349,770.9728749999999,1864.838,19
2017-10-31,26149.53,1089.56375,3260.037,17
2017-11-01,15622.161,650.923375,1466.687,20
2017-11-02,22648.756999999998,943.6982083333332,2402.189,18
2017-11-03,28099.849000000002,1170.8270416666667,2339.833,18
2017-11-04,21005.969,875.2487083333334,2028.726,10
2017-11-05,16649.236,693.7181666666667,1503.104,19
2017-11-06,17197.717,716.5715416666667,1323.823,18
2017-11-07,20957.3,873.2208333333333,1781.302,19
2017-11-08,31429.574,1309.5655833333333,2534.198,18
2017-11-09,37462.513999999996,1560.9380833333332,2848.874,18
2017-11-10,27669.167999999998,1152.8819999999998,1901.045,19
2017-11-11,26449.881,1102.078375,2346.985,18
2017-11-12,18458.633,769.1097083333334,1804.46,17
2017-11-13,19527.205,813.6335416666667,1871.097,18
2017-11-14,25035.184,1043.1326666666666,2420.591,18
2017-11-15,36160.409,1506.6837083333332,2374.821,19
2017-11-16,39396.061,1641.5025416666667,2698.993,5
2017-11-17,34614.41,1442.2670833333334,2538.235,17
2017-11-18,25128.233,1047.0097083333333,2599.986,18
2017-11-19,26929.055,1122.0439583333334,2903.639,17
2017-11-20,33111.68,1379.6533333333334,3021.483,10
2017-11-21,31629.985999999997,1317.9160833333333,2421.728,17
2017-11-22,39151.187,1631.2994583333332,3470.723,17
2017-11-23,19863.206,827.6335833333333,2263.496,17
2017-11-24,27096.472999999998,1129.0197083333333,3460.745,17
2017-11-25,21657.028,902.3761666666666,1871.045,10
2017-11-26,15686.758,653.6149166666667,1432.336,19
2017-11-27,39084.06,1628.5024999999998,3168.861,8
2017-11-28,42265.994,1761.0830833333332,3319.81,17
2017-11-29,40397.901,1683.2458749999998,3317.124,17
2017-11-30,32129.397000000004,1338.724875,2710.821,18
2017-12-01,29119.111000000004,1213.2962916666668,2451.846,17
2017-12-02,29073.674,1211.4030833333334,2070.176,9
2017-12-03,20499.387,854.141125,1888.651,18
2017-12-04,36362.472,1515.103,2709.354,7
2017-12-05,44211.166,1842.1319166666665,3317.998,8
2017-12-06,49948.034,2081.1680833333335,3287.32,18
2017-12-07,53343.51000000001,2222.6462500000002,4074.129,8
2017-12-08,34373.296,1432.2206666666668,2823.501,18
2017-12-09,17061.633,710.901375,1245.703,18
2017-12-10,27735.347,1155.6394583333333,2605.904,19
2017-12-11,45962.399,1915.0999583333332,2719.679,18
2017-12-12,45767.245,1906.9685416666669,3389.831,9
2017-12-13,37153.69,1548.0704166666667,2622.389,8
2017-12-14,40605.813,1691.908875,2913.505,18
2017-12-15,44820.782,1867.5325833333334,2666.966,17
2017-12-16,39620.806,1650.8669166666666,2462.012,19
2017-12-17,44058.778,1835.7824166666667,3632.229,20
2017-12-18,44427.942,1851.16425,2842.61,18
2017-12-19,45106.947,1879.456125,2770.129,18
2017-12-20,52627.307,2192.8044583333335,3277.348,17
2017-12-21,46209.426,1925.39275,3186.517,18
2017-12-22,49077.615,2044.900625,3016.498,9
2017-12-23,38734.192,1613.9246666666668,2679.73,18
2017-12-24,38188.015,1591.1672916666666,2988.997,18
2017-12-25,30884.212,1286.8421666666666,2054.845,19
2017-12-26,36771.446,1532.1435833333335,2380.477,9
2017-12-27,37880.526,1578.3552499999998,2360.007,18
2017-12-28,46457.165,1935.7152083333333,2991.304,18
2017-12-29,54526.68400000001,2271.945166666667,3561.267,19
2017-12-30,49462.018,2060.9174166666667,3701.444,19
2017-12-31,41869.210999999996,1744.5504583333332,2312.326,18
2018-01-01,40609.846,1692.0769166666666,2023.072,18
2018-01-02,53335.75199999999,2222.323,3502.11,18
2018-01-03,63699.483,2654.145125,3949.456,18
2018-01-04,64697.76400000001,2695.740166666667,3660.101,9
2018-01-05,75810.173,3158.757208333333,4892.146,19
2018-01-06,70241.917,2926.746541666667,3670.81,18
2018-01-07,72541.228,3022.5511666666666,4898.954,20
2018-01-08,92345.704,3847.7376666666664,5908.769,19
2018-01-09,80907.262,3371.1359166666666,4527.689,19
2018-01-10,66288.682,2762.0284166666665,3957.091,8
2018-01-11,65947.473,2747.8113749999998,4243.323,20
2018-01-12,90344.182,3764.3409166666665,5391.851,20
2018-01-13,70837.378,2951.5574166666665,4550.551,18
2018-01-14,79363.597,3306.8165416666666,5325.512,18
2018-01-15,76035.733,3168.1555416666665,5555.813,9
2018-01-16,66086.835,2753.6181250000004,4362.755,9
2018-01-17,70237.342,2926.5559166666667,5270.499,19
2018-01-18,84041.275,3501.7197916666664,5879.931,19
2018-01-19,66965.923,2790.2467916666665,3903.464,8
2018-01-20,52052.252,2168.8438333333334,3497.66,19
2018-01-21,61186.63500000001,2549.4431250000002,5111.973,20
2018-01-22,68507.219,2854.467458333333,4433.513,18
2018-01-23,89407.735,3725.322291666667,5910.925,19
2018-01-24,73674.038,3069.751583333333,5589.463,19
2018-01-25,72699.47899999999,3029.144958333333,4861.118,19
2018-01-26,61415.519,2558.9799583333333,4099.712,19
2018-01-27,57688.421,2403.6842083333336,4374.316,20
2018-01-28,60867.34300000001,2536.139291666667,5305.689,20
2018-01-29,74046.328,3085.2636666666663,4911.913,9
2018-01-30,78929.24799999999,3288.718666666666,5501.592,19
2018-01-31,95129.494,3963.728916666667,5839.059,19
2018-02-01,67197.996,2799.9165,4466.606,8
2018-02-02,66078.727,2753.2802916666665,4487.902,19
2018-02-03,50360.729,2098.3637083333333,3532.983,19
2018-02-04,67409.306,2808.7210833333334,5294.165,19
2018-02-05,85919.483,3579.978458333333,6102.575,19
2018-02-06,88873.809,3703.075375,5670.864,9
2018-02-07,98604.12700000001,4108.505291666667,6225.404,19
2018-02-08,101208.237,4217.009875,6341.241,9
2018-02-09,83160.743,3465.0309583333333,5616.439,10
2018-02-10,68406.718,2850.2799166666664,4753.933,20
2018-02-11,56421.756,2350.9065,4409.055,19
2018-02-12,77411.315,3225.4714583333334,5688.369,19
2018-02-13,66005.741,2750.239208333333,3888.333,20
2018-02-14,70954.79,2956.449583333333,4382.893,19
2018-02-15,92962.01,3873.4170833333333,6548.995,20
2018-02-16,106458.17799999999,4435.757416666666,6255.153,19
2018-02-17,84657.594,3527.39975,4900.324,19
2018-02-18,82857.512,3452.3963333333336,5203.986,20
2018-02-19,106412.87599999999,4433.869833333333,6841.533,18
2018-02-20,89826.15699999999,3742.756541666666,5348.093,18
2018-02-21,82805.319,3450.221625,5322.334,18
2018-02-22,84081.016,3503.375666666667,5457.415,19
2018-02-23,102670.455,4277.935625,6969.508,20
2018-02-24,98875.63200000001,4119.818,6862.748,19
2018-02-25,73448.64199999999,3060.360083333333,4800.266,20
2018-02-26,94962.954,3956.78975,6360.811,18
2018-02-27,120605.84399999998,5025.2435,7328.537,19
2018-02-28,120406.543,5016.939291666667,7569.578,12
2018-03-01,98710.785,4112.949375,5729.391,9
2018-03-02,116058.929,4835.7887083333335,7568.892,9
2018-03-03,102875.21399999999,4286.46725,6553.181,18
2018-03-04,101381.434,4224.226416666666,5662.2,19
2018-03-05,119434.234,4976.426416666666,6940.108,9
2018-03-06,109654.55900000001,4568.939958333333,7019.142,19
2018-03-07,128721.921,5363.413375,7473.659,18
2018-03-08,126242.996,5260.124833333333,7373.723,9
2018-03-09,109770.493,4573.770541666667,6362.916,18
2018-03-10,133078.044,5544.9185,6240.226,20
2018-03-11,129463.92500000002,5394.330208333334,6885.2,20
2018-03-12,149836.012,6243.167166666666,8364.164,19
2018-03-13,176809.696,7367.0706666666665,8905.47,19
2018-03-14,166789.535,6949.563958333333,8956.818,9
2018-03-15,174575.89,7273.995416666668,9175.347,19
2018-03-16,179651.65,7485.485416666666,9762.251,7
2018-03-17,173420.161,7225.840041666666,8804.852,19
2018-03-18,164874.877,6869.786541666667,8587.443,20
2018-03-19,160745.808,6697.741999999999,8212.311,19
2018-03-20,172567.151,7190.297958333334,8951.167,19
2018-03-21,165884.919,6911.871625,8755.564,19
2018-03-22,161493.762,6728.906749999999,7793.324,7
2018-03-23,158720.749,6613.364541666667,8079.136,8
2018-03-24,132234.764,5509.781833333333,7662.679,19
2018-03-25,145410.832,6058.784666666666,8544.715,19
2018-03-26,160577.695,6690.737291666667,8733.378,7
2018-03-27,162172.538,6757.189083333334,8785.374,7
2018-03-28,154192.508,6424.687833333333,8264.286,7
2018-03-29,129723.832,5405.159666666666,6615.469,19
2018-03-30,121144.772,5047.698833333333,6047.957,19
2018-03-31,123056.139,5127.3391249999995,6462.87,19
2018-04-01,120246.17300000001,5010.257208333333,6600.815,19
2018-04-02,120635.986,5026.499416666667,6504.339,8
2018-04-03,123707.755,5154.489791666667,6673.508,19
2018-04-04,128139.024,5339.126,6823.219,19
2018-04-05,159339.404,6639.141833333334,8867.404,7
2018-04-06,151239.468,6301.644499999999,8021.705,7
2018-04-07,155248.603,6468.691791666667,8561.586,19
2018-04-08,137786.957,5741.123208333333,8220.356,19
2018-04-09,165015.589,6875.649541666667,8202.843,19
2018-04-10,173970.348,7248.7645,8976.201,19
2018-04-11,168699.134,7029.130583333333,9024.248,7
2018-04-12,194155.256,8089.802333333333,9799.61,19
2018-04-13,196864.881,8202.703375,10271.723,7
2018-04-14,163088.274,6795.34475,8068.918,8
2018-04-15,149890.192,6245.424666666667,9105.495,19
2018-04-16,162973.03399999999,6790.543083333333,9149.539,19
2018-04-17,166754.503,6948.1042916666665,8866.164,19
2018-04-18,156098.783,6504.115958333333,7791.468,19
2018-04-19,153893.077,6412.211541666667,8029.907,19
2018-04-20,161936.645,6747.360208333333,8995.921,6
2018-04-21,166317.005,6929.875208333334,9287.911,19
2018-04-22,158748.459,6614.519125,8673.499,19
2018-04-23,184097.249,7670.718708333334,9439.623,10
2018-04-24,188509.105,7854.546041666667,9464.756,19
2018-04-25,173712.989,7238.041208333333,9203.824,7
2018-04-26,175705.594,7321.0664166666675,8801.432,19
2018-04-27,165618.065,6900.752708333333,8359.05,10
2018-04-28,141344.296,5889.345666666667,7298.627,19
2018-04-29,103577.709,4315.737875,6265.042,20
2018-04-30,151687.679,6320.3199583333335,7675.528,8
2018-05-01,118326.452,4930.2688333333335,6872.154,20
2018-05-02,136152.803,5673.033458333334,8123.013,19
2018-05-03,129798.139,5408.2557916666665,7541.787,6
2018-05-04,122055.57799999998,5085.649083333333,6663.843,19
2018-05-05,114417.609,4767.400375,6436.858,19
2018-05-06,110142.656,4589.277333333333,6761.208,20
2018-05-07,161422.513,6725.938041666667,8097.36,19
2018-05-08,139634.384,5818.099333333333,7781.696,7
2018-05-09,119226.73500000002,4967.780625,7306.016,10
2018-05-10,119870.082,4994.5867499999995,7824.244,19
2018-05-11,137716.679,5738.1949583333335,7771.497,19
2018-05-12,85880.303,3578.3459583333333,4670.612,0
2018-05-13,84049.145,3502.0477083333335,5353.883,20
2018-05-14,93742.33499999999,3905.9306249999995,5731.17,6
2018-05-15,90225.61200000001,3759.4005,5868.464,6
2018-05-16,94854.416,3952.267333333333,5899.392,19
2018-05-17,105139.003,4380.7917916666665,5898.907,19
2018-05-18,129575.78699999998,5398.991125,6983.488,20
2018-05-19,103785.764,4324.406833333333,5897.196,20
2018-05-20,101891.996,4245.499833333333,6448.004,20
2018-05-21,128288.981,5345.374208333334,7301.771,20
2018-05-22,115185.47899999999,4799.394958333333,6124.141,7
2018-05-23,125277.48799999998,5219.895333333333,6432.804,8
2018-05-24,104618.97700000001,4359.124041666667,5987.638,7
2018-05-25,107106.07,4462.752916666667,5941.463,10
2018-05-26,91130.742,3797.11425,4700.416,20
2018-05-27,86889.843,3620.410125,4781.595,20
2018-05-28,117003.343,4875.139291666666,6833.53,8
2018-05-29,125639.524,5234.980166666667,7290.937,7
2018-05-30,110420.482,4600.853416666667,6783.796,10
2018-05-31,109923.80900000001,4580.158708333333,6111.427,11
2018-06-01,102484.389,4270.1828749999995,5830.476,7
2018-06-02,99725.894,4155.245583333333,4741.405,19
2018-06-03,96626.326,4026.096916666667,5209.813,20
2018-06-04,112048.088,4668.6703333333335,6154.254,8
2018-06-05,116430.331,4851.263791666667,6798.644,9
2018-06-06,115515.17199999999,4813.132166666666,6388.076,7
2018-06-07,115699.131,4820.797125,7014.298,19
2018-06-08,115401.508,4808.396166666666,6310.188,8
2018-06-09,113907.554,4746.1480833333335,5592.621,20
2018-06-10,119822.109,4992.587875,6684.759,20
2018-06-11,148130.011,6172.083791666667,8803.777,9
2018-06-12,133902.474,5579.2697499999995,7045.293,7
2018-06-13,126171.62299999999,5257.150958333333,6771.266,19
2018-06-14,128061.55299999999,5335.898041666666,6248.497,19
2018-06-15,142224.986,5926.0410833333335,7382.567,11
2018-06-16,124140.394,5172.516416666666,6786.909,10
2018-06-17,119867.31700000001,4994.471541666667,6416.09,20
2018-06-18,131645.102,5485.212583333334,7362.742,11
2018-06-19,145640.186,6068.341083333333,8561.882,19
2018-06-20,163375.811,6807.325458333333,8073.097,15
2018-06-21,149029.289,6209.553708333333,8477.558,10
2018-06-22,129534.286,5397.261916666666,7249.623,11
2018-06-23,110276.185,4594.841041666667,6021.538,19
2018-06-24,106950.501,4456.270875,7069.619,20
2018-06-25,140426.617,5851.109041666667,7888.086,10
2018-06-26,131751.395,5489.641458333333,6939.706,8
2018-06-27,127489.736,5312.0723333333335,7539.144,10
2018-06-28,120813.566,5033.898583333334,6789.608,11
2018-06-29,125938.62400000001,5247.442666666667,6736.46,8
2018-06-30,107576.859,4482.369125,6594.168,20
2018-07-01,92581.915,3857.5797916666666,5955.806,20
2018-07-02,121986.369,5082.765375,7076.999,10
2018-07-03,141426.506,5892.771083333333,7708.965,9
2018-07-04,104176.043,4340.668458333334,7173.689,7
2018-07-05,114331.562,4763.815083333334,6413.598,8
2018-07-06,117094.98799999998,4878.957833333333,6817.486,11
2018-07-07,76119.011,3171.6254583333334,5119.433,11
2018-07-08,70047.649,2918.6520416666667,5388.876,20
2018-07-09,101687.596,4236.983166666667,6526.159,10
2018-07-10,111150.324,4631.2635,6687.553,10
2018-07-11,112355.315,4681.471458333333,6979.701,10
2018-07-12,107975.49,4498.97875,5991.634,10
2018-07-13,97730.39600000001,4072.0998333333337,6491.144,9
2018-07-14,84209.696,3508.737333333333,4909.909,8
2018-07-15,66044.021,2751.834208333333,3601.438,8
2018-07-16,78724.561,3280.1900416666667,4593.142,19
2018-07-17,103113.125,4296.380208333333,5944.527,10
2018-07-18,121243.30900000001,5051.804541666667,7291.399,19
2018-07-19,109467.092,4561.128833333333,6118.357,10
2018-07-20,92356.512,3848.188,6372.125,10
2018-07-21,83026.152,3459.4230000000002,5402.096,10
2018-07-22,74473.326,3103.05525,5989.964,20
2018-07-23,113342.095,4722.587291666667,6639.225,10
2018-07-24,111687.74899999998,4653.656208333333,6665.767,9
2018-07-25,104832.209,4368.008708333334,6374.079,11
2018-07-26,100921.30600000001,4205.054416666667,5784.347,8
2018-07-27,101387.78100000002,4224.490875,5369.129,20
2018-07-28,91728.099,3822.004125,5107.816,19
2018-07-29,63047.505999999994,2626.9794166666666,5557.583,20
2018-07-30,77766.663,3240.277625,4593.496,15
2018-07-31,73571.601,3065.483375,4394.506,10
2018-08-01,80323.95,3346.8312499999997,5045.949,11
2018-08-02,94972.631,3957.192958333333,6032.533,17
2018-08-03,100831.484,4201.311833333333,5555.908,19
2018-08-04,74347.587,3097.816125,4401.281,11
2018-08-05,68003.247,2833.468625,4520.452,20
2018-08-06,84293.034,3512.20975,4969.638,11
2018-08-07,70172.861,2923.8692083333335,5061.055,9
2018-08-08,61913.804000000004,2579.7418333333335,4400.13,8
2018-08-09,59477.797000000006,2478.2415416666668,4205.389,11
2018-08-10,51720.28200000001,2155.01175,2951.487,13
2018-08-11,64435.36899999999,2684.8070416666665,4950.121,19
2018-08-12,49805.520000000004,2075.23,3450.275,20
2018-08-13,56031.561,2334.648375,3526.948,10
2018-08-14,53242.47099999999,2218.4362916666664,3783.891,19
2018-08-15,60232.09199999999,2509.6704999999997,4148.593,20
2018-08-16,63239.504,2634.979333333333,4311.891,10
2018-08-17,52178.039000000004,2174.0849583333334,3584.076,19
2018-08-18,52949.349,2206.222875,4404.457,19
2018-08-19,52606.599,2191.941625,3880.901,19
2018-08-20,83920.505,3496.6877083333334,5614.215,18
2018-08-21,81678.881,3403.286708333333,5121.739,10
2018-08-22,84001.018,3500.0424166666667,5225.137,19
2018-08-23,78503.106,3270.96275,5182.377,9
2018-08-24,63815.92199999999,2658.99675,3931.868,7
2018-08-25,45266.792,1886.1163333333334,3536.538,19
2018-08-26,49824.841,2076.0350416666665,3670.766,19
2018-08-27,79518.506,3313.271083333333,5093.491,19
2018-08-28,76119.633,3171.651375,6097.186,9
2018-08-29,67800.505,2825.021041666667,4916.342,8
2018-08-30,79481.855,3311.743958333333,5596.049,9
2018-08-31,64275.259,2678.1357916666666,4517.674,7
2018-09-01,51323.134999999995,2138.4639583333333,3946.61,19
2018-09-02,66168.995,2757.041458333333,5360.309,19
2018-09-03,72609.419,3025.3924583333333,5287.672,9
2018-09-04,70501.546,2937.5644166666666,4644.108,10
2018-09-05,69164.841,2881.868375,4461.387,10
2018-09-06,56132.024,2338.8343333333332,3590.471,7
2018-09-07,56922.507,2371.7711249999998,3927.536,7
2018-09-08,61139.201,2547.4667083333334,4289.237,19
2018-09-09,49273.535,2053.0639583333336,3288.369,19
2018-09-10,67402.08,2808.42,4811.599,18
2018-09-11,83996.606,3499.858583333333,5683.012,18
2018-09-12,95788.988,3991.2078333333334,5203.427,18
2018-09-13,89618.943,3734.122625,5672.456,17
2018-09-14,76413.173,3183.882208333333,4703.463,14
2018-09-15,55399.15699999999,2308.298208333333,3518.498,11
2018-09-16,45984.499,1916.0207916666668,3849.329,19
2018-09-17,55177.538,2299.064083333333,3551.214,5
2018-09-18,70105.769,2921.0737083333333,3880.357,18
2018-09-19,92454.959,3852.2899583333333,5483.651,18
2018-09-20,86674.781,3611.4492083333334,5776.962,18
2018-09-21,82694.741,3445.614208333333,4676.15,11
2018-09-22,53079.047999999995,2211.627,3035.695,18
2018-09-23,42669.959,1777.9149583333335,2637.834,12
2018-09-24,58169.71799999999,2423.73825,4129.41,7
2018-09-25,57801.45300000001,2408.393875,4137.628,17
2018-09-26,53467.117,2227.7965416666666,4490.917,18
2018-09-27,69001.393,2875.0580416666667,5167.137,18
2018-09-28,58904.146,2454.3394166666667,3663.566,7
2018-09-29,39118.933,1629.9555416666665,2823.356,18
2018-09-30,38334.916,1597.2881666666665,2644.53,18
2018-10-01,34245.647,1426.9019583333331,2514.045,7
2018-10-02,34284.367,1428.5152916666666,3526.917,18
2018-10-03,62929.728,2622.072,4630.244,18
2018-10-04,51181.89,2132.57875,4069.495,8
2018-10-05,52212.76999999999,2175.532083333333,4141.258,18
2018-10-06,32994.717,1374.779875,3080.575,18
2018-10-07,19664.29,819.3454166666667,3256.21,18
2018-10-08,37916.15,1579.8395833333334,3611.544,18
2018-10-09,39726.513,1655.271375,3070.497,7
2018-10-10,42915.21,1788.13375,3581.097,8
2018-10-11,38266.320999999996,1594.4300416666665,2819.841,18
2018-10-12,39447.123,1643.630125,3161.678,18
2018-10-13,26245.933,1093.5805416666667,2877.945,18
2018-10-14,30099.473000000005,1254.1447083333335,2894.453,18
2018-10-15,51683.407,2153.4752916666666,3533.348,18
2018-10-16,78312.365,3263.0152083333337,5308.586,18
2018-10-17,73182.259,3049.260791666667,5493.606,7
2018-10-18,45909.647,1912.9019583333331,2884.005,7
2018-10-19,51024.469,2126.0195416666666,3928.591,18
2018-10-20,45382.144,1890.9226666666666,3534.691,18
2018-10-21,46806.127,1950.2552916666666,3547.493,17
2018-10-22,43697.49,1820.72875,3840.397,6
2018-10-23,43981.651,1832.5687916666666,4186.789,18
2018-10-24,52039.023,2168.292625,4101.122,18
2018-10-25,69354.987,2889.7911249999997,5342.93,18
2018-10-26,67610.967,2817.123625,5125.93,8
2018-10-27,39555.798,1648.1582500000002,3105.18,18
2018-10-28,30757.715,1281.5714583333333,2887.624,18
2018-10-29,36813.271,1533.8862916666667,3267.588,19
2018-10-30,67205.612,2800.233833333333,4519.051,8
2018-10-31,77589.28600000001,3232.886916666667,4880.272,8
2018-11-01,42415.476,1767.3115,2983.149,9
2018-11-02,48293.4,2012.2250000000001,3468.604,18
2018-11-03,48212.114,2008.8380833333333,3859.861,18
2018-11-04,43427.883,1809.4951250000001,3790.89,18
2018-11-05,58568.197,2440.3415416666667,3764.144,8
2018-11-06,49902.59,2079.2745833333333,4410.25,17
2018-11-07,59047.03899999999,2460.2932916666664,4191.904,18
2018-11-08,61732.35800000001,2572.1815833333335,4013.954,19
2018-11-09,65103.041,2712.626708333333,4725.246,17
2018-11-10,66511.871,2771.3279583333333,4441.88,17
2018-11-11,69719.947,2904.9977916666667,5875.722,20
2018-11-12,93346.32400000001,3889.430166666667,6550.902,18
2018-11-13,87190.562,3632.9400833333334,6744.614,18
2018-11-14,79079.029,3294.9595416666666,6205.774,17
2018-11-15,85673.219,3569.717458333333,6154.885,18
2018-11-16,87482.447,3645.101958333333,5550.878,18
2018-11-17,62531.485,2605.478541666667,4874.845,17
2018-11-18,58223.17,2425.9654166666664,4600.306,18
2018-11-19,94604.528,3941.8553333333334,5911.734,17
2018-11-20,81241.547,3385.0644583333337,5430.828,19
2018-11-21,79788.909,3324.537875,6503.556,19
2018-11-22,96023.903,4000.9959583333334,5808.279,18
2018-11-23,88686.615,3695.275625,5562.078,8
2018-11-24,66965.084,2790.2118333333333,4547.439,9
2018-11-25,68952.659,2873.0274583333335,5647.347,18
2018-11-26,85429.184,3559.549333333333,5943.147,19
2018-11-27,86204.449,3591.8520416666665,6195.919,18
2018-11-28,81436.23,3393.17625,5524.661,17
2018-11-29,86979.232,3624.134666666667,6216.371,18
2018-11-30,78722.399,3280.0999583333337,5758.201,18
2018-12-01,70977.221,2957.3842083333334,4411.363,19
2018-12-02,65714.751,2738.114625,5541.613,20
2018-12-03,90893.963,3787.2484583333335,6240.65,17
2018-12-04,106765.806,4448.57525,6553.307,17
2018-12-05,86522.338,3605.097416666667,4984.363,8
2018-12-06,75728.947,3155.3727916666667,4211.633,17
2018-12-07,60550.254,2522.92725,4373.162,18
2018-12-08,54891.345,2287.139375,3686.973,20
2018-12-09,53909.606999999996,2246.233625,3613.304,19
2018-12-10,67097.887,2795.7452916666666,5354.769,17
2018-12-11,94218.817,3925.7840416666663,6636.919,18
2018-12-12,103253.507,4302.229458333333,6983.892,10
2018-12-13,79474.014,3311.41725,5385.731,9
2018-12-14,81285.374,3386.8905833333333,5206.214,18
2018-12-15,70196.442,2924.85175,4429.251,18
2018-12-16,63395.91900000001,2641.496625,4373.944,19
2018-12-17,106452.917,4435.538208333333,6681.123,9
2018-12-18,88571.112,3690.4629999999997,5712.603,8
2018-12-19,89984.174,3749.340583333333,6666.244,17
2018-12-20,94646.143,3943.5892916666667,6032.424,8
2018-12-21,83719.297,3488.3040416666668,4540.832,18
2018-12-22,85644.496,3568.520666666667,5537.861,19
2018-12-23,79460.86,3310.869166666667,5421.13,20
2018-12-24,81530.781,3397.115875,5683.917,17
2018-12-25,66640.117,2776.6715416666666,5185.073,20
2018-12-26,87887.54,3661.980833333333,5717.696,18
2018-12-27,105547.084,4397.795166666667,7112.799,17
2018-12-28,82758.58899999999,3448.274541666666,5734.642,17
2018-12-29,67269.963,2802.915125,4256.333,18
2018-12-30,68333.447,2847.226958333333,5295.485,20
2018-12-31,73208.112,3050.3379999999997,5695.555,18
2019-01-01,52664.122,2194.338416666667,3767.053,19
2019-01-02,62002.551999999996,2583.4396666666667,4961.33,18
2019-01-03,83359.751,3473.3229583333336,5823.122,18
2019-01-04,95649.611,3985.4004583333335,6091.437,9
2019-01-05,56025.866,2334.4110833333334,4456.644,9
2019-01-06,42237.293,1759.8872083333333,3785.778,20
2019-01-07,66612.649,2775.5270416666667,5210.898,18
2019-01-08,67984.626,2832.69275,5198.93,18
2019-01-09,48579.625,2024.1510416666667,4196.215,18
2019-01-10,62320.344,2596.681,5881.151,19
2019-01-11,64605.568,2691.8986666666665,5464.688,18
2019-01-12,36141.011,1505.8754583333332,3622.837,19
2019-01-13,42760.818,1781.70075,4903.846,19
2019-01-14,53197.52900000001,2216.5637083333336,5221.725,18
2019-01-15,83308.712,3471.1963333333333,6371.431,18
2019-01-16,82179.806,3424.1585833333334,5635.384,17
2019-01-17,73607.145,3066.964375,6158.625,18
2019-01-18,102101.959,4254.248291666667,6746.368,18
2019-01-19,67306.159,2804.4232916666665,5029.154,18
2019-01-20,47494.992,1978.9579999999999,4055.496,18
2019-01-21,91642.295,3818.4289583333334,7045.517,19
2019-01-22,76051.697,3168.820708333333,5341.195,9
2019-01-23,64452.909,2685.537875,4869.345,19
2019-01-24,72284.928,3011.872,5319.332,19
2019-01-25,76329.221,3180.3842083333334,4980.437,8
2019-01-26,68774.775,2865.615625,4554.689,18
2019-01-27,54702.724,2279.280166666667,3306.598,19
2019-01-28,76536.412,3189.0171666666665,5903.63,18
2019-01-29,79000.682,3291.6950833333335,4748.747,18
2019-01-30,86261.203,3594.2167916666663,5465.239,8
2019-01-31,91983.583,3832.6492916666666,5190.616,19
2019-02-01,104863.155,4369.298125,5236.7,9
2019-02-02,103556.495,4314.853958333333,5582.482,18
2019-02-03,103511.421,4312.975875,5512.996,20
2019-02-04,112858.68100000001,4702.445041666667,7300.981,18
2019-02-05,113391.73,4724.6554166666665,6167.056,7
2019-02-06,103757.21000000002,4323.217083333334,5880.835,8
2019-02-07,105439.761,4393.323375,6419.558,19
2019-02-08,95079.168,3961.632,5376.643,8
2019-02-09,88607.637,3691.984875,5519.487,9
2019-02-10,76865.282,3202.7200833333336,5287.054,19
2019-02-11,86860.006,3619.1669166666666,5204.725,19
2019-02-12,102847.5,4285.3125,6018.767,19
2019-02-13,102001.41699999999,4250.059041666666,6315.456,7
2019-02-14,85202.103,3550.087625,5911.2,19
2019-02-15,90619.281,3775.803375,5725.941,19
2019-02-16,75900.876,3162.5365,5327.096,19
2019-02-17,66489.55,2770.397916666667,5832.092,19
2019-02-18,92414.718,3850.61325,6683.317,19
2019-02-19,102592.977,4274.707375,6777.044,19
2019-02-20,83931.419,3497.1424583333333,6445.972,19
2019-02-21,76462.202,3185.9250833333335,6284.323,19
2019-02-22,72942.588,3039.2745,5405.904,19
2019-02-23,61510.891,2562.953791666667,4450.48,19
2019-02-24,64588.292,2691.1788333333334,5391.182,20
2019-02-25,89879.077,3744.961541666667,6505.41,19
2019-02-26,72024.659,3001.0274583333335,5659.3,19
2019-02-27,77141.38,3214.224166666667,6568.249,19
2019-02-28,70419.691,2934.153791666667,5259.099,19
2019-03-01,77580.75,3232.53125,5006.866,8
2019-03-02,63581.583,2649.232625,4828.026,19
2019-03-03,46768.365,1948.681875,3161.02,19
2019-03-04,57292.709,2387.1962083333333,4927.662,19
2019-03-05,57236.296,2384.8456666666666,3879.331,8
2019-03-06,59548.138000000006,2481.172416666667,3808.918,20
2019-03-07,77376.071,3224.002958333333,6250.573,19
2019-03-08,97104.276,4046.0115,5591.993,19
2019-03-09,94282.217,3928.4257083333337,5332.539,19
2019-03-10,66818.032,2784.084666666667,5173.079,19
2019-03-11,95342.052,3972.5854999999997,6737.211,19
2019-03-12,81730.558,3405.4399166666667,5216.551,19
2019-03-13,68102.463,2837.602625,5560.743,19
2019-03-14,85141.654,3547.5689166666666,6166.375,19
2019-03-15,101089.661,4212.069208333333,5730.846,19
2019-03-16,73204.276,3050.1781666666666,5208.364,0
2019-03-17,41763.748,1740.1561666666666,3318.951,19
2019-03-18,63065.72,2627.7383333333332,4874.437,19
2019-03-19,63882.993,2661.7913750000002,4905.359,19
2019-03-20,64633.011,2693.042125,4822.822,19
2019-03-21,84160.646,3506.693583333333,5928.676,19
2019-03-22,105059.226,4377.46775,6153.568,19
2019-03-23,72673.302,3028.0542499999997,5166.319,19
2019-03-24,46828.103,1951.1709583333334,4173.899,19
2019-03-25,47785.892,1991.0788333333333,3378.771,8
2019-03-26,44130.967,1838.7902916666665,3945.318,19
2019-03-27,49496.879,2062.369958333333,3811.957,19
2019-03-28,61875.18800000001,2578.1328333333336,4094.481,19
2019-03-29,72052.764,3002.1985,4675.422,7
2019-03-30,51025.221999999994,2126.0509166666666,3673.133,20
2019-03-31,64588.212,2691.1755,4888.332,19
2019-04-01,89046.9,3710.2875,5607.525,9
2019-04-02,81338.35399999999,3389.098083333333,4725.272,7
2019-04-03,63048.72,2627.03,5039.225,7
2019-04-04,64025.227,2667.7177916666665,5874.486,7
2019-04-05,72858.251,3035.7604583333336,5429.691,7
2019-04-06,56886.820999999996,2370.284208333333,3572.29,20
2019-04-07,49443.72,2060.155,3944.275,19
2019-04-08,59572.378,2482.1824166666665,4627.598,7
2019-04-09,55378.598,2307.4415833333333,3901.316,19
2019-04-10,59297.988,2470.7495,3553.003,19
2019-04-11,66425.213,2767.7172083333335,3634.4,19
2019-04-12,67147.482,2797.8117500000003,4134.988,7
2019-04-13,53988.875,2249.5364583333335,4026.472,19
2019-04-14,50792.436,2116.3515,4021.285,19
2019-04-15,58088.985,2420.374375,4185.218,6
2019-04-16,66657.876,2777.4115,4508.501,7
2019-04-17,75572.851,3148.8687916666663,4397.054,7
2019-04-18,72524.599,3021.858291666667,4683.914,10
2019-04-19,50697.512,2112.3963333333336,3010.692,7
2019-04-20,48120.167,2005.0069583333334,2763.931,19
2019-04-21,58526.065,2438.586041666667,4259.814,19
2019-04-22,57279.059,2386.6274583333334,3391.901,19
2019-04-23,60962.761,2540.1150416666665,3940.653,19
2019-04-24,59033.472,2459.728,3777.467,7
2019-04-25,61639.334,2568.3055833333333,3961.538,19
2019-04-26,75459.781,3144.157541666667,4629.826,19
2019-04-27,70683.631,2945.1512916666666,3628.771,19
2019-04-28,62813.118,2617.2132500000002,3593.901,20
2019-04-29,80433.978,3351.41575,4371.228,7
2019-04-30,79790.479,3324.603291666667,4995.798,7
2019-05-01,62957.197,2623.2165416666667,3251.96,0
2019-05-02,60337.253,2514.052208333333,3347.264,19
2019-05-03,63196.883,2633.2034583333334,3509.725,6
2019-05-04,60153.78,2506.4075,3581.231,7
2019-05-05,54289.352,2262.0563333333334,4064.618,20
2019-05-06,75292.811,3137.2004583333332,6404.118,6
2019-05-07,62176.20700000001,2590.675291666667,5437.284,18
2019-05-08,55353.307,2306.3877916666665,3260.624,7
2019-05-09,63501.027,2645.8761250000002,3579.838,6
2019-05-10,74950.507,3122.9377916666667,4507.083,6
2019-05-11,62195.545,2591.4810416666664,3739.004,8
2019-05-12,54697.115,2279.0464583333332,3490.313,19
2019-05-13,60278.64200000001,2511.6100833333335,3467.401,10
2019-05-14,67588.823,2816.2009583333333,4403.713,19
2019-05-15,66938.322,2789.09675,3389.722,19
2019-05-16,61994.733,2583.113875,3924.791,7
2019-05-17,63107.528000000006,2629.4803333333334,3940.829,20
2019-05-18,58529.488,2438.7286666666664,3286.006,19
2019-05-19,53830.767,2242.948625,3573.395,20
2019-05-20,68427.556,2851.1481666666664,4419.042,7
2019-05-21,71177.515,2965.7297916666666,4367.524,6
2019-05-22,69550.89199999999,2897.953833333333,3718.622,20
2019-05-23,62635.299,2609.804125,3864.822,7
2019-05-24,63024.072,2626.003,4159.232,8
2019-05-25,60569.525,2523.7302083333334,4003.569,19
2019-05-26,57829.68699999999,2409.5702916666664,4238.287,19
2019-05-27,61524.39600000001,2563.5165,3869.184,8
2019-05-28,56499.023,2354.1259583333335,3190.053,8
2019-05-29,57313.016,2388.0423333333333,3664.006,19
2019-05-30,57809.5,2408.7291666666665,3229.976,11
2019-05-31,66737.333,2780.722208333333,3498.738,11
2019-06-01,54615.512,2275.6463333333336,2831.383,0
2019-06-02,50826.386,2117.7660833333334,4167.17,19
2019-06-03,60270.591,2511.274625,3587.979,8
2019-06-04,52110.235,2171.259791666667,2960.798,9
2019-06-05,58639.513000000006,2443.313041666667,4445.487,20
2019-06-06,53395.781,2224.8242083333334,3703.168,6
2019-06-07,63163.522,2631.8134166666664,3850.437,20
2019-06-08,47776.224,1990.6760000000002,2772.955,20
2019-06-09,50035.682,2084.8200833333335,3343.265,10
2019-06-10,49207.448000000004,2050.3103333333333,2863.091,10
2019-06-11,54638.834,2276.6180833333333,3912.71,6
2019-06-12,54269.257,2261.2190416666667,4045.332,7
2019-06-13,44969.009,1873.7087083333333,2802.423,7
2019-06-14,47874.672,1994.778,3936.603,7
2019-06-15,47278.525,1969.9385416666667,3477.081,19
2019-06-16,48407.707,2016.9877916666667,3199.23,10
2019-06-17,55769.77099999999,2323.740458333333,3382.656,8
2019-06-18,44695.612,1862.3171666666667,3218.092,7
2019-06-19,63465.061,2644.3775416666667,3973.315,10
2019-06-20,54754.272,2281.428,3862.979,10
2019-06-21,62867.21800000001,2619.467416666667,3612.871,8
2019-06-22,48638.942,2026.6225833333335,3397.235,20
2019-06-23,47510.556,1979.6064999999999,3378.892,18
2019-06-24,54226.356,2259.4315,3610.395,20
2019-06-25,65734.381,2738.9325416666666,4404.05,8
2019-06-26,61882.89,2578.45375,4265.036,7
2019-06-27,58497.77399999999,2437.4072499999997,3844.458,19
2019-06-28,67028.924,2792.871833333333,4016.592,10
2019-06-29,51410.679000000004,2142.111625,3145.649,11
2019-06-30,50385.967000000004,2099.4152916666667,3696.908,20
2019-07-01,59408.715,2475.363125,5259.297,8
2019-07-02,56529.487,2355.3952916666667,3610.21,11
2019-07-03,58147.652,2422.8188333333333,4430.775,11
2019-07-04,60017.12000000001,2500.7133333333336,4025.177,11
2019-07-05,74547.98,3106.165833333333,4986.394,10
2019-07-06,46507.487,1937.8119583333335,3154.577,11
2019-07-07,40594.76,1691.4483333333335,2484.556,11
2019-07-08,42819.216,1784.134,2980.565,10
2019-07-09,44552.202,1856.3417499999998,3291.192,10
2019-07-10,50693.95,2112.2479166666667,3587.547,11
2019-07-11,64467.952999999994,2686.1647083333332,3776.605,12
2019-07-12,78030.853,3251.2855416666666,5296.213,11
2019-07-13,40809.856,1700.4106666666667,2631.202,11
2019-07-14,34952.18,1456.3408333333334,2756.043,20
2019-07-15,51672.011,2153.0004583333334,3363.774,10
2019-07-16,57416.701,2392.362541666667,4105.172,10
2019-07-17,55658.242,2319.0934166666666,4414.226,9
2019-07-18,52765.20599999999,2198.55025,3567.654,11
2019-07-19,54244.19500000001,2260.174791666667,3885.411,10
2019-07-20,44078.868,1836.6195,3405.763,10
2019-07-21,39197.596,1633.2331666666666,2343.713,21
2019-07-22,54417.043999999994,2267.3768333333333,3868.377,11
2019-07-23,63247.129,2635.2970416666667,4068.173,19
2019-07-24,66305.069,2762.7112083333336,4428.861,8
2019-07-25,57078.057,2378.252375,4098.533,9
2019-07-26,48082.331,2003.4304583333333,3605.536,8
2019-07-27,33477.094,1394.8789166666666,2260.778,10
2019-07-28,34889.349,1453.7228750000002,2483.745,20
2019-07-29,39737.04,1655.71,2848.026,8
2019-07-30,38495.618,1603.9840833333335,2940.865,10
2019-07-31,37031.185,1542.9660416666666,2854.315,10
2019-08-01,40010.368,1667.0986666666668,3143.186,11
2019-08-02,40943.957,1705.9982083333334,2804.163,11
2019-08-03,33258.239,1385.7599583333333,1857.235,10
2019-08-04,34234.315,1426.4297916666667,2236.912,20
2019-08-05,40374.664,1682.2776666666666,2801.632,10
2019-08-06,44529.609000000004,1855.4003750000002,3185.882,19
2019-08-07,43291.655,1803.8189583333333,3026.437,8
2019-08-08,37065.012,1544.3755,2665.708,10
2019-08-09,39519.582,1646.6492500000002,2681.642,20
2019-08-10,37067.155,1544.4647916666665,2502.338,10
2019-08-11,30121.56,1255.065,2099.248,20
2019-08-12,31916.769,1329.865375,2182.883,11
2019-08-13,37672.178,1569.6740833333333,2731.122,19
2019-08-14,40762.22,1698.4258333333335,2646.927,19
2019-08-15,34385.101,1432.7125416666668,2426.563,20
2019-08-16,38448.55,1602.0229166666668,2283.985,19
2019-08-17,34390.968,1432.957,2316.398,8
2019-08-18,33707.358,1404.47325,2230.969,10
2019-08-19,39038.762,1626.6150833333334,2838.504,11
2019-08-20,38264.785,1594.366041666667,2200.726,11
2019-08-21,38319.111,1596.6296249999998,2559.333,11
2019-08-22,42337.013,1764.0422083333333,3047.808,19
2019-08-23,43753.315,1823.0547916666667,2751.807,10
2019-08-24,34974.908,1457.2878333333335,2589.718,19
2019-08-25,29901.625,1245.9010416666667,2305.635,20
2019-08-26,46637.765,1943.2402083333334,3489.423,10
2019-08-27,54406.69899999999,2266.9457916666665,4155.588,19
2019-08-28,51056.05900000001,2127.335791666667,4384.639,18
2019-08-29,59814.226,2492.2594166666668,3768.435,8
2019-08-30,57832.991,2409.7079583333334,3619.335,8
2019-08-31,47758.228,1989.9261666666669,3795.619,19
2019-09-01,29777.934,1240.7472500000001,1895.49,10
2019-09-02,38791.864,1616.3276666666668,2884.516,18
2019-09-03,55846.713,2326.946375,3917.099,19
2019-09-04,52307.416,2179.4756666666667,3656.446,9
2019-09-05,32258.483,1344.1034583333333,2760.281,19
2019-09-06,30384.166,1266.0069166666667,2197.905,18
2019-09-07,28895.613000000005,1203.9838750000001,2030.329,18
2019-09-08,30615.467000000004,1275.6444583333334,2347.726,19
2019-09-09,48404.537000000004,2016.8557083333335,2985.047,7
2019-09-10,39095.923,1628.9967916666667,3065.853,7
2019-09-11,42453.003000000004,1768.8751250000003,3839.204,18
2019-09-12,52707.069,2196.127875,3657.19,18
2019-09-13,43984.442,1832.6850833333335,3411.361,7
2019-09-14,29010.771999999997,1208.7821666666666,3035.16,19
2019-09-15,28427.571,1184.482125,2475.087,19
2019-09-16,69082.423,2878.4342916666665,4700.048,19
2019-09-17,62215.68000000001,2592.32,3341.986,11
2019-09-18,52862.81,2202.617083333333,3020.245,7
2019-09-19,55817.17,2325.7154166666664,4328.086,18
2019-09-20,39995.027,1666.4594583333335,2654.489,7
2019-09-21,29978.277000000002,1249.094875,2082.39,8
2019-09-22,31226.532,1301.1055,2624.76,19
2019-09-23,39559.745,1648.3227083333334,3470.891,18
2019-09-24,36104.675,1504.3614583333335,3193.508,18
2019-09-25,40567.965,1690.3318749999999,3575.758,18
2019-09-26,41159.655,1714.985625,3400.081,19
2019-09-27,38846.878,1618.6199166666665,2596.138,18
2019-09-28,30858.742000000006,1285.7809166666668,1973.126,18
2019-09-29,29413.629,1225.567875,3263.892,18
2019-09-30,43532.759,1813.8649583333333,3768.489,18
2019-10-01,32079.89,1336.6620833333334,2519.74,18
2019-10-02,26870.57,1119.6070833333333,1926.813,8
2019-10-03,30524.196,1271.8415,2650.441,17
2019-10-04,35944.635,1497.693125,2469.331,18
2019-10-05,22978.832000000002,957.4513333333334,1886.557,18
2019-10-06,23510.294,979.5955833333334,2357.99,18
2019-10-07,29744.475999999995,1239.3531666666665,2694.594,18
2019-10-08,32015.443,1333.9767916666667,2571.45,18
2019-10-09,25759.305999999997,1073.3044166666666,1853.235,18
2019-10-10,27852.112,1160.5046666666667,2361.323,18
2019-10-11,23791.193,991.2997083333333,1739.447,18
2019-10-12,17110.353,712.931375,1434.941,19
2019-10-13,16587.8,691.1583333333333,1796.329,19
2019-10-14,19877.006999999998,828.2086249999999,1504.052,8
2019-10-15,24483.038,1020.1265833333333,2163.31,18
2019-10-16,27167.133,1131.9638750000001,2566.793,17
2019-10-17,37496.736,1562.3639999999998,3428.92,18
2019-10-18,36484.876000000004,1520.203166666667,2854.11,8
2019-10-19,29130.424,1213.7676666666666,1883.313,7
2019-10-20,41459.343,1727.472625,3061.649,19
2019-10-21,64186.59299999999,2674.441375,4684.724,18
2019-10-22,57896.137,2412.3390416666666,3787.53,17
2019-10-23,56588.994999999995,2357.8747916666666,4348.286,8
2019-10-24,52861.015,2202.5422916666666,3909.079,18
2019-10-25,45653.306000000004,1902.2210833333336,3180.085,18
2019-10-26,37920.191999999995,1580.0079999999998,2906.249,19
2019-10-27,38418.842,1600.7850833333332,3303.102,20
2019-10-28,51579.795,2149.158125,4182.387,18
2019-10-29,57105.12,2379.38,4533.599,18
2019-10-30,53393.48599999999,2224.728583333333,3998.884,18
2019-10-31,44521.911,1855.079625,3086.079,17
2019-11-01,27754.987,1156.4577916666667,1953.791,18
2019-11-02,29308.881,1221.203375,2337.657,17
2019-11-03,35101.481,1462.5617083333334,2730.923,19
2019-11-04,45208.188,1883.6745,2973.041,18
2019-11-05,51346.68000000001,2139.445,3388.293,19
2019-11-06,73450.52,3060.4383333333335,4553.058,17
2019-11-07,74181.521,3090.896708333333,4519.868,19
2019-11-08,75888.229,3162.009541666667,5049.019,7
2019-11-09,76874.262,3203.09425,4241.979,17
2019-11-10,76644.081,3193.5033750000002,4707.773,20
2019-11-11,80492.438,3353.851583333333,4428.593,8
2019-11-12,84332.297,3513.8457083333337,6007.066,7
2019-11-13,91343.713,3805.988041666667,4923.934,17
2019-11-14,100362.1,4181.754166666667,5462.876,17
2019-11-15,97053.459,4043.8941250000003,5663.628,18
2019-11-16,93473.96,3894.7483333333334,5061.956,9
2019-11-17,89665.328,3736.0553333333332,5043.022,19
2019-11-18,98259.79,4094.1579166666666,6188.437,18
2019-11-19,113063.94999999998,4710.997916666666,7702.297,19
2019-11-20,119990.255,4999.593958333334,7386.74,18
2019-11-21,118876.161,4953.173374999999,7311.454,17
2019-11-22,96996.602,4041.5250833333334,4995.784,8
2019-11-23,104932.29000000001,4372.17875,5340.711,17
2019-11-24,106847.62,4451.984166666666,5637.153,18
2019-11-25,115080.894,4795.03725,5868.784,19
2019-11-26,109439.538,4559.98075,5443.37,17
2019-11-27,111402.576,4641.774,5884.044,18
2019-11-28,120893.19200000001,5037.216333333334,5847.544,17
2019-11-29,131434.908,5476.4545,6867.058,18
2019-11-30,116146.75999999998,4839.448333333333,5871.587,18
2019-12-01,122685.241,5111.885041666666,6315.89,17
2019-12-02,123066.756,5127.7815,6398.027,19
2019-12-03,141131.23,5880.467916666667,7584.049,19
2019-12-04,154342.636,6430.943166666667,7578.079,12
2019-12-05,154918.54,6454.939166666667,7753.575,19
2019-12-06,142517.331,5938.222125,7033.871,17
2019-12-07,135509.683,5646.236791666666,6933.519,19
2019-12-08,119318.29699999999,4971.595708333333,6192.587,19
2019-12-09,118799.44700000001,4949.976958333334,6644.648,17
2019-12-10,128228.74799999999,5342.8645,6748.522,17
2019-12-11,119027.421,4959.475875,6502.644,7
2019-12-12,109030.044,4542.9185,5451.523,19
2019-12-13,117281.68300000002,4886.736791666667,6001.832,20
2019-12-14,122269.187,5094.549458333334,5787.492,17
2019-12-15,118416.15600000002,4934.0065,6345.439,16
2019-12-16,139442.726,5810.113583333333,7043.627,19
2019-12-17,155077.758,6461.57325,7528.879,8
2019-12-18,157357.245,6556.551875,7774.324,8
2019-12-19,158835.067,6618.127791666667,7530.687,23
2019-12-20,178346.245,7431.093541666666,7893.342,9
2019-12-21,178361.405,7431.725208333333,8187.033,19
2019-12-22,167512.502,6979.687583333333,7516.104,19
2019-12-23,175286.783,7303.615958333333,7835.984,19
2019-12-24,179407.625,7475.317708333333,7946.41,17
2019-12-25,177840.736,7410.030666666667,8057.952,19
2019-12-26,179798.799,7491.616625,8095.96,19
2019-12-27,183313.077,7638.044875,8431.988,19
2019-12-28,180001.404,7500.0585,8498.426,19
2019-12-29,169325.959,7055.248291666667,7725.364,18
2019-12-30,168829.104,7034.545999999999,7853.171,19
2019-12-31,165754.476,6906.4365,7574.682,18
2020-01-01,150992.491,6291.353791666667,7768.094,20
2020-01-02,159744.716,6656.029833333333,7749.721,18
2020-01-03,151061.808,6294.241999999999,7792.829,9
2020-01-04,139840.741,5826.697541666667,7083.28,19
2020-01-05,126626.75700000001,5276.114875,6630.276,19
2020-01-06,130240.38,5426.6825,6862.567,19
2020-01-07,146053.538,6085.564083333334,7532.855,19
2020-01-08,148290.405,6178.766875,7977.374,19
2020-01-09,131727.786,5488.657749999999,8158.928,19
2020-01-10,137236.778,5718.199083333333,7476.348,17
2020-01-11,110497.07800000001,4604.044916666667,6875.506,19
2020-01-12,108376.204,4515.675166666667,7147.407,19
2020-01-13,132178.16,5507.423333333333,7799.689,19
2020-01-14,126409.97199999998,5267.082166666666,7234.978,7
2020-01-15,110726.861,4613.6192083333335,6490.567,18
2020-01-16,103651.93099999998,4318.830458333333,6195.922,7
2020-01-17,98023.81599999999,4084.325666666666,6166.806,19
2020-01-18,78886.612,3286.9421666666663,4173.457,18
2020-01-19,82714.527,3446.4386250000002,5153.775,20
2020-01-20,108398.45199999999,4516.602166666667,6594.527,18
2020-01-21,111977.36,4665.723333333333,7594.168,19
2020-01-22,144189.626,6007.901083333333,8088.254,18
2020-01-23,139865.467,5827.727791666667,7652.412,18
2020-01-24,144705.204,6029.3835,8207.123,9
2020-01-25,128705.90099999998,5362.745875,7089.923,20
2020-01-26,95782.041,3990.9183749999997,6277.852,19
2020-01-27,92115.573,3838.1488750000003,5478.75,18
2020-01-28,104087.15300000002,4336.964708333334,6575.597,19
2020-01-29,100769.96800000002,4198.748666666667,6300.185,8
2020-01-30,87549.553,3647.898041666667,5229.828,19
2020-01-31,94251.214,3927.133916666667,5849.783,7
2020-02-01,83872.879,3494.7032916666667,5533.693,20
2020-02-02,82766.817,3448.617375,5618.106,19
2020-02-03,92718.931,3863.2887916666664,6413.965,19
2020-02-04,84185.537,3507.730708333333,5516.526,8
2020-02-05,101274.62100000001,4219.775875,6597.145,19
2020-02-06,118941.19099999999,4955.882958333333,7513.257,18
2020-02-07,131327.315,5471.971458333333,7840.025,7
2020-02-08,109596.98800000001,4566.541166666667,6551.399,19
2020-02-09,78762.68400000001,3281.7785000000003,5963.959,19
2020-02-10,92895.691,3870.653791666667,6712.751,19
2020-02-11,121793.834,5074.743083333334,7811.564,19
2020-02-12,141347.093,5889.462208333333,7332.42,19
2020-02-13,100645.21600000001,4193.550666666667,6404.496,20
2020-02-14,129776.889,5407.3703749999995,7821.374,19
2020-02-15,79416.39,3309.01625,5767.118,19
2020-02-16,63542.415,2647.600625,4705.672,20
2020-02-17,88482.154,3686.7564166666666,6206.069,19
2020-02-18,111951.03400000001,4664.626416666667,6727.774,19
2020-02-19,120179.573,5007.482208333334,8544.265,19
2020-02-20,119308.418,4971.184083333334,7835.554,19
2020-02-21,112037.03,4668.209583333333,7340.791,19
2020-02-22,99124.01799999998,4130.167416666666,6818.644,19
2020-02-23,83087.035,3461.9597916666667,5841.692,20
2020-02-24,111357.245,4639.885208333333,6866.298,19
2020-02-25,76592.83,3191.3679166666666,5449.537,19
2020-02-26,86751.491,3614.645458333333,6963.08,19
2020-02-27,75423.77100000001,3142.657125,6831.292,19
2020-02-28,90201.976,3758.4156666666663,6014.536,7
2020-02-29,50212.808999999994,2092.200375,3219.962,19
2020-03-01,56278.556,2344.9398333333334,3962.21,19
2020-03-02,89386.512,3724.438,5844.779,19
2020-03-03,90830.22,3784.5925,6197.958,19
2020-03-04,99971.01299999998,4165.458874999999,6087.047,19
2020-03-05,89245.037,3718.543208333333,5345.778,18
2020-03-06,97852.001,4077.1667083333336,5805.11,19
2020-03-07,99961.862,4165.077583333333,5900.747,18
2020-03-08,95940.168,3997.507,6572.911,18
2020-03-09,116473.214,4853.050583333334,7228.504,19
2020-03-10,127798.266,5324.92775,7883.792,19
2020-03-11,132848.242,5535.343416666667,8418.279,19
2020-03-12,129901.862,5412.577583333333,6396.206,6
2020-03-13,112805.84399999998,4700.2435,7330.888,19
2020-03-14,111884.931,4661.872125,6850.557,19
2020-03-15,78880.7,3286.695833333333,5223.227,20
2020-03-16,103099.104,4295.796,6512.711,19
2020-03-17,103367.28400000001,4306.970166666667,6326.911,18
2020-03-18,134835.157,5618.131541666667,7726.302,19
2020-03-19,121075.698,5044.82075,6924.792,18
2020-03-20,119367.04799999998,4973.6269999999995,6871.194,20
2020-03-21,108672.656,4528.027333333333,7061.907,19
2020-03-22,99571.725,4148.821875000001,6322.512,20
2020-03-23,107982.00200000001,4499.250083333333,6858.746,19
2020-03-24,104581.68000000002,4357.570000000001,6762.231,19
2020-03-25,123993.89600000001,5166.412333333334,7110.0,19
2020-03-26,81741.657,3405.902375,6096.726,19
2020-03-27,105546.885,4397.786875,7460.941,19
2020-03-28,101439.53100000002,4226.647125,6700.485,19
2020-03-29,49816.80099999999,2075.7000416666665,3265.95,0
2020-03-30,57470.383,2394.599291666667,4435.011,19
2020-03-31,63668.051999999996,2652.8354999999997,5220.791,19
2020-04-01,90967.426,3790.309416666667,6216.483,19
2020-04-02,74113.162,3088.0484166666665,4710.509,19
2020-04-03,82677.939,3444.914125,6503.077,19
2020-04-04,45731.136999999995,1905.4640416666664,3048.321,0
2020-04-05,51584.948000000004,2149.3728333333333,3753.084,19
2020-04-06,81429.059,3392.877458333333,6413.497,19
2020-04-07,83703.287,3487.636958333333,5447.398,19
2020-04-08,77164.09,3215.1704166666664,5304.152,19
2020-04-09,67535.577,2813.982375,4818.946,19
2020-04-10,65468.652,2727.8605000000002,4115.333,19
2020-04-11,68989.058,2874.5440833333337,4679.393,19
2020-04-12,57478.437999999995,2394.9349166666666,3783.662,19
2020-04-13,68389.338,2849.55575,4762.438,19
2020-04-14,79746.861,3322.785875,5551.443,19
2020-04-15,77541.922,3230.9134166666668,5161.925,19
2020-04-16,81213.436,3383.8931666666667,5590.537,19
2020-04-17,104283.28700000001,4345.1369583333335,7445.351,19
2020-04-18,109388.75700000001,4557.864875,6468.094,20
2020-04-19,100491.321,4187.1383749999995,5472.787,19
2020-04-20,110478.584,4603.274333333334,6838.364,19
2020-04-21,117321.445,4888.393541666667,5824.272,19
2020-04-22,127161.236,5298.3848333333335,7804.785,19
2020-04-23,151929.337,6330.389041666666,8178.62,19
2020-04-24,143760.896,5990.037333333334,7431.712,19
2020-04-25,135342.906,5639.2877499999995,7247.146,19
2020-04-26,132074.318,5503.096583333333,8057.733,20
2020-04-27,146873.346,6119.72275,7703.908,19
2020-04-28,133706.96,5571.123333333333,7088.504,20
2020-04-29,108779.674,4532.486416666667,6343.814,19
2020-04-30,89360.885,3723.3702083333333,5166.844,19
2020-05-01,73214.386,3050.5994166666665,4890.069,19
2020-05-02,95772.598,3990.5249166666667,6449.951,20
2020-05-03,86291.973,3595.4988749999998,5876.62,20
2020-05-04,81410.927,3392.121958333333,5029.196,20
2020-05-05,128907.31100000002,5371.137958333334,7883.579,19
2020-05-06,130682.123,5445.088458333334,7884.515,19
2020-05-07,117604.00899999999,4900.167041666667,6879.466,19
2020-05-08,111235.549,4634.814541666667,6860.764,19
2020-05-09,92160.122,3840.0050833333335,5610.739,20
2020-05-10,83370.497,3473.7707083333335,5423.42,19
2020-05-11,96234.358,4009.7649166666665,6459.241,20
2020-05-12,141235.004,5884.791833333333,7212.244,17
2020-05-13,134285.998,5595.249916666667,7386.461,19
2020-05-14,102236.595,4259.858125,6224.009,19
2020-05-15,103886.02099999998,4328.584208333333,5658.799,20
2020-05-16,90313.897,3763.0790416666664,5419.89,19
2020-05-17,83306.85800000001,3471.1190833333335,5962.545,20
2020-05-18,90161.201,3756.7167083333334,5639.556,19
2020-05-19,78601.74,3275.0725,5134.152,19
2020-05-20,81143.94499999999,3380.997708333333,4802.275,19
2020-05-21,91915.374,3829.80725,5742.586,20
2020-05-22,102259.777,4260.824041666667,5389.187,20
2020-05-23,64677.856,2694.9106666666667,3501.011,0
2020-05-24,65783.81,2740.992083333333,4670.546,20
2020-05-25,70116.76,2921.5316666666663,3934.009,7
2020-05-26,63116.471000000005,2629.8529583333334,3535.952,19
2020-05-27,70397.019,2933.209125,4333.344,19
2020-05-28,81682.868,3403.4528333333333,5783.25,19
2020-05-29,98355.59399999998,4098.14975,4992.543,5
2020-05-30,77231.275,3217.9697916666664,4732.061,19
2020-05-31,73336.189,3055.6745416666668,5067.992,20
2020-06-01,104668.58799999999,4361.1911666666665,6757.451,19
2020-06-02,110490.59999999999,4603.775,5905.297,19
2020-06-03,89219.229,3717.4678750000003,5351.241,6
2020-06-04,83218.355,3467.431458333333,4798.283,6
2020-06-05,85701.879,3570.911625,5687.364,20
2020-06-06,65824.094,2742.670583333333,3284.026,0
2020-06-07,59781.702000000005,2490.90425,3029.286,20
2020-06-08,64079.913,2669.996375,3548.711,20
2020-06-09,73596.318,3066.51325,4255.825,19
2020-06-10,77652.668,3235.5278333333335,4295.437,6
2020-06-11,61666.62599999999,2569.4427499999997,3239.187,6
2020-06-12,68353.14,2848.0475,3623.301,19
2020-06-13,63761.546,2656.7310833333336,3882.008,19
2020-06-14,59009.53,2458.7304166666668,3795.071,20
2020-06-15,72662.224,3027.592666666667,4944.306,19
2020-06-16,74413.926,3100.5802500000004,5294.769,7
2020-06-17,83482.37700000001,3478.4323750000003,5006.593,6
2020-06-18,75056.224,3127.342666666667,4595.04,7
2020-06-19,73230.96,3051.2900000000004,4648.226,6
2020-06-20,56336.01699999999,2347.3340416666665,3587.0,20
2020-06-21,50867.376000000004,2119.474,3250.622,20
2020-06-22,70273.744,2928.072666666667,5176.499,18
2020-06-23,88862.502,3702.60425,6317.244,19
2020-06-24,74080.163,3086.673458333333,5176.256,18
2020-06-25,84696.078,3529.0032499999998,5538.258,6
2020-06-26,83077.177,3461.5490416666667,5087.121,18
2020-06-27,70735.524,2947.3135,5163.874,20
2020-06-28,64853.925,2702.2468750000003,4480.46,20
2020-06-29,79187.289,3299.4703750000003,5488.125,10
2020-06-30,95568.439,3982.0182916666668,5716.897,19
2020-07-01,87293.395,3637.224791666667,4781.513,7
2020-07-02,73790.92,3074.6216666666664,5512.119,8
2020-07-03,52055.663,2168.985958333333,3046.391,8
2020-07-04,44894.528,1870.6053333333332,2781.233,19
2020-07-05,45528.557,1897.0232083333333,2913.642,19
2020-07-06,55193.213,2299.7172083333335,3823.03,18
2020-07-07,62984.729,2624.3637083333333,5348.05,18
2020-07-08,62033.272,2584.7196666666664,3663.469,11
2020-07-09,57842.362,2410.0984166666667,3820.536,10
2020-07-10,51294.072,2137.253,3050.767,8
2020-07-11,47950.182,1997.92425,3690.751,19
2020-07-12,39459.914,1644.1630833333331,2961.405,19
2020-07-13,53863.682,2244.3200833333335,3250.175,19
2020-07-14,52401.936,2183.414,3280.666,7
2020-07-15,52264.436,2177.6848333333332,3713.22,17
2020-07-16,52370.659,2182.1107916666665,3058.44,19
2020-07-17,55634.80100000001,2318.1167083333335,3953.013,19
2020-07-18,50836.191000000006,2118.174625,3948.375,19
2020-07-19,41055.829,1710.6595416666667,3469.19,20
2020-07-20,56834.489,2368.1037083333335,3817.399,19
2020-07-21,49753.783,2073.074291666667,3693.774,18
2020-07-22,60492.98199999999,2520.5409166666664,4208.355,17
2020-07-23,61560.932,2565.0388333333335,3680.582,16
2020-07-24,62180.431,2590.8512916666664,3862.286,11
2020-07-25,50263.492,2094.3121666666666,3767.516,20
2020-07-26,51331.30900000001,2138.804541666667,4619.781,20
2020-07-27,71724.138,2988.5057500000003,4797.144,9
2020-07-28,75813.212,3158.8838333333333,4771.664,11
2020-07-29,80604.588,3358.5245,5199.36,18
2020-07-30,81140.829,3380.867875,4838.529,18
2020-07-31,98450.805,4102.116875,6338.387,19
2020-08-01,60440.86,2518.369166666667,4134.558,20
2020-08-02,49596.254,2066.510583333333,3836.953,19
2020-08-03,68024.023,2834.3342916666666,4140.761,19
2020-08-04,62484.425,2603.5177083333333,4305.653,18
2020-08-05,69343.097,2889.295708333333,4462.778,18
2020-08-06,68369.909,2848.7462083333335,4559.899,18
2020-08-07,70592.373,2941.348875,4870.699,19
2020-08-08,51815.733,2158.988875,3686.574,18
2020-08-09,45219.558,1884.14825,3455.053,20
2020-08-10,63899.492,2662.478833333333,4611.168,19
2020-08-11,63985.57800000001,2666.06575,4391.353,19
2020-08-12,64046.727,2668.613625,4521.781,19
2020-08-13,73246.825,3051.9510416666667,4866.299,19
2020-08-14,66980.545,2790.8560416666664,4384.848,20
2020-08-15,33284.27,1386.8445833333333,2232.201,19
2020-08-16,30917.668000000005,1288.2361666666668,2814.266,19
2020-08-17,63594.087,2649.753625,4483.78,19
2020-08-18,68652.775,2860.5322916666664,4471.863,19
2020-08-19,58522.36499999999,2438.4318749999998,3738.164,19
2020-08-20,58140.713,2422.5297083333335,4144.735,7
2020-08-21,72776.819,3032.3674583333336,4752.331,18
2020-08-22,55803.285,2325.136875,3606.003,18
2020-08-23,40814.819,1700.6174583333334,3708.266,19
2020-08-24,72022.729,3000.947041666667,5458.175,19
2020-08-25,76969.732,3207.072166666667,5448.082,19
2020-08-26,89406.019,3725.250791666667,5883.927,19
2020-08-27,92881.951,3870.081291666667,5290.083,11
2020-08-28,62378.815,2599.117291666667,4968.206,6
2020-08-29,37991.089,1582.9620416666667,2727.771,19
2020-08-30,37552.441,1564.6850416666666,3238.64,19
2020-08-31,55400.595,2308.358125,4795.563,19
2020-09-01,62129.452,2588.7271666666666,3981.974,7
2020-09-02,60458.782999999996,2519.1159583333333,4186.274,19
2020-09-03,62921.797000000006,2621.7415416666668,3929.875,18
2020-09-04,59755.018,2489.7924166666667,3690.961,19
2020-09-05,43784.362,1824.3484166666667,2686.171,19
2020-09-06,34728.503,1447.0209583333333,3205.127,19
2020-09-07,41756.4,1739.8500000000001,3099.644,19
2020-09-08,49944.012,2081.0005,3760.658,18
2020-09-09,66286.39199999999,2761.9329999999995,3754.122,18
2020-09-10,59977.49,2499.0620833333332,3994.34,19
2020-09-11,61478.24,2561.5933333333332,4296.714,19
2020-09-12,41525.077,1730.2115416666666,3619.186,17
2020-09-13,40336.285,1680.678541666667,3679.766,18
2020-09-14,67062.201,2794.258375,4168.145,7
2020-09-15,82325.728,3430.2386666666666,4982.935,19
2020-09-16,82779.696,3449.154,4712.823,6
2020-09-17,59803.75,2491.8229166666665,4304.495,8
2020-09-18,55693.663,2320.5692916666667,4206.269,7
2020-09-19,44827.736,1867.8223333333333,3537.271,18
2020-09-20,43410.007,1808.7502916666665,3975.308,18
2020-09-21,69326.753,2888.614708333333,4322.952,18
2020-09-22,77602.412,3233.433833333333,4556.846,6
2020-09-23,72337.18,3014.049166666666,4724.317,18
2020-09-24,53730.01700000001,2238.7507083333335,5045.155,8
2020-09-25,41377.637,1724.0682083333334,3478.755,18
2020-09-26,34192.144,1424.6726666666666,2691.64,18
2020-09-27,38855.052,1618.9605000000001,3218.652,18
2020-09-28,48414.906,2017.2877500000002,4085.264,18
2020-09-29,57239.561,2384.9817083333332,4234.277,19
2020-09-30,56027.773,2334.4905416666666,3862.148,6
2020-10-01,44996.483,1874.8534583333333,3524.727,6
2020-10-02,41966.765,1748.6152083333334,2655.995,7
2020-10-03,42246.44,1760.2683333333334,2889.872,18
2020-10-04,41214.462,1717.26925,3183.44,18
2020-10-05,46590.827,1941.2844583333333,3318.161,18
2020-10-06,54887.314,2286.9714166666668,4495.759,19
2020-10-07,60685.348,2528.5561666666667,4075.419,18
2020-10-08,66850.475,2785.4364583333336,4132.292,17
2020-10-09,66607.427,2775.309458333333,4375.44,7
2020-10-10,39220.976,1634.2073333333335,2719.957,18
2020-10-11,35584.581,1482.690875,3222.296,18
2020-10-12,41878.335,1744.930625,4269.296,18
2020-10-13,65797.369,2741.557041666667,4927.125,5
2020-10-14,66707.741,2779.489208333333,4765.431,6
2020-10-15,73910.096,3079.5873333333334,5416.735,6
2020-10-16,85846.607,3576.9419583333333,5822.207,18
2020-10-17,84779.621,3532.4842083333333,5517.763,19
2020-10-18,70026.908,2917.7878333333333,4649.561,17
2020-10-19,43047.951,1793.6646250000001,4036.331,6
2020-10-20,57294.235,2387.259791666667,4092.587,7
2020-10-21,58379.635,2432.4847916666668,4536.655,17
2020-10-22,87328.47,3638.68625,5370.18,18
2020-10-23,74419.658,3100.8190833333333,5162.58,6
2020-10-24,50811.553,2117.148041666667,3330.118,17
2020-10-25,47946.388999999996,1997.7662083333332,3399.298,18
2020-10-26,68531.016,2855.4590000000003,5383.694,18
2020-10-27,68952.116,2873.004833333333,4560.536,17
2020-10-28,87451.878,3643.82825,6129.523,19
2020-10-29,88000.722,3666.6967499999996,5635.929,18
2020-10-30,83798.971,3491.623791666667,5923.015,17
2020-10-31,59747.807,2489.4919583333335,4687.607,18
2020-11-01,54809.3,2283.7208333333333,4569.304,19
2020-11-02,79217.489,3300.7287083333335,5647.715,18
2020-11-03,71750.213,2989.5922083333335,4917.004,18
2020-11-04,78140.505,3255.8543750000003,5292.083,8
2020-11-05,70615.434,2942.30975,5022.326,17
2020-11-06,68522.175,2855.0906250000003,4388.286,18
2020-11-07,71248.918,2968.704916666667,4719.232,17
2020-11-08,73614.992,3067.291333333333,5236.461,18
2020-11-09,110446.587,4601.941125,6888.096,18
2020-11-10,117318.34,4888.264166666667,7020.73,18
2020-11-11,92489.957,3853.748208333333,6158.982,19
2020-11-12,96937.47,4039.06125,6274.967,17
2020-11-13,96349.661,4014.569208333333,6136.297,19
2020-11-14,70553.356,2939.7231666666667,5024.418,19
2020-11-15,49020.156,2042.5065000000002,4413.238,19
2020-11-16,88894.419,3703.9341249999998,5715.14,17
2020-11-17,91829.69,3826.2370833333334,5685.27,18
2020-11-18,79955.158,3331.4649166666663,6020.702,19
2020-11-19,70459.09,2935.7954166666664,5517.329,18
2020-11-20,63769.993,2657.0830416666668,4904.824,19
2020-11-21,62572.647,2607.193625,6251.859,18
2020-11-22,55606.612,2316.9421666666667,5536.792,19
2020-11-23,93978.848,3915.7853333333333,6163.537,17
2020-11-24,96367.456,4015.3106666666667,6242.248,16
2020-11-25,92373.354,3848.8897500000003,6445.265,17
2020-11-26,90843.203,3785.1334583333332,5414.077,19
2020-11-27,104483.816,4353.492333333334,6202.279,18
2020-11-28,86018.587,3584.107791666667,5827.841,17
2020-11-29,82301.2,3429.2166666666667,6108.023,17
2020-11-30,102947.067,4289.461125,6070.168,7
2020-12-01,82912.52799999999,3454.6886666666664,4969.681,7
2020-12-02,78094.936,3253.9556666666667,5695.762,19
2020-12-03,89202.105,3716.754375,6152.379,8
2020-12-04,87777.579,3657.399125,6594.844,19
2020-12-05,67673.481,2819.728375,5188.709,19
2020-12-06,52809.618,2200.4007500000002,4454.153,19
2020-12-07,48614.687,2025.6119583333332,3667.59,18
2020-12-08,71461.202,2977.5500833333335,6228.961,19
2020-12-09,108763.236,4531.8015000000005,6133.51,17
2020-12-10,106693.765,4445.573541666667,6299.051,9
2020-12-11,99362.174,4140.090583333334,5797.067,18
2020-12-12,96731.318,4030.4715833333335,6133.247,19
2020-12-13,106875.775,4453.157291666666,6376.854,18
2020-12-14,121815.01699999999,5075.625708333333,7050.6,9
2020-12-15,126049.12399999998,5252.046833333333,7045.355,17
2020-12-16,142248.218,5927.009083333333,8365.028,18
2020-12-17,161365.74599999998,6723.572749999999,8688.191,18
2020-12-18,139887.638,5828.651583333333,8081.01,18
2020-12-19,124074.707,5169.779458333333,7336.865,19
2020-12-20,122404.55800000002,5100.189916666667,6905.368,11
2020-12-21,132548.39,5522.849583333334,7553.864,19
2020-12-22,118354.14799999999,4931.422833333333,7095.61,18
2020-12-23,123229.789,5134.574541666667,7481.214,18
2020-12-24,95104.178,3962.6740833333333,5434.912,17
2020-12-25,71466.96,2977.7900000000004,4696.183,20
2020-12-26,85065.243,3544.3851250000002,6258.061,19
2020-12-27,76357.79,3181.574583333333,4551.416,19
2020-12-28,82031.413,3417.9755416666667,5097.1,20
2020-12-29,111504.245,4646.010208333333,7730.144,19
2020-12-30,135980.648,5665.860333333333,7694.464,17
2020-12-31,128687.589,5361.982875000001,7908.156,17
2021-01-01,108618.536,4525.772333333333,7496.76,19
2021-01-02,112931.989,4705.499541666667,7988.392,18
2021-01-03,117933.253,4913.8855416666665,7775.309,18
2021-01-04,168420.908,7017.537833333333,8331.895,18
2021-01-05,175149.682,7297.903416666667,8596.672,19
2021-01-06,161139.708,6714.154500000001,7780.112,8
2021-01-07,152762.734,6365.113916666666,7635.677,10
2021-01-08,147811.801,6158.825041666667,7839.26,12
2021-01-09,119061.648,4960.902,6776.762,20
2021-01-10,117139.146,4880.79775,7087.047,18
2021-01-11,129555.27100000001,5398.136291666667,7199.156,18
2021-01-12,143106.626,5962.776083333333,7549.042,20
2021-01-13,146836.277,6118.178208333334,8247.382,19
2021-01-14,144412.921,6017.205041666667,7455.596,18
2021-01-15,144186.812,6007.783833333334,7849.0,18
2021-01-16,137739.829,5739.159541666667,7834.566,20
2021-01-17,119979.967,4999.165291666667,7628.283,19
2021-01-18,154627.227,6442.801125000001,8715.583,18
2021-01-19,134564.4,5606.849999999999,7096.686,18
2021-01-20,113486.914,4728.621416666667,6938.462,9
2021-01-21,103851.46299999999,4327.1442916666665,6918.665,8
2021-01-22,104804.215,4366.842291666667,6325.289,8
2021-01-23,77292.514,3220.5214166666665,4363.498,20
2021-01-24,80118.52100000001,3338.2717083333337,5753.571,19
2021-01-25,133294.993,5553.958041666666,7464.352,9
2021-01-26,148685.033,6195.209708333333,7611.863,18
2021-01-27,139191.371,5799.640458333334,7212.634,17
2021-01-28,141840.079,5910.003291666667,7844.626,18
2021-01-29,136181.799,5674.241625,7383.384,18
2021-01-30,120662.34100000001,5027.597541666667,6441.33,18
2021-01-31,120307.35999999999,5012.806666666666,6152.17,18
2021-02-01,131080.779,5461.699125,7186.842,19
2021-02-02,137969.453,5748.727208333334,7064.549,18
2021-02-03,142329.466,5930.394416666666,8131.301,18
2021-02-04,163952.423,6831.350958333333,9534.4,18
2021-02-05,167700.011,6987.500458333333,8357.369,12
2021-02-06,154854.817,6452.284041666667,7418.853,10
2021-02-07,135166.154,5631.923083333334,6980.439,18
2021-02-08,145649.326,6068.721916666666,7176.564,19
2021-02-09,151638.842,6318.285083333333,7375.01,19
2021-02-10,166973.806,6957.241916666667,9034.401,18
2021-02-11,176522.387,7355.099458333333,9122.545,18
2021-02-12,168505.664,7021.069333333333,7983.553,19
2021-02-13,167689.987,6987.082791666667,8319.865,19
2021-02-14,155105.079,6462.711625,7402.625,0
2021-02-15,150747.812,6281.158833333334,7978.29,18
2021-02-16,163695.977,6820.665708333334,9135.5,19
2021-02-17,177580.142,7399.172583333333,8787.973,19
2021-02-18,175044.96600000001,7293.540250000001,9236.678,18
2021-02-19,169529.526,7063.7302500000005,8496.324,8
2021-02-20,152852.906,6368.8710833333325,7499.321,20
2021-02-21,157354.941,6556.455875,8189.247,20
2021-02-22,181912.38199999998,7579.682583333332,9575.407,17
2021-02-23,175667.93099999998,7319.497124999999,8807.354,6
2021-02-24,176216.777,7342.365708333334,9294.911,19
2021-02-25,191491.29,7978.80375,9496.51,17
2021-02-26,189943.048,7914.293666666667,9366.535,17
2021-02-27,155253.093,6468.878874999999,7487.089,19
2021-02-28,134797.26,5616.552500000001,7033.227,19
2021-03-01,157374.131,6557.255458333333,9250.233,19
2021-03-02,179962.498,7498.437416666667,9740.13,18
2021-03-03,180417.355,7517.389791666667,9509.919,18
2021-03-04,168030.817,7001.284041666667,9457.378,18
2021-03-05,157019.318,6542.471583333333,9014.01,7
2021-03-06,140449.11,5852.046249999999,7758.615,18
2021-03-07,131847.461,5493.644208333334,7669.439,18
2021-03-08,163871.549,6827.981208333334,9364.995,19
2021-03-09,160018.969,6667.4570416666675,9339.026,20
2021-03-10,143637.82,5984.909166666667,8835.44,19
2021-03-11,117607.62,4900.3175,8252.474,19
2021-03-12,117501.283,4895.886791666667,7407.489,19
2021-03-13,87490.561,3645.4400416666667,5896.66,19
2021-03-14,84781.939,3532.5807916666668,6535.841,19
2021-03-15,121885.89799999999,5078.579083333333,7897.028,19
2021-03-16,100750.848,4197.952,7005.067,19
2021-03-17,86411.671,3600.4862916666666,6512.476,19
2021-03-18,99996.084,4166.5035,7062.768,19
2021-03-19,94185.817,3924.4090416666663,5582.937,20
2021-03-20,51000.715,2125.0297916666664,4206.994,20
2021-03-21,56916.243,2371.5101250000002,5346.306,19
2021-03-22,109323.225,4555.134375000001,8072.899,19
2021-03-23,134084.838,5586.8682499999995,8419.562,19
2021-03-24,145129.152,6047.048,8330.032,19
2021-03-25,145770.296,6073.762333333333,8247.594,19
2021-03-26,128504.319,5354.346625,7433.637,8
2021-03-27,97181.401,4049.2250416666666,7126.031,18
2021-03-28,67030.033,2792.9180416666663,4893.382,19
2021-03-29,94525.844,3938.576833333333,7146.695,18
2021-03-30,105667.71300000002,4402.821375,6883.581,18
2021-03-31,86971.257,3623.8023749999998,6209.602,6
2021-04-01,78543.449,3272.643708333333,6121.681,19
2021-04-02,74839.126,3118.2969166666667,5720.712,19
2021-04-03,53609.956000000006,2233.7481666666667,3167.863,5
2021-04-04,53386.614,2224.44225,4279.056,19
2021-04-05,70701.772,2945.9071666666664,5556.01,19
2021-04-06,87257.636,3635.7348333333334,6073.97,19
2021-04-07,110863.887,4619.328625,7835.349,19
2021-04-08,130780.625,5449.192708333333,7314.712,19
2021-04-09,122036.245,5084.843541666666,6793.885,18
2021-04-10,93618.475,3900.769791666667,5959.421,19
2021-04-11,68899.956,2870.8315000000002,5045.155,19
2021-04-12,110294.389,4595.5995416666665,7684.633,19
2021-04-13,123456.591,5144.024625,6922.963,18
2021-04-14,107784.991,4491.041291666666,7221.646,6
2021-04-15,102724.783,4280.199291666667,6020.028,19
2021-04-16,89389.993,3724.5830416666668,5714.769,6
2021-04-17,64198.69499999999,2674.945625,4850.276,20
2021-04-18,64798.401,2699.933375,5646.71,19
2021-04-19,105210.775,4383.782291666666,6441.595,7
2021-04-20,101431.834,4226.326416666667,6213.786,19
2021-04-21,110643.418,4610.142416666667,6604.422,6
2021-04-22,106456.26,4435.6775,6317.258,6
2021-04-23,63042.573,2626.773875,4834.717,6
2021-04-24,56553.518,2356.396583333333,4853.128,19
2021-04-25,66487.521,2770.3133749999997,5606.769,19
2021-04-26,105315.901,4388.162541666667,5691.461,19
2021-04-27,104511.964,4354.665166666667,6125.307,6
2021-04-28,106005.983,4416.915958333333,6102.176,19
2021-04-29,110104.582,4587.690916666666,6131.586,6
2021-04-30,103179.32499999998,4299.138541666666,6553.138,7
2021-05-01,51309.97900000001,2137.915791666667,4142.36,20
2021-05-02,47563.089,1981.795375,3701.073,20
2021-05-03,77656.028,3235.6678333333334,5449.859,19
2021-05-04,79584.972,3316.0404999999996,5435.669,19
2021-05-05,77326.363,3221.9317916666664,5587.269,19
2021-05-06,70810.368,2950.4320000000002,4915.145,19
2021-05-07,82431.343,3434.6392916666664,5677.552,19
2021-05-08,49492.985,2062.2077083333334,3016.811,0
2021-05-09,50437.596,2101.5665,4182.395,20
2021-05-10,72426.532,3017.772166666667,4575.186,19
2021-05-11,65767.56,2740.315,4540.784,18
2021-05-12,55043.43400000001,2293.476416666667,3912.418,19
2021-05-13,60477.34599999999,2519.8894166666664,4516.97,19
2021-05-14,64755.409,2698.1420416666665,5071.792,19
2021-05-15,50536.888000000006,2105.703666666667,3319.404,19
2021-05-16,53175.861000000004,2215.660875,4051.057,20
2021-05-17,76947.431,3206.1429583333334,5446.586,20
2021-05-18,71937.935,2997.413958333333,4826.14,19
2021-05-19,81144.922,3381.0384166666668,5799.558,18
2021-05-20,80585.91,3357.74625,6062.651,19
2021-05-21,72398.17,3016.5904166666664,4842.197,6
2021-05-22,78180.736,3257.530666666667,5504.606,20
2021-05-23,53507.11899999999,2229.4632916666665,4033.372,19
2021-05-24,65733.97,2738.9154166666667,5188.714,19
2021-05-25,68513.325,2854.7218749999997,4969.751,19
2021-05-26,80228.222,3342.842583333333,5003.611,19
2021-05-27,116991.033,4874.626375,6119.115,18
2021-05-28,83945.4,3497.725,4893.822,6
2021-05-29,77885.247,3245.218625,4251.4,1
2021-05-30,64251.007,2677.1252916666667,4593.83,20
2021-05-31,78674.541,3278.1058749999997,4457.157,6
2021-06-01,82994.747,3458.1144583333335,4836.965,8
2021-06-02,73106.238,3046.09325,4843.749,6
2021-06-03,58431.71000000001,2434.6545833333334,3780.366,6
2021-06-04,67963.011,2831.792125,4833.63,6
2021-06-05,63472.513000000006,2644.688041666667,3740.349,19
2021-06-06,52968.63,2207.02625,3763.598,20
2021-06-07,58890.809,2453.7837083333334,3999.522,18
2021-06-08,63714.171,2654.757125,4333.147,6
2021-06-09,69443.331,2893.4721250000002,3941.094,19
2021-06-10,85395.229,3558.134541666667,4848.26,6
2021-06-11,66485.406,2770.22525,4527.251,6
2021-06-12,65261.38399999999,2719.224333333333,4073.611,18
2021-06-13,64192.538,2674.689083333333,4895.633,19
2021-06-14,100265.256,4177.719,5814.702,19
2021-06-15,96005.35,4000.222916666667,5889.496,19
2021-06-16,87700.799,3654.199958333333,5476.737,6
2021-06-17,90801.174,3783.38225,5716.832,19
2021-06-18,77471.556,3227.9815,5365.504,6
2021-06-19,66491.08,2770.4616666666666,3762.044,8
2021-06-20,54430.44,2267.935,3732.327,19
2021-06-21,68294.59,2845.6079166666664,4741.155,20
2021-06-22,76578.319,3190.7632916666666,5074.247,6
2021-06-23,73640.153,3068.3397083333334,4274.83,20
2021-06-24,80550.018,3356.2507499999997,6333.492,19
2021-06-25,80075.397,3336.474875,5868.56,19
2021-06-26,60944.231,2539.342958333333,3616.253,20
2021-06-27,52646.579,2193.6074583333334,3644.614,19
2021-06-28,76631.532,3192.9805,5081.556,18
2021-06-29,75991.724,3166.3218333333334,4808.546,6
2021-06-30,91976.872,3832.369666666667,5219.055,19
2021-07-01,97466.806,4061.1169166666664,5680.394,20
2021-07-02,94960.653,3956.6938750000004,5793.942,6
2021-07-03,87985.909,3666.0795416666665,5681.368,20
2021-07-04,58011.07400000001,2417.1280833333335,4684.228,20
2021-07-05,89790.264,3741.261,5010.66,19
2021-07-06,92203.48300000001,3841.811791666667,5168.159,19
2021-07-07,88768.809,3698.700375,5373.681,6
2021-07-08,80439.79,3351.6579166666666,5161.455,19
2021-07-09,80896.702,3370.695916666667,5004.922,19
2021-07-10,78858.228,3285.7595,5293.197,19
2021-07-11,76260.145,3177.506041666667,4248.391,18
2021-07-12,68373.015,2848.875625,4499.936,20
2021-07-13,73238.496,3051.604,4309.401,19
2021-07-14,69869.279,2911.219958333333,4225.859,19
2021-07-15,67278.576,2803.274,4173.313,19
2021-07-16,75250.259,3135.4274583333336,4215.445,19
2021-07-17,66851.551,2785.481291666667,3904.116,18
2021-07-18,53516.743,2229.8642916666668,3974.906,19
2021-07-19,71358.152,2973.2563333333333,4243.239,6
2021-07-20,60898.166,2537.423583333333,4214.286,19
2021-07-21,65802.154,2741.7564166666666,3952.538,20
2021-07-22,62887.657,2620.3190416666666,3949.337,19
2021-07-23,59507.187999999995,2479.4661666666666,3508.818,19
2021-07-24,56093.621,2337.2342083333333,3774.981,19
2021-07-25,51920.141,2163.3392083333333,3086.903,20
2021-07-26,56755.303,2364.804291666667,3798.262,19
2021-07-27,54291.497,2262.1457083333335,3410.927,19
2021-07-28,61968.519,2582.021625,3711.594,19
2021-07-29,76886.833,3203.6180416666666,4894.1,20
2021-07-30,90604.15,3775.1729166666664,5222.757,6
2021-07-31,36158.788,1506.6161666666667,3236.709,20
2021-08-01,63302.007,2637.5836249999998,4899.378,20
2021-08-02,77395.024,3224.7926666666667,4358.526,19
2021-08-03,77616.04,3234.0016666666666,4915.785,5
2021-08-04,81802.89,3408.45375,5068.241,19
2021-08-05,73560.202,3065.008416666667,4756.996,19
2021-08-06,57032.092000000004,2376.3371666666667,4106.029,7
2021-08-07,47197.119,1966.546625,3249.454,19
2021-08-08,51967.62700000001,2165.317791666667,3723.121,20
2021-08-09,69316.446,2888.18525,4502.47,19
2021-08-10,77980.541,3249.189208333333,4765.579,19
2021-08-11,78990.14199999999,3291.2559166666665,5020.708,19
2021-08-12,67338.009,2805.750375,4643.886,19
2021-08-13,77850.109,3243.7545416666667,5186.666,19
2021-08-14,65235.656,2718.1523333333334,4311.533,19
2021-08-15,56299.128,2345.797,3351.608,19
2021-08-16,44467.619,1852.8174583333332,2792.012,19
2021-08-17,37041.662000000004,1543.4025833333335,3207.088,19
2021-08-18,49732.5,2072.1875,3508.288,19
2021-08-19,63404.518,2641.8549166666667,3927.741,19
2021-08-20,65013.194,2708.8830833333336,4479.667,19
2021-08-21,55209.617,2300.400708333333,3361.457,18
2021-08-22,49502.91500000001,2062.6214583333335,3202.656,19
2021-08-23,47350.937,1972.9557083333332,3008.462,19
2021-08-24,54134.91900000001,2255.621625,3529.767,18
2021-08-25,57032.509,2376.3545416666666,3524.712,19
2021-08-26,60180.734,2507.530583333333,3978.524,19
2021-08-27,60574.842000000004,2523.95175,3651.178,19
2021-08-28,43670.354,1819.5980833333333,3029.358,19
2021-08-29,50338.655,2097.4439583333333,3551.762,19
2021-08-30,60238.391,2509.9329583333333,3512.487,19
2021-08-31,63254.01299999999,2635.583875,3756.005,19
2021-09-01,64553.526,2689.73025,3572.81,19
2021-09-02,63639.72200000001,2651.6550833333336,3936.893,19
2021-09-03,63709.125,2654.546875,3847.106,19
2021-09-04,55188.40299999999,2299.5167916666664,3555.811,19
2021-09-05,48509.459,2021.2274583333335,3704.675,19
2021-09-06,54948.488,2289.5203333333334,3097.496,18
2021-09-07,45942.803,1914.2834583333333,3655.623,19
2021-09-08,52917.386,2204.8910833333334,3842.444,19
2021-09-09,52958.59700000001,2206.6082083333336,3387.171,18
2021-09-10,55039.69200000001,2293.3205000000003,3968.389,6
2021-09-11,48390.83,2016.2845833333333,3603.939,19
2021-09-12,50539.00199999999,2105.79175,3855.972,18
2021-09-13,44709.67,1862.9029166666667,3096.783,18
2021-09-14,59787.685,2491.1535416666666,4089.856,18
2021-09-15,59317.72,2471.5716666666667,3684.08,6
2021-09-16,43645.024,1818.5426666666665,3409.688,18
2021-09-17,38905.78,1621.0741666666665,3402.145,6
2021-09-18,34060.837,1419.2015416666666,2714.961,19
2021-09-19,32717.819000000003,1363.2424583333334,3024.416,19
2021-09-20,32857.807,1369.0752916666668,2696.99,19
2021-09-21,35304.926,1471.0385833333332,3063.794,19
2021-09-22,40539.206,1689.1335833333333,3289.446,6
2021-09-23,36266.694,1511.1122500000001,3321.251,18
2021-09-24,46593.353,1941.3897083333334,3434.164,18
2021-09-25,39175.96,1632.3316666666667,3223.247,18
2021-09-26,29625.519,1234.396625,2695.888,18
2021-09-27,40767.454,1698.6439166666667,3384.717,18
2021-09-28,46457.703,1935.737625,3357.754,18
2021-09-29,38270.966,1594.6235833333333,2953.304,18
2021-09-30,40191.294,1674.63725,3415.29,18
2021-10-01,46039.093,1918.2955416666666,2942.057,18
2021-10-02,25166.053999999996,1048.5855833333333,2124.13,0
2021-10-03,26992.23,1124.67625,2115.515,19
2021-10-04,37472.846,1561.3685833333332,3144.88,18
2021-10-05,38345.986,1597.7494166666665,3250.074,18
2021-10-06,42328.412,1763.6838333333333,3433.804,18
2021-10-07,40304.857,1679.3690416666668,3207.021,18
2021-10-08,36462.829,1519.2845416666667,2630.425,18
2021-10-09,32972.037,1373.8348749999998,2078.907,6
2021-10-10,22092.855,920.535625,2092.664,18
2021-10-11,27016.727,1125.6969583333332,2369.862,18
2021-10-12,23851.52,993.8133333333334,1921.045,18
2021-10-13,29856.592,1244.0246666666667,3068.946,18
2021-10-14,39945.827,1664.4094583333333,3141.751,18
2021-10-15,42187.628,1757.8178333333333,3065.271,6
2021-10-16,41479.411,1728.3087916666666,2580.06,18
2021-10-17,39194.981,1633.1242083333334,3070.222,19
2021-10-18,38703.242,1612.6350833333333,2986.236,18
2021-10-19,30984.437,1291.0182083333334,2483.438,17
2021-10-20,28078.926,1169.95525,2114.517,19
2021-10-21,33912.265,1413.0110416666666,2395.252,6
2021-10-22,29386.396,1224.4331666666667,2205.236,6
2021-10-23,29295.356,1220.6398333333334,2240.896,18
2021-10-24,28992.218,1208.0090833333334,2590.457,19
2021-10-25,39514.435,1646.4347916666666,2899.408,6
2021-10-26,33699.509,1404.1462083333333,2443.401,18
2021-10-27,39316.612,1638.1921666666667,2970.396,17
2021-10-28,28542.119,1189.2549583333332,2682.676,6
2021-10-29,26577.07,1107.3779166666666,2134.037,8
2021-10-30,27749.617000000006,1156.2340416666668,2108.972,17
2021-10-31,13746.701999999997,572.7792499999999,1300.29,17
2021-11-01,22765.964,948.5818333333333,2112.823,18
2021-11-02,29493.341999999997,1228.88925,2223.127,19
2021-11-03,34298.121,1429.088375,3050.487,19
2021-11-04,31553.870000000003,1314.7445833333334,2446.198,18
2021-11-05,33575.29,1398.9704166666668,2608.006,19
2021-11-06,29141.782,1214.2409166666666,2715.488,18
2021-11-07,23140.297,964.1790416666666,2138.152,17
2021-11-08,36386.704,1516.1126666666667,2796.892,20
2021-11-09,38528.593,1605.3580416666666,3097.782,18
2021-11-10,45069.421,1877.8925416666668,2984.99,19
2021-11-11,46687.791,1945.324625,3646.951,18
2021-11-12,45354.636,1889.7765,3278.803,17
2021-11-13,27316.197999999997,1138.1749166666666,2514.66,17
2021-11-14,28058.667,1169.1111250000001,2677.518,18
2021-11-15,38147.506,1589.4794166666668,3070.912,18
2021-11-16,32683.656,1361.819,3195.121,19
2021-11-17,32945.338,1372.7224166666667,3081.789,18
2021-11-18,37038.179000000004,1543.2574583333335,3240.614,17
2021-11-19,46028.938,1917.8724166666668,3453.858,17
2021-11-20,43427.009,1809.4587083333333,3071.124,17
2021-11-21,42937.095,1789.045625,2722.423,19
2021-11-22,44837.128,1868.2136666666665,3440.691,17
2021-11-23,44839.61,1868.3170833333334,3969.702,19
2021-11-24,46124.58,1921.8575,3440.44,7
2021-11-25,48815.662000000004,2033.9859166666668,2914.254,18
2021-11-26,49357.879,2056.5782916666667,3439.58,19
2021-11-27,51462.14599999999,2144.256083333333,3234.416,19
2021-11-28,45183.012,1882.6255,3190.198,17
2021-11-29,55771.382,2323.8075833333332,4091.156,19
2021-11-30,70498.446,2937.43525,4692.797,18
2021-12-01,58311.713,2429.6547083333335,3817.76,18
2021-12-02,59799.531,2491.647125,4272.951,19
2021-12-03,71786.75,2991.1145833333335,4910.08,19
2021-12-04,64514.439,2688.101625,3848.601,20
2021-12-05,59502.07000000001,2479.252916666667,4109.607,19
2021-12-06,66201.949,2758.4145416666665,4191.868,18
2021-12-07,66431.683,2767.9867916666667,3981.304,19
2021-12-08,70051.72,2918.8216666666667,4842.468,18
2021-12-09,85655.831,3568.9929583333337,4861.391,20
2021-12-10,87690.836,3653.784833333333,5069.47,19
2021-12-11,92356.443,3848.185125,5619.824,18
2021-12-12,100871.294,4202.970583333333,6206.255,18
2021-12-13,105282.436,4386.768166666667,6785.493,19
2021-12-14,98741.417,4114.225708333333,5897.592,19
2021-12-15,96188.976,4007.874,5859.023,19
2021-12-16,91314.223,3804.7592916666667,5332.095,17
2021-12-17,98311.59599999999,4096.3165,6490.096,18
2021-12-18,104794.275,4366.428124999999,5791.246,17
2021-12-19,91189.785,3799.574375,5868.976,19
2021-12-20,106771.48199999999,4448.81175,5987.365,20
2021-12-21,112783.82700000002,4699.3261250000005,6518.066,19
2021-12-22,104637.42299999998,4359.8926249999995,6409.593,19
2021-12-23,96307.956,4012.8315000000002,5989.659,9
2021-12-24,68103.805,2837.658541666666,3513.401,9
2021-12-25,59173.649,2465.5687083333332,3594.141,18
2021-12-26,62522.364,2605.0985,3360.667,19
2021-12-27,66119.009,2754.9587083333336,4308.783,18
2021-12-28,69888.509,2912.0212083333336,4157.742,18
2021-12-29,76164.482,3173.5200833333333,5014.28,19
2021-12-30,76817.631,3200.7346249999996,4909.495,19
2021-12-31,67646.238,2818.59325,4313.946,18
2022-01-01,50028.059,2084.5024583333334,2960.75,19
2022-01-02,52416.55500000001,2184.023125,3705.538,19
2022-01-03,52531.996,2188.833166666667,3526.987,17
2022-01-04,51775.25600000001,2157.3023333333335,3235.862,17
2022-01-05,57652.482,2402.1867500000003,3894.364,18
2022-01-06,60711.93800000001,2529.6640833333336,3969.53,18
2022-01-07,62529.618,2605.4007500000002,4031.183,20
2022-01-08,55198.247,2299.9269583333335,3351.635,19
2022-01-09,48656.28,2027.345,4367.091,19
2022-01-10,72079.943,3003.3309583333335,5579.388,18
2022-01-11,72490.901,3020.454208333333,5344.362,19
2022-01-12,64586.541,2691.1058749999997,5148.348,18
2022-01-13,92549.938,3856.2474166666666,6939.76,19
2022-01-14,94994.326,3958.096916666667,7203.805,18
2022-01-15,91803.319,3825.1382916666666,6816.939,19
2022-01-16,77865.676,3244.403166666667,6465.925,18
2022-01-17,85644.75200000001,3568.531333333334,6539.92,19
2022-01-18,89412.293,3725.5122083333335,6926.561,18
2022-01-19,79012.398,3292.18325,6182.405,18
2022-01-20,68460.975,2852.540625,5365.79,19
2022-01-21,54978.893,2290.787208333333,4924.777,18
2022-01-22,53716.338,2238.18075,4954.138,18
2022-01-23,64985.00200000001,2707.708416666667,5463.191,19
2022-01-24,93851.744,3910.4893333333334,6352.372,19
2022-01-25,76594.103,3191.4209583333336,5833.294,18
2022-01-26,82023.458,3417.644083333333,5885.909,19
2022-01-27,66138.598,2755.7749166666667,5558.049,18
2022-01-28,55110.39200000001,2296.2663333333335,5435.893,18
2022-01-29,54189.719,2257.904958333333,5206.284,19
2022-01-30,52785.03999999999,2199.3766666666666,5174.217,19
2022-01-31,50571.73299999999,2107.1555416666665,4214.884,18
2022-02-01,43095.913,1795.6630416666667,3960.215,18
2022-02-02,46168.947,1923.706125,4418.022,19
2022-02-03,44677.375,1861.5572916666667,4058.521,18
2022-02-04,43667.471,1819.4779583333332,3787.507,18
2022-02-05,27376.533000000003,1140.688875,2798.057,18
2022-02-06,32067.814000000002,1336.1589166666668,4052.33,18
2022-02-07,33968.26,1415.3441666666668,3830.141,19
2022-02-08,35979.441,1499.1433749999999,4161.215,19
2022-02-09,44450.08,1852.0866666666668,4897.776,19
2022-02-10,53912.527,2246.3552916666667,4524.543,7
2022-02-11,57212.452,2383.8521666666666,4938.569,18
2022-02-12,45591.491,1899.6454583333334,4834.437,18
2022-02-13,26974.164000000004,1123.9235,2292.303,19
2022-02-14,37117.569,1546.5653750000001,3835.685,18
2022-02-15,43006.692,1791.9455,4177.177,19
2022-02-16,28213.841999999997,1175.57675,3803.194,19
2022-02-17,44151.905,1839.6627083333333,5089.885,19
2022-02-18,46122.606,1921.77525,3659.024,7
2022-02-19,33564.109,1398.5045416666665,3668.542,19
2022-02-20,39055.177,1627.2990416666669,4336.445,19
2022-02-21,39950.841,1664.618375,4149.515,19
2022-02-22,41172.009,1715.5003749999998,4127.322,19
2022-02-23,47928.185,1997.0077083333333,4543.257,19
2022-02-24,53386.547,2224.4394583333333,4060.023,7
2022-02-25,49208.209,2050.342041666667,4458.077,18
2022-02-26,47757.136,1989.8806666666667,4387.321,19
2022-02-27,49301.026,2054.2094166666666,4403.793,20
2022-02-28,39594.981999999996,1649.7909166666666,4168.057,19
2022-03-01,45072.335,1878.0139583333332,5038.197,19
2022-03-02,50111.733,2087.988875,4697.184,19
2022-03-03,58513.443,2438.060125,4888.375,7
2022-03-04,49573.038,2065.54325,4586.278,19
2022-03-05,57574.739,2398.9474583333335,4886.494,18
2022-03-06,54910.004,2287.916833333333,5137.351,20
2022-03-07,68840.604,2868.3585000000003,5135.895,18
2022-03-08,46601.126000000004,1941.7135833333334,5285.306,18
2022-03-09,52425.929000000004,2184.4137083333335,5101.212,19
2022-03-10,44815.481,1867.3117083333334,4134.922,7
2022-03-11,52610.96800000001,2192.123666666667,4743.811,19
2022-03-12,48406.531,2016.9387916666667,5143.37,19
2022-03-13,51918.329,2163.2637083333334,5446.035,19
2022-03-14,52175.314,2173.9714166666668,3984.991,19
2022-03-15,79672.761,3319.698375,5748.826,19
2022-03-16,85701.823,3570.909291666667,5072.365,8
2022-03-17,56946.28600000001,2372.761916666667,3862.871,19
2022-03-18,64580.545,2690.8560416666664,4441.3,19
2022-03-19,53321.109,2221.7128749999997,4041.646,8
2022-03-20,42515.843,1771.4934583333334,3574.472,19
2022-03-21,44986.374,1874.43225,3904.847,19
2022-03-22,52119.691,2171.6537916666666,4334.06,19
2022-03-23,63611.652,2650.4855000000002,4230.227,19
2022-03-24,76302.836,3179.284833333333,5491.939,19
2022-03-25,68943.332,2872.638833333333,5495.485,19
2022-03-26,64401.094,2683.3789166666666,4533.683,18
2022-03-27,44797.01,1866.5420833333335,3807.378,19
2022-03-28,55139.827,2297.4927916666666,4573.838,19
2022-03-29,69120.93,2880.0387499999997,5009.241,19
2022-03-30,59383.94500000001,2474.331041666667,4443.913,19
2022-03-31,61801.104999999996,2575.0460416666665,4437.721,6
2022-04-01,65282.141,2720.0892083333333,5459.025,19
2022-04-02,44765.902,1865.2459166666667,4209.884,19
2022-04-03,35227.55,1467.8145833333335,2956.05,19
2022-04-04,55023.372,2292.6405,5108.763,19
2022-04-05,83018.646,3459.1102499999997,5689.906,19
2022-04-06,66013.828,2750.5761666666663,5542.742,6
2022-04-07,50280.901,2095.0375416666666,4762.425,19
2022-04-08,46999.375,1958.3072916666667,4317.068,19
2022-04-09,65750.188,2739.5911666666666,4990.781,19
2022-04-10,27742.221000000005,1155.9258750000001,3386.939,0
2022-04-11,40978.458,1707.4357499999999,4574.116,19
2022-04-12,67164.401,2798.516708333333,5248.81,18
2022-04-13,65687.358,2736.9732499999996,4601.531,19
2022-04-14,50425.210999999996,2101.050458333333,4131.498,19
2022-04-15,43686.027,1820.251125,3159.257,19
2022-04-16,34740.268,1447.5111666666664,2885.81,19
2022-04-17,42445.616,1768.5673333333334,2908.173,19
2022-04-18,48615.634,2025.6514166666666,3673.542,18
2022-04-19,53099.897,2212.4957083333334,3637.802,19
2022-04-20,59429.81199999999,2476.2421666666664,4234.776,20
2022-04-21,74296.497,3095.687375,5163.449,19
2022-04-22,78547.595,3272.8164583333332,5383.394,19
2022-04-23,44404.715,1850.196458333333,3624.211,19
2022-04-24,61715.31,2571.47125,4883.351,19
2022-04-25,66766.698,2781.9457500000003,5063.204,6
2022-04-26,71820.704,2992.5293333333334,5468.133,19
2022-04-27,82339.649,3430.8187083333337,5579.72,6
2022-04-28,96688.976,4028.7073333333333,6322.459,19
2022-04-29,100783.351,4199.306291666667,6916.524,19
2022-04-30,82170.383,3423.7659583333334,5776.543,20
2022-05-01,61978.11,2582.42125,4370.192,19
2022-05-02,73908.33,3079.51375,4755.253,19
2022-05-03,92634.833,3859.784708333333,6419.109,19
2022-05-04,106553.546,4439.731083333333,6489.763,19
2022-05-05,82629.517,3442.896541666667,6254.586,19
2022-05-06,67924.63100000001,2830.1929583333335,5110.805,19
2022-05-07,69077.978,2878.2490833333336,5812.497,19
2022-05-08,62781.03599999999,2615.8765,6067.646,19
2022-05-09,80646.682,3360.2784166666665,5990.864,19
2022-05-10,78822.059,3284.252458333333,5697.927,19
2022-05-11,75289.214,3137.0505833333336,5440.282,19
2022-05-12,66491.344,2770.4726666666666,5319.475,19
2022-05-13,72035.929,3001.497041666667,5510.082,19
2022-05-14,51541.982,2147.5825833333333,4020.402,19
2022-05-15,49191.694,2049.6539166666666,4040.529,19
2022-05-16,60940.376000000004,2539.1823333333336,4874.15,19
2022-05-17,64138.073000000004,2672.4197083333333,5467.26,19
2022-05-18,56099.981,2337.499208333333,5100.324,19
2022-05-19,61084.335999999996,2545.1806666666666,3884.852,18
2022-05-20,57004.356,2375.1815,4438.655,18
2022-05-21,54041.008,2251.708666666667,4577.139,18
2022-05-22,47950.511,1997.9379583333332,3516.06,8
2022-05-23,58492.788,2437.1995,4369.865,18
2022-05-24,52720.946,2196.7060833333335,3867.846,5
2022-05-25,44384.141,1849.3392083333335,2873.16,20
2022-05-26,40144.733,1672.6972083333333,2578.244,20
2022-05-27,43277.488,1803.2286666666666,3733.397,20
2022-05-28,49102.208,2045.9253333333334,3709.181,19
2022-05-29,35652.0,1485.5,2769.641,20
2022-05-30,46899.774,1954.15725,3440.799,20
2022-05-31,57903.782999999996,2412.657625,4343.543,20
2022-06-01,52292.797000000006,2178.8665416666668,4337.856,20
2022-06-02,62532.99500000001,2605.5414583333336,4690.111,20
2022-06-03,57245.155,2385.2147916666668,3700.505,6
2022-06-04,41758.962,1739.95675,2500.99,20
2022-06-05,34522.734,1438.44725,3299.078,20
2022-06-06,42045.989,1751.9162083333333,4071.407,19
2022-06-07,39013.234,1625.5514166666665,2541.984,20
2022-06-08,39544.149,1647.672875,3185.992,20
2022-06-09,41504.307,1729.346125,3348.447,20
2022-06-10,47335.079,1972.2949583333332,3778.23,19
2022-06-11,42683.779,1778.4907916666668,3209.399,20
2022-06-12,35201.317,1466.7215416666668,2969.406,19
2022-06-13,63721.68400000001,2655.070166666667,4565.294,20
2022-06-14,60670.93,2527.9554166666667,3829.826,19
2022-06-15,67127.686,2796.9869166666667,3531.319,17
2022-06-16,37729.588,1572.0661666666667,2796.152,18
2022-06-17,32087.167999999998,1336.9653333333333,2286.073,22
2022-06-18,34144.764,1422.6985000000002,2516.07,20
2022-06-19,26279.284,1094.9701666666667,2505.663,20
2022-06-20,35659.205,1485.8002083333333,2720.134,20
2022-06-21,36990.654,1541.27725,2613.672,5
2022-06-22,32406.089,1350.2537083333334,2466.522,20
2022-06-23,23121.691,963.4037916666666,1787.783,20
2022-06-24,26236.093,1093.1705416666666,2465.947,20
2022-06-25,24677.41,1028.2254166666667,1580.977,0
2022-06-26,26074.943999999996,1086.456,1839.598,20
2022-06-27,28933.42,1205.5591666666667,2529.265,20
2022-06-28,34335.957,1430.6648750000002,2585.318,20
2022-06-29,29552.886,1231.37025,1949.59,5
2022-06-30,35235.579,1468.149125,2675.99,20
2022-07-01,39330.089,1638.7537083333334,2793.843,19
2022-07-02,34719.723,1446.655125,2511.43,20
2022-07-03,30797.017,1283.2090416666667,2132.569,20
2022-07-04,34194.343,1424.7642916666666,2615.708,19
2022-07-05,29712.015,1238.000625,1892.725,6
2022-07-06,30502.564,1270.9401666666665,2122.278,6
2022-07-07,27910.109000000004,1162.9212083333334,2244.325,19
2022-07-08,29097.225999999995,1212.3844166666665,2466.644,19
2022-07-09,29016.816999999995,1209.0340416666666,2521.066,20
2022-07-10,26410.818,1100.45075,2397.999,20
2022-07-11,35283.622,1470.1509166666667,2477.389,19
2022-07-12,41111.92,1712.9966666666667,3253.043,19
2022-07-13,46577.877,1940.744875,3470.531,19
2022-07-14,37201.494,1550.06225,2569.699,19
2022-07-15,29651.222,1235.4675833333333,2481.825,20
2022-07-16,27461.451999999997,1144.2271666666666,2583.231,20
2022-07-17,24356.771,1014.8654583333333,2451.567,20
2022-07-18,28061.134000000005,1169.2139166666668,2417.485,20
2022-07-19,30268.305999999997,1261.1794166666666,3264.937,20
2022-07-20,35332.308,1472.1795,2280.161,5
2022-07-21,32967.451,1373.6437916666666,3064.45,19
2022-07-22,38559.289,1606.6370416666666,2683.222,6
2022-07-23,33813.74,1408.9058333333332,3049.189,19
2022-07-24,35536.567,1480.6902916666668,3109.318,20
2022-07-25,30344.561,1264.3567083333335,2088.023,20
2022-07-26,41094.0,1712.25,3037.774,19
2022-07-27,42442.172,1768.4238333333333,3614.34,19
2022-07-28,50898.109,2120.7545416666667,3239.908,22
2022-07-29,41978.421,1749.100875,2738.157,5
2022-07-30,25802.554000000004,1075.1064166666667,2483.482,19
2022-07-31,23284.694,970.1955833333333,2807.339,20
2022-08-01,39604.911,1650.204625,3190.026,19
2022-08-02,41391.029,1724.6262083333334,3407.721,20
2022-08-03,32983.048,1374.2936666666667,2698.045,20
2022-08-04,31113.739,1296.4057916666668,2964.198,19
2022-08-05,29662.327000000005,1235.9302916666668,2828.447,19
2022-08-06,29204.638,1216.8599166666665,2995.708,20
2022-08-07,23283.156,970.1315,2517.224,20
2022-08-08,32399.335,1349.9722916666667,3230.9,19
2022-08-09,29843.235,1243.468125,3326.991,19
2022-08-10,32901.747,1370.9061250000002,3411.838,19
2022-08-11,34597.715,1441.571458333333,3852.553,19
2022-08-12,47457.562,1977.3984166666667,3875.229,19
2022-08-13,27559.892999999996,1148.328875,2285.4,8
2022-08-14,18986.994,791.12475,1711.159,20
2022-08-15,24072.4,1003.0166666666668,2587.487,20
2022-08-16,26201.379,1091.724125,2665.479,20
2022-08-17,26313.192000000003,1096.383,2991.773,19
2022-08-18,32509.333,1354.5555416666666,3502.229,20
2022-08-19,36482.395,1520.0997916666665,3716.24,19
2022-08-20,32825.072,1367.7113333333334,3108.748,20
2022-08-21,19278.271,803.2612916666667,2186.191,19
2022-08-22,30956.351,1289.8479583333333,3250.913,19
2022-08-23,39261.523,1635.8967916666668,3564.812,19
2022-08-24,32249.521,1343.7300416666667,2592.125,6
2022-08-25,25796.422,1074.8509166666665,2452.743,19
2022-08-26,28338.471000000005,1180.7696250000001,3182.601,19
2022-08-27,35004.709,1458.5295416666668,2981.051,19
2022-08-28,23564.247,981.843625,2581.19,19
2022-08-29,37067.138,1544.4640833333333,3682.056,19
2022-08-30,43676.892,1819.8705,3392.749,19
2022-08-31,28622.828,1192.6178333333335,3194.783,19
2022-09-01,23332.79,972.1995833333334,1613.132,19
2022-09-02,21670.488,902.937,1591.954,19
2022-09-03,18707.822,779.4925833333333,1917.556,19
2022-09-04,19867.013,827.7922083333333,2712.586,19
2022-09-05,23164.315,965.1797916666666,2554.119,19
2022-09-06,20862.0,869.25,2385.23,19
2022-09-07,27803.493000000002,1158.478875,2520.882,19
2022-09-08,38200.971,1591.707125,2950.603,19
2022-09-09,56778.11,2365.7545833333334,4037.164,19
2022-09-10,33250.933,1385.4555416666665,2734.495,19
2022-09-11,25570.470999999998,1065.4362916666666,2548.464,19
2022-09-12,27903.686,1162.6535833333335,2205.333,19
2022-09-13,36960.292,1540.0121666666666,2485.921,19
2022-09-14,43218.853,1800.7855416666669,3176.469,19
2022-09-15,63350.82100000001,2639.617541666667,4003.161,19
2022-09-16,64793.695999999996,2699.737333333333,3855.185,6
2022-09-17,43889.429000000004,1828.7262083333335,2911.995,18
2022-09-18,44727.798,1863.6582500000002,3140.798,18
2022-09-19,58375.113,2432.296375,3642.275,19
2022-09-20,57414.89599999999,2392.287333333333,3233.649,19
2022-09-21,61970.22,2582.0925,3506.893,20
2022-09-22,60461.807,2519.2419583333335,3851.625,19
2022-09-23,59492.609,2478.858708333333,3673.724,6
2022-09-24,50061.75,2085.90625,2902.901,19
2022-09-25,46974.001000000004,1957.250041666667,2959.322,19
2022-09-26,42620.648,1775.8603333333333,3300.557,6
2022-09-27,17450.585,727.1077083333333,1731.321,19
2022-09-28,19237.42,801.5591666666666,1755.004,19
2022-09-29,22502.560999999998,937.6067083333332,1838.958,19
2022-09-30,23536.874,980.7030833333333,2064.024,19
2022-10-01,19089.109,795.3795416666667,1893.544,19
2022-10-02,15029.056,626.2106666666667,1864.586,19
2022-10-03,29391.011,1224.6254583333332,2572.94,18
2022-10-04,22881.424,953.3926666666666,2474.414,18
2022-10-05,16371.047000000002,682.1269583333334,1260.931,18
2022-10-06,17784.898,741.0374166666667,2142.648,18
2022-10-07,21269.507,886.2294583333334,1774.582,18
2022-10-08,13814.779999999999,575.6158333333333,1311.878,19
2022-10-09,12104.868,504.3695,1682.159,18
2022-10-10,23703.162,987.63175,2213.371,18
2022-10-11,19754.211,823.092125,1748.321,18
2022-10-12,14155.547000000002,589.8144583333334,1396.401,18
2022-10-13,19279.633,803.3180416666668,1923.009,18
2022-10-14,19171.632999999998,798.8180416666665,1875.841,19
2022-10-15,14179.903,590.8292916666667,1369.827,19
2022-10-16,14741.454000000002,614.22725,1415.476,18
2022-10-17,20851.037,868.7932083333334,2507.32,19
2022-10-18,19281.867,803.411125,2283.908,19
2022-10-19,21859.84,910.8266666666667,2183.341,18
2022-10-20,27411.082000000002,1142.1284166666667,1892.595,19
2022-10-21,34538.106,1439.08775,2124.683,19
2022-10-22,27474.019,1144.7507916666666,1925.634,18
2022-10-23,28539.335,1189.1389583333332,2385.441,19
2022-10-24,41578.938,1732.45575,3341.537,18
2022-10-25,29744.578,1239.3574166666667,2144.951,18
2022-10-26,38139.422,1589.1425833333333,2800.566,7
2022-10-27,23061.938,960.9140833333332,1878.607,17
2022-10-28,26774.112999999998,1115.5880416666666,2058.196,17
2022-10-29,28002.243000000002,1166.760125,1956.371,19
2022-10-30,29112.996,1213.0415,2022.642,18
2022-10-31,30017.051999999996,1250.7105,2701.276,19
2022-11-01,28247.073000000004,1176.961375,2385.147,20
2022-11-02,32837.64,1368.235,3285.323,19
2022-11-03,34742.042,1447.5850833333334,3258.983,18
2022-11-04,31326.205,1305.2585416666668,2621.016,18
2022-11-05,25093.819,1045.5757916666666,2508.319,18
2022-11-06,24691.717,1028.8215416666667,2152.695,19
2022-11-07,33084.794,1378.5330833333335,3296.359,19
2022-11-08,30091.678,1253.8199166666666,2559.571,18
2022-11-09,33474.356,1394.7648333333334,3067.181,19
2022-11-10,35450.227,1477.0927916666667,3107.346,19
2022-11-11,28424.552000000003,1184.3563333333334,2572.883,18
2022-11-12,26904.859,1121.0357916666667,2276.229,19
2022-11-13,29291.581,1220.4825416666665,2679.428,18
2022-11-14,33322.702,1388.4459166666666,2674.748,18
2022-11-15,30035.347,1251.4727916666668,3405.059,19
2022-11-16,30907.095999999998,1287.7956666666666,3197.168,19
2022-11-17,36385.07,1516.0445833333333,3945.182,19
2022-11-18,42004.054000000004,1750.1689166666667,3780.835,7
2022-11-19,34800.226,1450.0094166666668,3403.825,19
2022-11-20,34560.643000000004,1440.026791666667,3687.003,19
2022-11-21,43140.153,1797.506375,3599.862,19
2022-11-22,54771.155,2282.1314583333333,3674.553,18
2022-11-23,63394.15699999999,2641.423208333333,4398.806,19
2022-11-24,76619.817,3192.492375,4737.185,19
2022-11-25,69466.015,2894.4172916666666,4641.778,20
2022-11-26,74895.408,3120.642,4592.402,18
2022-11-27,66216.414,2759.0172500000003,4969.248,20
2022-11-28,54471.573,2269.648875,5321.653,19
2022-11-29,88010.85800000001,3667.1190833333335,5417.835,19
2022-11-30,87550.31599999999,3647.929833333333,5352.158,18
2022-12-01,78076.208,3253.175333333333,4836.417,19
2022-12-02,87761.803,3656.741791666667,5529.75,19
2022-12-03,87886.944,3661.956,5537.862,19
2022-12-04,85129.73,3547.072083333333,5760.805,19
2022-12-05,84124.39,3505.1829166666666,5381.914,19
2022-12-06,83706.198,3487.7582500000003,5199.092,18
2022-12-07,72590.371,3024.598791666667,4488.222,19
2022-12-08,67593.697,2816.4040416666667,4187.142,18
2022-12-09,70422.902,2934.2875833333333,4574.354,19
2022-12-10,56316.422999999995,2346.517625,4570.657,19
2022-12-11,57672.141,2403.0058750000003,4196.396,19
2022-12-12,63266.439999999995,2636.1016666666665,4414.914,8
2022-12-13,93037.463,3876.5609583333335,5448.84,18
2022-12-14,110323.361,4596.8067083333335,6686.443,18
2022-12-15,105521.793,4396.7413750000005,6699.979,19
2022-12-16,129122.69,5380.112083333333,7688.912,19
2022-12-17,121478.68400000001,5061.611833333333,6877.826,19
2022-12-18,65334.964,2722.2901666666667,5971.794,19
2022-12-19,90029.442,3751.22675,6567.464,19
2022-12-20,105588.731,4399.530458333334,6863.272,18
2022-12-21,113633.592,4734.733,6608.331,19
2022-12-22,125982.616,5249.275666666666,6611.874,8
2022-12-23,104243.76999999999,4343.4904166666665,6614.864,17
2022-12-24,76750.571,3197.940458333333,6030.725,18
2022-12-25,63498.44500000001,2645.768541666667,5177.135,20
2022-12-26,102713.091,4279.712125,7445.825,20
2022-12-27,128621.04000000001,5359.21,7280.238,18
2022-12-28,84960.107,3540.0044583333333,6628.113,18
2022-12-29,87876.579,3661.524125,6305.589,18
2022-12-30,72742.832,3030.951333333333,4482.884,17
2022-12-31,73283.18400000001,3053.4660000000003,5285.226,18
2023-01-01,77497.316,3229.0548333333336,4982.835,20
2023-01-02,141011.444,5875.476833333333,7920.399,18
2023-01-03,154341.219,6430.8841250000005,8424.062,18
2023-01-04,139545.112,5814.379666666667,8113.549,18
2023-01-05,145203.722,6050.155083333334,8190.3,19
2023-01-06,131288.245,5470.343541666666,7360.247,20
2023-01-07,76332.583,3180.5242916666666,4239.133,20
2023-01-08,82574.753,3440.614708333333,4680.031,20
2023-01-09,106443.535,4435.147291666667,7443.269,19
2023-01-10,149846.619,6243.609125,8169.975,18
2023-01-11,148108.892,6171.203833333333,7621.441,8
2023-01-12,160315.396,6679.808166666667,8595.607,19
2023-01-13,163868.353,6827.848041666667,8825.911,19
2023-01-14,138208.808,5758.700333333333,7650.672,18
2023-01-15,78906.563,3287.773458333333,6154.192,19
2023-01-16,98511.397,4104.641541666667,6832.801,18
2023-01-17,94225.679,3926.0699583333335,6112.109,19
2023-01-18,104103.649,4337.652041666667,6489.345,19
2023-01-19,103990.109,4332.921208333333,6130.391,7
2023-01-20,127204.398,5300.18325,7580.698,19
2023-01-21,108810.84599999999,4533.78525,6474.049,20
2023-01-22,100856.03900000002,4202.334958333334,6321.102,19
2023-01-23,131442.987,5476.791125,8583.096,19
2023-01-24,158344.561,6597.690041666666,9470.337,19
2023-01-25,165294.495,6887.270625,8718.863,20
2023-01-26,160547.94400000002,6689.497666666667,8665.45,20
2023-01-27,141495.611,5895.6504583333335,8769.268,19
2023-01-28,107554.554,4481.4397500000005,8126.65,19
2023-01-29,108360.16199999998,4515.00675,8090.915,20
2023-01-30,157838.231,6576.592958333334,8391.028,19
2023-01-31,145498.527,6062.438625,8134.051,19
2023-02-01,139796.129,5824.838708333333,8890.563,19
2023-02-02,140889.491,5870.395458333333,8658.401,19
2023-02-03,145240.49,6051.687083333333,8454.931,19
2023-02-04,93337.072,3889.0446666666667,5873.059,0
2023-02-05,64657.603,2694.0667916666666,5515.381,19
2023-02-06,85424.482,3559.353416666667,7112.631,19
2023-02-07,129028.99599999998,5376.208166666666,7656.361,19
2023-02-08,124819.08899999999,5200.795375,7990.63,19
2023-02-09,108114.91400000002,4504.788083333334,7414.657,19
2023-02-10,110755.918,4614.829916666667,7675.497,19
2023-02-11,81001.074,3375.0447499999996,5705.862,19
2023-02-12,75900.469,3162.5195416666666,6162.508,19
2023-02-13,91635.71,3818.1545833333334,7371.636,19
2023-02-14,80182.585,3340.941041666667,6492.776,19
2023-02-15,89069.55,3711.2312500000003,6878.765,19
2023-02-16,88597.169,3691.5487083333333,6817.396,7
2023-02-17,75454.019,3143.9174583333333,5531.521,19
2023-02-18,68819.82,2867.4925000000003,4799.237,19
2023-02-19,60519.955,2521.6647916666666,4329.842,20
2023-02-20,68977.541,2874.064208333333,5371.361,18
2023-02-21,84352.745,3514.697708333333,6927.004,19
2023-02-22,83465.751,3477.739625,5964.386,19
2023-02-23,77085.053,3211.8772083333333,5773.672,19
2023-02-24,93320.588,3888.3578333333335,6768.689,19
2023-02-25,82734.747,3447.281125,6127.667,18
2023-02-26,43077.451,1794.8937916666666,3255.681,20
2023-02-27,48225.217,2009.3840416666665,5946.996,19
2023-02-28,65473.702,2728.0709166666666,6813.006,19
2023-03-01,83971.179,3498.799125,6958.317,20
2023-03-02,86616.631,3609.0262916666666,7699.55,19
2023-03-03,87313.581,3638.0658750000002,7259.729,19
2023-03-04,89933.16,3747.215,7741.448,19
2023-03-05,89818.722,3742.4467499999996,7395.971,20
2023-03-06,85220.823,3550.8676250000003,6813.067,19
2023-03-07,50111.163,2087.965125,4621.039,19
2023-03-08,55009.384999999995,2292.0577083333333,4600.182,19
2023-03-09,51508.2,2146.1749999999997,3576.243,8
2023-03-10,46476.445999999996,1936.5185833333333,4140.803,19
2023-03-11,43711.76,1821.3233333333335,4350.817,20
2023-03-12,62493.226,2603.8844166666668,5567.593,19
2023-03-13,52212.45300000001,2175.518875,3824.28,20
2023-03-14,64869.93400000001,2702.913916666667,5937.201,19
2023-03-15,93641.98,3901.7491666666665,7024.259,19
2023-03-16,65406.018000000004,2725.25075,5767.843,19
2023-03-17,63486.548,2645.2728333333334,5419.0,19
2023-03-18,74309.664,3096.2360000000003,5826.856,19
2023-03-19,66445.624,2768.5676666666664,5970.316,19
2023-03-20,83555.482,3481.478416666667,7253.644,19
2023-03-21,82810.927,3450.4552916666667,6308.417,19
2023-03-22,70897.418,2954.0590833333335,6770.973,19
2023-03-23,62363.584,2598.482666666667,5778.023,19
2023-03-24,59765.476,2490.2281666666668,4845.981,19
2023-03-25,47896.652,1995.6938333333335,4151.785,19
2023-03-26,36696.092,1529.0038333333332,3392.183,19
2023-03-27,75544.048,3147.6686666666665,6350.785,19
2023-03-28,83685.663,3486.902625,7084.675,18
2023-03-29,63016.251000000004,2625.677125,5111.255,6
2023-03-30,56603.12400000001,2358.4635000000003,5281.079,6
2023-03-31,53764.95599999999,2240.2065,4164.094,19
2023-04-01,40223.387,1675.9744583333334,3158.882,19
2023-04-02,36574.119,1523.921625,4487.648,19
2023-04-03,73526.549,3063.606208333333,6510.581,18
2023-04-04,56437.387,2351.5577916666666,4979.008,19
2023-04-05,77308.972,3221.2071666666666,6616.333,19
2023-04-06,60388.881,2516.203375,6186.31,19
2023-04-07,54545.368,2272.7236666666668,6336.757,19
2023-04-08,57883.704,2411.821,6030.384,19
2023-04-09,45654.193,1902.2580416666667,5571.76,19
2023-04-10,43946.8,1831.1166666666668,5633.126,19
2023-04-11,64351.67,2681.3195833333334,5863.271,19
2023-04-12,38600.308,1608.3461666666665,5041.717,19
2023-04-13,48670.652,2027.9438333333335,4661.053,19
2023-04-14,42616.592000000004,1775.6913333333334,4558.758,19
2023-04-15,38747.462,1614.4775833333333,3648.927,20
2023-04-16,35162.146,1465.0894166666667,4596.194,19
2023-04-17,51850.767,2160.448625,5179.749,19
2023-04-18,53012.622,2208.85925,5119.371,19
2023-04-19,54595.561,2274.8150416666667,5372.247,19
2023-04-20,61301.239,2554.2182916666666,5776.059,19
2023-04-21,54971.242,2290.4684166666666,5082.668,19
2023-04-22,48127.804000000004,2005.3251666666667,4515.376,19
2023-04-23,32446.974000000002,1351.9572500000002,4049.648,19
2023-04-24,49828.29999999999,2076.1791666666663,4365.344,6
2023-04-25,50153.684,2089.7368333333334,5220.582,19
2023-04-26,64378.95,2682.4562499999997,5452.64,19
2023-04-27,68312.622,2846.35925,5171.783,19
2023-04-28,68632.513,2859.688041666667,5513.767,18
2023-04-29,53241.141,2218.3808750000003,3819.406,20
2023-04-30,43406.878,1808.6199166666665,3983.591,20
2023-05-01,34845.759,1451.9066249999998,4075.085,19
2023-05-02,56427.235,2351.134791666667,4728.687,19
2023-05-03,45337.570999999996,1889.0654583333333,3397.567,19
2023-05-04,55222.119999999995,2300.9216666666666,4864.704,20
2023-05-05,59140.596,2464.1915,4804.672,20
2023-05-06,43940.851,1830.8687916666668,3380.734,19
2023-05-07,43505.244,1812.7185,3535.212,19
2023-05-08,59138.258,2464.0940833333334,4477.243,19
2023-05-09,46411.093,1933.7955416666666,4376.232,5
2023-05-10,49580.026,2065.8344166666666,4427.612,19
2023-05-11,47121.059,1963.3774583333334,4570.0,19
2023-05-12,43114.865,1796.4527083333332,4195.527,5
2023-05-13,35326.844,1471.9518333333333,3846.576,20
2023-05-14,30956.155,1289.8397916666665,3652.354,20
2023-05-15,39066.924,1627.7884999999999,3245.172,5
2023-05-16,35571.909,1482.162875,3923.049,19
2023-05-17,31332.498999999996,1305.5207916666666,3734.943,19
2023-05-18,35843.219,1493.4674583333333,4005.064,20
2023-05-19,42491.363,1770.4734583333332,4500.563,20
2023-05-20,39466.062,1644.41925,4308.131,20
2023-05-21,40353.57,1681.39875,5161.226,20
2023-05-22,65075.43800000001,2711.4765833333336,4974.982,7
2023-05-23,55629.625,2317.9010416666665,4948.697,19
2023-05-24,48554.741,2023.1142083333334,4443.799,19
2023-05-25,43737.241,1822.3850416666667,3684.045,19
2023-05-26,39088.262,1628.6775833333334,3484.513,20
2023-05-27,50237.69,2093.2370833333334,4311.665,20
2023-05-28,38319.055,1596.6272916666667,3153.862,19
2023-05-29,50953.69899999999,2123.0707916666665,3857.657,20
2023-05-30,66613.693,2775.5705416666665,5035.947,20
2023-05-31,62165.443,2590.2267916666665,4643.827,19
2023-06-01,73056.408,3044.017,5205.812,20
2023-06-02,72443.497,3018.479041666667,5007.097,20
2023-06-03,49671.373999999996,2069.6405833333333,4853.384,20
2023-06-04,45423.151,1892.6312916666666,4900.662,20
2023-06-05,71068.79400000001,2961.19975,4912.718,19
2023-06-06,66613.05,2775.5437500000003,4708.318,18
2023-06-07,70284.383,2928.5159583333334,4894.362,20
2023-06-08,74433.281,3101.3867083333334,4854.542,20
2023-06-09,65247.394,2718.641416666667,4906.122,19
2023-06-10,61574.751000000004,2565.614625,4696.229,20
2023-06-11,53643.707,2235.1544583333334,4744.41,20
2023-06-12,79337.595,3305.733125,5049.58,20
2023-06-13,71931.478,2997.1449166666666,5204.781,5
2023-06-14,70478.605,2936.6085416666665,5597.884,19
2023-06-15,78020.325,3250.8468749999997,5478.971,20
2023-06-16,86797.545,3616.564375,5403.042,21
2023-06-17,60843.67,2535.1529166666664,4677.751,20
2023-06-18,48978.901,2040.7875416666666,4125.71,19
2023-06-19,72436.611,3018.192125,5626.861,20
2023-06-20,72822.546,3034.27275,5207.347,19
2023-06-21,82361.904,3431.7459999999996,4836.018,6
2023-06-22,67921.205,2830.0502083333336,5107.625,19
2023-06-23,62700.151,2612.5062916666666,5113.848,19
2023-06-24,53878.444,2244.9351666666666,4525.647,19
2023-06-25,45359.949,1889.997875,3918.341,19
2023-06-26,57619.535,2400.8139583333336,4970.232,20
2023-06-27,70623.696,2942.654,4940.663,19
2023-06-28,58303.621,2429.317541666667,4835.084,19
2023-06-29,41297.324,1720.7218333333333,3691.403,19
2023-06-30,47497.916,1979.0798333333332,3521.085,20
2023-07-01,34493.163,1437.215125,3107.339,20
2023-07-02,36140.155,1505.8397916666665,3130.6,20
2023-07-03,50773.331,2115.5554583333333,4208.889,20
2023-07-04,45785.094,1907.7122499999998,3568.812,20
2023-07-05,52640.148,2193.3395,3317.644,19
2023-07-06,50631.312999999995,2109.6380416666666,4344.637,19
2023-07-07,41400.265,1725.0110416666666,2980.642,5
2023-07-08,39365.754,1640.23975,3616.611,19
2023-07-09,35614.629,1483.942875,3180.787,20
2023-07-10,58190.268,2424.5944999999997,4956.215,20
2023-07-11,52503.66399999999,2187.6526666666664,4633.668,19
2023-07-12,48903.759,2037.6566249999998,4625.967,20
2023-07-13,50407.36099999999,2100.306708333333,4519.804,20
2023-07-14,39593.58,1649.7325,3492.676,19
2023-07-15,31048.076,1293.6698333333334,3268.092,20
2023-07-16,32765.724,1365.2385,3484.798,20
2023-07-17,47183.081,1965.9617083333333,4868.022,19
2023-07-18,55170.54,2298.7725,4317.765,18
2023-07-19,51591.603,2149.650125,4221.131,19
2023-07-20,46231.296,1926.304,4100.89,20
2023-07-21,42465.749,1769.4062083333336,3848.464,19
2023-07-22,40478.078,1686.5865833333335,4076.942,19
2023-07-23,36013.109,1500.5462083333332,3651.313,20
2023-07-24,40936.282,1705.6784166666666,3771.344,20
2023-07-25,37173.266,1548.8860833333335,4465.985,19
2023-07-26,41684.266,1736.8444166666668,3800.708,19
2023-07-27,43787.909999999996,1824.49625,3800.704,20
2023-07-28,47116.594,1963.1914166666666,3557.877,19
2023-07-29,36435.356,1518.1398333333334,3542.566,20
2023-07-30,27369.865999999995,1140.4110833333332,2630.247,20
2023-07-31,34866.61,1452.7754166666666,3875.07,20
2023-08-01,35733.46,1488.8941666666667,3482.884,20
2023-08-02,33091.058,1378.7940833333332,3101.199,19
2023-08-03,26618.269,1109.0945416666666,2343.465,5
2023-08-04,27962.874000000003,1165.11975,2350.753,20
2023-08-05,29633.239,1234.7182916666668,3119.48,19
2023-08-06,22965.301,956.8875416666666,2569.278,20
2023-08-07,30891.204000000005,1287.1335000000001,3431.332,19
2023-08-08,46105.344,1921.0559999999998,3888.395,19
2023-08-09,43184.888,1799.3703333333333,2980.317,20
2023-08-10,34458.753,1435.7813749999998,3651.907,18
2023-08-11,40976.623999999996,1707.359333333333,3364.799,19
2023-08-12,31520.557,1313.3565416666668,2745.21,19
2023-08-13,25503.156,1062.6315,2039.278,19
2023-08-14,29652.47,1235.5195833333335,3054.572,20
2023-08-15,28521.781000000003,1188.4075416666667,2655.755,19
2023-08-16,30768.189,1282.007875,3272.667,19
2023-08-17,31971.229,1332.1345416666666,3819.562,19
2023-08-18,35290.731999999996,1470.4471666666666,4773.266,19
2023-08-19,36294.092000000004,1512.2538333333334,4155.962,19
2023-08-20,33594.296,1399.7623333333333,3673.405,19
2023-08-21,51360.119000000006,2140.0049583333334,4554.954,19
2023-08-22,43426.6,1809.4416666666666,4518.498,19
2023-08-23,38074.809,1586.4503750000001,3913.896,19
2023-08-24,33877.192,1411.5496666666668,4019.368,19
2023-08-25,30956.826,1289.8677500000001,3078.343,19
2023-08-26,29229.176999999996,1217.882375,2436.653,6
2023-08-27,19219.314,800.8047499999999,1932.642,20
2023-08-28,27996.584,1166.5243333333333,2500.403,19
2023-08-29,24775.746,1032.32275,2336.282,6
2023-08-30,37250.081,1552.0867083333333,3611.376,19
2023-08-31,38240.593,1593.3580416666666,3328.92,19
2023-09-01,33412.644,1392.1935,2968.185,19
2023-09-02,23735.674,988.9864166666666,1814.607,19
2023-09-03,24854.002999999997,1035.5834583333333,2269.915,19
2023-09-04,27422.571,1142.607125,3295.031,19
2023-09-05,35898.971,1495.7904583333332,3850.51,18
2023-09-06,41348.493,1722.853875,3880.883,18
2023-09-07,44390.037000000004,1849.5848750000002,4150.109,18
2023-09-08,40143.409,1672.6420416666667,3942.903,18
2023-09-09,27844.103000000003,1160.1709583333334,3236.775,19
2023-09-10,23632.702,984.6959166666667,3218.687,18
2023-09-11,36694.121,1528.9217083333333,3728.968,18
2023-09-12,37153.448,1548.0603333333331,3508.976,6
2023-09-13,27742.578999999998,1155.9407916666667,2877.893,18
2023-09-14,25924.552,1080.1896666666667,2923.394,18
2023-09-15,33667.281,1402.8033750000002,3068.444,18
2023-09-16,25382.084,1057.5868333333333,2831.72,19
2023-09-17,16068.237,669.509875,1778.829,19
2023-09-18,35186.0,1466.0833333333333,3985.05,19
2023-09-19,38032.847,1584.7019583333333,3772.541,18
2023-09-20,26183.999,1090.9999583333333,3530.681,6
2023-09-21,22380.628,932.5261666666667,3520.115,18
2023-09-22,34127.731,1421.9887916666667,3823.578,18
2023-09-23,26136.881,1089.0367083333333,3158.602,19
2023-09-24,25426.721999999994,1059.4467499999998,3571.325,19
2023-09-25,37831.337,1576.3057083333333,4443.91,18
2023-09-26,43538.617,1814.1090416666666,4091.53,18
2023-09-27,45239.494,1884.9789166666667,4089.813,19
2023-09-28,42470.326,1769.5969166666666,3872.65,18
2023-09-29,43172.823000000004,1798.867625,4257.589,18
2023-09-30,26828.117,1117.8382083333333,3621.525,19
2023-10-01,21544.799,897.6999583333333,3320.551,19
2023-10-02,26703.125999999997,1112.63025,3294.022,18
2023-10-03,25889.814,1078.74225,3301.672,6
2023-10-04,32303.069000000003,1345.9612083333334,3455.516,19
2023-10-05,38383.411,1599.3087916666666,3696.617,19
2023-10-06,42052.293,1752.1788749999998,3689.188,18
2023-10-07,25020.256999999998,1042.5107083333332,3340.312,18
2023-10-08,23861.997,994.249875,2833.206,18
2023-10-09,43153.711,1798.0712916666669,4072.895,18
2023-10-10,44479.988,1853.3328333333332,4186.228,18
2023-10-11,48762.089,2031.7537083333334,4414.787,18
2023-10-12,35055.537,1460.6473749999998,3449.732,18
2023-10-13,35916.156,1496.5065000000002,3801.716,19
2023-10-14,41534.629,1730.6095416666667,3513.438,18
2023-10-15,35547.743,1481.1559583333335,3785.3,18
2023-10-16,58467.301999999996,2436.137583333333,4219.583,18
2023-10-17,34413.359,1433.8899583333332,3406.362,6
2023-10-18,26076.322,1086.5134166666667,2582.444,6
2023-10-19,36506.39,1521.0995833333334,2852.38,8
2023-10-20,46541.502,1939.22925,3163.876,18
2023-10-21,53816.782,2242.3659166666666,4135.583,19
2023-10-22,57467.776,2394.4906666666666,3637.087,16
2023-10-23,78647.885,3276.9952083333333,4847.211,7
2023-10-24,56093.831999999995,2337.243,4746.419,18
2023-10-25,53109.801,2212.908375,4235.109,18
2023-10-26,60971.281,2540.470041666667,4138.009,19
2023-10-27,71237.177,2968.215708333333,4238.015,18
2023-10-28,64284.952999999994,2678.5397083333332,3888.079,18
2023-10-29,73618.99,3067.4579166666667,5085.406,17
2023-10-30,76868.10399999999,3202.8376666666663,5331.101,19
2023-10-31,118233.359,4926.389958333333,6394.361,16
2023-11-01,89029.824,3709.5759999999996,4844.406,19
2023-11-02,92345.86,3847.744166666667,5583.385,19
2023-11-03,100897.932,4204.0805,6179.696,19
2023-11-04,98124.707,4088.529458333333,4750.415,20
2023-11-05,96681.978,4028.41575,5758.167,18
2023-11-06,109958.425,4581.601041666667,6502.129,18
2023-11-07,127154.79499999998,5298.116458333333,7006.497,19
2023-11-08,127049.53399999999,5293.730583333333,7215.279,17
2023-11-09,121041.449,5043.393708333333,7646.318,18
2023-11-10,117394.497,4891.437375,5840.582,7
2023-11-11,91870.427,3827.934458333333,4500.109,20
2023-11-12,99214.055,4133.918958333333,5697.106,18
2023-11-13,114556.62400000001,4773.192666666667,7519.817,19
2023-11-14,122844.761,5118.531708333333,7533.101,19
2023-11-15,136936.067,5705.669458333334,7438.998,17
2023-11-16,135515.572,5646.482166666666,7992.3,19
2023-11-17,154583.116,6440.963166666667,8386.518,17
2023-11-18,143306.418,5971.1007500000005,8243.473,19
2023-11-19,111973.032,4665.543000000001,7679.416,19
2023-11-20,129969.54000000001,5415.3975,7659.926,7
2023-11-21,94446.892,3935.287166666667,7323.657,18
2023-11-22,81625.064,3401.0443333333333,6542.452,19
2023-11-23,96600.226,4025.0094166666663,7740.17,17
2023-11-24,109580.014,4565.8339166666665,7299.916,17
2023-11-25,107834.872,4493.1196666666665,7807.034,20
2023-11-26,146110.794,6087.94975,7918.64,17
2023-11-27,142512.787,5938.032791666667,7424.456,7
2023-11-28,139407.506,5808.646083333333,7303.654,19
2023-11-29,108747.942,4531.16425,6432.052,7
2023-11-30,136208.251,5675.343791666666,7769.75,19
2023-12-01,132815.537,5533.9807083333335,7420.229,18
2023-12-02,132310.079,5512.919958333333,8224.066,20
2023-12-03,132646.414,5526.933916666666,8008.077,19
2023-12-04,147042.14,6126.755833333334,8961.831,19
2023-12-05,174539.579,7272.482458333333,8485.068,19
2023-12-06,170320.884,7096.7035,8367.141,19
2023-12-07,141314.06,5888.0858333333335,7381.051,18
2023-12-08,97269.26,4052.8858333333333,5963.726,18
2023-12-09,100739.29200000002,4197.4705,5795.67,19
2023-12-10,107049.315,4460.388125,7225.932,18
2023-12-11,129117.40599999999,5379.8919166666665,7623.605,19
2023-12-12,139792.734,5824.69725,7967.581,19
2023-12-13,127047.14499999999,5293.6310416666665,8345.702,20
2023-12-14,125366.91,5223.62125,7966.323,19
2023-12-15,137830.064,5742.919333333334,8176.183,18
2023-12-16,139821.899,5825.912458333333,8852.267,19
2023-12-17,145580.906,6065.8710833333325,8913.435,19
2023-12-18,171806.91,7158.62125,9006.535,19
2023-12-19,162767.988,6781.999500000001,8840.296,7
2023-12-20,111053.87900000002,4627.244958333334,6170.181,8
2023-12-21,117012.20999999999,4875.50875,8023.787,20
2023-12-22,103811.64600000001,4325.485250000001,6996.288,18
2023-12-23,103490.507,4312.104458333333,8020.946,19
2023-12-24,126641.13100000001,5276.713791666667,7822.264,18
2023-12-25,107927.621,4496.984208333333,6970.113,20
2023-12-26,143324.413,5971.850541666667,7806.474,19
2023-12-27,142873.514,5953.063083333333,8565.915,19
2023-12-28,140325.915,5846.913125,8074.445,19
2023-12-29,153438.929,6393.2887083333335,8116.334,19
2023-12-30,90240.107,3760.0044583333333,6744.526,0
2023-12-31,73504.179,3062.674125,6182.187,18
2024-01-01,56957.183999999994,2373.216,4563.506,20
2024-01-02,68710.64899999999,2862.943708333333,4821.307,20
2024-01-03,95570.081,3982.0867083333337,6897.502,19
2024-01-04,139944.961,5831.040041666667,8592.507,19
2024-01-05,82198.474,3424.936416666667,4745.52,20
2024-01-06,78008.488,3250.3536666666664,5952.761,19
2024-01-07,88909.786,3704.5744166666664,6073.556,18
2024-01-08,149001.858,6208.41075,8401.097,19
2024-01-09,171370.26499999998,7140.427708333333,8899.539,18
2024-01-10,162257.405,6760.725208333333,8170.154,19
2024-01-11,154517.899,6438.245791666667,8540.606,18
2024-01-12,125918.924,5246.621833333334,7466.225,7
2024-01-13,133700.149,5570.839541666667,7601.867,18
2024-01-14,107682.228,4486.7595,6329.415,19
2024-01-15,135122.895,5630.120625,7434.129,18
2024-01-16,109511.158,4562.964916666667,6844.905,7
2024-01-17,105991.439,4416.309958333333,6200.8,19
2024-01-18,122108.114,5087.838083333333,7118.525,17
2024-01-19,137920.253,5746.6772083333335,7323.117,19
2024-01-20,140353.03,5848.042916666666,7861.295,18
2024-01-21,139088.065,5795.3360416666665,7068.379,19
2024-01-22,145017.273,6042.386374999999,7498.915,18
2024-01-23,150006.951,6250.289625,9037.229,19
2024-01-24,143320.231,5971.676291666667,8675.228,19
2024-01-25,161171.863,6715.494291666667,9072.361,19
2024-01-26,167676.132,6986.5055,9337.255,19
2024-01-27,126003.80599999998,5250.158583333333,7475.594,18
2024-01-28,111394.153,4641.423041666667,7661.857,19
2024-01-29,140883.22,5870.134166666667,8481.488,18
2024-01-30,163204.213,6800.1755416666665,8361.965,19
2024-01-31,161306.859,6721.119125,8287.937,19
2024-02-01,148824.192,6201.008000000001,8769.238,18
2024-02-02,120681.834,5028.40975,8131.873,18
2024-02-03,104964.19,4373.5079166666665,7694.362,19
2024-02-04,90274.386,3761.43275,7951.597,19
2024-02-05,142872.691,5953.028791666667,7918.226,19
2024-02-06,134374.806,5598.950250000001,8040.3,19
2024-02-07,107465.694,4477.73725,7315.448,19
2024-02-08,103241.658,4301.73575,6335.771,19
2024-02-09,106670.50199999998,4444.604249999999,6995.235,8
2024-02-10,63821.941,2659.2475416666666,5396.359,18
2024-02-11,74406.202,3100.258416666667,5960.602,20
2024-02-12,90240.05,3760.0020833333333,7617.034,19
2024-02-13,137856.069,5744.002874999999,7989.391,18
2024-02-14,136397.949,5683.247875,7687.78,18
2024-02-15,128079.364,5336.640166666667,7884.909,19
2024-02-16,116115.567,4838.148625,8217.569,19
2024-02-17,100314.83300000001,4179.784708333334,7714.9,18
2024-02-18,91576.43000000001,3815.6845833333336,7228.182,20
2024-02-19,86793.39,3616.39125,7404.262,19
2024-02-20,124636.182,5193.17425,7361.515,18
2024-02-21,133905.853,5579.410541666667,8271.723,18
2024-02-22,79399.052,3308.293833333333,5476.397,7
2024-02-23,67830.897,2826.287375,5286.839,19
2024-02-24,62797.603,2616.5667916666666,6168.659,19
2024-02-25,60471.212,2519.6338333333333,4971.615,19
2024-02-26,92258.629,3844.1095416666667,5991.503,19
2024-02-27,103049.424,4293.726,6540.581,19
2024-02-28,113587.97099999999,4732.832125,8191.075,20
2024-02-29,116871.29500000001,4869.637291666667,7321.61,19
2024-03-01,121378.56,5057.44,7757.124,19
2024-03-02,118951.84099999999,4956.326708333333,7012.453,19
2024-03-03,105916.19,4413.174583333333,8347.899,19
2024-03-04,122631.224,5109.634333333333,7768.79,20
2024-03-05,149414.913,6225.621375,9452.963,19
2024-03-06,164272.179,6844.6741250000005,8957.288,19
2024-03-07,147677.69700000001,6153.237375000001,8813.365,20
2024-03-08,153484.4,6395.183333333333,8743.215,19
2024-03-09,149959.486,6248.311916666667,8249.586,19
2024-03-10,133737.268,5572.386166666667,7420.394,20
2024-03-11,155051.881,6460.495041666666,9100.733,19
2024-03-12,166243.658,6926.819083333333,9380.615,19
2024-03-13,173475.833,7228.159708333334,9478.558,19
2024-03-14,177289.348,7387.056166666666,9313.174,19
2024-03-15,185367.473,7723.644708333333,9761.318,18
2024-03-16,168359.487,7014.978625,9290.137,18
2024-03-17,170394.705,7099.779374999999,9569.041,20
2024-03-18,188733.823,7863.909291666667,9600.934,20
2024-03-19,195411.538,8142.147416666667,9821.197,18
2024-03-20,184361.051,7681.710458333334,9427.618,6
2024-03-21,163174.461,6798.935875,8421.907,20
2024-03-22,172060.218,7169.175749999999,10138.649,18
2024-03-23,131284.375,5470.182291666667,7193.015,18
2024-03-24,123722.581,5155.107541666667,7614.687,18
2024-03-25,177413.445,7392.226875,8957.446,21
2024-03-26,162960.956,6790.039833333333,9106.756,19
2024-03-27,119869.3,4994.554166666667,6764.458,19
2024-03-28,126719.41,5279.975416666667,7198.048,20
2024-03-29,141426.494,5892.770583333334,8901.607,20
2024-03-30,148009.664,6167.069333333333,7949.894,20
2024-03-31,146133.04200000002,6088.87675,7793.428,7
2024-04-01,138896.55,5787.35625,8003.264,19
2024-04-02,153163.864,6381.827666666667,8871.175,6
2024-04-03,157942.865,6580.952708333333,8685.196,20
2024-04-04,152965.48,6373.561666666667,8669.462,6
2024-04-05,150756.467,6281.519458333333,8389.822,6
2024-04-06,154550.803,6439.616791666667,8526.717,19
2024-04-07,158906.543,6621.105958333334,8785.519,20
2024-04-08,161001.853,6708.410541666667,8527.138,19
2024-04-09,157629.329,6567.888708333333,9456.182,19
2024-04-10,162910.224,6787.9259999999995,8943.317,5
2024-04-11,149171.82200000001,6215.492583333334,9182.529,19
2024-04-12,165475.907,6894.829458333334,9529.368,19
2024-04-13,146473.575,6103.065625,8285.065,19
2024-04-14,138183.735,5757.655624999999,8352.428,19
2024-04-15,130879.889,5453.328708333333,7740.055,19
2024-04-16,117685.655,4903.568958333333,7505.55,19
2024-04-17,121541.35800000001,5064.22325,8171.295,19
2024-04-18,118358.606,4931.608583333334,8182.331,19
2024-04-19,138147.299,5756.137458333334,9306.683,19
2024-04-20,106738.704,4447.446,7131.815,19
2024-04-21,83919.11,3496.6295833333334,5708.818,19
2024-04-22,89953.88,3748.0783333333334,7616.01,19
2024-04-23,97463.663,4060.985958333333,7777.136,19
2024-04-24,114743.52100000001,4780.980041666667,8654.978,19
2024-04-25,162825.396,6784.391500000001,8794.932,20
2024-04-26,165530.606,6897.108583333334,8192.282,5
2024-04-27,109029.24299999999,4542.885125,7920.766,20
2024-04-28,112803.856,4700.160666666667,7818.544,19
2024-04-29,143912.238,5996.343250000001,8421.537,5
2024-04-30,98638.823,4109.950958333334,6934.498,5
2024-05-01,64706.81599999999,2696.117333333333,5372.536,20
2024-05-02,76160.189,3173.3412083333333,6142.516,19
2024-05-03,93289.315,3887.054791666667,6725.708,19
2024-05-04,90156.597,3756.5248749999996,6581.383,20
2024-05-05,93193.696,3883.0706666666665,6992.068,20
2024-05-06,122193.551,5091.397958333334,8190.867,19
2024-05-07,98200.973,4091.7072083333333,7036.935,5
2024-05-08,90500.288,3770.845333333333,6736.667,21
2024-05-09,106861.438,4452.559916666666,8033.654,19
2024-05-10,99064.745,4127.697708333333,7082.692,5
2024-05-11,82719.592,3446.6496666666667,6399.262,20
2024-05-12,86195.732,3591.4888333333333,6767.087,20
2024-05-13,89916.042,3746.50175,6550.057,5
2024-05-14,83229.955,3467.9147916666666,6754.765,19
2024-05-15,97910.383,4079.599291666667,7758.594,20
2024-05-16,117516.785,4896.532708333333,8211.251,19
2024-05-17,136466.88,5686.12,7448.446,19
2024-05-18,91012.598,3792.1915833333333,7128.51,20
2024-05-19,84146.114,3506.0880833333335,6586.042,20
2024-05-20,99601.823,4150.075958333334,6931.002,20
2024-05-21,110818.71300000002,4617.446375,7246.488,5
2024-05-22,102173.302,4257.220916666666,7558.139,19
2024-05-23,107814.937,4492.289041666667,7238.659,19
2024-05-24,107201.596,4466.733166666667,8120.182,20
2024-05-25,84227.541,3509.4808749999997,5695.032,20
2024-05-26,79972.724,3332.1968333333334,5168.897,20
2024-05-27,91374.51699999999,3807.2715416666665,6488.321,19
2024-05-28,99612.241,4150.510041666666,7504.993,19
2024-05-29,105941.082,4414.2117499999995,7082.124,5
2024-05-30,94633.63,3943.067916666667,6887.375,5
2024-05-31,78558.634,3273.276416666667,5554.14,19
2024-06-01,52767.008,2198.6253333333334,4497.532,19
2024-06-02,51681.08499999999,2153.3785416666665,5448.795,20
2024-06-03,86844.778,3618.532416666667,6456.328,19
2024-06-04,116930.33300000001,4872.097208333334,8292.934,19
2024-06-05,120204.94,5008.5391666666665,7544.344,19
2024-06-06,108087.72399999999,4503.655166666666,7098.651,19
2024-06-07,111195.109,4633.129541666666,6581.637,5
2024-06-08,91493.659,3812.2357916666665,5377.447,5
2024-06-09,59291.012,2470.4588333333336,4924.113,20
2024-06-10,80002.835,3333.4514583333334,6151.92,19
2024-06-11,79127.335,3296.972291666667,5468.126,19
2024-06-12,72648.283,3027.0117916666663,5185.697,19
2024-06-13,79320.503,3305.020958333333,6566.1,19
2024-06-14,64878.373999999996,2703.2655833333333,5845.634,5
2024-06-15,44706.824,1862.7843333333333,4608.786,20
2024-06-16,48508.796,2021.1998333333333,4831.348,20
2024-06-17,74883.787,3120.1577916666665,6370.079,20
2024-06-18,91598.492,3816.603833333333,5832.945,20
2024-06-19,103294.97899999999,4303.957458333333,6581.023,19
2024-06-20,94343.607,3930.9836250000003,6142.018,20
2024-06-21,90724.064,3780.1693333333333,6812.389,19
2024-06-22,61538.936,2564.1223333333332,5155.577,20
2024-06-23,51902.819,2162.6174583333336,5135.103,20
2024-06-24,74863.678,3119.319916666667,6608.389,19
2024-06-25,87673.44099999999,3653.060041666666,6342.245,20
2024-06-26,102946.614,4289.44225,6560.22,20
2024-06-27,97963.406,4081.8085833333334,6145.667,20
2024-06-28,91617.222,3817.3842499999996,5849.532,20
2024-06-29,76920.875,3205.0364583333335,6300.032,20
2024-06-30,70044.492,2918.5205,5640.0,20
2024-07-01,60638.307,2526.596125,5811.511,20
2024-07-02,77848.061,3243.6692083333332,6391.189,19
2024-07-03,84410.293,3517.095541666667,6533.712,19
2024-07-04,74566.631,3106.942958333333,7024.196,19
2024-07-05,75557.98300000001,3148.249291666667,5781.603,20
2024-07-06,40782.818,1699.2840833333332,2960.293,0
2024-07-07,53291.297,2220.4707083333333,5507.121,20
2024-07-08,66703.893,2779.3288749999997,5985.686,19
2024-07-09,75283.981,3136.8325416666667,5775.929,20
2024-07-10,90690.747,3778.781125,7014.591,19
2024-07-11,88740.08,3697.5033333333336,6097.338,19
2024-07-12,71985.499,2999.3957916666664,5274.431,19
2024-07-13,62444.868,2601.8695000000002,5814.407,20
2024-07-14,49856.2,2077.3416666666667,5160.002,20
2024-07-15,59842.90000000001,2493.454166666667,5843.672,19
2024-07-16,81143.431,3380.9762916666664,5895.832,19
2024-07-17,80487.004,3353.6251666666667,6288.199,19
2024-07-18,99415.924,4142.330166666667,6107.088,19
2024-07-19,86324.152,3596.8396666666667,6212.298,19
2024-07-20,49661.072,2069.211333333333,4781.475,1
2024-07-21,40317.743,1679.9059583333335,4068.184,20
2024-07-22,53221.545,2217.564375,5671.205,19
2024-07-23,77943.004,3247.6251666666667,5820.458,19
2024-07-24,82845.446,3451.893583333333,6373.792,19
2024-07-25,68287.393,2845.3080416666667,5135.617,19
2024-07-26,69822.239,2909.2599583333335,5398.152,19
2024-07-27,62028.584,2584.5243333333333,5019.507,19
2024-07-28,47562.468,1981.7695,4779.66,20
2024-07-29,81874.787,3411.449458333333,5432.615,19
2024-07-30,73935.526,3080.6469166666666,6032.533,20
2024-07-31,82087.018,3420.2924166666667,5812.585,19
2024-08-01,66994.276,2791.4281666666666,4968.406,20
2024-08-02,52833.777,2201.4073750000002,4946.661,19
2024-08-03,52133.65400000001,2172.2355833333336,4856.657,19
2024-08-04,49979.966,2082.4985833333335,5122.745,19
2024-08-05,67109.433,2796.226375,5377.157,19
2024-08-06,65460.841,2727.5350416666665,5257.98,19
2024-08-07,61251.78,2552.1575,5322.25,19
2024-08-08,64233.454,2676.3939166666664,5535.23,19
2024-08-09,72739.162,3030.7984166666665,5458.037,19
2024-08-10,55996.564,2333.1901666666668,5159.375,19
2024-08-11,48489.444,2020.3935000000001,4772.611,20
2024-08-12,74268.044,3094.5018333333333,4969.638,5
2024-08-13,77048.952,3210.373,5613.61,20
2024-08-14,55192.478,2299.6865833333336,4395.713,4
2024-08-15,29374.360999999997,1223.9317083333333,4181.946,19
2024-08-16,45122.559,1880.1066250000001,5337.602,19
2024-08-17,47560.456,1981.6856666666665,4523.507,19
2024-08-18,34866.257,1452.7607083333332,4243.439,20
2024-08-19,50791.883,2116.3284583333334,5248.856,19
2024-08-20,57244.25,2385.1770833333335,4892.495,19
2024-08-21,57573.687,2398.903625,5983.246,20
2024-08-22,71275.555,2969.814791666666,5504.725,19
2024-08-23,71175.734,2965.655583333333,6203.129,19
2024-08-24,34557.407,1439.8919583333334,3641.423,19
2024-08-25,22759.532,948.3138333333333,2881.354,19
2024-08-26,68253.234,2843.8847499999997,6150.166,19
2024-08-27,87608.414,3650.3505833333334,5907.071,19
2024-08-28,73977.755,3082.4064583333334,5624.59,19
2024-08-29,69533.373,2897.223875,5805.256,19
2024-08-30,65287.973,2720.3322083333333,5235.281,19
2024-08-31,58315.09999999999,2429.795833333333,4576.333,20
2024-09-01,50759.565,2114.981875,4014.631,19
2024-09-02,60296.138999999996,2512.339125,4510.596,18
2024-09-03,56056.4,2335.6833333333334,4598.027,6
2024-09-04,46588.068,1941.1695,3909.093,19
2024-09-05,66527.741,2771.989208333333,4508.009,6
2024-09-06,63353.633,2639.7347083333334,5261.397,19
2024-09-07,66078.311,2753.2629583333332,4824.587,18
2024-09-08,43730.331,1822.097125,4178.734,19
2024-09-09,56351.42499999999,2347.9760416666663,5138.534,19
2024-09-10,51784.03,2157.6679166666668,4439.401,18
2024-09-11,49949.516,2081.2298333333333,4535.021,19
2024-09-12,53986.344,2249.431,4544.876,6
2024-09-13,38310.704,1596.2793333333332,3616.015,5
2024-09-14,32399.924,1349.9968333333334,4466.083,19
2024-09-15,25327.034,1055.2930833333332,4126.021,19
2024-09-16,30419.851000000002,1267.4937916666668,4753.473,19
2024-09-17,33172.943,1382.2059583333332,4114.597,18
2024-09-18,63020.856,2625.869,5151.537,18
2024-09-19,93977.806,3915.7419166666664,5902.299,18
2024-09-20,95009.628,3958.7345,6132.98,19
2024-09-21,82815.726,3450.65525,5966.493,19
2024-09-22,72437.553,3018.231375,5736.219,19
2024-09-23,73244.788,3051.8661666666667,5781.558,18
2024-09-24,75451.633,3143.818041666667,6190.802,18
2024-09-25,45322.401,1888.4333749999998,4117.247,6
2024-09-26,36913.597,1538.0665416666668,2841.709,18
2024-09-27,40177.037000000004,1674.0432083333335,4097.136,19
2024-09-28,46890.107,1953.7544583333336,5214.627,20
2024-09-29,37207.833,1550.3263749999999,4648.515,19
2024-09-30,64984.335,2707.680625,5975.437,18
2024-10-01,72152.414,3006.3505833333334,5335.217,18
2024-10-02,66916.455,2788.185625,4787.376,6
2024-10-03,74968.929,3123.705375,5537.732,19
2024-10-04,89737.266,3739.0527500000003,6459.727,19
2024-10-05,67402.555,2808.439791666666,5554.097,0
2024-10-06,43536.267,1814.011125,4575.022,18
2024-10-07,66146.56999999999,2756.107083333333,4775.42,6
2024-10-08,52890.622,2203.775916666667,3871.242,18
2024-10-09,61724.138,2571.8390833333333,4361.963,19
2024-10-10,97407.147,4058.631125,5962.86,19
2024-10-11,111751.17,4656.29875,6758.437,6
2024-10-12,108507.084,4521.1285,6584.581,19
2024-10-13,88321.223,3680.0509583333333,6747.727,19
2024-10-14,123962.728,5165.113666666667,6680.314,18
2024-10-15,107007.76499999998,4458.656875,6421.344,17
2024-10-16,92323.137,3846.797375,6335.822,18
2024-10-17,81687.579,3403.649125,5934.128,18
2024-10-18,93869.112,3911.2129999999997,6686.684,18
2024-10-19,88643.664,3693.4860000000003,6333.154,18
2024-10-20,80885.444,3370.2268333333336,6583.711,19
2024-10-21,111310.054,4637.9189166666665,6981.437,18
2024-10-22,105459.89800000002,4394.162416666667,6912.268,17
2024-10-23,112172.421,4673.850875,7230.71,17
2024-10-24,101029.04199999999,4209.543416666666,6914.849,17
2024-10-25,126062.97399999999,5252.623916666666,7672.765,18
2024-10-26,116394.563,4849.773458333333,6928.655,18
2024-10-27,108506.262,4521.09425,6704.079,19
2024-10-28,97355.217,4056.467375,6358.046,18
2024-10-29,120063.174,5002.63225,6451.889,8
2024-10-30,109993.614,4583.06725,7125.141,18
2024-10-31,117021.367,4875.890291666667,6176.17,20
2024-11-01,105016.821,4375.7008749999995,6628.497,17
2024-11-02,104998.375,4374.932291666667,7254.977,18
2024-11-03,91248.04000000001,3802.001666666667,6892.252,18
2024-11-04,115983.99,4832.66625,7405.152,18
2024-11-05,125728.66,5238.694166666667,7654.827,18
2024-11-06,118153.826,4923.076083333333,7516.917,18
2024-11-07,119793.67800000001,4991.40325,7187.956,19
2024-11-08,134183.508,5590.9795,7435.815,18
2024-11-09,98490.23000000001,4103.7595833333335,6678.111,18
2024-11-10,79322.489,3305.1037083333335,6062.797,18
2024-11-11,78167.17,3256.9654166666664,5609.026,18
2024-11-12,71912.245,2996.3435416666666,5160.976,20
2024-11-13,96967.258,4040.302416666667,6078.944,19
2024-11-14,102688.15,4278.672916666666,6277.807,18
2024-11-15,97529.789,4063.7412083333334,5899.751,17
2024-11-16,86794.027,3616.4177916666667,5621.918,19
2024-11-17,87136.477,3630.6865416666665,6455.629,20
2024-11-18,101665.659,4236.069125,6739.733,19
2024-11-19,88293.327,3678.888625,5859.02,7
2024-11-20,64606.364,2691.9318333333335,5464.894,17
2024-11-21,61067.403,2544.475125,4224.232,19
2024-11-22,86947.282,3622.803416666667,6704.318,19
2024-11-23,49605.229999999996,2066.884583333333,3473.777,17
2024-11-24,50283.56599999999,2095.148583333333,3444.311,19
2024-11-25,76194.828,3174.7844999999998,7040.099,19
2024-11-26,99890.04000000001,4162.085,6744.287,19
2024-11-27,89153.036,3714.709833333333,7083.334,19
2024-11-28,87309.116,3637.879833333333,6837.9,19
2024-11-29,85634.034,3568.08475,6749.908,19
2024-11-30,74054.155,3085.5897916666668,5576.409,17
2024-12-01,83881.74,3495.0725,6423.067,20
2024-12-02,90779.945,3782.497708333334,6717.192,19
2024-12-03,84712.799,3529.699958333333,6201.19,19
2024-12-04,78813.057,3283.877375,7647.877,17
2024-12-05,77839.059,3243.294125,6044.562,17
2024-12-06,63642.948,2651.7895,5346.994,17
2024-12-07,37872.362,1578.0150833333335,3633.58,18
2024-12-08,38163.747,1590.1561250000002,4131.114,19
2024-12-09,64785.683999999994,2699.4035,5859.178,19
2024-12-10,101532.72,4230.53,7822.544,19
2024-12-11,125878.823,5244.950958333334,8382.255,18
2024-12-12,129576.77299999999,5399.032208333333,8468.691,17
2024-12-13,128353.989,5348.082875,8252.025,18
2024-12-14,94820.292,3950.8455,6053.685,19
2024-12-15,55333.117,2305.5465416666666,5367.076,19
2024-12-16,82196.085,3424.8368750000004,6807.252,19
2024-12-17,86220.511,3592.5212916666665,6475.257,19
2024-12-18,85410.878,3558.786583333333,5566.81,19
2024-12-19,68059.048,2835.7936666666665,5132.192,19
2024-12-20,85924.626,3580.19275,6230.726,7
2024-12-21,70449.941,2935.4142083333336,5747.315,19
2024-12-22,52641.043,2193.3767916666666,3943.705,18
2024-12-23,50760.61499999999,2115.0256249999998,4319.222,18
2024-12-24,44665.196,1861.0498333333335,4359.285,18
2024-12-25,58259.092000000004,2427.4621666666667,5662.12,20
2024-12-26,85851.441,3577.143375,6604.694,18
2024-12-27,87270.056,3636.2523333333334,7046.264,19
2024-12-28,89586.511,3732.7712916666665,7480.272,20
2024-12-29,81233.988,3384.7495,6978.547,19
2024-12-30,95590.131,3982.9221249999996,7505.214,19
2024-12-31,87758.733,3656.6138749999996,6912.753,18
2025-01-01,57741.344,2405.889333333333,5869.249,20
2025-01-02,74217.35800000001,3092.389916666667,6202.018,18
2025-01-03,70633.828,2943.0761666666663,5851.0,19
2025-01-04,80236.189,3343.1745416666668,6001.425,18
2025-01-05,44343.963,1847.6651250000002,3131.104,19
2025-01-06,53878.424,2244.934333333333,4379.589,19
2025-01-07,72578.9,3024.120833333333,6165.558,19
2025-01-08,90882.96,3786.7900000000004,6474.991,18
2025-01-09,92699.817,3862.492375,7320.936,17
2025-01-10,116033.562,4834.73175,7821.387,18
2025-01-11,80676.358,3361.5149166666665,5448.292,19
2025-01-12,66341.433,2764.226375,5625.179,18
2025-01-13,107208.011,4467.000458333333,8655.653,18
2025-01-14,122955.236,5123.1348333333335,8357.782,18
2025-01-15,133999.251,5583.302124999999,8666.472,7
2025-01-16,137173.54499999998,5715.564374999999,8693.196,18
2025-01-17,142630.115,5942.921458333333,8459.683,19
2025-01-18,137090.401,5712.1000416666675,8350.523,18
2025-01-19,122116.60800000001,5088.192,7935.836,18
2025-01-20,138050.185,5752.091041666667,7556.707,17
2025-01-21,122756.109,5114.837875,7397.351,18
2025-01-22,115308.617,4804.525708333334,7153.215,18
2025-01-23,125436.566,5226.523583333334,6849.354,18
2025-01-24,104287.66400000002,4345.319333333334,7231.24,7
2025-01-25,84674.342,3528.0975833333337,5356.386,20
2025-01-26,71524.658,2980.1940833333333,4737.509,19
2025-01-27,81044.125,3376.8385416666665,5391.956,19
2025-01-28,109467.214,4561.133916666667,6745.88,19
2025-01-29,122227.219,5092.800791666667,8312.396,19
2025-01-30,113574.155,4732.256458333333,8033.805,20
2025-01-31,142770.941,5948.789208333333,8820.982,18
2025-02-01,135348.134,5639.505583333333,8669.537,18
2025-02-02,156892.582,6537.190916666666,9165.528,18
2025-02-03,166418.911,6934.121291666666,9697.901,19
2025-02-04,177121.193,7380.049708333333,9459.467,19
2025-02-05,170814.361,7117.265041666667,9461.241,18
2025-02-06,177474.875,7394.786458333333,9101.975,19
2025-02-07,169826.378,7076.0990833333335,9334.246,19
2025-02-08,145834.934,6076.455583333333,8547.533,19
2025-02-09,155018.018,6459.084083333334,8848.86,20
2025-02-10,174101.38999999998,7254.224583333333,8940.837,19
2025-02-11,170287.647,7095.318625,9050.797,19
2025-02-12,163031.121,6792.963375,9302.224,19
2025-02-13,163617.471,6817.394625,9232.153,19
2025-02-14,169304.22,7054.3425,9012.019,18
2025-02-15,154225.945,6426.081041666667,9029.638,20
2025-02-16,149371.512,6223.812999999999,9121.605,19
2025-02-17,161664.006,6736.00025,9049.726,18
2025-02-18,145433.672,6059.736333333333,8435.498,18
2025-02-19,149294.252,6220.593833333333,8917.887,19
2025-02-20,128286.41700000002,5345.267375,8453.691,19
2025-02-21,94426.379,3934.432458333333,6734.219,18
2025-02-22,124597.31,5191.5545833333335,7949.87,18
2025-02-23,90232.436,3759.6848333333332,6995.979,19
2025-02-24,107870.829,4494.617875,7434.885,18
2025-02-25,120580.05300000001,5024.168875,8141.336,19
2025-02-26,131348.03399999999,5472.834749999999,8819.151,19
2025-02-27,143735.518,5988.979916666667,8625.745,19
2025-02-28,136632.49,5693.020416666666,8031.41,18
2025-03-01,82838.423,3451.600958333333,5196.366,20
2025-03-02,80416.904,3350.704333333333,6093.597,20
2025-03-03,129172.976,5382.207333333333,7996.257,19
2025-03-04,124319.291,5179.970458333333,8141.582,19
2025-03-05,132087.491,5503.645458333333,8026.005,19
2025-03-06,121826.997,5076.124875,8496.317,19
2025-03-07,107073.101,4461.379208333333,7303.694,7
2025-03-08,71057.586,2960.7327499999997,5220.811,20
2025-03-09,96968.005,4040.333541666667,8402.047,19
2025-03-10,149258.561,6219.106708333333,9010.844,19
2025-03-11,151646.482,6318.603416666666,8298.199,19
2025-03-12,155346.676,6472.778166666667,9439.099,18
2025-03-13,172541.886,7189.24525,9423.986,19
2025-03-14,163904.871,6829.369625,9369.21,19
2025-03-15,153181.342,6382.555916666667,9184.054,20
2025-03-16,151157.489,6298.228708333333,9061.809,19
2025-03-17,168686.197,7028.591541666666,9496.85,19
2025-03-18,161994.213,6749.7588749999995,8546.633,18
2025-03-19,120932.302,5038.845916666666,7114.926,6
2025-03-20,115738.772,4822.448833333333,8360.998,18
2025-03-21,120725.735,5030.238958333333,8228.796,20
2025-03-22,128590.35399999999,5357.931416666666,8397.528,21
2025-03-23,135322.773,5638.448874999999,9137.846,19
2025-03-24,158748.97699999998,6614.540708333333,9014.085,19
2025-03-25,174230.385,7259.599375000001,9784.313,19
2025-03-26,169807.317,7075.304875000001,9542.606,19
2025-03-27,170288.792,7095.3663333333325,9390.691,19
2025-03-28,156147.358,6506.139916666667,8882.62,19
2025-03-29,116941.691,4872.570458333334,7456.622,19
2025-03-30,96281.064,4011.711,7738.186,19
2025-03-31,124154.60699999999,5173.108625,8720.008,18
2025-04-01,146537.973,6105.748875,9512.347,19
2025-04-02,143468.532,5977.855500000001,9147.135,5
2025-04-03,143757.377,5989.890708333333,8765.602,19
2025-04-04,136298.906,5679.1210833333325,8362.828,19
2025-04-05,124676.662,5194.8609166666665,8820.449,19
2025-04-06,119912.888,4996.370333333333,8011.544,19
2025-04-07,148563.074,6190.128083333333,9558.467,5
2025-04-08,151239.68600000002,6301.653583333334,9202.717,5
2025-04-09,150134.561,6255.606708333333,9418.307,18
2025-04-10,132534.931,5522.288791666667,8986.718,19
2025-04-11,139288.832,5803.701333333333,8089.558,18
2025-04-12,148110.392,6171.266333333333,9054.015,19
2025-04-13,127014.078,5292.25325,8653.386,19
2025-04-14,129634.83600000001,5401.4515,8443.728,6
2025-04-15,123745.504,5156.062666666667,8609.509,19
2025-04-16,117662.668,4902.611166666667,8806.392,19
2025-04-17,117302.34,4887.5975,8944.707,19
2025-04-18,108009.76000000001,4500.406666666667,7630.46,20
2025-04-19,101974.63200000001,4248.943,5900.089,20
2025-04-20,121980.85499999998,5082.5356249999995,9206.407,19
2025-04-21,154692.625,6445.526041666667,10049.759,19
2025-04-22,164401.536,6850.063999999999,10128.573,19
2025-04-23,152361.28,6348.386666666666,9991.399,19
2025-04-24,138211.244,5758.801833333334,10366.891,19
2025-04-25,138279.566,5761.648583333333,9349.647,5
2025-04-26,101142.11600000001,4214.254833333333,7062.024,19
2025-04-27,93828.771,3909.5321249999997,8080.303,19
2025-04-28,89948.562,3747.8567500000004,8027.672,5
2025-04-29,155455.942,6477.330916666667,8545.627,19
2025-04-30,125926.296,5246.929,8445.862,5
2025-05-01,104120.804,4338.3668333333335,7123.548,19
2025-05-02,112072.332,4669.6804999999995,8248.144,20
2025-05-03,111269.72,4636.238333333334,7380.333,20
2025-05-04,100248.676,4177.028166666667,6988.753,20
2025-05-05,117535.85200000001,4897.327166666667,7321.365,19
2025-05-06,127438.899,5309.954125,8718.887,20
2025-05-07,145527.139,6063.6307916666665,9850.264,19
2025-05-08,162197.332,6758.222166666666,9608.475,19
2025-05-09,160303.985,6679.332708333332,9432.467,19
2025-05-10,125339.849,5222.493708333333,8924.386,21
2025-05-11,114734.63500000001,4780.609791666667,9060.844,20
2025-05-12,142375.268,5932.302833333334,9843.469,19
2025-05-13,142194.174,5924.75725,9300.688,19
2025-05-14,138223.935,5759.330625,9052.338,20
2025-05-15,130005.361,5416.890041666667,8491.065,19
2025-05-16,123343.011,5139.292125,8820.729,20
2025-05-17,126645.198,5276.88325,8985.382,20
2025-05-18,108449.321,4518.7217083333335,7637.731,19
2025-05-19,117955.064,4914.794333333333,7954.398,19
2025-05-20,114483.192,4770.133,8640.041,19
2025-05-21,119616.301,4984.012541666667,8514.016,19
2025-05-22,105574.10699999999,4398.921125,8049.005,19
2025-05-23,95584.544,3982.6893333333333,7808.169,20
2025-05-24,84999.376,3541.6406666666667,8076.078,19
2025-05-25,69916.025,2913.167708333333,7069.188,20
2025-05-26,94364.135,3931.8389583333333,7756.553,19
2025-05-27,95581.067,3982.5444583333333,8134.118,19
2025-05-28,102672.089,4278.003708333334,7530.459,20
2025-05-29,101879.52000000002,4244.9800000000005,8288.767,19
2025-05-30,100950.722,4206.280083333333,8181.755,20
2025-05-31,82332.226,3430.5094166666663,5776.128,20
2025-06-01,75099.668,3129.1528333333335,5754.158,20
2025-06-02,87147.183,3631.132625,6819.382,19
2025-06-03,97218.101,4050.7542083333333,6344.726,19
2025-06-04,91071.602,3794.6500833333334,7810.079,19
2025-06-05,85082.186,3545.0910833333332,7624.839,19
2025-06-06,88512.819,3688.034125,7059.49,19
2025-06-07,65696.848,2737.3686666666667,5420.498,19
2025-06-08,56670.60800000001,2361.2753333333335,5741.058,20
2025-06-09,84657.921,3527.413375,7077.597,20
2025-06-10,105532.736,4397.1973333333335,7264.912,19
2025-06-11,79622.308,3317.5961666666667,5466.779,5
2025-06-12,81716.242,3404.8434166666666,7263.424,19
2025-06-13,78449.893,3268.7455416666667,6244.778,20
2025-06-14,57327.259,2388.6357916666666,4250.205,0
2025-06-15,48480.598,2020.0249166666665,4019.902,20
2025-06-16,71001.272,2958.3863333333334,7048.45,19
2025-06-17,89197.78,3716.5741666666668,7098.299,20
2025-06-18,101445.902,4226.912583333334,7286.244,19
2025-06-19,99860.87599999999,4160.869833333333,6848.666,20
2025-06-20,95655.294,3985.6372499999998,7477.702,19
2025-06-21,69184.51,2882.6879166666663,6052.321,20
2025-06-22,57790.671,2407.944625,5430.733,19
2025-06-23,80250.185,3343.757708333333,7354.9,19
2025-06-24,76179.218,3174.134083333333,6030.805,20
2025-06-25,81858.587,3410.7744583333333,6482.648,20
2025-06-26,79344.045,3306.001875,6786.251,19
2025-06-27,91084.717,3795.1965416666667,6867.563,20
2025-06-28,69572.547,2898.8561250000002,6356.341,19
2025-06-29,66154.35,2756.43125,6221.518,20
2025-06-30,100271.61000000002,4177.98375,7077.346,20
2025-07-01,107058.80900000001,4460.783708333333,6584.634,19
2025-07-02,94165.173,3923.548875,5845.151,20
2025-07-03,87710.982,3654.6242500000003,6244.717,20
2025-07-04,87489.193,3645.3830416666665,6887.519,20
2025-07-05,60865.884000000005,2536.0785,5810.066,19
2025-07-06,54137.777,2255.7407083333333,5307.014,20
2025-07-07,52835.382,2201.4742499999998,5074.262,20
2025-07-08,52409.78,2183.7408333333333,5168.361,19
2025-07-09,87697.95,3654.0812499999997,6276.529,19
2025-07-10,80718.116,3363.254833333333,6480.204,20
2025-07-11,74161.044,3090.0434999999998,5415.624,20
2025-07-12,67468.671,2811.194625,5572.283,20
2025-07-13,52331.545,2180.4810416666664,5381.502,20
2025-07-14,63082.353,2628.431375,5503.736,19
2025-07-15,63401.961,2641.748375,6415.838,19
2025-07-16,72113.712,3004.738,6947.84,19
2025-07-17,74267.838,3094.49325,6670.676,19
2025-07-18,63984.689,2666.0287083333333,5323.359,19
2025-07-19,38170.592000000004,1590.4413333333334,4013.667,20
2025-07-20,31970.752999999997,1332.1147083333333,4193.734,20
2025-07-21,53767.070999999996,2240.294625,6591.033,19
2025-07-22,64386.182,2682.7575833333335,6199.037,20
2025-07-23,79136.306,3297.3460833333334,5463.924,19
2025-07-24,48255.385,2010.6410416666668,4273.18,19
2025-07-25,36697.061,1529.0442083333335,4224.654,19
2025-07-26,35952.801,1498.033375,4161.465,20
2025-07-27,35102.715,1462.6131249999999,4318.881,20
2025-07-28,38344.277,1597.6782083333335,3872.318,19
2025-07-29,41994.923,1749.7884583333334,5227.41,19
2025-07-30,48012.928,2000.5386666666666,5024.508,19
2025-07-31,49289.556,2053.7315,4753.824,19
2025-08-01,47784.729999999996,1991.0304166666665,4464.04,19
2025-08-02,32802.462,1366.76925,4204.673,20
2025-08-03,34208.436,1425.3515,5088.679,19
2025-08-04,64592.833,2691.3680416666666,6439.005,19
2025-08-05,50020.429,2084.1845416666665,5216.275,19
2025-08-06,80053.122,3335.54675,6094.757,19
2025-08-07,82617.627,3442.401125,6505.91,19
2025-08-08,74476.885,3103.2035416666663,6115.92,19
2025-08-09,57171.565,2382.148541666667,5346.171,19
2025-08-10,49903.075,2079.2947916666667,5700.45,20
2025-08-11,78291.471,3262.1446250000004,6115.375,19
2025-08-12,90707.76699999999,3779.4902916666665,5770.259,18
2025-08-13,85667.725,3569.488541666667,6520.26,19
2025-08-14,65759.291,2739.970458333333,5867.298,19
2025-08-15,53370.144,2223.756,5334.771,19
2025-08-16,60306.705,2512.779375,5503.034,19
2025-08-17,54556.352,2273.1813333333334,4697.474,19
2025-08-18,71711.899,2987.9957916666667,5188.875,19
2025-08-19,48577.672,2024.0696666666665,3544.781,19
2025-08-20,45010.318,1875.4299166666667,3816.395,19
2025-08-21,44573.551999999996,1857.2313333333332,4294.669,19
2025-08-22,49520.37999999999,2063.3491666666664,5316.481,19
2025-08-23,55211.216,2300.4673333333335,5452.93,19
2025-08-24,49828.186,2076.1744166666667,5709.74,19
2025-08-25,76073.452,3169.727166666667,5842.355,19
2025-08-26,75912.024,3163.001,5777.629,19
2025-08-27,68922.804,2871.7835,5392.772,20
2025-08-28,45034.1,1876.4208333333333,4430.462,19
2025-08-29,39740.798,1655.8665833333334,4117.847,19
2025-08-30,36409.438,1517.0599166666668,4646.952,19
2025-08-31,24469.945,1019.5810416666667,2836.289,0
2025-09-01,35984.812,1499.3671666666667,4192.345,19
2025-09-02,44479.200000000004,1853.3000000000002,5254.041,19
2025-09-03,50110.89600000001,2087.954,4881.368,19
2025-09-04,47773.16,1990.5483333333334,5287.494,19
2025-09-05,55147.62599999999,2297.8177499999997,4873.016,19
2025-09-06,30177.184,1257.3826666666666,3131.106,19
2025-09-07,47298.899,1970.7874583333332,4583.394,19
2025-09-08,62585.314,2607.7214166666668,4305.187,5
2025-09-09,60790.342000000004,2532.9309166666667,5373.519,19
2025-09-10,45304.113,1887.671375,5097.595,19
2025-09-11,50972.598,2123.8582499999998,5727.98,19
2025-09-12,69192.322,2883.0134166666667,5770.373,18
2025-09-13,52827.62299999999,2201.150958333333,5010.059,19
2025-09-14,48421.087,2017.5452916666666,5471.593,19
2025-09-15,60131.130999999994,2505.4637916666666,5405.142,18
2025-09-16,65124.40000000001,2713.516666666667,5573.78,18
2025-09-17,78447.292,3268.637166666667,6091.891,19
2025-09-18,72622.875,3025.953125,5998.711,19
2025-09-19,80468.785,3352.8660416666667,5226.405,6
2025-09-20,55147.62300000001,2297.817625,4684.812,18
2025-09-21,27477.638,1144.9015833333333,3469.044,19
2025-09-22,43071.173,1794.6322083333334,4630.083,18
2025-09-23,32902.091,1370.9204583333333,4835.642,18
2025-09-24,47488.543999999994,1978.689333333333,4985.83,18
2025-09-25,64571.579,2690.4824583333334,5422.469,18
2025-09-26,72495.9,3020.6625,5614.283,19
2025-09-27,56488.53300000001,2353.6888750000003,4441.217,18
2025-09-28,36057.702,1502.4042499999998,4494.441,20
2025-09-29,53221.773,2217.573875,4811.156,18
2025-09-30,65754.997,2739.791541666667,5536.271,18
2025-10-01,67640.445,2818.3518750000003,5242.984,18
2025-10-02,70560.719,2940.029958333333,5652.139,18
2025-10-03,82433.183,3434.7159583333337,5790.892,19
2025-10-04,36181.103,1507.5459583333334,4032.38,0
2025-10-05,22875.443,953.1434583333333,3218.626,18
2025-10-06,73309.105,3054.5460416666665,5733.478,19
2025-10-07,83411.322,3475.47175,5756.9,18
2025-10-08,82605.215,3441.8839583333333,5364.815,6
2025-10-09,56452.777,2352.1990416666667,5416.366,6
2025-10-10,55723.03600000001,2321.793166666667,5329.904,17
2025-10-11,44310.165,1846.256875,4128.024,18
2025-10-12,42055.537,1752.3140416666665,4665.815,19
2025-10-13,71689.778,2987.0740833333334,5559.635,19
2025-10-14,72764.938,3031.8724166666666,5604.991,18
2025-10-15,69408.712,2892.029666666667,5854.26,18
2025-10-16,75597.688,3149.9036666666666,5613.286,18
2025-10-17,67463.428,2810.976166666667,5005.452,18
2025-10-18,59357.742,2473.23925,5288.522,18
2025-10-19,27747.390999999996,1156.1412916666666,3237.707,18
2025-10-20,41492.771,1728.8654583333334,4422.696,18
2025-10-21,49625.868,2067.7445000000002,4443.494,18
2025-10-22,32659.177,1360.7990416666667,3491.186,18
2025-10-23,30674.392,1278.0996666666667,4474.272,18
2025-10-24,65620.319,2734.1799583333336,5510.542,18
2025-10-25,62184.09299999999,2591.003875,5065.413,18
2025-10-26,35935.579,1497.3157916666667,3914.443,20
2025-10-27,60691.727,2528.8219583333334,5062.866,20
2025-10-28,60578.613,2524.108875,4836.945,18
2025-10-29,62675.424,2611.476,4495.666,19
2025-10-30,52268.803,2177.866791666667,3877.172,16
2025-10-31,36938.443,1539.1017916666667,3127.942,20
2025-11-01,34358.358,1431.59825,3529.279,19
2025-11-02,26223.242,1092.6350833333333,3638.849,19
2025-11-03,54985.231,2291.0512916666667,5556.105,19
2025-11-04,40630.22,1692.9258333333335,4188.225,18
2025-11-05,25921.291999999994,1080.0538333333332,3075.975,20
2025-11-06,37129.988000000005,1547.0828333333336,4999.404,19
2025-11-07,64686.972,2695.2905,5464.317,17
2025-11-08,41648.403,1735.350125,3785.08,18
2025-11-09,48906.524,2037.7718333333332,5371.889,19
2025-11-10,77881.794,3245.0747499999998,6276.441,19
2025-11-11,55033.74799999999,2293.072833333333,5021.833,19
2025-11-12,43347.803,1806.1584583333333,4235.717,19
2025-11-13,53224.90299999999,2217.7042916666664,4358.455,20
2025-11-14,53911.56,2246.315,4867.424,18
2025-11-15,61682.258,2570.0940833333334,4248.218,18
2025-11-16,64199.778999999995,2674.9907916666666,5653.199,19
2025-11-17,84375.946,3515.6644166666665,5717.703,7
2025-11-18,83974.79699999999,3498.949875,6639.691,19
2025-11-19,107866.821,4494.4508749999995,6746.841,19
2025-11-20,96743.054,4030.9605833333335,7372.131,19
2025-11-21,95281.829,3970.0762083333334,7351.868,18
2025-11-22,83109.831,3462.9096250000002,6585.488,18
2025-11-23,65948.564,2747.8568333333333,5183.082,20
2025-11-24,65647.559,2735.314958333333,5600.638,18
2025-11-25,73813.278,3075.5532500000004,6203.971,17
2025-11-26,93133.965,3880.581875,7570.349,19
2025-11-27,112647.451,4693.643791666666,8087.367,20
2025-11-28,123250.87600000002,5135.453166666667,8261.089,19
2025-11-29,90295.703,3762.3209583333332,5769.64,20
2025-11-30,71478.076,2978.253166666667,5162.969,19
2025-12-01,100111.78700000001,4171.3244583333335,7614.596,19
2025-12-02,116751.633,4864.651375,7927.549,19
2025-12-03,92504.012,3854.3338333333336,7469.903,18
2025-12-04,85051.582,3543.8159166666665,6431.962,20
2025-12-05,75539.511,3147.479625,5097.197,18
2025-12-06,49032.71,2043.0295833333332,4176.959,18
2025-12-07,55698.820999999996,2320.784208333333,4489.378,19
2025-12-08,67792.364,2824.6818333333335,5360.456,19
2025-12-09,90450.307,3768.7627916666665,7756.248,19
2025-12-10,135692.907,5653.871125000001,7941.902,19
2025-12-11,131353.69700000001,5473.070708333334,7787.814,19
2025-12-12,133632.939,5568.039125,7215.052,7
2025-12-13,96865.115,4036.0464583333337,6679.451,19
2025-12-14,94243.412,3926.808833333333,6672.02,20
2025-12-15,126141.63399999999,5255.901416666667,8359.183,19
2025-12-16,115775.564,4823.981833333333,7945.813,18
2025-12-17,127876.30900000001,5328.179541666667,8470.314,19
2025-12-18,110424.03099999999,4601.0012916666665,7642.626,20
2025-12-19,140768.176,5865.340666666667,7843.817,19
2025-12-20,110866.633,4619.443041666666,6462.9,18
2025-12-21,88749.852,3697.9105,6578.131,19
2025-12-22,115013.505,4792.229375,7431.364,19
2025-12-23,122482.22199999998,5103.425916666666,7392.887,19
2025-12-24,72965.609,3040.233708333333,4696.64,7
2025-12-25,94916.106,3954.83775,7698.201,20
2025-12-26,132370.739,5515.447458333333,8307.845,18
2025-12-27,112432.323,4684.680125,7197.419,20
2025-12-28,101913.55299999999,4246.398041666666,7676.335,19
2025-12-29,130655.28600000001,5443.97025,8561.385,19
2025-12-30,120772.717,5032.196541666667,7669.565,7
2025-12-31,100725.587,4196.899458333333,8089.818,18
2026-01-01,68611.864,2858.8276666666666,5373.803,20
2026-01-02,102071.704,4252.987666666667,6863.3,19
2026-01-03,93442.018,3893.4174166666667,6542.631,19
2026-01-04,52301.644,2179.235166666667,4571.406,19
2026-01-05,82187.29,3424.4704166666666,6973.193,17
2026-01-06,61987.36099999999,2582.806708333333,6873.974,20
2026-01-07,108775.13199999998,4532.297166666666,7355.574,18
2026-01-08,98143.395,4089.308125,6859.355,7
2026-01-09,58350.372,2431.2655,5474.067,18
2026-01-10,70935.486,2955.64525,6125.254,18
2026-01-11,75401.329,3141.7220416666664,6299.816,18
2026-01-12,95081.332,3961.7221666666665,6856.458,18
2026-01-13,121295.217,5053.967375,7965.477,20
2026-01-14,141028.885,5876.203541666667,8048.24,19
2026-01-15,111092.834,4628.868083333334,7509.652,19
2026-01-16,132148.161,5506.173374999999,8110.977,18
2026-01-17,128855.52000000002,5368.9800000000005,7321.187,19
2026-01-18,114676.961,4778.206708333333,7645.66,19
2026-01-19,129916.45200000002,5413.1855000000005,8025.254,18
2026-01-20,125642.03100000002,5235.084625,7713.601,17
2026-01-21,115718.39000000001,4821.599583333334,7322.991,18
2026-01-22,99779.323,4157.471791666667,8096.177,19
2026-01-23,107583.745,4482.656041666666,8413.159,19
2026-01-24,90448.274,3768.6780833333337,6449.955,19
2026-01-25,73614.988,3067.2911666666664,6137.943,19
2026-01-26,104009.918,4333.746583333334,7871.655,19
2026-01-27,117986.821,4916.1175416666665,7301.819,9
2026-01-28,132087.537,5503.6473750000005,8244.417,8
2026-01-29,126817.64199999999,5284.068416666666,7654.946,19
2026-01-30,130746.818,5447.784083333333,8138.378,19
2026-01-31,140658.633,5860.776375,7549.718,20
2026-02-01,147768.047,6157.001958333333,9140.226,19
2026-02-02,158440.76499999998,6601.698541666666,8682.831,19
2026-02-03,183234.653,7634.777208333333,9667.042,20
2026-02-04,180705.947,7529.414458333333,8713.543,19
2026-02-05,185039.581,7709.982541666667,8469.112,18
2026-02-06,186831.321,7784.6383749999995,8983.811,19
2026-02-07,195952.72,8164.696666666667,9101.245,19
2026-02-08,189345.048,7889.377,8991.38,20
2026-02-09,185661.213,7735.8838749999995,8671.37,19
2026-02-10,162262.238,6760.926583333334,8238.652,19
2026-02-11,144115.62,6004.8175,8250.235,19
2026-02-12,139147.259,5797.802458333333,8247.152,19
2026-02-13,140562.454,5856.768916666667,7762.857,7
2026-02-14,125718.964,5238.290166666667,7191.589,20
2026-02-15,111112.62899999999,4629.692875,6071.969,19
2026-02-16,121039.742,5043.322583333334,7475.224,18
2026-02-17,159923.27,6663.469583333333,9914.122,19
2026-02-18,149331.875,6222.161458333333,8721.168,7
2026-02-19,143901.154,5995.881416666667,10542.111,19
2026-02-20,163385.095,6807.712291666667,10456.935,19
2026-02-21,165863.132,6910.963833333334,10221.733,20
2026-02-22,149444.451,6226.852125,10339.662,20
2026-02-23,166183.226,6924.301083333333,10401.709,19
2026-02-24,170282.872,7095.1196666666665,10306.952,19
2026-02-25,170564.05299999999,7106.835541666666,10397.246,19
2026-02-26,154316.603,6429.858458333333,10403.65,19
2026-02-27,152114.58299999998,6338.107625,10622.929,19
2026-02-28,135066.051,5627.752125,10036.106,21
2026-03-01,136630.921,5692.955041666667,9667.65,19
2026-03-02,134478.485,5603.270208333332,9825.999,19
2026-03-03,183200.085,7633.336875,10420.406,20
2026-03-04,209207.429,8716.976208333333,10408.91,19
2026-03-05,211792.01400000002,8824.66725,10224.521,19
2026-03-06,196086.259,8170.260791666667,10104.199,20
2026-03-07,191581.768,7982.573666666667,10643.755,21
2026-03-08,186069.18,7752.8825,10347.485,19
2026-03-09,204786.66,8532.7775,10294.245,18
2026-03-10,200844.695,8368.528958333334,10359.46,19
2026-03-11,177443.487,7393.478625,10479.352,19
2026-03-12,165886.305,6911.929375,9696.725,18
2026-03-13,136812.073,5700.503041666667,9087.024,6
2026-03-14,107617.372,4484.0571666666665,7980.937,19
2026-03-15,92564.93000000001,3856.8720833333336,8067.115,19
2026-03-16,134075.74,5586.489166666666,10277.375,19
2026-03-17,143170.324,5965.430166666666,10098.769,19
2026-03-18,145550.919,6064.621625,10357.375,19
2026-03-19,127126.492,5296.937166666667,9805.153,18
2026-03-20,164099.811,6837.492125,10258.493,21
2026-03-21,162318.677,6763.278208333333,10005.895,20
2026-03-22,126574.57999999999,5273.940833333333,8851.105,20
2026-03-23,125433.835,5226.409791666667,9737.397,20
2026-03-24,139376.894,5807.370583333333,9851.555,20
2026-03-25,109191.91199999998,4549.663,8620.903,19
2026-03-26,77613.266,3233.8860833333333,8459.058,19
2026-03-27,76564.958,3190.206583333333,8639.331,19
2026-03-28,52873.232,2203.0513333333333,5125.225,20
2026-03-29,57304.632,2387.6929999999998,5915.476,20
2026-03-30,78445.573,3268.565541666667,8850.602,19
2026-03-31,64225.831000000006,2676.0762916666667,6631.922,19
2026-04-01,67178.137,2799.0890416666666,7584.714,19
2026-04-02,58128.678,2422.02825,5827.957,19
2026-04-03,68282.48,2845.103333333333,8008.672,19
2026-04-04,71354.407,2973.100291666667,8396.406,19
2026-04-05,71056.37700000001,2960.6823750000003,7747.653,20
2026-04-06,61450.992,2560.458,6869.861,19
2026-04-07,100672.99900000001,4194.708291666667,8930.283,19
2026-04-08,129148.106,5381.171083333334,9718.815,19
2026-04-09,106191.639,4424.6516249999995,9481.679,5
2026-04-10,104542.234,4355.926416666666,9602.537,19
2026-04-11,68264.747,2844.3644583333335,5120.34,6
2026-04-12,53581.03600000001,2232.543166666667,5434.256,19
2026-04-13,66241.787,2760.074458333333,7710.43,19
2026-04-14,89541.161,3730.881708333333,8951.37,19
2026-04-15,96386.217,4016.092375,8844.029,19
2026-04-16,108556.13,4523.172083333334,9487.486,19
2026-04-17,113186.14600000001,4716.089416666667,9734.827,19
2026-04-18,71168.01,2965.33375,6071.514,0
2026-04-19,58447.67,2435.3195833333334,6401.397,19
2026-04-20,88852.363,3702.1817916666664,8205.141,19
2026-04-21,79635.814,3318.1589166666668,6801.615,19
2026-04-22,82083.003,3420.125125,8100.148,19
2026-04-23,78189.88100000001,3257.9117083333335,7059.349,19
2026-04-24,101927.149,4246.964541666667,8402.069,19
2026-04-25,74266.798,3094.4499166666665,6321.563,19
2026-04-26,57282.197,2386.758208333333,6098.713,19
2026-04-27,67869.619,2827.900791666667,5897.212,5
2026-04-28,76766.282,3198.5950833333336,7627.205,19
2026-04-29,97957.496,4081.5623333333333,7496.405,19
2026-04-30,96027.81709090908,4001.1590454545453,8792.501,19
